
/home/jgalera/.cache/arduino/sketches/85E86EB66F45355D5E750D67146DA2C0/usdx_plus_orange.ino.elf:     file format elf32-avr


Disassembly of section .text:

00000000 <__vectors>:
__vectors():
       0:	0c 94 7d 01 	jmp	0x2fa	; 0x2fa <__dtors_end>
       4:	0c 94 a5 01 	jmp	0x34a	; 0x34a <__bad_interrupt>
       8:	0c 94 a5 01 	jmp	0x34a	; 0x34a <__bad_interrupt>
       c:	0c 94 a5 01 	jmp	0x34a	; 0x34a <__bad_interrupt>
      10:	0c 94 a5 01 	jmp	0x34a	; 0x34a <__bad_interrupt>
      14:	0c 94 7c 22 	jmp	0x44f8	; 0x44f8 <__vector_5>
      18:	0c 94 a5 01 	jmp	0x34a	; 0x34a <__bad_interrupt>
      1c:	0c 94 55 22 	jmp	0x44aa	; 0x44aa <__vector_7>
      20:	0c 94 a5 01 	jmp	0x34a	; 0x34a <__bad_interrupt>
      24:	0c 94 a5 01 	jmp	0x34a	; 0x34a <__bad_interrupt>
      28:	0c 94 a5 01 	jmp	0x34a	; 0x34a <__bad_interrupt>
      2c:	0c 94 a5 01 	jmp	0x34a	; 0x34a <__bad_interrupt>
      30:	0c 94 a5 01 	jmp	0x34a	; 0x34a <__bad_interrupt>
      34:	0c 94 a5 01 	jmp	0x34a	; 0x34a <__bad_interrupt>
      38:	0c 94 a5 01 	jmp	0x34a	; 0x34a <__bad_interrupt>
      3c:	0c 94 a5 01 	jmp	0x34a	; 0x34a <__bad_interrupt>
      40:	0c 94 b3 21 	jmp	0x4366	; 0x4366 <__vector_16>
      44:	0c 94 a5 01 	jmp	0x34a	; 0x34a <__bad_interrupt>
      48:	0c 94 23 22 	jmp	0x4446	; 0x4446 <__vector_18>
      4c:	0c 94 fd 21 	jmp	0x43fa	; 0x43fa <__vector_19>
      50:	0c 94 a5 01 	jmp	0x34a	; 0x34a <__bad_interrupt>
      54:	0c 94 a5 01 	jmp	0x34a	; 0x34a <__bad_interrupt>
      58:	0c 94 a5 01 	jmp	0x34a	; 0x34a <__bad_interrupt>
      5c:	0c 94 a5 01 	jmp	0x34a	; 0x34a <__bad_interrupt>
      60:	0c 94 a5 01 	jmp	0x34a	; 0x34a <__bad_interrupt>
      64:	0c 94 a5 01 	jmp	0x34a	; 0x34a <__bad_interrupt>

00000068 <__trampolines_end>:
__trampolines_start():
      68:	45 41       	sbci	r20, 0x15	; 21
      6a:	37 4c       	sbci	r19, 0xC7	; 199
      6c:	4a 59       	subi	r20, 0x9A	; 154
	...

0000006f <printlabel(unsigned char, unsigned char, __FlashStringHelper const*)::__c>:
      6f:	3a 20 00                                            : .

00000072 <_ZZ11paramActionhhE3__c__23_>:
      72:	42 61 63 6b 6c 69 67 68 74 00                       Backlight.

0000007c <_ZZ11paramActionhhE3__c__22_>:
      7c:	49 51 20 50 68 61 73 65 00                          IQ Phase.

00000085 <_ZZ11paramActionhhE3__c__21_>:
      85:	52 65 66 20 66 72 65 71 00                          Ref freq.

0000008e <_ZZ11paramActionhhE3__c__20_>:
      8e:	50 41 20 42 69 61 73 20 6d 61 78 00                 PA Bias max.

0000009a <_ZZ11paramActionhhE3__c__19_>:
      9a:	50 41 20 42 69 61 73 20 6d 69 6e 00                 PA Bias min.

000000a6 <_ZZ11paramActionhhE3__c__18_>:
      a6:	4e 6f 69 73 65 20 47 61 74 65 00                    Noise Gate.

000000b1 <_ZZ11paramActionhhE3__c__17_>:
      b1:	56 4f 58 00                                         VOX.

000000b5 <_ZZ11paramActionhhE3__c__16_>:
      b5:	50 72 61 63 74 69 63 65 00                          Practice.

000000be <_ZZ11paramActionhhE3__c__15_>:
      be:	4b 65 79 65 72 20 53 77 61 70 00                    Keyer Swap.

000000c9 <_ZZ11paramActionhhE3__c__14_>:
      c9:	4b 65 79 65 72 20 4d 6f 64 65 00                    Keyer Mode.

000000d4 <_ZZ11paramActionhhE3__c__13_>:
      d4:	4b 65 79 65 72 20 53 70 65 65 64 00                 Keyer Speed.

000000e0 <_ZZ11paramActionhhE3__c__12_>:
      e0:	53 65 6d 69 20 51 53 4b 00                          Semi QSK.

000000e9 <_ZZ11paramActionhhE3__c__11_>:
      e9:	43 57 20 44 65 63 6f 64 65 72 00                    CW Decoder.

000000f4 <_ZZ11paramActionhhE3__c__10_>:
      f4:	53 2d 6d 65 74 65 72 00                             S-meter.

000000fc <paramAction(unsigned char, unsigned char)::__c>:
      fc:	41 54 54 32 00                                      ATT2.

00000101 <paramAction(unsigned char, unsigned char)::__c>:
     101:	41 54 54 00                                         ATT.

00000105 <paramAction(unsigned char, unsigned char)::__c>:
     105:	4e 52 00                                            NR.

00000108 <paramAction(unsigned char, unsigned char)::__c>:
     108:	41 47 43 00                                         AGC.

0000010c <paramAction(unsigned char, unsigned char)::__c>:
     10c:	52 49 54 00                                         RIT.

00000110 <paramAction(unsigned char, unsigned char)::__c>:
     110:	56 46 4f 20 4d 6f 64 65 00                          VFO Mode.

00000119 <paramAction(unsigned char, unsigned char)::__c>:
     119:	54 75 6e 65 20 52 61 74 65 00                       Tune Rate.

00000123 <paramAction(unsigned char, unsigned char)::__c>:
     123:	42 61 6e 64 00                                      Band.

00000128 <paramAction(unsigned char, unsigned char)::__c>:
     128:	46 69 6c 74 65 72 20 42 57 00                       Filter BW.

00000132 <paramAction(unsigned char, unsigned char)::__c>:
     132:	4d 6f 64 65 00                                      Mode.

00000137 <paramAction(unsigned char, unsigned char)::__c>:
     137:	56 6f 6c 75 6d 65 00                                Volume.

0000013e <ramp>:
     13e:	ff fe fc f9 f5 ef e9 e2 d9 d0 c6 bb b0 a4 98 8b     ................
     14e:	7f 73 66 5a 4e 43 38 2e 25 1c 15 0f 09 05 02 00     .sfZNC8.%.......

0000015e <lcd_blanks()::__c>:
     15e:	20 20 20 20 20 20 20 20 00                                  .

00000167 <_ZZ5setupE3__c__11_>:
     167:	43 68 65 63 6b 20 50 54 54 2f 6b 65 79 00           Check PTT/key.

00000175 <_ZZ5setupE3__c__10_>:
     175:	52 65 73 65 74 20 73 65 74 74 69 6e 67 73 2e 2e     Reset settings..
	...

00000186 <setup::__c>:
     186:	42 45 52 5f 69 32 63 00                             BER_i2c.

0000018e <setup::__c>:
     18e:	56 61 64 63 31 00                                   Vadc1.

00000194 <setup::__c>:
     194:	56 61 64 63 30 00                                   Vadc0.

0000019a <setup::__c>:
     19a:	56 61 64 63 32 00                                   Vadc2.

000001a0 <setup::__c>:
     1a0:	56 61 76 63 63 00                                   Vavcc.

000001a6 <setup::__c>:
     1a6:	56 33 2e 33 00                                      V3.3.

000001ab <setup::__c>:
     1ab:	56 35 2e 30 00                                      V5.0.

000001b0 <setup::__c>:
     1b0:	31 2e 30 33 78 00                                   1.03x.

000001b6 <setup::__c>:
     1b6:	20 52 00                                             R.

000001b9 <fonts>:
     1b9:	08 04 0a 05 0a 04 08 00 00 00 00 00 00 00 00 00     ................
     1c9:	10 10 10 10 10 10 10 10 10 10 14 14 14 14 14 14     ................
     1d9:	10 10 15 15 15 15 15 15 0c 12 1e 12 12 00 00 00     ................
     1e9:	1c 12 1c 12 1c 00 00 00 00 00 00 00 00 00 00 00     ................

000001f9 <smeter(int)::__c>:
     1f9:	64 42 6d 20 00                                      dBm .

000001fe <powerDown()::__c>:
     1fe:	50 6f 77 65 72 2d 6f 66 66 20 37 33 20 3a 2d 29     Power-off 73 :-)
	...

0000020f <display_vfo(long)::__c>:
     20f:	52 49 54 20 00                                      RIT .

00000214 <port_to_mode_PGM>:
     214:	00 00 00 00 24 00 27 00 2a 00                       ....$.'.*.

0000021e <port_to_output_PGM>:
     21e:	00 00 00 00 25 00 28 00 2b 00                       ....%.(.+.

00000228 <port_to_input_PGM>:
     228:	00 00 00 00 23 00 26 00 29 00                       ....#.&.).

00000232 <digital_pin_to_port_PGM>:
     232:	04 04 04 04 04 04 04 04 02 02 02 02 02 02 03 03     ................
     242:	03 03 03 03 02 02 03                                .......

00000249 <digital_pin_to_bit_mask_PGM>:
     249:	01 02 04 08 10 20 40 80 01 02 04 08 10 20 01 02     ..... @...... ..
     259:	04 08 10 20 40 80 40                                ... @.@

00000260 <digital_pin_to_timer_PGM>:
     260:	00 00 00 09 00 03 02 00 00 04 05 08 00 00 00 00     ................
     270:	00 00 00 00 00 00 00                                .......

00000277 <m2c>:
     277:	7e 20 45 54 49 41 4e 4d 53 55 52 57 44 4b 47 4f     ~ ETIANMSURWDKGO
     287:	48 56 46 2a 4c 2a 50 4a 42 58 43 59 5a 51 2a 2a     HVF*L*PJBXCYZQ**
     297:	35 34 53 33 2a 2a 2a 32 2a 2a 2b 2a 2a 2a 4a 31     54S3***2**+***J1
     2a7:	36 3d 2f 2a 2a 2a 48 2a 37 2a 47 2a 38 2a 39 30     6=/***H*7*G*8*90
     2b7:	2a 2a 2a 2a 2a 2a 2a 2a 2a 2a 2a 2a 3f 5f 2a 2a     ************?_**
     2c7:	2a 2a 22 2a 2a 2e 2a 2a 2a 2a 40 2a 2a 2a 27 2a     **"**.****@***'*
     2d7:	2a 2d 2a 2a 2a 2a 2a 2a 2a 2a 3b 21 2a 29 2a 2a     *-********;!*)**
     2e7:	2a 2a 2a 2c 2a 2a 2a 2a 3a 2a 2a 2a 2a 00 00        ***,****:****..

000002f6 <__ctors_start>:
__ctors_start():
     2f6:	c4 22       	and	r12, r20

000002f8 <__ctors_end>:
__dtors_start():
     2f8:	05 34       	cpi	r16, 0x45	; 69

000002fa <__dtors_end>:
__dtors_end():
     2fa:	11 24       	eor	r1, r1
     2fc:	1f be       	out	0x3f, r1	; 63
     2fe:	cf ef       	ldi	r28, 0xFF	; 255
     300:	d8 e0       	ldi	r29, 0x08	; 8
     302:	de bf       	out	0x3e, r29	; 62
     304:	cd bf       	out	0x3d, r28	; 61

00000306 <__do_copy_data>:
__do_copy_data():
/home/jenkins/workspace/avr-gcc-staging/label/debian7-x86_64/gcc-build/avr/avr5/libgcc/../../../../gcc/libgcc/config/avr/lib1funcs.S:2409
     306:	13 e0       	ldi	r17, 0x03	; 3
/home/jenkins/workspace/avr-gcc-staging/label/debian7-x86_64/gcc-build/avr/avr5/libgcc/../../../../gcc/libgcc/config/avr/lib1funcs.S:2410
     308:	a0 e0       	ldi	r26, 0x00	; 0
/home/jenkins/workspace/avr-gcc-staging/label/debian7-x86_64/gcc-build/avr/avr5/libgcc/../../../../gcc/libgcc/config/avr/lib1funcs.S:2411
     30a:	b1 e0       	ldi	r27, 0x01	; 1
/home/jenkins/workspace/avr-gcc-staging/label/debian7-x86_64/gcc-build/avr/avr5/libgcc/../../../../gcc/libgcc/config/avr/lib1funcs.S:2412
     30c:	ee e5       	ldi	r30, 0x5E	; 94
/home/jenkins/workspace/avr-gcc-staging/label/debian7-x86_64/gcc-build/avr/avr5/libgcc/../../../../gcc/libgcc/config/avr/lib1funcs.S:2413
     30e:	f6 e7       	ldi	r31, 0x76	; 118
/home/jenkins/workspace/avr-gcc-staging/label/debian7-x86_64/gcc-build/avr/avr5/libgcc/../../../../gcc/libgcc/config/avr/lib1funcs.S:2414
     310:	02 c0       	rjmp	.+4      	; 0x316 <__do_copy_data+0x10>
/home/jenkins/workspace/avr-gcc-staging/label/debian7-x86_64/gcc-build/avr/avr5/libgcc/../../../../gcc/libgcc/config/avr/lib1funcs.S:2417
     312:	05 90       	lpm	r0, Z+
/home/jenkins/workspace/avr-gcc-staging/label/debian7-x86_64/gcc-build/avr/avr5/libgcc/../../../../gcc/libgcc/config/avr/lib1funcs.S:2422
     314:	0d 92       	st	X+, r0
/home/jenkins/workspace/avr-gcc-staging/label/debian7-x86_64/gcc-build/avr/avr5/libgcc/../../../../gcc/libgcc/config/avr/lib1funcs.S:2424
     316:	a4 3d       	cpi	r26, 0xD4	; 212
/home/jenkins/workspace/avr-gcc-staging/label/debian7-x86_64/gcc-build/avr/avr5/libgcc/../../../../gcc/libgcc/config/avr/lib1funcs.S:2425
     318:	b1 07       	cpc	r27, r17
/home/jenkins/workspace/avr-gcc-staging/label/debian7-x86_64/gcc-build/avr/avr5/libgcc/../../../../gcc/libgcc/config/avr/lib1funcs.S:2426
     31a:	d9 f7       	brne	.-10     	; 0x312 <__do_copy_data+0xc>

0000031c <__do_clear_bss>:
__do_clear_bss():
/home/jenkins/workspace/avr-gcc-staging/label/debian7-x86_64/gcc-build/avr/avr5/libgcc/../../../../gcc/libgcc/config/avr/lib1funcs.S:2441
     31c:	26 e0       	ldi	r18, 0x06	; 6
/home/jenkins/workspace/avr-gcc-staging/label/debian7-x86_64/gcc-build/avr/avr5/libgcc/../../../../gcc/libgcc/config/avr/lib1funcs.S:2442
     31e:	a4 ed       	ldi	r26, 0xD4	; 212
/home/jenkins/workspace/avr-gcc-staging/label/debian7-x86_64/gcc-build/avr/avr5/libgcc/../../../../gcc/libgcc/config/avr/lib1funcs.S:2443
     320:	b3 e0       	ldi	r27, 0x03	; 3
/home/jenkins/workspace/avr-gcc-staging/label/debian7-x86_64/gcc-build/avr/avr5/libgcc/../../../../gcc/libgcc/config/avr/lib1funcs.S:2444
     322:	01 c0       	rjmp	.+2      	; 0x326 <.do_clear_bss_start>

00000324 <.do_clear_bss_loop>:
/home/jenkins/workspace/avr-gcc-staging/label/debian7-x86_64/gcc-build/avr/avr5/libgcc/../../../../gcc/libgcc/config/avr/lib1funcs.S:2446
     324:	1d 92       	st	X+, r1

00000326 <.do_clear_bss_start>:
/home/jenkins/workspace/avr-gcc-staging/label/debian7-x86_64/gcc-build/avr/avr5/libgcc/../../../../gcc/libgcc/config/avr/lib1funcs.S:2448
     326:	a5 3d       	cpi	r26, 0xD5	; 213
/home/jenkins/workspace/avr-gcc-staging/label/debian7-x86_64/gcc-build/avr/avr5/libgcc/../../../../gcc/libgcc/config/avr/lib1funcs.S:2449
     328:	b2 07       	cpc	r27, r18
/home/jenkins/workspace/avr-gcc-staging/label/debian7-x86_64/gcc-build/avr/avr5/libgcc/../../../../gcc/libgcc/config/avr/lib1funcs.S:2450
     32a:	e1 f7       	brne	.-8      	; 0x324 <.do_clear_bss_loop>

0000032c <__do_global_ctors>:
__do_global_ctors():
/home/jenkins/workspace/avr-gcc-staging/label/debian7-x86_64/gcc-build/avr/avr5/libgcc/../../../../gcc/libgcc/config/avr/lib1funcs.S:2466
     32c:	11 e0       	ldi	r17, 0x01	; 1
/home/jenkins/workspace/avr-gcc-staging/label/debian7-x86_64/gcc-build/avr/avr5/libgcc/../../../../gcc/libgcc/config/avr/lib1funcs.S:2467
     32e:	cc e7       	ldi	r28, 0x7C	; 124
/home/jenkins/workspace/avr-gcc-staging/label/debian7-x86_64/gcc-build/avr/avr5/libgcc/../../../../gcc/libgcc/config/avr/lib1funcs.S:2468
     330:	d1 e0       	ldi	r29, 0x01	; 1
/home/jenkins/workspace/avr-gcc-staging/label/debian7-x86_64/gcc-build/avr/avr5/libgcc/../../../../gcc/libgcc/config/avr/lib1funcs.S:2472
     332:	04 c0       	rjmp	.+8      	; 0x33c <__do_global_ctors+0x10>
/home/jenkins/workspace/avr-gcc-staging/label/debian7-x86_64/gcc-build/avr/avr5/libgcc/../../../../gcc/libgcc/config/avr/lib1funcs.S:2474
     334:	21 97       	sbiw	r28, 0x01	; 1
/home/jenkins/workspace/avr-gcc-staging/label/debian7-x86_64/gcc-build/avr/avr5/libgcc/../../../../gcc/libgcc/config/avr/lib1funcs.S:2480
     336:	fe 01       	movw	r30, r28
/home/jenkins/workspace/avr-gcc-staging/label/debian7-x86_64/gcc-build/avr/avr5/libgcc/../../../../gcc/libgcc/config/avr/lib1funcs.S:2481
     338:	0e 94 f9 39 	call	0x73f2	; 0x73f2 <__tablejump2__>
/home/jenkins/workspace/avr-gcc-staging/label/debian7-x86_64/gcc-build/avr/avr5/libgcc/../../../../gcc/libgcc/config/avr/lib1funcs.S:2483
     33c:	cb 37       	cpi	r28, 0x7B	; 123
/home/jenkins/workspace/avr-gcc-staging/label/debian7-x86_64/gcc-build/avr/avr5/libgcc/../../../../gcc/libgcc/config/avr/lib1funcs.S:2484
     33e:	d1 07       	cpc	r29, r17
/home/jenkins/workspace/avr-gcc-staging/label/debian7-x86_64/gcc-build/avr/avr5/libgcc/../../../../gcc/libgcc/config/avr/lib1funcs.S:2489
     340:	c9 f7       	brne	.-14     	; 0x334 <__do_global_ctors+0x8>
     342:	0e 94 0f 23 	call	0x461e	; 0x461e <main>
     346:	0c 94 22 3b 	jmp	0x7644	; 0x7644 <__do_global_dtors>

0000034a <__bad_interrupt>:
__vector_22():
     34a:	0c 94 00 00 	jmp	0	; 0x0 <__vectors>

0000034e <I2C::stop() [clone .constprop.43]>:
_ZN3I2C4stopEv.constprop.43():
/home/jgalera/develop/arduino/usdx/usdx_plus_orange/src/hardware/soft_i2c.cpp:75
  I2C_SCL_LO();
  I2C_SDA_HI();
}

void I2C::stop() {
  I2C_SDA_LO(); // ensure SDA is LO so STOP-condition can be initiated by
     34e:	3c 9a       	sbi	0x07, 4	; 7
/home/jgalera/develop/arduino/usdx/usdx_plus_orange/src/hardware/soft_i2c.cpp:78
                // pulling SCL HI (in case of ACK it SDA was already LO, but
                // for a delayed ACK or NACK it is not!)
  I2C_SCL_HI();
     350:	3d 98       	cbi	0x07, 5	; 7
	...
/home/jgalera/develop/arduino/usdx/usdx_plus_orange/src/hardware/soft_i2c.cpp:79
  I2C_SDA_HI();
     35a:	3c 98       	cbi	0x07, 4	; 7
/home/jgalera/develop/arduino/usdx/usdx_plus_orange/src/hardware/soft_i2c.cpp:80
  I2C_DDR &= ~(I2C_SDA | I2C_SCL); // prepare for a start: pull-up both SDA, SCL
     35c:	87 b1       	in	r24, 0x07	; 7
     35e:	8f 7c       	andi	r24, 0xCF	; 207
     360:	87 b9       	out	0x07, r24	; 7
suspend():
/home/jgalera/develop/arduino/usdx/usdx_plus_orange/src/hardware/soft_i2c.cpp:151
  I2C_PORT &= ~I2C_SDA; // pin sharing SDA/LCD_RS mitigation
#endif
}

void I2C::suspend() {
  I2C_SDA_LO(); // pin sharing SDA/LCD_RS: pin sharing SDA/LCD_RS: pull-down
     362:	3c 9a       	sbi	0x07, 4	; 7
_ZN3I2C4stopEv.constprop.43():
/home/jgalera/develop/arduino/usdx/usdx_plus_orange/src/hardware/soft_i2c.cpp:84
  I2C_SDA_HI();
  I2C_DDR &= ~(I2C_SDA | I2C_SCL); // prepare for a start: pull-up both SDA, SCL
#ifndef RS_HIGH_ON_IDLE
  suspend();
#endif
}
     364:	08 95       	ret

00000366 <I2C::SendByte(unsigned char) [clone .constprop.42]>:
_ZN3I2C8SendByteEh.constprop.42():
/home/jgalera/develop/arduino/usdx/usdx_plus_orange/src/hardware/soft_i2c.cpp:96
  }                                                                            \
  I2C_SCL_HI();                                                                \
  I2C_SCL_LO();

void I2C::SendByte(uint8_t data) {
  SendBit(data, 1 << 7);
     366:	87 ff       	sbrs	r24, 7
     368:	76 c0       	rjmp	.+236    	; 0x456 <__LOCK_REGION_LENGTH__+0x56>
     36a:	3c 98       	cbi	0x07, 4	; 7
     36c:	3d 98       	cbi	0x07, 5	; 7
	...
     376:	3d 9a       	sbi	0x07, 5	; 7
	...
/home/jgalera/develop/arduino/usdx/usdx_plus_orange/src/hardware/soft_i2c.cpp:97
  SendBit(data, 1 << 6);
     380:	86 ff       	sbrs	r24, 6
     382:	6b c0       	rjmp	.+214    	; 0x45a <__LOCK_REGION_LENGTH__+0x5a>
     384:	3c 98       	cbi	0x07, 4	; 7
     386:	3d 98       	cbi	0x07, 5	; 7
	...
     390:	3d 9a       	sbi	0x07, 5	; 7
	...
/home/jgalera/develop/arduino/usdx/usdx_plus_orange/src/hardware/soft_i2c.cpp:98
  SendBit(data, 1 << 5);
     39a:	85 ff       	sbrs	r24, 5
     39c:	60 c0       	rjmp	.+192    	; 0x45e <__LOCK_REGION_LENGTH__+0x5e>
     39e:	3c 98       	cbi	0x07, 4	; 7
     3a0:	3d 98       	cbi	0x07, 5	; 7
	...
     3aa:	3d 9a       	sbi	0x07, 5	; 7
	...
/home/jgalera/develop/arduino/usdx/usdx_plus_orange/src/hardware/soft_i2c.cpp:99
  SendBit(data, 1 << 4);
     3b4:	84 ff       	sbrs	r24, 4
     3b6:	55 c0       	rjmp	.+170    	; 0x462 <__LOCK_REGION_LENGTH__+0x62>
     3b8:	3c 98       	cbi	0x07, 4	; 7
     3ba:	3d 98       	cbi	0x07, 5	; 7
	...
     3c4:	3d 9a       	sbi	0x07, 5	; 7
	...
/home/jgalera/develop/arduino/usdx/usdx_plus_orange/src/hardware/soft_i2c.cpp:100
  SendBit(data, 1 << 3);
     3ce:	83 ff       	sbrs	r24, 3
     3d0:	4a c0       	rjmp	.+148    	; 0x466 <__LOCK_REGION_LENGTH__+0x66>
     3d2:	3c 98       	cbi	0x07, 4	; 7
     3d4:	3d 98       	cbi	0x07, 5	; 7
	...
     3de:	3d 9a       	sbi	0x07, 5	; 7
	...
/home/jgalera/develop/arduino/usdx/usdx_plus_orange/src/hardware/soft_i2c.cpp:101
  SendBit(data, 1 << 2);
     3e8:	82 ff       	sbrs	r24, 2
     3ea:	3f c0       	rjmp	.+126    	; 0x46a <__LOCK_REGION_LENGTH__+0x6a>
     3ec:	3c 98       	cbi	0x07, 4	; 7
     3ee:	3d 98       	cbi	0x07, 5	; 7
	...
     3f8:	3d 9a       	sbi	0x07, 5	; 7
	...
/home/jgalera/develop/arduino/usdx/usdx_plus_orange/src/hardware/soft_i2c.cpp:102
  SendBit(data, 1 << 1);
     402:	81 ff       	sbrs	r24, 1
     404:	34 c0       	rjmp	.+104    	; 0x46e <__LOCK_REGION_LENGTH__+0x6e>
     406:	3c 98       	cbi	0x07, 4	; 7
     408:	3d 98       	cbi	0x07, 5	; 7
	...
     412:	3d 9a       	sbi	0x07, 5	; 7
	...
/home/jgalera/develop/arduino/usdx/usdx_plus_orange/src/hardware/soft_i2c.cpp:103
  SendBit(data, 1 << 0);
     41c:	80 ff       	sbrs	r24, 0
     41e:	29 c0       	rjmp	.+82     	; 0x472 <__LOCK_REGION_LENGTH__+0x72>
     420:	3c 98       	cbi	0x07, 4	; 7
     422:	3d 98       	cbi	0x07, 5	; 7
	...
     42c:	3d 9a       	sbi	0x07, 5	; 7
	...
/home/jgalera/develop/arduino/usdx/usdx_plus_orange/src/hardware/soft_i2c.cpp:104
  I2C_SDA_HI(); // recv ACK
     436:	3c 98       	cbi	0x07, 4	; 7
	...
/home/jgalera/develop/arduino/usdx/usdx_plus_orange/src/hardware/soft_i2c.cpp:106
  DELAY(I2C_DELAY);
  I2C_SCL_HI();
     440:	3d 98       	cbi	0x07, 5	; 7
	...
/home/jgalera/develop/arduino/usdx/usdx_plus_orange/src/hardware/soft_i2c.cpp:107
  I2C_SCL_LO();
     44a:	3d 9a       	sbi	0x07, 5	; 7
	...
/home/jgalera/develop/arduino/usdx/usdx_plus_orange/src/hardware/soft_i2c.cpp:108
}
     454:	08 95       	ret
/home/jgalera/develop/arduino/usdx/usdx_plus_orange/src/hardware/soft_i2c.cpp:96
  }                                                                            \
  I2C_SCL_HI();                                                                \
  I2C_SCL_LO();

void I2C::SendByte(uint8_t data) {
  SendBit(data, 1 << 7);
     456:	3c 9a       	sbi	0x07, 4	; 7
     458:	89 cf       	rjmp	.-238    	; 0x36c <I2C::SendByte(unsigned char) [clone .constprop.42]+0x6>
/home/jgalera/develop/arduino/usdx/usdx_plus_orange/src/hardware/soft_i2c.cpp:97
  SendBit(data, 1 << 6);
     45a:	3c 9a       	sbi	0x07, 4	; 7
     45c:	94 cf       	rjmp	.-216    	; 0x386 <I2C::SendByte(unsigned char) [clone .constprop.42]+0x20>
/home/jgalera/develop/arduino/usdx/usdx_plus_orange/src/hardware/soft_i2c.cpp:98
  SendBit(data, 1 << 5);
     45e:	3c 9a       	sbi	0x07, 4	; 7
     460:	9f cf       	rjmp	.-194    	; 0x3a0 <I2C::SendByte(unsigned char) [clone .constprop.42]+0x3a>
/home/jgalera/develop/arduino/usdx/usdx_plus_orange/src/hardware/soft_i2c.cpp:99
  SendBit(data, 1 << 4);
     462:	3c 9a       	sbi	0x07, 4	; 7
     464:	aa cf       	rjmp	.-172    	; 0x3ba <I2C::SendByte(unsigned char) [clone .constprop.42]+0x54>
/home/jgalera/develop/arduino/usdx/usdx_plus_orange/src/hardware/soft_i2c.cpp:100
  SendBit(data, 1 << 3);
     466:	3c 9a       	sbi	0x07, 4	; 7
     468:	b5 cf       	rjmp	.-150    	; 0x3d4 <I2C::SendByte(unsigned char) [clone .constprop.42]+0x6e>
/home/jgalera/develop/arduino/usdx/usdx_plus_orange/src/hardware/soft_i2c.cpp:101
  SendBit(data, 1 << 2);
     46a:	3c 9a       	sbi	0x07, 4	; 7
     46c:	c0 cf       	rjmp	.-128    	; 0x3ee <I2C::SendByte(unsigned char) [clone .constprop.42]+0x88>
/home/jgalera/develop/arduino/usdx/usdx_plus_orange/src/hardware/soft_i2c.cpp:102
  SendBit(data, 1 << 1);
     46e:	3c 9a       	sbi	0x07, 4	; 7
     470:	cb cf       	rjmp	.-106    	; 0x408 <__LOCK_REGION_LENGTH__+0x8>
/home/jgalera/develop/arduino/usdx/usdx_plus_orange/src/hardware/soft_i2c.cpp:103
  SendBit(data, 1 << 0);
     472:	3c 9a       	sbi	0x07, 4	; 7
     474:	d6 cf       	rjmp	.-84     	; 0x422 <__LOCK_REGION_LENGTH__+0x22>

00000476 <I2C::start() [clone .constprop.41]>:
_ZN3I2C5startEv.constprop.41():
/home/jgalera/develop/arduino/usdx/usdx_plus_orange/src/hardware/soft_i2c.cpp:70
#ifdef RS_HIGH_ON_IDLE
  I2C_SDA_LO();
#else
  resume(); // prepare for I2C
#endif
  I2C_SCL_LO();
     476:	3d 9a       	sbi	0x07, 5	; 7
	...
/home/jgalera/develop/arduino/usdx/usdx_plus_orange/src/hardware/soft_i2c.cpp:71
  I2C_SDA_HI();
     480:	3c 98       	cbi	0x07, 4	; 7
/home/jgalera/develop/arduino/usdx/usdx_plus_orange/src/hardware/soft_i2c.cpp:72
}
     482:	08 95       	ret

00000484 <I2C::RecvBit(unsigned char) [clone .constprop.39]>:
_ZN3I2C7RecvBitEh.constprop.39():
/home/jgalera/develop/arduino/usdx/usdx_plus_orange/src/hardware/soft_i2c.cpp:111
  I2C_SCL_HI();
  I2C_SCL_LO();
}

uint8_t I2C::RecvBit(uint8_t mask) {
  I2C_SCL_HI();
     484:	3d 98       	cbi	0x07, 5	; 7
	...
     48e:	21 e6       	ldi	r18, 0x61	; 97
     490:	3a ee       	ldi	r19, 0xEA	; 234
/home/jgalera/develop/arduino/usdx/usdx_plus_orange/src/hardware/soft_i2c.cpp:113
  uint16_t i = 60000;
  for (; !(I2C_SCL_GET()) && i; i--)
     492:	35 99       	sbic	0x06, 5	; 6
     494:	03 c0       	rjmp	.+6      	; 0x49c <I2C::RecvBit(unsigned char) [clone .constprop.39]+0x18>
     496:	21 50       	subi	r18, 0x01	; 1
     498:	31 09       	sbc	r19, r1
     49a:	d9 f7       	brne	.-10     	; 0x492 <I2C::RecvBit(unsigned char) [clone .constprop.39]+0xe>
/home/jgalera/develop/arduino/usdx/usdx_plus_orange/src/hardware/soft_i2c.cpp:117
    ; // wait util slave release SCL to HIGH (meaning data valid), or timeout
      // at 3ms
  // if(!i){ lcd.setCursor(0, 1); lcd.print(F("E07 I2C timeout")); }
  uint8_t data = I2C_SDA_GET();
     49c:	96 b1       	in	r25, 0x06	; 6
     49e:	90 71       	andi	r25, 0x10	; 16
/home/jgalera/develop/arduino/usdx/usdx_plus_orange/src/hardware/soft_i2c.cpp:118
  I2C_SCL_LO();
     4a0:	3d 9a       	sbi	0x07, 5	; 7
	...
/home/jgalera/develop/arduino/usdx/usdx_plus_orange/src/hardware/soft_i2c.cpp:119
  return (data) ? mask : 0;
     4aa:	91 11       	cpse	r25, r1
     4ac:	01 c0       	rjmp	.+2      	; 0x4b0 <I2C::RecvBit(unsigned char) [clone .constprop.39]+0x2c>
     4ae:	80 e0       	ldi	r24, 0x00	; 0
/home/jgalera/develop/arduino/usdx/usdx_plus_orange/src/hardware/soft_i2c.cpp:120
}
     4b0:	08 95       	ret

000004b2 <SI5351::freq_calc_fast(int) [clone .constprop.35]>:
_ZN6SI535114freq_calc_fastEi.constprop.35():
/home/jgalera/develop/arduino/usdx/usdx_plus_orange/src/driver/si5351.h:44
   * @brief Fast Frequency Calculation.
   * Updates PLL registers for small frequency deviations (modulation).
   * @param df Frequency deviation in Hz.
   */
  inline void FAST
  freq_calc_fast(int16_t df) // note: relies on cached variables: _msb128,
     4b2:	2f 92       	push	r2
     4b4:	3f 92       	push	r3
     4b6:	4f 92       	push	r4
     4b8:	5f 92       	push	r5
     4ba:	6f 92       	push	r6
     4bc:	7f 92       	push	r7
     4be:	8f 92       	push	r8
     4c0:	9f 92       	push	r9
     4c2:	af 92       	push	r10
     4c4:	bf 92       	push	r11
     4c6:	cf 92       	push	r12
     4c8:	df 92       	push	r13
     4ca:	ef 92       	push	r14
     4cc:	ff 92       	push	r15
     4ce:	0f 93       	push	r16
     4d0:	1f 93       	push	r17
     4d2:	cf 93       	push	r28
     4d4:	df 93       	push	r29
     4d6:	00 d0       	rcall	.+0      	; 0x4d8 <SI5351::freq_calc_fast(int) [clone .constprop.35]+0x26>
     4d8:	00 d0       	rcall	.+0      	; 0x4da <SI5351::freq_calc_fast(int) [clone .constprop.35]+0x28>
     4da:	cd b7       	in	r28, 0x3d	; 61
     4dc:	de b7       	in	r29, 0x3e	; 62
/home/jgalera/develop/arduino/usdx/usdx_plus_orange/src/driver/si5351.h:49
                             // _msa128min512, _div, _fout, fxtal
  {
#define _MSC 0x10000
    uint32_t msb128 =
        _msb128 + ((int64_t)(_div * (int32_t)df) * _MSC * 128) / fxtal;
     4de:	20 91 c3 06 	lds	r18, 0x06C3	; 0x8006c3 <si5351+0x7>
     4e2:	30 91 c4 06 	lds	r19, 0x06C4	; 0x8006c4 <si5351+0x8>
     4e6:	40 91 c5 06 	lds	r20, 0x06C5	; 0x8006c5 <si5351+0x9>
     4ea:	50 91 c6 06 	lds	r21, 0x06C6	; 0x8006c6 <si5351+0xa>
     4ee:	29 83       	std	Y+1, r18	; 0x01
     4f0:	3a 83       	std	Y+2, r19	; 0x02
     4f2:	4b 83       	std	Y+3, r20	; 0x03
     4f4:	5c 83       	std	Y+4, r21	; 0x04
     4f6:	20 91 c0 06 	lds	r18, 0x06C0	; 0x8006c0 <si5351+0x4>
     4fa:	c0 90 cf 06 	lds	r12, 0x06CF	; 0x8006cf <si5351+0x13>
     4fe:	d0 90 d0 06 	lds	r13, 0x06D0	; 0x8006d0 <si5351+0x14>
     502:	e0 90 d1 06 	lds	r14, 0x06D1	; 0x8006d1 <si5351+0x15>
     506:	f0 90 d2 06 	lds	r15, 0x06D2	; 0x8006d2 <si5351+0x16>
     50a:	30 e0       	ldi	r19, 0x00	; 0
     50c:	dc 01       	movw	r26, r24
     50e:	0e 94 16 3a 	call	0x742c	; 0x742c <__usmulhisi3>
     512:	4b 01       	movw	r8, r22
     514:	5c 01       	movw	r10, r24
     516:	bb 0c       	add	r11, r11
     518:	88 08       	sbc	r8, r8
     51a:	98 2c       	mov	r9, r8
     51c:	54 01       	movw	r10, r8
     51e:	9b 01       	movw	r18, r22
     520:	ac 01       	movw	r20, r24
     522:	68 2d       	mov	r22, r8
     524:	78 2d       	mov	r23, r8
     526:	88 2d       	mov	r24, r8
     528:	98 2d       	mov	r25, r8
     52a:	07 e1       	ldi	r16, 0x17	; 23
     52c:	0e 94 d0 3a 	call	0x75a0	; 0x75a0 <__ashldi3>
     530:	56 01       	movw	r10, r12
     532:	67 01       	movw	r12, r14
     534:	e1 2c       	mov	r14, r1
     536:	f1 2c       	mov	r15, r1
     538:	00 e0       	ldi	r16, 0x00	; 0
     53a:	10 e0       	ldi	r17, 0x00	; 0
     53c:	0e 94 32 3a 	call	0x7464	; 0x7464 <__divdi3>
     540:	49 01       	movw	r8, r18
     542:	5a 01       	movw	r10, r20
     544:	49 80       	ldd	r4, Y+1	; 0x01
     546:	5a 80       	ldd	r5, Y+2	; 0x02
     548:	6b 80       	ldd	r6, Y+3	; 0x03
     54a:	7c 80       	ldd	r7, Y+4	; 0x04
     54c:	48 0c       	add	r4, r8
     54e:	59 1c       	adc	r5, r9
     550:	6a 1c       	adc	r6, r10
     552:	7b 1c       	adc	r7, r11
/home/jgalera/develop/arduino/usdx/usdx_plus_orange/src/driver/si5351.h:52

    uint16_t msp1 =
        _msa128min512 + msb128 / _MSC; // = 128 * _msa + msb128 / _MSC - 512;
     554:	80 91 c1 06 	lds	r24, 0x06C1	; 0x8006c1 <si5351+0x5>
     558:	90 91 c2 06 	lds	r25, 0x06C2	; 0x8006c2 <si5351+0x6>
     55c:	86 0d       	add	r24, r6
     55e:	97 1d       	adc	r25, r7
/home/jgalera/develop/arduino/usdx/usdx_plus_orange/src/driver/si5351.h:57
    uint16_t msp2 =
        msb128; // = msb128 % _MSC;  assuming MSC is covering exact uint16_t so
                // the mod operation can dissapear (and the upper BB2 byte) // =
                // msb128 - msb128/_MSC * _MSC;
    pll_regs[4] = BB0(msp1);
     560:	80 93 cb 06 	sts	0x06CB, r24	; 0x8006cb <si5351+0xf>
/home/jgalera/develop/arduino/usdx/usdx_plus_orange/src/driver/si5351.h:58
    pll_regs[5] =
     564:	80 e1       	ldi	r24, 0x10	; 16
     566:	80 93 cc 06 	sts	0x06CC, r24	; 0x8006cc <si5351+0x10>
/home/jgalera/develop/arduino/usdx/usdx_plus_orange/src/driver/si5351.h:63
        ((_MSC & 0xF0000) >>
         (16 - 4)) /*|BB2(msp2)*/; // top nibble MUST be same as top nibble of
                                   // _MSC !  assuming that BB2(msp2) is always
                                   // 0 -> so reg is constant
    pll_regs[6] = BB1(msp2);
     56a:	85 2d       	mov	r24, r5
     56c:	99 27       	eor	r25, r25
     56e:	80 93 cd 06 	sts	0x06CD, r24	; 0x8006cd <si5351+0x11>
/home/jgalera/develop/arduino/usdx/usdx_plus_orange/src/driver/si5351.h:64
    pll_regs[7] = BB0(msp2);
     572:	40 92 ce 06 	sts	0x06CE, r4	; 0x8006ce <si5351+0x12>
/home/jgalera/develop/arduino/usdx/usdx_plus_orange/src/driver/si5351.h:65
  }
     576:	0f 90       	pop	r0
     578:	0f 90       	pop	r0
     57a:	0f 90       	pop	r0
     57c:	0f 90       	pop	r0
     57e:	df 91       	pop	r29
     580:	cf 91       	pop	r28
     582:	1f 91       	pop	r17
     584:	0f 91       	pop	r16
     586:	ff 90       	pop	r15
     588:	ef 90       	pop	r14
     58a:	df 90       	pop	r13
     58c:	cf 90       	pop	r12
     58e:	bf 90       	pop	r11
     590:	af 90       	pop	r10
     592:	9f 90       	pop	r9
     594:	8f 90       	pop	r8
     596:	7f 90       	pop	r7
     598:	6f 90       	pop	r6
     59a:	5f 90       	pop	r5
     59c:	4f 90       	pop	r4
     59e:	3f 90       	pop	r3
     5a0:	2f 90       	pop	r2
     5a2:	08 95       	ret

000005a4 <SI5351::SendPLLRegisterBulk() [clone .constprop.34]>:
_ZN6SI535119SendPLLRegisterBulkEv.constprop.34():
/home/jgalera/develop/arduino/usdx/usdx_plus_orange/src/driver/si5351.h:67

  inline void SendPLLRegisterBulk() {
     5a4:	cf 93       	push	r28
     5a6:	df 93       	push	r29
/home/jgalera/develop/arduino/usdx/usdx_plus_orange/src/driver/si5351.h:68
    i2c.start();
     5a8:	0e 94 3b 02 	call	0x476	; 0x476 <I2C::start() [clone .constprop.41]>
/home/jgalera/develop/arduino/usdx/usdx_plus_orange/src/driver/si5351.h:69
    i2c.SendByte(SI5351_ADDR << 1);
     5ac:	80 ec       	ldi	r24, 0xC0	; 192
     5ae:	0e 94 b3 01 	call	0x366	; 0x366 <I2C::SendByte(unsigned char) [clone .constprop.42]>
/home/jgalera/develop/arduino/usdx/usdx_plus_orange/src/driver/si5351.h:70
    i2c.SendByte(26 + 0 * 8 + 4); // Write to PLLA
     5b2:	8e e1       	ldi	r24, 0x1E	; 30
     5b4:	0e 94 b3 01 	call	0x366	; 0x366 <I2C::SendByte(unsigned char) [clone .constprop.42]>
/home/jgalera/develop/arduino/usdx/usdx_plus_orange/src/driver/si5351.h:71
    i2c.SendByte(pll_regs[4]);
     5b8:	cc eb       	ldi	r28, 0xBC	; 188
     5ba:	d6 e0       	ldi	r29, 0x06	; 6
     5bc:	8f 85       	ldd	r24, Y+15	; 0x0f
     5be:	0e 94 b3 01 	call	0x366	; 0x366 <I2C::SendByte(unsigned char) [clone .constprop.42]>
/home/jgalera/develop/arduino/usdx/usdx_plus_orange/src/driver/si5351.h:72
    i2c.SendByte(pll_regs[5]);
     5c2:	88 89       	ldd	r24, Y+16	; 0x10
     5c4:	0e 94 b3 01 	call	0x366	; 0x366 <I2C::SendByte(unsigned char) [clone .constprop.42]>
/home/jgalera/develop/arduino/usdx/usdx_plus_orange/src/driver/si5351.h:73
    i2c.SendByte(pll_regs[6]);
     5c8:	89 89       	ldd	r24, Y+17	; 0x11
     5ca:	0e 94 b3 01 	call	0x366	; 0x366 <I2C::SendByte(unsigned char) [clone .constprop.42]>
/home/jgalera/develop/arduino/usdx/usdx_plus_orange/src/driver/si5351.h:74
    i2c.SendByte(pll_regs[7]);
     5ce:	8a 89       	ldd	r24, Y+18	; 0x12
     5d0:	0e 94 b3 01 	call	0x366	; 0x366 <I2C::SendByte(unsigned char) [clone .constprop.42]>
/home/jgalera/develop/arduino/usdx/usdx_plus_orange/src/driver/si5351.h:76
    i2c.stop();
  }
     5d4:	df 91       	pop	r29
     5d6:	cf 91       	pop	r28
/home/jgalera/develop/arduino/usdx/usdx_plus_orange/src/driver/si5351.h:75
    i2c.SendByte(26 + 0 * 8 + 4); // Write to PLLA
    i2c.SendByte(pll_regs[4]);
    i2c.SendByte(pll_regs[5]);
    i2c.SendByte(pll_regs[6]);
    i2c.SendByte(pll_regs[7]);
    i2c.stop();
     5d8:	0c 94 a7 01 	jmp	0x34e	; 0x34e <I2C::stop() [clone .constprop.43]>

000005dc <printsym(bool) [clone .constprop.15]>:
_Z8printsymb.constprop.15():
/home/jgalera/develop/arduino/usdx/usdx_plus_orange/src/dsp/dsp.cpp:519
volatile uint32_t _amp32 = 0;
char out[] = "                ";
volatile uint8_t cw_event = false;

void printsym(bool submit = true) {
  if (sym < 128) {
     5dc:	e0 91 18 06 	lds	r30, 0x0618	; 0x800618 <sym>
     5e0:	e7 fd       	sbrc	r30, 7
     5e2:	16 c0       	rjmp	.+44     	; 0x610 <printsym(bool) [clone .constprop.15]+0x34>
/home/jgalera/develop/arduino/usdx/usdx_plus_orange/src/dsp/dsp.cpp:520
    char ch = pgm_read_byte_near(m2c + sym);
     5e4:	f0 e0       	ldi	r31, 0x00	; 0
     5e6:	e9 58       	subi	r30, 0x89	; 137
     5e8:	fd 4f       	sbci	r31, 0xFD	; 253
     5ea:	e4 91       	lpm	r30, Z
/home/jgalera/develop/arduino/usdx/usdx_plus_orange/src/dsp/dsp.cpp:521
    if (ch != '*') {
     5ec:	ea 32       	cpi	r30, 0x2A	; 42
     5ee:	81 f0       	breq	.+32     	; 0x610 <printsym(bool) [clone .constprop.15]+0x34>
/home/jgalera/develop/arduino/usdx/usdx_plus_orange/src/dsp/dsp.cpp:523
#ifdef CW_INTERMEDIATE
      out[15] = ch;
     5f0:	e0 93 dd 01 	sts	0x01DD, r30	; 0x8001dd <out+0xf>
/home/jgalera/develop/arduino/usdx/usdx_plus_orange/src/dsp/dsp.cpp:524
      cw_event = true;
     5f4:	81 e0       	ldi	r24, 0x01	; 1
     5f6:	80 93 17 06 	sts	0x0617, r24	; 0x800617 <cw_event>
     5fa:	ee ec       	ldi	r30, 0xCE	; 206
     5fc:	f1 e0       	ldi	r31, 0x01	; 1
/home/jgalera/develop/arduino/usdx/usdx_plus_orange/src/dsp/dsp.cpp:527
      if (submit) {
        for (int i = 0; i != 15; i++) {
          out[i] = out[i + 1];
     5fe:	81 81       	ldd	r24, Z+1	; 0x01
     600:	81 93       	st	Z+, r24
/home/jgalera/develop/arduino/usdx/usdx_plus_orange/src/dsp/dsp.cpp:526
    if (ch != '*') {
#ifdef CW_INTERMEDIATE
      out[15] = ch;
      cw_event = true;
      if (submit) {
        for (int i = 0; i != 15; i++) {
     602:	81 e0       	ldi	r24, 0x01	; 1
     604:	ed 3d       	cpi	r30, 0xDD	; 221
     606:	f8 07       	cpc	r31, r24
     608:	d1 f7       	brne	.-12     	; 0x5fe <printsym(bool) [clone .constprop.15]+0x22>
/home/jgalera/develop/arduino/usdx/usdx_plus_orange/src/dsp/dsp.cpp:529
          out[i] = out[i + 1];
        }
        out[15] = ' ';
     60a:	80 e2       	ldi	r24, 0x20	; 32
     60c:	80 93 dd 01 	sts	0x01DD, r24	; 0x8001dd <out+0xf>
/home/jgalera/develop/arduino/usdx/usdx_plus_orange/src/dsp/dsp.cpp:541
      cw_event = true; // update LCD
#endif
    }
  }
  if (submit)
    sym = 1;
     610:	81 e0       	ldi	r24, 0x01	; 1
     612:	80 93 18 06 	sts	0x0618, r24	; 0x800618 <sym>
/home/jgalera/develop/arduino/usdx/usdx_plus_orange/src/dsp/dsp.cpp:542
}
     616:	08 95       	ret

00000618 <turnOffPWM>:
turnOffPWM():
/home/jgalera/.arduino15/packages/MiniCore/hardware/avr/3.1.1/cores/MCUdude_corefiles/wiring_digital.c:77
//
//static inline void turnOffPWM(uint8_t timer) __attribute__ ((always_inline));
//static inline void turnOffPWM(uint8_t timer)
static void turnOffPWM(uint8_t timer)
{
  switch (timer)
     618:	84 30       	cpi	r24, 0x04	; 4
     61a:	81 f0       	breq	.+32     	; 0x63c <turnOffPWM+0x24>
     61c:	28 f4       	brcc	.+10     	; 0x628 <turnOffPWM+0x10>
     61e:	82 30       	cpi	r24, 0x02	; 2
     620:	e9 f0       	breq	.+58     	; 0x65c <turnOffPWM+0x44>
     622:	83 30       	cpi	r24, 0x03	; 3
     624:	f9 f0       	breq	.+62     	; 0x664 <turnOffPWM+0x4c>
     626:	08 95       	ret
     628:	88 30       	cpi	r24, 0x08	; 8
     62a:	71 f0       	breq	.+28     	; 0x648 <turnOffPWM+0x30>
     62c:	89 30       	cpi	r24, 0x09	; 9
     62e:	91 f0       	breq	.+36     	; 0x654 <turnOffPWM+0x3c>
     630:	85 30       	cpi	r24, 0x05	; 5
     632:	b9 f4       	brne	.+46     	; 0x662 <turnOffPWM+0x4a>
/home/jgalera/.arduino15/packages/MiniCore/hardware/avr/3.1.1/cores/MCUdude_corefiles/wiring_digital.c:87
        TCCR1A &= ~_BV(COM1A1);
        break;
    #endif
    #if defined(TCCR1A) && defined(COM1B1)
      case TIMER1B:
        TCCR1A &= ~_BV(COM1B1);
     634:	80 91 80 00 	lds	r24, 0x0080	; 0x800080 <__DATA_REGION_ORIGIN__+0x20>
     638:	8f 7d       	andi	r24, 0xDF	; 223
     63a:	03 c0       	rjmp	.+6      	; 0x642 <turnOffPWM+0x2a>
/home/jgalera/.arduino15/packages/MiniCore/hardware/avr/3.1.1/cores/MCUdude_corefiles/wiring_digital.c:82
  switch (timer)
  {
    // Timer1
    #if defined(TCCR1A) && defined(COM1A1)
      case TIMER1A:
        TCCR1A &= ~_BV(COM1A1);
     63c:	80 91 80 00 	lds	r24, 0x0080	; 0x800080 <__DATA_REGION_ORIGIN__+0x20>
     640:	8f 77       	andi	r24, 0x7F	; 127
/home/jgalera/.arduino15/packages/MiniCore/hardware/avr/3.1.1/cores/MCUdude_corefiles/wiring_digital.c:87
        break;
    #endif
    #if defined(TCCR1A) && defined(COM1B1)
      case TIMER1B:
        TCCR1A &= ~_BV(COM1B1);
     642:	80 93 80 00 	sts	0x0080, r24	; 0x800080 <__DATA_REGION_ORIGIN__+0x20>
     646:	08 95       	ret
/home/jgalera/.arduino15/packages/MiniCore/hardware/avr/3.1.1/cores/MCUdude_corefiles/wiring_digital.c:104
        TCCR2 &= ~_BV(COM21);
        break;
    #endif
    #if defined(TCCR2A) && defined(COM2A1)
      case TIMER2A:
        TCCR2A &= ~_BV(COM2A1);
     648:	80 91 b0 00 	lds	r24, 0x00B0	; 0x8000b0 <__DATA_REGION_ORIGIN__+0x50>
     64c:	8f 77       	andi	r24, 0x7F	; 127
/home/jgalera/.arduino15/packages/MiniCore/hardware/avr/3.1.1/cores/MCUdude_corefiles/wiring_digital.c:109
        break;
    #endif
    #if defined(TCCR2A) && defined(COM2B1)
      case TIMER2B:
        TCCR2A &= ~_BV(COM2B1);
     64e:	80 93 b0 00 	sts	0x00B0, r24	; 0x8000b0 <__DATA_REGION_ORIGIN__+0x50>
     652:	08 95       	ret
     654:	80 91 b0 00 	lds	r24, 0x00B0	; 0x8000b0 <__DATA_REGION_ORIGIN__+0x50>
     658:	8f 7d       	andi	r24, 0xDF	; 223
     65a:	f9 cf       	rjmp	.-14     	; 0x64e <turnOffPWM+0x36>
/home/jgalera/.arduino15/packages/MiniCore/hardware/avr/3.1.1/cores/MCUdude_corefiles/wiring_digital.c:176
        TCCR0 &= ~_BV(COM01);
        break;
    #endif
    #if defined(TCCR0A) && defined(COM0A1)
      case TIMER0A:
        TCCR0A &= ~_BV(COM0A1);
     65c:	84 b5       	in	r24, 0x24	; 36
     65e:	8f 77       	andi	r24, 0x7F	; 127
/home/jgalera/.arduino15/packages/MiniCore/hardware/avr/3.1.1/cores/MCUdude_corefiles/wiring_digital.c:181
        break;
    #endif
    #if defined(TCCR0A) && defined(COM0B1)
      case TIMER0B:
        TCCR0A &= ~_BV(COM0B1);
     660:	84 bd       	out	0x24, r24	; 36
/home/jgalera/.arduino15/packages/MiniCore/hardware/avr/3.1.1/cores/MCUdude_corefiles/wiring_digital.c:185
        break;
    #endif
  }
}
     662:	08 95       	ret
/home/jgalera/.arduino15/packages/MiniCore/hardware/avr/3.1.1/cores/MCUdude_corefiles/wiring_digital.c:181
        TCCR0A &= ~_BV(COM0A1);
        break;
    #endif
    #if defined(TCCR0A) && defined(COM0B1)
      case TIMER0B:
        TCCR0A &= ~_BV(COM0B1);
     664:	84 b5       	in	r24, 0x24	; 36
     666:	8f 7d       	andi	r24, 0xDF	; 223
     668:	fb cf       	rjmp	.-10     	; 0x660 <turnOffPWM+0x48>

0000066a <digitalRead>:
digitalRead():
/home/jgalera/.arduino15/packages/MiniCore/hardware/avr/3.1.1/cores/MCUdude_corefiles/wiring_digital.c:215

  SREG = oldSREG;
}

int digitalRead(uint8_t pin)
{
     66a:	cf 93       	push	r28
     66c:	df 93       	push	r29
/home/jgalera/.arduino15/packages/MiniCore/hardware/avr/3.1.1/cores/MCUdude_corefiles/wiring_digital.c:216
  uint8_t timer = digitalPinToTimer(pin);
     66e:	28 2f       	mov	r18, r24
     670:	30 e0       	ldi	r19, 0x00	; 0
     672:	f9 01       	movw	r30, r18
     674:	e0 5a       	subi	r30, 0xA0	; 160
     676:	fd 4f       	sbci	r31, 0xFD	; 253
     678:	84 91       	lpm	r24, Z
/home/jgalera/.arduino15/packages/MiniCore/hardware/avr/3.1.1/cores/MCUdude_corefiles/wiring_digital.c:217
  uint8_t bit = digitalPinToBitMask(pin);
     67a:	f9 01       	movw	r30, r18
     67c:	e7 5b       	subi	r30, 0xB7	; 183
     67e:	fd 4f       	sbci	r31, 0xFD	; 253
     680:	d4 91       	lpm	r29, Z
/home/jgalera/.arduino15/packages/MiniCore/hardware/avr/3.1.1/cores/MCUdude_corefiles/wiring_digital.c:218
  uint8_t port = digitalPinToPort(pin);
     682:	f9 01       	movw	r30, r18
     684:	ee 5c       	subi	r30, 0xCE	; 206
     686:	fd 4f       	sbci	r31, 0xFD	; 253
     688:	c4 91       	lpm	r28, Z
/home/jgalera/.arduino15/packages/MiniCore/hardware/avr/3.1.1/cores/MCUdude_corefiles/wiring_digital.c:220

  if (port == NOT_A_PIN) return LOW;
     68a:	cc 23       	and	r28, r28
     68c:	a1 f0       	breq	.+40     	; 0x6b6 <digitalRead+0x4c>
/home/jgalera/.arduino15/packages/MiniCore/hardware/avr/3.1.1/cores/MCUdude_corefiles/wiring_digital.c:224

  // If the pin that support PWM output, we need to turn it off
  // before getting a digital reading.
  if (timer != NOT_ON_TIMER) turnOffPWM(timer);
     68e:	81 11       	cpse	r24, r1
     690:	0e 94 0c 03 	call	0x618	; 0x618 <turnOffPWM>
/home/jgalera/.arduino15/packages/MiniCore/hardware/avr/3.1.1/cores/MCUdude_corefiles/wiring_digital.c:226

  if (*portInputRegister(port) & bit) return HIGH;
     694:	ec 2f       	mov	r30, r28
     696:	f0 e0       	ldi	r31, 0x00	; 0
     698:	ee 0f       	add	r30, r30
     69a:	ff 1f       	adc	r31, r31
     69c:	e8 5d       	subi	r30, 0xD8	; 216
     69e:	fd 4f       	sbci	r31, 0xFD	; 253
     6a0:	a5 91       	lpm	r26, Z+
     6a2:	b4 91       	lpm	r27, Z
     6a4:	ec 91       	ld	r30, X
     6a6:	ed 23       	and	r30, r29
     6a8:	81 e0       	ldi	r24, 0x01	; 1
     6aa:	90 e0       	ldi	r25, 0x00	; 0
     6ac:	09 f4       	brne	.+2      	; 0x6b0 <digitalRead+0x46>
     6ae:	80 e0       	ldi	r24, 0x00	; 0
/home/jgalera/.arduino15/packages/MiniCore/hardware/avr/3.1.1/cores/MCUdude_corefiles/wiring_digital.c:228
  return LOW;
}
     6b0:	df 91       	pop	r29
     6b2:	cf 91       	pop	r28
     6b4:	08 95       	ret
/home/jgalera/.arduino15/packages/MiniCore/hardware/avr/3.1.1/cores/MCUdude_corefiles/wiring_digital.c:220
{
  uint8_t timer = digitalPinToTimer(pin);
  uint8_t bit = digitalPinToBitMask(pin);
  uint8_t port = digitalPinToPort(pin);

  if (port == NOT_A_PIN) return LOW;
     6b6:	80 e0       	ldi	r24, 0x00	; 0
     6b8:	90 e0       	ldi	r25, 0x00	; 0
     6ba:	fa cf       	rjmp	.-12     	; 0x6b0 <digitalRead+0x46>

000006bc <digitalWrite>:
digitalWrite():
/home/jgalera/.arduino15/packages/MiniCore/hardware/avr/3.1.1/cores/MCUdude_corefiles/wiring_digital.c:188
    #endif
  }
}

void digitalWrite(uint8_t pin, uint8_t val)
{
     6bc:	1f 93       	push	r17
     6be:	cf 93       	push	r28
     6c0:	df 93       	push	r29
/home/jgalera/.arduino15/packages/MiniCore/hardware/avr/3.1.1/cores/MCUdude_corefiles/wiring_digital.c:189
  uint8_t timer = digitalPinToTimer(pin);
     6c2:	28 2f       	mov	r18, r24
     6c4:	30 e0       	ldi	r19, 0x00	; 0
     6c6:	f9 01       	movw	r30, r18
     6c8:	e0 5a       	subi	r30, 0xA0	; 160
     6ca:	fd 4f       	sbci	r31, 0xFD	; 253
     6cc:	84 91       	lpm	r24, Z
/home/jgalera/.arduino15/packages/MiniCore/hardware/avr/3.1.1/cores/MCUdude_corefiles/wiring_digital.c:190
  uint8_t bit = digitalPinToBitMask(pin);
     6ce:	f9 01       	movw	r30, r18
     6d0:	e7 5b       	subi	r30, 0xB7	; 183
     6d2:	fd 4f       	sbci	r31, 0xFD	; 253
     6d4:	d4 91       	lpm	r29, Z
/home/jgalera/.arduino15/packages/MiniCore/hardware/avr/3.1.1/cores/MCUdude_corefiles/wiring_digital.c:191
  uint8_t port = digitalPinToPort(pin);
     6d6:	f9 01       	movw	r30, r18
     6d8:	ee 5c       	subi	r30, 0xCE	; 206
     6da:	fd 4f       	sbci	r31, 0xFD	; 253
     6dc:	c4 91       	lpm	r28, Z
/home/jgalera/.arduino15/packages/MiniCore/hardware/avr/3.1.1/cores/MCUdude_corefiles/wiring_digital.c:194
  volatile uint8_t *out;

  if (port == NOT_A_PIN) return;
     6de:	cc 23       	and	r28, r28
     6e0:	a9 f0       	breq	.+42     	; 0x70c <digitalWrite+0x50>
     6e2:	16 2f       	mov	r17, r22
/home/jgalera/.arduino15/packages/MiniCore/hardware/avr/3.1.1/cores/MCUdude_corefiles/wiring_digital.c:198

  // If the pin that support PWM output, we need to turn it off
  // before doing a digital write.
  if (timer != NOT_ON_TIMER) turnOffPWM(timer);
     6e4:	81 11       	cpse	r24, r1
     6e6:	0e 94 0c 03 	call	0x618	; 0x618 <turnOffPWM>
/home/jgalera/.arduino15/packages/MiniCore/hardware/avr/3.1.1/cores/MCUdude_corefiles/wiring_digital.c:200

  out = portOutputRegister(port);
     6ea:	ec 2f       	mov	r30, r28
     6ec:	f0 e0       	ldi	r31, 0x00	; 0
     6ee:	ee 0f       	add	r30, r30
     6f0:	ff 1f       	adc	r31, r31
     6f2:	e2 5e       	subi	r30, 0xE2	; 226
     6f4:	fd 4f       	sbci	r31, 0xFD	; 253
     6f6:	a5 91       	lpm	r26, Z+
     6f8:	b4 91       	lpm	r27, Z
/home/jgalera/.arduino15/packages/MiniCore/hardware/avr/3.1.1/cores/MCUdude_corefiles/wiring_digital.c:202

  uint8_t oldSREG = SREG;
     6fa:	8f b7       	in	r24, 0x3f	; 63
/home/jgalera/.arduino15/packages/MiniCore/hardware/avr/3.1.1/cores/MCUdude_corefiles/wiring_digital.c:203
  cli();
     6fc:	f8 94       	cli
/home/jgalera/.arduino15/packages/MiniCore/hardware/avr/3.1.1/cores/MCUdude_corefiles/wiring_digital.c:206

  if (val == LOW) {
    *out &= ~bit;
     6fe:	ec 91       	ld	r30, X
/home/jgalera/.arduino15/packages/MiniCore/hardware/avr/3.1.1/cores/MCUdude_corefiles/wiring_digital.c:205
  out = portOutputRegister(port);

  uint8_t oldSREG = SREG;
  cli();

  if (val == LOW) {
     700:	11 11       	cpse	r17, r1
     702:	08 c0       	rjmp	.+16     	; 0x714 <digitalWrite+0x58>
/home/jgalera/.arduino15/packages/MiniCore/hardware/avr/3.1.1/cores/MCUdude_corefiles/wiring_digital.c:206
    *out &= ~bit;
     704:	d0 95       	com	r29
     706:	de 23       	and	r29, r30
/home/jgalera/.arduino15/packages/MiniCore/hardware/avr/3.1.1/cores/MCUdude_corefiles/wiring_digital.c:208
  } else {
    *out |= bit;
     708:	dc 93       	st	X, r29
/home/jgalera/.arduino15/packages/MiniCore/hardware/avr/3.1.1/cores/MCUdude_corefiles/wiring_digital.c:211
  }

  SREG = oldSREG;
     70a:	8f bf       	out	0x3f, r24	; 63
/home/jgalera/.arduino15/packages/MiniCore/hardware/avr/3.1.1/cores/MCUdude_corefiles/wiring_digital.c:212
}
     70c:	df 91       	pop	r29
     70e:	cf 91       	pop	r28
     710:	1f 91       	pop	r17
     712:	08 95       	ret
/home/jgalera/.arduino15/packages/MiniCore/hardware/avr/3.1.1/cores/MCUdude_corefiles/wiring_digital.c:208
  cli();

  if (val == LOW) {
    *out &= ~bit;
  } else {
    *out |= bit;
     714:	de 2b       	or	r29, r30
     716:	f8 cf       	rjmp	.-16     	; 0x708 <digitalWrite+0x4c>

00000718 <pinMode>:
pinMode():
/home/jgalera/.arduino15/packages/MiniCore/hardware/avr/3.1.1/cores/MCUdude_corefiles/wiring_digital.c:30
#define ARDUINO_MAIN
#include "wiring_private.h"
#include "pins_arduino.h"

void pinMode(uint8_t pin, uint8_t mode)
{
     718:	cf 93       	push	r28
     71a:	df 93       	push	r29
/home/jgalera/.arduino15/packages/MiniCore/hardware/avr/3.1.1/cores/MCUdude_corefiles/wiring_digital.c:31
  uint8_t bit = digitalPinToBitMask(pin);
     71c:	90 e0       	ldi	r25, 0x00	; 0
     71e:	fc 01       	movw	r30, r24
     720:	e7 5b       	subi	r30, 0xB7	; 183
     722:	fd 4f       	sbci	r31, 0xFD	; 253
     724:	24 91       	lpm	r18, Z
/home/jgalera/.arduino15/packages/MiniCore/hardware/avr/3.1.1/cores/MCUdude_corefiles/wiring_digital.c:32
  uint8_t port = digitalPinToPort(pin);
     726:	8e 5c       	subi	r24, 0xCE	; 206
     728:	9d 4f       	sbci	r25, 0xFD	; 253
     72a:	fc 01       	movw	r30, r24
     72c:	84 91       	lpm	r24, Z
/home/jgalera/.arduino15/packages/MiniCore/hardware/avr/3.1.1/cores/MCUdude_corefiles/wiring_digital.c:35
  volatile uint8_t *reg, *out;

  if (port == NOT_A_PIN) return;
     72e:	88 23       	and	r24, r24
     730:	c9 f0       	breq	.+50     	; 0x764 <pinMode+0x4c>
/home/jgalera/.arduino15/packages/MiniCore/hardware/avr/3.1.1/cores/MCUdude_corefiles/wiring_digital.c:38

  // JWS: can I let the optimizer do this?
  reg = portModeRegister(port);
     732:	90 e0       	ldi	r25, 0x00	; 0
     734:	88 0f       	add	r24, r24
     736:	99 1f       	adc	r25, r25
     738:	fc 01       	movw	r30, r24
     73a:	ec 5e       	subi	r30, 0xEC	; 236
     73c:	fd 4f       	sbci	r31, 0xFD	; 253
     73e:	a5 91       	lpm	r26, Z+
     740:	b4 91       	lpm	r27, Z
/home/jgalera/.arduino15/packages/MiniCore/hardware/avr/3.1.1/cores/MCUdude_corefiles/wiring_digital.c:39
  out = portOutputRegister(port);
     742:	fc 01       	movw	r30, r24
     744:	e2 5e       	subi	r30, 0xE2	; 226
     746:	fd 4f       	sbci	r31, 0xFD	; 253
     748:	c5 91       	lpm	r28, Z+
     74a:	d4 91       	lpm	r29, Z
/home/jgalera/.arduino15/packages/MiniCore/hardware/avr/3.1.1/cores/MCUdude_corefiles/wiring_digital.c:41

  if (mode == INPUT) { 
     74c:	61 11       	cpse	r22, r1
     74e:	0d c0       	rjmp	.+26     	; 0x76a <pinMode+0x52>
/home/jgalera/.arduino15/packages/MiniCore/hardware/avr/3.1.1/cores/MCUdude_corefiles/wiring_digital.c:42
    uint8_t oldSREG = SREG;
     750:	9f b7       	in	r25, 0x3f	; 63
/home/jgalera/.arduino15/packages/MiniCore/hardware/avr/3.1.1/cores/MCUdude_corefiles/wiring_digital.c:43
    cli();
     752:	f8 94       	cli
/home/jgalera/.arduino15/packages/MiniCore/hardware/avr/3.1.1/cores/MCUdude_corefiles/wiring_digital.c:44
    *reg &= ~bit;
     754:	8c 91       	ld	r24, X
     756:	20 95       	com	r18
     758:	82 23       	and	r24, r18
     75a:	8c 93       	st	X, r24
/home/jgalera/.arduino15/packages/MiniCore/hardware/avr/3.1.1/cores/MCUdude_corefiles/wiring_digital.c:45
    *out &= ~bit;
     75c:	88 81       	ld	r24, Y
     75e:	28 23       	and	r18, r24
/home/jgalera/.arduino15/packages/MiniCore/hardware/avr/3.1.1/cores/MCUdude_corefiles/wiring_digital.c:51
    SREG = oldSREG;
  } else if (mode == INPUT_PULLUP) {
    uint8_t oldSREG = SREG;
    cli();
    *reg &= ~bit;
    *out |= bit;
     760:	28 83       	st	Y, r18
/home/jgalera/.arduino15/packages/MiniCore/hardware/avr/3.1.1/cores/MCUdude_corefiles/wiring_digital.c:52
    SREG = oldSREG;
     762:	9f bf       	out	0x3f, r25	; 63
/home/jgalera/.arduino15/packages/MiniCore/hardware/avr/3.1.1/cores/MCUdude_corefiles/wiring_digital.c:59
    uint8_t oldSREG = SREG;
    cli();
    *reg |= bit;
    SREG = oldSREG;
  }
}
     764:	df 91       	pop	r29
     766:	cf 91       	pop	r28
     768:	08 95       	ret
/home/jgalera/.arduino15/packages/MiniCore/hardware/avr/3.1.1/cores/MCUdude_corefiles/wiring_digital.c:47
    uint8_t oldSREG = SREG;
    cli();
    *reg &= ~bit;
    *out &= ~bit;
    SREG = oldSREG;
  } else if (mode == INPUT_PULLUP) {
     76a:	62 30       	cpi	r22, 0x02	; 2
     76c:	51 f4       	brne	.+20     	; 0x782 <pinMode+0x6a>
/home/jgalera/.arduino15/packages/MiniCore/hardware/avr/3.1.1/cores/MCUdude_corefiles/wiring_digital.c:48
    uint8_t oldSREG = SREG;
     76e:	9f b7       	in	r25, 0x3f	; 63
/home/jgalera/.arduino15/packages/MiniCore/hardware/avr/3.1.1/cores/MCUdude_corefiles/wiring_digital.c:49
    cli();
     770:	f8 94       	cli
/home/jgalera/.arduino15/packages/MiniCore/hardware/avr/3.1.1/cores/MCUdude_corefiles/wiring_digital.c:50
    *reg &= ~bit;
     772:	3c 91       	ld	r19, X
     774:	82 2f       	mov	r24, r18
     776:	80 95       	com	r24
     778:	83 23       	and	r24, r19
     77a:	8c 93       	st	X, r24
/home/jgalera/.arduino15/packages/MiniCore/hardware/avr/3.1.1/cores/MCUdude_corefiles/wiring_digital.c:51
    *out |= bit;
     77c:	e8 81       	ld	r30, Y
     77e:	2e 2b       	or	r18, r30
     780:	ef cf       	rjmp	.-34     	; 0x760 <pinMode+0x48>
/home/jgalera/.arduino15/packages/MiniCore/hardware/avr/3.1.1/cores/MCUdude_corefiles/wiring_digital.c:54
    SREG = oldSREG;
  } else {
    uint8_t oldSREG = SREG;
     782:	8f b7       	in	r24, 0x3f	; 63
/home/jgalera/.arduino15/packages/MiniCore/hardware/avr/3.1.1/cores/MCUdude_corefiles/wiring_digital.c:55
    cli();
     784:	f8 94       	cli
/home/jgalera/.arduino15/packages/MiniCore/hardware/avr/3.1.1/cores/MCUdude_corefiles/wiring_digital.c:56
    *reg |= bit;
     786:	ec 91       	ld	r30, X
     788:	2e 2b       	or	r18, r30
     78a:	2c 93       	st	X, r18
/home/jgalera/.arduino15/packages/MiniCore/hardware/avr/3.1.1/cores/MCUdude_corefiles/wiring_digital.c:57
    SREG = oldSREG;
     78c:	8f bf       	out	0x3f, r24	; 63
     78e:	ea cf       	rjmp	.-44     	; 0x764 <pinMode+0x4c>

00000790 <analogRead>:
analogRead():
/home/jgalera/.arduino15/packages/MiniCore/hardware/avr/3.1.1/cores/MCUdude_corefiles/wiring_analog.c:49
int analogRead(uint8_t pin)
{

// Macro located in the pins_arduino.h file
#ifdef analogPinToChannel
  pin = analogPinToChannel(pin);
     790:	88 30       	cpi	r24, 0x08	; 8
     792:	20 f0       	brcs	.+8      	; 0x79c <analogRead+0xc>
     794:	8d 30       	cpi	r24, 0x0D	; 13
     796:	08 f4       	brcc	.+2      	; 0x79a <analogRead+0xa>
     798:	8d e0       	ldi	r24, 0x0D	; 13
     79a:	8e 50       	subi	r24, 0x0E	; 14
/home/jgalera/.arduino15/packages/MiniCore/hardware/avr/3.1.1/cores/MCUdude_corefiles/wiring_analog.c:68
  
  // set the analog reference (high two bits of ADMUX) and select the
  // channel (low 4 bits).  this also sets ADLAR (left-adjust result)
  // to 0 (the default).
#if defined(ADMUX)
  ADMUX = (analog_reference << 6) | (pin & 0x07);
     79c:	87 70       	andi	r24, 0x07	; 7
     79e:	80 64       	ori	r24, 0x40	; 64
     7a0:	80 93 7c 00 	sts	0x007C, r24	; 0x80007c <__DATA_REGION_ORIGIN__+0x1c>
/home/jgalera/.arduino15/packages/MiniCore/hardware/avr/3.1.1/cores/MCUdude_corefiles/wiring_analog.c:76
  // without a delay, we seem to read from the wrong channel
  //delay(1);

#if defined(ADCSRA) && defined(ADC)
  // start the conversion
  ADCSRA |= _BV(ADSC);
     7a4:	80 91 7a 00 	lds	r24, 0x007A	; 0x80007a <__DATA_REGION_ORIGIN__+0x1a>
     7a8:	80 64       	ori	r24, 0x40	; 64
     7aa:	80 93 7a 00 	sts	0x007A, r24	; 0x80007a <__DATA_REGION_ORIGIN__+0x1a>
/home/jgalera/.arduino15/packages/MiniCore/hardware/avr/3.1.1/cores/MCUdude_corefiles/wiring_analog.c:79

  // ADSC is cleared when the conversion finishes
  while (ADCSRA & _BV(ADSC)) {};
     7ae:	80 91 7a 00 	lds	r24, 0x007A	; 0x80007a <__DATA_REGION_ORIGIN__+0x1a>
     7b2:	86 fd       	sbrc	r24, 6
     7b4:	fc cf       	rjmp	.-8      	; 0x7ae <analogRead+0x1e>
/home/jgalera/.arduino15/packages/MiniCore/hardware/avr/3.1.1/cores/MCUdude_corefiles/wiring_analog.c:83

  // ADC macro takes care of reading ADC register.
 	// avr-gcc implements the proper reading order: ADCL is read first.
 	return ADC;
     7b6:	80 91 78 00 	lds	r24, 0x0078	; 0x800078 <__DATA_REGION_ORIGIN__+0x18>
     7ba:	90 91 79 00 	lds	r25, 0x0079	; 0x800079 <__DATA_REGION_ORIGIN__+0x19>
/home/jgalera/.arduino15/packages/MiniCore/hardware/avr/3.1.1/cores/MCUdude_corefiles/wiring_analog.c:87
#else
  return 0;
#endif
}
     7be:	08 95       	ret

000007c0 <delayMicroseconds>:
delayMicroseconds():
/home/jgalera/.arduino15/packages/MiniCore/hardware/avr/3.1.1/cores/MCUdude_corefiles/wiring.c:624
  if (us <= 1) return; //  = 3 cycles, (4 when true)

  // the following loop takes 1/4 of a microsecond (4 cycles)
  // per iteration, so execute it four times for each microsecond of
  // delay requested.
  us <<= 2; // x4 us, = 4 cycles
     7c0:	88 0f       	add	r24, r24
     7c2:	99 1f       	adc	r25, r25
     7c4:	88 0f       	add	r24, r24
     7c6:	99 1f       	adc	r25, r25
/home/jgalera/.arduino15/packages/MiniCore/hardware/avr/3.1.1/cores/MCUdude_corefiles/wiring.c:629

  // account for the time taken in the preceeding commands.
  // we just burned 19 (21) cycles above, remove 5, (5*4=20)
  // to 2nd us is at least 8 so we can substract 5
  us -= 5; // = 2 cycles,
     7c8:	05 97       	sbiw	r24, 0x05	; 5
/home/jgalera/.arduino15/packages/MiniCore/hardware/avr/3.1.1/cores/MCUdude_corefiles/wiring.c:929
  us >>= 2; // us div 4, = 4 cycles

#endif

  // busy wait
  __asm__ __volatile__ (
     7ca:	01 97       	sbiw	r24, 0x01	; 1
     7cc:	f1 f7       	brne	.-4      	; 0x7ca <delayMicroseconds+0xa>
/home/jgalera/.arduino15/packages/MiniCore/hardware/avr/3.1.1/cores/MCUdude_corefiles/wiring.c:939
    "   brne 1b"                     // 2 cycles
    : /* no outputs */
    : "w" (us)
  );
  // return = 4 cycles
}
     7ce:	08 95       	ret

000007d0 <micros>:
micros():
/home/jgalera/.arduino15/packages/MiniCore/hardware/avr/3.1.1/cores/MCUdude_corefiles/wiring.c:237
  unsigned char f; // temporary storage for millis fraction counter
  unsigned char q = 0; // record whether an overflow is flagged
#endif
  // t will be the number where the timer0 counter stopped
  uint8_t t;
  uint8_t oldSREG = SREG;
     7d0:	3f b7       	in	r19, 0x3f	; 63
/home/jgalera/.arduino15/packages/MiniCore/hardware/avr/3.1.1/cores/MCUdude_corefiles/wiring.c:240

  // Stop all interrupts
  cli();
     7d2:	f8 94       	cli
/home/jgalera/.arduino15/packages/MiniCore/hardware/avr/3.1.1/cores/MCUdude_corefiles/wiring.c:247
#ifdef CORRECT_EXACT_MICROS
  // combine exact millisec and 8usec counters
  m = timer0_millis;
  f = timer0_fract;
#else
  m = timer0_overflow_count;
     7d4:	80 91 13 06 	lds	r24, 0x0613	; 0x800613 <timer0_overflow_count>
     7d8:	90 91 14 06 	lds	r25, 0x0614	; 0x800614 <timer0_overflow_count+0x1>
     7dc:	a0 91 15 06 	lds	r26, 0x0615	; 0x800615 <timer0_overflow_count+0x2>
     7e0:	b0 91 16 06 	lds	r27, 0x0616	; 0x800616 <timer0_overflow_count+0x3>
/home/jgalera/.arduino15/packages/MiniCore/hardware/avr/3.1.1/cores/MCUdude_corefiles/wiring.c:252
#endif

  // TCNT0 : The Timer Counter Register
#if defined(TCNT0)
  t = TCNT0;
     7e4:	26 b5       	in	r18, 0x26	; 38
/home/jgalera/.arduino15/packages/MiniCore/hardware/avr/3.1.1/cores/MCUdude_corefiles/wiring.c:261
  #error TIMER 0 not defined
#endif

  // Timer0 Interrupt Flag Register
#ifdef TIFR0
  if ((TIFR0 & _BV(TOV0)) && (t < 255))
     7e6:	a8 9b       	sbis	0x15, 0	; 21
     7e8:	05 c0       	rjmp	.+10     	; 0x7f4 <micros+0x24>
     7ea:	2f 3f       	cpi	r18, 0xFF	; 255
     7ec:	19 f0       	breq	.+6      	; 0x7f4 <micros+0x24>
/home/jgalera/.arduino15/packages/MiniCore/hardware/avr/3.1.1/cores/MCUdude_corefiles/wiring.c:263
#ifndef CORRECT_EXACT_MICROS
    m++;
     7ee:	01 96       	adiw	r24, 0x01	; 1
     7f0:	a1 1d       	adc	r26, r1
     7f2:	b1 1d       	adc	r27, r1
/home/jgalera/.arduino15/packages/MiniCore/hardware/avr/3.1.1/cores/MCUdude_corefiles/wiring.c:276
#else
    q = 1;
#endif
#endif
  // Restore SREG
  SREG = oldSREG;
     7f4:	3f bf       	out	0x3f, r19	; 63
/home/jgalera/.arduino15/packages/MiniCore/hardware/avr/3.1.1/cores/MCUdude_corefiles/wiring.c:292
      ((t * MICROSECONDS_PER_TIMER0_OVERFLOW) >> 8);
  return q ? m + MICROSECONDS_PER_TIMER0_OVERFLOW : m;
#elif 1
  /* All power-of-two Megahertz frequencies enter here, as well as 12.8 MHz.
     We only end up here if right shift before multiplication is exact. */
  return ((m << 8) + t) * (MICROSECONDS_PER_TIMER0_OVERFLOW >> 8);
     7f6:	ba 2f       	mov	r27, r26
     7f8:	a9 2f       	mov	r26, r25
     7fa:	98 2f       	mov	r25, r24
     7fc:	88 27       	eor	r24, r24
     7fe:	bc 01       	movw	r22, r24
     800:	cd 01       	movw	r24, r26
     802:	62 0f       	add	r22, r18
     804:	71 1d       	adc	r23, r1
     806:	81 1d       	adc	r24, r1
     808:	91 1d       	adc	r25, r1
     80a:	42 e0       	ldi	r20, 0x02	; 2
     80c:	66 0f       	add	r22, r22
     80e:	77 1f       	adc	r23, r23
     810:	88 1f       	adc	r24, r24
     812:	99 1f       	adc	r25, r25
     814:	4a 95       	dec	r20
     816:	d1 f7       	brne	.-12     	; 0x80c <micros+0x3c>
/home/jgalera/.arduino15/packages/MiniCore/hardware/avr/3.1.1/cores/MCUdude_corefiles/wiring.c:393
  // m & t are multiplied by 4 (since it was already multiplied by 256)
  // t is multiplied by 4
  return ((m << 8) + t) * (64 / clockCyclesPerMicrosecond());
#endif
#endif // 0
}
     818:	08 95       	ret

0000081a <delay>:
delay():
/home/jgalera/.arduino15/packages/MiniCore/hardware/avr/3.1.1/cores/MCUdude_corefiles/wiring.c:396

void delay(unsigned long ms)
{
     81a:	8f 92       	push	r8
     81c:	9f 92       	push	r9
     81e:	af 92       	push	r10
     820:	bf 92       	push	r11
     822:	cf 92       	push	r12
     824:	df 92       	push	r13
     826:	ef 92       	push	r14
     828:	ff 92       	push	r15
     82a:	6b 01       	movw	r12, r22
     82c:	7c 01       	movw	r14, r24
/home/jgalera/.arduino15/packages/MiniCore/hardware/avr/3.1.1/cores/MCUdude_corefiles/wiring.c:397
  unsigned long start = micros();
     82e:	0e 94 e8 03 	call	0x7d0	; 0x7d0 <micros>
     832:	4b 01       	movw	r8, r22
     834:	5c 01       	movw	r10, r24
/home/jgalera/.arduino15/packages/MiniCore/hardware/avr/3.1.1/cores/MCUdude_corefiles/wiring.c:401

  while (ms > 0UL) {
    yield();
    while (ms > 0UL && (micros() - start) >= 1000UL) {
     836:	c1 14       	cp	r12, r1
     838:	d1 04       	cpc	r13, r1
     83a:	e1 04       	cpc	r14, r1
     83c:	f1 04       	cpc	r15, r1
     83e:	b9 f0       	breq	.+46     	; 0x86e <delay+0x54>
     840:	0e 94 e8 03 	call	0x7d0	; 0x7d0 <micros>
     844:	68 19       	sub	r22, r8
     846:	79 09       	sbc	r23, r9
     848:	8a 09       	sbc	r24, r10
     84a:	9b 09       	sbc	r25, r11
     84c:	68 3e       	cpi	r22, 0xE8	; 232
     84e:	73 40       	sbci	r23, 0x03	; 3
     850:	81 05       	cpc	r24, r1
     852:	91 05       	cpc	r25, r1
     854:	80 f3       	brcs	.-32     	; 0x836 <delay+0x1c>
/home/jgalera/.arduino15/packages/MiniCore/hardware/avr/3.1.1/cores/MCUdude_corefiles/wiring.c:402
      ms--;
     856:	21 e0       	ldi	r18, 0x01	; 1
     858:	c2 1a       	sub	r12, r18
     85a:	d1 08       	sbc	r13, r1
     85c:	e1 08       	sbc	r14, r1
     85e:	f1 08       	sbc	r15, r1
/home/jgalera/.arduino15/packages/MiniCore/hardware/avr/3.1.1/cores/MCUdude_corefiles/wiring.c:403
      start += 1000UL;
     860:	88 ee       	ldi	r24, 0xE8	; 232
     862:	88 0e       	add	r8, r24
     864:	83 e0       	ldi	r24, 0x03	; 3
     866:	98 1e       	adc	r9, r24
     868:	a1 1c       	adc	r10, r1
     86a:	b1 1c       	adc	r11, r1
     86c:	e4 cf       	rjmp	.-56     	; 0x836 <delay+0x1c>
/home/jgalera/.arduino15/packages/MiniCore/hardware/avr/3.1.1/cores/MCUdude_corefiles/wiring.c:406
    }
  }
}
     86e:	ff 90       	pop	r15
     870:	ef 90       	pop	r14
     872:	df 90       	pop	r13
     874:	cf 90       	pop	r12
     876:	bf 90       	pop	r11
     878:	af 90       	pop	r10
     87a:	9f 90       	pop	r9
     87c:	8f 90       	pop	r8
     87e:	08 95       	ret

00000880 <millis>:
millis():
/home/jgalera/.arduino15/packages/MiniCore/hardware/avr/3.1.1/cores/MCUdude_corefiles/wiring.c:218
}

unsigned long millis()
{
  unsigned long m;
  uint8_t oldSREG = SREG;
     880:	2f b7       	in	r18, 0x3f	; 63
/home/jgalera/.arduino15/packages/MiniCore/hardware/avr/3.1.1/cores/MCUdude_corefiles/wiring.c:222

  // disable interrupts while we read timer0_millis or we might get an
  // inconsistent value (e.g. in the middle of a write to timer0_millis)
  cli();
     882:	f8 94       	cli
/home/jgalera/.arduino15/packages/MiniCore/hardware/avr/3.1.1/cores/MCUdude_corefiles/wiring.c:223
  m = timer0_millis;
     884:	60 91 0f 06 	lds	r22, 0x060F	; 0x80060f <timer0_millis>
     888:	70 91 10 06 	lds	r23, 0x0610	; 0x800610 <timer0_millis+0x1>
     88c:	80 91 11 06 	lds	r24, 0x0611	; 0x800611 <timer0_millis+0x2>
     890:	90 91 12 06 	lds	r25, 0x0612	; 0x800612 <timer0_millis+0x3>
/home/jgalera/.arduino15/packages/MiniCore/hardware/avr/3.1.1/cores/MCUdude_corefiles/wiring.c:224
  SREG = oldSREG;
     894:	2f bf       	out	0x3f, r18	; 63
/home/jgalera/.arduino15/packages/MiniCore/hardware/avr/3.1.1/cores/MCUdude_corefiles/wiring.c:227

  return m;
}
     896:	08 95       	ret

00000898 <Print::print(char)>:
_ZN5Print5printEc():
/home/jgalera/.arduino15/packages/MiniCore/hardware/avr/3.1.1/cores/MCUdude_corefiles/Print.cpp:69
  return write(str);
}

size_t Print::print(char c)
{
  return write(c);
     898:	dc 01       	movw	r26, r24
     89a:	ed 91       	ld	r30, X+
     89c:	fc 91       	ld	r31, X
     89e:	01 90       	ld	r0, Z+
     8a0:	f0 81       	ld	r31, Z
     8a2:	e0 2d       	mov	r30, r0
     8a4:	09 94       	ijmp

000008a6 <Print::write(unsigned char const*, unsigned int)>:
_ZN5Print5writeEPKhj():
/home/jgalera/.arduino15/packages/MiniCore/hardware/avr/3.1.1/cores/MCUdude_corefiles/Print.cpp:35

// Public Methods //////////////////////////////////////////////////////////////

/* default implementation: may be overridden */
size_t Print::write(const uint8_t *buffer, size_t size)
{
     8a6:	af 92       	push	r10
     8a8:	bf 92       	push	r11
     8aa:	cf 92       	push	r12
     8ac:	df 92       	push	r13
     8ae:	ef 92       	push	r14
     8b0:	ff 92       	push	r15
     8b2:	0f 93       	push	r16
     8b4:	1f 93       	push	r17
     8b6:	cf 93       	push	r28
     8b8:	df 93       	push	r29
     8ba:	6c 01       	movw	r12, r24
     8bc:	7b 01       	movw	r14, r22
     8be:	8b 01       	movw	r16, r22
     8c0:	04 0f       	add	r16, r20
     8c2:	15 1f       	adc	r17, r21
     8c4:	eb 01       	movw	r28, r22
     8c6:	5e 01       	movw	r10, r28
     8c8:	ae 18       	sub	r10, r14
     8ca:	bf 08       	sbc	r11, r15
/home/jgalera/.arduino15/packages/MiniCore/hardware/avr/3.1.1/cores/MCUdude_corefiles/Print.cpp:37
  size_t n = 0;
  while (size--) {
     8cc:	c0 17       	cp	r28, r16
     8ce:	d1 07       	cpc	r29, r17
     8d0:	59 f0       	breq	.+22     	; 0x8e8 <Print::write(unsigned char const*, unsigned int)+0x42>
/home/jgalera/.arduino15/packages/MiniCore/hardware/avr/3.1.1/cores/MCUdude_corefiles/Print.cpp:38
    if (write(*buffer++)) n++;
     8d2:	69 91       	ld	r22, Y+
     8d4:	d6 01       	movw	r26, r12
     8d6:	ed 91       	ld	r30, X+
     8d8:	fc 91       	ld	r31, X
     8da:	01 90       	ld	r0, Z+
     8dc:	f0 81       	ld	r31, Z
     8de:	e0 2d       	mov	r30, r0
     8e0:	c6 01       	movw	r24, r12
     8e2:	09 95       	icall
     8e4:	89 2b       	or	r24, r25
     8e6:	79 f7       	brne	.-34     	; 0x8c6 <Print::write(unsigned char const*, unsigned int)+0x20>
/home/jgalera/.arduino15/packages/MiniCore/hardware/avr/3.1.1/cores/MCUdude_corefiles/Print.cpp:42
    else break;
  }
  return n;
}
     8e8:	c5 01       	movw	r24, r10
     8ea:	df 91       	pop	r29
     8ec:	cf 91       	pop	r28
     8ee:	1f 91       	pop	r17
     8f0:	0f 91       	pop	r16
     8f2:	ff 90       	pop	r15
     8f4:	ef 90       	pop	r14
     8f6:	df 90       	pop	r13
     8f8:	cf 90       	pop	r12
     8fa:	bf 90       	pop	r11
     8fc:	af 90       	pop	r10
     8fe:	08 95       	ret

00000900 <HardwareSerial::availableForWrite()>:
_ZN14HardwareSerial17availableForWriteEv():
/home/jgalera/.arduino15/packages/MiniCore/hardware/avr/3.1.1/cores/MCUdude_corefiles/HardwareSerial.cpp:195
{
  tx_buffer_index_t head;
  tx_buffer_index_t tail;

  TX_BUFFER_ATOMIC {
    head = _tx_buffer_head;
     900:	fc 01       	movw	r30, r24
     902:	53 8d       	ldd	r21, Z+27	; 0x1b
/home/jgalera/.arduino15/packages/MiniCore/hardware/avr/3.1.1/cores/MCUdude_corefiles/HardwareSerial.cpp:196
    tail = _tx_buffer_tail;
     904:	44 8d       	ldd	r20, Z+28	; 0x1c
     906:	25 2f       	mov	r18, r21
     908:	30 e0       	ldi	r19, 0x00	; 0
     90a:	84 2f       	mov	r24, r20
     90c:	90 e0       	ldi	r25, 0x00	; 0
/home/jgalera/.arduino15/packages/MiniCore/hardware/avr/3.1.1/cores/MCUdude_corefiles/HardwareSerial.cpp:198
  }
  if (head >= tail) return SERIAL_TX_BUFFER_SIZE - 1 - head + tail;
     90e:	82 1b       	sub	r24, r18
     910:	93 0b       	sbc	r25, r19
     912:	54 17       	cp	r21, r20
     914:	10 f0       	brcs	.+4      	; 0x91a <HardwareSerial::availableForWrite()+0x1a>
     916:	cf 96       	adiw	r24, 0x3f	; 63
     918:	08 95       	ret
/home/jgalera/.arduino15/packages/MiniCore/hardware/avr/3.1.1/cores/MCUdude_corefiles/HardwareSerial.cpp:199
  return tail - head - 1;
     91a:	01 97       	sbiw	r24, 0x01	; 1
/home/jgalera/.arduino15/packages/MiniCore/hardware/avr/3.1.1/cores/MCUdude_corefiles/HardwareSerial.cpp:200
}
     91c:	08 95       	ret

0000091e <HardwareSerial::read()>:
_ZN14HardwareSerial4readEv():
/home/jgalera/.arduino15/packages/MiniCore/hardware/avr/3.1.1/cores/MCUdude_corefiles/HardwareSerial.cpp:178
    return _rx_buffer[_rx_buffer_tail];
  }
}

int HardwareSerial::read(void)
{
     91e:	fc 01       	movw	r30, r24
/home/jgalera/.arduino15/packages/MiniCore/hardware/avr/3.1.1/cores/MCUdude_corefiles/HardwareSerial.cpp:180
  // if the head isn't ahead of the tail, we don't have any characters
  if (_rx_buffer_head == _rx_buffer_tail) {
     920:	91 8d       	ldd	r25, Z+25	; 0x19
     922:	82 8d       	ldd	r24, Z+26	; 0x1a
     924:	98 17       	cp	r25, r24
     926:	61 f0       	breq	.+24     	; 0x940 <HardwareSerial::read()+0x22>
/home/jgalera/.arduino15/packages/MiniCore/hardware/avr/3.1.1/cores/MCUdude_corefiles/HardwareSerial.cpp:183
    return -1;
  } else {
    unsigned char c = _rx_buffer[_rx_buffer_tail];
     928:	a2 8d       	ldd	r26, Z+26	; 0x1a
     92a:	ae 0f       	add	r26, r30
     92c:	bf 2f       	mov	r27, r31
     92e:	b1 1d       	adc	r27, r1
     930:	5d 96       	adiw	r26, 0x1d	; 29
     932:	8c 91       	ld	r24, X
/home/jgalera/.arduino15/packages/MiniCore/hardware/avr/3.1.1/cores/MCUdude_corefiles/HardwareSerial.cpp:184
    _rx_buffer_tail = (rx_buffer_index_t)(_rx_buffer_tail + 1) % SERIAL_RX_BUFFER_SIZE;
     934:	92 8d       	ldd	r25, Z+26	; 0x1a
     936:	9f 5f       	subi	r25, 0xFF	; 255
     938:	9f 73       	andi	r25, 0x3F	; 63
     93a:	92 8f       	std	Z+26, r25	; 0x1a
/home/jgalera/.arduino15/packages/MiniCore/hardware/avr/3.1.1/cores/MCUdude_corefiles/HardwareSerial.cpp:185
    return c;
     93c:	90 e0       	ldi	r25, 0x00	; 0
     93e:	08 95       	ret
/home/jgalera/.arduino15/packages/MiniCore/hardware/avr/3.1.1/cores/MCUdude_corefiles/HardwareSerial.cpp:181

int HardwareSerial::read(void)
{
  // if the head isn't ahead of the tail, we don't have any characters
  if (_rx_buffer_head == _rx_buffer_tail) {
    return -1;
     940:	8f ef       	ldi	r24, 0xFF	; 255
     942:	9f ef       	ldi	r25, 0xFF	; 255
/home/jgalera/.arduino15/packages/MiniCore/hardware/avr/3.1.1/cores/MCUdude_corefiles/HardwareSerial.cpp:187
  } else {
    unsigned char c = _rx_buffer[_rx_buffer_tail];
    _rx_buffer_tail = (rx_buffer_index_t)(_rx_buffer_tail + 1) % SERIAL_RX_BUFFER_SIZE;
    return c;
  }
}
     944:	08 95       	ret

00000946 <HardwareSerial::peek()>:
_ZN14HardwareSerial4peekEv():
/home/jgalera/.arduino15/packages/MiniCore/hardware/avr/3.1.1/cores/MCUdude_corefiles/HardwareSerial.cpp:169
{
  return ((unsigned int)(SERIAL_RX_BUFFER_SIZE + _rx_buffer_head - _rx_buffer_tail)) % SERIAL_RX_BUFFER_SIZE;
}

int HardwareSerial::peek(void)
{
     946:	fc 01       	movw	r30, r24
/home/jgalera/.arduino15/packages/MiniCore/hardware/avr/3.1.1/cores/MCUdude_corefiles/HardwareSerial.cpp:170
  if (_rx_buffer_head == _rx_buffer_tail) {
     948:	91 8d       	ldd	r25, Z+25	; 0x19
     94a:	82 8d       	ldd	r24, Z+26	; 0x1a
     94c:	98 17       	cp	r25, r24
     94e:	31 f0       	breq	.+12     	; 0x95c <HardwareSerial::peek()+0x16>
/home/jgalera/.arduino15/packages/MiniCore/hardware/avr/3.1.1/cores/MCUdude_corefiles/HardwareSerial.cpp:173
    return -1;
  } else {
    return _rx_buffer[_rx_buffer_tail];
     950:	82 8d       	ldd	r24, Z+26	; 0x1a
     952:	e8 0f       	add	r30, r24
     954:	f1 1d       	adc	r31, r1
     956:	85 8d       	ldd	r24, Z+29	; 0x1d
     958:	90 e0       	ldi	r25, 0x00	; 0
     95a:	08 95       	ret
/home/jgalera/.arduino15/packages/MiniCore/hardware/avr/3.1.1/cores/MCUdude_corefiles/HardwareSerial.cpp:171
}

int HardwareSerial::peek(void)
{
  if (_rx_buffer_head == _rx_buffer_tail) {
    return -1;
     95c:	8f ef       	ldi	r24, 0xFF	; 255
     95e:	9f ef       	ldi	r25, 0xFF	; 255
/home/jgalera/.arduino15/packages/MiniCore/hardware/avr/3.1.1/cores/MCUdude_corefiles/HardwareSerial.cpp:175
  } else {
    return _rx_buffer[_rx_buffer_tail];
  }
}
     960:	08 95       	ret

00000962 <HardwareSerial::available()>:
_ZN14HardwareSerial9availableEv():
/home/jgalera/.arduino15/packages/MiniCore/hardware/avr/3.1.1/cores/MCUdude_corefiles/HardwareSerial.cpp:164
  // clear any received data
  _rx_buffer_head = _rx_buffer_tail;
}

int HardwareSerial::available(void)
{
     962:	fc 01       	movw	r30, r24
/home/jgalera/.arduino15/packages/MiniCore/hardware/avr/3.1.1/cores/MCUdude_corefiles/HardwareSerial.cpp:165
  return ((unsigned int)(SERIAL_RX_BUFFER_SIZE + _rx_buffer_head - _rx_buffer_tail)) % SERIAL_RX_BUFFER_SIZE;
     964:	91 8d       	ldd	r25, Z+25	; 0x19
     966:	22 8d       	ldd	r18, Z+26	; 0x1a
     968:	89 2f       	mov	r24, r25
     96a:	90 e0       	ldi	r25, 0x00	; 0
     96c:	80 5c       	subi	r24, 0xC0	; 192
     96e:	9f 4f       	sbci	r25, 0xFF	; 255
     970:	82 1b       	sub	r24, r18
     972:	91 09       	sbc	r25, r1
/home/jgalera/.arduino15/packages/MiniCore/hardware/avr/3.1.1/cores/MCUdude_corefiles/HardwareSerial.cpp:166
}
     974:	8f 73       	andi	r24, 0x3F	; 63
     976:	99 27       	eor	r25, r25
     978:	08 95       	ret

0000097a <Serial0_available()>:
_Z17Serial0_availablev():
/home/jgalera/.arduino15/packages/MiniCore/hardware/avr/3.1.1/cores/MCUdude_corefiles/HardwareSerial0.cpp:76
#endif

// Function that can be weakly referenced by serialEventRun to prevent
// pulling in this file if it's not otherwise used.
bool Serial0_available() {
  return Serial.available();
     97a:	8a e1       	ldi	r24, 0x1A	; 26
     97c:	96 e0       	ldi	r25, 0x06	; 6
     97e:	0e 94 b1 04 	call	0x962	; 0x962 <HardwareSerial::available()>
     982:	21 e0       	ldi	r18, 0x01	; 1
     984:	89 2b       	or	r24, r25
     986:	09 f4       	brne	.+2      	; 0x98a <Serial0_available()+0x10>
     988:	20 e0       	ldi	r18, 0x00	; 0
/home/jgalera/.arduino15/packages/MiniCore/hardware/avr/3.1.1/cores/MCUdude_corefiles/HardwareSerial0.cpp:77
}
     98a:	82 2f       	mov	r24, r18
     98c:	08 95       	ret

0000098e <HardwareSerial::_tx_udr_empty_irq()>:
_ZN14HardwareSerial17_tx_udr_empty_irqEv():
/home/jgalera/.arduino15/packages/MiniCore/hardware/avr/3.1.1/cores/MCUdude_corefiles/HardwareSerial.cpp:90
#endif

// Actual interrupt handlers //////////////////////////////////////////////////////////////

void HardwareSerial::_tx_udr_empty_irq(void)
{
     98e:	fc 01       	movw	r30, r24
/home/jgalera/.arduino15/packages/MiniCore/hardware/avr/3.1.1/cores/MCUdude_corefiles/HardwareSerial.cpp:93
  // If interrupts are enabled, there must be more data in the output
  // buffer. Send the next byte
  unsigned char c = _tx_buffer[_tx_buffer_tail];
     990:	a4 8d       	ldd	r26, Z+28	; 0x1c
     992:	a8 0f       	add	r26, r24
     994:	b9 2f       	mov	r27, r25
     996:	b1 1d       	adc	r27, r1
     998:	a3 5a       	subi	r26, 0xA3	; 163
     99a:	bf 4f       	sbci	r27, 0xFF	; 255
     99c:	2c 91       	ld	r18, X
/home/jgalera/.arduino15/packages/MiniCore/hardware/avr/3.1.1/cores/MCUdude_corefiles/HardwareSerial.cpp:94
  _tx_buffer_tail = (_tx_buffer_tail + 1) % SERIAL_TX_BUFFER_SIZE;
     99e:	84 8d       	ldd	r24, Z+28	; 0x1c
     9a0:	90 e0       	ldi	r25, 0x00	; 0
     9a2:	01 96       	adiw	r24, 0x01	; 1
     9a4:	8f 73       	andi	r24, 0x3F	; 63
     9a6:	99 27       	eor	r25, r25
     9a8:	84 8f       	std	Z+28, r24	; 0x1c
/home/jgalera/.arduino15/packages/MiniCore/hardware/avr/3.1.1/cores/MCUdude_corefiles/HardwareSerial.cpp:96

  *_udr = c;
     9aa:	a6 89       	ldd	r26, Z+22	; 0x16
     9ac:	b7 89       	ldd	r27, Z+23	; 0x17
     9ae:	2c 93       	st	X, r18
/home/jgalera/.arduino15/packages/MiniCore/hardware/avr/3.1.1/cores/MCUdude_corefiles/HardwareSerial.cpp:104
  // location". This makes sure flush() won't return until the bytes
  // actually got written. Other r/w bits are preserved, and zeroes
  // written to the rest.

  #ifdef MPCM0
    *_ucsra = ((*_ucsra) & ((1 << U2X0) | (1 << MPCM0))) | (1 << TXC0);
     9b0:	a0 89       	ldd	r26, Z+16	; 0x10
     9b2:	b1 89       	ldd	r27, Z+17	; 0x11
     9b4:	8c 91       	ld	r24, X
     9b6:	83 70       	andi	r24, 0x03	; 3
     9b8:	80 64       	ori	r24, 0x40	; 64
     9ba:	8c 93       	st	X, r24
/home/jgalera/.arduino15/packages/MiniCore/hardware/avr/3.1.1/cores/MCUdude_corefiles/HardwareSerial.cpp:109
  #else
    *_ucsra = ((*_ucsra) & ((1 << U2X0) | (1 << TXC0)));
  #endif

  if (_tx_buffer_head == _tx_buffer_tail) {
     9bc:	93 8d       	ldd	r25, Z+27	; 0x1b
     9be:	84 8d       	ldd	r24, Z+28	; 0x1c
     9c0:	98 13       	cpse	r25, r24
     9c2:	06 c0       	rjmp	.+12     	; 0x9d0 <HardwareSerial::_tx_udr_empty_irq()+0x42>
/home/jgalera/.arduino15/packages/MiniCore/hardware/avr/3.1.1/cores/MCUdude_corefiles/HardwareSerial.cpp:111
    // Buffer empty, so disable interrupts
    *_ucsrb &= ~_BV(UDRIE0);
     9c4:	02 88       	ldd	r0, Z+18	; 0x12
     9c6:	f3 89       	ldd	r31, Z+19	; 0x13
     9c8:	e0 2d       	mov	r30, r0
     9ca:	80 81       	ld	r24, Z
     9cc:	8f 7d       	andi	r24, 0xDF	; 223
     9ce:	80 83       	st	Z, r24
/home/jgalera/.arduino15/packages/MiniCore/hardware/avr/3.1.1/cores/MCUdude_corefiles/HardwareSerial.cpp:113
  }
}
     9d0:	08 95       	ret

000009d2 <HardwareSerial::write(unsigned char)>:
_ZN14HardwareSerial5writeEh():
/home/jgalera/.arduino15/packages/MiniCore/hardware/avr/3.1.1/cores/MCUdude_corefiles/HardwareSerial.cpp:223
  // If we get here, nothing is queued anymore (DRIE is disabled) and
  // the hardware finished tranmission (TXC is set).
}

size_t HardwareSerial::write(uint8_t c)
{
     9d2:	ef 92       	push	r14
     9d4:	ff 92       	push	r15
     9d6:	0f 93       	push	r16
     9d8:	1f 93       	push	r17
     9da:	cf 93       	push	r28
     9dc:	df 93       	push	r29
     9de:	ec 01       	movw	r28, r24
/home/jgalera/.arduino15/packages/MiniCore/hardware/avr/3.1.1/cores/MCUdude_corefiles/HardwareSerial.cpp:224
  _written = true;
     9e0:	81 e0       	ldi	r24, 0x01	; 1
     9e2:	88 8f       	std	Y+24, r24	; 0x18
/home/jgalera/.arduino15/packages/MiniCore/hardware/avr/3.1.1/cores/MCUdude_corefiles/HardwareSerial.cpp:229
  // If the buffer and the data register is empty, just write the byte
  // to the data register and be done. This shortcut helps
  // significantly improve the effective datarate at high (>
  // 500kbit/s) bitrates, where interrupt overhead becomes a slowdown.
  if (_tx_buffer_head == _tx_buffer_tail && bit_is_set(*_ucsra, UDRE0)) {
     9e4:	9b 8d       	ldd	r25, Y+27	; 0x1b
     9e6:	8c 8d       	ldd	r24, Y+28	; 0x1c
     9e8:	98 13       	cpse	r25, r24
     9ea:	1a c0       	rjmp	.+52     	; 0xa20 <HardwareSerial::write(unsigned char)+0x4e>
     9ec:	e8 89       	ldd	r30, Y+16	; 0x10
     9ee:	f9 89       	ldd	r31, Y+17	; 0x11
     9f0:	80 81       	ld	r24, Z
     9f2:	85 ff       	sbrs	r24, 5
     9f4:	15 c0       	rjmp	.+42     	; 0xa20 <HardwareSerial::write(unsigned char)+0x4e>
/home/jgalera/.arduino15/packages/MiniCore/hardware/avr/3.1.1/cores/MCUdude_corefiles/HardwareSerial.cpp:238
    // So writing UDR must happen first.
    // Writing UDR and clearing TC must be done atomically, otherwise
    // interrupts might delay the TXC clear so the byte written to UDR
    // is transmitted (setting TXC) before clearing TXC. Then TXC will
    // be cleared when no bytes are left, causing flush() to hang
    ATOMIC_BLOCK(ATOMIC_RESTORESTATE) {
     9f6:	9f b7       	in	r25, 0x3f	; 63
__iCliRetVal():
/home/jgalera/.arduino15/packages/arduino/tools/avr-gcc/7.3.0-atmel3.6.1-arduino7/avr/include/util/atomic.h:50
    return 1;
}

static __inline__ uint8_t __iCliRetVal(void)
{
    cli();
     9f8:	f8 94       	cli
_ZN14HardwareSerial5writeEh():
/home/jgalera/.arduino15/packages/MiniCore/hardware/avr/3.1.1/cores/MCUdude_corefiles/HardwareSerial.cpp:239
      *_udr = c;
     9fa:	ee 89       	ldd	r30, Y+22	; 0x16
     9fc:	ff 89       	ldd	r31, Y+23	; 0x17
     9fe:	60 83       	st	Z, r22
/home/jgalera/.arduino15/packages/MiniCore/hardware/avr/3.1.1/cores/MCUdude_corefiles/HardwareSerial.cpp:241
      #ifdef MPCM0
        *_ucsra = ((*_ucsra) & ((1 << U2X0) | (1 << MPCM0))) | (1 << TXC0);
     a00:	e8 89       	ldd	r30, Y+16	; 0x10
     a02:	f9 89       	ldd	r31, Y+17	; 0x11
     a04:	80 81       	ld	r24, Z
     a06:	83 70       	andi	r24, 0x03	; 3
     a08:	80 64       	ori	r24, 0x40	; 64
/home/jgalera/.arduino15/packages/MiniCore/hardware/avr/3.1.1/cores/MCUdude_corefiles/HardwareSerial.cpp:271
  // make atomic to prevent execution of ISR between setting the
  // head pointer and setting the interrupt flag resulting in buffer
  // retransmission
  ATOMIC_BLOCK(ATOMIC_RESTORESTATE) {
    _tx_buffer_head = i;
    *_ucsrb |= _BV(UDRIE0);
     a0a:	80 83       	st	Z, r24
__iRestore():
/home/jgalera/.arduino15/packages/arduino/tools/avr-gcc/7.3.0-atmel3.6.1-arduino7/avr/include/util/atomic.h:70
    (void)__s;
}

static __inline__ void __iRestore(const  uint8_t *__s)
{
    SREG = *__s;
     a0c:	9f bf       	out	0x3f, r25	; 63
_ZN14HardwareSerial5writeEh():
/home/jgalera/.arduino15/packages/MiniCore/hardware/avr/3.1.1/cores/MCUdude_corefiles/HardwareSerial.cpp:275
  }
  
  return 1;
}
     a0e:	81 e0       	ldi	r24, 0x01	; 1
     a10:	90 e0       	ldi	r25, 0x00	; 0
     a12:	df 91       	pop	r29
     a14:	cf 91       	pop	r28
     a16:	1f 91       	pop	r17
     a18:	0f 91       	pop	r16
     a1a:	ff 90       	pop	r15
     a1c:	ef 90       	pop	r14
     a1e:	08 95       	ret
     a20:	f6 2e       	mov	r15, r22
/home/jgalera/.arduino15/packages/MiniCore/hardware/avr/3.1.1/cores/MCUdude_corefiles/HardwareSerial.cpp:248
        *_ucsra = ((*_ucsra) & ((1 << U2X0) | (1 << TXC0)));
      #endif
    }
    return 1;
  }
  tx_buffer_index_t i = (_tx_buffer_head + 1) % SERIAL_TX_BUFFER_SIZE;
     a22:	0b 8d       	ldd	r16, Y+27	; 0x1b
     a24:	10 e0       	ldi	r17, 0x00	; 0
     a26:	0f 5f       	subi	r16, 0xFF	; 255
     a28:	1f 4f       	sbci	r17, 0xFF	; 255
     a2a:	0f 73       	andi	r16, 0x3F	; 63
     a2c:	11 27       	eor	r17, r17
     a2e:	e0 2e       	mov	r14, r16
/home/jgalera/.arduino15/packages/MiniCore/hardware/avr/3.1.1/cores/MCUdude_corefiles/HardwareSerial.cpp:252

  // If the output buffer is full, there's nothing for it other than to 
  // wait for the interrupt handler to empty it a bit
  while (i == _tx_buffer_tail) {
     a30:	8c 8d       	ldd	r24, Y+28	; 0x1c
     a32:	8e 11       	cpse	r24, r14
     a34:	0c c0       	rjmp	.+24     	; 0xa4e <HardwareSerial::write(unsigned char)+0x7c>
/home/jgalera/.arduino15/packages/MiniCore/hardware/avr/3.1.1/cores/MCUdude_corefiles/HardwareSerial.cpp:253
    if (bit_is_clear(SREG, SREG_I)) {
     a36:	0f b6       	in	r0, 0x3f	; 63
     a38:	07 fc       	sbrc	r0, 7
     a3a:	fa cf       	rjmp	.-12     	; 0xa30 <HardwareSerial::write(unsigned char)+0x5e>
/home/jgalera/.arduino15/packages/MiniCore/hardware/avr/3.1.1/cores/MCUdude_corefiles/HardwareSerial.cpp:258
      // Interrupts are disabled, so we'll have to poll the data
      // register empty flag ourselves. If it is set, pretend an
      // interrupt has happened and call the handler to free up
      // space for us.
      if(bit_is_set(*_ucsra, UDRE0))
     a3c:	e8 89       	ldd	r30, Y+16	; 0x10
     a3e:	f9 89       	ldd	r31, Y+17	; 0x11
     a40:	80 81       	ld	r24, Z
     a42:	85 ff       	sbrs	r24, 5
     a44:	f5 cf       	rjmp	.-22     	; 0xa30 <HardwareSerial::write(unsigned char)+0x5e>
/home/jgalera/.arduino15/packages/MiniCore/hardware/avr/3.1.1/cores/MCUdude_corefiles/HardwareSerial.cpp:259
        _tx_udr_empty_irq();
     a46:	ce 01       	movw	r24, r28
     a48:	0e 94 c7 04 	call	0x98e	; 0x98e <HardwareSerial::_tx_udr_empty_irq()>
     a4c:	f1 cf       	rjmp	.-30     	; 0xa30 <HardwareSerial::write(unsigned char)+0x5e>
/home/jgalera/.arduino15/packages/MiniCore/hardware/avr/3.1.1/cores/MCUdude_corefiles/HardwareSerial.cpp:265
    } else {
      // nop, the interrupt handler will free up space for us
    }
  }

  _tx_buffer[_tx_buffer_head] = c;
     a4e:	eb 8d       	ldd	r30, Y+27	; 0x1b
     a50:	ec 0f       	add	r30, r28
     a52:	fd 2f       	mov	r31, r29
     a54:	f1 1d       	adc	r31, r1
     a56:	e3 5a       	subi	r30, 0xA3	; 163
     a58:	ff 4f       	sbci	r31, 0xFF	; 255
     a5a:	f0 82       	st	Z, r15
/home/jgalera/.arduino15/packages/MiniCore/hardware/avr/3.1.1/cores/MCUdude_corefiles/HardwareSerial.cpp:269
  // make atomic to prevent execution of ISR between setting the
  // head pointer and setting the interrupt flag resulting in buffer
  // retransmission
  ATOMIC_BLOCK(ATOMIC_RESTORESTATE) {
     a5c:	9f b7       	in	r25, 0x3f	; 63
__iCliRetVal():
/home/jgalera/.arduino15/packages/arduino/tools/avr-gcc/7.3.0-atmel3.6.1-arduino7/avr/include/util/atomic.h:50
    return 1;
}

static __inline__ uint8_t __iCliRetVal(void)
{
    cli();
     a5e:	f8 94       	cli
_ZN14HardwareSerial5writeEh():
/home/jgalera/.arduino15/packages/MiniCore/hardware/avr/3.1.1/cores/MCUdude_corefiles/HardwareSerial.cpp:270
    _tx_buffer_head = i;
     a60:	0b 8f       	std	Y+27, r16	; 0x1b
/home/jgalera/.arduino15/packages/MiniCore/hardware/avr/3.1.1/cores/MCUdude_corefiles/HardwareSerial.cpp:271
    *_ucsrb |= _BV(UDRIE0);
     a62:	ea 89       	ldd	r30, Y+18	; 0x12
     a64:	fb 89       	ldd	r31, Y+19	; 0x13
     a66:	80 81       	ld	r24, Z
     a68:	80 62       	ori	r24, 0x20	; 32
     a6a:	cf cf       	rjmp	.-98     	; 0xa0a <HardwareSerial::write(unsigned char)+0x38>

00000a6c <HardwareSerial::flush()>:
_ZN14HardwareSerial5flushEv():
/home/jgalera/.arduino15/packages/MiniCore/hardware/avr/3.1.1/cores/MCUdude_corefiles/HardwareSerial.cpp:203
  if (head >= tail) return SERIAL_TX_BUFFER_SIZE - 1 - head + tail;
  return tail - head - 1;
}

void HardwareSerial::flush()
{
     a6c:	cf 93       	push	r28
     a6e:	df 93       	push	r29
     a70:	ec 01       	movw	r28, r24
/home/jgalera/.arduino15/packages/MiniCore/hardware/avr/3.1.1/cores/MCUdude_corefiles/HardwareSerial.cpp:207
  // If we have never written a byte, no need to flush. This special
  // case is needed since there is no way to force the TXC (transmit
  // complete) bit to 1 during initialization
  if (!_written)
     a72:	88 8d       	ldd	r24, Y+24	; 0x18
     a74:	88 23       	and	r24, r24
     a76:	b9 f0       	breq	.+46     	; 0xaa6 <HardwareSerial::flush()+0x3a>
/home/jgalera/.arduino15/packages/MiniCore/hardware/avr/3.1.1/cores/MCUdude_corefiles/HardwareSerial.cpp:210
    return;

  while (bit_is_set(*_ucsrb, UDRIE0) || bit_is_clear(*_ucsra, TXC0)) {
     a78:	aa 89       	ldd	r26, Y+18	; 0x12
     a7a:	bb 89       	ldd	r27, Y+19	; 0x13
     a7c:	e8 89       	ldd	r30, Y+16	; 0x10
     a7e:	f9 89       	ldd	r31, Y+17	; 0x11
     a80:	8c 91       	ld	r24, X
     a82:	85 fd       	sbrc	r24, 5
     a84:	03 c0       	rjmp	.+6      	; 0xa8c <HardwareSerial::flush()+0x20>
     a86:	80 81       	ld	r24, Z
     a88:	86 fd       	sbrc	r24, 6
     a8a:	0d c0       	rjmp	.+26     	; 0xaa6 <HardwareSerial::flush()+0x3a>
/home/jgalera/.arduino15/packages/MiniCore/hardware/avr/3.1.1/cores/MCUdude_corefiles/HardwareSerial.cpp:211
    if (bit_is_clear(SREG, SREG_I) && bit_is_set(*_ucsrb, UDRIE0))
     a8c:	0f b6       	in	r0, 0x3f	; 63
     a8e:	07 fc       	sbrc	r0, 7
     a90:	f7 cf       	rjmp	.-18     	; 0xa80 <HardwareSerial::flush()+0x14>
     a92:	8c 91       	ld	r24, X
     a94:	85 ff       	sbrs	r24, 5
     a96:	f2 cf       	rjmp	.-28     	; 0xa7c <HardwareSerial::flush()+0x10>
/home/jgalera/.arduino15/packages/MiniCore/hardware/avr/3.1.1/cores/MCUdude_corefiles/HardwareSerial.cpp:215
      // Interrupts are globally disabled, but the DR empty
      // interrupt should be enabled, so poll the DR empty flag to
      // prevent deadlock
      if (bit_is_set(*_ucsra, UDRE0))
     a98:	80 81       	ld	r24, Z
     a9a:	85 ff       	sbrs	r24, 5
     a9c:	ed cf       	rjmp	.-38     	; 0xa78 <HardwareSerial::flush()+0xc>
/home/jgalera/.arduino15/packages/MiniCore/hardware/avr/3.1.1/cores/MCUdude_corefiles/HardwareSerial.cpp:216
        _tx_udr_empty_irq();
     a9e:	ce 01       	movw	r24, r28
     aa0:	0e 94 c7 04 	call	0x98e	; 0x98e <HardwareSerial::_tx_udr_empty_irq()>
     aa4:	e9 cf       	rjmp	.-46     	; 0xa78 <HardwareSerial::flush()+0xc>
/home/jgalera/.arduino15/packages/MiniCore/hardware/avr/3.1.1/cores/MCUdude_corefiles/HardwareSerial.cpp:220
  }
  // If we get here, nothing is queued anymore (DRIE is disabled) and
  // the hardware finished tranmission (TXC is set).
}
     aa6:	df 91       	pop	r29
     aa8:	cf 91       	pop	r28
     aaa:	08 95       	ret

00000aac <IOExpander16::SendRegister(unsigned char, unsigned char) [clone .isra.0]>:
_ZN12IOExpander1612SendRegisterEhh.isra.0():
/home/jgalera/develop/arduino/usdx/usdx_plus_orange/src/hardware/io_expander.cpp:70
#define IOEXP16_ADDR 0x24
#endif
#ifdef LPF_SWITCHING_DL2MAN_USDX_REV3
#define IOEXP16_ADDR 0x20
#endif
  void SendRegister(uint8_t reg, uint8_t val) {
     aac:	cf 93       	push	r28
     aae:	df 93       	push	r29
     ab0:	d8 2f       	mov	r29, r24
     ab2:	c6 2f       	mov	r28, r22
beginTransmission():
/home/jgalera/develop/arduino/usdx/usdx_plus_orange/src/hardware/soft_i2c.cpp:158
}

void I2C::begin() {}

void I2C::beginTransmission(uint8_t addr) {
  start();
     ab4:	0e 94 3b 02 	call	0x476	; 0x476 <I2C::start() [clone .constprop.41]>
/home/jgalera/develop/arduino/usdx/usdx_plus_orange/src/hardware/soft_i2c.cpp:159
  SendByte(addr << 1);
     ab8:	80 e4       	ldi	r24, 0x40	; 64
     aba:	0e 94 b3 01 	call	0x366	; 0x366 <I2C::SendByte(unsigned char) [clone .constprop.42]>
write():
/home/jgalera/develop/arduino/usdx/usdx_plus_orange/src/hardware/soft_i2c.cpp:163
}

bool I2C::write(uint8_t byte) {
  SendByte(byte);
     abe:	8d 2f       	mov	r24, r29
     ac0:	0e 94 b3 01 	call	0x366	; 0x366 <I2C::SendByte(unsigned char) [clone .constprop.42]>
     ac4:	8c 2f       	mov	r24, r28
     ac6:	0e 94 b3 01 	call	0x366	; 0x366 <I2C::SendByte(unsigned char) [clone .constprop.42]>
_ZN12IOExpander1612SendRegisterEhh.isra.0():
/home/jgalera/develop/arduino/usdx/usdx_plus_orange/src/hardware/io_expander.cpp:76
    i2c.begin();
    i2c.beginTransmission(IOEXP16_ADDR);
    i2c.write(reg);
    i2c.write(val);
    i2c.endTransmission();
  }
     aca:	df 91       	pop	r29
     acc:	cf 91       	pop	r28
endTransmission():
/home/jgalera/develop/arduino/usdx/usdx_plus_orange/src/hardware/soft_i2c.cpp:168
  return 1;
}

uint8_t I2C::endTransmission() {
  stop();
     ace:	0c 94 a7 01 	jmp	0x34e	; 0x34e <I2C::stop() [clone .constprop.43]>

00000ad2 <IOExpander16::write(unsigned int) [clone .isra.1]>:
_ZN12IOExpander165writeEj.isra.1():
/home/jgalera/develop/arduino/usdx/usdx_plus_orange/src/hardware/io_expander.cpp:78
  void init() { write(0U); }
  void write(uint16_t data) {
     ad2:	cf 93       	push	r28
     ad4:	df 93       	push	r29
     ad6:	d8 2f       	mov	r29, r24
     ad8:	c9 2f       	mov	r28, r25
/home/jgalera/develop/arduino/usdx/usdx_plus_orange/src/hardware/io_expander.cpp:79
    SendRegister(0x07, 0xff);
     ada:	6f ef       	ldi	r22, 0xFF	; 255
     adc:	87 e0       	ldi	r24, 0x07	; 7
     ade:	0e 94 56 05 	call	0xaac	; 0xaac <IOExpander16::SendRegister(unsigned char, unsigned char) [clone .isra.0]>
/home/jgalera/develop/arduino/usdx/usdx_plus_orange/src/hardware/io_expander.cpp:80
    SendRegister(0x06, 0xff); /*Common last!*/
     ae2:	6f ef       	ldi	r22, 0xFF	; 255
     ae4:	86 e0       	ldi	r24, 0x06	; 6
     ae6:	0e 94 56 05 	call	0xaac	; 0xaac <IOExpander16::SendRegister(unsigned char, unsigned char) [clone .isra.0]>
/home/jgalera/develop/arduino/usdx/usdx_plus_orange/src/hardware/io_expander.cpp:81
    SendRegister(0x02, data);
     aea:	6d 2f       	mov	r22, r29
     aec:	82 e0       	ldi	r24, 0x02	; 2
     aee:	0e 94 56 05 	call	0xaac	; 0xaac <IOExpander16::SendRegister(unsigned char, unsigned char) [clone .isra.0]>
/home/jgalera/develop/arduino/usdx/usdx_plus_orange/src/hardware/io_expander.cpp:82
    SendRegister(0x06, 0x00); /*Common first!*/
     af2:	60 e0       	ldi	r22, 0x00	; 0
     af4:	86 e0       	ldi	r24, 0x06	; 6
     af6:	0e 94 56 05 	call	0xaac	; 0xaac <IOExpander16::SendRegister(unsigned char, unsigned char) [clone .isra.0]>
/home/jgalera/develop/arduino/usdx/usdx_plus_orange/src/hardware/io_expander.cpp:83
    SendRegister(0x03, data >> 8);
     afa:	6c 2f       	mov	r22, r28
     afc:	83 e0       	ldi	r24, 0x03	; 3
     afe:	0e 94 56 05 	call	0xaac	; 0xaac <IOExpander16::SendRegister(unsigned char, unsigned char) [clone .isra.0]>
/home/jgalera/develop/arduino/usdx/usdx_plus_orange/src/hardware/io_expander.cpp:84
    SendRegister(0x07, 0x00);
     b02:	60 e0       	ldi	r22, 0x00	; 0
     b04:	87 e0       	ldi	r24, 0x07	; 7
/home/jgalera/develop/arduino/usdx/usdx_plus_orange/src/hardware/io_expander.cpp:85
  }
     b06:	df 91       	pop	r29
     b08:	cf 91       	pop	r28
/home/jgalera/develop/arduino/usdx/usdx_plus_orange/src/hardware/io_expander.cpp:84
    SendRegister(0x07, 0xff);
    SendRegister(0x06, 0xff); /*Common last!*/
    SendRegister(0x02, data);
    SendRegister(0x06, 0x00); /*Common first!*/
    SendRegister(0x03, data >> 8);
    SendRegister(0x07, 0x00);
     b0a:	0c 94 56 05 	jmp	0xaac	; 0xaac <IOExpander16::SendRegister(unsigned char, unsigned char) [clone .isra.0]>

00000b0e <adc_start(unsigned char, bool, unsigned long)>:
_Z9adc_starthbm():
/home/jgalera/develop/arduino/usdx/usdx_plus_orange/src/hal/hal.cpp:16
    y++;
  return y;
}

void adc_start(uint8_t adcpin, bool ref1v1, uint32_t fs) {
  DIDR0 |= (1 << adcpin);   // disable digital input
     b0e:	90 91 7e 00 	lds	r25, 0x007E	; 0x80007e <__DATA_REGION_ORIGIN__+0x1e>
     b12:	e1 e0       	ldi	r30, 0x01	; 1
     b14:	f0 e0       	ldi	r31, 0x00	; 0
     b16:	08 2e       	mov	r0, r24
     b18:	01 c0       	rjmp	.+2      	; 0xb1c <adc_start(unsigned char, bool, unsigned long)+0xe>
     b1a:	ee 0f       	add	r30, r30
     b1c:	0a 94       	dec	r0
     b1e:	ea f7       	brpl	.-6      	; 0xb1a <adc_start(unsigned char, bool, unsigned long)+0xc>
     b20:	9e 2b       	or	r25, r30
     b22:	90 93 7e 00 	sts	0x007E, r25	; 0x80007e <__DATA_REGION_ORIGIN__+0x1e>
/home/jgalera/develop/arduino/usdx/usdx_plus_orange/src/hal/hal.cpp:17
  ADCSRA = 0;               // clear ADCSRA register
     b26:	10 92 7a 00 	sts	0x007A, r1	; 0x80007a <__DATA_REGION_ORIGIN__+0x1a>
/home/jgalera/develop/arduino/usdx/usdx_plus_orange/src/hal/hal.cpp:18
  ADCSRB = 0;               // clear ADCSRB register
     b2a:	10 92 7b 00 	sts	0x007B, r1	; 0x80007b <__DATA_REGION_ORIGIN__+0x1b>
/home/jgalera/develop/arduino/usdx/usdx_plus_orange/src/hal/hal.cpp:19
  ADMUX = 0;                // clear ADMUX register
     b2e:	10 92 7c 00 	sts	0x007C, r1	; 0x80007c <__DATA_REGION_ORIGIN__+0x1c>
/home/jgalera/develop/arduino/usdx/usdx_plus_orange/src/hal/hal.cpp:20
  ADMUX |= (adcpin & 0x0f); // set analog input pin
     b32:	90 91 7c 00 	lds	r25, 0x007C	; 0x80007c <__DATA_REGION_ORIGIN__+0x1c>
     b36:	89 2b       	or	r24, r25
     b38:	80 93 7c 00 	sts	0x007C, r24	; 0x80007c <__DATA_REGION_ORIGIN__+0x1c>
/home/jgalera/develop/arduino/usdx/usdx_plus_orange/src/hal/hal.cpp:21
  ADMUX |= ((ref1v1) ? (1 << REFS1) : 0) |
     b3c:	80 91 7c 00 	lds	r24, 0x007C	; 0x80007c <__DATA_REGION_ORIGIN__+0x1c>
     b40:	90 e4       	ldi	r25, 0x40	; 64
     b42:	61 11       	cpse	r22, r1
     b44:	90 ec       	ldi	r25, 0xC0	; 192
     b46:	89 2b       	or	r24, r25
     b48:	80 93 7c 00 	sts	0x007C, r24	; 0x80007c <__DATA_REGION_ORIGIN__+0x1c>
/home/jgalera/develop/arduino/usdx/usdx_plus_orange/src/hal/hal.cpp:25
           (1 << REFS0); // If reflvl == true, set AREF=1.1V (Internal ref);
                         // otherwise AREF=AVCC=(5V)
  ADCSRA |=
      ((uint8_t)log2((uint8_t)(F_CPU / 13 / fs))) &
     b4c:	61 eb       	ldi	r22, 0xB1	; 177
     b4e:	77 ec       	ldi	r23, 0xC7	; 199
     b50:	82 e1       	ldi	r24, 0x12	; 18
     b52:	90 e0       	ldi	r25, 0x00	; 0
     b54:	0e 94 b8 39 	call	0x7370	; 0x7370 <__udivmodsi4>
/home/jgalera/develop/arduino/usdx/usdx_plus_orange/src/core/core.cpp:120
  last_state = (_digitalRead(ROT_B) << 1) | _digitalRead(ROT_A);
  interrupts();
}

uint8_t log2(uint16_t x) {
  uint8_t y = 0;
     b58:	80 e0       	ldi	r24, 0x00	; 0
log2():
/home/jgalera/develop/arduino/usdx/usdx_plus_orange/src/core/core.cpp:121
  for (; x >>= 1;)
     b5a:	36 95       	lsr	r19
     b5c:	27 95       	ror	r18
     b5e:	21 15       	cp	r18, r1
     b60:	31 05       	cpc	r19, r1
     b62:	11 f0       	breq	.+4      	; 0xb68 <adc_start(unsigned char, bool, unsigned long)+0x5a>
/home/jgalera/develop/arduino/usdx/usdx_plus_orange/src/core/core.cpp:122
    y++;
     b64:	8f 5f       	subi	r24, 0xFF	; 255
     b66:	f9 cf       	rjmp	.-14     	; 0xb5a <adc_start(unsigned char, bool, unsigned long)+0x4c>
_Z9adc_starthbm():
/home/jgalera/develop/arduino/usdx/usdx_plus_orange/src/hal/hal.cpp:24
  ADMUX = 0;                // clear ADMUX register
  ADMUX |= (adcpin & 0x0f); // set analog input pin
  ADMUX |= ((ref1v1) ? (1 << REFS1) : 0) |
           (1 << REFS0); // If reflvl == true, set AREF=1.1V (Internal ref);
                         // otherwise AREF=AVCC=(5V)
  ADCSRA |=
     b68:	90 91 7a 00 	lds	r25, 0x007A	; 0x80007a <__DATA_REGION_ORIGIN__+0x1a>
     b6c:	87 70       	andi	r24, 0x07	; 7
     b6e:	89 2b       	or	r24, r25
     b70:	80 93 7a 00 	sts	0x007A, r24	; 0x80007a <__DATA_REGION_ORIGIN__+0x1a>
/home/jgalera/develop/arduino/usdx/usdx_plus_orange/src/hal/hal.cpp:30
      ((uint8_t)log2((uint8_t)(F_CPU / 13 / fs))) &
      0x07; // ADC Prescaler (for normal conversions non-auto-triggered): ADPS =
            // log2(F_CPU / 13 / Fs) - 1; ADSP=0..7 resulting in resp.
            // conversion rate of 1536, 768, 384, 192, 96, 48, 24, 12 kHz
  // ADCSRA |= (1 << ADIE);  // enable interrupts when measurement complete
  ADCSRA |= (1 << ADEN); // enable ADC
     b74:	80 91 7a 00 	lds	r24, 0x007A	; 0x80007a <__DATA_REGION_ORIGIN__+0x1a>
     b78:	80 68       	ori	r24, 0x80	; 128
     b7a:	80 93 7a 00 	sts	0x007A, r24	; 0x80007a <__DATA_REGION_ORIGIN__+0x1a>
/home/jgalera/develop/arduino/usdx/usdx_plus_orange/src/hal/hal.cpp:39
  //  integrity, therefore Idle sleep is better alternative (keeping clkIO as an
  //  active clock domain)
  set_sleep_mode(SLEEP_MODE_IDLE);
  sleep_enable();
#endif
}
     b7e:	08 95       	ret

00000b80 <sdr_rx_07()>:
_Z15sdr_rx_common_qv():
/home/jgalera/develop/arduino/usdx/usdx_plus_orange/src/dsp/dsp.cpp:1305
// */

static int16_t ozi1, ozi2;

inline int16_t sdr_rx_common_q() {
  ADMUX = admux[0];
     b80:	80 91 ea 05 	lds	r24, 0x05EA	; 0x8005ea <admux>
     b84:	80 93 7c 00 	sts	0x007C, r24	; 0x80007c <__DATA_REGION_ORIGIN__+0x1c>
/home/jgalera/develop/arduino/usdx/usdx_plus_orange/src/dsp/dsp.cpp:1306
  ADCSRA |= (1 << ADSC);
     b88:	ea e7       	ldi	r30, 0x7A	; 122
     b8a:	f0 e0       	ldi	r31, 0x00	; 0
     b8c:	80 81       	ld	r24, Z
     b8e:	80 64       	ori	r24, 0x40	; 64
     b90:	80 83       	st	Z, r24
/home/jgalera/develop/arduino/usdx/usdx_plus_orange/src/dsp/dsp.cpp:1307
  int16_t ac = ADC - 511;
     b92:	20 91 78 00 	lds	r18, 0x0078	; 0x800078 <__DATA_REGION_ORIGIN__+0x18>
     b96:	30 91 79 00 	lds	r19, 0x0079	; 0x800079 <__DATA_REGION_ORIGIN__+0x19>
     b9a:	2f 5f       	subi	r18, 0xFF	; 255
     b9c:	31 40       	sbci	r19, 0x01	; 1
_Z9sdr_rx_07v():
/home/jgalera/develop/arduino/usdx/usdx_plus_orange/src/dsp/dsp.cpp:1294
  q_s0zb1 = q_s0zb0;
  q_s0zb0 = ac;
}
void sdr_rx_07() {
  int16_t ac = sdr_rx_common_q();
  func_ptr = sdr_rx_00;
     b9e:	87 e0       	ldi	r24, 0x07	; 7
     ba0:	98 e0       	ldi	r25, 0x08	; 8
     ba2:	90 93 bf 05 	sts	0x05BF, r25	; 0x8005bf <func_ptr+0x1>
     ba6:	80 93 be 05 	sts	0x05BE, r24	; 0x8005be <func_ptr>
/home/jgalera/develop/arduino/usdx/usdx_plus_orange/src/dsp/dsp.cpp:1295
  int16_t q_s1za0 = (ac + (q_s0za1 + q_s0zb0) * 3 + q_s0zb1) >> M_SR;
     baa:	80 91 96 05 	lds	r24, 0x0596	; 0x800596 <q_s0za1>
     bae:	90 91 97 05 	lds	r25, 0x0597	; 0x800597 <q_s0za1+0x1>
     bb2:	40 91 94 05 	lds	r20, 0x0594	; 0x800594 <q_s0zb0>
     bb6:	50 91 95 05 	lds	r21, 0x0595	; 0x800595 <q_s0zb0+0x1>
     bba:	48 0f       	add	r20, r24
     bbc:	59 1f       	adc	r21, r25
     bbe:	ca 01       	movw	r24, r20
     bc0:	88 0f       	add	r24, r24
     bc2:	99 1f       	adc	r25, r25
     bc4:	84 0f       	add	r24, r20
     bc6:	95 1f       	adc	r25, r21
     bc8:	82 0f       	add	r24, r18
     bca:	93 1f       	adc	r25, r19
     bcc:	40 91 92 05 	lds	r20, 0x0592	; 0x800592 <q_s0zb1>
     bd0:	50 91 93 05 	lds	r21, 0x0593	; 0x800593 <q_s0zb1+0x1>
     bd4:	84 0f       	add	r24, r20
     bd6:	95 1f       	adc	r25, r21
     bd8:	95 95       	asr	r25
     bda:	87 95       	ror	r24
/home/jgalera/develop/arduino/usdx/usdx_plus_orange/src/dsp/dsp.cpp:1296
  q_s0za1 = ac;
     bdc:	30 93 97 05 	sts	0x0597, r19	; 0x800597 <q_s0za1+0x1>
     be0:	20 93 96 05 	sts	0x0596, r18	; 0x800596 <q_s0za1>
/home/jgalera/develop/arduino/usdx/usdx_plus_orange/src/dsp/dsp.cpp:1297
  q_ac2 = (q_s1za0 + (q_s1za1 + q_s1zb0) * 3 + q_s1zb1);
     be4:	20 91 90 05 	lds	r18, 0x0590	; 0x800590 <q_s1za1>
     be8:	30 91 91 05 	lds	r19, 0x0591	; 0x800591 <q_s1za1+0x1>
     bec:	40 91 8e 05 	lds	r20, 0x058E	; 0x80058e <q_s1zb0>
     bf0:	50 91 8f 05 	lds	r21, 0x058F	; 0x80058f <q_s1zb0+0x1>
     bf4:	42 0f       	add	r20, r18
     bf6:	53 1f       	adc	r21, r19
     bf8:	9a 01       	movw	r18, r20
     bfa:	22 0f       	add	r18, r18
     bfc:	33 1f       	adc	r19, r19
     bfe:	24 0f       	add	r18, r20
     c00:	35 1f       	adc	r19, r21
     c02:	28 0f       	add	r18, r24
     c04:	39 1f       	adc	r19, r25
     c06:	40 91 8c 05 	lds	r20, 0x058C	; 0x80058c <q_s1zb1>
     c0a:	50 91 8d 05 	lds	r21, 0x058D	; 0x80058d <q_s1zb1+0x1>
     c0e:	24 0f       	add	r18, r20
     c10:	35 1f       	adc	r19, r21
     c12:	30 93 8b 05 	sts	0x058B, r19	; 0x80058b <q_ac2+0x1>
     c16:	20 93 8a 05 	sts	0x058A, r18	; 0x80058a <q_ac2>
/home/jgalera/develop/arduino/usdx/usdx_plus_orange/src/dsp/dsp.cpp:1298
  q_s1za1 = q_s1za0;
     c1a:	90 93 91 05 	sts	0x0591, r25	; 0x800591 <q_s1za1+0x1>
     c1e:	80 93 90 05 	sts	0x0590, r24	; 0x800590 <q_s1za1>
/home/jgalera/develop/arduino/usdx/usdx_plus_orange/src/dsp/dsp.cpp:1299
}
     c22:	08 95       	ret

00000c24 <sdr_rx_05()>:
_Z15sdr_rx_common_qv():
/home/jgalera/develop/arduino/usdx/usdx_plus_orange/src/dsp/dsp.cpp:1305
// */

static int16_t ozi1, ozi2;

inline int16_t sdr_rx_common_q() {
  ADMUX = admux[0];
     c24:	80 91 ea 05 	lds	r24, 0x05EA	; 0x8005ea <admux>
     c28:	80 93 7c 00 	sts	0x007C, r24	; 0x80007c <__DATA_REGION_ORIGIN__+0x1c>
/home/jgalera/develop/arduino/usdx/usdx_plus_orange/src/dsp/dsp.cpp:1306
  ADCSRA |= (1 << ADSC);
     c2c:	ea e7       	ldi	r30, 0x7A	; 122
     c2e:	f0 e0       	ldi	r31, 0x00	; 0
     c30:	80 81       	ld	r24, Z
     c32:	80 64       	ori	r24, 0x40	; 64
     c34:	80 83       	st	Z, r24
/home/jgalera/develop/arduino/usdx/usdx_plus_orange/src/dsp/dsp.cpp:1307
  int16_t ac = ADC - 511;
     c36:	80 91 78 00 	lds	r24, 0x0078	; 0x800078 <__DATA_REGION_ORIGIN__+0x18>
     c3a:	90 91 79 00 	lds	r25, 0x0079	; 0x800079 <__DATA_REGION_ORIGIN__+0x19>
_Z9sdr_rx_05v():
/home/jgalera/develop/arduino/usdx/usdx_plus_orange/src/dsp/dsp.cpp:1288
  q_s1zb0 = (ac + (q_s0za1 + q_s0zb0) * 3 + q_s0zb1) >> M_SR;
  q_s0za1 = ac;
}
void sdr_rx_05() {
  int16_t ac = sdr_rx_common_q();
  func_ptr = sdr_rx_06;
     c3e:	25 e9       	ldi	r18, 0x95	; 149
     c40:	36 e0       	ldi	r19, 0x06	; 6
     c42:	30 93 bf 05 	sts	0x05BF, r19	; 0x8005bf <func_ptr+0x1>
     c46:	20 93 be 05 	sts	0x05BE, r18	; 0x8005be <func_ptr>
/home/jgalera/develop/arduino/usdx/usdx_plus_orange/src/dsp/dsp.cpp:1289
  q_s0zb1 = q_s0zb0;
     c4a:	20 91 94 05 	lds	r18, 0x0594	; 0x800594 <q_s0zb0>
     c4e:	30 91 95 05 	lds	r19, 0x0595	; 0x800595 <q_s0zb0+0x1>
     c52:	30 93 93 05 	sts	0x0593, r19	; 0x800593 <q_s0zb1+0x1>
     c56:	20 93 92 05 	sts	0x0592, r18	; 0x800592 <q_s0zb1>
_Z15sdr_rx_common_qv():
/home/jgalera/develop/arduino/usdx/usdx_plus_orange/src/dsp/dsp.cpp:1307
static int16_t ozi1, ozi2;

inline int16_t sdr_rx_common_q() {
  ADMUX = admux[0];
  ADCSRA |= (1 << ADSC);
  int16_t ac = ADC - 511;
     c5a:	8f 5f       	subi	r24, 0xFF	; 255
     c5c:	91 40       	sbci	r25, 0x01	; 1
_Z9sdr_rx_05v():
/home/jgalera/develop/arduino/usdx/usdx_plus_orange/src/dsp/dsp.cpp:1290
}
void sdr_rx_05() {
  int16_t ac = sdr_rx_common_q();
  func_ptr = sdr_rx_06;
  q_s0zb1 = q_s0zb0;
  q_s0zb0 = ac;
     c5e:	90 93 95 05 	sts	0x0595, r25	; 0x800595 <q_s0zb0+0x1>
     c62:	80 93 94 05 	sts	0x0594, r24	; 0x800594 <q_s0zb0>
/home/jgalera/develop/arduino/usdx/usdx_plus_orange/src/dsp/dsp.cpp:1291
}
     c66:	08 95       	ret

00000c68 <sdr_rx_03()>:
_Z15sdr_rx_common_qv():
/home/jgalera/develop/arduino/usdx/usdx_plus_orange/src/dsp/dsp.cpp:1305
// */

static int16_t ozi1, ozi2;

inline int16_t sdr_rx_common_q() {
  ADMUX = admux[0];
     c68:	80 91 ea 05 	lds	r24, 0x05EA	; 0x8005ea <admux>
     c6c:	80 93 7c 00 	sts	0x007C, r24	; 0x80007c <__DATA_REGION_ORIGIN__+0x1c>
/home/jgalera/develop/arduino/usdx/usdx_plus_orange/src/dsp/dsp.cpp:1306
  ADCSRA |= (1 << ADSC);
     c70:	ea e7       	ldi	r30, 0x7A	; 122
     c72:	f0 e0       	ldi	r31, 0x00	; 0
     c74:	80 81       	ld	r24, Z
     c76:	80 64       	ori	r24, 0x40	; 64
     c78:	80 83       	st	Z, r24
/home/jgalera/develop/arduino/usdx/usdx_plus_orange/src/dsp/dsp.cpp:1307
  int16_t ac = ADC - 511;
     c7a:	20 91 78 00 	lds	r18, 0x0078	; 0x800078 <__DATA_REGION_ORIGIN__+0x18>
     c7e:	30 91 79 00 	lds	r19, 0x0079	; 0x800079 <__DATA_REGION_ORIGIN__+0x19>
     c82:	2f 5f       	subi	r18, 0xFF	; 255
     c84:	31 40       	sbci	r19, 0x01	; 1
_Z9sdr_rx_03v():
/home/jgalera/develop/arduino/usdx/usdx_plus_orange/src/dsp/dsp.cpp:1281
  q_s0zb1 = q_s0zb0;
  q_s0zb0 = ac;
}
void sdr_rx_03() {
  int16_t ac = sdr_rx_common_q();
  func_ptr = sdr_rx_04;
     c86:	86 e0       	ldi	r24, 0x06	; 6
     c88:	97 e0       	ldi	r25, 0x07	; 7
     c8a:	90 93 bf 05 	sts	0x05BF, r25	; 0x8005bf <func_ptr+0x1>
     c8e:	80 93 be 05 	sts	0x05BE, r24	; 0x8005be <func_ptr>
/home/jgalera/develop/arduino/usdx/usdx_plus_orange/src/dsp/dsp.cpp:1282
  q_s1zb1 = q_s1zb0;
     c92:	80 91 8e 05 	lds	r24, 0x058E	; 0x80058e <q_s1zb0>
     c96:	90 91 8f 05 	lds	r25, 0x058F	; 0x80058f <q_s1zb0+0x1>
     c9a:	90 93 8d 05 	sts	0x058D, r25	; 0x80058d <q_s1zb1+0x1>
     c9e:	80 93 8c 05 	sts	0x058C, r24	; 0x80058c <q_s1zb1>
/home/jgalera/develop/arduino/usdx/usdx_plus_orange/src/dsp/dsp.cpp:1283
  q_s1zb0 = (ac + (q_s0za1 + q_s0zb0) * 3 + q_s0zb1) >> M_SR;
     ca2:	80 91 96 05 	lds	r24, 0x0596	; 0x800596 <q_s0za1>
     ca6:	90 91 97 05 	lds	r25, 0x0597	; 0x800597 <q_s0za1+0x1>
     caa:	40 91 94 05 	lds	r20, 0x0594	; 0x800594 <q_s0zb0>
     cae:	50 91 95 05 	lds	r21, 0x0595	; 0x800595 <q_s0zb0+0x1>
     cb2:	48 0f       	add	r20, r24
     cb4:	59 1f       	adc	r21, r25
     cb6:	ca 01       	movw	r24, r20
     cb8:	88 0f       	add	r24, r24
     cba:	99 1f       	adc	r25, r25
     cbc:	84 0f       	add	r24, r20
     cbe:	95 1f       	adc	r25, r21
     cc0:	82 0f       	add	r24, r18
     cc2:	93 1f       	adc	r25, r19
     cc4:	40 91 92 05 	lds	r20, 0x0592	; 0x800592 <q_s0zb1>
     cc8:	50 91 93 05 	lds	r21, 0x0593	; 0x800593 <q_s0zb1+0x1>
     ccc:	84 0f       	add	r24, r20
     cce:	95 1f       	adc	r25, r21
     cd0:	95 95       	asr	r25
     cd2:	87 95       	ror	r24
     cd4:	90 93 8f 05 	sts	0x058F, r25	; 0x80058f <q_s1zb0+0x1>
     cd8:	80 93 8e 05 	sts	0x058E, r24	; 0x80058e <q_s1zb0>
/home/jgalera/develop/arduino/usdx/usdx_plus_orange/src/dsp/dsp.cpp:1284
  q_s0za1 = ac;
     cdc:	30 93 97 05 	sts	0x0597, r19	; 0x800597 <q_s0za1+0x1>
     ce0:	20 93 96 05 	sts	0x0596, r18	; 0x800596 <q_s0za1>
/home/jgalera/develop/arduino/usdx/usdx_plus_orange/src/dsp/dsp.cpp:1285
}
     ce4:	08 95       	ret

00000ce6 <sdr_rx_01()>:
_Z15sdr_rx_common_qv():
/home/jgalera/develop/arduino/usdx/usdx_plus_orange/src/dsp/dsp.cpp:1305
// */

static int16_t ozi1, ozi2;

inline int16_t sdr_rx_common_q() {
  ADMUX = admux[0];
     ce6:	80 91 ea 05 	lds	r24, 0x05EA	; 0x8005ea <admux>
     cea:	80 93 7c 00 	sts	0x007C, r24	; 0x80007c <__DATA_REGION_ORIGIN__+0x1c>
/home/jgalera/develop/arduino/usdx/usdx_plus_orange/src/dsp/dsp.cpp:1306
  ADCSRA |= (1 << ADSC);
     cee:	ea e7       	ldi	r30, 0x7A	; 122
     cf0:	f0 e0       	ldi	r31, 0x00	; 0
     cf2:	80 81       	ld	r24, Z
     cf4:	80 64       	ori	r24, 0x40	; 64
     cf6:	80 83       	st	Z, r24
/home/jgalera/develop/arduino/usdx/usdx_plus_orange/src/dsp/dsp.cpp:1307
  int16_t ac = ADC - 511;
     cf8:	80 91 78 00 	lds	r24, 0x0078	; 0x800078 <__DATA_REGION_ORIGIN__+0x18>
     cfc:	90 91 79 00 	lds	r25, 0x0079	; 0x800079 <__DATA_REGION_ORIGIN__+0x19>
_Z9sdr_rx_01v():
/home/jgalera/develop/arduino/usdx/usdx_plus_orange/src/dsp/dsp.cpp:1275
  i_s0zb1 = i_s0zb0;
  i_s0zb0 = ac;
}
void sdr_rx_01() {
  int16_t ac = sdr_rx_common_q();
  func_ptr = sdr_rx_02;
     d00:	26 e9       	ldi	r18, 0x96	; 150
     d02:	37 e0       	ldi	r19, 0x07	; 7
     d04:	30 93 bf 05 	sts	0x05BF, r19	; 0x8005bf <func_ptr+0x1>
     d08:	20 93 be 05 	sts	0x05BE, r18	; 0x8005be <func_ptr>
/home/jgalera/develop/arduino/usdx/usdx_plus_orange/src/dsp/dsp.cpp:1276
  q_s0zb1 = q_s0zb0;
     d0c:	20 91 94 05 	lds	r18, 0x0594	; 0x800594 <q_s0zb0>
     d10:	30 91 95 05 	lds	r19, 0x0595	; 0x800595 <q_s0zb0+0x1>
     d14:	30 93 93 05 	sts	0x0593, r19	; 0x800593 <q_s0zb1+0x1>
     d18:	20 93 92 05 	sts	0x0592, r18	; 0x800592 <q_s0zb1>
_Z15sdr_rx_common_qv():
/home/jgalera/develop/arduino/usdx/usdx_plus_orange/src/dsp/dsp.cpp:1307
static int16_t ozi1, ozi2;

inline int16_t sdr_rx_common_q() {
  ADMUX = admux[0];
  ADCSRA |= (1 << ADSC);
  int16_t ac = ADC - 511;
     d1c:	8f 5f       	subi	r24, 0xFF	; 255
     d1e:	91 40       	sbci	r25, 0x01	; 1
_Z9sdr_rx_01v():
/home/jgalera/develop/arduino/usdx/usdx_plus_orange/src/dsp/dsp.cpp:1277
}
void sdr_rx_01() {
  int16_t ac = sdr_rx_common_q();
  func_ptr = sdr_rx_02;
  q_s0zb1 = q_s0zb0;
  q_s0zb0 = ac;
     d20:	90 93 95 05 	sts	0x0595, r25	; 0x800595 <q_s0zb0+0x1>
     d24:	80 93 94 05 	sts	0x0594, r24	; 0x800594 <q_s0zb0>
/home/jgalera/develop/arduino/usdx/usdx_plus_orange/src/dsp/dsp.cpp:1278
}
     d28:	08 95       	ret

00000d2a <sdr_rx_06()>:
_Z9sdr_rx_06v():
/home/jgalera/develop/arduino/usdx/usdx_plus_orange/src/dsp/dsp.cpp:1312
  int16_t ac = ADC - 511;
  return ac;
}

inline int16_t sdr_rx_common_i() {
  ADMUX = admux[1];
     d2a:	80 91 eb 05 	lds	r24, 0x05EB	; 0x8005eb <admux+0x1>
     d2e:	80 93 7c 00 	sts	0x007C, r24	; 0x80007c <__DATA_REGION_ORIGIN__+0x1c>
/home/jgalera/develop/arduino/usdx/usdx_plus_orange/src/dsp/dsp.cpp:1313
  ADCSRA |= (1 << ADSC);
     d32:	80 91 7a 00 	lds	r24, 0x007A	; 0x80007a <__DATA_REGION_ORIGIN__+0x1a>
     d36:	80 64       	ori	r24, 0x40	; 64
     d38:	80 93 7a 00 	sts	0x007A, r24	; 0x80007a <__DATA_REGION_ORIGIN__+0x1a>
/home/jgalera/develop/arduino/usdx/usdx_plus_orange/src/dsp/dsp.cpp:1314
  int16_t adc = ADC - 511;
     d3c:	20 91 78 00 	lds	r18, 0x0078	; 0x800078 <__DATA_REGION_ORIGIN__+0x18>
     d40:	30 91 79 00 	lds	r19, 0x0079	; 0x800079 <__DATA_REGION_ORIGIN__+0x19>
     d44:	2f 5f       	subi	r18, 0xFF	; 255
     d46:	31 40       	sbci	r19, 0x01	; 1
/home/jgalera/develop/arduino/usdx/usdx_plus_orange/src/dsp/dsp.cpp:1316
  static int16_t prev_adc;
  int16_t ac = (prev_adc + adc) / 2;
     d48:	80 91 84 05 	lds	r24, 0x0584	; 0x800584 <sdr_rx_common_i()::prev_adc>
     d4c:	90 91 85 05 	lds	r25, 0x0585	; 0x800585 <sdr_rx_common_i()::prev_adc+0x1>
     d50:	82 0f       	add	r24, r18
     d52:	93 1f       	adc	r25, r19
     d54:	97 fd       	sbrc	r25, 7
     d56:	01 96       	adiw	r24, 0x01	; 1
     d58:	95 95       	asr	r25
     d5a:	87 95       	ror	r24
/home/jgalera/develop/arduino/usdx/usdx_plus_orange/src/dsp/dsp.cpp:1317
  prev_adc = adc;
     d5c:	30 93 85 05 	sts	0x0585, r19	; 0x800585 <sdr_rx_common_i()::prev_adc+0x1>
     d60:	20 93 84 05 	sts	0x0584, r18	; 0x800584 <sdr_rx_common_i()::prev_adc>
/home/jgalera/develop/arduino/usdx/usdx_plus_orange/src/dsp/dsp.cpp:1319
#ifdef AF_OUT
  if (_init) {
     d64:	20 91 ef 05 	lds	r18, 0x05EF	; 0x8005ef <_init>
     d68:	21 11       	cpse	r18, r1
     d6a:	40 c0       	rjmp	.+128    	; 0xdec <sdr_rx_06()+0xc2>
     d6c:	40 91 80 05 	lds	r20, 0x0580	; 0x800580 <ozi1>
     d70:	50 91 81 05 	lds	r21, 0x0581	; 0x800581 <ozi1+0x1>
     d74:	60 91 7e 05 	lds	r22, 0x057E	; 0x80057e <ozi2>
     d78:	70 91 7f 05 	lds	r23, 0x057F	; 0x80057f <ozi2+0x1>
     d7c:	64 0f       	add	r22, r20
     d7e:	75 1f       	adc	r23, r21
     d80:	9b 01       	movw	r18, r22
     d82:	35 95       	asr	r19
     d84:	27 95       	ror	r18
     d86:	35 95       	asr	r19
     d88:	27 95       	ror	r18
     d8a:	35 95       	asr	r19
     d8c:	27 95       	ror	r18
     d8e:	35 95       	asr	r19
     d90:	27 95       	ror	r18
     d92:	35 95       	asr	r19
     d94:	27 95       	ror	r18
     d96:	20 58       	subi	r18, 0x80	; 128
     d98:	3f 4f       	sbci	r19, 0xFF	; 255
     d9a:	2f 3f       	cpi	r18, 0xFF	; 255
     d9c:	31 05       	cpc	r19, r1
     d9e:	09 f0       	breq	.+2      	; 0xda2 <sdr_rx_06()+0x78>
     da0:	7c f5       	brge	.+94     	; 0xe00 <sdr_rx_06()+0xd6>
     da2:	37 fd       	sbrc	r19, 7
     da4:	31 c0       	rjmp	.+98     	; 0xe08 <sdr_rx_06()+0xde>
/home/jgalera/develop/arduino/usdx/usdx_plus_orange/src/dsp/dsp.cpp:1324
    ocomb = 0;
    ozi1 = 0;
    ozi2 = 0;
  } // hack
  ozi2 = ozi1 + ozi2; // Integrator section
     da6:	70 93 7f 05 	sts	0x057F, r23	; 0x80057f <ozi2+0x1>
     daa:	60 93 7e 05 	sts	0x057E, r22	; 0x80057e <ozi2>
/home/jgalera/develop/arduino/usdx/usdx_plus_orange/src/dsp/dsp.cpp:1325
  ozi1 = ocomb + ozi1;
     dae:	60 91 82 05 	lds	r22, 0x0582	; 0x800582 <ocomb>
     db2:	70 91 83 05 	lds	r23, 0x0583	; 0x800583 <ocomb+0x1>
     db6:	46 0f       	add	r20, r22
     db8:	57 1f       	adc	r21, r23
     dba:	50 93 81 05 	sts	0x0581, r21	; 0x800581 <ozi1+0x1>
     dbe:	40 93 80 05 	sts	0x0580, r20	; 0x800580 <ozi1>
/home/jgalera/develop/arduino/usdx/usdx_plus_orange/src/dsp/dsp.cpp:1326
  OCR1AL = min(max((ozi2 >> 5) + 128, 0), 255);
     dc2:	20 93 88 00 	sts	0x0088, r18	; 0x800088 <__DATA_REGION_ORIGIN__+0x28>
/home/jgalera/develop/arduino/usdx/usdx_plus_orange/src/dsp/dsp.cpp:1269
  i_s1zb0 = (ac + (i_s0za1 + i_s0zb0) * 3 + i_s0zb1) >> M_SR;
  i_s0za1 = ac;
}
void sdr_rx_06() {
  int16_t ac = sdr_rx_common_i();
  func_ptr = sdr_rx_07;
     dc6:	20 ec       	ldi	r18, 0xC0	; 192
     dc8:	35 e0       	ldi	r19, 0x05	; 5
     dca:	30 93 bf 05 	sts	0x05BF, r19	; 0x8005bf <func_ptr+0x1>
     dce:	20 93 be 05 	sts	0x05BE, r18	; 0x8005be <func_ptr>
/home/jgalera/develop/arduino/usdx/usdx_plus_orange/src/dsp/dsp.cpp:1270
  i_s0zb1 = i_s0zb0;
     dd2:	20 91 88 05 	lds	r18, 0x0588	; 0x800588 <i_s0zb0>
     dd6:	30 91 89 05 	lds	r19, 0x0589	; 0x800589 <i_s0zb0+0x1>
     dda:	30 93 87 05 	sts	0x0587, r19	; 0x800587 <i_s0zb1+0x1>
     dde:	20 93 86 05 	sts	0x0586, r18	; 0x800586 <i_s0zb1>
/home/jgalera/develop/arduino/usdx/usdx_plus_orange/src/dsp/dsp.cpp:1271
  i_s0zb0 = ac;
     de2:	90 93 89 05 	sts	0x0589, r25	; 0x800589 <i_s0zb0+0x1>
     de6:	80 93 88 05 	sts	0x0588, r24	; 0x800588 <i_s0zb0>
/home/jgalera/develop/arduino/usdx/usdx_plus_orange/src/dsp/dsp.cpp:1272
}
     dea:	08 95       	ret
/home/jgalera/develop/arduino/usdx/usdx_plus_orange/src/dsp/dsp.cpp:1320
  static int16_t prev_adc;
  int16_t ac = (prev_adc + adc) / 2;
  prev_adc = adc;
#ifdef AF_OUT
  if (_init) {
    ocomb = 0;
     dec:	10 92 83 05 	sts	0x0583, r1	; 0x800583 <ocomb+0x1>
     df0:	10 92 82 05 	sts	0x0582, r1	; 0x800582 <ocomb>
     df4:	20 e8       	ldi	r18, 0x80	; 128
     df6:	70 e0       	ldi	r23, 0x00	; 0
     df8:	60 e0       	ldi	r22, 0x00	; 0
     dfa:	50 e0       	ldi	r21, 0x00	; 0
     dfc:	40 e0       	ldi	r20, 0x00	; 0
     dfe:	d3 cf       	rjmp	.-90     	; 0xda6 <sdr_rx_06()+0x7c>
     e00:	2f ef       	ldi	r18, 0xFF	; 255
     e02:	30 e0       	ldi	r19, 0x00	; 0
     e04:	37 ff       	sbrs	r19, 7
     e06:	cf cf       	rjmp	.-98     	; 0xda6 <sdr_rx_06()+0x7c>
     e08:	20 e0       	ldi	r18, 0x00	; 0
     e0a:	cd cf       	rjmp	.-102    	; 0xda6 <sdr_rx_06()+0x7c>

00000e0c <sdr_rx_04()>:
_Z9sdr_rx_04v():
/home/jgalera/develop/arduino/usdx/usdx_plus_orange/src/dsp/dsp.cpp:1312
  int16_t ac = ADC - 511;
  return ac;
}

inline int16_t sdr_rx_common_i() {
  ADMUX = admux[1];
     e0c:	80 91 eb 05 	lds	r24, 0x05EB	; 0x8005eb <admux+0x1>
     e10:	80 93 7c 00 	sts	0x007C, r24	; 0x80007c <__DATA_REGION_ORIGIN__+0x1c>
/home/jgalera/develop/arduino/usdx/usdx_plus_orange/src/dsp/dsp.cpp:1313
  ADCSRA |= (1 << ADSC);
     e14:	80 91 7a 00 	lds	r24, 0x007A	; 0x80007a <__DATA_REGION_ORIGIN__+0x1a>
     e18:	80 64       	ori	r24, 0x40	; 64
     e1a:	80 93 7a 00 	sts	0x007A, r24	; 0x80007a <__DATA_REGION_ORIGIN__+0x1a>
/home/jgalera/develop/arduino/usdx/usdx_plus_orange/src/dsp/dsp.cpp:1314
  int16_t adc = ADC - 511;
     e1e:	40 91 78 00 	lds	r20, 0x0078	; 0x800078 <__DATA_REGION_ORIGIN__+0x18>
     e22:	50 91 79 00 	lds	r21, 0x0079	; 0x800079 <__DATA_REGION_ORIGIN__+0x19>
     e26:	4f 5f       	subi	r20, 0xFF	; 255
     e28:	51 40       	sbci	r21, 0x01	; 1
/home/jgalera/develop/arduino/usdx/usdx_plus_orange/src/dsp/dsp.cpp:1316
  static int16_t prev_adc;
  int16_t ac = (prev_adc + adc) / 2;
     e2a:	80 91 84 05 	lds	r24, 0x0584	; 0x800584 <sdr_rx_common_i()::prev_adc>
     e2e:	90 91 85 05 	lds	r25, 0x0585	; 0x800585 <sdr_rx_common_i()::prev_adc+0x1>
     e32:	84 0f       	add	r24, r20
     e34:	95 1f       	adc	r25, r21
     e36:	97 fd       	sbrc	r25, 7
     e38:	01 96       	adiw	r24, 0x01	; 1
     e3a:	9c 01       	movw	r18, r24
     e3c:	35 95       	asr	r19
     e3e:	27 95       	ror	r18
/home/jgalera/develop/arduino/usdx/usdx_plus_orange/src/dsp/dsp.cpp:1317
  prev_adc = adc;
     e40:	50 93 85 05 	sts	0x0585, r21	; 0x800585 <sdr_rx_common_i()::prev_adc+0x1>
     e44:	40 93 84 05 	sts	0x0584, r20	; 0x800584 <sdr_rx_common_i()::prev_adc>
/home/jgalera/develop/arduino/usdx/usdx_plus_orange/src/dsp/dsp.cpp:1319
#ifdef AF_OUT
  if (_init) {
     e48:	80 91 ef 05 	lds	r24, 0x05EF	; 0x8005ef <_init>
     e4c:	81 11       	cpse	r24, r1
     e4e:	5e c0       	rjmp	.+188    	; 0xf0c <sdr_rx_04()+0x100>
     e50:	40 91 80 05 	lds	r20, 0x0580	; 0x800580 <ozi1>
     e54:	50 91 81 05 	lds	r21, 0x0581	; 0x800581 <ozi1+0x1>
     e58:	60 91 7e 05 	lds	r22, 0x057E	; 0x80057e <ozi2>
     e5c:	70 91 7f 05 	lds	r23, 0x057F	; 0x80057f <ozi2+0x1>
     e60:	64 0f       	add	r22, r20
     e62:	75 1f       	adc	r23, r21
     e64:	cb 01       	movw	r24, r22
     e66:	95 95       	asr	r25
     e68:	87 95       	ror	r24
     e6a:	95 95       	asr	r25
     e6c:	87 95       	ror	r24
     e6e:	95 95       	asr	r25
     e70:	87 95       	ror	r24
     e72:	95 95       	asr	r25
     e74:	87 95       	ror	r24
     e76:	95 95       	asr	r25
     e78:	87 95       	ror	r24
     e7a:	80 58       	subi	r24, 0x80	; 128
     e7c:	9f 4f       	sbci	r25, 0xFF	; 255
     e7e:	8f 3f       	cpi	r24, 0xFF	; 255
     e80:	91 05       	cpc	r25, r1
     e82:	11 f0       	breq	.+4      	; 0xe88 <sdr_rx_04()+0x7c>
     e84:	0c f0       	brlt	.+2      	; 0xe88 <sdr_rx_04()+0x7c>
     e86:	4c c0       	rjmp	.+152    	; 0xf20 <sdr_rx_04()+0x114>
     e88:	97 fd       	sbrc	r25, 7
     e8a:	4e c0       	rjmp	.+156    	; 0xf28 <sdr_rx_04()+0x11c>
/home/jgalera/develop/arduino/usdx/usdx_plus_orange/src/dsp/dsp.cpp:1324
    ocomb = 0;
    ozi1 = 0;
    ozi2 = 0;
  } // hack
  ozi2 = ozi1 + ozi2; // Integrator section
     e8c:	70 93 7f 05 	sts	0x057F, r23	; 0x80057f <ozi2+0x1>
     e90:	60 93 7e 05 	sts	0x057E, r22	; 0x80057e <ozi2>
/home/jgalera/develop/arduino/usdx/usdx_plus_orange/src/dsp/dsp.cpp:1325
  ozi1 = ocomb + ozi1;
     e94:	60 91 82 05 	lds	r22, 0x0582	; 0x800582 <ocomb>
     e98:	70 91 83 05 	lds	r23, 0x0583	; 0x800583 <ocomb+0x1>
     e9c:	46 0f       	add	r20, r22
     e9e:	57 1f       	adc	r21, r23
     ea0:	50 93 81 05 	sts	0x0581, r21	; 0x800581 <ozi1+0x1>
     ea4:	40 93 80 05 	sts	0x0580, r20	; 0x800580 <ozi1>
/home/jgalera/develop/arduino/usdx/usdx_plus_orange/src/dsp/dsp.cpp:1326
  OCR1AL = min(max((ozi2 >> 5) + 128, 0), 255);
     ea8:	80 93 88 00 	sts	0x0088, r24	; 0x800088 <__DATA_REGION_ORIGIN__+0x28>
/home/jgalera/develop/arduino/usdx/usdx_plus_orange/src/dsp/dsp.cpp:1262
  i_s0zb1 = i_s0zb0;
  i_s0zb0 = ac;
}
void sdr_rx_04() {
  int16_t ac = sdr_rx_common_i();
  func_ptr = sdr_rx_05;
     eac:	82 e1       	ldi	r24, 0x12	; 18
     eae:	96 e0       	ldi	r25, 0x06	; 6
     eb0:	90 93 bf 05 	sts	0x05BF, r25	; 0x8005bf <func_ptr+0x1>
     eb4:	80 93 be 05 	sts	0x05BE, r24	; 0x8005be <func_ptr>
/home/jgalera/develop/arduino/usdx/usdx_plus_orange/src/dsp/dsp.cpp:1263
  i_s1zb1 = i_s1zb0;
     eb8:	80 91 7c 05 	lds	r24, 0x057C	; 0x80057c <i_s1zb0>
     ebc:	90 91 7d 05 	lds	r25, 0x057D	; 0x80057d <i_s1zb0+0x1>
     ec0:	90 93 7b 05 	sts	0x057B, r25	; 0x80057b <i_s1zb1+0x1>
     ec4:	80 93 7a 05 	sts	0x057A, r24	; 0x80057a <i_s1zb1>
/home/jgalera/develop/arduino/usdx/usdx_plus_orange/src/dsp/dsp.cpp:1264
  i_s1zb0 = (ac + (i_s0za1 + i_s0zb0) * 3 + i_s0zb1) >> M_SR;
     ec8:	80 91 78 05 	lds	r24, 0x0578	; 0x800578 <i_s0za1>
     ecc:	90 91 79 05 	lds	r25, 0x0579	; 0x800579 <i_s0za1+0x1>
     ed0:	40 91 88 05 	lds	r20, 0x0588	; 0x800588 <i_s0zb0>
     ed4:	50 91 89 05 	lds	r21, 0x0589	; 0x800589 <i_s0zb0+0x1>
     ed8:	48 0f       	add	r20, r24
     eda:	59 1f       	adc	r21, r25
     edc:	ca 01       	movw	r24, r20
     ede:	88 0f       	add	r24, r24
     ee0:	99 1f       	adc	r25, r25
     ee2:	84 0f       	add	r24, r20
     ee4:	95 1f       	adc	r25, r21
     ee6:	82 0f       	add	r24, r18
     ee8:	93 1f       	adc	r25, r19
     eea:	40 91 86 05 	lds	r20, 0x0586	; 0x800586 <i_s0zb1>
     eee:	50 91 87 05 	lds	r21, 0x0587	; 0x800587 <i_s0zb1+0x1>
     ef2:	84 0f       	add	r24, r20
     ef4:	95 1f       	adc	r25, r21
     ef6:	95 95       	asr	r25
     ef8:	87 95       	ror	r24
     efa:	90 93 7d 05 	sts	0x057D, r25	; 0x80057d <i_s1zb0+0x1>
     efe:	80 93 7c 05 	sts	0x057C, r24	; 0x80057c <i_s1zb0>
/home/jgalera/develop/arduino/usdx/usdx_plus_orange/src/dsp/dsp.cpp:1265
  i_s0za1 = ac;
     f02:	30 93 79 05 	sts	0x0579, r19	; 0x800579 <i_s0za1+0x1>
     f06:	20 93 78 05 	sts	0x0578, r18	; 0x800578 <i_s0za1>
/home/jgalera/develop/arduino/usdx/usdx_plus_orange/src/dsp/dsp.cpp:1266
}
     f0a:	08 95       	ret
/home/jgalera/develop/arduino/usdx/usdx_plus_orange/src/dsp/dsp.cpp:1320
  static int16_t prev_adc;
  int16_t ac = (prev_adc + adc) / 2;
  prev_adc = adc;
#ifdef AF_OUT
  if (_init) {
    ocomb = 0;
     f0c:	10 92 83 05 	sts	0x0583, r1	; 0x800583 <ocomb+0x1>
     f10:	10 92 82 05 	sts	0x0582, r1	; 0x800582 <ocomb>
     f14:	80 e8       	ldi	r24, 0x80	; 128
     f16:	70 e0       	ldi	r23, 0x00	; 0
     f18:	60 e0       	ldi	r22, 0x00	; 0
     f1a:	50 e0       	ldi	r21, 0x00	; 0
     f1c:	40 e0       	ldi	r20, 0x00	; 0
     f1e:	b6 cf       	rjmp	.-148    	; 0xe8c <sdr_rx_04()+0x80>
     f20:	8f ef       	ldi	r24, 0xFF	; 255
     f22:	90 e0       	ldi	r25, 0x00	; 0
     f24:	97 ff       	sbrs	r25, 7
     f26:	b2 cf       	rjmp	.-156    	; 0xe8c <sdr_rx_04()+0x80>
     f28:	80 e0       	ldi	r24, 0x00	; 0
     f2a:	b0 cf       	rjmp	.-160    	; 0xe8c <sdr_rx_04()+0x80>

00000f2c <sdr_rx_02()>:
_Z9sdr_rx_02v():
/home/jgalera/develop/arduino/usdx/usdx_plus_orange/src/dsp/dsp.cpp:1312
  int16_t ac = ADC - 511;
  return ac;
}

inline int16_t sdr_rx_common_i() {
  ADMUX = admux[1];
     f2c:	80 91 eb 05 	lds	r24, 0x05EB	; 0x8005eb <admux+0x1>
     f30:	80 93 7c 00 	sts	0x007C, r24	; 0x80007c <__DATA_REGION_ORIGIN__+0x1c>
/home/jgalera/develop/arduino/usdx/usdx_plus_orange/src/dsp/dsp.cpp:1313
  ADCSRA |= (1 << ADSC);
     f34:	80 91 7a 00 	lds	r24, 0x007A	; 0x80007a <__DATA_REGION_ORIGIN__+0x1a>
     f38:	80 64       	ori	r24, 0x40	; 64
     f3a:	80 93 7a 00 	sts	0x007A, r24	; 0x80007a <__DATA_REGION_ORIGIN__+0x1a>
/home/jgalera/develop/arduino/usdx/usdx_plus_orange/src/dsp/dsp.cpp:1314
  int16_t adc = ADC - 511;
     f3e:	20 91 78 00 	lds	r18, 0x0078	; 0x800078 <__DATA_REGION_ORIGIN__+0x18>
     f42:	30 91 79 00 	lds	r19, 0x0079	; 0x800079 <__DATA_REGION_ORIGIN__+0x19>
     f46:	2f 5f       	subi	r18, 0xFF	; 255
     f48:	31 40       	sbci	r19, 0x01	; 1
/home/jgalera/develop/arduino/usdx/usdx_plus_orange/src/dsp/dsp.cpp:1316
  static int16_t prev_adc;
  int16_t ac = (prev_adc + adc) / 2;
     f4a:	80 91 84 05 	lds	r24, 0x0584	; 0x800584 <sdr_rx_common_i()::prev_adc>
     f4e:	90 91 85 05 	lds	r25, 0x0585	; 0x800585 <sdr_rx_common_i()::prev_adc+0x1>
     f52:	82 0f       	add	r24, r18
     f54:	93 1f       	adc	r25, r19
     f56:	97 fd       	sbrc	r25, 7
     f58:	01 96       	adiw	r24, 0x01	; 1
     f5a:	95 95       	asr	r25
     f5c:	87 95       	ror	r24
/home/jgalera/develop/arduino/usdx/usdx_plus_orange/src/dsp/dsp.cpp:1317
  prev_adc = adc;
     f5e:	30 93 85 05 	sts	0x0585, r19	; 0x800585 <sdr_rx_common_i()::prev_adc+0x1>
     f62:	20 93 84 05 	sts	0x0584, r18	; 0x800584 <sdr_rx_common_i()::prev_adc>
/home/jgalera/develop/arduino/usdx/usdx_plus_orange/src/dsp/dsp.cpp:1319
#ifdef AF_OUT
  if (_init) {
     f66:	20 91 ef 05 	lds	r18, 0x05EF	; 0x8005ef <_init>
     f6a:	21 11       	cpse	r18, r1
     f6c:	40 c0       	rjmp	.+128    	; 0xfee <sdr_rx_02()+0xc2>
     f6e:	40 91 80 05 	lds	r20, 0x0580	; 0x800580 <ozi1>
     f72:	50 91 81 05 	lds	r21, 0x0581	; 0x800581 <ozi1+0x1>
     f76:	60 91 7e 05 	lds	r22, 0x057E	; 0x80057e <ozi2>
     f7a:	70 91 7f 05 	lds	r23, 0x057F	; 0x80057f <ozi2+0x1>
     f7e:	64 0f       	add	r22, r20
     f80:	75 1f       	adc	r23, r21
     f82:	9b 01       	movw	r18, r22
     f84:	35 95       	asr	r19
     f86:	27 95       	ror	r18
     f88:	35 95       	asr	r19
     f8a:	27 95       	ror	r18
     f8c:	35 95       	asr	r19
     f8e:	27 95       	ror	r18
     f90:	35 95       	asr	r19
     f92:	27 95       	ror	r18
     f94:	35 95       	asr	r19
     f96:	27 95       	ror	r18
     f98:	20 58       	subi	r18, 0x80	; 128
     f9a:	3f 4f       	sbci	r19, 0xFF	; 255
     f9c:	2f 3f       	cpi	r18, 0xFF	; 255
     f9e:	31 05       	cpc	r19, r1
     fa0:	09 f0       	breq	.+2      	; 0xfa4 <sdr_rx_02()+0x78>
     fa2:	7c f5       	brge	.+94     	; 0x1002 <sdr_rx_02()+0xd6>
     fa4:	37 fd       	sbrc	r19, 7
     fa6:	31 c0       	rjmp	.+98     	; 0x100a <sdr_rx_02()+0xde>
/home/jgalera/develop/arduino/usdx/usdx_plus_orange/src/dsp/dsp.cpp:1324
    ocomb = 0;
    ozi1 = 0;
    ozi2 = 0;
  } // hack
  ozi2 = ozi1 + ozi2; // Integrator section
     fa8:	70 93 7f 05 	sts	0x057F, r23	; 0x80057f <ozi2+0x1>
     fac:	60 93 7e 05 	sts	0x057E, r22	; 0x80057e <ozi2>
/home/jgalera/develop/arduino/usdx/usdx_plus_orange/src/dsp/dsp.cpp:1325
  ozi1 = ocomb + ozi1;
     fb0:	60 91 82 05 	lds	r22, 0x0582	; 0x800582 <ocomb>
     fb4:	70 91 83 05 	lds	r23, 0x0583	; 0x800583 <ocomb+0x1>
     fb8:	46 0f       	add	r20, r22
     fba:	57 1f       	adc	r21, r23
     fbc:	50 93 81 05 	sts	0x0581, r21	; 0x800581 <ozi1+0x1>
     fc0:	40 93 80 05 	sts	0x0580, r20	; 0x800580 <ozi1>
/home/jgalera/develop/arduino/usdx/usdx_plus_orange/src/dsp/dsp.cpp:1326
  OCR1AL = min(max((ozi2 >> 5) + 128, 0), 255);
     fc4:	20 93 88 00 	sts	0x0088, r18	; 0x800088 <__DATA_REGION_ORIGIN__+0x28>
/home/jgalera/develop/arduino/usdx/usdx_plus_orange/src/dsp/dsp.cpp:1256
  i_s1za1 = i_s1za0;
  process(ac2, q_ac2);
}
void sdr_rx_02() {
  int16_t ac = sdr_rx_common_i();
  func_ptr = sdr_rx_03;
     fc8:	24 e3       	ldi	r18, 0x34	; 52
     fca:	36 e0       	ldi	r19, 0x06	; 6
     fcc:	30 93 bf 05 	sts	0x05BF, r19	; 0x8005bf <func_ptr+0x1>
     fd0:	20 93 be 05 	sts	0x05BE, r18	; 0x8005be <func_ptr>
/home/jgalera/develop/arduino/usdx/usdx_plus_orange/src/dsp/dsp.cpp:1257
  i_s0zb1 = i_s0zb0;
     fd4:	20 91 88 05 	lds	r18, 0x0588	; 0x800588 <i_s0zb0>
     fd8:	30 91 89 05 	lds	r19, 0x0589	; 0x800589 <i_s0zb0+0x1>
     fdc:	30 93 87 05 	sts	0x0587, r19	; 0x800587 <i_s0zb1+0x1>
     fe0:	20 93 86 05 	sts	0x0586, r18	; 0x800586 <i_s0zb1>
/home/jgalera/develop/arduino/usdx/usdx_plus_orange/src/dsp/dsp.cpp:1258
  i_s0zb0 = ac;
     fe4:	90 93 89 05 	sts	0x0589, r25	; 0x800589 <i_s0zb0+0x1>
     fe8:	80 93 88 05 	sts	0x0588, r24	; 0x800588 <i_s0zb0>
/home/jgalera/develop/arduino/usdx/usdx_plus_orange/src/dsp/dsp.cpp:1259
}
     fec:	08 95       	ret
/home/jgalera/develop/arduino/usdx/usdx_plus_orange/src/dsp/dsp.cpp:1320
  static int16_t prev_adc;
  int16_t ac = (prev_adc + adc) / 2;
  prev_adc = adc;
#ifdef AF_OUT
  if (_init) {
    ocomb = 0;
     fee:	10 92 83 05 	sts	0x0583, r1	; 0x800583 <ocomb+0x1>
     ff2:	10 92 82 05 	sts	0x0582, r1	; 0x800582 <ocomb>
     ff6:	20 e8       	ldi	r18, 0x80	; 128
     ff8:	70 e0       	ldi	r23, 0x00	; 0
     ffa:	60 e0       	ldi	r22, 0x00	; 0
     ffc:	50 e0       	ldi	r21, 0x00	; 0
     ffe:	40 e0       	ldi	r20, 0x00	; 0
    1000:	d3 cf       	rjmp	.-90     	; 0xfa8 <sdr_rx_02()+0x7c>
    1002:	2f ef       	ldi	r18, 0xFF	; 255
    1004:	30 e0       	ldi	r19, 0x00	; 0
    1006:	37 ff       	sbrs	r19, 7
    1008:	cf cf       	rjmp	.-98     	; 0xfa8 <sdr_rx_02()+0x7c>
    100a:	20 e0       	ldi	r18, 0x00	; 0
    100c:	cd cf       	rjmp	.-102    	; 0xfa8 <sdr_rx_02()+0x7c>

0000100e <sdr_rx_00()>:
_Z9sdr_rx_00v():
/home/jgalera/develop/arduino/usdx/usdx_plus_orange/src/dsp/dsp.cpp:1245

static int16_t i_s0za1, i_s0zb0, i_s0zb1, i_s1za1, i_s1zb0, i_s1zb1;
static int16_t q_s0za1, q_s0zb0, q_s0zb1, q_s1za1, q_s1zb0, q_s1zb1, q_ac2;

#define M_SR 1 // CIC N=3
void sdr_rx_00() {
    100e:	4f 92       	push	r4
    1010:	5f 92       	push	r5
    1012:	6f 92       	push	r6
    1014:	7f 92       	push	r7
    1016:	8f 92       	push	r8
    1018:	9f 92       	push	r9
    101a:	af 92       	push	r10
    101c:	bf 92       	push	r11
    101e:	cf 92       	push	r12
    1020:	df 92       	push	r13
    1022:	ef 92       	push	r14
    1024:	ff 92       	push	r15
    1026:	0f 93       	push	r16
    1028:	1f 93       	push	r17
    102a:	cf 93       	push	r28
    102c:	df 93       	push	r29
sdr_rx_common_i():
/home/jgalera/develop/arduino/usdx/usdx_plus_orange/src/dsp/dsp.cpp:1312
  int16_t ac = ADC - 511;
  return ac;
}

inline int16_t sdr_rx_common_i() {
  ADMUX = admux[1];
    102e:	80 91 eb 05 	lds	r24, 0x05EB	; 0x8005eb <admux+0x1>
    1032:	80 93 7c 00 	sts	0x007C, r24	; 0x80007c <__DATA_REGION_ORIGIN__+0x1c>
/home/jgalera/develop/arduino/usdx/usdx_plus_orange/src/dsp/dsp.cpp:1313
  ADCSRA |= (1 << ADSC);
    1036:	80 91 7a 00 	lds	r24, 0x007A	; 0x80007a <__DATA_REGION_ORIGIN__+0x1a>
    103a:	80 64       	ori	r24, 0x40	; 64
    103c:	80 93 7a 00 	sts	0x007A, r24	; 0x80007a <__DATA_REGION_ORIGIN__+0x1a>
/home/jgalera/develop/arduino/usdx/usdx_plus_orange/src/dsp/dsp.cpp:1314
  int16_t adc = ADC - 511;
    1040:	40 91 78 00 	lds	r20, 0x0078	; 0x800078 <__DATA_REGION_ORIGIN__+0x18>
    1044:	50 91 79 00 	lds	r21, 0x0079	; 0x800079 <__DATA_REGION_ORIGIN__+0x19>
    1048:	4f 5f       	subi	r20, 0xFF	; 255
    104a:	51 40       	sbci	r21, 0x01	; 1
/home/jgalera/develop/arduino/usdx/usdx_plus_orange/src/dsp/dsp.cpp:1316
  static int16_t prev_adc;
  int16_t ac = (prev_adc + adc) / 2;
    104c:	80 91 84 05 	lds	r24, 0x0584	; 0x800584 <sdr_rx_common_i()::prev_adc>
    1050:	90 91 85 05 	lds	r25, 0x0585	; 0x800585 <sdr_rx_common_i()::prev_adc+0x1>
    1054:	84 0f       	add	r24, r20
    1056:	95 1f       	adc	r25, r21
    1058:	97 fd       	sbrc	r25, 7
    105a:	01 96       	adiw	r24, 0x01	; 1
    105c:	9c 01       	movw	r18, r24
    105e:	35 95       	asr	r19
    1060:	27 95       	ror	r18
/home/jgalera/develop/arduino/usdx/usdx_plus_orange/src/dsp/dsp.cpp:1317
  prev_adc = adc;
    1062:	50 93 85 05 	sts	0x0585, r21	; 0x800585 <sdr_rx_common_i()::prev_adc+0x1>
    1066:	40 93 84 05 	sts	0x0584, r20	; 0x800584 <sdr_rx_common_i()::prev_adc>
/home/jgalera/develop/arduino/usdx/usdx_plus_orange/src/dsp/dsp.cpp:1319
#ifdef AF_OUT
  if (_init) {
    106a:	80 91 ef 05 	lds	r24, 0x05EF	; 0x8005ef <_init>
    106e:	81 11       	cpse	r24, r1
    1070:	dd c2       	rjmp	.+1466   	; 0x162c <sdr_rx_00()+0x61e>
    1072:	e0 91 80 05 	lds	r30, 0x0580	; 0x800580 <ozi1>
    1076:	f0 91 81 05 	lds	r31, 0x0581	; 0x800581 <ozi1+0x1>
    107a:	60 91 7e 05 	lds	r22, 0x057E	; 0x80057e <ozi2>
    107e:	70 91 7f 05 	lds	r23, 0x057F	; 0x80057f <ozi2+0x1>
    1082:	6e 0f       	add	r22, r30
    1084:	7f 1f       	adc	r23, r31
    1086:	cb 01       	movw	r24, r22
    1088:	95 95       	asr	r25
    108a:	87 95       	ror	r24
    108c:	95 95       	asr	r25
    108e:	87 95       	ror	r24
    1090:	95 95       	asr	r25
    1092:	87 95       	ror	r24
    1094:	95 95       	asr	r25
    1096:	87 95       	ror	r24
    1098:	95 95       	asr	r25
    109a:	87 95       	ror	r24
    109c:	80 58       	subi	r24, 0x80	; 128
    109e:	9f 4f       	sbci	r25, 0xFF	; 255
    10a0:	8f 3f       	cpi	r24, 0xFF	; 255
    10a2:	91 05       	cpc	r25, r1
    10a4:	11 f0       	breq	.+4      	; 0x10aa <sdr_rx_00()+0x9c>
    10a6:	0c f0       	brlt	.+2      	; 0x10aa <sdr_rx_00()+0x9c>
    10a8:	77 c3       	rjmp	.+1774   	; 0x1798 <sdr_rx_00()+0x78a>
    10aa:	97 fd       	sbrc	r25, 7
    10ac:	b1 c3       	rjmp	.+1890   	; 0x1810 <sdr_rx_00()+0x802>
/home/jgalera/develop/arduino/usdx/usdx_plus_orange/src/dsp/dsp.cpp:1324
    ocomb = 0;
    ozi1 = 0;
    ozi2 = 0;
  } // hack
  ozi2 = ozi1 + ozi2; // Integrator section
    10ae:	70 93 7f 05 	sts	0x057F, r23	; 0x80057f <ozi2+0x1>
    10b2:	60 93 7e 05 	sts	0x057E, r22	; 0x80057e <ozi2>
/home/jgalera/develop/arduino/usdx/usdx_plus_orange/src/dsp/dsp.cpp:1325
  ozi1 = ocomb + ozi1;
    10b6:	40 91 82 05 	lds	r20, 0x0582	; 0x800582 <ocomb>
    10ba:	50 91 83 05 	lds	r21, 0x0583	; 0x800583 <ocomb+0x1>
    10be:	4e 0f       	add	r20, r30
    10c0:	5f 1f       	adc	r21, r31
    10c2:	50 93 81 05 	sts	0x0581, r21	; 0x800581 <ozi1+0x1>
    10c6:	40 93 80 05 	sts	0x0580, r20	; 0x800580 <ozi1>
/home/jgalera/develop/arduino/usdx/usdx_plus_orange/src/dsp/dsp.cpp:1326
  OCR1AL = min(max((ozi2 >> 5) + 128, 0), 255);
    10ca:	80 93 88 00 	sts	0x0088, r24	; 0x800088 <__DATA_REGION_ORIGIN__+0x28>
_Z9sdr_rx_00v():
/home/jgalera/develop/arduino/usdx/usdx_plus_orange/src/dsp/dsp.cpp:1247
static int16_t q_s0za1, q_s0zb0, q_s0zb1, q_s1za1, q_s1zb0, q_s1zb1, q_ac2;

#define M_SR 1 // CIC N=3
void sdr_rx_00() {
  int16_t ac = sdr_rx_common_i();
  func_ptr = sdr_rx_01;
    10ce:	83 e7       	ldi	r24, 0x73	; 115
    10d0:	96 e0       	ldi	r25, 0x06	; 6
    10d2:	90 93 bf 05 	sts	0x05BF, r25	; 0x8005bf <func_ptr+0x1>
    10d6:	80 93 be 05 	sts	0x05BE, r24	; 0x8005be <func_ptr>
/home/jgalera/develop/arduino/usdx/usdx_plus_orange/src/dsp/dsp.cpp:1248
  int16_t i_s1za0 = (ac + (i_s0za1 + i_s0zb0) * 3 + i_s0zb1) >> M_SR;
    10da:	80 91 78 05 	lds	r24, 0x0578	; 0x800578 <i_s0za1>
    10de:	90 91 79 05 	lds	r25, 0x0579	; 0x800579 <i_s0za1+0x1>
    10e2:	40 91 88 05 	lds	r20, 0x0588	; 0x800588 <i_s0zb0>
    10e6:	50 91 89 05 	lds	r21, 0x0589	; 0x800589 <i_s0zb0+0x1>
    10ea:	48 0f       	add	r20, r24
    10ec:	59 1f       	adc	r21, r25
    10ee:	ca 01       	movw	r24, r20
    10f0:	88 0f       	add	r24, r24
    10f2:	99 1f       	adc	r25, r25
    10f4:	84 0f       	add	r24, r20
    10f6:	95 1f       	adc	r25, r21
    10f8:	82 0f       	add	r24, r18
    10fa:	93 1f       	adc	r25, r19
    10fc:	40 91 86 05 	lds	r20, 0x0586	; 0x800586 <i_s0zb1>
    1100:	50 91 87 05 	lds	r21, 0x0587	; 0x800587 <i_s0zb1+0x1>
    1104:	84 0f       	add	r24, r20
    1106:	95 1f       	adc	r25, r21
    1108:	95 95       	asr	r25
    110a:	87 95       	ror	r24
/home/jgalera/develop/arduino/usdx/usdx_plus_orange/src/dsp/dsp.cpp:1249
  i_s0za1 = ac;
    110c:	30 93 79 05 	sts	0x0579, r19	; 0x800579 <i_s0za1+0x1>
    1110:	20 93 78 05 	sts	0x0578, r18	; 0x800578 <i_s0za1>
/home/jgalera/develop/arduino/usdx/usdx_plus_orange/src/dsp/dsp.cpp:1250
  int16_t ac2 = (i_s1za0 + (i_s1za1 + i_s1zb0) * 3 + i_s1zb1);
    1114:	60 90 76 05 	lds	r6, 0x0576	; 0x800576 <i_s1za1>
    1118:	70 90 77 05 	lds	r7, 0x0577	; 0x800577 <i_s1za1+0x1>
    111c:	20 91 7c 05 	lds	r18, 0x057C	; 0x80057c <i_s1zb0>
    1120:	30 91 7d 05 	lds	r19, 0x057D	; 0x80057d <i_s1zb0+0x1>
    1124:	26 0d       	add	r18, r6
    1126:	37 1d       	adc	r19, r7
    1128:	39 01       	movw	r6, r18
    112a:	66 0c       	add	r6, r6
    112c:	77 1c       	adc	r7, r7
    112e:	62 0e       	add	r6, r18
    1130:	73 1e       	adc	r7, r19
    1132:	68 0e       	add	r6, r24
    1134:	79 1e       	adc	r7, r25
    1136:	20 91 7a 05 	lds	r18, 0x057A	; 0x80057a <i_s1zb1>
    113a:	30 91 7b 05 	lds	r19, 0x057B	; 0x80057b <i_s1zb1+0x1>
    113e:	62 0e       	add	r6, r18
    1140:	73 1e       	adc	r7, r19
/home/jgalera/develop/arduino/usdx/usdx_plus_orange/src/dsp/dsp.cpp:1251
  i_s1za1 = i_s1za0;
    1142:	90 93 77 05 	sts	0x0577, r25	; 0x800577 <i_s1za1+0x1>
    1146:	80 93 76 05 	sts	0x0576, r24	; 0x800576 <i_s1za1>
/home/jgalera/develop/arduino/usdx/usdx_plus_orange/src/dsp/dsp.cpp:1252
  process(ac2, q_ac2);
    114a:	60 91 8a 05 	lds	r22, 0x058A	; 0x80058a <q_ac2>
    114e:	70 91 8b 05 	lds	r23, 0x058B	; 0x80058b <q_ac2+0x1>
process():
/home/jgalera/develop/arduino/usdx/usdx_plus_orange/src/dsp/dsp.cpp:1168
  } // UDR0 = (uint8_t)(ac3 + 128);   // from:
    // https://www.xanthium.in/how-to-avr-atmega328p-microcontroller-usart-uart-embedded-programming-avrgcc
#endif // CAT_STREAMING
#ifdef AF_OUT
  static int16_t ozd1, ozd2; // Output stage
  if (_init) {
    1152:	80 91 ef 05 	lds	r24, 0x05EF	; 0x8005ef <_init>
    1156:	81 11       	cpse	r24, r1
    1158:	54 c2       	rjmp	.+1192   	; 0x1602 <sdr_rx_00()+0x5f4>
    115a:	80 91 74 05 	lds	r24, 0x0574	; 0x800574 <process(int, int)::ac3>
    115e:	90 91 75 05 	lds	r25, 0x0575	; 0x800575 <process(int, int)::ac3+0x1>
    1162:	20 91 72 05 	lds	r18, 0x0572	; 0x800572 <process(int, int)::ozd1>
    1166:	30 91 73 05 	lds	r19, 0x0573	; 0x800573 <process(int, int)::ozd1+0x1>
    116a:	ac 01       	movw	r20, r24
    116c:	42 1b       	sub	r20, r18
    116e:	53 0b       	sbc	r21, r19
    1170:	9a 01       	movw	r18, r20
    1172:	40 91 70 05 	lds	r20, 0x0570	; 0x800570 <process(int, int)::ozd2>
    1176:	50 91 71 05 	lds	r21, 0x0571	; 0x800571 <process(int, int)::ozd2+0x1>
    117a:	d9 01       	movw	r26, r18
    117c:	a4 1b       	sub	r26, r20
    117e:	b5 0b       	sbc	r27, r21
    1180:	ad 01       	movw	r20, r26
/home/jgalera/develop/arduino/usdx/usdx_plus_orange/src/dsp/dsp.cpp:1176
    ozd2 = 0;
    _init = 0;
  } // hack: on first sample init accumlators of further stages (to prevent
    // instability)
  int16_t od1 = ac3 - ozd1; // Comb section
  ocomb = od1 - ozd2;
    1182:	50 93 83 05 	sts	0x0583, r21	; 0x800583 <ocomb+0x1>
    1186:	40 93 82 05 	sts	0x0582, r20	; 0x800582 <ocomb>
/home/jgalera/develop/arduino/usdx/usdx_plus_orange/src/dsp/dsp.cpp:1180
#endif // AF_OUT
#define OUTLET 1
#ifdef OUTLET
  if (tc++ == 0) // prevent recursion
    118a:	40 91 6f 05 	lds	r20, 0x056F	; 0x80056f <tc>
    118e:	54 2f       	mov	r21, r20
    1190:	4f 5f       	subi	r20, 0xFF	; 255
    1192:	40 93 6f 05 	sts	0x056F, r20	; 0x80056f <tc>
    1196:	51 11       	cpse	r21, r1
    1198:	07 c0       	rjmp	.+14     	; 0x11a8 <sdr_rx_00()+0x19a>
/home/jgalera/develop/arduino/usdx/usdx_plus_orange/src/dsp/dsp.cpp:1182
#endif
    interrupts(); // hack, since slow_dsp process exceeds rx sample-time, allow
    119a:	78 94       	sei
    119c:	80 91 74 05 	lds	r24, 0x0574	; 0x800574 <process(int, int)::ac3>
    11a0:	90 91 75 05 	lds	r25, 0x0575	; 0x800575 <process(int, int)::ac3+0x1>
    11a4:	40 91 6f 05 	lds	r20, 0x056F	; 0x80056f <tc>
/home/jgalera/develop/arduino/usdx/usdx_plus_orange/src/dsp/dsp.cpp:1186
                  // subsequent 7 interrupts for further rx sampling while
                  // processing, prevent nested interrupts with tc
#ifdef AF_OUT
  ozd2 = od1;
    11a8:	30 93 71 05 	sts	0x0571, r19	; 0x800571 <process(int, int)::ozd2+0x1>
    11ac:	20 93 70 05 	sts	0x0570, r18	; 0x800570 <process(int, int)::ozd2>
/home/jgalera/develop/arduino/usdx/usdx_plus_orange/src/dsp/dsp.cpp:1187
  ozd1 = ac3;
    11b0:	90 93 73 05 	sts	0x0573, r25	; 0x800573 <process(int, int)::ozd1+0x1>
    11b4:	80 93 72 05 	sts	0x0572, r24	; 0x800572 <process(int, int)::ozd1>
/home/jgalera/develop/arduino/usdx/usdx_plus_orange/src/dsp/dsp.cpp:1191
#endif // AF_OUT
  int16_t qh;
  {
    q_ac2 >>= att2;       // digital gain control
    11b8:	80 91 72 01 	lds	r24, 0x0172	; 0x800172 <att2>
    11bc:	02 c0       	rjmp	.+4      	; 0x11c2 <sdr_rx_00()+0x1b4>
    11be:	75 95       	asr	r23
    11c0:	67 95       	ror	r22
    11c2:	8a 95       	dec	r24
    11c4:	e2 f7       	brpl	.-8      	; 0x11be <sdr_rx_00()+0x1b0>
/home/jgalera/develop/arduino/usdx/usdx_plus_orange/src/dsp/dsp.cpp:1196
    static int16_t v[14]; // Process Q (down-sampled) samples
    // Hilbert transform, BasicDSP model:  outi= fir(inl,  0, 0, 0, 0, 0,  0, 0,
    // 1,   0, 0,   0, 0,  0, 0, 0, 0); outq = fir(inr, 2, 0, 8, 0, 21, 0, 79,
    // 0, -79, 0, -21, 0, -8, 0, -2, 0) / 128;
    qh = ((v[0] - q_ac2) + (v[2] - v[12]) * 4) / 64 +
    11c6:	c0 90 57 05 	lds	r12, 0x0557	; 0x800557 <process(int, int)::v+0x4>
    11ca:	d0 90 58 05 	lds	r13, 0x0558	; 0x800558 <process(int, int)::v+0x5>
    11ce:	a0 90 6b 05 	lds	r10, 0x056B	; 0x80056b <process(int, int)::v+0x18>
    11d2:	b0 90 6c 05 	lds	r11, 0x056C	; 0x80056c <process(int, int)::v+0x19>
/home/jgalera/develop/arduino/usdx/usdx_plus_orange/src/dsp/dsp.cpp:1197
         ((v[4] - v[10]) + (v[6] - v[8])) / 8 +
    11d6:	e0 90 5b 05 	lds	r14, 0x055B	; 0x80055b <process(int, int)::v+0x8>
    11da:	f0 90 5c 05 	lds	r15, 0x055C	; 0x80055c <process(int, int)::v+0x9>
    11de:	a0 91 67 05 	lds	r26, 0x0567	; 0x800567 <process(int, int)::v+0x14>
    11e2:	b0 91 68 05 	lds	r27, 0x0568	; 0x800568 <process(int, int)::v+0x15>
    11e6:	f7 01       	movw	r30, r14
    11e8:	ea 1b       	sub	r30, r26
    11ea:	fb 0b       	sbc	r31, r27
    11ec:	00 91 5f 05 	lds	r16, 0x055F	; 0x80055f <process(int, int)::v+0xc>
    11f0:	10 91 60 05 	lds	r17, 0x0560	; 0x800560 <process(int, int)::v+0xd>
    11f4:	c0 91 63 05 	lds	r28, 0x0563	; 0x800563 <process(int, int)::v+0x10>
    11f8:	d0 91 64 05 	lds	r29, 0x0564	; 0x800564 <process(int, int)::v+0x11>
    11fc:	98 01       	movw	r18, r16
    11fe:	2c 1b       	sub	r18, r28
    1200:	3d 0b       	sbc	r19, r29
/home/jgalera/develop/arduino/usdx/usdx_plus_orange/src/dsp/dsp.cpp:1196
    q_ac2 >>= att2;       // digital gain control
    static int16_t v[14]; // Process Q (down-sampled) samples
    // Hilbert transform, BasicDSP model:  outi= fir(inl,  0, 0, 0, 0, 0,  0, 0,
    // 1,   0, 0,   0, 0,  0, 0, 0, 0); outq = fir(inr, 2, 0, 8, 0, 21, 0, 79,
    // 0, -79, 0, -21, 0, -8, 0, -2, 0) / 128;
    qh = ((v[0] - q_ac2) + (v[2] - v[12]) * 4) / 64 +
    1202:	80 90 53 05 	lds	r8, 0x0553	; 0x800553 <process(int, int)::v>
    1206:	90 90 54 05 	lds	r9, 0x0554	; 0x800554 <process(int, int)::v+0x1>
    120a:	86 1a       	sub	r8, r22
    120c:	97 0a       	sbc	r9, r23
    120e:	c6 01       	movw	r24, r12
    1210:	8a 19       	sub	r24, r10
    1212:	9b 09       	sbc	r25, r11
    1214:	88 0f       	add	r24, r24
    1216:	99 1f       	adc	r25, r25
    1218:	88 0f       	add	r24, r24
    121a:	99 1f       	adc	r25, r25
    121c:	88 0e       	add	r8, r24
    121e:	99 1e       	adc	r9, r25
    1220:	97 fe       	sbrs	r9, 7
    1222:	03 c0       	rjmp	.+6      	; 0x122a <sdr_rx_00()+0x21c>
    1224:	5f e3       	ldi	r21, 0x3F	; 63
    1226:	85 0e       	add	r8, r21
    1228:	91 1c       	adc	r9, r1
    122a:	08 2c       	mov	r0, r8
    122c:	89 2c       	mov	r8, r9
    122e:	00 0c       	add	r0, r0
    1230:	88 1c       	adc	r8, r8
    1232:	99 08       	sbc	r9, r9
    1234:	00 0c       	add	r0, r0
    1236:	88 1c       	adc	r8, r8
    1238:	99 1c       	adc	r9, r9
/home/jgalera/develop/arduino/usdx/usdx_plus_orange/src/dsp/dsp.cpp:1197
         ((v[4] - v[10]) + (v[6] - v[8])) / 8 +
    123a:	cf 01       	movw	r24, r30
    123c:	82 0f       	add	r24, r18
    123e:	93 1f       	adc	r25, r19
    1240:	97 fd       	sbrc	r25, 7
    1242:	07 96       	adiw	r24, 0x07	; 7
    1244:	95 95       	asr	r25
    1246:	87 95       	ror	r24
    1248:	95 95       	asr	r25
    124a:	87 95       	ror	r24
    124c:	95 95       	asr	r25
    124e:	87 95       	ror	r24
/home/jgalera/develop/arduino/usdx/usdx_plus_orange/src/dsp/dsp.cpp:1196
    q_ac2 >>= att2;       // digital gain control
    static int16_t v[14]; // Process Q (down-sampled) samples
    // Hilbert transform, BasicDSP model:  outi= fir(inl,  0, 0, 0, 0, 0,  0, 0,
    // 1,   0, 0,   0, 0,  0, 0, 0, 0); outq = fir(inr, 2, 0, 8, 0, 21, 0, 79,
    // 0, -79, 0, -21, 0, -8, 0, -2, 0) / 128;
    qh = ((v[0] - q_ac2) + (v[2] - v[12]) * 4) / 64 +
    1250:	88 0e       	add	r8, r24
    1252:	99 1e       	adc	r9, r25
/home/jgalera/develop/arduino/usdx/usdx_plus_orange/src/dsp/dsp.cpp:1198
         ((v[4] - v[10]) + (v[6] - v[8])) / 8 +
         ((v[4] - v[10]) * 5 - (v[6] - v[8])) / 128 +
    1254:	cf 01       	movw	r24, r30
    1256:	88 0f       	add	r24, r24
    1258:	99 1f       	adc	r25, r25
    125a:	88 0f       	add	r24, r24
    125c:	99 1f       	adc	r25, r25
    125e:	8e 0f       	add	r24, r30
    1260:	9f 1f       	adc	r25, r31
    1262:	82 1b       	sub	r24, r18
    1264:	93 0b       	sbc	r25, r19
    1266:	97 ff       	sbrs	r25, 7
    1268:	02 c0       	rjmp	.+4      	; 0x126e <sdr_rx_00()+0x260>
    126a:	81 58       	subi	r24, 0x81	; 129
    126c:	9f 4f       	sbci	r25, 0xFF	; 255
    126e:	88 0f       	add	r24, r24
    1270:	89 2f       	mov	r24, r25
    1272:	88 1f       	adc	r24, r24
    1274:	99 0b       	sbc	r25, r25
/home/jgalera/develop/arduino/usdx/usdx_plus_orange/src/dsp/dsp.cpp:1197
    static int16_t v[14]; // Process Q (down-sampled) samples
    // Hilbert transform, BasicDSP model:  outi= fir(inl,  0, 0, 0, 0, 0,  0, 0,
    // 1,   0, 0,   0, 0,  0, 0, 0, 0); outq = fir(inr, 2, 0, 8, 0, 21, 0, 79,
    // 0, -79, 0, -21, 0, -8, 0, -2, 0) / 128;
    qh = ((v[0] - q_ac2) + (v[2] - v[12]) * 4) / 64 +
         ((v[4] - v[10]) + (v[6] - v[8])) / 8 +
    1276:	88 0d       	add	r24, r8
    1278:	99 1d       	adc	r25, r9
/home/jgalera/develop/arduino/usdx/usdx_plus_orange/src/dsp/dsp.cpp:1199
         ((v[4] - v[10]) * 5 - (v[6] - v[8])) / 128 +
         (v[6] - v[8]) /
    127a:	37 ff       	sbrs	r19, 7
    127c:	02 c0       	rjmp	.+4      	; 0x1282 <sdr_rx_00()+0x274>
    127e:	2f 5f       	subi	r18, 0xFF	; 255
    1280:	3f 4f       	sbci	r19, 0xFF	; 255
    1282:	35 95       	asr	r19
    1284:	27 95       	ror	r18
/home/jgalera/develop/arduino/usdx/usdx_plus_orange/src/dsp/dsp.cpp:1196
    q_ac2 >>= att2;       // digital gain control
    static int16_t v[14]; // Process Q (down-sampled) samples
    // Hilbert transform, BasicDSP model:  outi= fir(inl,  0, 0, 0, 0, 0,  0, 0,
    // 1,   0, 0,   0, 0,  0, 0, 0, 0); outq = fir(inr, 2, 0, 8, 0, 21, 0, 79,
    // 0, -79, 0, -21, 0, -8, 0, -2, 0) / 128;
    qh = ((v[0] - q_ac2) + (v[2] - v[12]) * 4) / 64 +
    1286:	28 0f       	add	r18, r24
    1288:	39 1f       	adc	r19, r25
/home/jgalera/develop/arduino/usdx/usdx_plus_orange/src/dsp/dsp.cpp:1207
                // transform require 4 additional bits)
    // qh = ((v[0] - q_ac2) * 2 + (v[2] - v[12]) * 8 + (v[4] - v[10]) * 21 +
    // (v[6] - v[8]) * 15) / 128 + (v[6] - v[8]) / 2; // Hilbert transform, 40dB
    // side-band rejection in 400..1900Hz (@4kSPS) when used in image-rejection
    // scenario; (Hilbert transform require 5 additional bits)
    v[0] = v[1];
    128a:	80 91 55 05 	lds	r24, 0x0555	; 0x800555 <process(int, int)::v+0x2>
    128e:	90 91 56 05 	lds	r25, 0x0556	; 0x800556 <process(int, int)::v+0x3>
    1292:	90 93 54 05 	sts	0x0554, r25	; 0x800554 <process(int, int)::v+0x1>
    1296:	80 93 53 05 	sts	0x0553, r24	; 0x800553 <process(int, int)::v>
/home/jgalera/develop/arduino/usdx/usdx_plus_orange/src/dsp/dsp.cpp:1208
    v[1] = v[2];
    129a:	d0 92 56 05 	sts	0x0556, r13	; 0x800556 <process(int, int)::v+0x3>
    129e:	c0 92 55 05 	sts	0x0555, r12	; 0x800555 <process(int, int)::v+0x2>
/home/jgalera/develop/arduino/usdx/usdx_plus_orange/src/dsp/dsp.cpp:1209
    v[2] = v[3];
    12a2:	80 91 59 05 	lds	r24, 0x0559	; 0x800559 <process(int, int)::v+0x6>
    12a6:	90 91 5a 05 	lds	r25, 0x055A	; 0x80055a <process(int, int)::v+0x7>
    12aa:	90 93 58 05 	sts	0x0558, r25	; 0x800558 <process(int, int)::v+0x5>
    12ae:	80 93 57 05 	sts	0x0557, r24	; 0x800557 <process(int, int)::v+0x4>
/home/jgalera/develop/arduino/usdx/usdx_plus_orange/src/dsp/dsp.cpp:1210
    v[3] = v[4];
    12b2:	f0 92 5a 05 	sts	0x055A, r15	; 0x80055a <process(int, int)::v+0x7>
    12b6:	e0 92 59 05 	sts	0x0559, r14	; 0x800559 <process(int, int)::v+0x6>
/home/jgalera/develop/arduino/usdx/usdx_plus_orange/src/dsp/dsp.cpp:1211
    v[4] = v[5];
    12ba:	80 91 5d 05 	lds	r24, 0x055D	; 0x80055d <process(int, int)::v+0xa>
    12be:	90 91 5e 05 	lds	r25, 0x055E	; 0x80055e <process(int, int)::v+0xb>
    12c2:	90 93 5c 05 	sts	0x055C, r25	; 0x80055c <process(int, int)::v+0x9>
    12c6:	80 93 5b 05 	sts	0x055B, r24	; 0x80055b <process(int, int)::v+0x8>
/home/jgalera/develop/arduino/usdx/usdx_plus_orange/src/dsp/dsp.cpp:1212
    v[5] = v[6];
    12ca:	10 93 5e 05 	sts	0x055E, r17	; 0x80055e <process(int, int)::v+0xb>
    12ce:	00 93 5d 05 	sts	0x055D, r16	; 0x80055d <process(int, int)::v+0xa>
/home/jgalera/develop/arduino/usdx/usdx_plus_orange/src/dsp/dsp.cpp:1213
    v[6] = v[7];
    12d2:	80 91 61 05 	lds	r24, 0x0561	; 0x800561 <process(int, int)::v+0xe>
    12d6:	90 91 62 05 	lds	r25, 0x0562	; 0x800562 <process(int, int)::v+0xf>
    12da:	90 93 60 05 	sts	0x0560, r25	; 0x800560 <process(int, int)::v+0xd>
    12de:	80 93 5f 05 	sts	0x055F, r24	; 0x80055f <process(int, int)::v+0xc>
/home/jgalera/develop/arduino/usdx/usdx_plus_orange/src/dsp/dsp.cpp:1214
    v[7] = v[8];
    12e2:	d0 93 62 05 	sts	0x0562, r29	; 0x800562 <process(int, int)::v+0xf>
    12e6:	c0 93 61 05 	sts	0x0561, r28	; 0x800561 <process(int, int)::v+0xe>
/home/jgalera/develop/arduino/usdx/usdx_plus_orange/src/dsp/dsp.cpp:1215
    v[8] = v[9];
    12ea:	80 91 65 05 	lds	r24, 0x0565	; 0x800565 <process(int, int)::v+0x12>
    12ee:	90 91 66 05 	lds	r25, 0x0566	; 0x800566 <process(int, int)::v+0x13>
    12f2:	90 93 64 05 	sts	0x0564, r25	; 0x800564 <process(int, int)::v+0x11>
    12f6:	80 93 63 05 	sts	0x0563, r24	; 0x800563 <process(int, int)::v+0x10>
/home/jgalera/develop/arduino/usdx/usdx_plus_orange/src/dsp/dsp.cpp:1216
    v[9] = v[10];
    12fa:	b0 93 66 05 	sts	0x0566, r27	; 0x800566 <process(int, int)::v+0x13>
    12fe:	a0 93 65 05 	sts	0x0565, r26	; 0x800565 <process(int, int)::v+0x12>
/home/jgalera/develop/arduino/usdx/usdx_plus_orange/src/dsp/dsp.cpp:1217
    v[10] = v[11];
    1302:	80 91 69 05 	lds	r24, 0x0569	; 0x800569 <process(int, int)::v+0x16>
    1306:	90 91 6a 05 	lds	r25, 0x056A	; 0x80056a <process(int, int)::v+0x17>
    130a:	90 93 68 05 	sts	0x0568, r25	; 0x800568 <process(int, int)::v+0x15>
    130e:	80 93 67 05 	sts	0x0567, r24	; 0x800567 <process(int, int)::v+0x14>
/home/jgalera/develop/arduino/usdx/usdx_plus_orange/src/dsp/dsp.cpp:1218
    v[11] = v[12];
    1312:	b0 92 6a 05 	sts	0x056A, r11	; 0x80056a <process(int, int)::v+0x17>
    1316:	a0 92 69 05 	sts	0x0569, r10	; 0x800569 <process(int, int)::v+0x16>
/home/jgalera/develop/arduino/usdx/usdx_plus_orange/src/dsp/dsp.cpp:1219
    v[12] = v[13];
    131a:	80 91 6d 05 	lds	r24, 0x056D	; 0x80056d <process(int, int)::v+0x1a>
    131e:	90 91 6e 05 	lds	r25, 0x056E	; 0x80056e <process(int, int)::v+0x1b>
    1322:	90 93 6c 05 	sts	0x056C, r25	; 0x80056c <process(int, int)::v+0x19>
    1326:	80 93 6b 05 	sts	0x056B, r24	; 0x80056b <process(int, int)::v+0x18>
/home/jgalera/develop/arduino/usdx/usdx_plus_orange/src/dsp/dsp.cpp:1220
    v[13] = q_ac2;
    132a:	70 93 6e 05 	sts	0x056E, r23	; 0x80056e <process(int, int)::v+0x1b>
    132e:	60 93 6d 05 	sts	0x056D, r22	; 0x80056d <process(int, int)::v+0x1a>
/home/jgalera/develop/arduino/usdx/usdx_plus_orange/src/dsp/dsp.cpp:1222
  }
  i_ac2 >>= att2;      // digital gain control
    1332:	80 91 72 01 	lds	r24, 0x0172	; 0x800172 <att2>
    1336:	02 c0       	rjmp	.+4      	; 0x133c <sdr_rx_00()+0x32e>
    1338:	75 94       	asr	r7
    133a:	67 94       	ror	r6
    133c:	8a 95       	dec	r24
    133e:	e2 f7       	brpl	.-8      	; 0x1338 <sdr_rx_00()+0x32a>
/home/jgalera/develop/arduino/usdx/usdx_plus_orange/src/dsp/dsp.cpp:1224
  static int16_t v[7]; // Post processing I and Q (down-sampled) results
  i = i_ac2;
    1340:	70 92 ca 05 	sts	0x05CA, r7	; 0x8005ca <i+0x1>
    1344:	60 92 c9 05 	sts	0x05C9, r6	; 0x8005c9 <i>
/home/jgalera/develop/arduino/usdx/usdx_plus_orange/src/dsp/dsp.cpp:1225
  q = q_ac2; // tbd: this can be more efficient
    1348:	70 93 52 05 	sts	0x0552, r23	; 0x800552 <q+0x1>
    134c:	60 93 51 05 	sts	0x0551, r22	; 0x800551 <q>
/home/jgalera/develop/arduino/usdx/usdx_plus_orange/src/dsp/dsp.cpp:1226
  int16_t i = v[0];
    1350:	e0 91 43 05 	lds	r30, 0x0543	; 0x800543 <process(int, int)::v>
    1354:	f0 91 44 05 	lds	r31, 0x0544	; 0x800544 <process(int, int)::v+0x1>
/home/jgalera/develop/arduino/usdx/usdx_plus_orange/src/dsp/dsp.cpp:1227
  v[0] = v[1];
    1358:	80 91 45 05 	lds	r24, 0x0545	; 0x800545 <process(int, int)::v+0x2>
    135c:	90 91 46 05 	lds	r25, 0x0546	; 0x800546 <process(int, int)::v+0x3>
    1360:	90 93 44 05 	sts	0x0544, r25	; 0x800544 <process(int, int)::v+0x1>
    1364:	80 93 43 05 	sts	0x0543, r24	; 0x800543 <process(int, int)::v>
/home/jgalera/develop/arduino/usdx/usdx_plus_orange/src/dsp/dsp.cpp:1228
  v[1] = v[2];
    1368:	80 91 47 05 	lds	r24, 0x0547	; 0x800547 <process(int, int)::v+0x4>
    136c:	90 91 48 05 	lds	r25, 0x0548	; 0x800548 <process(int, int)::v+0x5>
    1370:	90 93 46 05 	sts	0x0546, r25	; 0x800546 <process(int, int)::v+0x3>
    1374:	80 93 45 05 	sts	0x0545, r24	; 0x800545 <process(int, int)::v+0x2>
/home/jgalera/develop/arduino/usdx/usdx_plus_orange/src/dsp/dsp.cpp:1229
  v[2] = v[3];
    1378:	80 91 49 05 	lds	r24, 0x0549	; 0x800549 <process(int, int)::v+0x6>
    137c:	90 91 4a 05 	lds	r25, 0x054A	; 0x80054a <process(int, int)::v+0x7>
    1380:	90 93 48 05 	sts	0x0548, r25	; 0x800548 <process(int, int)::v+0x5>
    1384:	80 93 47 05 	sts	0x0547, r24	; 0x800547 <process(int, int)::v+0x4>
/home/jgalera/develop/arduino/usdx/usdx_plus_orange/src/dsp/dsp.cpp:1230
  v[3] = v[4];
    1388:	80 91 4b 05 	lds	r24, 0x054B	; 0x80054b <process(int, int)::v+0x8>
    138c:	90 91 4c 05 	lds	r25, 0x054C	; 0x80054c <process(int, int)::v+0x9>
    1390:	90 93 4a 05 	sts	0x054A, r25	; 0x80054a <process(int, int)::v+0x7>
    1394:	80 93 49 05 	sts	0x0549, r24	; 0x800549 <process(int, int)::v+0x6>
/home/jgalera/develop/arduino/usdx/usdx_plus_orange/src/dsp/dsp.cpp:1231
  v[4] = v[5];
    1398:	80 91 4d 05 	lds	r24, 0x054D	; 0x80054d <process(int, int)::v+0xa>
    139c:	90 91 4e 05 	lds	r25, 0x054E	; 0x80054e <process(int, int)::v+0xb>
    13a0:	90 93 4c 05 	sts	0x054C, r25	; 0x80054c <process(int, int)::v+0x9>
    13a4:	80 93 4b 05 	sts	0x054B, r24	; 0x80054b <process(int, int)::v+0x8>
/home/jgalera/develop/arduino/usdx/usdx_plus_orange/src/dsp/dsp.cpp:1232
  v[5] = v[6];
    13a8:	80 91 4f 05 	lds	r24, 0x054F	; 0x80054f <process(int, int)::v+0xc>
    13ac:	90 91 50 05 	lds	r25, 0x0550	; 0x800550 <process(int, int)::v+0xd>
    13b0:	90 93 4e 05 	sts	0x054E, r25	; 0x80054e <process(int, int)::v+0xb>
    13b4:	80 93 4d 05 	sts	0x054D, r24	; 0x80054d <process(int, int)::v+0xa>
/home/jgalera/develop/arduino/usdx/usdx_plus_orange/src/dsp/dsp.cpp:1233
  v[6] = i_ac2;            // Delay to match Hilbert transform on Q branch
    13b8:	70 92 50 05 	sts	0x0550, r7	; 0x800550 <process(int, int)::v+0xd>
    13bc:	60 92 4f 05 	sts	0x054F, r6	; 0x80054f <process(int, int)::v+0xc>
/home/jgalera/develop/arduino/usdx/usdx_plus_orange/src/dsp/dsp.cpp:1234
  ac3 = slow_dsp(-i - qh); // inverting I and Q helps dampening a feedback-loop
    13c0:	f1 95       	neg	r31
    13c2:	e1 95       	neg	r30
    13c4:	f1 09       	sbc	r31, r1
    13c6:	e2 1b       	sub	r30, r18
    13c8:	f3 0b       	sbc	r31, r19
slow_dsp():
/home/jgalera/develop/arduino/usdx/usdx_plus_orange/src/dsp/dsp.cpp:1031
volatile uint32_t _absavg256 = 0;
volatile int16_t i, q;

inline int16_t slow_dsp(int16_t ac) {
  static uint8_t absavg256cnt;
  if (!(absavg256cnt--)) {
    13ca:	90 91 42 05 	lds	r25, 0x0542	; 0x800542 <slow_dsp(int)::absavg256cnt>
    13ce:	cf ef       	ldi	r28, 0xFF	; 255
    13d0:	c9 0f       	add	r28, r25
    13d2:	c0 93 42 05 	sts	0x0542, r28	; 0x800542 <slow_dsp(int)::absavg256cnt>
    13d6:	c0 90 3e 05 	lds	r12, 0x053E	; 0x80053e <absavg256>
    13da:	d0 90 3f 05 	lds	r13, 0x053F	; 0x80053f <absavg256+0x1>
    13de:	e0 90 40 05 	lds	r14, 0x0540	; 0x800540 <absavg256+0x2>
    13e2:	f0 90 41 05 	lds	r15, 0x0541	; 0x800541 <absavg256+0x3>
    13e6:	91 11       	cpse	r25, r1
    13e8:	73 c0       	rjmp	.+230    	; 0x14d0 <sdr_rx_00()+0x4c2>
/home/jgalera/develop/arduino/usdx/usdx_plus_orange/src/dsp/dsp.cpp:1032
    _absavg256 = absavg256;
    13ea:	c0 92 de 05 	sts	0x05DE, r12	; 0x8005de <_absavg256>
    13ee:	d0 92 df 05 	sts	0x05DF, r13	; 0x8005df <_absavg256+0x1>
    13f2:	e0 92 e0 05 	sts	0x05E0, r14	; 0x8005e0 <_absavg256+0x2>
    13f6:	f0 92 e1 05 	sts	0x05E1, r15	; 0x8005e1 <_absavg256+0x3>
/home/jgalera/develop/arduino/usdx/usdx_plus_orange/src/dsp/dsp.cpp:1033
    absavg256 = 0;
    13fa:	10 92 3e 05 	sts	0x053E, r1	; 0x80053e <absavg256>
    13fe:	10 92 3f 05 	sts	0x053F, r1	; 0x80053f <absavg256+0x1>
    1402:	10 92 40 05 	sts	0x0540, r1	; 0x800540 <absavg256+0x2>
    1406:	10 92 41 05 	sts	0x0541, r1	; 0x800541 <absavg256+0x3>
/home/jgalera/develop/arduino/usdx/usdx_plus_orange/src/dsp/dsp.cpp:1037
  } else
    absavg256 += abs(ac);

  if (mode == AM) {
    140a:	80 91 cd 01 	lds	r24, 0x01CD	; 0x8001cd <mode>
    140e:	84 30       	cpi	r24, 0x04	; 4
    1410:	09 f4       	brne	.+2      	; 0x1414 <sdr_rx_00()+0x406>
    1412:	76 c0       	rjmp	.+236    	; 0x1500 <sdr_rx_00()+0x4f2>
/home/jgalera/develop/arduino/usdx/usdx_plus_orange/src/dsp/dsp.cpp:1044
    {
      static int16_t dc; // DC decoupling
      dc += (ac - dc) / 2;
      ac = ac - dc;
    }
  } else if (mode == FM) {
    1414:	80 91 cd 01 	lds	r24, 0x01CD	; 0x8001cd <mode>
    1418:	83 30       	cpi	r24, 0x03	; 3
    141a:	09 f4       	brne	.+2      	; 0x141e <sdr_rx_00()+0x410>
    141c:	c2 c1       	rjmp	.+900    	; 0x17a2 <sdr_rx_00()+0x794>
/home/jgalera/develop/arduino/usdx/usdx_plus_orange/src/dsp/dsp.cpp:1062
    ac = ac >> (16 - volume);
  } else if (agc == 1) {
    ac = process_agc_fast(ac);
    ac = ac >> (16 - volume);
#else
  if (agc == 1) {
    141e:	80 91 6a 01 	lds	r24, 0x016A	; 0x80016a <agc>
    1422:	81 30       	cpi	r24, 0x01	; 1
    1424:	09 f4       	brne	.+2      	; 0x1428 <sdr_rx_00()+0x41a>
    1426:	b4 c0       	rjmp	.+360    	; 0x1590 <sdr_rx_00()+0x582>
/home/jgalera/develop/arduino/usdx/usdx_plus_orange/src/dsp/dsp.cpp:1068
    ac = process_agc_fast(ac);
    ac = ac >> (16 - volume);
#endif //! FAST_AGC
  } else {
    // ac = ac >> (16-volume);
    if (volume <= 13) // if no AGC allow volume control to boost weak signals
    1428:	80 91 b3 01 	lds	r24, 0x01B3	; 0x8001b3 <volume>
    142c:	8e 30       	cpi	r24, 0x0E	; 14
    142e:	0c f4       	brge	.+2      	; 0x1432 <sdr_rx_00()+0x424>
    1430:	07 c1       	rjmp	.+526    	; 0x1640 <sdr_rx_00()+0x632>
/home/jgalera/develop/arduino/usdx/usdx_plus_orange/src/dsp/dsp.cpp:1071
      ac = ac >> (13 - volume);
    else
      ac = ac << (volume - 13);
    1432:	80 91 b3 01 	lds	r24, 0x01B3	; 0x8001b3 <volume>
    1436:	8d 50       	subi	r24, 0x0D	; 13
    1438:	02 c0       	rjmp	.+4      	; 0x143e <sdr_rx_00()+0x430>
    143a:	ee 0f       	add	r30, r30
    143c:	ff 1f       	adc	r31, r31
    143e:	8a 95       	dec	r24
    1440:	e2 f7       	brpl	.-8      	; 0x143a <sdr_rx_00()+0x42c>
/home/jgalera/develop/arduino/usdx/usdx_plus_orange/src/dsp/dsp.cpp:1073
  }
  if (nr)
    1442:	80 91 c5 01 	lds	r24, 0x01C5	; 0x8001c5 <nr>
    1446:	81 11       	cpse	r24, r1
    1448:	0d c1       	rjmp	.+538    	; 0x1664 <sdr_rx_00()+0x656>
/home/jgalera/develop/arduino/usdx/usdx_plus_orange/src/dsp/dsp.cpp:1076
    ac = process_nr(ac);

  if (filt)
    144a:	80 91 f1 05 	lds	r24, 0x05F1	; 0x8005f1 <filt>
    144e:	81 11       	cpse	r24, r1
    1450:	29 c1       	rjmp	.+594    	; 0x16a4 <sdr_rx_00()+0x696>
    1452:	c0 90 36 05 	lds	r12, 0x0536	; 0x800536 <amp32>
    1456:	d0 90 37 05 	lds	r13, 0x0537	; 0x800537 <amp32+0x1>
    145a:	e0 90 38 05 	lds	r14, 0x0538	; 0x800538 <amp32+0x2>
    145e:	f0 90 39 05 	lds	r15, 0x0539	; 0x800539 <amp32+0x3>
/home/jgalera/develop/arduino/usdx/usdx_plus_orange/src/dsp/dsp.cpp:1080
    ac = filt_var(ac);

#ifdef CW_DECODER
  if (!(absavg256cnt % 64)) {
    1462:	cf 73       	andi	r28, 0x3F	; 63
    1464:	09 f0       	breq	.+2      	; 0x1468 <sdr_rx_00()+0x45a>
    1466:	b7 c1       	rjmp	.+878    	; 0x17d6 <sdr_rx_00()+0x7c8>
/home/jgalera/develop/arduino/usdx/usdx_plus_orange/src/dsp/dsp.cpp:1081
    _amp32 = amp32;
    1468:	c0 92 d2 05 	sts	0x05D2, r12	; 0x8005d2 <_amp32>
    146c:	d0 92 d3 05 	sts	0x05D3, r13	; 0x8005d3 <_amp32+0x1>
    1470:	e0 92 d4 05 	sts	0x05D4, r14	; 0x8005d4 <_amp32+0x2>
    1474:	f0 92 d5 05 	sts	0x05D5, r15	; 0x8005d5 <_amp32+0x3>
/home/jgalera/develop/arduino/usdx/usdx_plus_orange/src/dsp/dsp.cpp:1082
    amp32 = 0;
    1478:	10 92 36 05 	sts	0x0536, r1	; 0x800536 <amp32>
    147c:	10 92 37 05 	sts	0x0537, r1	; 0x800537 <amp32+0x1>
    1480:	10 92 38 05 	sts	0x0538, r1	; 0x800538 <amp32+0x2>
    1484:	10 92 39 05 	sts	0x0539, r1	; 0x800539 <amp32+0x3>
process():
/home/jgalera/develop/arduino/usdx/usdx_plus_orange/src/dsp/dsp.cpp:1234
  v[2] = v[3];
  v[3] = v[4];
  v[4] = v[5];
  v[5] = v[6];
  v[6] = i_ac2;            // Delay to match Hilbert transform on Q branch
  ac3 = slow_dsp(-i - qh); // inverting I and Q helps dampening a feedback-loop
    1488:	e1 15       	cp	r30, r1
    148a:	b2 e0       	ldi	r27, 0x02	; 2
    148c:	fb 07       	cpc	r31, r27
    148e:	14 f0       	brlt	.+4      	; 0x1494 <sdr_rx_00()+0x486>
    1490:	ef ef       	ldi	r30, 0xFF	; 255
    1492:	f1 e0       	ldi	r31, 0x01	; 1
    1494:	e1 15       	cp	r30, r1
    1496:	2e ef       	ldi	r18, 0xFE	; 254
    1498:	f2 07       	cpc	r31, r18
    149a:	14 f4       	brge	.+4      	; 0x14a0 <sdr_rx_00()+0x492>
    149c:	e0 e0       	ldi	r30, 0x00	; 0
    149e:	fe ef       	ldi	r31, 0xFE	; 254
    14a0:	f0 93 75 05 	sts	0x0575, r31	; 0x800575 <process(int, int)::ac3+0x1>
    14a4:	e0 93 74 05 	sts	0x0574, r30	; 0x800574 <process(int, int)::ac3>
/home/jgalera/develop/arduino/usdx/usdx_plus_orange/src/dsp/dsp.cpp:1237
                           // between PWM out and ADC inputs
#ifdef OUTLET
  tc--;
    14a8:	41 50       	subi	r20, 0x01	; 1
    14aa:	40 93 6f 05 	sts	0x056F, r20	; 0x80056f <tc>
_Z9sdr_rx_00v():
/home/jgalera/develop/arduino/usdx/usdx_plus_orange/src/dsp/dsp.cpp:1253
  int16_t i_s1za0 = (ac + (i_s0za1 + i_s0zb0) * 3 + i_s0zb1) >> M_SR;
  i_s0za1 = ac;
  int16_t ac2 = (i_s1za0 + (i_s1za1 + i_s1zb0) * 3 + i_s1zb1);
  i_s1za1 = i_s1za0;
  process(ac2, q_ac2);
}
    14ae:	df 91       	pop	r29
    14b0:	cf 91       	pop	r28
    14b2:	1f 91       	pop	r17
    14b4:	0f 91       	pop	r16
    14b6:	ff 90       	pop	r15
    14b8:	ef 90       	pop	r14
    14ba:	df 90       	pop	r13
    14bc:	cf 90       	pop	r12
    14be:	bf 90       	pop	r11
    14c0:	af 90       	pop	r10
    14c2:	9f 90       	pop	r9
    14c4:	8f 90       	pop	r8
    14c6:	7f 90       	pop	r7
    14c8:	6f 90       	pop	r6
    14ca:	5f 90       	pop	r5
    14cc:	4f 90       	pop	r4
    14ce:	08 95       	ret
slow_dsp():
/home/jgalera/develop/arduino/usdx/usdx_plus_orange/src/dsp/dsp.cpp:1035
  static uint8_t absavg256cnt;
  if (!(absavg256cnt--)) {
    _absavg256 = absavg256;
    absavg256 = 0;
  } else
    absavg256 += abs(ac);
    14d0:	cf 01       	movw	r24, r30
    14d2:	f7 fd       	sbrc	r31, 7
    14d4:	98 c1       	rjmp	.+816    	; 0x1806 <sdr_rx_00()+0x7f8>
    14d6:	09 2e       	mov	r0, r25
    14d8:	00 0c       	add	r0, r0
    14da:	aa 0b       	sbc	r26, r26
    14dc:	bb 0b       	sbc	r27, r27
    14de:	8c 0d       	add	r24, r12
    14e0:	9d 1d       	adc	r25, r13
    14e2:	ae 1d       	adc	r26, r14
    14e4:	bf 1d       	adc	r27, r15
    14e6:	80 93 3e 05 	sts	0x053E, r24	; 0x80053e <absavg256>
    14ea:	90 93 3f 05 	sts	0x053F, r25	; 0x80053f <absavg256+0x1>
    14ee:	a0 93 40 05 	sts	0x0540, r26	; 0x800540 <absavg256+0x2>
    14f2:	b0 93 41 05 	sts	0x0541, r27	; 0x800541 <absavg256+0x3>
/home/jgalera/develop/arduino/usdx/usdx_plus_orange/src/dsp/dsp.cpp:1037

  if (mode == AM) {
    14f6:	80 91 cd 01 	lds	r24, 0x01CD	; 0x8001cd <mode>
    14fa:	84 30       	cpi	r24, 0x04	; 4
    14fc:	09 f0       	breq	.+2      	; 0x1500 <sdr_rx_00()+0x4f2>
    14fe:	8a cf       	rjmp	.-236    	; 0x1414 <sdr_rx_00()+0x406>
/home/jgalera/develop/arduino/usdx/usdx_plus_orange/src/dsp/dsp.cpp:1038
    ac = magn(i, q);
    1500:	20 91 c9 05 	lds	r18, 0x05C9	; 0x8005c9 <i>
    1504:	30 91 ca 05 	lds	r19, 0x05CA	; 0x8005ca <i+0x1>
    1508:	80 91 51 05 	lds	r24, 0x0551	; 0x800551 <q>
    150c:	90 91 52 05 	lds	r25, 0x0552	; 0x800552 <q+0x1>
    1510:	37 ff       	sbrs	r19, 7
    1512:	03 c0       	rjmp	.+6      	; 0x151a <sdr_rx_00()+0x50c>
    1514:	31 95       	neg	r19
    1516:	21 95       	neg	r18
    1518:	31 09       	sbc	r19, r1
    151a:	97 ff       	sbrs	r25, 7
    151c:	03 c0       	rjmp	.+6      	; 0x1524 <sdr_rx_00()+0x516>
    151e:	91 95       	neg	r25
    1520:	81 95       	neg	r24
    1522:	91 09       	sbc	r25, r1
    1524:	82 17       	cp	r24, r18
    1526:	93 07       	cpc	r25, r19
    1528:	0c f4       	brge	.+2      	; 0x152c <sdr_rx_00()+0x51e>
    152a:	74 c1       	rjmp	.+744    	; 0x1814 <sdr_rx_00()+0x806>
    152c:	80 91 51 05 	lds	r24, 0x0551	; 0x800551 <q>
    1530:	90 91 52 05 	lds	r25, 0x0552	; 0x800552 <q+0x1>
    1534:	e0 91 c9 05 	lds	r30, 0x05C9	; 0x8005c9 <i>
    1538:	f0 91 ca 05 	lds	r31, 0x05CA	; 0x8005ca <i+0x1>
    153c:	f7 ff       	sbrs	r31, 7
    153e:	03 c0       	rjmp	.+6      	; 0x1546 <sdr_rx_00()+0x538>
    1540:	f1 95       	neg	r31
    1542:	e1 95       	neg	r30
    1544:	f1 09       	sbc	r31, r1
    1546:	f5 95       	asr	r31
    1548:	e7 95       	ror	r30
    154a:	f5 95       	asr	r31
    154c:	e7 95       	ror	r30
    154e:	97 ff       	sbrs	r25, 7
    1550:	03 c0       	rjmp	.+6      	; 0x1558 <sdr_rx_00()+0x54a>
    1552:	91 95       	neg	r25
    1554:	81 95       	neg	r24
    1556:	91 09       	sbc	r25, r1
    1558:	e8 0f       	add	r30, r24
    155a:	f9 1f       	adc	r31, r25
/home/jgalera/develop/arduino/usdx/usdx_plus_orange/src/dsp/dsp.cpp:1041
    {
      static int16_t dc; // DC decoupling
      dc += (ac - dc) / 2;
    155c:	80 91 3c 05 	lds	r24, 0x053C	; 0x80053c <slow_dsp(int)::dc>
    1560:	90 91 3d 05 	lds	r25, 0x053D	; 0x80053d <slow_dsp(int)::dc+0x1>
    1564:	9f 01       	movw	r18, r30
    1566:	28 1b       	sub	r18, r24
    1568:	39 0b       	sbc	r19, r25
    156a:	37 ff       	sbrs	r19, 7
    156c:	02 c0       	rjmp	.+4      	; 0x1572 <sdr_rx_00()+0x564>
    156e:	2f 5f       	subi	r18, 0xFF	; 255
    1570:	3f 4f       	sbci	r19, 0xFF	; 255
    1572:	35 95       	asr	r19
    1574:	27 95       	ror	r18
    1576:	28 0f       	add	r18, r24
    1578:	39 1f       	adc	r19, r25
    157a:	30 93 3d 05 	sts	0x053D, r19	; 0x80053d <slow_dsp(int)::dc+0x1>
    157e:	20 93 3c 05 	sts	0x053C, r18	; 0x80053c <slow_dsp(int)::dc>
/home/jgalera/develop/arduino/usdx/usdx_plus_orange/src/dsp/dsp.cpp:1042
      ac = ac - dc;
    1582:	e2 1b       	sub	r30, r18
    1584:	f3 0b       	sbc	r31, r19
/home/jgalera/develop/arduino/usdx/usdx_plus_orange/src/dsp/dsp.cpp:1062
    ac = ac >> (16 - volume);
  } else if (agc == 1) {
    ac = process_agc_fast(ac);
    ac = ac >> (16 - volume);
#else
  if (agc == 1) {
    1586:	80 91 6a 01 	lds	r24, 0x016A	; 0x80016a <agc>
    158a:	81 30       	cpi	r24, 0x01	; 1
    158c:	09 f0       	breq	.+2      	; 0x1590 <sdr_rx_00()+0x582>
    158e:	4c cf       	rjmp	.-360    	; 0x1428 <sdr_rx_00()+0x41a>
process_agc_fast():
/home/jgalera/develop/arduino/usdx/usdx_plus_orange/src/dsp/dsp.cpp:775
// range is x1 to x31 = 30dB approx. Decay time is fine (about 1s) but attack
// time is much slower than I like. For weak/medium signals it aims to keep the
// sample value between 1024 and 2048.
static int16_t gain = 1024;
inline int16_t process_agc_fast(int16_t in) {
  int16_t out = (gain >= 1024) ? (gain >> 10) * in : in;
    1590:	80 91 68 01 	lds	r24, 0x0168	; 0x800168 <gain>
    1594:	90 91 69 01 	lds	r25, 0x0169	; 0x800169 <gain+0x1>
    1598:	81 15       	cp	r24, r1
    159a:	64 e0       	ldi	r22, 0x04	; 4
    159c:	96 07       	cpc	r25, r22
    159e:	74 f0       	brlt	.+28     	; 0x15bc <sdr_rx_00()+0x5ae>
    15a0:	9c 01       	movw	r18, r24
    15a2:	23 2f       	mov	r18, r19
    15a4:	33 0f       	add	r19, r19
    15a6:	33 0b       	sbc	r19, r19
    15a8:	25 95       	asr	r18
    15aa:	25 95       	asr	r18
    15ac:	df 01       	movw	r26, r30
    15ae:	a2 9f       	mul	r26, r18
    15b0:	f0 01       	movw	r30, r0
    15b2:	a3 9f       	mul	r26, r19
    15b4:	f0 0d       	add	r31, r0
    15b6:	b2 9f       	mul	r27, r18
    15b8:	f0 0d       	add	r31, r0
    15ba:	11 24       	eor	r1, r1
/home/jgalera/develop/arduino/usdx/usdx_plus_orange/src/dsp/dsp.cpp:776
  int16_t accum = (1 - abs(out >> 10));
    15bc:	2f 2f       	mov	r18, r31
    15be:	25 95       	asr	r18
    15c0:	25 95       	asr	r18
    15c2:	3f 2f       	mov	r19, r31
    15c4:	33 0f       	add	r19, r19
    15c6:	33 0b       	sbc	r19, r19
    15c8:	37 fd       	sbrc	r19, 7
    15ca:	e2 c1       	rjmp	.+964    	; 0x1990 <sdr_rx_00()+0x982>
    15cc:	61 e0       	ldi	r22, 0x01	; 1
    15ce:	70 e0       	ldi	r23, 0x00	; 0
    15d0:	db 01       	movw	r26, r22
    15d2:	a2 1b       	sub	r26, r18
    15d4:	b3 0b       	sbc	r27, r19
/home/jgalera/develop/arduino/usdx/usdx_plus_orange/src/dsp/dsp.cpp:777
  if ((INT16_MAX - gain) > accum)
    15d6:	6f ef       	ldi	r22, 0xFF	; 255
    15d8:	7f e7       	ldi	r23, 0x7F	; 127
    15da:	68 1b       	sub	r22, r24
    15dc:	79 0b       	sbc	r23, r25
    15de:	a6 17       	cp	r26, r22
    15e0:	b7 07       	cpc	r27, r23
    15e2:	34 f4       	brge	.+12     	; 0x15f0 <sdr_rx_00()+0x5e2>
/home/jgalera/develop/arduino/usdx/usdx_plus_orange/src/dsp/dsp.cpp:778
    gain = gain + accum;
    15e4:	8a 0f       	add	r24, r26
    15e6:	9b 1f       	adc	r25, r27
    15e8:	90 93 69 01 	sts	0x0169, r25	; 0x800169 <gain+0x1>
    15ec:	80 93 68 01 	sts	0x0168, r24	; 0x800168 <gain>
/home/jgalera/develop/arduino/usdx/usdx_plus_orange/src/dsp/dsp.cpp:779
  if (gain < 1)
    15f0:	18 16       	cp	r1, r24
    15f2:	19 06       	cpc	r1, r25
    15f4:	0c f0       	brlt	.+2      	; 0x15f8 <sdr_rx_00()+0x5ea>
    15f6:	c5 c1       	rjmp	.+906    	; 0x1982 <sdr_rx_00()+0x974>
slow_dsp():
/home/jgalera/develop/arduino/usdx/usdx_plus_orange/src/dsp/dsp.cpp:1064
    ac = process_agc_fast(ac);
    ac = ac >> (16 - volume);
#else
  if (agc == 1) {
    ac = process_agc_fast(ac);
    ac = ac >> (16 - volume);
    15f8:	20 91 b3 01 	lds	r18, 0x01B3	; 0x8001b3 <volume>
    15fc:	80 e1       	ldi	r24, 0x10	; 16
    15fe:	90 e0       	ldi	r25, 0x00	; 0
    1600:	23 c0       	rjmp	.+70     	; 0x1648 <sdr_rx_00()+0x63a>
process():
/home/jgalera/develop/arduino/usdx/usdx_plus_orange/src/dsp/dsp.cpp:1169
    // https://www.xanthium.in/how-to-avr-atmega328p-microcontroller-usart-uart-embedded-programming-avrgcc
#endif // CAT_STREAMING
#ifdef AF_OUT
  static int16_t ozd1, ozd2; // Output stage
  if (_init) {
    ac3 = 0;
    1602:	10 92 75 05 	sts	0x0575, r1	; 0x800575 <process(int, int)::ac3+0x1>
    1606:	10 92 74 05 	sts	0x0574, r1	; 0x800574 <process(int, int)::ac3>
/home/jgalera/develop/arduino/usdx/usdx_plus_orange/src/dsp/dsp.cpp:1170
    ozd1 = 0;
    160a:	10 92 73 05 	sts	0x0573, r1	; 0x800573 <process(int, int)::ozd1+0x1>
    160e:	10 92 72 05 	sts	0x0572, r1	; 0x800572 <process(int, int)::ozd1>
/home/jgalera/develop/arduino/usdx/usdx_plus_orange/src/dsp/dsp.cpp:1171
    ozd2 = 0;
    1612:	10 92 71 05 	sts	0x0571, r1	; 0x800571 <process(int, int)::ozd2+0x1>
    1616:	10 92 70 05 	sts	0x0570, r1	; 0x800570 <process(int, int)::ozd2>
/home/jgalera/develop/arduino/usdx/usdx_plus_orange/src/dsp/dsp.cpp:1172
    _init = 0;
    161a:	10 92 ef 05 	sts	0x05EF, r1	; 0x8005ef <_init>
    161e:	50 e0       	ldi	r21, 0x00	; 0
    1620:	40 e0       	ldi	r20, 0x00	; 0
    1622:	30 e0       	ldi	r19, 0x00	; 0
    1624:	20 e0       	ldi	r18, 0x00	; 0
    1626:	90 e0       	ldi	r25, 0x00	; 0
    1628:	80 e0       	ldi	r24, 0x00	; 0
    162a:	ab cd       	rjmp	.-1194   	; 0x1182 <sdr_rx_00()+0x174>
sdr_rx_common_i():
/home/jgalera/develop/arduino/usdx/usdx_plus_orange/src/dsp/dsp.cpp:1320
  static int16_t prev_adc;
  int16_t ac = (prev_adc + adc) / 2;
  prev_adc = adc;
#ifdef AF_OUT
  if (_init) {
    ocomb = 0;
    162c:	10 92 83 05 	sts	0x0583, r1	; 0x800583 <ocomb+0x1>
    1630:	10 92 82 05 	sts	0x0582, r1	; 0x800582 <ocomb>
    1634:	80 e8       	ldi	r24, 0x80	; 128
    1636:	70 e0       	ldi	r23, 0x00	; 0
    1638:	60 e0       	ldi	r22, 0x00	; 0
    163a:	f0 e0       	ldi	r31, 0x00	; 0
    163c:	e0 e0       	ldi	r30, 0x00	; 0
    163e:	37 cd       	rjmp	.-1426   	; 0x10ae <sdr_rx_00()+0xa0>
slow_dsp():
/home/jgalera/develop/arduino/usdx/usdx_plus_orange/src/dsp/dsp.cpp:1069
    ac = ac >> (16 - volume);
#endif //! FAST_AGC
  } else {
    // ac = ac >> (16-volume);
    if (volume <= 13) // if no AGC allow volume control to boost weak signals
      ac = ac >> (13 - volume);
    1640:	20 91 b3 01 	lds	r18, 0x01B3	; 0x8001b3 <volume>
    1644:	8d e0       	ldi	r24, 0x0D	; 13
    1646:	90 e0       	ldi	r25, 0x00	; 0
    1648:	82 1b       	sub	r24, r18
    164a:	91 09       	sbc	r25, r1
    164c:	27 fd       	sbrc	r18, 7
    164e:	93 95       	inc	r25
    1650:	02 c0       	rjmp	.+4      	; 0x1656 <sdr_rx_00()+0x648>
    1652:	f5 95       	asr	r31
    1654:	e7 95       	ror	r30
    1656:	8a 95       	dec	r24
    1658:	e2 f7       	brpl	.-8      	; 0x1652 <sdr_rx_00()+0x644>
/home/jgalera/develop/arduino/usdx/usdx_plus_orange/src/dsp/dsp.cpp:1073
    else
      ac = ac << (volume - 13);
  }
  if (nr)
    165a:	80 91 c5 01 	lds	r24, 0x01C5	; 0x8001c5 <nr>
    165e:	88 23       	and	r24, r24
    1660:	09 f4       	brne	.+2      	; 0x1664 <sdr_rx_00()+0x656>
    1662:	f3 ce       	rjmp	.-538    	; 0x144a <sdr_rx_00()+0x43c>
process_nr():
/home/jgalera/develop/arduino/usdx/usdx_plus_orange/src/dsp/dsp.cpp:858
  return ea1;
}

inline int16_t process_nr(int16_t in) {
  static int16_t ea1;
  ea1 = EA(ea1, in, 1 << (nr - 1));
    1664:	00 91 22 05 	lds	r16, 0x0522	; 0x800522 <process_nr(int)::ea1>
    1668:	10 91 23 05 	lds	r17, 0x0523	; 0x800523 <process_nr(int)::ea1+0x1>
    166c:	20 91 c5 01 	lds	r18, 0x01C5	; 0x8001c5 <nr>
    1670:	cf 01       	movw	r24, r30
    1672:	80 1b       	sub	r24, r16
    1674:	91 0b       	sbc	r25, r17
    1676:	21 50       	subi	r18, 0x01	; 1
    1678:	33 0b       	sbc	r19, r19
    167a:	61 e0       	ldi	r22, 0x01	; 1
    167c:	70 e0       	ldi	r23, 0x00	; 0
    167e:	02 c0       	rjmp	.+4      	; 0x1684 <sdr_rx_00()+0x676>
    1680:	66 0f       	add	r22, r22
    1682:	77 1f       	adc	r23, r23
    1684:	2a 95       	dec	r18
    1686:	e2 f7       	brpl	.-8      	; 0x1680 <sdr_rx_00()+0x672>
    1688:	0e 94 a4 39 	call	0x7348	; 0x7348 <__divmodhi4>
    168c:	fb 01       	movw	r30, r22
    168e:	e0 0f       	add	r30, r16
    1690:	f1 1f       	adc	r31, r17
    1692:	f0 93 23 05 	sts	0x0523, r31	; 0x800523 <process_nr(int)::ea1+0x1>
    1696:	e0 93 22 05 	sts	0x0522, r30	; 0x800522 <process_nr(int)::ea1>
slow_dsp():
/home/jgalera/develop/arduino/usdx/usdx_plus_orange/src/dsp/dsp.cpp:1076
      ac = ac << (volume - 13);
  }
  if (nr)
    ac = process_nr(ac);

  if (filt)
    169a:	80 91 f1 05 	lds	r24, 0x05F1	; 0x8005f1 <filt>
    169e:	88 23       	and	r24, r24
    16a0:	09 f4       	brne	.+2      	; 0x16a4 <sdr_rx_00()+0x696>
    16a2:	d7 ce       	rjmp	.-594    	; 0x1452 <sdr_rx_00()+0x444>
filt_var():
/home/jgalera/develop/arduino/usdx/usdx_plus_orange/src/dsp/dsp.cpp:872
{
  static int16_t za1, za2;
  static int16_t zb0, zb1, zb2;
  static int16_t zc0, zc1, zc2;

  if (filt < 4) { // for SSB filters
    16a4:	80 91 f1 05 	lds	r24, 0x05F1	; 0x8005f1 <filt>
    16a8:	e0 90 2e 05 	lds	r14, 0x052E	; 0x80052e <filt_var(int)::zb1>
    16ac:	f0 90 2f 05 	lds	r15, 0x052F	; 0x80052f <filt_var(int)::zb1+0x1>
    16b0:	c0 90 32 05 	lds	r12, 0x0532	; 0x800532 <filt_var(int)::za1>
    16b4:	d0 90 33 05 	lds	r13, 0x0533	; 0x800533 <filt_var(int)::za1+0x1>
    16b8:	84 30       	cpi	r24, 0x04	; 4
    16ba:	08 f0       	brcs	.+2      	; 0x16be <sdr_rx_00()+0x6b0>
    16bc:	b4 c0       	rjmp	.+360    	; 0x1826 <sdr_rx_00()+0x818>
/home/jgalera/develop/arduino/usdx/usdx_plus_orange/src/dsp/dsp.cpp:882
    //    zz2=zz1;
    //    zz1=za0;
    // After correction, this filter still introduced almost 6dB attenuation, so
    // I adjusted the coefficients
    static int16_t zz1, zz2;
    zz2 = zz1;
    16be:	80 91 34 05 	lds	r24, 0x0534	; 0x800534 <filt_var(int)::zz1>
    16c2:	90 91 35 05 	lds	r25, 0x0535	; 0x800535 <filt_var(int)::zz1+0x1>
/home/jgalera/develop/arduino/usdx/usdx_plus_orange/src/dsp/dsp.cpp:883
    zz1 = za0;
    16c6:	f0 93 35 05 	sts	0x0535, r31	; 0x800535 <filt_var(int)::zz1+0x1>
    16ca:	e0 93 34 05 	sts	0x0534, r30	; 0x800534 <filt_var(int)::zz1>
/home/jgalera/develop/arduino/usdx/usdx_plus_orange/src/dsp/dsp.cpp:884
    za0 = ((((za0 - zz2) << 5) - ((za0 - zz2) << 1)) +
    16ce:	df 01       	movw	r26, r30
    16d0:	a8 1b       	sub	r26, r24
    16d2:	b9 0b       	sbc	r27, r25
/home/jgalera/develop/arduino/usdx/usdx_plus_orange/src/dsp/dsp.cpp:885
           (((zz1) << 4) + ((zz1) << 3) + zz1)) >>
    16d4:	9f 01       	movw	r18, r30
    16d6:	22 95       	swap	r18
    16d8:	32 95       	swap	r19
    16da:	30 7f       	andi	r19, 0xF0	; 240
    16dc:	32 27       	eor	r19, r18
    16de:	20 7f       	andi	r18, 0xF0	; 240
    16e0:	32 27       	eor	r19, r18
    16e2:	cf 01       	movw	r24, r30
    16e4:	88 0f       	add	r24, r24
    16e6:	99 1f       	adc	r25, r25
    16e8:	88 0f       	add	r24, r24
    16ea:	99 1f       	adc	r25, r25
    16ec:	88 0f       	add	r24, r24
    16ee:	99 1f       	adc	r25, r25
    16f0:	28 0f       	add	r18, r24
    16f2:	39 1f       	adc	r19, r25
    16f4:	2e 0f       	add	r18, r30
    16f6:	3f 1f       	adc	r19, r31
/home/jgalera/develop/arduino/usdx/usdx_plus_orange/src/dsp/dsp.cpp:884
    // After correction, this filter still introduced almost 6dB attenuation, so
    // I adjusted the coefficients
    static int16_t zz1, zz2;
    zz2 = zz1;
    zz1 = za0;
    za0 = ((((za0 - zz2) << 5) - ((za0 - zz2) << 1)) +
    16f8:	8e e1       	ldi	r24, 0x1E	; 30
    16fa:	90 e0       	ldi	r25, 0x00	; 0
    16fc:	a8 9f       	mul	r26, r24
    16fe:	f0 01       	movw	r30, r0
    1700:	a9 9f       	mul	r26, r25
    1702:	f0 0d       	add	r31, r0
    1704:	b8 9f       	mul	r27, r24
    1706:	f0 0d       	add	r31, r0
    1708:	11 24       	eor	r1, r1
    170a:	2e 0f       	add	r18, r30
    170c:	3f 1f       	adc	r19, r31
    170e:	35 95       	asr	r19
    1710:	27 95       	ror	r18
    1712:	35 95       	asr	r19
    1714:	27 95       	ror	r18
    1716:	35 95       	asr	r19
    1718:	27 95       	ror	r18
    171a:	35 95       	asr	r19
    171c:	27 95       	ror	r18
    171e:	35 95       	asr	r19
    1720:	27 95       	ror	r18
/home/jgalera/develop/arduino/usdx/usdx_plus_orange/src/dsp/dsp.cpp:888
           (((zz1) << 4) + ((zz1) << 3) + zz1)) >>
          5; // 300-Hz

    switch (filt) {
    1722:	80 91 f1 05 	lds	r24, 0x05F1	; 0x8005f1 <filt>
    1726:	82 30       	cpi	r24, 0x02	; 2
    1728:	09 f4       	brne	.+2      	; 0x172c <sdr_rx_00()+0x71e>
    172a:	57 c2       	rjmp	.+1198   	; 0x1bda <sdr_rx_00()+0xbcc>
    172c:	83 30       	cpi	r24, 0x03	; 3
    172e:	09 f4       	brne	.+2      	; 0x1732 <sdr_rx_00()+0x724>
    1730:	3e c2       	rjmp	.+1148   	; 0x1bae <sdr_rx_00()+0xba0>
    1732:	81 30       	cpi	r24, 0x01	; 1
    1734:	09 f4       	brne	.+2      	; 0x1738 <sdr_rx_00()+0x72a>
    1736:	fb c1       	rjmp	.+1014   	; 0x1b2e <sdr_rx_00()+0xb20>
    1738:	a0 91 2a 05 	lds	r26, 0x052A	; 0x80052a <filt_var(int)::zb0>
    173c:	b0 91 2b 05 	lds	r27, 0x052B	; 0x80052b <filt_var(int)::zb0+0x1>
/home/jgalera/develop/arduino/usdx/usdx_plus_orange/src/dsp/dsp.cpp:902
    case 3:
      zb0 = ((za0 + 2 * za1 + za2) >> 1) - ((zb2 << 2) >> 4);
      break; // 0-1800Hz  elliptic
    }

    switch (filt) {
    1740:	80 91 f1 05 	lds	r24, 0x05F1	; 0x8005f1 <filt>
    1744:	00 91 28 05 	lds	r16, 0x0528	; 0x800528 <filt_var(int)::zc1>
    1748:	10 91 29 05 	lds	r17, 0x0529	; 0x800529 <filt_var(int)::zc1+0x1>
    174c:	82 30       	cpi	r24, 0x02	; 2
    174e:	09 f4       	brne	.+2      	; 0x1752 <sdr_rx_00()+0x744>
    1750:	cd c1       	rjmp	.+922    	; 0x1aec <sdr_rx_00()+0xade>
    1752:	83 30       	cpi	r24, 0x03	; 3
    1754:	09 f4       	brne	.+2      	; 0x1758 <sdr_rx_00()+0x74a>
    1756:	a8 c1       	rjmp	.+848    	; 0x1aa8 <sdr_rx_00()+0xa9a>
    1758:	81 30       	cpi	r24, 0x01	; 1
    175a:	09 f4       	brne	.+2      	; 0x175e <sdr_rx_00()+0x750>
    175c:	69 c1       	rjmp	.+722    	; 0x1a30 <sdr_rx_00()+0xa22>
    175e:	e0 91 24 05 	lds	r30, 0x0524	; 0x800524 <filt_var(int)::zc0>
    1762:	f0 91 25 05 	lds	r31, 0x0525	; 0x800525 <filt_var(int)::zc0+0x1>
/home/jgalera/develop/arduino/usdx/usdx_plus_orange/src/dsp/dsp.cpp:916
    case 3:
      zc0 = ((zb0 + 2 * zb1 + zb2) >> 2) - ((zc2 << 2) >> 4);
      break; // 0-1800Hz  elliptic
    }

    zc2 = zc1;
    1766:	10 93 27 05 	sts	0x0527, r17	; 0x800527 <filt_var(int)::zc2+0x1>
    176a:	00 93 26 05 	sts	0x0526, r16	; 0x800526 <filt_var(int)::zc2>
/home/jgalera/develop/arduino/usdx/usdx_plus_orange/src/dsp/dsp.cpp:917
    zc1 = zc0;
    176e:	f0 93 29 05 	sts	0x0529, r31	; 0x800529 <filt_var(int)::zc1+0x1>
    1772:	e0 93 28 05 	sts	0x0528, r30	; 0x800528 <filt_var(int)::zc1>
/home/jgalera/develop/arduino/usdx/usdx_plus_orange/src/dsp/dsp.cpp:919

    zb2 = zb1;
    1776:	f0 92 2d 05 	sts	0x052D, r15	; 0x80052d <filt_var(int)::zb2+0x1>
    177a:	e0 92 2c 05 	sts	0x052C, r14	; 0x80052c <filt_var(int)::zb2>
/home/jgalera/develop/arduino/usdx/usdx_plus_orange/src/dsp/dsp.cpp:920
    zb1 = zb0;
    177e:	b0 93 2f 05 	sts	0x052F, r27	; 0x80052f <filt_var(int)::zb1+0x1>
    1782:	a0 93 2e 05 	sts	0x052E, r26	; 0x80052e <filt_var(int)::zb1>
/home/jgalera/develop/arduino/usdx/usdx_plus_orange/src/dsp/dsp.cpp:922

    za2 = za1;
    1786:	d0 92 31 05 	sts	0x0531, r13	; 0x800531 <filt_var(int)::za2+0x1>
    178a:	c0 92 30 05 	sts	0x0530, r12	; 0x800530 <filt_var(int)::za2>
/home/jgalera/develop/arduino/usdx/usdx_plus_orange/src/dsp/dsp.cpp:923
    za1 = za0;
    178e:	30 93 33 05 	sts	0x0533, r19	; 0x800533 <filt_var(int)::za1+0x1>
    1792:	20 93 32 05 	sts	0x0532, r18	; 0x800532 <filt_var(int)::za1>
    1796:	5d ce       	rjmp	.-838    	; 0x1452 <sdr_rx_00()+0x444>
    1798:	8f ef       	ldi	r24, 0xFF	; 255
    179a:	90 e0       	ldi	r25, 0x00	; 0
    179c:	97 ff       	sbrs	r25, 7
    179e:	87 cc       	rjmp	.-1778   	; 0x10ae <sdr_rx_00()+0xa0>
    17a0:	37 c0       	rjmp	.+110    	; 0x1810 <sdr_rx_00()+0x802>
slow_dsp():
/home/jgalera/develop/arduino/usdx/usdx_plus_orange/src/dsp/dsp.cpp:1046
      dc += (ac - dc) / 2;
      ac = ac - dc;
    }
  } else if (mode == FM) {
    static int16_t zi;
    ac = ((ac + i) * zi); // -qh = ac + i
    17a2:	80 91 c9 05 	lds	r24, 0x05C9	; 0x8005c9 <i>
    17a6:	90 91 ca 05 	lds	r25, 0x05CA	; 0x8005ca <i+0x1>
    17aa:	8e 0f       	add	r24, r30
    17ac:	9f 1f       	adc	r25, r31
    17ae:	20 91 3a 05 	lds	r18, 0x053A	; 0x80053a <slow_dsp(int)::zi>
    17b2:	30 91 3b 05 	lds	r19, 0x053B	; 0x80053b <slow_dsp(int)::zi+0x1>
    17b6:	82 9f       	mul	r24, r18
    17b8:	f0 01       	movw	r30, r0
    17ba:	83 9f       	mul	r24, r19
    17bc:	f0 0d       	add	r31, r0
    17be:	92 9f       	mul	r25, r18
    17c0:	f0 0d       	add	r31, r0
    17c2:	11 24       	eor	r1, r1
/home/jgalera/develop/arduino/usdx/usdx_plus_orange/src/dsp/dsp.cpp:1047
    zi = i;
    17c4:	80 91 c9 05 	lds	r24, 0x05C9	; 0x8005c9 <i>
    17c8:	90 91 ca 05 	lds	r25, 0x05CA	; 0x8005ca <i+0x1>
    17cc:	90 93 3b 05 	sts	0x053B, r25	; 0x80053b <slow_dsp(int)::zi+0x1>
    17d0:	80 93 3a 05 	sts	0x053A, r24	; 0x80053a <slow_dsp(int)::zi>
    17d4:	24 ce       	rjmp	.-952    	; 0x141e <sdr_rx_00()+0x410>
/home/jgalera/develop/arduino/usdx/usdx_plus_orange/src/dsp/dsp.cpp:1084
#ifdef CW_DECODER
  if (!(absavg256cnt % 64)) {
    _amp32 = amp32;
    amp32 = 0;
  } else
    amp32 += abs(ac);
    17d6:	cf 01       	movw	r24, r30
    17d8:	f7 ff       	sbrs	r31, 7
    17da:	04 c0       	rjmp	.+8      	; 0x17e4 <sdr_rx_00()+0x7d6>
    17dc:	88 27       	eor	r24, r24
    17de:	99 27       	eor	r25, r25
    17e0:	8e 1b       	sub	r24, r30
    17e2:	9f 0b       	sbc	r25, r31
    17e4:	09 2e       	mov	r0, r25
    17e6:	00 0c       	add	r0, r0
    17e8:	aa 0b       	sbc	r26, r26
    17ea:	bb 0b       	sbc	r27, r27
    17ec:	8c 0d       	add	r24, r12
    17ee:	9d 1d       	adc	r25, r13
    17f0:	ae 1d       	adc	r26, r14
    17f2:	bf 1d       	adc	r27, r15
    17f4:	80 93 36 05 	sts	0x0536, r24	; 0x800536 <amp32>
    17f8:	90 93 37 05 	sts	0x0537, r25	; 0x800537 <amp32+0x1>
    17fc:	a0 93 38 05 	sts	0x0538, r26	; 0x800538 <amp32+0x2>
    1800:	b0 93 39 05 	sts	0x0539, r27	; 0x800539 <amp32+0x3>
    1804:	41 ce       	rjmp	.-894    	; 0x1488 <sdr_rx_00()+0x47a>
/home/jgalera/develop/arduino/usdx/usdx_plus_orange/src/dsp/dsp.cpp:1035
  static uint8_t absavg256cnt;
  if (!(absavg256cnt--)) {
    _absavg256 = absavg256;
    absavg256 = 0;
  } else
    absavg256 += abs(ac);
    1806:	88 27       	eor	r24, r24
    1808:	99 27       	eor	r25, r25
    180a:	8e 1b       	sub	r24, r30
    180c:	9f 0b       	sbc	r25, r31
    180e:	63 ce       	rjmp	.-826    	; 0x14d6 <sdr_rx_00()+0x4c8>
    1810:	80 e0       	ldi	r24, 0x00	; 0
    1812:	4d cc       	rjmp	.-1894   	; 0x10ae <sdr_rx_00()+0xa0>
/home/jgalera/develop/arduino/usdx/usdx_plus_orange/src/dsp/dsp.cpp:1038

  if (mode == AM) {
    ac = magn(i, q);
    1814:	80 91 c9 05 	lds	r24, 0x05C9	; 0x8005c9 <i>
    1818:	90 91 ca 05 	lds	r25, 0x05CA	; 0x8005ca <i+0x1>
    181c:	e0 91 51 05 	lds	r30, 0x0551	; 0x800551 <q>
    1820:	f0 91 52 05 	lds	r31, 0x0552	; 0x800552 <q+0x1>
    1824:	8b ce       	rjmp	.-746    	; 0x153c <sdr_rx_00()+0x52e>
filt_var():
/home/jgalera/develop/arduino/usdx/usdx_plus_orange/src/dsp/dsp.cpp:965
      }
    }
    if (cw_tone == 1)
#endif
    {
      switch (filt) {
    1826:	80 91 f1 05 	lds	r24, 0x05F1	; 0x8005f1 <filt>
    182a:	85 30       	cpi	r24, 0x05	; 5
    182c:	09 f4       	brne	.+2      	; 0x1830 <sdr_rx_00()+0x822>
    182e:	f0 c1       	rjmp	.+992    	; 0x1c10 <sdr_rx_00()+0xc02>
    1830:	08 f4       	brcc	.+2      	; 0x1834 <sdr_rx_00()+0x826>
    1832:	ee c0       	rjmp	.+476    	; 0x1a10 <sdr_rx_00()+0xa02>
    1834:	86 30       	cpi	r24, 0x06	; 6
    1836:	09 f4       	brne	.+2      	; 0x183a <sdr_rx_00()+0x82c>
    1838:	af c0       	rjmp	.+350    	; 0x1998 <sdr_rx_00()+0x98a>
/home/jgalera/develop/arduino/usdx/usdx_plus_orange/src/dsp/dsp.cpp:976
        break; // 600Hz+-100Hz
      case 6:
        zb0 = (0 * za0 + 1 * za1 + 0 * za2) + (110L * zb1 - 62L * zb2) / 64;
        break; // 600Hz+-50Hz
      case 7:
        zb0 = (0 * za0 + 1 * za1 + 0 * za2) + (110L * zb1 - 61L * zb2) / 64;
    183a:	20 91 2c 05 	lds	r18, 0x052C	; 0x80052c <filt_var(int)::zb2>
    183e:	30 91 2d 05 	lds	r19, 0x052D	; 0x80052d <filt_var(int)::zb2+0x1>
    1842:	a3 ec       	ldi	r26, 0xC3	; 195
    1844:	bf ef       	ldi	r27, 0xFF	; 255
/home/jgalera/develop/arduino/usdx/usdx_plus_orange/src/dsp/dsp.cpp:965
      }
    }
    if (cw_tone == 1)
#endif
    {
      switch (filt) {
    1846:	87 30       	cpi	r24, 0x07	; 7
    1848:	09 f0       	breq	.+2      	; 0x184c <sdr_rx_00()+0x83e>
    184a:	ef c1       	rjmp	.+990    	; 0x1c2a <sdr_rx_00()+0xc1c>
/home/jgalera/develop/arduino/usdx/usdx_plus_orange/src/dsp/dsp.cpp:976
        break; // 600Hz+-100Hz
      case 6:
        zb0 = (0 * za0 + 1 * za1 + 0 * za2) + (110L * zb1 - 62L * zb2) / 64;
        break; // 600Hz+-50Hz
      case 7:
        zb0 = (0 * za0 + 1 * za1 + 0 * za2) + (110L * zb1 - 61L * zb2) / 64;
    184c:	0e 94 ff 39 	call	0x73fe	; 0x73fe <__mulhisi3>
    1850:	4b 01       	movw	r8, r22
    1852:	5c 01       	movw	r10, r24
    1854:	2e e6       	ldi	r18, 0x6E	; 110
    1856:	30 e0       	ldi	r19, 0x00	; 0
    1858:	d7 01       	movw	r26, r14
    185a:	0e 94 16 3a 	call	0x742c	; 0x742c <__usmulhisi3>
    185e:	95 01       	movw	r18, r10
    1860:	84 01       	movw	r16, r8
    1862:	06 0f       	add	r16, r22
    1864:	17 1f       	adc	r17, r23
    1866:	28 1f       	adc	r18, r24
    1868:	39 1f       	adc	r19, r25
    186a:	37 ff       	sbrs	r19, 7
    186c:	04 c0       	rjmp	.+8      	; 0x1876 <sdr_rx_00()+0x868>
    186e:	01 5c       	subi	r16, 0xC1	; 193
    1870:	1f 4f       	sbci	r17, 0xFF	; 255
    1872:	2f 4f       	sbci	r18, 0xFF	; 255
    1874:	3f 4f       	sbci	r19, 0xFF	; 255
    1876:	56 e0       	ldi	r21, 0x06	; 6
    1878:	35 95       	asr	r19
    187a:	27 95       	ror	r18
    187c:	17 95       	ror	r17
    187e:	07 95       	ror	r16
    1880:	5a 95       	dec	r21
    1882:	d1 f7       	brne	.-12     	; 0x1878 <sdr_rx_00()+0x86a>
    1884:	0c 0d       	add	r16, r12
    1886:	1d 1d       	adc	r17, r13
    1888:	10 93 2b 05 	sts	0x052B, r17	; 0x80052b <filt_var(int)::zb0+0x1>
    188c:	00 93 2a 05 	sts	0x052A, r16	; 0x80052a <filt_var(int)::zb0>
/home/jgalera/develop/arduino/usdx/usdx_plus_orange/src/dsp/dsp.cpp:980
        break; // 600Hz+-18Hz
      }

      switch (filt) {
    1890:	80 91 f1 05 	lds	r24, 0x05F1	; 0x8005f1 <filt>
    1894:	a0 90 28 05 	lds	r10, 0x0528	; 0x800528 <filt_var(int)::zc1>
    1898:	b0 90 29 05 	lds	r11, 0x0529	; 0x800529 <filt_var(int)::zc1+0x1>
    189c:	85 30       	cpi	r24, 0x05	; 5
    189e:	09 f4       	brne	.+2      	; 0x18a2 <sdr_rx_00()+0x894>
    18a0:	c9 c1       	rjmp	.+914    	; 0x1c34 <sdr_rx_00()+0xc26>
    18a2:	08 f4       	brcc	.+2      	; 0x18a6 <sdr_rx_00()+0x898>
    18a4:	80 c0       	rjmp	.+256    	; 0x19a6 <sdr_rx_00()+0x998>
    18a6:	86 30       	cpi	r24, 0x06	; 6
    18a8:	09 f4       	brne	.+2      	; 0x18ac <sdr_rx_00()+0x89e>
    18aa:	f9 c1       	rjmp	.+1010   	; 0x1c9e <sdr_rx_00()+0xc90>
    18ac:	87 30       	cpi	r24, 0x07	; 7
    18ae:	09 f0       	breq	.+2      	; 0x18b2 <sdr_rx_00()+0x8a4>
    18b0:	f1 c1       	rjmp	.+994    	; 0x1c94 <sdr_rx_00()+0xc86>
/home/jgalera/develop/arduino/usdx/usdx_plus_orange/src/dsp/dsp.cpp:991
        break; // 600Hz+-100Hz
      case 6:
        zc0 = (zb0 - 2 * zb1 + zb2) / 16 + (113L * zc1 - 62L * zc2) / 64;
        break; // 600Hz+-50Hz
      case 7:
        zc0 = (zb0 - 2 * zb1 + zb2) / 32 + (112L * zc1 - 62L * zc2) / 64;
    18b2:	c7 01       	movw	r24, r14
    18b4:	88 0f       	add	r24, r24
    18b6:	99 1f       	adc	r25, r25
    18b8:	b8 01       	movw	r22, r16
    18ba:	68 1b       	sub	r22, r24
    18bc:	79 0b       	sbc	r23, r25
    18be:	80 90 2c 05 	lds	r8, 0x052C	; 0x80052c <filt_var(int)::zb2>
    18c2:	90 90 2d 05 	lds	r9, 0x052D	; 0x80052d <filt_var(int)::zb2+0x1>
    18c6:	86 0e       	add	r8, r22
    18c8:	97 1e       	adc	r9, r23
    18ca:	97 fe       	sbrs	r9, 7
    18cc:	03 c0       	rjmp	.+6      	; 0x18d4 <sdr_rx_00()+0x8c6>
    18ce:	8f e1       	ldi	r24, 0x1F	; 31
    18d0:	88 0e       	add	r8, r24
    18d2:	91 1c       	adc	r9, r1
    18d4:	95 94       	asr	r9
    18d6:	87 94       	ror	r8
    18d8:	95 94       	asr	r9
    18da:	87 94       	ror	r8
    18dc:	95 94       	asr	r9
    18de:	87 94       	ror	r8
    18e0:	95 94       	asr	r9
    18e2:	87 94       	ror	r8
    18e4:	95 94       	asr	r9
    18e6:	87 94       	ror	r8
    18e8:	20 91 26 05 	lds	r18, 0x0526	; 0x800526 <filt_var(int)::zc2>
    18ec:	30 91 27 05 	lds	r19, 0x0527	; 0x800527 <filt_var(int)::zc2+0x1>
    18f0:	a2 ec       	ldi	r26, 0xC2	; 194
    18f2:	bf ef       	ldi	r27, 0xFF	; 255
    18f4:	0e 94 ff 39 	call	0x73fe	; 0x73fe <__mulhisi3>
    18f8:	2b 01       	movw	r4, r22
    18fa:	3c 01       	movw	r6, r24
    18fc:	20 e7       	ldi	r18, 0x70	; 112
    18fe:	30 e0       	ldi	r19, 0x00	; 0
    1900:	d5 01       	movw	r26, r10
    1902:	0e 94 16 3a 	call	0x742c	; 0x742c <__usmulhisi3>
    1906:	46 0e       	add	r4, r22
    1908:	57 1e       	adc	r5, r23
    190a:	68 1e       	adc	r6, r24
    190c:	79 1e       	adc	r7, r25
    190e:	77 fe       	sbrs	r7, 7
    1910:	05 c0       	rjmp	.+10     	; 0x191c <sdr_rx_00()+0x90e>
    1912:	af e3       	ldi	r26, 0x3F	; 63
    1914:	4a 0e       	add	r4, r26
    1916:	51 1c       	adc	r5, r1
    1918:	61 1c       	adc	r6, r1
    191a:	71 1c       	adc	r7, r1
    191c:	c3 01       	movw	r24, r6
    191e:	b2 01       	movw	r22, r4
    1920:	26 e0       	ldi	r18, 0x06	; 6
    1922:	95 95       	asr	r25
    1924:	87 95       	ror	r24
    1926:	77 95       	ror	r23
    1928:	67 95       	ror	r22
    192a:	2a 95       	dec	r18
    192c:	d1 f7       	brne	.-12     	; 0x1922 <sdr_rx_00()+0x914>
    192e:	68 0d       	add	r22, r8
    1930:	79 1d       	adc	r23, r9
    1932:	70 93 25 05 	sts	0x0525, r23	; 0x800525 <filt_var(int)::zc0+0x1>
    1936:	60 93 24 05 	sts	0x0524, r22	; 0x800524 <filt_var(int)::zc0>
/home/jgalera/develop/arduino/usdx/usdx_plus_orange/src/dsp/dsp.cpp:995
        break; // 600Hz+-18Hz
      }
    }
    zc2 = zc1;
    193a:	b0 92 27 05 	sts	0x0527, r11	; 0x800527 <filt_var(int)::zc2+0x1>
    193e:	a0 92 26 05 	sts	0x0526, r10	; 0x800526 <filt_var(int)::zc2>
/home/jgalera/develop/arduino/usdx/usdx_plus_orange/src/dsp/dsp.cpp:996
    zc1 = zc0;
    1942:	70 93 29 05 	sts	0x0529, r23	; 0x800529 <filt_var(int)::zc1+0x1>
    1946:	60 93 28 05 	sts	0x0528, r22	; 0x800528 <filt_var(int)::zc1>
/home/jgalera/develop/arduino/usdx/usdx_plus_orange/src/dsp/dsp.cpp:998

    zb2 = zb1;
    194a:	f0 92 2d 05 	sts	0x052D, r15	; 0x80052d <filt_var(int)::zb2+0x1>
    194e:	e0 92 2c 05 	sts	0x052C, r14	; 0x80052c <filt_var(int)::zb2>
/home/jgalera/develop/arduino/usdx/usdx_plus_orange/src/dsp/dsp.cpp:999
    zb1 = zb0;
    1952:	10 93 2f 05 	sts	0x052F, r17	; 0x80052f <filt_var(int)::zb1+0x1>
    1956:	00 93 2e 05 	sts	0x052E, r16	; 0x80052e <filt_var(int)::zb1>
/home/jgalera/develop/arduino/usdx/usdx_plus_orange/src/dsp/dsp.cpp:1001

    za2 = za1;
    195a:	d0 92 31 05 	sts	0x0531, r13	; 0x800531 <filt_var(int)::za2+0x1>
    195e:	c0 92 30 05 	sts	0x0530, r12	; 0x800530 <filt_var(int)::za2>
/home/jgalera/develop/arduino/usdx/usdx_plus_orange/src/dsp/dsp.cpp:1002
    za1 = za0;
    1962:	f0 93 33 05 	sts	0x0533, r31	; 0x800533 <filt_var(int)::za1+0x1>
    1966:	e0 93 32 05 	sts	0x0532, r30	; 0x800532 <filt_var(int)::za1>
/home/jgalera/develop/arduino/usdx/usdx_plus_orange/src/dsp/dsp.cpp:1005

    // return zc0 / 64; // compensate the 64x front-end gain
    return zc0 / 8; // compensate the front-end gain
    196a:	77 ff       	sbrs	r23, 7
    196c:	02 c0       	rjmp	.+4      	; 0x1972 <sdr_rx_00()+0x964>
    196e:	69 5f       	subi	r22, 0xF9	; 249
    1970:	7f 4f       	sbci	r23, 0xFF	; 255
    1972:	fb 01       	movw	r30, r22
    1974:	f5 95       	asr	r31
    1976:	e7 95       	ror	r30
    1978:	f5 95       	asr	r31
    197a:	e7 95       	ror	r30
    197c:	f5 95       	asr	r31
    197e:	e7 95       	ror	r30
    1980:	68 cd       	rjmp	.-1328   	; 0x1452 <sdr_rx_00()+0x444>
process_agc_fast():
/home/jgalera/develop/arduino/usdx/usdx_plus_orange/src/dsp/dsp.cpp:780
  int16_t out = (gain >= 1024) ? (gain >> 10) * in : in;
  int16_t accum = (1 - abs(out >> 10));
  if ((INT16_MAX - gain) > accum)
    gain = gain + accum;
  if (gain < 1)
    gain = 1;
    1982:	81 e0       	ldi	r24, 0x01	; 1
    1984:	90 e0       	ldi	r25, 0x00	; 0
    1986:	90 93 69 01 	sts	0x0169, r25	; 0x800169 <gain+0x1>
    198a:	80 93 68 01 	sts	0x0168, r24	; 0x800168 <gain>
    198e:	34 ce       	rjmp	.-920    	; 0x15f8 <sdr_rx_00()+0x5ea>
/home/jgalera/develop/arduino/usdx/usdx_plus_orange/src/dsp/dsp.cpp:776
// time is much slower than I like. For weak/medium signals it aims to keep the
// sample value between 1024 and 2048.
static int16_t gain = 1024;
inline int16_t process_agc_fast(int16_t in) {
  int16_t out = (gain >= 1024) ? (gain >> 10) * in : in;
  int16_t accum = (1 - abs(out >> 10));
    1990:	31 95       	neg	r19
    1992:	21 95       	neg	r18
    1994:	31 09       	sbc	r19, r1
    1996:	1a ce       	rjmp	.-972    	; 0x15cc <sdr_rx_00()+0x5be>
filt_var():
/home/jgalera/develop/arduino/usdx/usdx_plus_orange/src/dsp/dsp.cpp:973
        break; // 600Hz+-250Hz
      case 5:
        zb0 = (0 * za0 + 1 * za1 + 0 * za2) + (113L * zb1 - 60L * zb2) / 64;
        break; // 600Hz+-100Hz
      case 6:
        zb0 = (0 * za0 + 1 * za1 + 0 * za2) + (110L * zb1 - 62L * zb2) / 64;
    1998:	20 91 2c 05 	lds	r18, 0x052C	; 0x80052c <filt_var(int)::zb2>
    199c:	30 91 2d 05 	lds	r19, 0x052D	; 0x80052d <filt_var(int)::zb2+0x1>
    19a0:	a2 ec       	ldi	r26, 0xC2	; 194
    19a2:	bf ef       	ldi	r27, 0xFF	; 255
    19a4:	53 cf       	rjmp	.-346    	; 0x184c <sdr_rx_00()+0x83e>
/home/jgalera/develop/arduino/usdx/usdx_plus_orange/src/dsp/dsp.cpp:980
      case 7:
        zb0 = (0 * za0 + 1 * za1 + 0 * za2) + (110L * zb1 - 61L * zb2) / 64;
        break; // 600Hz+-18Hz
      }

      switch (filt) {
    19a6:	84 30       	cpi	r24, 0x04	; 4
    19a8:	09 f0       	breq	.+2      	; 0x19ac <sdr_rx_00()+0x99e>
    19aa:	74 c1       	rjmp	.+744    	; 0x1c94 <sdr_rx_00()+0xc86>
/home/jgalera/develop/arduino/usdx/usdx_plus_orange/src/dsp/dsp.cpp:982
      case 4:
        zc0 = (zb0 - 2 * zb1 + zb2) / 1 + (95L * zc1 - 52L * zc2) / 64;
    19ac:	20 91 26 05 	lds	r18, 0x0526	; 0x800526 <filt_var(int)::zc2>
    19b0:	30 91 27 05 	lds	r19, 0x0527	; 0x800527 <filt_var(int)::zc2+0x1>
    19b4:	ac ec       	ldi	r26, 0xCC	; 204
    19b6:	bf ef       	ldi	r27, 0xFF	; 255
    19b8:	0e 94 ff 39 	call	0x73fe	; 0x73fe <__mulhisi3>
    19bc:	2b 01       	movw	r4, r22
    19be:	3c 01       	movw	r6, r24
    19c0:	2f e5       	ldi	r18, 0x5F	; 95
    19c2:	30 e0       	ldi	r19, 0x00	; 0
    19c4:	d5 01       	movw	r26, r10
    19c6:	0e 94 16 3a 	call	0x742c	; 0x742c <__usmulhisi3>
    19ca:	46 0e       	add	r4, r22
    19cc:	57 1e       	adc	r5, r23
    19ce:	68 1e       	adc	r6, r24
    19d0:	79 1e       	adc	r7, r25
    19d2:	77 fe       	sbrs	r7, 7
    19d4:	05 c0       	rjmp	.+10     	; 0x19e0 <sdr_rx_00()+0x9d2>
    19d6:	bf e3       	ldi	r27, 0x3F	; 63
    19d8:	4b 0e       	add	r4, r27
    19da:	51 1c       	adc	r5, r1
    19dc:	61 1c       	adc	r6, r1
    19de:	71 1c       	adc	r7, r1
    19e0:	d6 e0       	ldi	r29, 0x06	; 6
    19e2:	75 94       	asr	r7
    19e4:	67 94       	ror	r6
    19e6:	57 94       	ror	r5
    19e8:	47 94       	ror	r4
    19ea:	da 95       	dec	r29
    19ec:	d1 f7       	brne	.-12     	; 0x19e2 <sdr_rx_00()+0x9d4>
    19ee:	c7 01       	movw	r24, r14
    19f0:	88 0f       	add	r24, r24
    19f2:	99 1f       	adc	r25, r25
    19f4:	98 01       	movw	r18, r16
    19f6:	28 1b       	sub	r18, r24
    19f8:	39 0b       	sbc	r19, r25
    19fa:	c9 01       	movw	r24, r18
    19fc:	20 91 2c 05 	lds	r18, 0x052C	; 0x80052c <filt_var(int)::zb2>
    1a00:	30 91 2d 05 	lds	r19, 0x052D	; 0x80052d <filt_var(int)::zb2+0x1>
    1a04:	82 0f       	add	r24, r18
    1a06:	93 1f       	adc	r25, r19
    1a08:	bc 01       	movw	r22, r24
    1a0a:	64 0d       	add	r22, r4
    1a0c:	75 1d       	adc	r23, r5
    1a0e:	91 cf       	rjmp	.-222    	; 0x1932 <sdr_rx_00()+0x924>
/home/jgalera/develop/arduino/usdx/usdx_plus_orange/src/dsp/dsp.cpp:965
      }
    }
    if (cw_tone == 1)
#endif
    {
      switch (filt) {
    1a10:	84 30       	cpi	r24, 0x04	; 4
    1a12:	09 f0       	breq	.+2      	; 0x1a16 <sdr_rx_00()+0xa08>
    1a14:	0a c1       	rjmp	.+532    	; 0x1c2a <sdr_rx_00()+0xc1c>
/home/jgalera/develop/arduino/usdx/usdx_plus_orange/src/dsp/dsp.cpp:967
      case 4:
        zb0 = (0 * za0 + 1 * za1 + 0 * za2) + (114L * zb1 - 57L * zb2) / 64;
    1a16:	20 91 2c 05 	lds	r18, 0x052C	; 0x80052c <filt_var(int)::zb2>
    1a1a:	30 91 2d 05 	lds	r19, 0x052D	; 0x80052d <filt_var(int)::zb2+0x1>
    1a1e:	a7 ec       	ldi	r26, 0xC7	; 199
    1a20:	bf ef       	ldi	r27, 0xFF	; 255
    1a22:	0e 94 ff 39 	call	0x73fe	; 0x73fe <__mulhisi3>
    1a26:	4b 01       	movw	r8, r22
    1a28:	5c 01       	movw	r10, r24
    1a2a:	22 e7       	ldi	r18, 0x72	; 114
    1a2c:	30 e0       	ldi	r19, 0x00	; 0
    1a2e:	14 cf       	rjmp	.-472    	; 0x1858 <sdr_rx_00()+0x84a>
/home/jgalera/develop/arduino/usdx/usdx_plus_orange/src/dsp/dsp.cpp:906

    switch (filt) {
    case 1:
      zc0 =
          ((zb0 + 2 * zb1 + zb2) >> 1) -
          ((((zc1 << 4) + (zc1 << 1)) + ((zc2 << 3) + (zc2 << 1) + zc2)) >> 4);
    1a30:	80 91 26 05 	lds	r24, 0x0526	; 0x800526 <filt_var(int)::zc2>
    1a34:	90 91 27 05 	lds	r25, 0x0527	; 0x800527 <filt_var(int)::zc2+0x1>
/home/jgalera/develop/arduino/usdx/usdx_plus_orange/src/dsp/dsp.cpp:905
    }

    switch (filt) {
    case 1:
      zc0 =
          ((zb0 + 2 * zb1 + zb2) >> 1) -
    1a38:	f7 01       	movw	r30, r14
    1a3a:	ee 0f       	add	r30, r30
    1a3c:	ff 1f       	adc	r31, r31
    1a3e:	ea 0f       	add	r30, r26
    1a40:	fb 1f       	adc	r31, r27
    1a42:	60 91 2c 05 	lds	r22, 0x052C	; 0x80052c <filt_var(int)::zb2>
    1a46:	70 91 2d 05 	lds	r23, 0x052D	; 0x80052d <filt_var(int)::zb2+0x1>
    1a4a:	e6 0f       	add	r30, r22
    1a4c:	f7 1f       	adc	r31, r23
    1a4e:	f5 95       	asr	r31
    1a50:	e7 95       	ror	r30
/home/jgalera/develop/arduino/usdx/usdx_plus_orange/src/dsp/dsp.cpp:906
          ((((zc1 << 4) + (zc1 << 1)) + ((zc2 << 3) + (zc2 << 1) + zc2)) >> 4);
    1a52:	5c 01       	movw	r10, r24
    1a54:	aa 0c       	add	r10, r10
    1a56:	bb 1c       	adc	r11, r11
    1a58:	aa 0c       	add	r10, r10
    1a5a:	bb 1c       	adc	r11, r11
    1a5c:	aa 0c       	add	r10, r10
    1a5e:	bb 1c       	adc	r11, r11
    1a60:	bc 01       	movw	r22, r24
    1a62:	66 0f       	add	r22, r22
    1a64:	77 1f       	adc	r23, r23
    1a66:	6a 0d       	add	r22, r10
    1a68:	7b 1d       	adc	r23, r11
    1a6a:	68 0f       	add	r22, r24
    1a6c:	79 1f       	adc	r23, r25
    1a6e:	58 01       	movw	r10, r16
    1a70:	aa 0c       	add	r10, r10
    1a72:	bb 1c       	adc	r11, r11
    1a74:	c8 01       	movw	r24, r16
    1a76:	82 95       	swap	r24
    1a78:	92 95       	swap	r25
    1a7a:	90 7f       	andi	r25, 0xF0	; 240
    1a7c:	98 27       	eor	r25, r24
    1a7e:	80 7f       	andi	r24, 0xF0	; 240
    1a80:	98 27       	eor	r25, r24
    1a82:	a8 0e       	add	r10, r24
    1a84:	b9 1e       	adc	r11, r25
    1a86:	a6 0e       	add	r10, r22
    1a88:	b7 1e       	adc	r11, r23
/home/jgalera/develop/arduino/usdx/usdx_plus_orange/src/dsp/dsp.cpp:909
      break; // 0-2900Hz filter, second biquad section
    case 2:
      zc0 = ((zb0 + 2 * zb1 + zb2) >> 2) - (((zc1 << 2) + (zc2 << 3)) >> 4);
    1a8a:	b5 94       	asr	r11
    1a8c:	a7 94       	ror	r10
    1a8e:	b5 94       	asr	r11
    1a90:	a7 94       	ror	r10
    1a92:	b5 94       	asr	r11
    1a94:	a7 94       	ror	r10
    1a96:	b5 94       	asr	r11
    1a98:	a7 94       	ror	r10
    1a9a:	ea 19       	sub	r30, r10
    1a9c:	fb 09       	sbc	r31, r11
/home/jgalera/develop/arduino/usdx/usdx_plus_orange/src/dsp/dsp.cpp:912
      break; // 0-2400Hz filter, second biquad section
    case 3:
      zc0 = ((zb0 + 2 * zb1 + zb2) >> 2) - ((zc2 << 2) >> 4);
    1a9e:	f0 93 25 05 	sts	0x0525, r31	; 0x800525 <filt_var(int)::zc0+0x1>
    1aa2:	e0 93 24 05 	sts	0x0524, r30	; 0x800524 <filt_var(int)::zc0>
    1aa6:	5f ce       	rjmp	.-834    	; 0x1766 <sdr_rx_00()+0x758>
    1aa8:	f7 01       	movw	r30, r14
    1aaa:	ee 0f       	add	r30, r30
    1aac:	ff 1f       	adc	r31, r31
    1aae:	ea 0f       	add	r30, r26
    1ab0:	fb 1f       	adc	r31, r27
    1ab2:	80 91 2c 05 	lds	r24, 0x052C	; 0x80052c <filt_var(int)::zb2>
    1ab6:	90 91 2d 05 	lds	r25, 0x052D	; 0x80052d <filt_var(int)::zb2+0x1>
    1aba:	e8 0f       	add	r30, r24
    1abc:	f9 1f       	adc	r31, r25
    1abe:	f5 95       	asr	r31
    1ac0:	e7 95       	ror	r30
    1ac2:	f5 95       	asr	r31
    1ac4:	e7 95       	ror	r30
    1ac6:	80 91 26 05 	lds	r24, 0x0526	; 0x800526 <filt_var(int)::zc2>
    1aca:	90 91 27 05 	lds	r25, 0x0527	; 0x800527 <filt_var(int)::zc2+0x1>
    1ace:	88 0f       	add	r24, r24
    1ad0:	99 1f       	adc	r25, r25
    1ad2:	88 0f       	add	r24, r24
    1ad4:	99 1f       	adc	r25, r25
    1ad6:	95 95       	asr	r25
    1ad8:	87 95       	ror	r24
    1ada:	95 95       	asr	r25
    1adc:	87 95       	ror	r24
    1ade:	95 95       	asr	r25
    1ae0:	87 95       	ror	r24
    1ae2:	95 95       	asr	r25
    1ae4:	87 95       	ror	r24
    1ae6:	e8 1b       	sub	r30, r24
    1ae8:	f9 0b       	sbc	r31, r25
    1aea:	d9 cf       	rjmp	.-78     	; 0x1a9e <sdr_rx_00()+0xa90>
/home/jgalera/develop/arduino/usdx/usdx_plus_orange/src/dsp/dsp.cpp:909
      zc0 =
          ((zb0 + 2 * zb1 + zb2) >> 1) -
          ((((zc1 << 4) + (zc1 << 1)) + ((zc2 << 3) + (zc2 << 1) + zc2)) >> 4);
      break; // 0-2900Hz filter, second biquad section
    case 2:
      zc0 = ((zb0 + 2 * zb1 + zb2) >> 2) - (((zc1 << 2) + (zc2 << 3)) >> 4);
    1aec:	f7 01       	movw	r30, r14
    1aee:	ee 0f       	add	r30, r30
    1af0:	ff 1f       	adc	r31, r31
    1af2:	ea 0f       	add	r30, r26
    1af4:	fb 1f       	adc	r31, r27
    1af6:	80 91 2c 05 	lds	r24, 0x052C	; 0x80052c <filt_var(int)::zb2>
    1afa:	90 91 2d 05 	lds	r25, 0x052D	; 0x80052d <filt_var(int)::zb2+0x1>
    1afe:	e8 0f       	add	r30, r24
    1b00:	f9 1f       	adc	r31, r25
    1b02:	f5 95       	asr	r31
    1b04:	e7 95       	ror	r30
    1b06:	f5 95       	asr	r31
    1b08:	e7 95       	ror	r30
    1b0a:	a0 90 26 05 	lds	r10, 0x0526	; 0x800526 <filt_var(int)::zc2>
    1b0e:	b0 90 27 05 	lds	r11, 0x0527	; 0x800527 <filt_var(int)::zc2+0x1>
    1b12:	aa 0c       	add	r10, r10
    1b14:	bb 1c       	adc	r11, r11
    1b16:	aa 0c       	add	r10, r10
    1b18:	bb 1c       	adc	r11, r11
    1b1a:	aa 0c       	add	r10, r10
    1b1c:	bb 1c       	adc	r11, r11
    1b1e:	c8 01       	movw	r24, r16
    1b20:	88 0f       	add	r24, r24
    1b22:	99 1f       	adc	r25, r25
    1b24:	88 0f       	add	r24, r24
    1b26:	99 1f       	adc	r25, r25
    1b28:	a8 0e       	add	r10, r24
    1b2a:	b9 1e       	adc	r11, r25
    1b2c:	ae cf       	rjmp	.-164    	; 0x1a8a <sdr_rx_00()+0xa7c>
/home/jgalera/develop/arduino/usdx/usdx_plus_orange/src/dsp/dsp.cpp:891
          5; // 300-Hz

    switch (filt) {
    case 1:
      zb0 = ((za0 + 2 * za1 + za2) >> 1) - ((((zb1 << 3) + (zb1 << 2) + zb1) +
                                             ((zb2 << 3) + (zb2 << 1) + zb2)) >>
    1b2e:	e0 91 2c 05 	lds	r30, 0x052C	; 0x80052c <filt_var(int)::zb2>
    1b32:	f0 91 2d 05 	lds	r31, 0x052D	; 0x80052d <filt_var(int)::zb2+0x1>
/home/jgalera/develop/arduino/usdx/usdx_plus_orange/src/dsp/dsp.cpp:890
           (((zz1) << 4) + ((zz1) << 3) + zz1)) >>
          5; // 300-Hz

    switch (filt) {
    case 1:
      zb0 = ((za0 + 2 * za1 + za2) >> 1) - ((((zb1 << 3) + (zb1 << 2) + zb1) +
    1b36:	d6 01       	movw	r26, r12
    1b38:	aa 0f       	add	r26, r26
    1b3a:	bb 1f       	adc	r27, r27
    1b3c:	a2 0f       	add	r26, r18
    1b3e:	b3 1f       	adc	r27, r19
    1b40:	80 91 30 05 	lds	r24, 0x0530	; 0x800530 <filt_var(int)::za2>
    1b44:	90 91 31 05 	lds	r25, 0x0531	; 0x800531 <filt_var(int)::za2+0x1>
    1b48:	a8 0f       	add	r26, r24
    1b4a:	b9 1f       	adc	r27, r25
    1b4c:	b5 95       	asr	r27
    1b4e:	a7 95       	ror	r26
    1b50:	b7 01       	movw	r22, r14
    1b52:	66 0f       	add	r22, r22
    1b54:	77 1f       	adc	r23, r23
    1b56:	66 0f       	add	r22, r22
    1b58:	77 1f       	adc	r23, r23
    1b5a:	c7 01       	movw	r24, r14
    1b5c:	88 0f       	add	r24, r24
    1b5e:	99 1f       	adc	r25, r25
    1b60:	88 0f       	add	r24, r24
    1b62:	99 1f       	adc	r25, r25
    1b64:	88 0f       	add	r24, r24
    1b66:	99 1f       	adc	r25, r25
    1b68:	86 0f       	add	r24, r22
    1b6a:	97 1f       	adc	r25, r23
    1b6c:	8e 0d       	add	r24, r14
    1b6e:	9f 1d       	adc	r25, r15
/home/jgalera/develop/arduino/usdx/usdx_plus_orange/src/dsp/dsp.cpp:891
                                             ((zb2 << 3) + (zb2 << 1) + zb2)) >>
    1b70:	bf 01       	movw	r22, r30
    1b72:	66 0f       	add	r22, r22
    1b74:	77 1f       	adc	r23, r23
    1b76:	66 0f       	add	r22, r22
    1b78:	77 1f       	adc	r23, r23
    1b7a:	66 0f       	add	r22, r22
    1b7c:	77 1f       	adc	r23, r23
    1b7e:	8f 01       	movw	r16, r30
    1b80:	00 0f       	add	r16, r16
    1b82:	11 1f       	adc	r17, r17
    1b84:	60 0f       	add	r22, r16
    1b86:	71 1f       	adc	r23, r17
    1b88:	6e 0f       	add	r22, r30
    1b8a:	7f 1f       	adc	r23, r31
/home/jgalera/develop/arduino/usdx/usdx_plus_orange/src/dsp/dsp.cpp:895
                                            4);
      break; // 0-2900Hz filter, first biquad section
    case 2:
      zb0 = ((za0 + 2 * za1 + za2) >> 1) - (((zb1 << 1) + (zb2 << 3)) >> 4);
    1b8c:	86 0f       	add	r24, r22
    1b8e:	97 1f       	adc	r25, r23
/home/jgalera/develop/arduino/usdx/usdx_plus_orange/src/dsp/dsp.cpp:898
      break; // 0-2400Hz filter, first biquad section
    case 3:
      zb0 = ((za0 + 2 * za1 + za2) >> 1) - ((zb2 << 2) >> 4);
    1b90:	95 95       	asr	r25
    1b92:	87 95       	ror	r24
    1b94:	95 95       	asr	r25
    1b96:	87 95       	ror	r24
    1b98:	95 95       	asr	r25
    1b9a:	87 95       	ror	r24
    1b9c:	95 95       	asr	r25
    1b9e:	87 95       	ror	r24
    1ba0:	a8 1b       	sub	r26, r24
    1ba2:	b9 0b       	sbc	r27, r25
    1ba4:	b0 93 2b 05 	sts	0x052B, r27	; 0x80052b <filt_var(int)::zb0+0x1>
    1ba8:	a0 93 2a 05 	sts	0x052A, r26	; 0x80052a <filt_var(int)::zb0>
    1bac:	c9 cd       	rjmp	.-1134   	; 0x1740 <sdr_rx_00()+0x732>
    1bae:	d6 01       	movw	r26, r12
    1bb0:	aa 0f       	add	r26, r26
    1bb2:	bb 1f       	adc	r27, r27
    1bb4:	a2 0f       	add	r26, r18
    1bb6:	b3 1f       	adc	r27, r19
    1bb8:	80 91 30 05 	lds	r24, 0x0530	; 0x800530 <filt_var(int)::za2>
    1bbc:	90 91 31 05 	lds	r25, 0x0531	; 0x800531 <filt_var(int)::za2+0x1>
    1bc0:	a8 0f       	add	r26, r24
    1bc2:	b9 1f       	adc	r27, r25
    1bc4:	b5 95       	asr	r27
    1bc6:	a7 95       	ror	r26
    1bc8:	80 91 2c 05 	lds	r24, 0x052C	; 0x80052c <filt_var(int)::zb2>
    1bcc:	90 91 2d 05 	lds	r25, 0x052D	; 0x80052d <filt_var(int)::zb2+0x1>
    1bd0:	88 0f       	add	r24, r24
    1bd2:	99 1f       	adc	r25, r25
    1bd4:	88 0f       	add	r24, r24
    1bd6:	99 1f       	adc	r25, r25
    1bd8:	db cf       	rjmp	.-74     	; 0x1b90 <sdr_rx_00()+0xb82>
/home/jgalera/develop/arduino/usdx/usdx_plus_orange/src/dsp/dsp.cpp:895
      zb0 = ((za0 + 2 * za1 + za2) >> 1) - ((((zb1 << 3) + (zb1 << 2) + zb1) +
                                             ((zb2 << 3) + (zb2 << 1) + zb2)) >>
                                            4);
      break; // 0-2900Hz filter, first biquad section
    case 2:
      zb0 = ((za0 + 2 * za1 + za2) >> 1) - (((zb1 << 1) + (zb2 << 3)) >> 4);
    1bda:	d6 01       	movw	r26, r12
    1bdc:	aa 0f       	add	r26, r26
    1bde:	bb 1f       	adc	r27, r27
    1be0:	a2 0f       	add	r26, r18
    1be2:	b3 1f       	adc	r27, r19
    1be4:	80 91 30 05 	lds	r24, 0x0530	; 0x800530 <filt_var(int)::za2>
    1be8:	90 91 31 05 	lds	r25, 0x0531	; 0x800531 <filt_var(int)::za2+0x1>
    1bec:	a8 0f       	add	r26, r24
    1bee:	b9 1f       	adc	r27, r25
    1bf0:	b5 95       	asr	r27
    1bf2:	a7 95       	ror	r26
    1bf4:	80 91 2c 05 	lds	r24, 0x052C	; 0x80052c <filt_var(int)::zb2>
    1bf8:	90 91 2d 05 	lds	r25, 0x052D	; 0x80052d <filt_var(int)::zb2+0x1>
    1bfc:	88 0f       	add	r24, r24
    1bfe:	99 1f       	adc	r25, r25
    1c00:	88 0f       	add	r24, r24
    1c02:	99 1f       	adc	r25, r25
    1c04:	88 0f       	add	r24, r24
    1c06:	99 1f       	adc	r25, r25
    1c08:	b7 01       	movw	r22, r14
    1c0a:	66 0f       	add	r22, r22
    1c0c:	77 1f       	adc	r23, r23
    1c0e:	be cf       	rjmp	.-132    	; 0x1b8c <sdr_rx_00()+0xb7e>
/home/jgalera/develop/arduino/usdx/usdx_plus_orange/src/dsp/dsp.cpp:970
      switch (filt) {
      case 4:
        zb0 = (0 * za0 + 1 * za1 + 0 * za2) + (114L * zb1 - 57L * zb2) / 64;
        break; // 600Hz+-250Hz
      case 5:
        zb0 = (0 * za0 + 1 * za1 + 0 * za2) + (113L * zb1 - 60L * zb2) / 64;
    1c10:	20 91 2c 05 	lds	r18, 0x052C	; 0x80052c <filt_var(int)::zb2>
    1c14:	30 91 2d 05 	lds	r19, 0x052D	; 0x80052d <filt_var(int)::zb2+0x1>
    1c18:	a4 ec       	ldi	r26, 0xC4	; 196
    1c1a:	bf ef       	ldi	r27, 0xFF	; 255
    1c1c:	0e 94 ff 39 	call	0x73fe	; 0x73fe <__mulhisi3>
    1c20:	4b 01       	movw	r8, r22
    1c22:	5c 01       	movw	r10, r24
    1c24:	21 e7       	ldi	r18, 0x71	; 113
    1c26:	30 e0       	ldi	r19, 0x00	; 0
    1c28:	17 ce       	rjmp	.-978    	; 0x1858 <sdr_rx_00()+0x84a>
    1c2a:	00 91 2a 05 	lds	r16, 0x052A	; 0x80052a <filt_var(int)::zb0>
    1c2e:	10 91 2b 05 	lds	r17, 0x052B	; 0x80052b <filt_var(int)::zb0+0x1>
    1c32:	2e ce       	rjmp	.-932    	; 0x1890 <sdr_rx_00()+0x882>
/home/jgalera/develop/arduino/usdx/usdx_plus_orange/src/dsp/dsp.cpp:985
      switch (filt) {
      case 4:
        zc0 = (zb0 - 2 * zb1 + zb2) / 1 + (95L * zc1 - 52L * zc2) / 64;
        break; // 600Hz+-250Hz
      case 5:
        zc0 = (zb0 - 2 * zb1 + zb2) / 4 + (106L * zc1 - 59L * zc2) / 64;
    1c34:	c7 01       	movw	r24, r14
    1c36:	88 0f       	add	r24, r24
    1c38:	99 1f       	adc	r25, r25
    1c3a:	b8 01       	movw	r22, r16
    1c3c:	68 1b       	sub	r22, r24
    1c3e:	79 0b       	sbc	r23, r25
    1c40:	80 90 2c 05 	lds	r8, 0x052C	; 0x80052c <filt_var(int)::zb2>
    1c44:	90 90 2d 05 	lds	r9, 0x052D	; 0x80052d <filt_var(int)::zb2+0x1>
    1c48:	86 0e       	add	r8, r22
    1c4a:	97 1e       	adc	r9, r23
    1c4c:	97 fe       	sbrs	r9, 7
    1c4e:	03 c0       	rjmp	.+6      	; 0x1c56 <sdr_rx_00()+0xc48>
    1c50:	33 e0       	ldi	r19, 0x03	; 3
    1c52:	83 0e       	add	r8, r19
    1c54:	91 1c       	adc	r9, r1
    1c56:	95 94       	asr	r9
    1c58:	87 94       	ror	r8
    1c5a:	95 94       	asr	r9
    1c5c:	87 94       	ror	r8
    1c5e:	20 91 26 05 	lds	r18, 0x0526	; 0x800526 <filt_var(int)::zc2>
    1c62:	30 91 27 05 	lds	r19, 0x0527	; 0x800527 <filt_var(int)::zc2+0x1>
    1c66:	a5 ec       	ldi	r26, 0xC5	; 197
    1c68:	bf ef       	ldi	r27, 0xFF	; 255
    1c6a:	0e 94 ff 39 	call	0x73fe	; 0x73fe <__mulhisi3>
    1c6e:	2b 01       	movw	r4, r22
    1c70:	3c 01       	movw	r6, r24
    1c72:	2a e6       	ldi	r18, 0x6A	; 106
    1c74:	30 e0       	ldi	r19, 0x00	; 0
    1c76:	d5 01       	movw	r26, r10
    1c78:	0e 94 16 3a 	call	0x742c	; 0x742c <__usmulhisi3>
    1c7c:	46 0e       	add	r4, r22
    1c7e:	57 1e       	adc	r5, r23
    1c80:	68 1e       	adc	r6, r24
    1c82:	79 1e       	adc	r7, r25
    1c84:	77 fe       	sbrs	r7, 7
    1c86:	4a ce       	rjmp	.-876    	; 0x191c <sdr_rx_00()+0x90e>
    1c88:	5f e3       	ldi	r21, 0x3F	; 63
    1c8a:	45 0e       	add	r4, r21
    1c8c:	51 1c       	adc	r5, r1
    1c8e:	61 1c       	adc	r6, r1
    1c90:	71 1c       	adc	r7, r1
    1c92:	44 ce       	rjmp	.-888    	; 0x191c <sdr_rx_00()+0x90e>
    1c94:	60 91 24 05 	lds	r22, 0x0524	; 0x800524 <filt_var(int)::zc0>
    1c98:	70 91 25 05 	lds	r23, 0x0525	; 0x800525 <filt_var(int)::zc0+0x1>
    1c9c:	4e ce       	rjmp	.-868    	; 0x193a <sdr_rx_00()+0x92c>
/home/jgalera/develop/arduino/usdx/usdx_plus_orange/src/dsp/dsp.cpp:988
        break; // 600Hz+-100Hz
      case 6:
        zc0 = (zb0 - 2 * zb1 + zb2) / 16 + (113L * zc1 - 62L * zc2) / 64;
    1c9e:	c7 01       	movw	r24, r14
    1ca0:	88 0f       	add	r24, r24
    1ca2:	99 1f       	adc	r25, r25
    1ca4:	b8 01       	movw	r22, r16
    1ca6:	68 1b       	sub	r22, r24
    1ca8:	79 0b       	sbc	r23, r25
    1caa:	80 90 2c 05 	lds	r8, 0x052C	; 0x80052c <filt_var(int)::zb2>
    1cae:	90 90 2d 05 	lds	r9, 0x052D	; 0x80052d <filt_var(int)::zb2+0x1>
    1cb2:	86 0e       	add	r8, r22
    1cb4:	97 1e       	adc	r9, r23
    1cb6:	97 fe       	sbrs	r9, 7
    1cb8:	03 c0       	rjmp	.+6      	; 0x1cc0 <sdr_rx_00()+0xcb2>
    1cba:	6f e0       	ldi	r22, 0x0F	; 15
    1cbc:	86 0e       	add	r8, r22
    1cbe:	91 1c       	adc	r9, r1
    1cc0:	95 94       	asr	r9
    1cc2:	87 94       	ror	r8
    1cc4:	95 94       	asr	r9
    1cc6:	87 94       	ror	r8
    1cc8:	95 94       	asr	r9
    1cca:	87 94       	ror	r8
    1ccc:	95 94       	asr	r9
    1cce:	87 94       	ror	r8
    1cd0:	20 91 26 05 	lds	r18, 0x0526	; 0x800526 <filt_var(int)::zc2>
    1cd4:	30 91 27 05 	lds	r19, 0x0527	; 0x800527 <filt_var(int)::zc2+0x1>
    1cd8:	a2 ec       	ldi	r26, 0xC2	; 194
    1cda:	bf ef       	ldi	r27, 0xFF	; 255
    1cdc:	0e 94 ff 39 	call	0x73fe	; 0x73fe <__mulhisi3>
    1ce0:	2b 01       	movw	r4, r22
    1ce2:	3c 01       	movw	r6, r24
    1ce4:	21 e7       	ldi	r18, 0x71	; 113
    1ce6:	30 e0       	ldi	r19, 0x00	; 0
    1ce8:	d5 01       	movw	r26, r10
    1cea:	0e 94 16 3a 	call	0x742c	; 0x742c <__usmulhisi3>
    1cee:	46 0e       	add	r4, r22
    1cf0:	57 1e       	adc	r5, r23
    1cf2:	68 1e       	adc	r6, r24
    1cf4:	79 1e       	adc	r7, r25
    1cf6:	77 fe       	sbrs	r7, 7
    1cf8:	11 ce       	rjmp	.-990    	; 0x191c <sdr_rx_00()+0x90e>
    1cfa:	7f e3       	ldi	r23, 0x3F	; 63
    1cfc:	47 0e       	add	r4, r23
    1cfe:	51 1c       	adc	r5, r1
    1d00:	61 1c       	adc	r6, r1
    1d02:	71 1c       	adc	r7, r1
    1d04:	0b ce       	rjmp	.-1002   	; 0x191c <sdr_rx_00()+0x90e>

00001d06 <delayWithKeySense(unsigned long)>:
_Z17delayWithKeySensem():
/home/jgalera/develop/arduino/usdx/usdx_plus_orange/src/dsp/dsp.cpp:436
                           "*****;!*)*****,****:****";

#ifdef CW_MESSAGE
#define MENU_STR 1

uint8_t delayWithKeySense(uint32_t ms) {
    1d06:	cf 92       	push	r12
    1d08:	df 92       	push	r13
    1d0a:	ef 92       	push	r14
    1d0c:	ff 92       	push	r15
    1d0e:	6b 01       	movw	r12, r22
    1d10:	7c 01       	movw	r14, r24
/home/jgalera/develop/arduino/usdx/usdx_plus_orange/src/dsp/dsp.cpp:437
  uint32_t event = millis() + ms;
    1d12:	0e 94 40 04 	call	0x880	; 0x880 <millis>
    1d16:	c6 0e       	add	r12, r22
    1d18:	d7 1e       	adc	r13, r23
    1d1a:	e8 1e       	adc	r14, r24
    1d1c:	f9 1e       	adc	r15, r25
/home/jgalera/develop/arduino/usdx/usdx_plus_orange/src/dsp/dsp.cpp:438
  for (; millis() < event;) {
    1d1e:	0e 94 40 04 	call	0x880	; 0x880 <millis>
    1d22:	6c 15       	cp	r22, r12
    1d24:	7d 05       	cpc	r23, r13
    1d26:	8e 05       	cpc	r24, r14
    1d28:	9f 05       	cpc	r25, r15
    1d2a:	c0 f4       	brcc	.+48     	; 0x1d5c <delayWithKeySense(unsigned long)+0x56>
/home/jgalera/develop/arduino/usdx/usdx_plus_orange/src/dsp/dsp.cpp:439
    wdt_reset();
    1d2c:	a8 95       	wdr
/home/jgalera/develop/arduino/usdx/usdx_plus_orange/src/dsp/dsp.cpp:440
    if (inv ^ digitalRead(BUTTONS) || !digitalRead(DAH) || !digitalRead(DIT)) {
    1d2e:	81 e1       	ldi	r24, 0x11	; 17
    1d30:	0e 94 35 03 	call	0x66a	; 0x66a <digitalRead>
    1d34:	01 97       	sbiw	r24, 0x01	; 1
    1d36:	29 f4       	brne	.+10     	; 0x1d42 <delayWithKeySense(unsigned long)+0x3c>
    1d38:	8c e0       	ldi	r24, 0x0C	; 12
    1d3a:	0e 94 35 03 	call	0x66a	; 0x66a <digitalRead>
    1d3e:	89 2b       	or	r24, r25
    1d40:	39 f4       	brne	.+14     	; 0x1d50 <delayWithKeySense(unsigned long)+0x4a>
/home/jgalera/develop/arduino/usdx/usdx_plus_orange/src/dsp/dsp.cpp:441
      for (; inv ^ digitalRead(BUTTONS);)
    1d42:	81 e1       	ldi	r24, 0x11	; 17
    1d44:	0e 94 35 03 	call	0x66a	; 0x66a <digitalRead>
    1d48:	01 97       	sbiw	r24, 0x01	; 1
    1d4a:	71 f0       	breq	.+28     	; 0x1d68 <delayWithKeySense(unsigned long)+0x62>
/home/jgalera/develop/arduino/usdx/usdx_plus_orange/src/dsp/dsp.cpp:442
        wdt_reset(); // wait until buttons released
    1d4c:	a8 95       	wdr
    1d4e:	f9 cf       	rjmp	.-14     	; 0x1d42 <delayWithKeySense(unsigned long)+0x3c>
/home/jgalera/develop/arduino/usdx/usdx_plus_orange/src/dsp/dsp.cpp:440

uint8_t delayWithKeySense(uint32_t ms) {
  uint32_t event = millis() + ms;
  for (; millis() < event;) {
    wdt_reset();
    if (inv ^ digitalRead(BUTTONS) || !digitalRead(DAH) || !digitalRead(DIT)) {
    1d50:	8d e0       	ldi	r24, 0x0D	; 13
    1d52:	0e 94 35 03 	call	0x66a	; 0x66a <digitalRead>
    1d56:	89 2b       	or	r24, r25
    1d58:	11 f7       	brne	.-60     	; 0x1d1e <delayWithKeySense(unsigned long)+0x18>
    1d5a:	f3 cf       	rjmp	.-26     	; 0x1d42 <delayWithKeySense(unsigned long)+0x3c>
/home/jgalera/develop/arduino/usdx/usdx_plus_orange/src/dsp/dsp.cpp:446
      for (; inv ^ digitalRead(BUTTONS);)
        wdt_reset(); // wait until buttons released
      return 1;      // stop when button/key pressed
    }
  }
  return 0;
    1d5c:	80 e0       	ldi	r24, 0x00	; 0
/home/jgalera/develop/arduino/usdx/usdx_plus_orange/src/dsp/dsp.cpp:447
}
    1d5e:	ff 90       	pop	r15
    1d60:	ef 90       	pop	r14
    1d62:	df 90       	pop	r13
    1d64:	cf 90       	pop	r12
    1d66:	08 95       	ret
/home/jgalera/develop/arduino/usdx/usdx_plus_orange/src/dsp/dsp.cpp:441
uint8_t delayWithKeySense(uint32_t ms) {
  uint32_t event = millis() + ms;
  for (; millis() < event;) {
    wdt_reset();
    if (inv ^ digitalRead(BUTTONS) || !digitalRead(DAH) || !digitalRead(DIT)) {
      for (; inv ^ digitalRead(BUTTONS);)
    1d68:	81 e0       	ldi	r24, 0x01	; 1
    1d6a:	f9 cf       	rjmp	.-14     	; 0x1d5e <delayWithKeySense(unsigned long)+0x58>

00001d6c <dsp_tx_fm()>:
_Z9dsp_tx_fmv():
/home/jgalera/develop/arduino/usdx/usdx_plus_orange/src/dsp/dsp.cpp:397
  in = max(0, min(255, (in + AM_BASE)));
  amp = in; // lut[in];
}

void dsp_tx_fm() {       // jitter dependent things first
  ADCSRA |= (1 << ADSC); // start next ADC conversion (trigger ADC interrupt if
    1d6c:	ea e7       	ldi	r30, 0x7A	; 122
    1d6e:	f0 e0       	ldi	r31, 0x00	; 0
    1d70:	80 81       	ld	r24, Z
    1d72:	80 64       	ori	r24, 0x40	; 64
    1d74:	80 83       	st	Z, r24
/home/jgalera/develop/arduino/usdx/usdx_plus_orange/src/dsp/dsp.cpp:399
                         // ADIE flag is set)
  OCR1BL = lut[255]; // submit amplitude to PWM register (actually this is done
    1d76:	80 91 10 05 	lds	r24, 0x0510	; 0x800510 <lut+0xff>
    1d7a:	80 93 8a 00 	sts	0x008A, r24	; 0x80008a <__DATA_REGION_ORIGIN__+0x2a>
/home/jgalera/develop/arduino/usdx/usdx_plus_orange/src/dsp/dsp.cpp:402
                     // in advance (about 140us) of phase-change, so that
                     // phase-delays in key-shaping circuit filter can settle)
  si5351.SendPLLRegisterBulk(); // submit frequency registers to SI5351 over
    1d7e:	0e 94 d2 02 	call	0x5a4	; 0x5a4 <SI5351::SendPLLRegisterBulk() [clone .constprop.34]>
/home/jgalera/develop/arduino/usdx/usdx_plus_orange/src/dsp/dsp.cpp:406
                                // 731kbit/s I2C (transfer takes 64/731 = 88us,
                                // then PLL-loopfilter probably needs 50us to
                                // stabalize)
  int16_t adc = ADC - 512; // current ADC sample 10-bits analog input, NOTE:
    1d82:	80 91 78 00 	lds	r24, 0x0078	; 0x800078 <__DATA_REGION_ORIGIN__+0x18>
    1d86:	90 91 79 00 	lds	r25, 0x0079	; 0x800079 <__DATA_REGION_ORIGIN__+0x19>
/home/jgalera/develop/arduino/usdx/usdx_plus_orange/src/dsp/dsp.cpp:409
                           // first ADCL, then ADCH
  int16_t in = (adc >> MIC_ATTEN);
  in = in << (drive);
    1d8a:	20 91 6b 01 	lds	r18, 0x016B	; 0x80016b <drive>
/home/jgalera/develop/arduino/usdx/usdx_plus_orange/src/dsp/dsp.cpp:406
                     // phase-delays in key-shaping circuit filter can settle)
  si5351.SendPLLRegisterBulk(); // submit frequency registers to SI5351 over
                                // 731kbit/s I2C (transfer takes 64/731 = 88us,
                                // then PLL-loopfilter probably needs 50us to
                                // stabalize)
  int16_t adc = ADC - 512; // current ADC sample 10-bits analog input, NOTE:
    1d8e:	92 50       	subi	r25, 0x02	; 2
/home/jgalera/develop/arduino/usdx/usdx_plus_orange/src/dsp/dsp.cpp:411
                           // first ADCL, then ADCH
  int16_t in = (adc >> MIC_ATTEN);
  in = in << (drive);
  int16_t df = in;
  si5351.freq_calc_fast(df); // calculate SI5351 registers based on frequency
    1d90:	02 c0       	rjmp	.+4      	; 0x1d96 <dsp_tx_fm()+0x2a>
    1d92:	88 0f       	add	r24, r24
    1d94:	99 1f       	adc	r25, r25
    1d96:	2a 95       	dec	r18
    1d98:	e2 f7       	brpl	.-8      	; 0x1d92 <dsp_tx_fm()+0x26>
    1d9a:	0c 94 59 02 	jmp	0x4b2	; 0x4b2 <SI5351::freq_calc_fast(int) [clone .constprop.35]>

00001d9e <dsp_tx_am()>:
_Z9dsp_tx_amv():
/home/jgalera/develop/arduino/usdx/usdx_plus_orange/src/dsp/dsp.cpp:381

  process_minsky();
  OCR1AL = (p_sin >> (8 + (16 - volume))) + 128;
}

void dsp_tx_am() {       // jitter dependent things first
    1d9e:	cf 93       	push	r28
    1da0:	df 93       	push	r29
    1da2:	00 d0       	rcall	.+0      	; 0x1da4 <dsp_tx_am()+0x6>
    1da4:	00 d0       	rcall	.+0      	; 0x1da6 <dsp_tx_am()+0x8>
    1da6:	00 d0       	rcall	.+0      	; 0x1da8 <dsp_tx_am()+0xa>
    1da8:	cd b7       	in	r28, 0x3d	; 61
    1daa:	de b7       	in	r29, 0x3e	; 62
/home/jgalera/develop/arduino/usdx/usdx_plus_orange/src/dsp/dsp.cpp:382
  ADCSRA |= (1 << ADSC); // start next ADC conversion (trigger ADC interrupt if
    1dac:	80 91 7a 00 	lds	r24, 0x007A	; 0x80007a <__DATA_REGION_ORIGIN__+0x1a>
    1db0:	80 64       	ori	r24, 0x40	; 64
    1db2:	80 93 7a 00 	sts	0x007A, r24	; 0x80007a <__DATA_REGION_ORIGIN__+0x1a>
/home/jgalera/develop/arduino/usdx/usdx_plus_orange/src/dsp/dsp.cpp:384
                         // ADIE flag is set)
  OCR1BL = amp; // submit amplitude to PWM register (actually this is done in
    1db6:	80 91 10 04 	lds	r24, 0x0410	; 0x800410 <amp>
    1dba:	80 93 8a 00 	sts	0x008A, r24	; 0x80008a <__DATA_REGION_ORIGIN__+0x2a>
/home/jgalera/develop/arduino/usdx/usdx_plus_orange/src/dsp/dsp.cpp:387
                // advance (about 140us) of phase-change, so that phase-delays
                // in key-shaping circuit filter can settle)
  int16_t adc = ADC - 512; // current ADC sample 10-bits analog input, NOTE:
    1dbe:	80 91 78 00 	lds	r24, 0x0078	; 0x800078 <__DATA_REGION_ORIGIN__+0x18>
    1dc2:	90 91 79 00 	lds	r25, 0x0079	; 0x800079 <__DATA_REGION_ORIGIN__+0x19>
/home/jgalera/develop/arduino/usdx/usdx_plus_orange/src/dsp/dsp.cpp:390
                           // first ADCL, then ADCH
  int16_t in = (adc >> MIC_ATTEN);
  in = in << (drive - 4);
    1dc6:	20 91 6b 01 	lds	r18, 0x016B	; 0x80016b <drive>
/home/jgalera/develop/arduino/usdx/usdx_plus_orange/src/dsp/dsp.cpp:387
  ADCSRA |= (1 << ADSC); // start next ADC conversion (trigger ADC interrupt if
                         // ADIE flag is set)
  OCR1BL = amp; // submit amplitude to PWM register (actually this is done in
                // advance (about 140us) of phase-change, so that phase-delays
                // in key-shaping circuit filter can settle)
  int16_t adc = ADC - 512; // current ADC sample 10-bits analog input, NOTE:
    1dca:	92 50       	subi	r25, 0x02	; 2
/home/jgalera/develop/arduino/usdx/usdx_plus_orange/src/dsp/dsp.cpp:390
                           // first ADCL, then ADCH
  int16_t in = (adc >> MIC_ATTEN);
  in = in << (drive - 4);
    1dcc:	24 50       	subi	r18, 0x04	; 4
    1dce:	33 0b       	sbc	r19, r19
    1dd0:	02 c0       	rjmp	.+4      	; 0x1dd6 <dsp_tx_am()+0x38>
    1dd2:	88 0f       	add	r24, r24
    1dd4:	99 1f       	adc	r25, r25
    1dd6:	2a 95       	dec	r18
    1dd8:	e2 f7       	brpl	.-8      	; 0x1dd2 <dsp_tx_am()+0x34>
/home/jgalera/develop/arduino/usdx/usdx_plus_orange/src/dsp/dsp.cpp:392
#define AM_BASE 32
  in = max(0, min(255, (in + AM_BASE)));
    1dda:	80 96       	adiw	r24, 0x20	; 32
    1ddc:	9e 83       	std	Y+6, r25	; 0x06
    1dde:	8d 83       	std	Y+5, r24	; 0x05
    1de0:	2f ef       	ldi	r18, 0xFF	; 255
    1de2:	30 e0       	ldi	r19, 0x00	; 0
    1de4:	3c 83       	std	Y+4, r19	; 0x04
    1de6:	2b 83       	std	Y+3, r18	; 0x03
/home/jgalera/.arduino15/packages/MiniCore/hardware/avr/3.1.1/cores/MCUdude_corefiles/Arduino.h:315
		return x > 0 ? x : -x;
	}

	template<class T, class L>
	auto min(const T& a, const L& b) -> decltype((b < a) ? b : a) {
		return (b < a) ? b : a;
    1de8:	fe 01       	movw	r30, r28
_Z3minIiiEDTqultfp0_fp_fp0_fp_ERKT_RKT0_():
    1dea:	8f 3f       	cpi	r24, 0xFF	; 255
    1dec:	91 05       	cpc	r25, r1
    1dee:	b4 f0       	brlt	.+44     	; 0x1e1c <dsp_tx_am()+0x7e>
_Z9dsp_tx_amv():
    1df0:	33 96       	adiw	r30, 0x03	; 3
/home/jgalera/develop/arduino/usdx/usdx_plus_orange/src/dsp/dsp.cpp:392
    1df2:	1a 82       	std	Y+2, r1	; 0x02
    1df4:	19 82       	std	Y+1, r1	; 0x01
_Z3maxIiiEDTqultfp0_fp_fp0_fp_ERKT_RKT0_():
/home/jgalera/.arduino15/packages/MiniCore/hardware/avr/3.1.1/cores/MCUdude_corefiles/Arduino.h:320
	}

	template<class T, class L>
	auto max(const T& a, const L& b) -> decltype((b < a) ? b : a) {
		return (a < b) ? b : a;
    1df6:	80 81       	ld	r24, Z
    1df8:	91 81       	ldd	r25, Z+1	; 0x01
    1dfa:	18 16       	cp	r1, r24
    1dfc:	19 06       	cpc	r1, r25
    1dfe:	14 f0       	brlt	.+4      	; 0x1e04 <dsp_tx_am()+0x66>
_Z9dsp_tx_amv():
    1e00:	fe 01       	movw	r30, r28
    1e02:	31 96       	adiw	r30, 0x01	; 1
/home/jgalera/develop/arduino/usdx/usdx_plus_orange/src/dsp/dsp.cpp:392
    1e04:	80 81       	ld	r24, Z
/home/jgalera/develop/arduino/usdx/usdx_plus_orange/src/dsp/dsp.cpp:393
  amp = in; // lut[in];
    1e06:	80 93 10 04 	sts	0x0410, r24	; 0x800410 <amp>
/home/jgalera/develop/arduino/usdx/usdx_plus_orange/src/dsp/dsp.cpp:394
}
    1e0a:	26 96       	adiw	r28, 0x06	; 6
    1e0c:	0f b6       	in	r0, 0x3f	; 63
    1e0e:	f8 94       	cli
    1e10:	de bf       	out	0x3e, r29	; 62
    1e12:	0f be       	out	0x3f, r0	; 63
    1e14:	cd bf       	out	0x3d, r28	; 61
    1e16:	df 91       	pop	r29
    1e18:	cf 91       	pop	r28
    1e1a:	08 95       	ret
/home/jgalera/.arduino15/packages/MiniCore/hardware/avr/3.1.1/cores/MCUdude_corefiles/Arduino.h:315
		return x > 0 ? x : -x;
	}

	template<class T, class L>
	auto min(const T& a, const L& b) -> decltype((b < a) ? b : a) {
		return (b < a) ? b : a;
    1e1c:	35 96       	adiw	r30, 0x05	; 5
    1e1e:	e9 cf       	rjmp	.-46     	; 0x1df2 <dsp_tx_am()+0x54>

00001e20 <dsp_tx_cw()>:
_Z9dsp_tx_cwv():
/home/jgalera/develop/arduino/usdx/usdx_plus_orange/src/dsp/dsp.cpp:366
    56,  46,  37,  28,  21,  15,  9,   5,   2}; // raised-cosine(i) = 255 *
                                                // sq(cos(HALF_PI * i/32))

void dummy() {}

void dsp_tx_cw() { // jitter dependent things first
    1e20:	cf 92       	push	r12
    1e22:	df 92       	push	r13
    1e24:	ef 92       	push	r14
    1e26:	ff 92       	push	r15
    1e28:	cf 93       	push	r28
    1e2a:	df 93       	push	r29
/home/jgalera/develop/arduino/usdx/usdx_plus_orange/src/dsp/dsp.cpp:368
#ifdef KEY_CLICK
  if (OCR1BL < lut[255]) { // check if already ramped up: ramp up of amplitude
    1e2c:	90 91 8a 00 	lds	r25, 0x008A	; 0x80008a <__DATA_REGION_ORIGIN__+0x2a>
    1e30:	80 91 10 05 	lds	r24, 0x0510	; 0x800510 <lut+0xff>
    1e34:	98 17       	cp	r25, r24
    1e36:	98 f4       	brcc	.+38     	; 0x1e5e <dsp_tx_cw()+0x3e>
/home/jgalera/develop/arduino/usdx/usdx_plus_orange/src/dsp/dsp.cpp:369
    for (uint16_t i = 31; i != 0; i--) { // soft rising slope against key-clicks
    1e38:	cf e1       	ldi	r28, 0x1F	; 31
    1e3a:	d0 e0       	ldi	r29, 0x00	; 0
/home/jgalera/develop/arduino/usdx/usdx_plus_orange/src/dsp/dsp.cpp:370
      OCR1BL = lut[pgm_read_byte_near(&ramp[i - 1])];
    1e3c:	21 97       	sbiw	r28, 0x01	; 1
    1e3e:	fe 01       	movw	r30, r28
    1e40:	e2 5c       	subi	r30, 0xC2	; 194
    1e42:	fe 4f       	sbci	r31, 0xFE	; 254
    1e44:	e4 91       	lpm	r30, Z
    1e46:	f0 e0       	ldi	r31, 0x00	; 0
    1e48:	ef 5e       	subi	r30, 0xEF	; 239
    1e4a:	fb 4f       	sbci	r31, 0xFB	; 251
    1e4c:	80 81       	ld	r24, Z
    1e4e:	80 93 8a 00 	sts	0x008A, r24	; 0x80008a <__DATA_REGION_ORIGIN__+0x2a>
/home/jgalera/develop/arduino/usdx/usdx_plus_orange/src/dsp/dsp.cpp:371
      delayMicroseconds(60);
    1e52:	8c e3       	ldi	r24, 0x3C	; 60
    1e54:	90 e0       	ldi	r25, 0x00	; 0
    1e56:	0e 94 e0 03 	call	0x7c0	; 0x7c0 <delayMicroseconds>
/home/jgalera/develop/arduino/usdx/usdx_plus_orange/src/dsp/dsp.cpp:369
void dummy() {}

void dsp_tx_cw() { // jitter dependent things first
#ifdef KEY_CLICK
  if (OCR1BL < lut[255]) { // check if already ramped up: ramp up of amplitude
    for (uint16_t i = 31; i != 0; i--) { // soft rising slope against key-clicks
    1e5a:	20 97       	sbiw	r28, 0x00	; 0
    1e5c:	79 f7       	brne	.-34     	; 0x1e3c <dsp_tx_cw()+0x1c>
/home/jgalera/develop/arduino/usdx/usdx_plus_orange/src/dsp/dsp.cpp:375
      OCR1BL = lut[pgm_read_byte_near(&ramp[i - 1])];
      delayMicroseconds(60);
    }
  }
#endif // KEY_CLICK
  OCR1BL = lut[255];
    1e5e:	80 91 10 05 	lds	r24, 0x0510	; 0x800510 <lut+0xff>
    1e62:	80 93 8a 00 	sts	0x008A, r24	; 0x80008a <__DATA_REGION_ORIGIN__+0x2a>
process_minsky():
/home/jgalera/develop/arduino/usdx/usdx_plus_orange/src/dsp/dsp.cpp:351
inline void
process_minsky() // Minsky circle sample [source:
                 // https://www.cl.cam.ac.uk/~am21/hakmemc.html, ITEM 149]:
                 // p_sin+=n_cos*2*PI*f/fs; n_cos-=p_sin*2*PI*f/fs;
{
  int16_t alpha = (int32_t)tones[cw_tone] * 51 / F_SAMP_TX;
    1e66:	e0 91 b2 01 	lds	r30, 0x01B2	; 0x8001b2 <cw_tone>
    1e6a:	84 e0       	ldi	r24, 0x04	; 4
    1e6c:	e8 9f       	mul	r30, r24
    1e6e:	f0 01       	movw	r30, r0
    1e70:	11 24       	eor	r1, r1
    1e72:	e4 5b       	subi	r30, 0xB4	; 180
    1e74:	fd 4f       	sbci	r31, 0xFD	; 253
    1e76:	20 81       	ld	r18, Z
    1e78:	31 81       	ldd	r19, Z+1	; 0x01
    1e7a:	42 81       	ldd	r20, Z+2	; 0x02
    1e7c:	53 81       	ldd	r21, Z+3	; 0x03
    1e7e:	a3 e3       	ldi	r26, 0x33	; 51
    1e80:	b0 e0       	ldi	r27, 0x00	; 0
    1e82:	0e 94 1d 3a 	call	0x743a	; 0x743a <__muluhisi3>
    1e86:	20 ec       	ldi	r18, 0xC0	; 192
    1e88:	32 e1       	ldi	r19, 0x12	; 18
    1e8a:	40 e0       	ldi	r20, 0x00	; 0
    1e8c:	50 e0       	ldi	r21, 0x00	; 0
    1e8e:	0e 94 da 39 	call	0x73b4	; 0x73b4 <__divmodsi4>
    1e92:	69 01       	movw	r12, r18
/home/jgalera/develop/arduino/usdx/usdx_plus_orange/src/dsp/dsp.cpp:352
  p_sin += (int32_t)alpha * n_cos >> 8;
    1e94:	a0 91 66 01 	lds	r26, 0x0166	; 0x800166 <n_cos>
    1e98:	b0 91 67 01 	lds	r27, 0x0167	; 0x800167 <n_cos+0x1>
    1e9c:	40 91 0e 04 	lds	r20, 0x040E	; 0x80040e <p_sin>
    1ea0:	50 91 0f 04 	lds	r21, 0x040F	; 0x80040f <p_sin+0x1>
    1ea4:	96 01       	movw	r18, r12
    1ea6:	0e 94 ff 39 	call	0x73fe	; 0x73fe <__mulhisi3>
    1eaa:	67 2f       	mov	r22, r23
    1eac:	78 2f       	mov	r23, r24
    1eae:	89 2f       	mov	r24, r25
    1eb0:	99 27       	eor	r25, r25
    1eb2:	87 fd       	sbrc	r24, 7
    1eb4:	9a 95       	dec	r25
    1eb6:	64 0f       	add	r22, r20
    1eb8:	75 1f       	adc	r23, r21
    1eba:	70 93 0f 04 	sts	0x040F, r23	; 0x80040f <p_sin+0x1>
    1ebe:	60 93 0e 04 	sts	0x040E, r22	; 0x80040e <p_sin>
/home/jgalera/develop/arduino/usdx/usdx_plus_orange/src/dsp/dsp.cpp:353
  n_cos -= (int32_t)alpha * p_sin >> 8;
    1ec2:	a0 91 0e 04 	lds	r26, 0x040E	; 0x80040e <p_sin>
    1ec6:	b0 91 0f 04 	lds	r27, 0x040F	; 0x80040f <p_sin+0x1>
    1eca:	40 91 66 01 	lds	r20, 0x0166	; 0x800166 <n_cos>
    1ece:	50 91 67 01 	lds	r21, 0x0167	; 0x800167 <n_cos+0x1>
    1ed2:	0e 94 ff 39 	call	0x73fe	; 0x73fe <__mulhisi3>
    1ed6:	67 2f       	mov	r22, r23
    1ed8:	78 2f       	mov	r23, r24
    1eda:	89 2f       	mov	r24, r25
    1edc:	99 27       	eor	r25, r25
    1ede:	87 fd       	sbrc	r24, 7
    1ee0:	9a 95       	dec	r25
    1ee2:	46 1b       	sub	r20, r22
    1ee4:	57 0b       	sbc	r21, r23
    1ee6:	50 93 67 01 	sts	0x0167, r21	; 0x800167 <n_cos+0x1>
    1eea:	40 93 66 01 	sts	0x0166, r20	; 0x800166 <n_cos>
_Z9dsp_tx_cwv():
/home/jgalera/develop/arduino/usdx/usdx_plus_orange/src/dsp/dsp.cpp:378
  }
#endif // KEY_CLICK
  OCR1BL = lut[255];

  process_minsky();
  OCR1AL = (p_sin >> (8 + (16 - volume))) + 128;
    1eee:	80 91 0e 04 	lds	r24, 0x040E	; 0x80040e <p_sin>
    1ef2:	90 91 0f 04 	lds	r25, 0x040F	; 0x80040f <p_sin+0x1>
    1ef6:	40 91 b3 01 	lds	r20, 0x01B3	; 0x8001b3 <volume>
    1efa:	28 e1       	ldi	r18, 0x18	; 24
    1efc:	30 e0       	ldi	r19, 0x00	; 0
    1efe:	24 1b       	sub	r18, r20
    1f00:	31 09       	sbc	r19, r1
    1f02:	47 fd       	sbrc	r20, 7
    1f04:	33 95       	inc	r19
    1f06:	02 c0       	rjmp	.+4      	; 0x1f0c <dsp_tx_cw()+0xec>
    1f08:	95 95       	asr	r25
    1f0a:	87 95       	ror	r24
    1f0c:	2a 95       	dec	r18
    1f0e:	e2 f7       	brpl	.-8      	; 0x1f08 <dsp_tx_cw()+0xe8>
    1f10:	80 58       	subi	r24, 0x80	; 128
    1f12:	80 93 88 00 	sts	0x0088, r24	; 0x800088 <__DATA_REGION_ORIGIN__+0x28>
/home/jgalera/develop/arduino/usdx/usdx_plus_orange/src/dsp/dsp.cpp:379
}
    1f16:	df 91       	pop	r29
    1f18:	cf 91       	pop	r28
    1f1a:	ff 90       	pop	r15
    1f1c:	ef 90       	pop	r14
    1f1e:	df 90       	pop	r13
    1f20:	cf 90       	pop	r12
    1f22:	08 95       	ret

00001f24 <dummy()>:
_Z5dummyv():
/home/jgalera/develop/arduino/usdx/usdx_plus_orange/src/dsp/dsp.cpp:364
    255, 254, 252, 249, 245, 239, 233, 226, 217, 208, 198,
    187, 176, 164, 152, 139, 127, 115, 102, 90,  78,  67,
    56,  46,  37,  28,  21,  15,  9,   5,   2}; // raised-cosine(i) = 255 *
                                                // sq(cos(HALF_PI * i/32))

void dummy() {}
    1f24:	08 95       	ret

00001f26 <ssb(int)>:
_Z3ssbi():
/home/jgalera/develop/arduino/usdx/usdx_plus_orange/src/dsp/dsp.cpp:141
volatile uint8_t drive = 2; // hmm.. drive>2 impacts cpu load..why?

volatile uint8_t quad = 0;
volatile bool dig_mode = false;

inline int16_t ssb(int16_t in) {
    1f26:	0f 93       	push	r16
    1f28:	1f 93       	push	r17
    1f2a:	cf 93       	push	r28
    1f2c:	df 93       	push	r29
    1f2e:	ec ee       	ldi	r30, 0xEC	; 236
    1f30:	f3 e0       	ldi	r31, 0x03	; 3
    1f32:	2a e0       	ldi	r18, 0x0A	; 10
    1f34:	34 e0       	ldi	r19, 0x04	; 4
/home/jgalera/develop/arduino/usdx/usdx_plus_orange/src/dsp/dsp.cpp:148

  int16_t i, q;
  uint8_t j;
  static int16_t v[16];
  for (j = 0; j != 15; j++)
    v[j] = v[j + 1];
    1f36:	42 81       	ldd	r20, Z+2	; 0x02
    1f38:	53 81       	ldd	r21, Z+3	; 0x03
    1f3a:	41 93       	st	Z+, r20
    1f3c:	51 93       	st	Z+, r21
/home/jgalera/develop/arduino/usdx/usdx_plus_orange/src/dsp/dsp.cpp:147
  static int16_t dc, z1;

  int16_t i, q;
  uint8_t j;
  static int16_t v[16];
  for (j = 0; j != 15; j++)
    1f3e:	2e 17       	cp	r18, r30
    1f40:	3f 07       	cpc	r19, r31
    1f42:	c9 f7       	brne	.-14     	; 0x1f36 <ssb(int)+0x10>
/home/jgalera/develop/arduino/usdx/usdx_plus_orange/src/dsp/dsp.cpp:152
    v[j] = v[j + 1];
#ifdef MORE_MIC_GAIN
  // #define DIG_MODE  // optimization for digital modes: for super flat TX
  // spectrum, (only down < 100Hz to cut-off DC components)
  if (dig_mode) {
    1f44:	20 91 c2 05 	lds	r18, 0x05C2	; 0x8005c2 <dig_mode>
    1f48:	e0 91 ea 03 	lds	r30, 0x03EA	; 0x8003ea <ssb(int)::dc>
    1f4c:	f0 91 eb 03 	lds	r31, 0x03EB	; 0x8003eb <ssb(int)::dc+0x1>
    1f50:	22 23       	and	r18, r18
    1f52:	09 f4       	brne	.+2      	; 0x1f56 <ssb(int)+0x30>
    1f54:	50 c1       	rjmp	.+672    	; 0x21f6 <ssb(int)+0x2d0>
/home/jgalera/develop/arduino/usdx/usdx_plus_orange/src/dsp/dsp.cpp:154
    int16_t ac = in;
    dc = (ac + (7) * dc) / (7 + 1); // hpf: slow average
    1f56:	47 e0       	ldi	r20, 0x07	; 7
    1f58:	4e 9f       	mul	r20, r30
    1f5a:	90 01       	movw	r18, r0
    1f5c:	4f 9f       	mul	r20, r31
    1f5e:	30 0d       	add	r19, r0
    1f60:	11 24       	eor	r1, r1
    1f62:	28 0f       	add	r18, r24
    1f64:	39 1f       	adc	r19, r25
    1f66:	37 ff       	sbrs	r19, 7
    1f68:	02 c0       	rjmp	.+4      	; 0x1f6e <ssb(int)+0x48>
    1f6a:	29 5f       	subi	r18, 0xF9	; 249
    1f6c:	3f 4f       	sbci	r19, 0xFF	; 255
    1f6e:	d3 e0       	ldi	r29, 0x03	; 3
    1f70:	35 95       	asr	r19
    1f72:	27 95       	ror	r18
    1f74:	da 95       	dec	r29
    1f76:	e1 f7       	brne	.-8      	; 0x1f70 <ssb(int)+0x4a>
    1f78:	30 93 eb 03 	sts	0x03EB, r19	; 0x8003eb <ssb(int)::dc+0x1>
    1f7c:	20 93 ea 03 	sts	0x03EA, r18	; 0x8003ea <ssb(int)::dc>
/home/jgalera/develop/arduino/usdx/usdx_plus_orange/src/dsp/dsp.cpp:155
    v[15] = (ac - dc) /
    1f80:	82 1b       	sub	r24, r18
    1f82:	93 0b       	sbc	r25, r19
    1f84:	97 fd       	sbrc	r25, 7
    1f86:	01 96       	adiw	r24, 0x01	; 1
    1f88:	95 95       	asr	r25
    1f8a:	87 95       	ror	r24
    1f8c:	90 93 0b 04 	sts	0x040B, r25	; 0x80040b <ssb(int)::v+0x1f>
    1f90:	80 93 0a 04 	sts	0x040A, r24	; 0x80040a <ssb(int)::v+0x1e>
/home/jgalera/develop/arduino/usdx/usdx_plus_orange/src/dsp/dsp.cpp:164
    ac = ac + z1;        // lpf
    z1 = (in - (2) * z1) / (2 + 1); // lpf: notch at Fs/2 (alias rejecting)
    dc = (ac + (2) * dc) / (2 + 1); // hpf: slow average
    v[15] = (ac - dc);              // hpf (dc decoupling)
  }
  i = v[7] *
    1f94:	80 91 fa 03 	lds	r24, 0x03FA	; 0x8003fa <ssb(int)::v+0xe>
    1f98:	90 91 fb 03 	lds	r25, 0x03FB	; 0x8003fb <ssb(int)::v+0xf>
    1f9c:	fc 01       	movw	r30, r24
    1f9e:	ee 0f       	add	r30, r30
    1fa0:	ff 1f       	adc	r31, r31
/home/jgalera/develop/arduino/usdx/usdx_plus_orange/src/dsp/dsp.cpp:168
      2; // 6dB gain for i, q  (to prevent quanitization issues in hilbert
         // transformer and phase calculation, corrected for magnitude calc)
  q = ((((v[0] - v[14]) << 1) + ((v[2] - v[12]) << 3) +
        (((v[4] - v[10]) << 4) + ((v[4] - v[10]) << 2) + (v[4] - v[10])) +
    1fa2:	a0 91 f4 03 	lds	r26, 0x03F4	; 0x8003f4 <ssb(int)::v+0x8>
    1fa6:	b0 91 f5 03 	lds	r27, 0x03F5	; 0x8003f5 <ssb(int)::v+0x9>
    1faa:	40 91 00 04 	lds	r20, 0x0400	; 0x800400 <ssb(int)::v+0x14>
    1fae:	50 91 01 04 	lds	r21, 0x0401	; 0x800401 <ssb(int)::v+0x15>
    1fb2:	a4 1b       	sub	r26, r20
    1fb4:	b5 0b       	sbc	r27, r21
/home/jgalera/develop/arduino/usdx/usdx_plus_orange/src/dsp/dsp.cpp:169
        ((v[6] - v[8]) << 4)) >>
    1fb6:	40 91 f8 03 	lds	r20, 0x03F8	; 0x8003f8 <ssb(int)::v+0xc>
    1fba:	50 91 f9 03 	lds	r21, 0x03F9	; 0x8003f9 <ssb(int)::v+0xd>
    1fbe:	60 91 fc 03 	lds	r22, 0x03FC	; 0x8003fc <ssb(int)::v+0x10>
    1fc2:	70 91 fd 03 	lds	r23, 0x03FD	; 0x8003fd <ssb(int)::v+0x11>
    1fc6:	46 1b       	sub	r20, r22
    1fc8:	57 0b       	sbc	r21, r23
/home/jgalera/develop/arduino/usdx/usdx_plus_orange/src/dsp/dsp.cpp:167
    v[15] = (ac - dc);              // hpf (dc decoupling)
  }
  i = v[7] *
      2; // 6dB gain for i, q  (to prevent quanitization issues in hilbert
         // transformer and phase calculation, corrected for magnitude calc)
  q = ((((v[0] - v[14]) << 1) + ((v[2] - v[12]) << 3) +
    1fca:	20 91 ec 03 	lds	r18, 0x03EC	; 0x8003ec <ssb(int)::v>
    1fce:	30 91 ed 03 	lds	r19, 0x03ED	; 0x8003ed <ssb(int)::v+0x1>
    1fd2:	60 91 08 04 	lds	r22, 0x0408	; 0x800408 <ssb(int)::v+0x1c>
    1fd6:	70 91 09 04 	lds	r23, 0x0409	; 0x800409 <ssb(int)::v+0x1d>
    1fda:	26 1b       	sub	r18, r22
    1fdc:	37 0b       	sbc	r19, r23
    1fde:	22 0f       	add	r18, r18
    1fe0:	33 1f       	adc	r19, r19
    1fe2:	60 91 f0 03 	lds	r22, 0x03F0	; 0x8003f0 <ssb(int)::v+0x4>
    1fe6:	70 91 f1 03 	lds	r23, 0x03F1	; 0x8003f1 <ssb(int)::v+0x5>
    1fea:	c0 91 04 04 	lds	r28, 0x0404	; 0x800404 <ssb(int)::v+0x18>
    1fee:	d0 91 05 04 	lds	r29, 0x0405	; 0x800405 <ssb(int)::v+0x19>
    1ff2:	6c 1b       	sub	r22, r28
    1ff4:	7d 0b       	sbc	r23, r29
    1ff6:	13 e0       	ldi	r17, 0x03	; 3
    1ff8:	66 0f       	add	r22, r22
    1ffa:	77 1f       	adc	r23, r23
    1ffc:	1a 95       	dec	r17
    1ffe:	e1 f7       	brne	.-8      	; 0x1ff8 <ssb(int)+0xd2>
    2000:	26 0f       	add	r18, r22
    2002:	37 1f       	adc	r19, r23
/home/jgalera/develop/arduino/usdx/usdx_plus_orange/src/dsp/dsp.cpp:168
        (((v[4] - v[10]) << 4) + ((v[4] - v[10]) << 2) + (v[4] - v[10])) +
    2004:	bd 01       	movw	r22, r26
    2006:	04 e0       	ldi	r16, 0x04	; 4
    2008:	66 0f       	add	r22, r22
    200a:	77 1f       	adc	r23, r23
    200c:	0a 95       	dec	r16
    200e:	e1 f7       	brne	.-8      	; 0x2008 <ssb(int)+0xe2>
    2010:	ed 01       	movw	r28, r26
    2012:	cc 0f       	add	r28, r28
    2014:	dd 1f       	adc	r29, r29
    2016:	cc 0f       	add	r28, r28
    2018:	dd 1f       	adc	r29, r29
    201a:	6c 0f       	add	r22, r28
    201c:	7d 1f       	adc	r23, r29
    201e:	6a 0f       	add	r22, r26
    2020:	7b 1f       	adc	r23, r27
/home/jgalera/develop/arduino/usdx/usdx_plus_orange/src/dsp/dsp.cpp:167
    v[15] = (ac - dc);              // hpf (dc decoupling)
  }
  i = v[7] *
      2; // 6dB gain for i, q  (to prevent quanitization issues in hilbert
         // transformer and phase calculation, corrected for magnitude calc)
  q = ((((v[0] - v[14]) << 1) + ((v[2] - v[12]) << 3) +
    2022:	26 0f       	add	r18, r22
    2024:	37 1f       	adc	r19, r23
/home/jgalera/develop/arduino/usdx/usdx_plus_orange/src/dsp/dsp.cpp:169
        (((v[4] - v[10]) << 4) + ((v[4] - v[10]) << 2) + (v[4] - v[10])) +
        ((v[6] - v[8]) << 4)) >>
    2026:	ba 01       	movw	r22, r20
    2028:	04 e0       	ldi	r16, 0x04	; 4
    202a:	66 0f       	add	r22, r22
    202c:	77 1f       	adc	r23, r23
    202e:	0a 95       	dec	r16
    2030:	e1 f7       	brne	.-8      	; 0x202a <ssb(int)+0x104>
/home/jgalera/develop/arduino/usdx/usdx_plus_orange/src/dsp/dsp.cpp:168
  }
  i = v[7] *
      2; // 6dB gain for i, q  (to prevent quanitization issues in hilbert
         // transformer and phase calculation, corrected for magnitude calc)
  q = ((((v[0] - v[14]) << 1) + ((v[2] - v[12]) << 3) +
        (((v[4] - v[10]) << 4) + ((v[4] - v[10]) << 2) + (v[4] - v[10])) +
    2032:	26 0f       	add	r18, r22
    2034:	37 1f       	adc	r19, r23
/home/jgalera/develop/arduino/usdx/usdx_plus_orange/src/dsp/dsp.cpp:169
        ((v[6] - v[8]) << 4)) >>
    2036:	66 e0       	ldi	r22, 0x06	; 6
    2038:	35 95       	asr	r19
    203a:	27 95       	ror	r18
    203c:	6a 95       	dec	r22
    203e:	e1 f7       	brne	.-8      	; 0x2038 <ssb(int)+0x112>
/home/jgalera/develop/arduino/usdx/usdx_plus_orange/src/dsp/dsp.cpp:167
    v[15] = (ac - dc);              // hpf (dc decoupling)
  }
  i = v[7] *
      2; // 6dB gain for i, q  (to prevent quanitization issues in hilbert
         // transformer and phase calculation, corrected for magnitude calc)
  q = ((((v[0] - v[14]) << 1) + ((v[2] - v[12]) << 3) +
    2040:	24 0f       	add	r18, r20
    2042:	35 1f       	adc	r19, r21
/home/jgalera/develop/arduino/usdx/usdx_plus_orange/src/dsp/dsp.cpp:175
       6) +
      (v[6] - v[8]); // Hilbert transform, 40dB side-band rejection in
                     // 400..1900Hz (@4kSPS) when used in image-rejection
                     // scenario; (Hilbert transform require 5 additional bits)

  uint16_t _amp = magn(i / 2, q / 2); // -6dB gain (correction)
    2044:	bc 01       	movw	r22, r24
    2046:	97 ff       	sbrs	r25, 7
    2048:	03 c0       	rjmp	.+6      	; 0x2050 <ssb(int)+0x12a>
    204a:	71 95       	neg	r23
    204c:	61 95       	neg	r22
    204e:	71 09       	sbc	r23, r1
    2050:	a9 01       	movw	r20, r18
    2052:	37 ff       	sbrs	r19, 7
    2054:	02 c0       	rjmp	.+4      	; 0x205a <ssb(int)+0x134>
    2056:	4f 5f       	subi	r20, 0xFF	; 255
    2058:	5f 4f       	sbci	r21, 0xFF	; 255
    205a:	55 95       	asr	r21
    205c:	47 95       	ror	r20
    205e:	57 ff       	sbrs	r21, 7
    2060:	03 c0       	rjmp	.+6      	; 0x2068 <ssb(int)+0x142>
    2062:	51 95       	neg	r21
    2064:	41 95       	neg	r20
    2066:	51 09       	sbc	r21, r1
    2068:	46 17       	cp	r20, r22
    206a:	57 07       	cpc	r21, r23
    206c:	0c f0       	brlt	.+2      	; 0x2070 <ssb(int)+0x14a>
    206e:	ec c0       	rjmp	.+472    	; 0x2248 <ssb(int)+0x322>
    2070:	c9 01       	movw	r24, r18
    2072:	37 fd       	sbrc	r19, 7
    2074:	07 96       	adiw	r24, 0x07	; 7
    2076:	a3 e0       	ldi	r26, 0x03	; 3
    2078:	95 95       	asr	r25
    207a:	87 95       	ror	r24
    207c:	aa 95       	dec	r26
    207e:	e1 f7       	brne	.-8      	; 0x2078 <ssb(int)+0x152>
    2080:	97 ff       	sbrs	r25, 7
    2082:	03 c0       	rjmp	.+6      	; 0x208a <ssb(int)+0x164>
    2084:	91 95       	neg	r25
    2086:	81 95       	neg	r24
    2088:	91 09       	sbc	r25, r1
    208a:	86 0f       	add	r24, r22
    208c:	97 1f       	adc	r25, r23
/home/jgalera/develop/arduino/usdx/usdx_plus_orange/src/dsp/dsp.cpp:196

  uint16_t _amp = magn(i, q);
#endif                                // MORE_MIC_GAIN

#ifdef CARRIER_COMPLETELY_OFF_ON_LOW
  _vox(_amp > vox_thresh);
    208e:	40 91 6c 01 	lds	r20, 0x016C	; 0x80016c <vox_thresh>
_vox():
/home/jgalera/develop/arduino/usdx/usdx_plus_orange/src/dsp/dsp.cpp:65
 * @brief VOX (Voice Operated Exchange) Logic.
 * Controls the PTT (Push-To-Talk) based on audio amplitude.
 * @param trigger True if amplitude exceeds threshold.
 */
inline void _vox(bool trigger) {
  if (trigger) {
    2092:	48 17       	cp	r20, r24
    2094:	19 06       	cpc	r1, r25
    2096:	08 f0       	brcs	.+2      	; 0x209a <ssb(int)+0x174>
    2098:	e9 c0       	rjmp	.+466    	; 0x226c <ssb(int)+0x346>
/home/jgalera/develop/arduino/usdx/usdx_plus_orange/src/dsp/dsp.cpp:66
    tx = (tx) ? 254 : 255; // hangtime = 255 / 4402 = 58ms (the time that TX at
    209a:	40 91 0b 06 	lds	r20, 0x060B	; 0x80060b <tx>
    209e:	44 23       	and	r20, r20
    20a0:	09 f4       	brne	.+2      	; 0x20a4 <ssb(int)+0x17e>
    20a2:	e2 c0       	rjmp	.+452    	; 0x2268 <ssb(int)+0x342>
_Z3ssbi():
    20a4:	4e ef       	ldi	r20, 0xFE	; 254
_vox():
/home/jgalera/develop/arduino/usdx/usdx_plus_orange/src/dsp/dsp.cpp:72
                           // least stays on when not triggered again). tx ==
                           // 255 when triggered first, 254 follows for
                           // subsequent triggers, until tx is off.
  } else {
    if (tx)
      tx--;
    20a6:	40 93 0b 06 	sts	0x060B, r20	; 0x80060b <tx>
_Z3ssbi():
/home/jgalera/develop/arduino/usdx/usdx_plus_orange/src/dsp/dsp.cpp:201
  _vox(_amp > vox_thresh);
#else
  if (vox)
    _vox(_amp > vox_thresh);
#endif
  _amp = _amp << (drive);
    20aa:	40 91 6b 01 	lds	r20, 0x016B	; 0x80016b <drive>
    20ae:	02 c0       	rjmp	.+4      	; 0x20b4 <ssb(int)+0x18e>
    20b0:	88 0f       	add	r24, r24
    20b2:	99 1f       	adc	r25, r25
    20b4:	4a 95       	dec	r20
    20b6:	e2 f7       	brpl	.-8      	; 0x20b0 <ssb(int)+0x18a>
/home/jgalera/develop/arduino/usdx/usdx_plus_orange/src/dsp/dsp.cpp:203
  _amp = ((_amp > 255) || (drive == 8))
             ? 255
    20b8:	8f 3f       	cpi	r24, 0xFF	; 255
    20ba:	91 05       	cpc	r25, r1
    20bc:	09 f0       	breq	.+2      	; 0x20c0 <ssb(int)+0x19a>
    20be:	20 f4       	brcc	.+8      	; 0x20c8 <ssb(int)+0x1a2>
/home/jgalera/develop/arduino/usdx/usdx_plus_orange/src/dsp/dsp.cpp:202
#else
  if (vox)
    _vox(_amp > vox_thresh);
#endif
  _amp = _amp << (drive);
  _amp = ((_amp > 255) || (drive == 8))
    20c0:	40 91 6b 01 	lds	r20, 0x016B	; 0x80016b <drive>
    20c4:	48 30       	cpi	r20, 0x08	; 8
    20c6:	11 f4       	brne	.+4      	; 0x20cc <ssb(int)+0x1a6>
/home/jgalera/develop/arduino/usdx/usdx_plus_orange/src/dsp/dsp.cpp:203
             ? 255
    20c8:	8f ef       	ldi	r24, 0xFF	; 255
    20ca:	90 e0       	ldi	r25, 0x00	; 0
/home/jgalera/develop/arduino/usdx/usdx_plus_orange/src/dsp/dsp.cpp:205
             : _amp; // clip or when drive=8 use max output
  amp = (tx) ? lut[_amp] : 0;
    20cc:	40 91 0b 06 	lds	r20, 0x060B	; 0x80060b <tx>
    20d0:	44 23       	and	r20, r20
    20d2:	09 f4       	brne	.+2      	; 0x20d6 <ssb(int)+0x1b0>
    20d4:	d4 c0       	rjmp	.+424    	; 0x227e <ssb(int)+0x358>
    20d6:	8f 5e       	subi	r24, 0xEF	; 239
    20d8:	9b 4f       	sbci	r25, 0xFB	; 251
    20da:	dc 01       	movw	r26, r24
    20dc:	8c 91       	ld	r24, X
    20de:	80 93 10 04 	sts	0x0410, r24	; 0x800410 <amp>
arctan3():
/home/jgalera/develop/arduino/usdx/usdx_plus_orange/src/dsp/dsp.cpp:113
      z // derived from (5) [1]   note that atan2 can overflow easily so keep
        // _UA low
  // #define _atan2(z)  (_UA/8 + _UA/24 - _UA/24 * z) * z  //derived from (7)
  // [1]
  int16_t r;
  if (abs(q) > abs(i))
    20e2:	e9 01       	movw	r28, r18
    20e4:	37 ff       	sbrs	r19, 7
    20e6:	04 c0       	rjmp	.+8      	; 0x20f0 <ssb(int)+0x1ca>
    20e8:	cc 27       	eor	r28, r28
    20ea:	dd 27       	eor	r29, r29
    20ec:	c2 1b       	sub	r28, r18
    20ee:	d3 0b       	sbc	r29, r19
    20f0:	8f 01       	movw	r16, r30
    20f2:	f7 ff       	sbrs	r31, 7
    20f4:	04 c0       	rjmp	.+8      	; 0x20fe <ssb(int)+0x1d8>
    20f6:	00 27       	eor	r16, r16
    20f8:	11 27       	eor	r17, r17
    20fa:	0e 1b       	sub	r16, r30
    20fc:	1f 0b       	sbc	r17, r31
    20fe:	0c 17       	cp	r16, r28
    2100:	1d 07       	cpc	r17, r29
    2102:	0c f0       	brlt	.+2      	; 0x2106 <ssb(int)+0x1e0>
    2104:	be c0       	rjmp	.+380    	; 0x2282 <ssb(int)+0x35c>
/home/jgalera/develop/arduino/usdx/usdx_plus_orange/src/dsp/dsp.cpp:114
    r = _UA / 4 - _atan2(abs(i) / abs(q)); // arctan(z) = 90-arctan(1/z)
    2106:	45 ee       	ldi	r20, 0xE5	; 229
    2108:	40 03       	mulsu	r20, r16
    210a:	c0 01       	movw	r24, r0
    210c:	41 9f       	mul	r20, r17
    210e:	90 0d       	add	r25, r0
    2110:	11 24       	eor	r1, r1
    2112:	be 01       	movw	r22, r28
    2114:	0e 94 a4 39 	call	0x7348	; 0x7348 <__divmodhi4>
    2118:	6a 59       	subi	r22, 0x9A	; 154
    211a:	7f 4f       	sbci	r23, 0xFF	; 255
    211c:	60 9f       	mul	r22, r16
    211e:	c0 01       	movw	r24, r0
    2120:	61 9f       	mul	r22, r17
    2122:	90 0d       	add	r25, r0
    2124:	70 9f       	mul	r23, r16
    2126:	90 0d       	add	r25, r0
    2128:	11 24       	eor	r1, r1
    212a:	be 01       	movw	r22, r28
    212c:	0e 94 a4 39 	call	0x7348	; 0x7348 <__divmodhi4>
    2130:	86 e9       	ldi	r24, 0x96	; 150
    2132:	90 e0       	ldi	r25, 0x00	; 0
    2134:	ac 01       	movw	r20, r24
    2136:	46 1b       	sub	r20, r22
    2138:	57 0b       	sbc	r21, r23
    213a:	ba 01       	movw	r22, r20
/home/jgalera/develop/arduino/usdx/usdx_plus_orange/src/dsp/dsp.cpp:117
  else
    r = (i == 0) ? 0 : _atan2(abs(q) / abs(i)); // arctan(z)
  r = (i < 0) ? _UA / 2 - r : r;                // arctan(-z) = -arctan(z)
    213c:	f7 ff       	sbrs	r31, 7
    213e:	06 c0       	rjmp	.+12     	; 0x214c <ssb(int)+0x226>
    2140:	8c e2       	ldi	r24, 0x2C	; 44
    2142:	91 e0       	ldi	r25, 0x01	; 1
    2144:	dc 01       	movw	r26, r24
    2146:	a6 1b       	sub	r26, r22
    2148:	b7 0b       	sbc	r27, r23
    214a:	bd 01       	movw	r22, r26
/home/jgalera/develop/arduino/usdx/usdx_plus_orange/src/dsp/dsp.cpp:118
  return (q < 0) ? -r : r;                      // arctan(-z) = -arctan(z)
    214c:	37 ff       	sbrs	r19, 7
    214e:	03 c0       	rjmp	.+6      	; 0x2156 <ssb(int)+0x230>
    2150:	71 95       	neg	r23
    2152:	61 95       	neg	r22
    2154:	71 09       	sbc	r23, r1
_Z3ssbi():
/home/jgalera/develop/arduino/usdx/usdx_plus_orange/src/dsp/dsp.cpp:210
  amp = (tx) ? lut[_amp] : 0;

  static int16_t prev_phase;
  int16_t phase = arctan3(q, i);

  int16_t dp = phase - prev_phase; // phase difference and restriction
    2156:	80 91 e6 03 	lds	r24, 0x03E6	; 0x8003e6 <ssb(int)::prev_phase>
    215a:	90 91 e7 03 	lds	r25, 0x03E7	; 0x8003e7 <ssb(int)::prev_phase+0x1>
    215e:	9b 01       	movw	r18, r22
    2160:	28 1b       	sub	r18, r24
    2162:	39 0b       	sbc	r19, r25
/home/jgalera/develop/arduino/usdx/usdx_plus_orange/src/dsp/dsp.cpp:211
  prev_phase = phase;
    2164:	70 93 e7 03 	sts	0x03E7, r23	; 0x8003e7 <ssb(int)::prev_phase+0x1>
    2168:	60 93 e6 03 	sts	0x03E6, r22	; 0x8003e6 <ssb(int)::prev_phase>
/home/jgalera/develop/arduino/usdx/usdx_plus_orange/src/dsp/dsp.cpp:213

  if (dp < 0)
    216c:	37 ff       	sbrs	r19, 7
    216e:	02 c0       	rjmp	.+4      	; 0x2174 <ssb(int)+0x24e>
/home/jgalera/develop/arduino/usdx/usdx_plus_orange/src/dsp/dsp.cpp:214
    dp = dp + _UA; // make negative phase shifts positive: prevents negative
    2170:	28 5a       	subi	r18, 0xA8	; 168
    2172:	3d 4f       	sbci	r19, 0xFD	; 253
/home/jgalera/develop/arduino/usdx/usdx_plus_orange/src/dsp/dsp.cpp:224
    quad = !quad;
  }
#endif

#ifdef MAX_DP
  if (dp > MAX_DP) { // dp should be less than half unit-angle in order to keep
    2174:	80 91 f1 05 	lds	r24, 0x05F1	; 0x8005f1 <filt>
    2178:	88 23       	and	r24, r24
    217a:	09 f4       	brne	.+2      	; 0x217e <ssb(int)+0x258>
    217c:	9e c0       	rjmp	.+316    	; 0x22ba <ssb(int)+0x394>
    217e:	80 91 f1 05 	lds	r24, 0x05F1	; 0x8005f1 <filt>
    2182:	83 30       	cpi	r24, 0x03	; 3
    2184:	09 f0       	breq	.+2      	; 0x2188 <ssb(int)+0x262>
    2186:	9c c0       	rjmp	.+312    	; 0x22c0 <ssb(int)+0x39a>
    2188:	86 e9       	ldi	r24, 0x96	; 150
    218a:	90 e0       	ldi	r25, 0x00	; 0
    218c:	82 17       	cp	r24, r18
    218e:	93 07       	cpc	r25, r19
    2190:	14 f5       	brge	.+68     	; 0x21d6 <ssb(int)+0x2b0>
/home/jgalera/develop/arduino/usdx/usdx_plus_orange/src/dsp/dsp.cpp:226
                     // frequencies below F_SAMP_TX/2
    prev_phase = phase - (dp - MAX_DP); // substract restdp
    2192:	80 91 f1 05 	lds	r24, 0x05F1	; 0x8005f1 <filt>
    2196:	88 23       	and	r24, r24
    2198:	09 f4       	brne	.+2      	; 0x219c <ssb(int)+0x276>
    219a:	95 c0       	rjmp	.+298    	; 0x22c6 <ssb(int)+0x3a0>
    219c:	80 91 f1 05 	lds	r24, 0x05F1	; 0x8005f1 <filt>
    21a0:	83 30       	cpi	r24, 0x03	; 3
    21a2:	09 f0       	breq	.+2      	; 0x21a6 <ssb(int)+0x280>
    21a4:	93 c0       	rjmp	.+294    	; 0x22cc <ssb(int)+0x3a6>
    21a6:	86 e9       	ldi	r24, 0x96	; 150
    21a8:	90 e0       	ldi	r25, 0x00	; 0
    21aa:	28 1b       	sub	r18, r24
    21ac:	39 0b       	sbc	r19, r25
    21ae:	62 1b       	sub	r22, r18
    21b0:	73 0b       	sbc	r23, r19
    21b2:	70 93 e7 03 	sts	0x03E7, r23	; 0x8003e7 <ssb(int)::prev_phase+0x1>
    21b6:	60 93 e6 03 	sts	0x03E6, r22	; 0x8003e6 <ssb(int)::prev_phase>
/home/jgalera/develop/arduino/usdx/usdx_plus_orange/src/dsp/dsp.cpp:227
    dp = MAX_DP;
    21ba:	80 91 f1 05 	lds	r24, 0x05F1	; 0x8005f1 <filt>
    21be:	28 e5       	ldi	r18, 0x58	; 88
    21c0:	32 e0       	ldi	r19, 0x02	; 2
    21c2:	88 23       	and	r24, r24
    21c4:	41 f0       	breq	.+16     	; 0x21d6 <ssb(int)+0x2b0>
    21c6:	80 91 f1 05 	lds	r24, 0x05F1	; 0x8005f1 <filt>
    21ca:	26 e9       	ldi	r18, 0x96	; 150
    21cc:	30 e0       	ldi	r19, 0x00	; 0
    21ce:	83 30       	cpi	r24, 0x03	; 3
    21d0:	11 f0       	breq	.+4      	; 0x21d6 <ssb(int)+0x2b0>
    21d2:	2c e2       	ldi	r18, 0x2C	; 44
    21d4:	31 e0       	ldi	r19, 0x01	; 1
/home/jgalera/develop/arduino/usdx/usdx_plus_orange/src/dsp/dsp.cpp:230
  }
#endif
  if (mode == USB)
    21d6:	80 91 cd 01 	lds	r24, 0x01CD	; 0x8001cd <mode>
    21da:	81 30       	cpi	r24, 0x01	; 1
    21dc:	09 f0       	breq	.+2      	; 0x21e0 <ssb(int)+0x2ba>
    21de:	79 c0       	rjmp	.+242    	; 0x22d2 <ssb(int)+0x3ac>
/home/jgalera/develop/arduino/usdx/usdx_plus_orange/src/dsp/dsp.cpp:233
    return dp *
           (F_SAMP_TX /
            _UA); // calculate frequency-difference based on phase-difference
    21e0:	c9 01       	movw	r24, r18
    21e2:	23 e0       	ldi	r18, 0x03	; 3
    21e4:	88 0f       	add	r24, r24
    21e6:	99 1f       	adc	r25, r25
    21e8:	2a 95       	dec	r18
    21ea:	e1 f7       	brne	.-8      	; 0x21e4 <ssb(int)+0x2be>
/home/jgalera/develop/arduino/usdx/usdx_plus_orange/src/dsp/dsp.cpp:236
  else
    return dp * (-F_SAMP_TX / _UA);
}
    21ec:	df 91       	pop	r29
    21ee:	cf 91       	pop	r28
    21f0:	1f 91       	pop	r17
    21f2:	0f 91       	pop	r16
    21f4:	08 95       	ret
/home/jgalera/develop/arduino/usdx/usdx_plus_orange/src/dsp/dsp.cpp:158
    int16_t ac = in;
    dc = (ac + (7) * dc) / (7 + 1); // hpf: slow average
    v[15] = (ac - dc) /
            2; // hpf (dc decoupling)  (-6dB gain to compensate for DC-noise)
  } else {
    int16_t ac = in * 2; //   6dB gain (justified since lpf/hpf is losing -3dB)
    21f6:	9c 01       	movw	r18, r24
    21f8:	22 0f       	add	r18, r18
    21fa:	33 1f       	adc	r19, r19
/home/jgalera/develop/arduino/usdx/usdx_plus_orange/src/dsp/dsp.cpp:159
    ac = ac + z1;        // lpf
    21fc:	40 91 e8 03 	lds	r20, 0x03E8	; 0x8003e8 <ssb(int)::z1>
    2200:	50 91 e9 03 	lds	r21, 0x03E9	; 0x8003e9 <ssb(int)::z1+0x1>
    2204:	24 0f       	add	r18, r20
    2206:	35 1f       	adc	r19, r21
/home/jgalera/develop/arduino/usdx/usdx_plus_orange/src/dsp/dsp.cpp:160
    z1 = (in - (2) * z1) / (2 + 1); // lpf: notch at Fs/2 (alias rejecting)
    2208:	44 0f       	add	r20, r20
    220a:	55 1f       	adc	r21, r21
    220c:	84 1b       	sub	r24, r20
    220e:	95 0b       	sbc	r25, r21
    2210:	c3 e0       	ldi	r28, 0x03	; 3
    2212:	d0 e0       	ldi	r29, 0x00	; 0
    2214:	be 01       	movw	r22, r28
    2216:	0e 94 a4 39 	call	0x7348	; 0x7348 <__divmodhi4>
    221a:	70 93 e9 03 	sts	0x03E9, r23	; 0x8003e9 <ssb(int)::z1+0x1>
    221e:	60 93 e8 03 	sts	0x03E8, r22	; 0x8003e8 <ssb(int)::z1>
/home/jgalera/develop/arduino/usdx/usdx_plus_orange/src/dsp/dsp.cpp:161
    dc = (ac + (2) * dc) / (2 + 1); // hpf: slow average
    2222:	cf 01       	movw	r24, r30
    2224:	88 0f       	add	r24, r24
    2226:	99 1f       	adc	r25, r25
    2228:	82 0f       	add	r24, r18
    222a:	93 1f       	adc	r25, r19
    222c:	be 01       	movw	r22, r28
    222e:	0e 94 a4 39 	call	0x7348	; 0x7348 <__divmodhi4>
    2232:	70 93 eb 03 	sts	0x03EB, r23	; 0x8003eb <ssb(int)::dc+0x1>
    2236:	60 93 ea 03 	sts	0x03EA, r22	; 0x8003ea <ssb(int)::dc>
/home/jgalera/develop/arduino/usdx/usdx_plus_orange/src/dsp/dsp.cpp:162
    v[15] = (ac - dc);              // hpf (dc decoupling)
    223a:	26 1b       	sub	r18, r22
    223c:	37 0b       	sbc	r19, r23
    223e:	30 93 0b 04 	sts	0x040B, r19	; 0x80040b <ssb(int)::v+0x1f>
    2242:	20 93 0a 04 	sts	0x040A, r18	; 0x80040a <ssb(int)::v+0x1e>
    2246:	a6 ce       	rjmp	.-692    	; 0x1f94 <ssb(int)+0x6e>
/home/jgalera/develop/arduino/usdx/usdx_plus_orange/src/dsp/dsp.cpp:175
       6) +
      (v[6] - v[8]); // Hilbert transform, 40dB side-band rejection in
                     // 400..1900Hz (@4kSPS) when used in image-rejection
                     // scenario; (Hilbert transform require 5 additional bits)

  uint16_t _amp = magn(i / 2, q / 2); // -6dB gain (correction)
    2248:	cf 01       	movw	r24, r30
    224a:	f7 fd       	sbrc	r31, 7
    224c:	07 96       	adiw	r24, 0x07	; 7
    224e:	63 e0       	ldi	r22, 0x03	; 3
    2250:	95 95       	asr	r25
    2252:	87 95       	ror	r24
    2254:	6a 95       	dec	r22
    2256:	e1 f7       	brne	.-8      	; 0x2250 <ssb(int)+0x32a>
    2258:	97 ff       	sbrs	r25, 7
    225a:	03 c0       	rjmp	.+6      	; 0x2262 <ssb(int)+0x33c>
    225c:	91 95       	neg	r25
    225e:	81 95       	neg	r24
    2260:	91 09       	sbc	r25, r1
    2262:	84 0f       	add	r24, r20
    2264:	95 1f       	adc	r25, r21
    2266:	13 cf       	rjmp	.-474    	; 0x208e <ssb(int)+0x168>
/home/jgalera/develop/arduino/usdx/usdx_plus_orange/src/dsp/dsp.cpp:66
 * Controls the PTT (Push-To-Talk) based on audio amplitude.
 * @param trigger True if amplitude exceeds threshold.
 */
inline void _vox(bool trigger) {
  if (trigger) {
    tx = (tx) ? 254 : 255; // hangtime = 255 / 4402 = 58ms (the time that TX at
    2268:	4f ef       	ldi	r20, 0xFF	; 255
    226a:	1d cf       	rjmp	.-454    	; 0x20a6 <ssb(int)+0x180>
_vox():
/home/jgalera/develop/arduino/usdx/usdx_plus_orange/src/dsp/dsp.cpp:71
                           // least stays on when not triggered again). tx ==
                           // 255 when triggered first, 254 follows for
                           // subsequent triggers, until tx is off.
  } else {
    if (tx)
    226c:	40 91 0b 06 	lds	r20, 0x060B	; 0x80060b <tx>
    2270:	44 23       	and	r20, r20
    2272:	09 f4       	brne	.+2      	; 0x2276 <ssb(int)+0x350>
    2274:	1a cf       	rjmp	.-460    	; 0x20aa <ssb(int)+0x184>
/home/jgalera/develop/arduino/usdx/usdx_plus_orange/src/dsp/dsp.cpp:72
      tx--;
    2276:	40 91 0b 06 	lds	r20, 0x060B	; 0x80060b <tx>
    227a:	41 50       	subi	r20, 0x01	; 1
    227c:	14 cf       	rjmp	.-472    	; 0x20a6 <ssb(int)+0x180>
_Z3ssbi():
/home/jgalera/develop/arduino/usdx/usdx_plus_orange/src/dsp/dsp.cpp:205
#endif
  _amp = _amp << (drive);
  _amp = ((_amp > 255) || (drive == 8))
             ? 255
             : _amp; // clip or when drive=8 use max output
  amp = (tx) ? lut[_amp] : 0;
    227e:	80 e0       	ldi	r24, 0x00	; 0
    2280:	2e cf       	rjmp	.-420    	; 0x20de <ssb(int)+0x1b8>
/home/jgalera/develop/arduino/usdx/usdx_plus_orange/src/dsp/dsp.cpp:116
  // [1]
  int16_t r;
  if (abs(q) > abs(i))
    r = _UA / 4 - _atan2(abs(i) / abs(q)); // arctan(z) = 90-arctan(1/z)
  else
    r = (i == 0) ? 0 : _atan2(abs(q) / abs(i)); // arctan(z)
    2282:	70 e0       	ldi	r23, 0x00	; 0
    2284:	60 e0       	ldi	r22, 0x00	; 0
arctan3():
    2286:	30 97       	sbiw	r30, 0x00	; 0
    2288:	09 f4       	brne	.+2      	; 0x228c <ssb(int)+0x366>
    228a:	60 cf       	rjmp	.-320    	; 0x214c <ssb(int)+0x226>
    228c:	45 ee       	ldi	r20, 0xE5	; 229
    228e:	be 01       	movw	r22, r28
    2290:	46 03       	mulsu	r20, r22
    2292:	c0 01       	movw	r24, r0
    2294:	47 9f       	mul	r20, r23
    2296:	90 0d       	add	r25, r0
    2298:	11 24       	eor	r1, r1
    229a:	b8 01       	movw	r22, r16
    229c:	0e 94 a4 39 	call	0x7348	; 0x7348 <__divmodhi4>
    22a0:	6a 59       	subi	r22, 0x9A	; 154
    22a2:	7f 4f       	sbci	r23, 0xFF	; 255
    22a4:	6c 9f       	mul	r22, r28
    22a6:	c0 01       	movw	r24, r0
    22a8:	6d 9f       	mul	r22, r29
    22aa:	90 0d       	add	r25, r0
    22ac:	7c 9f       	mul	r23, r28
    22ae:	90 0d       	add	r25, r0
    22b0:	11 24       	eor	r1, r1
    22b2:	b8 01       	movw	r22, r16
    22b4:	0e 94 a4 39 	call	0x7348	; 0x7348 <__divmodhi4>
    22b8:	41 cf       	rjmp	.-382    	; 0x213c <ssb(int)+0x216>
_Z3ssbi():
/home/jgalera/develop/arduino/usdx/usdx_plus_orange/src/dsp/dsp.cpp:224
    quad = !quad;
  }
#endif

#ifdef MAX_DP
  if (dp > MAX_DP) { // dp should be less than half unit-angle in order to keep
    22ba:	88 e5       	ldi	r24, 0x58	; 88
    22bc:	92 e0       	ldi	r25, 0x02	; 2
    22be:	66 cf       	rjmp	.-308    	; 0x218c <ssb(int)+0x266>
    22c0:	8c e2       	ldi	r24, 0x2C	; 44
    22c2:	91 e0       	ldi	r25, 0x01	; 1
    22c4:	63 cf       	rjmp	.-314    	; 0x218c <ssb(int)+0x266>
/home/jgalera/develop/arduino/usdx/usdx_plus_orange/src/dsp/dsp.cpp:226
                     // frequencies below F_SAMP_TX/2
    prev_phase = phase - (dp - MAX_DP); // substract restdp
    22c6:	88 e5       	ldi	r24, 0x58	; 88
    22c8:	92 e0       	ldi	r25, 0x02	; 2
    22ca:	6f cf       	rjmp	.-290    	; 0x21aa <ssb(int)+0x284>
    22cc:	8c e2       	ldi	r24, 0x2C	; 44
    22ce:	91 e0       	ldi	r25, 0x01	; 1
    22d0:	6c cf       	rjmp	.-296    	; 0x21aa <ssb(int)+0x284>
/home/jgalera/develop/arduino/usdx/usdx_plus_orange/src/dsp/dsp.cpp:235
  if (mode == USB)
    return dp *
           (F_SAMP_TX /
            _UA); // calculate frequency-difference based on phase-difference
  else
    return dp * (-F_SAMP_TX / _UA);
    22d2:	48 ef       	ldi	r20, 0xF8	; 248
    22d4:	42 03       	mulsu	r20, r18
    22d6:	c0 01       	movw	r24, r0
    22d8:	43 9f       	mul	r20, r19
    22da:	90 0d       	add	r25, r0
    22dc:	11 24       	eor	r1, r1
    22de:	86 cf       	rjmp	.-244    	; 0x21ec <ssb(int)+0x2c6>

000022e0 <Print::flush()>:
_ZN5Print5flushEv():
/home/jgalera/.arduino15/packages/MiniCore/hardware/avr/3.1.1/cores/MCUdude_corefiles/Print.h:65

    // default to zero, meaning "a single write may block"
    // should be overriden by subclasses with buffering
    virtual int availableForWrite() { return 0; }

    virtual void flush() { /* Empty implementation for backward compatibility */ }
    22e0:	08 95       	ret

000022e2 <Print::availableForWrite()>:
_ZN5Print17availableForWriteEv():
/home/jgalera/.arduino15/packages/MiniCore/hardware/avr/3.1.1/cores/MCUdude_corefiles/Print.h:63
      return write((const uint8_t *)buffer, size);
    }

    // default to zero, meaning "a single write may block"
    // should be overriden by subclasses with buffering
    virtual int availableForWrite() { return 0; }
    22e2:	90 e0       	ldi	r25, 0x00	; 0
    22e4:	80 e0       	ldi	r24, 0x00	; 0
    22e6:	08 95       	ret

000022e8 <LCD::nib(unsigned char) [clone .isra.2]>:
_ZN3LCD3preEv():
/home/jgalera/develop/arduino/usdx/usdx_plus_orange/src/driver/display.h:107
        PORTC |= 1 << 2;
        DDRC |= 1 << 2;
      }
    UCSR0B &= ~((1 << RXEN0) | (1 << TXEN0));
#endif
    noInterrupts();
    22e8:	f8 94       	cli
_ZN3LCD3nibEh.isra.2():
/home/jgalera/develop/arduino/usdx/usdx_plus_orange/src/driver/display.h:157
    return 1;
  }
#else
  void nib(uint8_t b) {
    pre();
    PORTD = LCD_PREP_NIBBLE(b);
    22ea:	9b b1       	in	r25, 0x0b	; 11
    22ec:	90 7f       	andi	r25, 0xF0	; 240
    22ee:	90 61       	ori	r25, 0x10	; 16
    22f0:	89 2b       	or	r24, r25
    22f2:	8b b9       	out	0x0b, r24	; 11
/home/jgalera/develop/arduino/usdx/usdx_plus_orange/src/driver/display.h:158
    delayMicroseconds(4);
    22f4:	84 e0       	ldi	r24, 0x04	; 4
    22f6:	90 e0       	ldi	r25, 0x00	; 0
    22f8:	0e 94 e0 03 	call	0x7c0	; 0x7c0 <delayMicroseconds>
/home/jgalera/develop/arduino/usdx/usdx_plus_orange/src/driver/display.h:159
    LCD_EN_LO();
    22fc:	5c 98       	cbi	0x0b, 4	; 11
_ZN3LCD4postEv.isra.1():
/home/jgalera/develop/arduino/usdx/usdx_plus_orange/src/driver/display.h:110
    UCSR0B &= ~((1 << RXEN0) | (1 << TXEN0));
#endif
    noInterrupts();
  }
  void post() {
    if (backlight)
    22fe:	80 91 65 01 	lds	r24, 0x0165	; 0x800165 <backlight>
    2302:	88 23       	and	r24, r24
    2304:	31 f0       	breq	.+12     	; 0x2312 <LCD::nib(unsigned char) [clone .isra.2]+0x2a>
/home/jgalera/develop/arduino/usdx/usdx_plus_orange/src/driver/display.h:111
      PORTD |= 0x08;
    2306:	5b 9a       	sbi	0x0b, 3	; 11
/home/jgalera/develop/arduino/usdx/usdx_plus_orange/src/driver/display.h:121
    if (!vox)
      if (cat_active) {
        PORTC &= ~(1 << 2);
      }
#endif
    interrupts();
    2308:	78 94       	sei
_ZN3LCD3nibEh.isra.2():
/home/jgalera/develop/arduino/usdx/usdx_plus_orange/src/driver/display.h:161
    pre();
    PORTD = LCD_PREP_NIBBLE(b);
    delayMicroseconds(4);
    LCD_EN_LO();
    post();
    delayMicroseconds(60);
    230a:	8c e3       	ldi	r24, 0x3C	; 60
    230c:	90 e0       	ldi	r25, 0x00	; 0
    230e:	0c 94 e0 03 	jmp	0x7c0	; 0x7c0 <delayMicroseconds>
_ZN3LCD4postEv.isra.1():
/home/jgalera/develop/arduino/usdx/usdx_plus_orange/src/driver/display.h:113
  }
  void post() {
    if (backlight)
      PORTD |= 0x08;
    else
      PORTD &= ~0x08;
    2312:	5b 98       	cbi	0x0b, 3	; 11
    2314:	f9 cf       	rjmp	.-14     	; 0x2308 <LCD::nib(unsigned char) [clone .isra.2]+0x20>

00002316 <LCD::cmd(unsigned char) [clone .isra.3] [clone .lto_priv.45]>:
_ZN3LCD3cmdEh.isra.3.lto_priv.45():
/home/jgalera/develop/arduino/usdx/usdx_plus_orange/src/driver/display.h:163
    delayMicroseconds(4);
    LCD_EN_LO();
    post();
    delayMicroseconds(60);
  }
  void cmd(uint8_t b) {
    2316:	cf 93       	push	r28
    2318:	c8 2f       	mov	r28, r24
/home/jgalera/develop/arduino/usdx/usdx_plus_orange/src/driver/display.h:164
    nib(b >> 4);
    231a:	82 95       	swap	r24
    231c:	8f 70       	andi	r24, 0x0F	; 15
    231e:	0e 94 74 11 	call	0x22e8	; 0x22e8 <LCD::nib(unsigned char) [clone .isra.2]>
/home/jgalera/develop/arduino/usdx/usdx_plus_orange/src/driver/display.h:165
    nib(b & 0xf);
    2322:	8c 2f       	mov	r24, r28
    2324:	8f 70       	andi	r24, 0x0F	; 15
/home/jgalera/develop/arduino/usdx/usdx_plus_orange/src/driver/display.h:166
  }
    2326:	cf 91       	pop	r28
/home/jgalera/develop/arduino/usdx/usdx_plus_orange/src/driver/display.h:165
    post();
    delayMicroseconds(60);
  }
  void cmd(uint8_t b) {
    nib(b >> 4);
    nib(b & 0xf);
    2328:	0c 94 74 11 	jmp	0x22e8	; 0x22e8 <LCD::nib(unsigned char) [clone .isra.2]>

0000232c <LCD::noCursor() [clone .isra.5]>:
_ZN3LCD8noCursorEv.isra.6():
/home/jgalera/develop/arduino/usdx/usdx_plus_orange/src/driver/display.h:193
  }
#else
  void setCursor(uint8_t x, uint8_t y) { cmd(0x80 | (x + y * 0x40)); }
#endif
  void cursor() { cmd(0x0e); }
  void noCursor() { cmd(0x0c); }
    232c:	8c e0       	ldi	r24, 0x0C	; 12
    232e:	0c 94 8b 11 	jmp	0x2316	; 0x2316 <LCD::cmd(unsigned char) [clone .isra.3] [clone .lto_priv.45]>

00002332 <build_lut()>:
_Z9build_lutv():
/home/jgalera/develop/arduino/usdx/usdx_plus_orange/src/core/core.cpp:904
  lcd_blanks();
  delay(1500);
  wdt_reset();
}

void build_lut() {
    2332:	0f 93       	push	r16
    2334:	1f 93       	push	r17
    2336:	cf 93       	push	r28
    2338:	df 93       	push	r29
/home/jgalera/develop/arduino/usdx/usdx_plus_orange/src/core/core.cpp:906
  for (uint16_t i = 0; i != 256; i++)
    lut[i] = (i * (pwm_max - pwm_min)) / 255 + pwm_min;
    233a:	40 91 e1 03 	lds	r20, 0x03E1	; 0x8003e1 <pwm_min>
    233e:	c0 91 02 01 	lds	r28, 0x0102	; 0x800102 <pwm_max>
    2342:	c4 1b       	sub	r28, r20
    2344:	dd 0b       	sbc	r29, r29
    2346:	e1 e1       	ldi	r30, 0x11	; 17
    2348:	f4 e0       	ldi	r31, 0x04	; 4
    234a:	30 e0       	ldi	r19, 0x00	; 0
    234c:	20 e0       	ldi	r18, 0x00	; 0
    234e:	0f ef       	ldi	r16, 0xFF	; 255
    2350:	10 e0       	ldi	r17, 0x00	; 0
    2352:	c9 01       	movw	r24, r18
    2354:	b8 01       	movw	r22, r16
    2356:	0e 94 90 39 	call	0x7320	; 0x7320 <__udivmodhi4>
    235a:	64 0f       	add	r22, r20
    235c:	61 93       	st	Z+, r22
    235e:	2c 0f       	add	r18, r28
    2360:	3d 1f       	adc	r19, r29
/home/jgalera/develop/arduino/usdx/usdx_plus_orange/src/core/core.cpp:905
  delay(1500);
  wdt_reset();
}

void build_lut() {
  for (uint16_t i = 0; i != 256; i++)
    2362:	85 e0       	ldi	r24, 0x05	; 5
    2364:	e1 31       	cpi	r30, 0x11	; 17
    2366:	f8 07       	cpc	r31, r24
    2368:	a1 f7       	brne	.-24     	; 0x2352 <build_lut()+0x20>
/home/jgalera/develop/arduino/usdx/usdx_plus_orange/src/core/core.cpp:907
    lut[i] = (i * (pwm_max - pwm_min)) / 255 + pwm_min;
}
    236a:	df 91       	pop	r29
    236c:	cf 91       	pop	r28
    236e:	1f 91       	pop	r17
    2370:	0f 91       	pop	r16
    2372:	08 95       	ret

00002374 <stepsize_showcursor()>:
_Z19stepsize_showcursorv():
/home/jgalera/develop/arduino/usdx/usdx_plus_orange/src/core/core.cpp:588
  }
  change = true;
}

void stepsize_showcursor() {
  lcd.setCursor(stepsize + 1, 1);
    2374:	80 91 c7 01 	lds	r24, 0x01C7	; 0x8001c7 <stepsize>
_ZN3LCD9setCursorEhh.isra.4():
/home/jgalera/develop/arduino/usdx/usdx_plus_orange/src/driver/display.h:190
#ifdef CONDENSED
  void setCursor(uint8_t x, uint8_t y) {
    cmd(0x80 | (x + (uint8_t[]){0x00, 0x40, 0x00 + 20, 0x40 + 20}[y]));
  }
#else
  void setCursor(uint8_t x, uint8_t y) { cmd(0x80 | (x + y * 0x40)); }
    2378:	8f 5b       	subi	r24, 0xBF	; 191
    237a:	80 68       	ori	r24, 0x80	; 128
    237c:	0e 94 8b 11 	call	0x2316	; 0x2316 <LCD::cmd(unsigned char) [clone .isra.3] [clone .lto_priv.45]>
_ZN3LCD6cursorEv.isra.5():
/home/jgalera/develop/arduino/usdx/usdx_plus_orange/src/driver/display.h:192
#endif
  void cursor() { cmd(0x0e); }
    2380:	8e e0       	ldi	r24, 0x0E	; 14
    2382:	0c 94 8b 11 	jmp	0x2316	; 0x2316 <LCD::cmd(unsigned char) [clone .isra.3] [clone .lto_priv.45]>

00002386 <dec2()>:
_Z4dec2v():
/home/jgalera/develop/arduino/usdx/usdx_plus_orange/src/dsp/dsp.cpp:688
  filteredstatebefore = filteredstate;
}

#else // OLD_CW

void dec2() {
    2386:	8f 92       	push	r8
    2388:	9f 92       	push	r9
    238a:	af 92       	push	r10
    238c:	bf 92       	push	r11
    238e:	cf 92       	push	r12
    2390:	df 92       	push	r13
    2392:	ef 92       	push	r14
    2394:	ff 92       	push	r15
/home/jgalera/develop/arduino/usdx/usdx_plus_orange/src/dsp/dsp.cpp:689
  if (filteredstate != filteredstatebefore) { // then we do want to have some
    2396:	f0 90 cb 05 	lds	r15, 0x05CB	; 0x8005cb <filteredstate>
    239a:	80 91 21 05 	lds	r24, 0x0521	; 0x800521 <filteredstatebefore>
    239e:	f8 16       	cp	r15, r24
    23a0:	09 f4       	brne	.+2      	; 0x23a4 <dec2()+0x1e>
    23a2:	7e c0       	rjmp	.+252    	; 0x24a0 <dec2()+0x11a>
/home/jgalera/develop/arduino/usdx/usdx_plus_orange/src/dsp/dsp.cpp:691
                                              // durations on high and low
    if (menumode == 0) {
    23a4:	80 91 06 06 	lds	r24, 0x0606	; 0x800606 <menumode>
    23a8:	81 11       	cpse	r24, r1
    23aa:	0f c0       	rjmp	.+30     	; 0x23ca <dec2()+0x44>
/home/jgalera/develop/arduino/usdx/usdx_plus_orange/src/dsp/dsp.cpp:692
      lcd.noCursor();
    23ac:	0e 94 96 11 	call	0x232c	; 0x232c <LCD::noCursor() [clone .isra.5]>
_ZN3LCD9setCursorEhh():
/home/jgalera/develop/arduino/usdx/usdx_plus_orange/src/driver/display.h:190
#ifdef CONDENSED
  void setCursor(uint8_t x, uint8_t y) {
    cmd(0x80 | (x + (uint8_t[]){0x00, 0x40, 0x00 + 20, 0x40 + 20}[y]));
  }
#else
  void setCursor(uint8_t x, uint8_t y) { cmd(0x80 | (x + y * 0x40)); }
    23b0:	8f ec       	ldi	r24, 0xCF	; 207
    23b2:	0e 94 8b 11 	call	0x2316	; 0x2316 <LCD::cmd(unsigned char) [clone .isra.3] [clone .lto_priv.45]>
_Z4dec2v():
/home/jgalera/develop/arduino/usdx/usdx_plus_orange/src/dsp/dsp.cpp:694
      lcd.setCursor(15, 1);
      lcd.print((filteredstate) ? 'R' : ' ');
    23b6:	62 e5       	ldi	r22, 0x52	; 82
    23b8:	f1 10       	cpse	r15, r1
    23ba:	01 c0       	rjmp	.+2      	; 0x23be <dec2()+0x38>
    23bc:	60 e2       	ldi	r22, 0x20	; 32
    23be:	87 eb       	ldi	r24, 0xB7	; 183
    23c0:	96 e0       	ldi	r25, 0x06	; 6
    23c2:	0e 94 4c 04 	call	0x898	; 0x898 <Print::print(char)>
/home/jgalera/develop/arduino/usdx/usdx_plus_orange/src/dsp/dsp.cpp:695
      stepsize_showcursor();
    23c6:	0e 94 ba 11 	call	0x2374	; 0x2374 <stepsize_showcursor()>
    23ca:	80 90 11 05 	lds	r8, 0x0511	; 0x800511 <hightimesavg>
    23ce:	90 90 12 05 	lds	r9, 0x0512	; 0x800512 <hightimesavg+0x1>
    23d2:	a0 90 13 05 	lds	r10, 0x0513	; 0x800513 <hightimesavg+0x2>
    23d6:	b0 90 14 05 	lds	r11, 0x0514	; 0x800514 <hightimesavg+0x3>
/home/jgalera/develop/arduino/usdx/usdx_plus_orange/src/dsp/dsp.cpp:698
    }

    if (filteredstate == HIGH) {
    23da:	80 91 cb 05 	lds	r24, 0x05CB	; 0x8005cb <filteredstate>
    23de:	88 23       	and	r24, r24
    23e0:	09 f4       	brne	.+2      	; 0x23e4 <dec2()+0x5e>
    23e2:	94 c0       	rjmp	.+296    	; 0x250c <dec2()+0x186>
/home/jgalera/develop/arduino/usdx/usdx_plus_orange/src/dsp/dsp.cpp:699
      starttimehigh = millis();
    23e4:	0e 94 40 04 	call	0x880	; 0x880 <millis>
    23e8:	60 93 1d 05 	sts	0x051D, r22	; 0x80051d <starttimehigh>
    23ec:	70 93 1e 05 	sts	0x051E, r23	; 0x80051e <starttimehigh+0x1>
    23f0:	80 93 1f 05 	sts	0x051F, r24	; 0x80051f <starttimehigh+0x2>
    23f4:	90 93 20 05 	sts	0x0520, r25	; 0x800520 <starttimehigh+0x3>
/home/jgalera/develop/arduino/usdx/usdx_plus_orange/src/dsp/dsp.cpp:700
      lowduration = (millis() - startttimelow);
    23f8:	0e 94 40 04 	call	0x880	; 0x880 <millis>
    23fc:	c0 90 19 05 	lds	r12, 0x0519	; 0x800519 <startttimelow>
    2400:	d0 90 1a 05 	lds	r13, 0x051A	; 0x80051a <startttimelow+0x1>
    2404:	e0 90 1b 05 	lds	r14, 0x051B	; 0x80051b <startttimelow+0x2>
    2408:	f0 90 1c 05 	lds	r15, 0x051C	; 0x80051c <startttimelow+0x3>
    240c:	9b 01       	movw	r18, r22
    240e:	ac 01       	movw	r20, r24
    2410:	2c 19       	sub	r18, r12
    2412:	3d 09       	sbc	r19, r13
    2414:	4e 09       	sbc	r20, r14
    2416:	5f 09       	sbc	r21, r15
    2418:	69 01       	movw	r12, r18
    241a:	7a 01       	movw	r14, r20
    241c:	c0 92 15 05 	sts	0x0515, r12	; 0x800515 <lowduration>
    2420:	d0 92 16 05 	sts	0x0516, r13	; 0x800516 <lowduration+0x1>
    2424:	e0 92 17 05 	sts	0x0517, r14	; 0x800517 <lowduration+0x2>
    2428:	f0 92 18 05 	sts	0x0518, r15	; 0x800518 <lowduration+0x3>
/home/jgalera/develop/arduino/usdx/usdx_plus_orange/src/dsp/dsp.cpp:703
      // highduration = 0;

      if ((sym > 1) &&
    242c:	80 91 18 06 	lds	r24, 0x0618	; 0x800618 <sym>
    2430:	82 30       	cpi	r24, 0x02	; 2
    2432:	30 f1       	brcs	.+76     	; 0x2480 <dec2()+0xfa>
/home/jgalera/develop/arduino/usdx/usdx_plus_orange/src/dsp/dsp.cpp:705
          lowduration >
              (hightimesavg *
    2434:	d5 01       	movw	r26, r10
    2436:	c4 01       	movw	r24, r8
    2438:	88 0f       	add	r24, r24
    243a:	99 1f       	adc	r25, r25
    243c:	aa 1f       	adc	r26, r26
    243e:	bb 1f       	adc	r27, r27
/home/jgalera/develop/arduino/usdx/usdx_plus_orange/src/dsp/dsp.cpp:703
    if (filteredstate == HIGH) {
      starttimehigh = millis();
      lowduration = (millis() - startttimelow);
      // highduration = 0;

      if ((sym > 1) &&
    2440:	8c 15       	cp	r24, r12
    2442:	9d 05       	cpc	r25, r13
    2444:	ae 05       	cpc	r26, r14
    2446:	bf 05       	cpc	r27, r15
    2448:	d8 f4       	brcc	.+54     	; 0x2480 <dec2()+0xfa>
/home/jgalera/develop/arduino/usdx/usdx_plus_orange/src/dsp/dsp.cpp:708
          lowduration >
              (hightimesavg *
               2) /* && lowduration < hightimesavg*(5*lacktime)*/) { // letter
                                                                     // space
        printsym();
    244a:	0e 94 ee 02 	call	0x5dc	; 0x5dc <printsym(bool) [clone .constprop.15]>
/home/jgalera/develop/arduino/usdx/usdx_plus_orange/src/dsp/dsp.cpp:709
        wpm = (1200 / hightimesavg * 4 / 3);
    244e:	60 eb       	ldi	r22, 0xB0	; 176
    2450:	74 e0       	ldi	r23, 0x04	; 4
    2452:	80 e0       	ldi	r24, 0x00	; 0
    2454:	90 e0       	ldi	r25, 0x00	; 0
    2456:	a5 01       	movw	r20, r10
    2458:	94 01       	movw	r18, r8
    245a:	0e 94 b8 39 	call	0x7370	; 0x7370 <__udivmodsi4>
    245e:	ca 01       	movw	r24, r20
    2460:	b9 01       	movw	r22, r18
    2462:	a2 e0       	ldi	r26, 0x02	; 2
    2464:	66 0f       	add	r22, r22
    2466:	77 1f       	adc	r23, r23
    2468:	88 1f       	adc	r24, r24
    246a:	99 1f       	adc	r25, r25
    246c:	aa 95       	dec	r26
    246e:	d1 f7       	brne	.-12     	; 0x2464 <dec2()+0xde>
    2470:	23 e0       	ldi	r18, 0x03	; 3
    2472:	30 e0       	ldi	r19, 0x00	; 0
    2474:	40 e0       	ldi	r20, 0x00	; 0
    2476:	50 e0       	ldi	r21, 0x00	; 0
    2478:	0e 94 b8 39 	call	0x7370	; 0x7370 <__udivmodsi4>
    247c:	20 93 71 01 	sts	0x0171, r18	; 0x800171 <wpm>
/home/jgalera/develop/arduino/usdx/usdx_plus_orange/src/dsp/dsp.cpp:713
        // if(lowduration >= hightimesavg*(5)){ sym=1; printsym(); } // (print
        // additional space) word space
      }
      if (lowduration >= hightimesavg * (5)) {
    2480:	a5 e0       	ldi	r26, 0x05	; 5
    2482:	b0 e0       	ldi	r27, 0x00	; 0
    2484:	a5 01       	movw	r20, r10
    2486:	94 01       	movw	r18, r8
    2488:	0e 94 1d 3a 	call	0x743a	; 0x743a <__muluhisi3>
    248c:	c6 16       	cp	r12, r22
    248e:	d7 06       	cpc	r13, r23
    2490:	e8 06       	cpc	r14, r24
    2492:	f9 06       	cpc	r15, r25
    2494:	28 f0       	brcs	.+10     	; 0x24a0 <dec2()+0x11a>
/home/jgalera/develop/arduino/usdx/usdx_plus_orange/src/dsp/dsp.cpp:714
        sym = 1;
    2496:	81 e0       	ldi	r24, 0x01	; 1
    2498:	80 93 18 06 	sts	0x0618, r24	; 0x800618 <sym>
/home/jgalera/develop/arduino/usdx/usdx_plus_orange/src/dsp/dsp.cpp:715
        printsym();
    249c:	0e 94 ee 02 	call	0x5dc	; 0x5dc <printsym(bool) [clone .constprop.15]>
/home/jgalera/develop/arduino/usdx/usdx_plus_orange/src/dsp/dsp.cpp:743
#endif
      }
    }
  }

  if (((millis() - startttimelow) > hightimesavg * (6)) && (sym > 1)) {
    24a0:	0e 94 40 04 	call	0x880	; 0x880 <millis>
    24a4:	c0 90 19 05 	lds	r12, 0x0519	; 0x800519 <startttimelow>
    24a8:	d0 90 1a 05 	lds	r13, 0x051A	; 0x80051a <startttimelow+0x1>
    24ac:	e0 90 1b 05 	lds	r14, 0x051B	; 0x80051b <startttimelow+0x2>
    24b0:	f0 90 1c 05 	lds	r15, 0x051C	; 0x80051c <startttimelow+0x3>
    24b4:	9b 01       	movw	r18, r22
    24b6:	ac 01       	movw	r20, r24
    24b8:	2c 19       	sub	r18, r12
    24ba:	3d 09       	sbc	r19, r13
    24bc:	4e 09       	sbc	r20, r14
    24be:	5f 09       	sbc	r21, r15
    24c0:	69 01       	movw	r12, r18
    24c2:	7a 01       	movw	r14, r20
    24c4:	20 91 11 05 	lds	r18, 0x0511	; 0x800511 <hightimesavg>
    24c8:	30 91 12 05 	lds	r19, 0x0512	; 0x800512 <hightimesavg+0x1>
    24cc:	40 91 13 05 	lds	r20, 0x0513	; 0x800513 <hightimesavg+0x2>
    24d0:	50 91 14 05 	lds	r21, 0x0514	; 0x800514 <hightimesavg+0x3>
    24d4:	a6 e0       	ldi	r26, 0x06	; 6
    24d6:	b0 e0       	ldi	r27, 0x00	; 0
    24d8:	0e 94 1d 3a 	call	0x743a	; 0x743a <__muluhisi3>
    24dc:	6c 15       	cp	r22, r12
    24de:	7d 05       	cpc	r23, r13
    24e0:	8e 05       	cpc	r24, r14
    24e2:	9f 05       	cpc	r25, r15
    24e4:	30 f4       	brcc	.+12     	; 0x24f2 <dec2()+0x16c>
    24e6:	80 91 18 06 	lds	r24, 0x0618	; 0x800618 <sym>
    24ea:	82 30       	cpi	r24, 0x02	; 2
    24ec:	10 f0       	brcs	.+4      	; 0x24f2 <dec2()+0x16c>
/home/jgalera/develop/arduino/usdx/usdx_plus_orange/src/dsp/dsp.cpp:744
    printsym(); // write if no more letters
    24ee:	0e 94 ee 02 	call	0x5dc	; 0x5dc <printsym(bool) [clone .constprop.15]>
/home/jgalera/develop/arduino/usdx/usdx_plus_orange/src/dsp/dsp.cpp:747
  }

  filteredstatebefore = filteredstate;
    24f2:	80 91 cb 05 	lds	r24, 0x05CB	; 0x8005cb <filteredstate>
    24f6:	80 93 21 05 	sts	0x0521, r24	; 0x800521 <filteredstatebefore>
/home/jgalera/develop/arduino/usdx/usdx_plus_orange/src/dsp/dsp.cpp:748
}
    24fa:	ff 90       	pop	r15
    24fc:	ef 90       	pop	r14
    24fe:	df 90       	pop	r13
    2500:	cf 90       	pop	r12
    2502:	bf 90       	pop	r11
    2504:	af 90       	pop	r10
    2506:	9f 90       	pop	r9
    2508:	8f 90       	pop	r8
    250a:	08 95       	ret
/home/jgalera/develop/arduino/usdx/usdx_plus_orange/src/dsp/dsp.cpp:720
        printsym();
      } // (print additional space) word space
    }

    if (filteredstate == LOW) {
      startttimelow = millis();
    250c:	0e 94 40 04 	call	0x880	; 0x880 <millis>
    2510:	60 93 19 05 	sts	0x0519, r22	; 0x800519 <startttimelow>
    2514:	70 93 1a 05 	sts	0x051A, r23	; 0x80051a <startttimelow+0x1>
    2518:	80 93 1b 05 	sts	0x051B, r24	; 0x80051b <startttimelow+0x2>
    251c:	90 93 1c 05 	sts	0x051C, r25	; 0x80051c <startttimelow+0x3>
/home/jgalera/develop/arduino/usdx/usdx_plus_orange/src/dsp/dsp.cpp:721
      highduration = (millis() - starttimehigh);
    2520:	0e 94 40 04 	call	0x880	; 0x880 <millis>
    2524:	c0 90 1d 05 	lds	r12, 0x051D	; 0x80051d <starttimehigh>
    2528:	d0 90 1e 05 	lds	r13, 0x051E	; 0x80051e <starttimehigh+0x1>
    252c:	e0 90 1f 05 	lds	r14, 0x051F	; 0x80051f <starttimehigh+0x2>
    2530:	f0 90 20 05 	lds	r15, 0x0520	; 0x800520 <starttimehigh+0x3>
    2534:	9b 01       	movw	r18, r22
    2536:	ac 01       	movw	r20, r24
    2538:	2c 19       	sub	r18, r12
    253a:	3d 09       	sbc	r19, r13
    253c:	4e 09       	sbc	r20, r14
    253e:	5f 09       	sbc	r21, r15
    2540:	69 01       	movw	r12, r18
    2542:	7a 01       	movw	r14, r20
/home/jgalera/develop/arduino/usdx/usdx_plus_orange/src/dsp/dsp.cpp:723
      // lowduration = 0;
      if (highduration < (2 * hightimesavg) || hightimesavg == 0) {
    2544:	d5 01       	movw	r26, r10
    2546:	c4 01       	movw	r24, r8
    2548:	88 0f       	add	r24, r24
    254a:	99 1f       	adc	r25, r25
    254c:	aa 1f       	adc	r26, r26
    254e:	bb 1f       	adc	r27, r27
    2550:	c8 16       	cp	r12, r24
    2552:	d9 06       	cpc	r13, r25
    2554:	ea 06       	cpc	r14, r26
    2556:	fb 06       	cpc	r15, r27
    2558:	20 f0       	brcs	.+8      	; 0x2562 <dec2()+0x1dc>
    255a:	89 28       	or	r8, r9
    255c:	8a 28       	or	r8, r10
    255e:	8b 28       	or	r8, r11
    2560:	a1 f4       	brne	.+40     	; 0x258a <dec2()+0x204>
/home/jgalera/develop/arduino/usdx/usdx_plus_orange/src/dsp/dsp.cpp:724
        hightimesavg = (highduration + hightimesavg + hightimesavg) /
    2562:	bc 01       	movw	r22, r24
    2564:	cd 01       	movw	r24, r26
    2566:	6c 0d       	add	r22, r12
    2568:	7d 1d       	adc	r23, r13
    256a:	8e 1d       	adc	r24, r14
    256c:	9f 1d       	adc	r25, r15
    256e:	23 e0       	ldi	r18, 0x03	; 3
    2570:	30 e0       	ldi	r19, 0x00	; 0
    2572:	40 e0       	ldi	r20, 0x00	; 0
    2574:	50 e0       	ldi	r21, 0x00	; 0
    2576:	0e 94 b8 39 	call	0x7370	; 0x7370 <__udivmodsi4>
    257a:	20 93 11 05 	sts	0x0511, r18	; 0x800511 <hightimesavg>
    257e:	30 93 12 05 	sts	0x0512, r19	; 0x800512 <hightimesavg+0x1>
    2582:	40 93 13 05 	sts	0x0513, r20	; 0x800513 <hightimesavg+0x2>
    2586:	50 93 14 05 	sts	0x0514, r21	; 0x800514 <hightimesavg+0x3>
/home/jgalera/develop/arduino/usdx/usdx_plus_orange/src/dsp/dsp.cpp:727
                       3; // now we know avg dit time (rolling 3 avg)
      }
      if (highduration > (5 * hightimesavg)) {
    258a:	20 91 11 05 	lds	r18, 0x0511	; 0x800511 <hightimesavg>
    258e:	30 91 12 05 	lds	r19, 0x0512	; 0x800512 <hightimesavg+0x1>
    2592:	40 91 13 05 	lds	r20, 0x0513	; 0x800513 <hightimesavg+0x2>
    2596:	50 91 14 05 	lds	r21, 0x0514	; 0x800514 <hightimesavg+0x3>
    259a:	a5 e0       	ldi	r26, 0x05	; 5
    259c:	b0 e0       	ldi	r27, 0x00	; 0
    259e:	0e 94 1d 3a 	call	0x743a	; 0x743a <__muluhisi3>
    25a2:	6c 15       	cp	r22, r12
    25a4:	7d 05       	cpc	r23, r13
    25a6:	8e 05       	cpc	r24, r14
    25a8:	9f 05       	cpc	r25, r15
    25aa:	80 f4       	brcc	.+32     	; 0x25cc <dec2()+0x246>
/home/jgalera/develop/arduino/usdx/usdx_plus_orange/src/dsp/dsp.cpp:728
        hightimesavg = highduration / 3; // if speed decrease fast ..
    25ac:	c7 01       	movw	r24, r14
    25ae:	b6 01       	movw	r22, r12
    25b0:	23 e0       	ldi	r18, 0x03	; 3
    25b2:	30 e0       	ldi	r19, 0x00	; 0
    25b4:	40 e0       	ldi	r20, 0x00	; 0
    25b6:	50 e0       	ldi	r21, 0x00	; 0
    25b8:	0e 94 b8 39 	call	0x7370	; 0x7370 <__udivmodsi4>
    25bc:	20 93 11 05 	sts	0x0511, r18	; 0x800511 <hightimesavg>
    25c0:	30 93 12 05 	sts	0x0512, r19	; 0x800512 <hightimesavg+0x1>
    25c4:	40 93 13 05 	sts	0x0513, r20	; 0x800513 <hightimesavg+0x2>
    25c8:	50 93 14 05 	sts	0x0514, r21	; 0x800514 <hightimesavg+0x3>
/home/jgalera/develop/arduino/usdx/usdx_plus_orange/src/dsp/dsp.cpp:732
        // hightimesavg = highduration+hightimesavg;     // if speed decrease
        // fast ..
      }
      if (highduration > (hightimesavg / 2)) {
    25cc:	40 91 11 05 	lds	r20, 0x0511	; 0x800511 <hightimesavg>
    25d0:	50 91 12 05 	lds	r21, 0x0512	; 0x800512 <hightimesavg+0x1>
    25d4:	60 91 13 05 	lds	r22, 0x0513	; 0x800513 <hightimesavg+0x2>
    25d8:	70 91 14 05 	lds	r23, 0x0514	; 0x800514 <hightimesavg+0x3>
    25dc:	db 01       	movw	r26, r22
    25de:	ca 01       	movw	r24, r20
    25e0:	b6 95       	lsr	r27
    25e2:	a7 95       	ror	r26
    25e4:	97 95       	ror	r25
    25e6:	87 95       	ror	r24
    25e8:	8c 15       	cp	r24, r12
    25ea:	9d 05       	cpc	r25, r13
    25ec:	ae 05       	cpc	r26, r14
    25ee:	bf 05       	cpc	r27, r15
    25f0:	08 f0       	brcs	.+2      	; 0x25f4 <dec2()+0x26e>
    25f2:	56 cf       	rjmp	.-340    	; 0x24a0 <dec2()+0x11a>
/home/jgalera/develop/arduino/usdx/usdx_plus_orange/src/dsp/dsp.cpp:733
        sym = (sym << 1) |
    25f4:	80 91 18 06 	lds	r24, 0x0618	; 0x800618 <sym>
    25f8:	90 e0       	ldi	r25, 0x00	; 0
    25fa:	88 0f       	add	r24, r24
    25fc:	99 1f       	adc	r25, r25
/home/jgalera/develop/arduino/usdx/usdx_plus_orange/src/dsp/dsp.cpp:734
              (highduration > (hightimesavg * 2)); // dit (0) or dash (1)
    25fe:	44 0f       	add	r20, r20
    2600:	55 1f       	adc	r21, r21
    2602:	66 1f       	adc	r22, r22
    2604:	77 1f       	adc	r23, r23
    2606:	21 e0       	ldi	r18, 0x01	; 1
    2608:	4c 15       	cp	r20, r12
    260a:	5d 05       	cpc	r21, r13
    260c:	6e 05       	cpc	r22, r14
    260e:	7f 05       	cpc	r23, r15
    2610:	08 f0       	brcs	.+2      	; 0x2614 <dec2()+0x28e>
    2612:	20 e0       	ldi	r18, 0x00	; 0
/home/jgalera/develop/arduino/usdx/usdx_plus_orange/src/dsp/dsp.cpp:733
        hightimesavg = highduration / 3; // if speed decrease fast ..
        // hightimesavg = highduration+hightimesavg;     // if speed decrease
        // fast ..
      }
      if (highduration > (hightimesavg / 2)) {
        sym = (sym << 1) |
    2614:	82 2b       	or	r24, r18
    2616:	80 93 18 06 	sts	0x0618, r24	; 0x800618 <sym>
    261a:	42 cf       	rjmp	.-380    	; 0x24a0 <dec2()+0x11a>

0000261c <stepsize_change(signed char)>:
_Z15stepsize_changea():
/home/jgalera/develop/arduino/usdx/usdx_plus_orange/src/core/core.cpp:593
  lcd.cursor();
}

void stepsize_change(int8_t val) {
  stepsize += val;
    261c:	90 91 c7 01 	lds	r25, 0x01C7	; 0x8001c7 <stepsize>
    2620:	98 0f       	add	r25, r24
    2622:	90 93 c7 01 	sts	0x01C7, r25	; 0x8001c7 <stepsize>
/home/jgalera/develop/arduino/usdx/usdx_plus_orange/src/core/core.cpp:594
  if (stepsize < STEP_1M)
    2626:	90 91 c7 01 	lds	r25, 0x01C7	; 0x8001c7 <stepsize>
    262a:	91 11       	cpse	r25, r1
    262c:	03 c0       	rjmp	.+6      	; 0x2634 <stepsize_change(signed char)+0x18>
/home/jgalera/develop/arduino/usdx/usdx_plus_orange/src/core/core.cpp:595
    stepsize = STEP_10;
    262e:	98 e0       	ldi	r25, 0x08	; 8
    2630:	90 93 c7 01 	sts	0x01C7, r25	; 0x8001c7 <stepsize>
/home/jgalera/develop/arduino/usdx/usdx_plus_orange/src/core/core.cpp:596
  if (stepsize > STEP_10)
    2634:	90 91 c7 01 	lds	r25, 0x01C7	; 0x8001c7 <stepsize>
    2638:	99 30       	cpi	r25, 0x09	; 9
    263a:	18 f0       	brcs	.+6      	; 0x2642 <stepsize_change(signed char)+0x26>
/home/jgalera/develop/arduino/usdx/usdx_plus_orange/src/core/core.cpp:597
    stepsize = STEP_1M;
    263c:	91 e0       	ldi	r25, 0x01	; 1
    263e:	90 93 c7 01 	sts	0x01C7, r25	; 0x8001c7 <stepsize>
/home/jgalera/develop/arduino/usdx/usdx_plus_orange/src/core/core.cpp:598
  if (stepsize == STEP_10k || stepsize == STEP_500k)
    2642:	90 91 c7 01 	lds	r25, 0x01C7	; 0x8001c7 <stepsize>
    2646:	94 30       	cpi	r25, 0x04	; 4
    2648:	21 f0       	breq	.+8      	; 0x2652 <stepsize_change(signed char)+0x36>
    264a:	90 91 c7 01 	lds	r25, 0x01C7	; 0x8001c7 <stepsize>
    264e:	92 30       	cpi	r25, 0x02	; 2
    2650:	29 f4       	brne	.+10     	; 0x265c <stepsize_change(signed char)+0x40>
/home/jgalera/develop/arduino/usdx/usdx_plus_orange/src/core/core.cpp:599
    stepsize += val;
    2652:	90 91 c7 01 	lds	r25, 0x01C7	; 0x8001c7 <stepsize>
    2656:	89 0f       	add	r24, r25
    2658:	80 93 c7 01 	sts	0x01C7, r24	; 0x8001c7 <stepsize>
/home/jgalera/develop/arduino/usdx/usdx_plus_orange/src/core/core.cpp:600
  stepsize_showcursor();
    265c:	0c 94 ba 11 	jmp	0x2374	; 0x2374 <stepsize_showcursor()>

00002660 <update_PaddleLatch()>:
_Z18update_PaddleLatchv():
/home/jgalera/develop/arduino/usdx/usdx_plus_orange/src/core/core.cpp:36
                            : 0;
  }
  return digitalRead(pin);
}
#else
uint8_t _digitalRead(uint8_t pin) { return digitalRead(pin); }
    2660:	8d e0       	ldi	r24, 0x0D	; 13
    2662:	0e 94 35 03 	call	0x66a	; 0x66a <digitalRead>
/home/jgalera/develop/arduino/usdx/usdx_plus_orange/src/core/core.cpp:55
                     // in line 43.

int debounce;

void update_PaddleLatch() {
  if (_digitalRead(DIT) == LOW) {
    2666:	81 11       	cpse	r24, r1
    2668:	0a c0       	rjmp	.+20     	; 0x267e <update_PaddleLatch()+0x1e>
/home/jgalera/develop/arduino/usdx/usdx_plus_orange/src/core/core.cpp:56
    keyerControl |= keyer_swap ? DAH_L : DIT_L;
    266a:	80 91 f7 05 	lds	r24, 0x05F7	; 0x8005f7 <keyer_swap>
    266e:	91 e0       	ldi	r25, 0x01	; 1
    2670:	81 11       	cpse	r24, r1
    2672:	92 e0       	ldi	r25, 0x02	; 2
    2674:	80 91 04 06 	lds	r24, 0x0604	; 0x800604 <keyerControl>
    2678:	89 2b       	or	r24, r25
    267a:	80 93 04 06 	sts	0x0604, r24	; 0x800604 <keyerControl>
_digitalRead():
/home/jgalera/develop/arduino/usdx/usdx_plus_orange/src/core/core.cpp:36
                            : 0;
  }
  return digitalRead(pin);
}
#else
uint8_t _digitalRead(uint8_t pin) { return digitalRead(pin); }
    267e:	8c e0       	ldi	r24, 0x0C	; 12
    2680:	0e 94 35 03 	call	0x66a	; 0x66a <digitalRead>
_Z18update_PaddleLatchv():
/home/jgalera/develop/arduino/usdx/usdx_plus_orange/src/core/core.cpp:58

void update_PaddleLatch() {
  if (_digitalRead(DIT) == LOW) {
    keyerControl |= keyer_swap ? DAH_L : DIT_L;
  }
  if (_digitalRead(DAH) == LOW) {
    2684:	81 11       	cpse	r24, r1
    2686:	0a c0       	rjmp	.+20     	; 0x269c <update_PaddleLatch()+0x3c>
/home/jgalera/develop/arduino/usdx/usdx_plus_orange/src/core/core.cpp:59
    keyerControl |= keyer_swap ? DIT_L : DAH_L;
    2688:	80 91 f7 05 	lds	r24, 0x05F7	; 0x8005f7 <keyer_swap>
    268c:	92 e0       	ldi	r25, 0x02	; 2
    268e:	81 11       	cpse	r24, r1
    2690:	91 e0       	ldi	r25, 0x01	; 1
    2692:	80 91 04 06 	lds	r24, 0x0604	; 0x800604 <keyerControl>
    2696:	89 2b       	or	r24, r25
    2698:	80 93 04 06 	sts	0x0604, r24	; 0x800604 <keyerControl>
/home/jgalera/develop/arduino/usdx/usdx_plus_orange/src/core/core.cpp:61
  }
}
    269c:	08 95       	ret

0000269e <LCD::pre() [clone .isra.9]>:
_ZN3LCD3preEv.isra.9():
/home/jgalera/develop/arduino/usdx/usdx_plus_orange/src/driver/display.h:95
    nib((b), true);
    Wire.endTransmission();
    return 1;
  }
#else
  void pre() {
    269e:	0f 93       	push	r16
    26a0:	1f 93       	push	r17
/home/jgalera/develop/arduino/usdx/usdx_plus_orange/src/driver/display.h:97
#ifdef _SERIAL
    if (!vox)
    26a2:	80 91 0d 06 	lds	r24, 0x060D	; 0x80060d <vox>
    26a6:	81 11       	cpse	r24, r1
    26a8:	1b c0       	rjmp	.+54     	; 0x26e0 <LCD::pre() [clone .isra.9]+0x42>
/home/jgalera/develop/arduino/usdx/usdx_plus_orange/src/driver/display.h:98
      if (cat_active) {
    26aa:	80 91 c1 05 	lds	r24, 0x05C1	; 0x8005c1 <cat_active>
    26ae:	88 23       	and	r24, r24
    26b0:	b9 f0       	breq	.+46     	; 0x26e0 <LCD::pre() [clone .isra.9]+0x42>
/home/jgalera/develop/arduino/usdx/usdx_plus_orange/src/driver/display.h:99
        Serial.flush();
    26b2:	8a e1       	ldi	r24, 0x1A	; 26
    26b4:	96 e0       	ldi	r25, 0x06	; 6
    26b6:	0e 94 36 05 	call	0xa6c	; 0xa6c <HardwareSerial::flush()>
/home/jgalera/develop/arduino/usdx/usdx_plus_orange/src/driver/display.h:100
        for (; millis() < rxend_event;)
    26ba:	0e 94 40 04 	call	0x880	; 0x880 <millis>
    26be:	00 91 b9 05 	lds	r16, 0x05B9	; 0x8005b9 <rxend_event>
    26c2:	10 91 ba 05 	lds	r17, 0x05BA	; 0x8005ba <rxend_event+0x1>
    26c6:	20 91 bb 05 	lds	r18, 0x05BB	; 0x8005bb <rxend_event+0x2>
    26ca:	30 91 bc 05 	lds	r19, 0x05BC	; 0x8005bc <rxend_event+0x3>
    26ce:	60 17       	cp	r22, r16
    26d0:	71 07       	cpc	r23, r17
    26d2:	82 07       	cpc	r24, r18
    26d4:	93 07       	cpc	r25, r19
    26d6:	10 f4       	brcc	.+4      	; 0x26dc <LCD::pre() [clone .isra.9]+0x3e>
/home/jgalera/develop/arduino/usdx/usdx_plus_orange/src/driver/display.h:101
          wdt_reset();
    26d8:	a8 95       	wdr
    26da:	ef cf       	rjmp	.-34     	; 0x26ba <LCD::pre() [clone .isra.9]+0x1c>
/home/jgalera/develop/arduino/usdx/usdx_plus_orange/src/driver/display.h:102
        PORTC |= 1 << 2;
    26dc:	42 9a       	sbi	0x08, 2	; 8
/home/jgalera/develop/arduino/usdx/usdx_plus_orange/src/driver/display.h:103
        DDRC |= 1 << 2;
    26de:	3a 9a       	sbi	0x07, 2	; 7
/home/jgalera/develop/arduino/usdx/usdx_plus_orange/src/driver/display.h:105
      }
    UCSR0B &= ~((1 << RXEN0) | (1 << TXEN0));
    26e0:	80 91 c1 00 	lds	r24, 0x00C1	; 0x8000c1 <__DATA_REGION_ORIGIN__+0x61>
    26e4:	87 7e       	andi	r24, 0xE7	; 231
    26e6:	80 93 c1 00 	sts	0x00C1, r24	; 0x8000c1 <__DATA_REGION_ORIGIN__+0x61>
/home/jgalera/develop/arduino/usdx/usdx_plus_orange/src/driver/display.h:107
#endif
    noInterrupts();
    26ea:	f8 94       	cli
/home/jgalera/develop/arduino/usdx/usdx_plus_orange/src/driver/display.h:108
  }
    26ec:	1f 91       	pop	r17
    26ee:	0f 91       	pop	r16
    26f0:	08 95       	ret

000026f2 <SI5351::SendRegister(unsigned char, unsigned char*, unsigned char) [clone .isra.2]>:
_ZN6SI535112SendRegisterEhPhh.isra.2():
/home/jgalera/develop/arduino/usdx/usdx_plus_orange/src/driver/si5351.h:110
    i2c.SendByte(pll_regs[7]);
    i2c.stop();
  }
#endif               // !NEW_TX

  void SendRegister(uint8_t reg, uint8_t *data, uint8_t n) {
    26f2:	ff 92       	push	r15
    26f4:	0f 93       	push	r16
    26f6:	1f 93       	push	r17
    26f8:	cf 93       	push	r28
    26fa:	df 93       	push	r29
    26fc:	c8 2f       	mov	r28, r24
    26fe:	f6 2e       	mov	r15, r22
    2700:	07 2f       	mov	r16, r23
    2702:	14 2f       	mov	r17, r20
/home/jgalera/develop/arduino/usdx/usdx_plus_orange/src/driver/si5351.h:111
    i2c.start();
    2704:	0e 94 3b 02 	call	0x476	; 0x476 <I2C::start() [clone .constprop.41]>
/home/jgalera/develop/arduino/usdx/usdx_plus_orange/src/driver/si5351.h:112
    i2c.SendByte(SI5351_ADDR << 1);
    2708:	80 ec       	ldi	r24, 0xC0	; 192
    270a:	0e 94 b3 01 	call	0x366	; 0x366 <I2C::SendByte(unsigned char) [clone .constprop.42]>
/home/jgalera/develop/arduino/usdx/usdx_plus_orange/src/driver/si5351.h:113
    i2c.SendByte(reg);
    270e:	8c 2f       	mov	r24, r28
    2710:	0e 94 b3 01 	call	0x366	; 0x366 <I2C::SendByte(unsigned char) [clone .constprop.42]>
    2714:	cf 2d       	mov	r28, r15
    2716:	d0 2f       	mov	r29, r16
/home/jgalera/develop/arduino/usdx/usdx_plus_orange/src/driver/si5351.h:114
    while (n--)
    2718:	11 50       	subi	r17, 0x01	; 1
    271a:	20 f0       	brcs	.+8      	; 0x2724 <SI5351::SendRegister(unsigned char, unsigned char*, unsigned char) [clone .isra.2]+0x32>
/home/jgalera/develop/arduino/usdx/usdx_plus_orange/src/driver/si5351.h:115
      i2c.SendByte(*data++);
    271c:	89 91       	ld	r24, Y+
    271e:	0e 94 b3 01 	call	0x366	; 0x366 <I2C::SendByte(unsigned char) [clone .constprop.42]>
    2722:	fa cf       	rjmp	.-12     	; 0x2718 <SI5351::SendRegister(unsigned char, unsigned char*, unsigned char) [clone .isra.2]+0x26>
/home/jgalera/develop/arduino/usdx/usdx_plus_orange/src/driver/si5351.h:117
    i2c.stop();
  }
    2724:	df 91       	pop	r29
    2726:	cf 91       	pop	r28
    2728:	1f 91       	pop	r17
    272a:	0f 91       	pop	r16
    272c:	ff 90       	pop	r15
/home/jgalera/develop/arduino/usdx/usdx_plus_orange/src/driver/si5351.h:116
    i2c.start();
    i2c.SendByte(SI5351_ADDR << 1);
    i2c.SendByte(reg);
    while (n--)
      i2c.SendByte(*data++);
    i2c.stop();
    272e:	0c 94 a7 01 	jmp	0x34e	; 0x34e <I2C::stop() [clone .constprop.43]>

00002732 <SI5351::SendRegister(unsigned char, unsigned char) [clone .isra.3]>:
_ZN6SI535112SendRegisterEhh.isra.3():
/home/jgalera/develop/arduino/usdx/usdx_plus_orange/src/driver/si5351.h:118
  }
  void SendRegister(uint8_t reg, uint8_t val) { SendRegister(reg, &val, 1); }
    2732:	cf 93       	push	r28
    2734:	df 93       	push	r29
    2736:	1f 92       	push	r1
    2738:	cd b7       	in	r28, 0x3d	; 61
    273a:	de b7       	in	r29, 0x3e	; 62
    273c:	69 83       	std	Y+1, r22	; 0x01
    273e:	41 e0       	ldi	r20, 0x01	; 1
    2740:	be 01       	movw	r22, r28
    2742:	6f 5f       	subi	r22, 0xFF	; 255
    2744:	7f 4f       	sbci	r23, 0xFF	; 255
    2746:	0e 94 79 13 	call	0x26f2	; 0x26f2 <SI5351::SendRegister(unsigned char, unsigned char*, unsigned char) [clone .isra.2]>
    274a:	0f 90       	pop	r0
    274c:	df 91       	pop	r29
    274e:	cf 91       	pop	r28
    2750:	08 95       	ret

00002752 <dsp_tx()>:
_Z6dsp_txv():
/home/jgalera/develop/arduino/usdx/usdx_plus_orange/src/dsp/dsp.cpp:247
// This is the ADC ISR, issued with sample-rate via timer1 compb interrupt.
// It performs in real-time the ADC sampling, calculation of SSB
// phase-differences, calculation of SI5351 frequency registers and send the
// registers to SI5351 over I2C.
static int16_t _adc;
void dsp_tx() {  // jitter dependent things first
    2752:	cf 93       	push	r28
    2754:	df 93       	push	r29
/home/jgalera/develop/arduino/usdx/usdx_plus_orange/src/dsp/dsp.cpp:251
#ifdef MULTI_ADC // SSB with multiple ADC conversions:
  int16_t adc;   // current ADC sample 10-bits analog input, NOTE: first ADCL,
                 // then ADCH
  adc = ADC;
    2756:	c0 91 78 00 	lds	r28, 0x0078	; 0x800078 <__DATA_REGION_ORIGIN__+0x18>
    275a:	d0 91 79 00 	lds	r29, 0x0079	; 0x800079 <__DATA_REGION_ORIGIN__+0x19>
/home/jgalera/develop/arduino/usdx/usdx_plus_orange/src/dsp/dsp.cpp:252
  ADCSRA |= (1 << ADSC);
    275e:	80 91 7a 00 	lds	r24, 0x007A	; 0x80007a <__DATA_REGION_ORIGIN__+0x1a>
    2762:	80 64       	ori	r24, 0x40	; 64
    2764:	80 93 7a 00 	sts	0x007A, r24	; 0x80007a <__DATA_REGION_ORIGIN__+0x1a>
/home/jgalera/develop/arduino/usdx/usdx_plus_orange/src/dsp/dsp.cpp:256
  // OCR1BL = amp;                        // submit amplitude to PWM register
  // (actually this is done in advance (about 140us) of phase-change, so that
  // phase-delays in key-shaping circuit filter can settle)
  si5351.SendPLLRegisterBulk(); // submit frequency registers to SI5351 over
    2768:	0e 94 d2 02 	call	0x5a4	; 0x5a4 <SI5351::SendPLLRegisterBulk() [clone .constprop.34]>
/home/jgalera/develop/arduino/usdx/usdx_plus_orange/src/dsp/dsp.cpp:277
      18, (quad)
              ? 0x1f
              : 0x0f); // Invert/non-invert CLK2 in case of a huge phase-change
#endif
#endif          // QUAD
  OCR1BL = amp; // submit amplitude to PWM register (takes about 1/32125 =
    276c:	80 91 10 04 	lds	r24, 0x0410	; 0x800410 <amp>
    2770:	80 93 8a 00 	sts	0x008A, r24	; 0x80008a <__DATA_REGION_ORIGIN__+0x2a>
/home/jgalera/develop/arduino/usdx/usdx_plus_orange/src/dsp/dsp.cpp:280
                // 31us+/-31us to propagate) -> amplitude-phase-alignment error
                // is about 30-50us
  adc += ADC;
    2774:	80 91 78 00 	lds	r24, 0x0078	; 0x800078 <__DATA_REGION_ORIGIN__+0x18>
    2778:	90 91 79 00 	lds	r25, 0x0079	; 0x800079 <__DATA_REGION_ORIGIN__+0x19>
    277c:	c8 0f       	add	r28, r24
    277e:	d9 1f       	adc	r29, r25
/home/jgalera/develop/arduino/usdx/usdx_plus_orange/src/dsp/dsp.cpp:281
  ADCSRA |=
    2780:	80 91 7a 00 	lds	r24, 0x007A	; 0x80007a <__DATA_REGION_ORIGIN__+0x1a>
    2784:	80 64       	ori	r24, 0x40	; 64
    2786:	80 93 7a 00 	sts	0x007A, r24	; 0x80007a <__DATA_REGION_ORIGIN__+0x1a>
/home/jgalera/develop/arduino/usdx/usdx_plus_orange/src/dsp/dsp.cpp:285
      (1 << ADSC); // causes RFI on QCX-SSB units (not on units with direct
                   // biasing); ENABLE this line when using direct biasing!!
  int16_t df =
      ssb(_adc >> MIC_ATTEN); // convert analog input into phase-shifts (carrier
    278a:	80 91 0c 04 	lds	r24, 0x040C	; 0x80040c <_adc>
    278e:	90 91 0d 04 	lds	r25, 0x040D	; 0x80040d <_adc+0x1>
    2792:	0e 94 93 0f 	call	0x1f26	; 0x1f26 <ssb(int)>
/home/jgalera/develop/arduino/usdx/usdx_plus_orange/src/dsp/dsp.cpp:287
                              // out by periodic frequency shifts)
  adc += ADC;
    2796:	20 91 78 00 	lds	r18, 0x0078	; 0x800078 <__DATA_REGION_ORIGIN__+0x18>
    279a:	30 91 79 00 	lds	r19, 0x0079	; 0x800079 <__DATA_REGION_ORIGIN__+0x19>
    279e:	c2 0f       	add	r28, r18
    27a0:	d3 1f       	adc	r29, r19
/home/jgalera/develop/arduino/usdx/usdx_plus_orange/src/dsp/dsp.cpp:288
  ADCSRA |= (1 << ADSC);
    27a2:	20 91 7a 00 	lds	r18, 0x007A	; 0x80007a <__DATA_REGION_ORIGIN__+0x1a>
    27a6:	20 64       	ori	r18, 0x40	; 64
    27a8:	20 93 7a 00 	sts	0x007A, r18	; 0x80007a <__DATA_REGION_ORIGIN__+0x1a>
/home/jgalera/develop/arduino/usdx/usdx_plus_orange/src/dsp/dsp.cpp:289
  si5351.freq_calc_fast(df); // calculate SI5351 registers based on frequency
    27ac:	0e 94 59 02 	call	0x4b2	; 0x4b2 <SI5351::freq_calc_fast(int) [clone .constprop.35]>
/home/jgalera/develop/arduino/usdx/usdx_plus_orange/src/dsp/dsp.cpp:291
                             // shift and carrier frequency
  adc += ADC;
    27b0:	20 91 78 00 	lds	r18, 0x0078	; 0x800078 <__DATA_REGION_ORIGIN__+0x18>
    27b4:	30 91 79 00 	lds	r19, 0x0079	; 0x800079 <__DATA_REGION_ORIGIN__+0x19>
/home/jgalera/develop/arduino/usdx/usdx_plus_orange/src/dsp/dsp.cpp:292
  ADCSRA |= (1 << ADSC);
    27b8:	90 91 7a 00 	lds	r25, 0x007A	; 0x80007a <__DATA_REGION_ORIGIN__+0x1a>
    27bc:	90 64       	ori	r25, 0x40	; 64
    27be:	90 93 7a 00 	sts	0x007A, r25	; 0x80007a <__DATA_REGION_ORIGIN__+0x1a>
/home/jgalera/develop/arduino/usdx/usdx_plus_orange/src/dsp/dsp.cpp:291
                              // out by periodic frequency shifts)
  adc += ADC;
  ADCSRA |= (1 << ADSC);
  si5351.freq_calc_fast(df); // calculate SI5351 registers based on frequency
                             // shift and carrier frequency
  adc += ADC;
    27c2:	ce 01       	movw	r24, r28
    27c4:	82 0f       	add	r24, r18
    27c6:	93 1f       	adc	r25, r19
/home/jgalera/develop/arduino/usdx/usdx_plus_orange/src/dsp/dsp.cpp:295
  ADCSRA |= (1 << ADSC);
  //_adc = (adc/4 - 512);
#define AF_BIAS 32
  _adc = (adc / 4 -
    27c8:	97 fd       	sbrc	r25, 7
    27ca:	03 96       	adiw	r24, 0x03	; 3
    27cc:	95 95       	asr	r25
    27ce:	87 95       	ror	r24
    27d0:	95 95       	asr	r25
    27d2:	87 95       	ror	r24
    27d4:	80 5e       	subi	r24, 0xE0	; 224
    27d6:	91 40       	sbci	r25, 0x01	; 1
    27d8:	90 93 0d 04 	sts	0x040D, r25	; 0x80040d <_adc+0x1>
    27dc:	80 93 0c 04 	sts	0x040C, r24	; 0x80040c <_adc>
/home/jgalera/develop/arduino/usdx/usdx_plus_orange/src/dsp/dsp.cpp:322
  si5351.freq_calc_fast(df); // calculate SI5351 registers based on frequency
                             // shift and carrier frequency
#endif

#ifdef CARRIER_COMPLETELY_OFF_ON_LOW
  if (tx == 1) {
    27e0:	80 91 0b 06 	lds	r24, 0x060B	; 0x80060b <tx>
    27e4:	81 30       	cpi	r24, 0x01	; 1
    27e6:	31 f4       	brne	.+12     	; 0x27f4 <dsp_tx()+0xa2>
/home/jgalera/develop/arduino/usdx/usdx_plus_orange/src/dsp/dsp.cpp:323
    OCR1BL = 0;
    27e8:	10 92 8a 00 	sts	0x008A, r1	; 0x80008a <__DATA_REGION_ORIGIN__+0x2a>
/home/jgalera/develop/arduino/usdx/usdx_plus_orange/src/dsp/dsp.cpp:324
    si5351.SendRegister(SI_CLK_OE, TX0RX0);
    27ec:	6f ef       	ldi	r22, 0xFF	; 255
    27ee:	83 e0       	ldi	r24, 0x03	; 3
    27f0:	0e 94 99 13 	call	0x2732	; 0x2732 <SI5351::SendRegister(unsigned char, unsigned char) [clone .isra.3]>
/home/jgalera/develop/arduino/usdx/usdx_plus_orange/src/dsp/dsp.cpp:326
  } // disable carrier
  if (tx == 255) {
    27f4:	80 91 0b 06 	lds	r24, 0x060B	; 0x80060b <tx>
    27f8:	8f 3f       	cpi	r24, 0xFF	; 255
    27fa:	31 f4       	brne	.+12     	; 0x2808 <dsp_tx()+0xb6>
/home/jgalera/develop/arduino/usdx/usdx_plus_orange/src/dsp/dsp.cpp:327
    si5351.SendRegister(SI_CLK_OE, TX1RX0);
    27fc:	6b ef       	ldi	r22, 0xFB	; 251
    27fe:	83 e0       	ldi	r24, 0x03	; 3
/home/jgalera/develop/arduino/usdx/usdx_plus_orange/src/dsp/dsp.cpp:336
#ifdef MOX_ENABLE
  if (!mox)
    return;
  OCR1AL = (adc << (mox - 1)) + 128; // TX audio monitoring
#endif
}
    2800:	df 91       	pop	r29
    2802:	cf 91       	pop	r28
/home/jgalera/develop/arduino/usdx/usdx_plus_orange/src/dsp/dsp.cpp:327
  if (tx == 1) {
    OCR1BL = 0;
    si5351.SendRegister(SI_CLK_OE, TX0RX0);
  } // disable carrier
  if (tx == 255) {
    si5351.SendRegister(SI_CLK_OE, TX1RX0);
    2804:	0c 94 99 13 	jmp	0x2732	; 0x2732 <SI5351::SendRegister(unsigned char, unsigned char) [clone .isra.3]>
/home/jgalera/develop/arduino/usdx/usdx_plus_orange/src/dsp/dsp.cpp:336
#ifdef MOX_ENABLE
  if (!mox)
    return;
  OCR1AL = (adc << (mox - 1)) + 128; // TX audio monitoring
#endif
}
    2808:	df 91       	pop	r29
    280a:	cf 91       	pop	r28
    280c:	08 95       	ret

0000280e <switch_rxtx(unsigned char)>:
_Z11switch_rxtxh():
/home/jgalera/develop/arduino/usdx/usdx_plus_orange/src/core/core.cpp:307
volatile int16_t _centiGain = 0;
uint8_t txdelay = 0;
uint8_t semi_qsk = false;
uint32_t semi_qsk_timeout = 0;

void switch_rxtx(uint8_t tx_enable) {
    280e:	cf 93       	push	r28
    2810:	df 93       	push	r29
    2812:	c8 2f       	mov	r28, r24
/home/jgalera/develop/arduino/usdx/usdx_plus_orange/src/core/core.cpp:308
  TIMSK2 &= ~(1 << OCIE2A);
    2814:	80 91 70 00 	lds	r24, 0x0070	; 0x800070 <__DATA_REGION_ORIGIN__+0x10>
    2818:	8d 7f       	andi	r24, 0xFD	; 253
    281a:	80 93 70 00 	sts	0x0070, r24	; 0x800070 <__DATA_REGION_ORIGIN__+0x10>
/home/jgalera/develop/arduino/usdx/usdx_plus_orange/src/core/core.cpp:309
  delayMicroseconds(20);
    281e:	84 e1       	ldi	r24, 0x14	; 20
    2820:	90 e0       	ldi	r25, 0x00	; 0
    2822:	0e 94 e0 03 	call	0x7c0	; 0x7c0 <delayMicroseconds>
/home/jgalera/develop/arduino/usdx/usdx_plus_orange/src/core/core.cpp:310
  noInterrupts();
    2826:	f8 94       	cli
/home/jgalera/develop/arduino/usdx/usdx_plus_orange/src/core/core.cpp:330
      interrupts();
      delay(F_MCU / 16000000 * txdelay);
      noInterrupts();
    }
#endif
  tx = tx_enable;
    2828:	c0 93 0b 06 	sts	0x060B, r28	; 0x80060b <tx>
/home/jgalera/develop/arduino/usdx/usdx_plus_orange/src/core/core.cpp:331
  if (tx_enable) {
    282c:	cc 23       	and	r28, r28
    282e:	09 f4       	brne	.+2      	; 0x2832 <switch_rxtx(unsigned char)+0x24>
    2830:	6a c0       	rjmp	.+212    	; 0x2906 <switch_rxtx(unsigned char)+0xf8>
/home/jgalera/develop/arduino/usdx/usdx_plus_orange/src/core/core.cpp:332
    _centiGain = centiGain;
    2832:	80 91 00 01 	lds	r24, 0x0100	; 0x800100 <__data_start>
    2836:	90 91 01 01 	lds	r25, 0x0101	; 0x800101 <__data_start+0x1>
    283a:	90 93 e0 03 	sts	0x03E0, r25	; 0x8003e0 <_centiGain+0x1>
    283e:	80 93 df 03 	sts	0x03DF, r24	; 0x8003df <_centiGain>
/home/jgalera/develop/arduino/usdx/usdx_plus_orange/src/core/core.cpp:334
#ifdef SEMI_QSK
    semi_qsk_timeout = 0;
    2842:	10 92 07 06 	sts	0x0607, r1	; 0x800607 <semi_qsk_timeout>
    2846:	10 92 08 06 	sts	0x0608, r1	; 0x800608 <semi_qsk_timeout+0x1>
    284a:	10 92 09 06 	sts	0x0609, r1	; 0x800609 <semi_qsk_timeout+0x2>
    284e:	10 92 0a 06 	sts	0x060A, r1	; 0x80060a <semi_qsk_timeout+0x3>
/home/jgalera/develop/arduino/usdx/usdx_plus_orange/src/core/core.cpp:336
#endif
    switch (mode) {
    2852:	80 91 cd 01 	lds	r24, 0x01CD	; 0x8001cd <mode>
    2856:	82 30       	cpi	r24, 0x02	; 2
    2858:	09 f4       	brne	.+2      	; 0x285c <switch_rxtx(unsigned char)+0x4e>
    285a:	4c c0       	rjmp	.+152    	; 0x28f4 <switch_rxtx(unsigned char)+0xe6>
    285c:	08 f4       	brcc	.+2      	; 0x2860 <switch_rxtx(unsigned char)+0x52>
    285e:	43 c0       	rjmp	.+134    	; 0x28e6 <switch_rxtx(unsigned char)+0xd8>
    2860:	83 30       	cpi	r24, 0x03	; 3
    2862:	09 f4       	brne	.+2      	; 0x2866 <switch_rxtx(unsigned char)+0x58>
    2864:	4d c0       	rjmp	.+154    	; 0x2900 <switch_rxtx(unsigned char)+0xf2>
    2866:	84 30       	cpi	r24, 0x04	; 4
    2868:	09 f4       	brne	.+2      	; 0x286c <switch_rxtx(unsigned char)+0x5e>
    286a:	47 c0       	rjmp	.+142    	; 0x28fa <switch_rxtx(unsigned char)+0xec>
/home/jgalera/develop/arduino/usdx/usdx_plus_orange/src/core/core.cpp:375
    }
  }
  if ((!dsp_cap) && (!tx_enable) && vox)
    func_ptr = dummy;

  interrupts();
    286c:	78 94       	sei
/home/jgalera/develop/arduino/usdx/usdx_plus_orange/src/core/core.cpp:376
  if (tx_enable)
    286e:	cc 23       	and	r28, r28
    2870:	09 f4       	brne	.+2      	; 0x2874 <switch_rxtx(unsigned char)+0x66>
    2872:	93 c0       	rjmp	.+294    	; 0x299a <switch_rxtx(unsigned char)+0x18c>
/home/jgalera/develop/arduino/usdx/usdx_plus_orange/src/core/core.cpp:377
    ADMUX = admux[2];
    2874:	80 91 ec 05 	lds	r24, 0x05EC	; 0x8005ec <admux+0x2>
    2878:	80 93 7c 00 	sts	0x007C, r24	; 0x80007c <__DATA_REGION_ORIGIN__+0x1c>
/home/jgalera/develop/arduino/usdx/usdx_plus_orange/src/core/core.cpp:380
  else
    _init = 1;
  rx_state = 0;
    287c:	10 92 c0 05 	sts	0x05C0, r1	; 0x8005c0 <rx_state>
/home/jgalera/develop/arduino/usdx/usdx_plus_orange/src/core/core.cpp:382
#ifdef CW_DECODER
  if ((cwdec) && (mode == CW)) {
    2880:	80 91 cc 01 	lds	r24, 0x01CC	; 0x8001cc <cwdec>
    2884:	88 23       	and	r24, r24
    2886:	61 f0       	breq	.+24     	; 0x28a0 <switch_rxtx(unsigned char)+0x92>
    2888:	80 91 cd 01 	lds	r24, 0x01CD	; 0x8001cd <mode>
    288c:	82 30       	cpi	r24, 0x02	; 2
    288e:	41 f4       	brne	.+16     	; 0x28a0 <switch_rxtx(unsigned char)+0x92>
/home/jgalera/develop/arduino/usdx/usdx_plus_orange/src/core/core.cpp:383
    filteredstate = tx_enable;
    2890:	81 e0       	ldi	r24, 0x01	; 1
    2892:	c1 11       	cpse	r28, r1
    2894:	01 c0       	rjmp	.+2      	; 0x2898 <switch_rxtx(unsigned char)+0x8a>
    2896:	80 e0       	ldi	r24, 0x00	; 0
    2898:	80 93 cb 05 	sts	0x05CB, r24	; 0x8005cb <filteredstate>
/home/jgalera/develop/arduino/usdx/usdx_plus_orange/src/core/core.cpp:384
    dec2();
    289c:	0e 94 c3 11 	call	0x2386	; 0x2386 <dec2()>
/home/jgalera/develop/arduino/usdx/usdx_plus_orange/src/core/core.cpp:388
  }
#endif

  if (tx_enable) {
    28a0:	cc 23       	and	r28, r28
    28a2:	09 f4       	brne	.+2      	; 0x28a6 <switch_rxtx(unsigned char)+0x98>
    28a4:	c5 c0       	rjmp	.+394    	; 0x2a30 <switch_rxtx(unsigned char)+0x222>
/home/jgalera/develop/arduino/usdx/usdx_plus_orange/src/core/core.cpp:389
    if (practice) {
    28a6:	80 91 e2 03 	lds	r24, 0x03E2	; 0x8003e2 <practice>
/home/jgalera/develop/arduino/usdx/usdx_plus_orange/src/core/core.cpp:390
      digitalWrite(RX, LOW);
    28aa:	60 e0       	ldi	r22, 0x00	; 0
/home/jgalera/develop/arduino/usdx/usdx_plus_orange/src/core/core.cpp:389
    dec2();
  }
#endif

  if (tx_enable) {
    if (practice) {
    28ac:	88 23       	and	r24, r24
    28ae:	09 f4       	brne	.+2      	; 0x28b2 <switch_rxtx(unsigned char)+0xa4>
    28b0:	78 c0       	rjmp	.+240    	; 0x29a2 <switch_rxtx(unsigned char)+0x194>
/home/jgalera/develop/arduino/usdx/usdx_plus_orange/src/core/core.cpp:390
      digitalWrite(RX, LOW);
    28b2:	88 e0       	ldi	r24, 0x08	; 8
    28b4:	0e 94 5e 03 	call	0x6bc	; 0x6bc <digitalWrite>
_ZN3LCD9setCursorEhh():
/home/jgalera/develop/arduino/usdx/usdx_plus_orange/src/driver/display.h:190
#ifdef CONDENSED
  void setCursor(uint8_t x, uint8_t y) {
    cmd(0x80 | (x + (uint8_t[]){0x00, 0x40, 0x00 + 20, 0x40 + 20}[y]));
  }
#else
  void setCursor(uint8_t x, uint8_t y) { cmd(0x80 | (x + y * 0x40)); }
    28b8:	8f ec       	ldi	r24, 0xCF	; 207
    28ba:	0e 94 8b 11 	call	0x2316	; 0x2316 <LCD::cmd(unsigned char) [clone .isra.3] [clone .lto_priv.45]>
_Z11switch_rxtxh():
/home/jgalera/develop/arduino/usdx/usdx_plus_orange/src/core/core.cpp:392
      lcd.setCursor(15, 1);
      lcd.print('P');
    28be:	60 e5       	ldi	r22, 0x50	; 80
    28c0:	87 eb       	ldi	r24, 0xB7	; 183
    28c2:	96 e0       	ldi	r25, 0x06	; 6
    28c4:	0e 94 4c 04 	call	0x898	; 0x898 <Print::print(char)>
/home/jgalera/develop/arduino/usdx/usdx_plus_orange/src/core/core.cpp:393
      si5351.SendRegister(SI_CLK_OE, TX0RX0);
    28c8:	6f ef       	ldi	r22, 0xFF	; 255
    28ca:	83 e0       	ldi	r24, 0x03	; 3
    28cc:	0e 94 99 13 	call	0x2732	; 0x2732 <SI5351::SendRegister(unsigned char, unsigned char) [clone .isra.3]>
/home/jgalera/develop/arduino/usdx/usdx_plus_orange/src/core/core.cpp:481
      if (cat_active) {
        DDRC |= (1 << 2);
      }
#endif
  }
  OCR2A = ((F_CPU / 64) / ((tx_enable) ? F_SAMP_TX : F_SAMP_RX)) - 1;
    28d0:	83 e3       	ldi	r24, 0x33	; 51
    28d2:	80 93 b3 00 	sts	0x00B3, r24	; 0x8000b3 <__DATA_REGION_ORIGIN__+0x53>
/home/jgalera/develop/arduino/usdx/usdx_plus_orange/src/core/core.cpp:482
  TIMSK2 |= (1 << OCIE2A);
    28d6:	80 91 70 00 	lds	r24, 0x0070	; 0x800070 <__DATA_REGION_ORIGIN__+0x10>
    28da:	82 60       	ori	r24, 0x02	; 2
    28dc:	80 93 70 00 	sts	0x0070, r24	; 0x800070 <__DATA_REGION_ORIGIN__+0x10>
/home/jgalera/develop/arduino/usdx/usdx_plus_orange/src/core/core.cpp:483
}
    28e0:	df 91       	pop	r29
    28e2:	cf 91       	pop	r28
    28e4:	08 95       	ret
/home/jgalera/develop/arduino/usdx/usdx_plus_orange/src/core/core.cpp:339
    semi_qsk_timeout = 0;
#endif
    switch (mode) {
    case USB:
    case LSB:
      func_ptr = dsp_tx;
    28e6:	89 ea       	ldi	r24, 0xA9	; 169
    28e8:	93 e1       	ldi	r25, 0x13	; 19
/home/jgalera/develop/arduino/usdx/usdx_plus_orange/src/core/core.cpp:363
#endif
#endif
      if (semi_qsk)
        func_ptr = dummy;
      else
        func_ptr = sdr_rx_00;
    28ea:	90 93 bf 05 	sts	0x05BF, r25	; 0x8005bf <func_ptr+0x1>
    28ee:	80 93 be 05 	sts	0x05BE, r24	; 0x8005be <func_ptr>
    28f2:	bc cf       	rjmp	.-136    	; 0x286c <switch_rxtx(unsigned char)+0x5e>
/home/jgalera/develop/arduino/usdx/usdx_plus_orange/src/core/core.cpp:342
    case USB:
    case LSB:
      func_ptr = dsp_tx;
      break;
    case CW:
      func_ptr = dsp_tx_cw;
    28f4:	80 e1       	ldi	r24, 0x10	; 16
    28f6:	9f e0       	ldi	r25, 0x0F	; 15
    28f8:	f8 cf       	rjmp	.-16     	; 0x28ea <switch_rxtx(unsigned char)+0xdc>
/home/jgalera/develop/arduino/usdx/usdx_plus_orange/src/core/core.cpp:345
      break;
    case AM:
      func_ptr = dsp_tx_am;
    28fa:	8f ec       	ldi	r24, 0xCF	; 207
    28fc:	9e e0       	ldi	r25, 0x0E	; 14
    28fe:	f5 cf       	rjmp	.-22     	; 0x28ea <switch_rxtx(unsigned char)+0xdc>
/home/jgalera/develop/arduino/usdx/usdx_plus_orange/src/core/core.cpp:348
      break;
    case FM:
      func_ptr = dsp_tx_fm;
    2900:	86 eb       	ldi	r24, 0xB6	; 182
    2902:	9e e0       	ldi	r25, 0x0E	; 14
    2904:	f2 cf       	rjmp	.-28     	; 0x28ea <switch_rxtx(unsigned char)+0xdc>
/home/jgalera/develop/arduino/usdx/usdx_plus_orange/src/core/core.cpp:352
      break;
    }
  } else {
    if ((mode == CW) && (!(semi_qsk_timeout))) {
    2906:	80 91 cd 01 	lds	r24, 0x01CD	; 0x8001cd <mode>
    290a:	82 30       	cpi	r24, 0x02	; 2
    290c:	91 f5       	brne	.+100    	; 0x2972 <switch_rxtx(unsigned char)+0x164>
    290e:	80 91 07 06 	lds	r24, 0x0607	; 0x800607 <semi_qsk_timeout>
    2912:	90 91 08 06 	lds	r25, 0x0608	; 0x800608 <semi_qsk_timeout+0x1>
    2916:	a0 91 09 06 	lds	r26, 0x0609	; 0x800609 <semi_qsk_timeout+0x2>
    291a:	b0 91 0a 06 	lds	r27, 0x060A	; 0x80060a <semi_qsk_timeout+0x3>
    291e:	89 2b       	or	r24, r25
    2920:	8a 2b       	or	r24, r26
    2922:	8b 2b       	or	r24, r27
    2924:	31 f5       	brne	.+76     	; 0x2972 <switch_rxtx(unsigned char)+0x164>
/home/jgalera/develop/arduino/usdx/usdx_plus_orange/src/core/core.cpp:355
#ifdef SEMI_QSK
#ifdef KEYER
      semi_qsk_timeout = millis() + ditTime * 8;
    2926:	0e 94 40 04 	call	0x880	; 0x880 <millis>
    292a:	ab 01       	movw	r20, r22
    292c:	bc 01       	movw	r22, r24
    292e:	80 91 fc 05 	lds	r24, 0x05FC	; 0x8005fc <ditTime>
    2932:	90 91 fd 05 	lds	r25, 0x05FD	; 0x8005fd <ditTime+0x1>
    2936:	a0 91 fe 05 	lds	r26, 0x05FE	; 0x8005fe <ditTime+0x2>
    293a:	b0 91 ff 05 	lds	r27, 0x05FF	; 0x8005ff <ditTime+0x3>
    293e:	23 e0       	ldi	r18, 0x03	; 3
    2940:	88 0f       	add	r24, r24
    2942:	99 1f       	adc	r25, r25
    2944:	aa 1f       	adc	r26, r26
    2946:	bb 1f       	adc	r27, r27
    2948:	2a 95       	dec	r18
    294a:	d1 f7       	brne	.-12     	; 0x2940 <switch_rxtx(unsigned char)+0x132>
    294c:	84 0f       	add	r24, r20
    294e:	95 1f       	adc	r25, r21
    2950:	a6 1f       	adc	r26, r22
    2952:	b7 1f       	adc	r27, r23
    2954:	80 93 07 06 	sts	0x0607, r24	; 0x800607 <semi_qsk_timeout>
    2958:	90 93 08 06 	sts	0x0608, r25	; 0x800608 <semi_qsk_timeout+0x1>
    295c:	a0 93 09 06 	sts	0x0609, r26	; 0x800609 <semi_qsk_timeout+0x2>
    2960:	b0 93 0a 06 	sts	0x060A, r27	; 0x80060a <semi_qsk_timeout+0x3>
/home/jgalera/develop/arduino/usdx/usdx_plus_orange/src/core/core.cpp:360
#else
      semi_qsk_timeout = millis() + 8 * 8;
#endif
#endif
      if (semi_qsk)
    2964:	80 91 e3 03 	lds	r24, 0x03E3	; 0x8003e3 <semi_qsk>
    2968:	81 11       	cpse	r24, r1
    296a:	14 c0       	rjmp	.+40     	; 0x2994 <switch_rxtx(unsigned char)+0x186>
/home/jgalera/develop/arduino/usdx/usdx_plus_orange/src/core/core.cpp:363
        func_ptr = dummy;
      else
        func_ptr = sdr_rx_00;
    296c:	87 e0       	ldi	r24, 0x07	; 7
    296e:	98 e0       	ldi	r25, 0x08	; 8
    2970:	bc cf       	rjmp	.-136    	; 0x28ea <switch_rxtx(unsigned char)+0xdc>
/home/jgalera/develop/arduino/usdx/usdx_plus_orange/src/core/core.cpp:365
    } else {
      centiGain = _centiGain;
    2972:	80 91 df 03 	lds	r24, 0x03DF	; 0x8003df <_centiGain>
    2976:	90 91 e0 03 	lds	r25, 0x03E0	; 0x8003e0 <_centiGain+0x1>
    297a:	90 93 01 01 	sts	0x0101, r25	; 0x800101 <__data_start+0x1>
    297e:	80 93 00 01 	sts	0x0100, r24	; 0x800100 <__data_start>
/home/jgalera/develop/arduino/usdx/usdx_plus_orange/src/core/core.cpp:367
#ifdef SEMI_QSK
      semi_qsk_timeout = 0;
    2982:	10 92 07 06 	sts	0x0607, r1	; 0x800607 <semi_qsk_timeout>
    2986:	10 92 08 06 	sts	0x0608, r1	; 0x800608 <semi_qsk_timeout+0x1>
    298a:	10 92 09 06 	sts	0x0609, r1	; 0x800609 <semi_qsk_timeout+0x2>
    298e:	10 92 0a 06 	sts	0x060A, r1	; 0x80060a <semi_qsk_timeout+0x3>
    2992:	ec cf       	rjmp	.-40     	; 0x296c <switch_rxtx(unsigned char)+0x15e>
/home/jgalera/develop/arduino/usdx/usdx_plus_orange/src/core/core.cpp:361
#else
      semi_qsk_timeout = millis() + 8 * 8;
#endif
#endif
      if (semi_qsk)
        func_ptr = dummy;
    2994:	82 e9       	ldi	r24, 0x92	; 146
    2996:	9f e0       	ldi	r25, 0x0F	; 15
    2998:	a8 cf       	rjmp	.-176    	; 0x28ea <switch_rxtx(unsigned char)+0xdc>
/home/jgalera/develop/arduino/usdx/usdx_plus_orange/src/core/core.cpp:379

  interrupts();
  if (tx_enable)
    ADMUX = admux[2];
  else
    _init = 1;
    299a:	81 e0       	ldi	r24, 0x01	; 1
    299c:	80 93 ef 05 	sts	0x05EF, r24	; 0x8005ef <_init>
    29a0:	6d cf       	rjmp	.-294    	; 0x287c <switch_rxtx(unsigned char)+0x6e>
/home/jgalera/develop/arduino/usdx/usdx_plus_orange/src/core/core.cpp:395
      digitalWrite(RX, LOW);
      lcd.setCursor(15, 1);
      lcd.print('P');
      si5351.SendRegister(SI_CLK_OE, TX0RX0);
    } else {
      digitalWrite(RX, LOW);
    29a2:	88 e0       	ldi	r24, 0x08	; 8
    29a4:	0e 94 5e 03 	call	0x6bc	; 0x6bc <digitalWrite>
_ZN3LCD9setCursorEhh():
/home/jgalera/develop/arduino/usdx/usdx_plus_orange/src/driver/display.h:190
    29a8:	8f ec       	ldi	r24, 0xCF	; 207
    29aa:	0e 94 8b 11 	call	0x2316	; 0x2316 <LCD::cmd(unsigned char) [clone .isra.3] [clone .lto_priv.45]>
_Z11switch_rxtxh():
/home/jgalera/develop/arduino/usdx/usdx_plus_orange/src/core/core.cpp:403
#endif
#ifdef PTX
      digitalWrite(PTX, HIGH);
#endif
      lcd.setCursor(15, 1);
      lcd.print('T');
    29ae:	64 e5       	ldi	r22, 0x54	; 84
    29b0:	87 eb       	ldi	r24, 0xB7	; 183
    29b2:	96 e0       	ldi	r25, 0x06	; 6
    29b4:	0e 94 4c 04 	call	0x898	; 0x898 <Print::print(char)>
/home/jgalera/develop/arduino/usdx/usdx_plus_orange/src/core/core.cpp:404
      if (mode == CW) {
    29b8:	80 91 cd 01 	lds	r24, 0x01CD	; 0x8001cd <mode>
    29bc:	82 30       	cpi	r24, 0x02	; 2
    29be:	79 f5       	brne	.+94     	; 0x2a1e <switch_rxtx(unsigned char)+0x210>
/home/jgalera/develop/arduino/usdx/usdx_plus_orange/src/core/core.cpp:405
        si5351.freq_calc_fast(-cw_offset);
    29c0:	80 91 e6 05 	lds	r24, 0x05E6	; 0x8005e6 <cw_offset>
    29c4:	90 91 e7 05 	lds	r25, 0x05E7	; 0x8005e7 <cw_offset+0x1>
    29c8:	a0 91 e8 05 	lds	r26, 0x05E8	; 0x8005e8 <cw_offset+0x2>
    29cc:	b0 91 e9 05 	lds	r27, 0x05E9	; 0x8005e9 <cw_offset+0x3>
    29d0:	91 95       	neg	r25
    29d2:	81 95       	neg	r24
    29d4:	91 09       	sbc	r25, r1
/home/jgalera/develop/arduino/usdx/usdx_plus_orange/src/core/core.cpp:410
        si5351.SendPLLRegisterBulk();
      }
#ifdef RIT_ENABLE
      else if (rit) {
        si5351.freq_calc_fast(0);
    29d6:	0e 94 59 02 	call	0x4b2	; 0x4b2 <SI5351::freq_calc_fast(int) [clone .constprop.35]>
/home/jgalera/develop/arduino/usdx/usdx_plus_orange/src/core/core.cpp:411
        si5351.SendPLLRegisterBulk();
    29da:	0e 94 d2 02 	call	0x5a4	; 0x5a4 <SI5351::SendPLLRegisterBulk() [clone .constprop.34]>
/home/jgalera/develop/arduino/usdx/usdx_plus_orange/src/core/core.cpp:414
      }
#endif
      si5351.SendRegister(SI_CLK_OE, TX1RX0);
    29de:	6b ef       	ldi	r22, 0xFB	; 251
    29e0:	83 e0       	ldi	r24, 0x03	; 3
    29e2:	0e 94 99 13 	call	0x2732	; 0x2732 <SI5351::SendRegister(unsigned char, unsigned char) [clone .isra.3]>
/home/jgalera/develop/arduino/usdx/usdx_plus_orange/src/core/core.cpp:415
      OCR1AL = 0x80;
    29e6:	80 e8       	ldi	r24, 0x80	; 128
    29e8:	80 93 88 00 	sts	0x0088, r24	; 0x800088 <__DATA_REGION_ORIGIN__+0x28>
/home/jgalera/develop/arduino/usdx/usdx_plus_orange/src/core/core.cpp:416
      if ((!mox) && (mode != CW))
    29ec:	80 91 de 03 	lds	r24, 0x03DE	; 0x8003de <mox>
    29f0:	81 11       	cpse	r24, r1
    29f2:	09 c0       	rjmp	.+18     	; 0x2a06 <switch_rxtx(unsigned char)+0x1f8>
    29f4:	80 91 cd 01 	lds	r24, 0x01CD	; 0x8001cd <mode>
    29f8:	82 30       	cpi	r24, 0x02	; 2
    29fa:	29 f0       	breq	.+10     	; 0x2a06 <switch_rxtx(unsigned char)+0x1f8>
/home/jgalera/develop/arduino/usdx/usdx_plus_orange/src/core/core.cpp:417
        TCCR1A &= ~(1 << COM1A1);
    29fc:	80 91 80 00 	lds	r24, 0x0080	; 0x800080 <__DATA_REGION_ORIGIN__+0x20>
    2a00:	8f 77       	andi	r24, 0x7F	; 127
    2a02:	80 93 80 00 	sts	0x0080, r24	; 0x800080 <__DATA_REGION_ORIGIN__+0x20>
/home/jgalera/develop/arduino/usdx/usdx_plus_orange/src/core/core.cpp:418
      TCCR1A |= (1 << COM1B1);
    2a06:	80 91 80 00 	lds	r24, 0x0080	; 0x800080 <__DATA_REGION_ORIGIN__+0x20>
    2a0a:	80 62       	ori	r24, 0x20	; 32
    2a0c:	80 93 80 00 	sts	0x0080, r24	; 0x800080 <__DATA_REGION_ORIGIN__+0x20>
/home/jgalera/develop/arduino/usdx/usdx_plus_orange/src/core/core.cpp:420
#ifdef _SERIAL
      if (cat_active) {
    2a10:	80 91 c1 05 	lds	r24, 0x05C1	; 0x8005c1 <cat_active>
    2a14:	88 23       	and	r24, r24
    2a16:	09 f4       	brne	.+2      	; 0x2a1a <switch_rxtx(unsigned char)+0x20c>
    2a18:	5b cf       	rjmp	.-330    	; 0x28d0 <switch_rxtx(unsigned char)+0xc2>
/home/jgalera/develop/arduino/usdx/usdx_plus_orange/src/core/core.cpp:421
        DDRC &= ~(1 << 2);
    2a1a:	3a 98       	cbi	0x07, 2	; 7
    2a1c:	59 cf       	rjmp	.-334    	; 0x28d0 <switch_rxtx(unsigned char)+0xc2>
/home/jgalera/develop/arduino/usdx/usdx_plus_orange/src/core/core.cpp:409
      if (mode == CW) {
        si5351.freq_calc_fast(-cw_offset);
        si5351.SendPLLRegisterBulk();
      }
#ifdef RIT_ENABLE
      else if (rit) {
    2a1e:	80 91 f2 05 	lds	r24, 0x05F2	; 0x8005f2 <rit>
    2a22:	90 91 f3 05 	lds	r25, 0x05F3	; 0x8005f3 <rit+0x1>
    2a26:	89 2b       	or	r24, r25
    2a28:	d1 f2       	breq	.-76     	; 0x29de <switch_rxtx(unsigned char)+0x1d0>
/home/jgalera/develop/arduino/usdx/usdx_plus_orange/src/core/core.cpp:410
        si5351.freq_calc_fast(0);
    2a2a:	90 e0       	ldi	r25, 0x00	; 0
    2a2c:	80 e0       	ldi	r24, 0x00	; 0
    2a2e:	d3 cf       	rjmp	.-90     	; 0x29d6 <switch_rxtx(unsigned char)+0x1c8>
/home/jgalera/develop/arduino/usdx/usdx_plus_orange/src/core/core.cpp:427
      }
#endif
    }
  } else {
#ifdef KEY_CLICK
    if (OCR1BL != 0) {
    2a30:	80 91 8a 00 	lds	r24, 0x008A	; 0x80008a <__DATA_REGION_ORIGIN__+0x2a>
    2a34:	88 23       	and	r24, r24
    2a36:	a1 f0       	breq	.+40     	; 0x2a60 <switch_rxtx(unsigned char)+0x252>
    2a38:	ce e3       	ldi	r28, 0x3E	; 62
    2a3a:	d1 e0       	ldi	r29, 0x01	; 1
/home/jgalera/develop/arduino/usdx/usdx_plus_orange/src/core/core.cpp:429
      for (uint16_t i = 0; i != 31; i++) {
        OCR1BL = lut[pgm_read_byte_near(&ramp[i])];
    2a3c:	fe 01       	movw	r30, r28
    2a3e:	84 91       	lpm	r24, Z
    2a40:	e8 2f       	mov	r30, r24
    2a42:	f0 e0       	ldi	r31, 0x00	; 0
    2a44:	ef 5e       	subi	r30, 0xEF	; 239
    2a46:	fb 4f       	sbci	r31, 0xFB	; 251
    2a48:	80 81       	ld	r24, Z
    2a4a:	80 93 8a 00 	sts	0x008A, r24	; 0x80008a <__DATA_REGION_ORIGIN__+0x2a>
/home/jgalera/develop/arduino/usdx/usdx_plus_orange/src/core/core.cpp:430
        delayMicroseconds(60);
    2a4e:	8c e3       	ldi	r24, 0x3C	; 60
    2a50:	90 e0       	ldi	r25, 0x00	; 0
    2a52:	0e 94 e0 03 	call	0x7c0	; 0x7c0 <delayMicroseconds>
    2a56:	21 96       	adiw	r28, 0x01	; 1
/home/jgalera/develop/arduino/usdx/usdx_plus_orange/src/core/core.cpp:428
#endif
    }
  } else {
#ifdef KEY_CLICK
    if (OCR1BL != 0) {
      for (uint16_t i = 0; i != 31; i++) {
    2a58:	f1 e0       	ldi	r31, 0x01	; 1
    2a5a:	cd 35       	cpi	r28, 0x5D	; 93
    2a5c:	df 07       	cpc	r29, r31
    2a5e:	71 f7       	brne	.-36     	; 0x2a3c <switch_rxtx(unsigned char)+0x22e>
/home/jgalera/develop/arduino/usdx/usdx_plus_orange/src/core/core.cpp:434
        OCR1BL = lut[pgm_read_byte_near(&ramp[i])];
        delayMicroseconds(60);
      }
    }
#endif
    TCCR1A |= (1 << COM1A1);
    2a60:	80 91 80 00 	lds	r24, 0x0080	; 0x800080 <__DATA_REGION_ORIGIN__+0x20>
    2a64:	80 68       	ori	r24, 0x80	; 128
    2a66:	80 93 80 00 	sts	0x0080, r24	; 0x800080 <__DATA_REGION_ORIGIN__+0x20>
/home/jgalera/develop/arduino/usdx/usdx_plus_orange/src/core/core.cpp:435
    TCCR1A &= ~(1 << COM1B1);
    2a6a:	80 91 80 00 	lds	r24, 0x0080	; 0x800080 <__DATA_REGION_ORIGIN__+0x20>
    2a6e:	8f 7d       	andi	r24, 0xDF	; 223
    2a70:	80 93 80 00 	sts	0x0080, r24	; 0x800080 <__DATA_REGION_ORIGIN__+0x20>
/home/jgalera/develop/arduino/usdx/usdx_plus_orange/src/core/core.cpp:436
    digitalWrite(KEY_OUT, LOW);
    2a74:	60 e0       	ldi	r22, 0x00	; 0
    2a76:	8a e0       	ldi	r24, 0x0A	; 10
    2a78:	0e 94 5e 03 	call	0x6bc	; 0x6bc <digitalWrite>
/home/jgalera/develop/arduino/usdx/usdx_plus_orange/src/core/core.cpp:437
    OCR1BL = 0;
    2a7c:	10 92 8a 00 	sts	0x008A, r1	; 0x80008a <__DATA_REGION_ORIGIN__+0x2a>
/home/jgalera/develop/arduino/usdx/usdx_plus_orange/src/core/core.cpp:446
    si5351.SendRegister(17, 0x0f);
#else
    si5351.SendRegister(18, 0x0f);
#endif
#endif
    si5351.SendRegister(SI_CLK_OE, TX0RX1);
    2a80:	6c ef       	ldi	r22, 0xFC	; 252
    2a82:	83 e0       	ldi	r24, 0x03	; 3
    2a84:	0e 94 99 13 	call	0x2732	; 0x2732 <SI5351::SendRegister(unsigned char, unsigned char) [clone .isra.3]>
/home/jgalera/develop/arduino/usdx/usdx_plus_orange/src/core/core.cpp:448
#ifdef SEMI_QSK
    if ((!semi_qsk_timeout) || (!semi_qsk))
    2a88:	80 91 07 06 	lds	r24, 0x0607	; 0x800607 <semi_qsk_timeout>
    2a8c:	90 91 08 06 	lds	r25, 0x0608	; 0x800608 <semi_qsk_timeout+0x1>
    2a90:	a0 91 09 06 	lds	r26, 0x0609	; 0x800609 <semi_qsk_timeout+0x2>
    2a94:	b0 91 0a 06 	lds	r27, 0x060A	; 0x80060a <semi_qsk_timeout+0x3>
    2a98:	89 2b       	or	r24, r25
    2a9a:	8a 2b       	or	r24, r26
    2a9c:	8b 2b       	or	r24, r27
    2a9e:	21 f0       	breq	.+8      	; 0x2aa8 <switch_rxtx(unsigned char)+0x29a>
    2aa0:	80 91 e3 03 	lds	r24, 0x03E3	; 0x8003e3 <semi_qsk>
    2aa4:	81 11       	cpse	r24, r1
    2aa6:	09 c0       	rjmp	.+18     	; 0x2aba <switch_rxtx(unsigned char)+0x2ac>
/home/jgalera/develop/arduino/usdx/usdx_plus_orange/src/core/core.cpp:451
#endif
    {
      digitalWrite(RX, !(att == 2));
    2aa8:	80 91 ed 05 	lds	r24, 0x05ED	; 0x8005ed <att>
    2aac:	61 e0       	ldi	r22, 0x01	; 1
    2aae:	82 30       	cpi	r24, 0x02	; 2
    2ab0:	09 f4       	brne	.+2      	; 0x2ab4 <switch_rxtx(unsigned char)+0x2a6>
    2ab2:	60 e0       	ldi	r22, 0x00	; 0
    2ab4:	88 e0       	ldi	r24, 0x08	; 8
    2ab6:	0e 94 5e 03 	call	0x6bc	; 0x6bc <digitalWrite>
/home/jgalera/develop/arduino/usdx/usdx_plus_orange/src/core/core.cpp:460
#ifdef PTX
      digitalWrite(PTX, LOW);
#endif
    }
#ifdef RIT_ENABLE
    si5351.freq_calc_fast(rit);
    2aba:	80 91 f2 05 	lds	r24, 0x05F2	; 0x8005f2 <rit>
    2abe:	90 91 f3 05 	lds	r25, 0x05F3	; 0x8005f3 <rit+0x1>
    2ac2:	0e 94 59 02 	call	0x4b2	; 0x4b2 <SI5351::freq_calc_fast(int) [clone .constprop.35]>
/home/jgalera/develop/arduino/usdx/usdx_plus_orange/src/core/core.cpp:461
    si5351.SendPLLRegisterBulk();
    2ac6:	0e 94 d2 02 	call	0x5a4	; 0x5a4 <SI5351::SendPLLRegisterBulk() [clone .constprop.34]>
_ZN3LCD9setCursorEhh():
/home/jgalera/develop/arduino/usdx/usdx_plus_orange/src/driver/display.h:190
    2aca:	8f ec       	ldi	r24, 0xCF	; 207
    2acc:	0e 94 8b 11 	call	0x2316	; 0x2316 <LCD::cmd(unsigned char) [clone .isra.3] [clone .lto_priv.45]>
_Z11switch_rxtxh():
/home/jgalera/develop/arduino/usdx/usdx_plus_orange/src/core/core.cpp:473
      show_banner();
      lcd.print("                ");
    }
#endif
    lcd.setCursor(15, 1);
    lcd.print((vox) ? 'V' : 'R');
    2ad0:	80 91 0d 06 	lds	r24, 0x060D	; 0x80060d <vox>
    2ad4:	62 e5       	ldi	r22, 0x52	; 82
    2ad6:	81 11       	cpse	r24, r1
    2ad8:	66 e5       	ldi	r22, 0x56	; 86
    2ada:	87 eb       	ldi	r24, 0xB7	; 183
    2adc:	96 e0       	ldi	r25, 0x06	; 6
    2ade:	0e 94 4c 04 	call	0x898	; 0x898 <Print::print(char)>
/home/jgalera/develop/arduino/usdx/usdx_plus_orange/src/core/core.cpp:475
#ifdef _SERIAL
    if (!vox)
    2ae2:	80 91 0d 06 	lds	r24, 0x060D	; 0x80060d <vox>
    2ae6:	81 11       	cpse	r24, r1
    2ae8:	04 c0       	rjmp	.+8      	; 0x2af2 <switch_rxtx(unsigned char)+0x2e4>
/home/jgalera/develop/arduino/usdx/usdx_plus_orange/src/core/core.cpp:476
      if (cat_active) {
    2aea:	80 91 c1 05 	lds	r24, 0x05C1	; 0x8005c1 <cat_active>
    2aee:	81 11       	cpse	r24, r1
/home/jgalera/develop/arduino/usdx/usdx_plus_orange/src/core/core.cpp:477
        DDRC |= (1 << 2);
    2af0:	3a 9a       	sbi	0x07, 2	; 7
/home/jgalera/develop/arduino/usdx/usdx_plus_orange/src/core/core.cpp:481
      }
#endif
  }
  OCR2A = ((F_CPU / 64) / ((tx_enable) ? F_SAMP_TX : F_SAMP_RX)) - 1;
    2af2:	83 e0       	ldi	r24, 0x03	; 3
    2af4:	ee ce       	rjmp	.-548    	; 0x28d2 <switch_rxtx(unsigned char)+0xc4>

00002af6 <SI5351::ms(signed char, unsigned long, unsigned long, unsigned char, unsigned char, unsigned int, unsigned char) [clone .constprop.33]>:
_ZN6SI53512msEammhhjh.constprop.33():
/home/jgalera/develop/arduino/usdx/usdx_plus_orange/src/driver/si5351.h:134
    MS3 = 3,
    MS4 = 4,
    MS5 = 5
  };

  void ms(int8_t n, uint32_t div_nom, uint32_t div_denom, uint8_t pll = PLLA,
    2af6:	2f 92       	push	r2
    2af8:	3f 92       	push	r3
    2afa:	4f 92       	push	r4
    2afc:	5f 92       	push	r5
    2afe:	6f 92       	push	r6
    2b00:	7f 92       	push	r7
    2b02:	8f 92       	push	r8
    2b04:	9f 92       	push	r9
    2b06:	af 92       	push	r10
    2b08:	bf 92       	push	r11
    2b0a:	cf 92       	push	r12
    2b0c:	df 92       	push	r13
    2b0e:	ef 92       	push	r14
    2b10:	ff 92       	push	r15
    2b12:	0f 93       	push	r16
    2b14:	1f 93       	push	r17
    2b16:	cf 93       	push	r28
    2b18:	df 93       	push	r29
    2b1a:	cd b7       	in	r28, 0x3d	; 61
    2b1c:	de b7       	in	r29, 0x3e	; 62
    2b1e:	64 97       	sbiw	r28, 0x14	; 20
    2b20:	0f b6       	in	r0, 0x3f	; 63
    2b22:	f8 94       	cli
    2b24:	de bf       	out	0x3e, r29	; 62
    2b26:	0f be       	out	0x3f, r0	; 63
    2b28:	cd bf       	out	0x3d, r28	; 61
    2b2a:	89 8b       	std	Y+17, r24	; 0x11
    2b2c:	48 01       	movw	r8, r16
    2b2e:	59 01       	movw	r10, r18
    2b30:	fb 8a       	std	Y+19, r15	; 0x13
    2b32:	ea 8a       	std	Y+18, r14	; 0x12
    2b34:	cc 8a       	std	Y+20, r12	; 0x14
    2b36:	cb 01       	movw	r24, r22
    2b38:	ba 01       	movw	r22, r20
    2b3a:	a9 01       	movw	r20, r18
    2b3c:	98 01       	movw	r18, r16
    2b3e:	0e 94 b8 39 	call	0x7370	; 0x7370 <__udivmodsi4>
    2b42:	29 01       	movw	r4, r18
/home/jgalera/develop/arduino/usdx/usdx_plus_orange/src/driver/si5351.h:138
          uint8_t _int = 0, uint16_t phase = 0, uint8_t rdiv = 0) {
    uint16_t msa;
    uint32_t msb, msc, msp1, msp2, msp3;
    msa = div_nom / div_denom; // integer part: msa must be in range 15..90 for
    2b44:	19 01       	movw	r2, r18
/home/jgalera/develop/arduino/usdx/usdx_plus_orange/src/driver/si5351.h:140
                               // PLL, 8+1/1048575..900 for MS
    if (msa == 4)
    2b46:	24 30       	cpi	r18, 0x04	; 4
    2b48:	31 05       	cpc	r19, r1
    2b4a:	09 f4       	brne	.+2      	; 0x2b4e <SI5351::ms(signed char, unsigned long, unsigned long, unsigned char, unsigned char, unsigned int, unsigned char) [clone .constprop.33]+0x58>
    2b4c:	97 c0       	rjmp	.+302    	; 0x2c7c <SI5351::ms(signed char, unsigned long, unsigned long, unsigned char, unsigned char, unsigned int, unsigned char) [clone .constprop.33]+0x186>
/home/jgalera/develop/arduino/usdx/usdx_plus_orange/src/driver/si5351.h:145
      _int = 1; // To satisfy the MSx_INT=1 requirement of AN619, section 4.1.3
                // which basically says that for MS divider a value of 4 and
                // integer mode must be used
    msb = (_int) ? 0
                 : (((uint64_t)(div_nom % div_denom) * _MSC) /
    2b4e:	9b 01       	movw	r18, r22
    2b50:	ac 01       	movw	r20, r24
    2b52:	60 e0       	ldi	r22, 0x00	; 0
    2b54:	70 e0       	ldi	r23, 0x00	; 0
    2b56:	80 e0       	ldi	r24, 0x00	; 0
    2b58:	90 e0       	ldi	r25, 0x00	; 0
    2b5a:	00 e1       	ldi	r16, 0x10	; 16
    2b5c:	0e 94 d0 3a 	call	0x75a0	; 0x75a0 <__ashldi3>
    2b60:	f9 01       	movw	r30, r18
    2b62:	75 01       	movw	r14, r10
    2b64:	64 01       	movw	r12, r8
    2b66:	00 e0       	ldi	r16, 0x00	; 0
    2b68:	10 e0       	ldi	r17, 0x00	; 0
    2b6a:	98 01       	movw	r18, r16
    2b6c:	89 86       	std	Y+9, r8	; 0x09
    2b6e:	da 86       	std	Y+10, r13	; 0x0a
    2b70:	ab 86       	std	Y+11, r10	; 0x0b
    2b72:	fc 86       	std	Y+12, r15	; 0x0c
    2b74:	0d 87       	std	Y+13, r16	; 0x0d
    2b76:	1e 87       	std	Y+14, r17	; 0x0e
    2b78:	2f 87       	std	Y+15, r18	; 0x0f
    2b7a:	38 8b       	std	Y+16, r19	; 0x10
    2b7c:	54 01       	movw	r10, r8
    2b7e:	67 01       	movw	r12, r14
    2b80:	e1 2c       	mov	r14, r1
    2b82:	f1 2c       	mov	r15, r1
    2b84:	00 e0       	ldi	r16, 0x00	; 0
    2b86:	10 e0       	ldi	r17, 0x00	; 0
    2b88:	9f 01       	movw	r18, r30
    2b8a:	0e 94 63 3a 	call	0x74c6	; 0x74c6 <__udivdi3>
/home/jgalera/develop/arduino/usdx/usdx_plus_orange/src/driver/si5351.h:144
                               // PLL, 8+1/1048575..900 for MS
    if (msa == 4)
      _int = 1; // To satisfy the MSx_INT=1 requirement of AN619, section 4.1.3
                // which basically says that for MS divider a value of 4 and
                // integer mode must be used
    msb = (_int) ? 0
    2b8e:	a3 2f       	mov	r26, r19
    2b90:	f4 2f       	mov	r31, r20
    2b92:	e5 2f       	mov	r30, r21
    2b94:	42 2f       	mov	r20, r18
    2b96:	5a 2f       	mov	r21, r26
    2b98:	6f 2f       	mov	r22, r31
    2b9a:	7e 2f       	mov	r23, r30
/home/jgalera/develop/arduino/usdx/usdx_plus_orange/src/driver/si5351.h:147
                 : (((uint64_t)(div_nom % div_denom) * _MSC) /
                    div_denom); // fractional part
    msc = (_int) ? 1 : _MSC;
    2b9c:	c1 2c       	mov	r12, r1
    2b9e:	d1 2c       	mov	r13, r1
    2ba0:	76 01       	movw	r14, r12
    2ba2:	e3 94       	inc	r14
/home/jgalera/develop/arduino/usdx/usdx_plus_orange/src/driver/si5351.h:148
    msp1 = 128 * msa + 128 * msb / msc - 512;
    2ba4:	cb 01       	movw	r24, r22
    2ba6:	ba 01       	movw	r22, r20
    2ba8:	27 e0       	ldi	r18, 0x07	; 7
    2baa:	66 0f       	add	r22, r22
    2bac:	77 1f       	adc	r23, r23
    2bae:	88 1f       	adc	r24, r24
    2bb0:	99 1f       	adc	r25, r25
    2bb2:	2a 95       	dec	r18
    2bb4:	d1 f7       	brne	.-12     	; 0x2baa <SI5351::ms(signed char, unsigned long, unsigned long, unsigned char, unsigned char, unsigned int, unsigned char) [clone .constprop.33]+0xb4>
    2bb6:	a7 01       	movw	r20, r14
    2bb8:	96 01       	movw	r18, r12
    2bba:	0e 94 b8 39 	call	0x7370	; 0x7370 <__udivmodsi4>
    2bbe:	42 01       	movw	r8, r4
    2bc0:	96 94       	lsr	r9
    2bc2:	98 2c       	mov	r9, r8
    2bc4:	88 24       	eor	r8, r8
    2bc6:	97 94       	ror	r9
    2bc8:	87 94       	ror	r8
    2bca:	b1 2c       	mov	r11, r1
    2bcc:	a1 2c       	mov	r10, r1
    2bce:	02 e0       	ldi	r16, 0x02	; 2
    2bd0:	90 1a       	sub	r9, r16
    2bd2:	a1 08       	sbc	r10, r1
    2bd4:	b1 08       	sbc	r11, r1
    2bd6:	28 0d       	add	r18, r8
    2bd8:	39 1d       	adc	r19, r9
    2bda:	4a 1d       	adc	r20, r10
    2bdc:	5b 1d       	adc	r21, r11
/home/jgalera/develop/arduino/usdx/usdx_plus_orange/src/driver/si5351.h:151
    msp2 = 128 * msb - 128 * msb / msc * msc;
    msp3 = msc;
    uint8_t ms_reg2 = BB2(msp1) | (rdiv << 4) | ((msa == 4) * 0x0C);
    2bde:	bc 89       	ldd	r27, Y+20	; 0x14
    2be0:	a0 e1       	ldi	r26, 0x10	; 16
    2be2:	ba 9f       	mul	r27, r26
    2be4:	f0 01       	movw	r30, r0
    2be6:	11 24       	eor	r1, r1
    2be8:	84 2e       	mov	r8, r20
    2bea:	8e 2a       	or	r8, r30
    2bec:	e4 e0       	ldi	r30, 0x04	; 4
    2bee:	2e 16       	cp	r2, r30
    2bf0:	31 04       	cpc	r3, r1
    2bf2:	09 f0       	breq	.+2      	; 0x2bf6 <SI5351::ms(signed char, unsigned long, unsigned long, unsigned char, unsigned char, unsigned int, unsigned char) [clone .constprop.33]+0x100>
    2bf4:	4c c0       	rjmp	.+152    	; 0x2c8e <SI5351::ms(signed char, unsigned long, unsigned long, unsigned char, unsigned char, unsigned int, unsigned char) [clone .constprop.33]+0x198>
    2bf6:	ec e0       	ldi	r30, 0x0C	; 12
/home/jgalera/develop/arduino/usdx/usdx_plus_orange/src/driver/si5351.h:155
    uint8_t ms_regs[8] = {BB1(msp3), BB0(msp3),
                          ms_reg2,   BB1(msp1),
                          BB0(msp1), BB2(((msp3 & 0x0F0000) << 4) | msp2),
                          BB1(msp2), BB0(msp2)};
    2bf8:	19 82       	std	Y+1, r1	; 0x01
    2bfa:	ca 82       	std	Y+2, r12	; 0x02
/home/jgalera/develop/arduino/usdx/usdx_plus_orange/src/driver/si5351.h:151
                    div_denom); // fractional part
    msc = (_int) ? 1 : _MSC;
    msp1 = 128 * msa + 128 * msb / msc - 512;
    msp2 = 128 * msb - 128 * msb / msc * msc;
    msp3 = msc;
    uint8_t ms_reg2 = BB2(msp1) | (rdiv << 4) | ((msa == 4) * 0x0C);
    2bfc:	8e 2a       	or	r8, r30
/home/jgalera/develop/arduino/usdx/usdx_plus_orange/src/driver/si5351.h:155
    uint8_t ms_regs[8] = {BB1(msp3), BB0(msp3),
                          ms_reg2,   BB1(msp1),
                          BB0(msp1), BB2(((msp3 & 0x0F0000) << 4) | msp2),
                          BB1(msp2), BB0(msp2)};
    2bfe:	8b 82       	std	Y+3, r8	; 0x03
    2c00:	3c 83       	std	Y+4, r19	; 0x04
    2c02:	2d 83       	std	Y+5, r18	; 0x05
/home/jgalera/develop/arduino/usdx/usdx_plus_orange/src/driver/si5351.h:154
    msp2 = 128 * msb - 128 * msb / msc * msc;
    msp3 = msc;
    uint8_t ms_reg2 = BB2(msp1) | (rdiv << 4) | ((msa == 4) * 0x0C);
    uint8_t ms_regs[8] = {BB1(msp3), BB0(msp3),
                          ms_reg2,   BB1(msp1),
                          BB0(msp1), BB2(((msp3 & 0x0F0000) << 4) | msp2),
    2c04:	94 e0       	ldi	r25, 0x04	; 4
    2c06:	cc 0c       	add	r12, r12
    2c08:	dd 1c       	adc	r13, r13
    2c0a:	ee 1c       	adc	r14, r14
    2c0c:	ff 1c       	adc	r15, r15
    2c0e:	9a 95       	dec	r25
    2c10:	d1 f7       	brne	.-12     	; 0x2c06 <SI5351::ms(signed char, unsigned long, unsigned long, unsigned char, unsigned char, unsigned int, unsigned char) [clone .constprop.33]+0x110>
    2c12:	e8 2a       	or	r14, r24
/home/jgalera/develop/arduino/usdx/usdx_plus_orange/src/driver/si5351.h:155
                          BB1(msp2), BB0(msp2)};
    2c14:	ee 82       	std	Y+6, r14	; 0x06
    2c16:	7f 83       	std	Y+7, r23	; 0x07
    2c18:	68 87       	std	Y+8, r22	; 0x08
/home/jgalera/develop/arduino/usdx/usdx_plus_orange/src/driver/si5351.h:157

    SendRegister(n * 8 + 42, ms_regs, 8); // Write to MSx
    2c1a:	48 e0       	ldi	r20, 0x08	; 8
    2c1c:	be 01       	movw	r22, r28
    2c1e:	6f 5f       	subi	r22, 0xFF	; 255
    2c20:	7f 4f       	sbci	r23, 0xFF	; 255
    2c22:	89 89       	ldd	r24, Y+17	; 0x11
    2c24:	88 0f       	add	r24, r24
    2c26:	88 0f       	add	r24, r24
    2c28:	88 0f       	add	r24, r24
    2c2a:	86 5d       	subi	r24, 0xD6	; 214
    2c2c:	0e 94 79 13 	call	0x26f2	; 0x26f2 <SI5351::SendRegister(unsigned char, unsigned char*, unsigned char) [clone .isra.2]>
    2c30:	61 2f       	mov	r22, r17
    2c32:	62 95       	swap	r22
    2c34:	66 0f       	add	r22, r22
    2c36:	66 0f       	add	r22, r22
    2c38:	60 7c       	andi	r22, 0xC0	; 192
/home/jgalera/develop/arduino/usdx/usdx_plus_orange/src/driver/si5351.h:158
    if (n < 0) {
    2c3a:	c9 88       	ldd	r12, Y+17	; 0x11
    2c3c:	c7 fe       	sbrs	r12, 7
    2c3e:	29 c0       	rjmp	.+82     	; 0x2c92 <SI5351::ms(signed char, unsigned long, unsigned long, unsigned char, unsigned char, unsigned int, unsigned char) [clone .constprop.33]+0x19c>
/home/jgalera/develop/arduino/usdx/usdx_plus_orange/src/driver/si5351.h:160
      SendRegister(n + 16 + 8,
                   0x80 |
    2c40:	60 68       	ori	r22, 0x80	; 128
/home/jgalera/develop/arduino/usdx/usdx_plus_orange/src/driver/si5351.h:159
                          BB0(msp1), BB2(((msp3 & 0x0F0000) << 4) | msp2),
                          BB1(msp2), BB0(msp2)};

    SendRegister(n * 8 + 42, ms_regs, 8); // Write to MSx
    if (n < 0) {
      SendRegister(n + 16 + 8,
    2c42:	8c 2d       	mov	r24, r12
    2c44:	88 5e       	subi	r24, 0xE8	; 232
/home/jgalera/develop/arduino/usdx/usdx_plus_orange/src/driver/si5351.h:168
      SendRegister(
          n + 16,
          ((pll) * 0x20) | 0x0C | 3 |
              (0x40 * _int)); // MSx CLKn: 0x0C=PLLA,0x2C=PLLB local msynth;
                              // 3=8mA; 0x40=MSx_INT; 0x80=CLKx_PDN
      SendRegister(n + 165,
    2c46:	0e 94 99 13 	call	0x2732	; 0x2732 <SI5351::SendRegister(unsigned char, unsigned char) [clone .isra.3]>
/home/jgalera/develop/arduino/usdx/usdx_plus_orange/src/driver/si5351.h:173
                   (!_int) * phase * msa /
                       90); // when using: make sure to configure MS in
                            // fractional-mode, perform reset afterwards
    }
  }
    2c4a:	64 96       	adiw	r28, 0x14	; 20
    2c4c:	0f b6       	in	r0, 0x3f	; 63
    2c4e:	f8 94       	cli
    2c50:	de bf       	out	0x3e, r29	; 62
    2c52:	0f be       	out	0x3f, r0	; 63
    2c54:	cd bf       	out	0x3d, r28	; 61
    2c56:	df 91       	pop	r29
    2c58:	cf 91       	pop	r28
    2c5a:	1f 91       	pop	r17
    2c5c:	0f 91       	pop	r16
    2c5e:	ff 90       	pop	r15
    2c60:	ef 90       	pop	r14
    2c62:	df 90       	pop	r13
    2c64:	cf 90       	pop	r12
    2c66:	bf 90       	pop	r11
    2c68:	af 90       	pop	r10
    2c6a:	9f 90       	pop	r9
    2c6c:	8f 90       	pop	r8
    2c6e:	7f 90       	pop	r7
    2c70:	6f 90       	pop	r6
    2c72:	5f 90       	pop	r5
    2c74:	4f 90       	pop	r4
    2c76:	3f 90       	pop	r3
    2c78:	2f 90       	pop	r2
    2c7a:	08 95       	ret
/home/jgalera/develop/arduino/usdx/usdx_plus_orange/src/driver/si5351.h:144
                               // PLL, 8+1/1048575..900 for MS
    if (msa == 4)
      _int = 1; // To satisfy the MSx_INT=1 requirement of AN619, section 4.1.3
                // which basically says that for MS divider a value of 4 and
                // integer mode must be used
    msb = (_int) ? 0
    2c7c:	40 e0       	ldi	r20, 0x00	; 0
    2c7e:	50 e0       	ldi	r21, 0x00	; 0
    2c80:	ba 01       	movw	r22, r20
/home/jgalera/develop/arduino/usdx/usdx_plus_orange/src/driver/si5351.h:141
    uint16_t msa;
    uint32_t msb, msc, msp1, msp2, msp3;
    msa = div_nom / div_denom; // integer part: msa must be in range 15..90 for
                               // PLL, 8+1/1048575..900 for MS
    if (msa == 4)
      _int = 1; // To satisfy the MSx_INT=1 requirement of AN619, section 4.1.3
    2c82:	11 e0       	ldi	r17, 0x01	; 1
/home/jgalera/develop/arduino/usdx/usdx_plus_orange/src/driver/si5351.h:147
                // which basically says that for MS divider a value of 4 and
                // integer mode must be used
    msb = (_int) ? 0
                 : (((uint64_t)(div_nom % div_denom) * _MSC) /
                    div_denom); // fractional part
    msc = (_int) ? 1 : _MSC;
    2c84:	c1 2c       	mov	r12, r1
    2c86:	d1 2c       	mov	r13, r1
    2c88:	76 01       	movw	r14, r12
    2c8a:	c3 94       	inc	r12
    2c8c:	8b cf       	rjmp	.-234    	; 0x2ba4 <SI5351::ms(signed char, unsigned long, unsigned long, unsigned char, unsigned char, unsigned int, unsigned char) [clone .constprop.33]+0xae>
/home/jgalera/develop/arduino/usdx/usdx_plus_orange/src/driver/si5351.h:151
    msp1 = 128 * msa + 128 * msb / msc - 512;
    msp2 = 128 * msb - 128 * msb / msc * msc;
    msp3 = msc;
    uint8_t ms_reg2 = BB2(msp1) | (rdiv << 4) | ((msa == 4) * 0x0C);
    2c8e:	e0 e0       	ldi	r30, 0x00	; 0
    2c90:	b3 cf       	rjmp	.-154    	; 0x2bf8 <SI5351::ms(signed char, unsigned long, unsigned long, unsigned char, unsigned char, unsigned int, unsigned char) [clone .constprop.33]+0x102>
/home/jgalera/develop/arduino/usdx/usdx_plus_orange/src/driver/si5351.h:165
                   0x80 |
                       (0x40 * _int)); // MSNx PLLn: 0x40=FBA_INT; 0x80=CLKn_PDN
    } else {
      SendRegister(
          n + 16,
          ((pll) * 0x20) | 0x0C | 3 |
    2c92:	6f 60       	ori	r22, 0x0F	; 15
/home/jgalera/develop/arduino/usdx/usdx_plus_orange/src/driver/si5351.h:163
    if (n < 0) {
      SendRegister(n + 16 + 8,
                   0x80 |
                       (0x40 * _int)); // MSNx PLLn: 0x40=FBA_INT; 0x80=CLKn_PDN
    } else {
      SendRegister(
    2c94:	89 89       	ldd	r24, Y+17	; 0x11
    2c96:	80 5f       	subi	r24, 0xF0	; 240
    2c98:	0e 94 99 13 	call	0x2732	; 0x2732 <SI5351::SendRegister(unsigned char, unsigned char) [clone .isra.3]>
/home/jgalera/develop/arduino/usdx/usdx_plus_orange/src/driver/si5351.h:169
          n + 16,
          ((pll) * 0x20) | 0x0C | 3 |
              (0x40 * _int)); // MSx CLKn: 0x0C=PLLA,0x2C=PLLB local msynth;
                              // 3=8mA; 0x40=MSx_INT; 0x80=CLKx_PDN
      SendRegister(n + 165,
                   (!_int) * phase * msa /
    2c9c:	ea 88       	ldd	r14, Y+18	; 0x12
    2c9e:	fb 88       	ldd	r15, Y+19	; 0x13
    2ca0:	e4 9c       	mul	r14, r4
    2ca2:	a0 01       	movw	r20, r0
    2ca4:	e5 9c       	mul	r14, r5
    2ca6:	50 0d       	add	r21, r0
    2ca8:	f4 9c       	mul	r15, r4
    2caa:	50 0d       	add	r21, r0
    2cac:	11 24       	eor	r1, r1
    2cae:	21 e0       	ldi	r18, 0x01	; 1
    2cb0:	12 27       	eor	r17, r18
    2cb2:	21 2f       	mov	r18, r17
    2cb4:	30 e0       	ldi	r19, 0x00	; 0
    2cb6:	42 9f       	mul	r20, r18
    2cb8:	c0 01       	movw	r24, r0
    2cba:	43 9f       	mul	r20, r19
    2cbc:	90 0d       	add	r25, r0
    2cbe:	52 9f       	mul	r21, r18
    2cc0:	90 0d       	add	r25, r0
    2cc2:	11 24       	eor	r1, r1
    2cc4:	6a e5       	ldi	r22, 0x5A	; 90
    2cc6:	70 e0       	ldi	r23, 0x00	; 0
    2cc8:	0e 94 90 39 	call	0x7320	; 0x7320 <__udivmodhi4>
/home/jgalera/develop/arduino/usdx/usdx_plus_orange/src/driver/si5351.h:168
      SendRegister(
          n + 16,
          ((pll) * 0x20) | 0x0C | 3 |
              (0x40 * _int)); // MSx CLKn: 0x0C=PLLA,0x2C=PLLB local msynth;
                              // 3=8mA; 0x40=MSx_INT; 0x80=CLKx_PDN
      SendRegister(n + 165,
    2ccc:	89 89       	ldd	r24, Y+17	; 0x11
    2cce:	8b 55       	subi	r24, 0x5B	; 91
    2cd0:	ba cf       	rjmp	.-140    	; 0x2c46 <SI5351::ms(signed char, unsigned long, unsigned long, unsigned char, unsigned char, unsigned int, unsigned char) [clone .constprop.33]+0x150>

00002cd2 <SI5351::freq(long, unsigned int, unsigned int) [clone .constprop.32]>:
_ZN6SI53514freqEljj.constprop.32():
/home/jgalera/develop/arduino/usdx/usdx_plus_orange/src/driver/si5351.h:186

  void oe(uint8_t mask) {
    SendRegister(3, ~mask);
  } // output-enable mask: CLK2=4; CLK1=2; CLK0=1

  void freq(int32_t fout, uint16_t i,
    2cd2:	2f 92       	push	r2
    2cd4:	3f 92       	push	r3
    2cd6:	4f 92       	push	r4
    2cd8:	5f 92       	push	r5
    2cda:	6f 92       	push	r6
    2cdc:	7f 92       	push	r7
    2cde:	8f 92       	push	r8
    2ce0:	9f 92       	push	r9
    2ce2:	af 92       	push	r10
    2ce4:	bf 92       	push	r11
    2ce6:	cf 92       	push	r12
    2ce8:	df 92       	push	r13
    2cea:	ef 92       	push	r14
    2cec:	ff 92       	push	r15
    2cee:	0f 93       	push	r16
    2cf0:	1f 93       	push	r17
    2cf2:	cf 93       	push	r28
    2cf4:	df 93       	push	r29
    2cf6:	cd b7       	in	r28, 0x3d	; 61
    2cf8:	de b7       	in	r29, 0x3e	; 62
    2cfa:	60 97       	sbiw	r28, 0x10	; 16
    2cfc:	0f b6       	in	r0, 0x3f	; 63
    2cfe:	f8 94       	cli
    2d00:	de bf       	out	0x3e, r29	; 62
    2d02:	0f be       	out	0x3f, r0	; 63
    2d04:	cd bf       	out	0x3d, r28	; 61
    2d06:	4b 01       	movw	r8, r22
    2d08:	5c 01       	movw	r10, r24
    2d0a:	49 87       	std	Y+9, r20	; 0x09
    2d0c:	5a 83       	std	Y+2, r21	; 0x02
    2d0e:	29 83       	std	Y+1, r18	; 0x01
    2d10:	3b 83       	std	Y+3, r19	; 0x03
/home/jgalera/develop/arduino/usdx/usdx_plus_orange/src/driver/si5351.h:189
            uint16_t q) { // Set a CLK0,1,2 to fout Hz with phase i, q (on PLLA)
    uint8_t rdiv = 0;     // CLK pin sees fout/(2^rdiv)
    if (fout > 300000000) {
    2d12:	21 e0       	ldi	r18, 0x01	; 1
    2d14:	82 16       	cp	r8, r18
    2d16:	23 ea       	ldi	r18, 0xA3	; 163
    2d18:	92 06       	cpc	r9, r18
    2d1a:	21 ee       	ldi	r18, 0xE1	; 225
    2d1c:	a2 06       	cpc	r10, r18
    2d1e:	21 e1       	ldi	r18, 0x11	; 17
    2d20:	b2 06       	cpc	r11, r18
    2d22:	dc f0       	brlt	.+54     	; 0x2d5a <SI5351::freq(long, unsigned int, unsigned int) [clone .constprop.32]+0x88>
/home/jgalera/develop/arduino/usdx/usdx_plus_orange/src/driver/si5351.h:190
      i /= 3;
    2d24:	23 e0       	ldi	r18, 0x03	; 3
    2d26:	30 e0       	ldi	r19, 0x00	; 0
    2d28:	ca 01       	movw	r24, r20
    2d2a:	b9 01       	movw	r22, r18
    2d2c:	0e 94 90 39 	call	0x7320	; 0x7320 <__udivmodhi4>
    2d30:	69 87       	std	Y+9, r22	; 0x09
    2d32:	7a 83       	std	Y+2, r23	; 0x02
/home/jgalera/develop/arduino/usdx/usdx_plus_orange/src/driver/si5351.h:191
      q /= 3;
    2d34:	89 81       	ldd	r24, Y+1	; 0x01
    2d36:	9b 81       	ldd	r25, Y+3	; 0x03
    2d38:	b9 01       	movw	r22, r18
    2d3a:	0e 94 90 39 	call	0x7320	; 0x7320 <__udivmodhi4>
    2d3e:	69 83       	std	Y+1, r22	; 0x01
    2d40:	7b 83       	std	Y+3, r23	; 0x03
/home/jgalera/develop/arduino/usdx/usdx_plus_orange/src/driver/si5351.h:192
      fout /= 3;
    2d42:	c5 01       	movw	r24, r10
    2d44:	b4 01       	movw	r22, r8
    2d46:	23 e0       	ldi	r18, 0x03	; 3
    2d48:	30 e0       	ldi	r19, 0x00	; 0
    2d4a:	40 e0       	ldi	r20, 0x00	; 0
    2d4c:	50 e0       	ldi	r21, 0x00	; 0
    2d4e:	0e 94 da 39 	call	0x73b4	; 0x73b4 <__divmodsi4>
    2d52:	49 01       	movw	r8, r18
    2d54:	5a 01       	movw	r10, r20
/home/jgalera/develop/arduino/usdx/usdx_plus_orange/src/driver/si5351.h:188
    SendRegister(3, ~mask);
  } // output-enable mask: CLK2=4; CLK1=2; CLK0=1

  void freq(int32_t fout, uint16_t i,
            uint16_t q) { // Set a CLK0,1,2 to fout Hz with phase i, q (on PLLA)
    uint8_t rdiv = 0;     // CLK pin sees fout/(2^rdiv)
    2d56:	18 86       	std	Y+8, r1	; 0x08
    2d58:	11 c0       	rjmp	.+34     	; 0x2d7c <SI5351::freq(long, unsigned int, unsigned int) [clone .constprop.32]+0xaa>
/home/jgalera/develop/arduino/usdx/usdx_plus_orange/src/driver/si5351.h:194
    if (fout > 300000000) {
      i /= 3;
      q /= 3;
      fout /= 3;
    } // for higher freqs, use 3rd harmonic
    if (fout < 500000) {
    2d5a:	60 e2       	ldi	r22, 0x20	; 32
    2d5c:	86 16       	cp	r8, r22
    2d5e:	61 ea       	ldi	r22, 0xA1	; 161
    2d60:	96 06       	cpc	r9, r22
    2d62:	67 e0       	ldi	r22, 0x07	; 7
    2d64:	a6 06       	cpc	r10, r22
    2d66:	b1 04       	cpc	r11, r1
    2d68:	b4 f7       	brge	.-20     	; 0x2d56 <SI5351::freq(long, unsigned int, unsigned int) [clone .constprop.32]+0x84>
/home/jgalera/develop/arduino/usdx/usdx_plus_orange/src/driver/si5351.h:196
      rdiv = 7;
      fout *= 128;
    2d6a:	47 e0       	ldi	r20, 0x07	; 7
    2d6c:	88 0c       	add	r8, r8
    2d6e:	99 1c       	adc	r9, r9
    2d70:	aa 1c       	adc	r10, r10
    2d72:	bb 1c       	adc	r11, r11
    2d74:	4a 95       	dec	r20
    2d76:	d1 f7       	brne	.-12     	; 0x2d6c <SI5351::freq(long, unsigned int, unsigned int) [clone .constprop.32]+0x9a>
/home/jgalera/develop/arduino/usdx/usdx_plus_orange/src/driver/si5351.h:195
      i /= 3;
      q /= 3;
      fout /= 3;
    } // for higher freqs, use 3rd harmonic
    if (fout < 500000) {
      rdiv = 7;
    2d78:	77 e0       	ldi	r23, 0x07	; 7
    2d7a:	78 87       	std	Y+8, r23	; 0x08
/home/jgalera/develop/arduino/usdx/usdx_plus_orange/src/driver/si5351.h:199
      fout *= 128;
    } // Divide by 128 for fout 4..500kHz
    uint16_t d;
    if (fout < 30000000)
    2d7c:	80 e8       	ldi	r24, 0x80	; 128
    2d7e:	88 16       	cp	r8, r24
    2d80:	83 ec       	ldi	r24, 0xC3	; 195
    2d82:	98 06       	cpc	r9, r24
    2d84:	89 ec       	ldi	r24, 0xC9	; 201
    2d86:	a8 06       	cpc	r10, r24
    2d88:	81 e0       	ldi	r24, 0x01	; 1
    2d8a:	b8 06       	cpc	r11, r24
    2d8c:	cc f4       	brge	.+50     	; 0x2dc0 <SI5351::freq(long, unsigned int, unsigned int) [clone .constprop.32]+0xee>
/home/jgalera/develop/arduino/usdx/usdx_plus_orange/src/driver/si5351.h:200
      d = (16 * fxtal) / fout;
    2d8e:	60 91 cf 06 	lds	r22, 0x06CF	; 0x8006cf <si5351+0x13>
    2d92:	70 91 d0 06 	lds	r23, 0x06D0	; 0x8006d0 <si5351+0x14>
    2d96:	80 91 d1 06 	lds	r24, 0x06D1	; 0x8006d1 <si5351+0x15>
    2d9a:	90 91 d2 06 	lds	r25, 0x06D2	; 0x8006d2 <si5351+0x16>
/home/jgalera/develop/arduino/usdx/usdx_plus_orange/src/driver/si5351.h:203
    else
      d = (32 * fxtal) / fout; // Integer part  .. maybe 44?
    if (fout < 3500000)
    2d9e:	a0 ee       	ldi	r26, 0xE0	; 224
    2da0:	8a 16       	cp	r8, r26
    2da2:	a7 e6       	ldi	r26, 0x67	; 103
    2da4:	9a 06       	cpc	r9, r26
    2da6:	a5 e3       	ldi	r26, 0x35	; 53
    2da8:	aa 06       	cpc	r10, r26
    2daa:	b1 04       	cpc	r11, r1
    2dac:	0c f4       	brge	.+2      	; 0x2db0 <SI5351::freq(long, unsigned int, unsigned int) [clone .constprop.32]+0xde>
    2dae:	45 c1       	rjmp	.+650    	; 0x303a <SI5351::freq(long, unsigned int, unsigned int) [clone .constprop.32]+0x368>
/home/jgalera/develop/arduino/usdx/usdx_plus_orange/src/driver/si5351.h:200
      rdiv = 7;
      fout *= 128;
    } // Divide by 128 for fout 4..500kHz
    uint16_t d;
    if (fout < 30000000)
      d = (16 * fxtal) / fout;
    2db0:	24 e0       	ldi	r18, 0x04	; 4
    2db2:	66 0f       	add	r22, r22
    2db4:	77 1f       	adc	r23, r23
    2db6:	88 1f       	adc	r24, r24
    2db8:	99 1f       	adc	r25, r25
    2dba:	2a 95       	dec	r18
    2dbc:	d1 f7       	brne	.-12     	; 0x2db2 <SI5351::freq(long, unsigned int, unsigned int) [clone .constprop.32]+0xe0>
    2dbe:	49 c1       	rjmp	.+658    	; 0x3052 <SI5351::freq(long, unsigned int, unsigned int) [clone .constprop.32]+0x380>
/home/jgalera/develop/arduino/usdx/usdx_plus_orange/src/driver/si5351.h:202
    else
      d = (32 * fxtal) / fout; // Integer part  .. maybe 44?
    2dc0:	60 91 cf 06 	lds	r22, 0x06CF	; 0x8006cf <si5351+0x13>
    2dc4:	70 91 d0 06 	lds	r23, 0x06D0	; 0x8006d0 <si5351+0x14>
    2dc8:	80 91 d1 06 	lds	r24, 0x06D1	; 0x8006d1 <si5351+0x15>
    2dcc:	90 91 d2 06 	lds	r25, 0x06D2	; 0x8006d2 <si5351+0x16>
    2dd0:	35 e0       	ldi	r19, 0x05	; 5
    2dd2:	66 0f       	add	r22, r22
    2dd4:	77 1f       	adc	r23, r23
    2dd6:	88 1f       	adc	r24, r24
    2dd8:	99 1f       	adc	r25, r25
    2dda:	3a 95       	dec	r19
    2ddc:	d1 f7       	brne	.-12     	; 0x2dd2 <SI5351::freq(long, unsigned int, unsigned int) [clone .constprop.32]+0x100>
    2dde:	a5 01       	movw	r20, r10
    2de0:	94 01       	movw	r18, r8
    2de2:	0e 94 b8 39 	call	0x7370	; 0x7370 <__udivmodsi4>
    2de6:	19 01       	movw	r2, r18
/home/jgalera/develop/arduino/usdx/usdx_plus_orange/src/driver/si5351.h:206
    if (fout < 3500000)
      d = (7 * fxtal) / fout; // PLL at 189MHz to cover 160m (freq>1.48MHz) when
                              // using 27MHz crystal
    if (fout > 140000000)
    2de8:	b1 e0       	ldi	r27, 0x01	; 1
    2dea:	8b 16       	cp	r8, r27
    2dec:	bb e3       	ldi	r27, 0x3B	; 59
    2dee:	9b 06       	cpc	r9, r27
    2df0:	b8 e5       	ldi	r27, 0x58	; 88
    2df2:	ab 06       	cpc	r10, r27
    2df4:	b8 e0       	ldi	r27, 0x08	; 8
    2df6:	bb 06       	cpc	r11, r27
    2df8:	0c f0       	brlt	.+2      	; 0x2dfc <SI5351::freq(long, unsigned int, unsigned int) [clone .constprop.32]+0x12a>
    2dfa:	31 c1       	rjmp	.+610    	; 0x305e <SI5351::freq(long, unsigned int, unsigned int) [clone .constprop.32]+0x38c>
/home/jgalera/develop/arduino/usdx/usdx_plus_orange/src/driver/si5351.h:208
      d = 4; // for f=140..300MHz; AN619; 4.1.3, this implies integer mode
    if (d % 2)
    2dfc:	20 fe       	sbrs	r2, 0
    2dfe:	03 c0       	rjmp	.+6      	; 0x2e06 <SI5351::freq(long, unsigned int, unsigned int) [clone .constprop.32]+0x134>
/home/jgalera/develop/arduino/usdx/usdx_plus_orange/src/driver/si5351.h:209
      d++; // even numbers preferred for divider (AN619 p.4 and p.6)
    2e00:	2f ef       	ldi	r18, 0xFF	; 255
    2e02:	22 1a       	sub	r2, r18
    2e04:	32 0a       	sbc	r3, r18
/home/jgalera/develop/arduino/usdx/usdx_plus_orange/src/driver/si5351.h:210
    if ((d * (fout - 5000) / fxtal) != (d * (fout + 5000) / fxtal))
    2e06:	d1 01       	movw	r26, r2
    2e08:	a5 01       	movw	r20, r10
    2e0a:	94 01       	movw	r18, r8
    2e0c:	28 58       	subi	r18, 0x88	; 136
    2e0e:	33 41       	sbci	r19, 0x13	; 19
    2e10:	41 09       	sbc	r20, r1
    2e12:	51 09       	sbc	r21, r1
    2e14:	0e 94 1d 3a 	call	0x743a	; 0x743a <__muluhisi3>
    2e18:	6b 01       	movw	r12, r22
    2e1a:	7c 01       	movw	r14, r24
    2e1c:	20 91 cf 06 	lds	r18, 0x06CF	; 0x8006cf <si5351+0x13>
    2e20:	30 91 d0 06 	lds	r19, 0x06D0	; 0x8006d0 <si5351+0x14>
    2e24:	40 91 d1 06 	lds	r20, 0x06D1	; 0x8006d1 <si5351+0x15>
    2e28:	50 91 d2 06 	lds	r21, 0x06D2	; 0x8006d2 <si5351+0x16>
    2e2c:	40 90 cf 06 	lds	r4, 0x06CF	; 0x8006cf <si5351+0x13>
    2e30:	50 90 d0 06 	lds	r5, 0x06D0	; 0x8006d0 <si5351+0x14>
    2e34:	60 90 d1 06 	lds	r6, 0x06D1	; 0x8006d1 <si5351+0x15>
    2e38:	70 90 d2 06 	lds	r7, 0x06D2	; 0x8006d2 <si5351+0x16>
    2e3c:	4c 82       	std	Y+4, r4	; 0x04
    2e3e:	5d 82       	std	Y+5, r5	; 0x05
    2e40:	6e 82       	std	Y+6, r6	; 0x06
    2e42:	7f 82       	std	Y+7, r7	; 0x07
    2e44:	0e 94 b8 39 	call	0x7370	; 0x7370 <__udivmodsi4>
    2e48:	29 01       	movw	r4, r18
    2e4a:	3a 01       	movw	r6, r20
    2e4c:	91 01       	movw	r18, r2
    2e4e:	a0 e1       	ldi	r26, 0x10	; 16
    2e50:	b7 e2       	ldi	r27, 0x27	; 39
    2e52:	0e 94 07 3a 	call	0x740e	; 0x740e <__umulhisi3>
    2e56:	6c 0d       	add	r22, r12
    2e58:	7d 1d       	adc	r23, r13
    2e5a:	8e 1d       	adc	r24, r14
    2e5c:	9f 1d       	adc	r25, r15
    2e5e:	2c 81       	ldd	r18, Y+4	; 0x04
    2e60:	3d 81       	ldd	r19, Y+5	; 0x05
    2e62:	4e 81       	ldd	r20, Y+6	; 0x06
    2e64:	5f 81       	ldd	r21, Y+7	; 0x07
    2e66:	0e 94 b8 39 	call	0x7370	; 0x7370 <__udivmodsi4>
    2e6a:	42 16       	cp	r4, r18
    2e6c:	53 06       	cpc	r5, r19
    2e6e:	64 06       	cpc	r6, r20
    2e70:	75 06       	cpc	r7, r21
    2e72:	19 f0       	breq	.+6      	; 0x2e7a <SI5351::freq(long, unsigned int, unsigned int) [clone .constprop.32]+0x1a8>
/home/jgalera/develop/arduino/usdx/usdx_plus_orange/src/driver/si5351.h:211
      d += 2; // Test if multiplier remains same for freq deviation +/- 5kHz, if
    2e74:	22 e0       	ldi	r18, 0x02	; 2
    2e76:	22 0e       	add	r2, r18
    2e78:	31 1c       	adc	r3, r1
/home/jgalera/develop/arduino/usdx/usdx_plus_orange/src/driver/si5351.h:213
              // not use different divider to make same
    uint32_t fvcoa = d * fout; // Variable PLLA VCO frequency at integer
    2e7a:	d1 01       	movw	r26, r2
    2e7c:	a5 01       	movw	r20, r10
    2e7e:	94 01       	movw	r18, r8
    2e80:	0e 94 1d 3a 	call	0x743a	; 0x743a <__muluhisi3>
    2e84:	2b 01       	movw	r4, r22
    2e86:	3c 01       	movw	r6, r24
/home/jgalera/develop/arduino/usdx/usdx_plus_orange/src/driver/si5351.h:215
                               // multiple of fout at around 27MHz*16 = 432MHz
    ms(MSNA, fvcoa, fxtal);    // PLLA in fractional mode
    2e88:	00 91 cf 06 	lds	r16, 0x06CF	; 0x8006cf <si5351+0x13>
    2e8c:	10 91 d0 06 	lds	r17, 0x06D0	; 0x8006d0 <si5351+0x14>
    2e90:	20 91 d1 06 	lds	r18, 0x06D1	; 0x8006d1 <si5351+0x15>
    2e94:	30 91 d2 06 	lds	r19, 0x06D2	; 0x8006d2 <si5351+0x16>
    2e98:	c1 2c       	mov	r12, r1
    2e9a:	f1 2c       	mov	r15, r1
    2e9c:	e1 2c       	mov	r14, r1
    2e9e:	bc 01       	movw	r22, r24
    2ea0:	a2 01       	movw	r20, r4
    2ea2:	8e ef       	ldi	r24, 0xFE	; 254
    2ea4:	0e 94 7b 15 	call	0x2af6	; 0x2af6 <SI5351::ms(signed char, unsigned long, unsigned long, unsigned char, unsigned char, unsigned int, unsigned char) [clone .constprop.33]>
/home/jgalera/develop/arduino/usdx/usdx_plus_orange/src/driver/si5351.h:217
    // ms(MSNB, fvcoa, fxtal);
    ms(MS0, fvcoa, fout, PLLA, 0, i,
    2ea8:	c8 84       	ldd	r12, Y+8	; 0x08
    2eaa:	e9 84       	ldd	r14, Y+9	; 0x09
    2eac:	fa 80       	ldd	r15, Y+2	; 0x02
    2eae:	95 01       	movw	r18, r10
    2eb0:	84 01       	movw	r16, r8
    2eb2:	b3 01       	movw	r22, r6
    2eb4:	a2 01       	movw	r20, r4
    2eb6:	80 e0       	ldi	r24, 0x00	; 0
    2eb8:	0e 94 7b 15 	call	0x2af6	; 0x2af6 <SI5351::ms(signed char, unsigned long, unsigned long, unsigned char, unsigned char, unsigned int, unsigned char) [clone .constprop.33]>
/home/jgalera/develop/arduino/usdx/usdx_plus_orange/src/driver/si5351.h:220
       rdiv); // Multisynth stage with integer divider but in frac mode due to
              // phase setting
    ms(MS1, fvcoa, fout, PLLA, 0, q, rdiv);
    2ebc:	c8 84       	ldd	r12, Y+8	; 0x08
    2ebe:	e9 80       	ldd	r14, Y+1	; 0x01
    2ec0:	fb 80       	ldd	r15, Y+3	; 0x03
    2ec2:	95 01       	movw	r18, r10
    2ec4:	b3 01       	movw	r22, r6
    2ec6:	a2 01       	movw	r20, r4
    2ec8:	81 e0       	ldi	r24, 0x01	; 1
    2eca:	0e 94 7b 15 	call	0x2af6	; 0x2af6 <SI5351::ms(signed char, unsigned long, unsigned long, unsigned char, unsigned char, unsigned int, unsigned char) [clone .constprop.33]>
/home/jgalera/develop/arduino/usdx/usdx_plus_orange/src/driver/si5351.h:224
#ifdef F_CLK2
    freqb(F_CLK2);
#else
    ms(MS2, fvcoa, fout, PLLA, 0, 0, rdiv);
    2ece:	c8 84       	ldd	r12, Y+8	; 0x08
    2ed0:	f1 2c       	mov	r15, r1
    2ed2:	e1 2c       	mov	r14, r1
    2ed4:	95 01       	movw	r18, r10
    2ed6:	b3 01       	movw	r22, r6
    2ed8:	a2 01       	movw	r20, r4
    2eda:	82 e0       	ldi	r24, 0x02	; 2
    2edc:	0e 94 7b 15 	call	0x2af6	; 0x2af6 <SI5351::ms(signed char, unsigned long, unsigned long, unsigned char, unsigned char, unsigned int, unsigned char) [clone .constprop.33]>
/home/jgalera/develop/arduino/usdx/usdx_plus_orange/src/driver/si5351.h:226
#endif
    if (iqmsa != (((int8_t)i - (int8_t)q) * ((int16_t)(fvcoa / fout)) / 90)) {
    2ee0:	69 85       	ldd	r22, Y+9	; 0x09
    2ee2:	06 2e       	mov	r0, r22
    2ee4:	00 0c       	add	r0, r0
    2ee6:	77 0b       	sbc	r23, r23
    2ee8:	89 81       	ldd	r24, Y+1	; 0x01
    2eea:	68 1b       	sub	r22, r24
    2eec:	71 09       	sbc	r23, r1
    2eee:	87 fd       	sbrc	r24, 7
    2ef0:	73 95       	inc	r23
    2ef2:	7d 83       	std	Y+5, r23	; 0x05
    2ef4:	6c 83       	std	Y+4, r22	; 0x04
    2ef6:	c3 01       	movw	r24, r6
    2ef8:	b2 01       	movw	r22, r4
    2efa:	a5 01       	movw	r20, r10
    2efc:	94 01       	movw	r18, r8
    2efe:	0e 94 b8 39 	call	0x7370	; 0x7370 <__udivmodsi4>
    2f02:	ac 81       	ldd	r26, Y+4	; 0x04
    2f04:	bd 81       	ldd	r27, Y+5	; 0x05
    2f06:	a2 9f       	mul	r26, r18
    2f08:	c0 01       	movw	r24, r0
    2f0a:	a3 9f       	mul	r26, r19
    2f0c:	90 0d       	add	r25, r0
    2f0e:	b2 9f       	mul	r27, r18
    2f10:	90 0d       	add	r25, r0
    2f12:	11 24       	eor	r1, r1
    2f14:	6a e5       	ldi	r22, 0x5A	; 90
    2f16:	70 e0       	ldi	r23, 0x00	; 0
    2f18:	0e 94 a4 39 	call	0x7348	; 0x7348 <__divmodhi4>
    2f1c:	80 91 d3 06 	lds	r24, 0x06D3	; 0x8006d3 <si5351+0x17>
    2f20:	90 91 d4 06 	lds	r25, 0x06D4	; 0x8006d4 <si5351+0x18>
    2f24:	86 17       	cp	r24, r22
    2f26:	97 07       	cpc	r25, r23
    2f28:	41 f0       	breq	.+16     	; 0x2f3a <SI5351::freq(long, unsigned int, unsigned int) [clone .constprop.32]+0x268>
/home/jgalera/develop/arduino/usdx/usdx_plus_orange/src/driver/si5351.h:227
      iqmsa = ((int8_t)i - (int8_t)q) * ((int16_t)(fvcoa / fout)) / 90;
    2f2a:	70 93 d4 06 	sts	0x06D4, r23	; 0x8006d4 <si5351+0x18>
    2f2e:	60 93 d3 06 	sts	0x06D3, r22	; 0x8006d3 <si5351+0x17>
_ZN6SI53515resetEv.isra.4():
/home/jgalera/develop/arduino/usdx/usdx_plus_orange/src/driver/si5351.h:180
  void phase(int8_t n, uint32_t div_nom, uint32_t div_denom, uint16_t phase) {
    SendRegister(n + 165, phase * (div_nom / div_denom) / 90);
  } // when using: make sure to configure MS in fractional-mode!, perform reset
    // afterwards

  void reset() { SendRegister(177, 0xA0); } // 0x20 reset PLLA; 0x80 reset PLLB
    2f32:	60 ea       	ldi	r22, 0xA0	; 160
    2f34:	81 eb       	ldi	r24, 0xB1	; 177
    2f36:	0e 94 99 13 	call	0x2732	; 0x2732 <SI5351::SendRegister(unsigned char, unsigned char) [clone .isra.3]>
_ZN6SI53512oeEh.isra.5():
/home/jgalera/develop/arduino/usdx/usdx_plus_orange/src/driver/si5351.h:183

  void oe(uint8_t mask) {
    SendRegister(3, ~mask);
    2f3a:	6c ef       	ldi	r22, 0xFC	; 252
    2f3c:	83 e0       	ldi	r24, 0x03	; 3
    2f3e:	0e 94 99 13 	call	0x2732	; 0x2732 <SI5351::SendRegister(unsigned char, unsigned char) [clone .isra.3]>
_ZN6SI53514freqEljj.constprop.32():
/home/jgalera/develop/arduino/usdx/usdx_plus_orange/src/driver/si5351.h:248
        F_DEV); // Td = 1/(4 * Fdev) phase-shift
                // https://tj-lab.org/2020/08/27/si5351%e5%8d%98%e4%bd%93%e3%81%a73mhz%e4%bb%a5%e4%b8%8b%e3%81%ae%e7%9b%b4%e4%ba%a4%e4%bf%a1%e5%8f%b7%e3%82%92%e5%87%ba%e5%8a%9b%e3%81%99%e3%82%8b/
    ms(MS1, fvcoa, fout, PLLA, 0, 0, rdiv);
    oe(0b00000011); // output enable CLK0, CLK1
#endif
    _fout = fout; // cache
    2f42:	80 92 bc 06 	sts	0x06BC, r8	; 0x8006bc <si5351>
    2f46:	90 92 bd 06 	sts	0x06BD, r9	; 0x8006bd <si5351+0x1>
    2f4a:	a0 92 be 06 	sts	0x06BE, r10	; 0x8006be <si5351+0x2>
    2f4e:	b0 92 bf 06 	sts	0x06BF, r11	; 0x8006bf <si5351+0x3>
/home/jgalera/develop/arduino/usdx/usdx_plus_orange/src/driver/si5351.h:249
    _div = d;
    2f52:	20 92 c0 06 	sts	0x06C0, r2	; 0x8006c0 <si5351+0x4>
/home/jgalera/develop/arduino/usdx/usdx_plus_orange/src/driver/si5351.h:250
    _msa128min512 = fvcoa / fxtal * 128 - 512;
    2f56:	20 91 cf 06 	lds	r18, 0x06CF	; 0x8006cf <si5351+0x13>
    2f5a:	30 91 d0 06 	lds	r19, 0x06D0	; 0x8006d0 <si5351+0x14>
    2f5e:	40 91 d1 06 	lds	r20, 0x06D1	; 0x8006d1 <si5351+0x15>
    2f62:	50 91 d2 06 	lds	r21, 0x06D2	; 0x8006d2 <si5351+0x16>
    2f66:	c3 01       	movw	r24, r6
    2f68:	b2 01       	movw	r22, r4
    2f6a:	0e 94 b8 39 	call	0x7370	; 0x7370 <__udivmodsi4>
    2f6e:	24 50       	subi	r18, 0x04	; 4
    2f70:	31 09       	sbc	r19, r1
    2f72:	41 09       	sbc	r20, r1
    2f74:	5e 4f       	sbci	r21, 0xFE	; 254
    2f76:	36 95       	lsr	r19
    2f78:	32 2f       	mov	r19, r18
    2f7a:	22 27       	eor	r18, r18
    2f7c:	37 95       	ror	r19
    2f7e:	27 95       	ror	r18
    2f80:	30 93 c2 06 	sts	0x06C2, r19	; 0x8006c2 <si5351+0x6>
    2f84:	20 93 c1 06 	sts	0x06C1, r18	; 0x8006c1 <si5351+0x5>
/home/jgalera/develop/arduino/usdx/usdx_plus_orange/src/driver/si5351.h:251
    _msb128 = ((uint64_t)(fvcoa % fxtal) * _MSC * 128) / fxtal;
    2f88:	20 91 cf 06 	lds	r18, 0x06CF	; 0x8006cf <si5351+0x13>
    2f8c:	30 91 d0 06 	lds	r19, 0x06D0	; 0x8006d0 <si5351+0x14>
    2f90:	40 91 d1 06 	lds	r20, 0x06D1	; 0x8006d1 <si5351+0x15>
    2f94:	50 91 d2 06 	lds	r21, 0x06D2	; 0x8006d2 <si5351+0x16>
    2f98:	c0 90 cf 06 	lds	r12, 0x06CF	; 0x8006cf <si5351+0x13>
    2f9c:	d0 90 d0 06 	lds	r13, 0x06D0	; 0x8006d0 <si5351+0x14>
    2fa0:	e0 90 d1 06 	lds	r14, 0x06D1	; 0x8006d1 <si5351+0x15>
    2fa4:	f0 90 d2 06 	lds	r15, 0x06D2	; 0x8006d2 <si5351+0x16>
    2fa8:	c3 01       	movw	r24, r6
    2faa:	b2 01       	movw	r22, r4
    2fac:	0e 94 b8 39 	call	0x7370	; 0x7370 <__udivmodsi4>
    2fb0:	2b 01       	movw	r4, r22
    2fb2:	3c 01       	movw	r6, r24
    2fb4:	81 2c       	mov	r8, r1
    2fb6:	91 2c       	mov	r9, r1
    2fb8:	54 01       	movw	r10, r8
    2fba:	69 87       	std	Y+9, r22	; 0x09
    2fbc:	5a 86       	std	Y+10, r5	; 0x0a
    2fbe:	8b 87       	std	Y+11, r24	; 0x0b
    2fc0:	7c 86       	std	Y+12, r7	; 0x0c
    2fc2:	8d 86       	std	Y+13, r8	; 0x0d
    2fc4:	9e 86       	std	Y+14, r9	; 0x0e
    2fc6:	af 86       	std	Y+15, r10	; 0x0f
    2fc8:	b8 8a       	std	Y+16, r11	; 0x10
    2fca:	9b 01       	movw	r18, r22
    2fcc:	ac 01       	movw	r20, r24
    2fce:	60 e0       	ldi	r22, 0x00	; 0
    2fd0:	70 e0       	ldi	r23, 0x00	; 0
    2fd2:	80 e0       	ldi	r24, 0x00	; 0
    2fd4:	90 e0       	ldi	r25, 0x00	; 0
    2fd6:	07 e1       	ldi	r16, 0x17	; 23
    2fd8:	0e 94 d0 3a 	call	0x75a0	; 0x75a0 <__ashldi3>
    2fdc:	2a 83       	std	Y+2, r18	; 0x02
    2fde:	39 83       	std	Y+1, r19	; 0x01
    2fe0:	56 01       	movw	r10, r12
    2fe2:	67 01       	movw	r12, r14
    2fe4:	e1 2c       	mov	r14, r1
    2fe6:	f1 2c       	mov	r15, r1
    2fe8:	00 e0       	ldi	r16, 0x00	; 0
    2fea:	10 e0       	ldi	r17, 0x00	; 0
    2fec:	2a 81       	ldd	r18, Y+2	; 0x02
    2fee:	39 81       	ldd	r19, Y+1	; 0x01
    2ff0:	0e 94 63 3a 	call	0x74c6	; 0x74c6 <__udivdi3>
    2ff4:	c9 01       	movw	r24, r18
    2ff6:	da 01       	movw	r26, r20
    2ff8:	80 93 c3 06 	sts	0x06C3, r24	; 0x8006c3 <si5351+0x7>
    2ffc:	90 93 c4 06 	sts	0x06C4, r25	; 0x8006c4 <si5351+0x8>
    3000:	a0 93 c5 06 	sts	0x06C5, r26	; 0x8006c5 <si5351+0x9>
    3004:	b0 93 c6 06 	sts	0x06C6, r27	; 0x8006c6 <si5351+0xa>
/home/jgalera/develop/arduino/usdx/usdx_plus_orange/src/driver/si5351.h:253
    //_mod = fvcoa % fxtal;
  }
    3008:	60 96       	adiw	r28, 0x10	; 16
    300a:	0f b6       	in	r0, 0x3f	; 63
    300c:	f8 94       	cli
    300e:	de bf       	out	0x3e, r29	; 62
    3010:	0f be       	out	0x3f, r0	; 63
    3012:	cd bf       	out	0x3d, r28	; 61
    3014:	df 91       	pop	r29
    3016:	cf 91       	pop	r28
    3018:	1f 91       	pop	r17
    301a:	0f 91       	pop	r16
    301c:	ff 90       	pop	r15
    301e:	ef 90       	pop	r14
    3020:	df 90       	pop	r13
    3022:	cf 90       	pop	r12
    3024:	bf 90       	pop	r11
    3026:	af 90       	pop	r10
    3028:	9f 90       	pop	r9
    302a:	8f 90       	pop	r8
    302c:	7f 90       	pop	r7
    302e:	6f 90       	pop	r6
    3030:	5f 90       	pop	r5
    3032:	4f 90       	pop	r4
    3034:	3f 90       	pop	r3
    3036:	2f 90       	pop	r2
    3038:	08 95       	ret
/home/jgalera/develop/arduino/usdx/usdx_plus_orange/src/driver/si5351.h:204
    if (fout < 30000000)
      d = (16 * fxtal) / fout;
    else
      d = (32 * fxtal) / fout; // Integer part  .. maybe 44?
    if (fout < 3500000)
      d = (7 * fxtal) / fout; // PLL at 189MHz to cover 160m (freq>1.48MHz) when
    303a:	20 91 cf 06 	lds	r18, 0x06CF	; 0x8006cf <si5351+0x13>
    303e:	30 91 d0 06 	lds	r19, 0x06D0	; 0x8006d0 <si5351+0x14>
    3042:	40 91 d1 06 	lds	r20, 0x06D1	; 0x8006d1 <si5351+0x15>
    3046:	50 91 d2 06 	lds	r21, 0x06D2	; 0x8006d2 <si5351+0x16>
    304a:	a7 e0       	ldi	r26, 0x07	; 7
    304c:	b0 e0       	ldi	r27, 0x00	; 0
    304e:	0e 94 1d 3a 	call	0x743a	; 0x743a <__muluhisi3>
/home/jgalera/develop/arduino/usdx/usdx_plus_orange/src/driver/si5351.h:200
      rdiv = 7;
      fout *= 128;
    } // Divide by 128 for fout 4..500kHz
    uint16_t d;
    if (fout < 30000000)
      d = (16 * fxtal) / fout;
    3052:	a5 01       	movw	r20, r10
    3054:	94 01       	movw	r18, r8
    3056:	0e 94 b8 39 	call	0x7370	; 0x7370 <__udivmodsi4>
    305a:	19 01       	movw	r2, r18
    305c:	cf ce       	rjmp	.-610    	; 0x2dfc <SI5351::freq(long, unsigned int, unsigned int) [clone .constprop.32]+0x12a>
/home/jgalera/develop/arduino/usdx/usdx_plus_orange/src/driver/si5351.h:207
      d = (32 * fxtal) / fout; // Integer part  .. maybe 44?
    if (fout < 3500000)
      d = (7 * fxtal) / fout; // PLL at 189MHz to cover 160m (freq>1.48MHz) when
                              // using 27MHz crystal
    if (fout > 140000000)
      d = 4; // for f=140..300MHz; AN619; 4.1.3, this implies integer mode
    305e:	94 e0       	ldi	r25, 0x04	; 4
    3060:	29 2e       	mov	r2, r25
    3062:	31 2c       	mov	r3, r1
    3064:	cb ce       	rjmp	.-618    	; 0x2dfc <SI5351::freq(long, unsigned int, unsigned int) [clone .constprop.32]+0x12a>

00003066 <SI5351::powerDown() [clone .isra.10]>:
_ZN6SI53519powerDownEv.isra.7():
/home/jgalera/develop/arduino/usdx/usdx_plus_orange/src/driver/si5351.h:277
    i2c.SendByte((SI5351_ADDR << 1) | 1);
    uint8_t data = i2c.RecvByte(true);
    i2c.stop();
    return data;
  }
  void powerDown() {
    3066:	cf 93       	push	r28
/home/jgalera/develop/arduino/usdx/usdx_plus_orange/src/driver/si5351.h:278
    SendRegister(3, 0b11111111); // Disable all CLK outputs
    3068:	6f ef       	ldi	r22, 0xFF	; 255
    306a:	83 e0       	ldi	r24, 0x03	; 3
    306c:	0e 94 99 13 	call	0x2732	; 0x2732 <SI5351::SendRegister(unsigned char, unsigned char) [clone .isra.3]>
/home/jgalera/develop/arduino/usdx/usdx_plus_orange/src/driver/si5351.h:279
    SendRegister(
    3070:	60 e1       	ldi	r22, 0x10	; 16
    3072:	88 e1       	ldi	r24, 0x18	; 24
    3074:	0e 94 99 13 	call	0x2732	; 0x2732 <SI5351::SendRegister(unsigned char, unsigned char) [clone .isra.3]>
/home/jgalera/develop/arduino/usdx/usdx_plus_orange/src/driver/si5351.h:290
                     // 0v whilst it was disabled, suddenly generating a 5vpp
                     // waveform, which is “added to” the 0v filtered PWM output
                     // and causing the output fets to be driven with the full
                     // 5v pp.", see:
                     // https://forum.dl2man.de/viewtopic.php?t=146&p=1307#p1307
    SendRegister(25, 0b00000000); // Disable state: LOW state when disabled
    3078:	60 e0       	ldi	r22, 0x00	; 0
    307a:	89 e1       	ldi	r24, 0x19	; 25
    307c:	0e 94 99 13 	call	0x2732	; 0x2732 <SI5351::SendRegister(unsigned char, unsigned char) [clone .isra.3]>
    3080:	c0 e1       	ldi	r28, 0x10	; 16
/home/jgalera/develop/arduino/usdx/usdx_plus_orange/src/driver/si5351.h:292
    for (int addr = 16; addr != 24; addr++)
      SendRegister(addr, 0b10000000); // Conserve power when output is disabled
    3082:	60 e8       	ldi	r22, 0x80	; 128
    3084:	8c 2f       	mov	r24, r28
    3086:	0e 94 99 13 	call	0x2732	; 0x2732 <SI5351::SendRegister(unsigned char, unsigned char) [clone .isra.3]>
    308a:	cf 5f       	subi	r28, 0xFF	; 255
/home/jgalera/develop/arduino/usdx/usdx_plus_orange/src/driver/si5351.h:291
                     // waveform, which is “added to” the 0v filtered PWM output
                     // and causing the output fets to be driven with the full
                     // 5v pp.", see:
                     // https://forum.dl2man.de/viewtopic.php?t=146&p=1307#p1307
    SendRegister(25, 0b00000000); // Disable state: LOW state when disabled
    for (int addr = 16; addr != 24; addr++)
    308c:	c8 31       	cpi	r28, 0x18	; 24
    308e:	c9 f7       	brne	.-14     	; 0x3082 <SI5351::powerDown() [clone .isra.10]+0x1c>
/home/jgalera/develop/arduino/usdx/usdx_plus_orange/src/driver/si5351.h:293
      SendRegister(addr, 0b10000000); // Conserve power when output is disabled
    SendRegister(187, 0);             // Disable fanout (power-safe)
    3090:	60 e0       	ldi	r22, 0x00	; 0
    3092:	8b eb       	ldi	r24, 0xBB	; 187
    3094:	0e 94 99 13 	call	0x2732	; 0x2732 <SI5351::SendRegister(unsigned char, unsigned char) [clone .isra.3]>
/home/jgalera/develop/arduino/usdx/usdx_plus_orange/src/driver/si5351.h:295
    // To initialise things as they should:
    SendRegister(149, 0);          // Disable spread spectrum enable
    3098:	60 e0       	ldi	r22, 0x00	; 0
    309a:	85 e9       	ldi	r24, 0x95	; 149
    309c:	0e 94 99 13 	call	0x2732	; 0x2732 <SI5351::SendRegister(unsigned char, unsigned char) [clone .isra.3]>
/home/jgalera/develop/arduino/usdx/usdx_plus_orange/src/driver/si5351.h:296
    SendRegister(183, 0b11010010); // Internal CL = 10 pF (default)
    30a0:	62 ed       	ldi	r22, 0xD2	; 210
    30a2:	87 eb       	ldi	r24, 0xB7	; 183
/home/jgalera/develop/arduino/usdx/usdx_plus_orange/src/driver/si5351.h:297
  }
    30a4:	cf 91       	pop	r28
/home/jgalera/develop/arduino/usdx/usdx_plus_orange/src/driver/si5351.h:296
    for (int addr = 16; addr != 24; addr++)
      SendRegister(addr, 0b10000000); // Conserve power when output is disabled
    SendRegister(187, 0);             // Disable fanout (power-safe)
    // To initialise things as they should:
    SendRegister(149, 0);          // Disable spread spectrum enable
    SendRegister(183, 0b11010010); // Internal CL = 10 pF (default)
    30a6:	0c 94 99 13 	jmp	0x2732	; 0x2732 <SI5351::SendRegister(unsigned char, unsigned char) [clone .isra.3]>

000030aa <LCD::post() [clone .isra.1] [clone .lto_priv.47]>:
_ZN3LCD4postEv.isra.1.lto_priv.47():
/home/jgalera/develop/arduino/usdx/usdx_plus_orange/src/driver/display.h:110
    UCSR0B &= ~((1 << RXEN0) | (1 << TXEN0));
#endif
    noInterrupts();
  }
  void post() {
    if (backlight)
    30aa:	80 91 65 01 	lds	r24, 0x0165	; 0x800165 <backlight>
    30ae:	88 23       	and	r24, r24
    30b0:	81 f0       	breq	.+32     	; 0x30d2 <LCD::post() [clone .isra.1] [clone .lto_priv.47]+0x28>
/home/jgalera/develop/arduino/usdx/usdx_plus_orange/src/driver/display.h:111
      PORTD |= 0x08;
    30b2:	5b 9a       	sbi	0x0b, 3	; 11
/home/jgalera/develop/arduino/usdx/usdx_plus_orange/src/driver/display.h:115
    else
      PORTD &= ~0x08;
#ifdef _SERIAL
    UCSR0B |= (1 << RXEN0) | (1 << TXEN0);
    30b4:	80 91 c1 00 	lds	r24, 0x00C1	; 0x8000c1 <__DATA_REGION_ORIGIN__+0x61>
    30b8:	88 61       	ori	r24, 0x18	; 24
    30ba:	80 93 c1 00 	sts	0x00C1, r24	; 0x8000c1 <__DATA_REGION_ORIGIN__+0x61>
/home/jgalera/develop/arduino/usdx/usdx_plus_orange/src/driver/display.h:116
    if (!vox)
    30be:	80 91 0d 06 	lds	r24, 0x060D	; 0x80060d <vox>
    30c2:	81 11       	cpse	r24, r1
    30c4:	04 c0       	rjmp	.+8      	; 0x30ce <LCD::post() [clone .isra.1] [clone .lto_priv.47]+0x24>
/home/jgalera/develop/arduino/usdx/usdx_plus_orange/src/driver/display.h:117
      if (cat_active) {
    30c6:	80 91 c1 05 	lds	r24, 0x05C1	; 0x8005c1 <cat_active>
    30ca:	81 11       	cpse	r24, r1
/home/jgalera/develop/arduino/usdx/usdx_plus_orange/src/driver/display.h:118
        PORTC &= ~(1 << 2);
    30cc:	42 98       	cbi	0x08, 2	; 8
/home/jgalera/develop/arduino/usdx/usdx_plus_orange/src/driver/display.h:121
      }
#endif
    interrupts();
    30ce:	78 94       	sei
/home/jgalera/develop/arduino/usdx/usdx_plus_orange/src/driver/display.h:122
  }
    30d0:	08 95       	ret
/home/jgalera/develop/arduino/usdx/usdx_plus_orange/src/driver/display.h:113
  }
  void post() {
    if (backlight)
      PORTD |= 0x08;
    else
      PORTD &= ~0x08;
    30d2:	5b 98       	cbi	0x0b, 3	; 11
    30d4:	ef cf       	rjmp	.-34     	; 0x30b4 <LCD::post() [clone .isra.1] [clone .lto_priv.47]+0xa>

000030d6 <LCD::nib(unsigned char) [clone .isra.10]>:
_ZN3LCD3nibEh.isra.10():
/home/jgalera/develop/arduino/usdx/usdx_plus_orange/src/driver/display.h:155
    post();
    delayMicroseconds(60);
    return 1;
  }
#else
  void nib(uint8_t b) {
    30d6:	cf 93       	push	r28
    30d8:	c8 2f       	mov	r28, r24
/home/jgalera/develop/arduino/usdx/usdx_plus_orange/src/driver/display.h:156
    pre();
    30da:	0e 94 4f 13 	call	0x269e	; 0x269e <LCD::pre() [clone .isra.9]>
/home/jgalera/develop/arduino/usdx/usdx_plus_orange/src/driver/display.h:157
    PORTD = LCD_PREP_NIBBLE(b);
    30de:	8b b1       	in	r24, 0x0b	; 11
    30e0:	80 7f       	andi	r24, 0xF0	; 240
    30e2:	80 61       	ori	r24, 0x10	; 16
    30e4:	8c 2b       	or	r24, r28
    30e6:	8b b9       	out	0x0b, r24	; 11
/home/jgalera/develop/arduino/usdx/usdx_plus_orange/src/driver/display.h:158
    delayMicroseconds(4);
    30e8:	84 e0       	ldi	r24, 0x04	; 4
    30ea:	90 e0       	ldi	r25, 0x00	; 0
    30ec:	0e 94 e0 03 	call	0x7c0	; 0x7c0 <delayMicroseconds>
/home/jgalera/develop/arduino/usdx/usdx_plus_orange/src/driver/display.h:159
    LCD_EN_LO();
    30f0:	5c 98       	cbi	0x0b, 4	; 11
/home/jgalera/develop/arduino/usdx/usdx_plus_orange/src/driver/display.h:160
    post();
    30f2:	0e 94 55 18 	call	0x30aa	; 0x30aa <LCD::post() [clone .isra.1] [clone .lto_priv.47]>
/home/jgalera/develop/arduino/usdx/usdx_plus_orange/src/driver/display.h:161
    delayMicroseconds(60);
    30f6:	8c e3       	ldi	r24, 0x3C	; 60
    30f8:	90 e0       	ldi	r25, 0x00	; 0
/home/jgalera/develop/arduino/usdx/usdx_plus_orange/src/driver/display.h:162
  }
    30fa:	cf 91       	pop	r28
/home/jgalera/develop/arduino/usdx/usdx_plus_orange/src/driver/display.h:161
    pre();
    PORTD = LCD_PREP_NIBBLE(b);
    delayMicroseconds(4);
    LCD_EN_LO();
    post();
    delayMicroseconds(60);
    30fc:	0c 94 e0 03 	jmp	0x7c0	; 0x7c0 <delayMicroseconds>

00003100 <LCD::cmd(unsigned char) [clone .isra.11]>:
_ZN3LCD3cmdEh.isra.11():
/home/jgalera/develop/arduino/usdx/usdx_plus_orange/src/driver/display.h:163
  }
  void cmd(uint8_t b) {
    3100:	cf 93       	push	r28
    3102:	c8 2f       	mov	r28, r24
/home/jgalera/develop/arduino/usdx/usdx_plus_orange/src/driver/display.h:164
    nib(b >> 4);
    3104:	82 95       	swap	r24
    3106:	8f 70       	andi	r24, 0x0F	; 15
    3108:	0e 94 6b 18 	call	0x30d6	; 0x30d6 <LCD::nib(unsigned char) [clone .isra.10]>
/home/jgalera/develop/arduino/usdx/usdx_plus_orange/src/driver/display.h:165
    nib(b & 0xf);
    310c:	8c 2f       	mov	r24, r28
    310e:	8f 70       	andi	r24, 0x0F	; 15
/home/jgalera/develop/arduino/usdx/usdx_plus_orange/src/driver/display.h:166
  }
    3110:	cf 91       	pop	r28
/home/jgalera/develop/arduino/usdx/usdx_plus_orange/src/driver/display.h:165
    post();
    delayMicroseconds(60);
  }
  void cmd(uint8_t b) {
    nib(b >> 4);
    nib(b & 0xf);
    3112:	0c 94 6b 18 	jmp	0x30d6	; 0x30d6 <LCD::nib(unsigned char) [clone .isra.10]>

00003116 <LCD::write(unsigned char)>:
_ZN3LCD5writeEh():
/home/jgalera/develop/arduino/usdx/usdx_plus_orange/src/driver/display.h:167
  }
  size_t write(uint8_t b) {
    3116:	cf 93       	push	r28
    3118:	c6 2f       	mov	r28, r22
/home/jgalera/develop/arduino/usdx/usdx_plus_orange/src/driver/display.h:168
    pre();
    311a:	0e 94 4f 13 	call	0x269e	; 0x269e <LCD::pre() [clone .isra.9]>
/home/jgalera/develop/arduino/usdx/usdx_plus_orange/src/driver/display.h:169
    uint8_t nibh = LCD_PREP_NIBBLE(b >> 4);
    311e:	8b b1       	in	r24, 0x0b	; 11
    3120:	80 7f       	andi	r24, 0xF0	; 240
    3122:	80 61       	ori	r24, 0x10	; 16
    3124:	9c 2f       	mov	r25, r28
    3126:	92 95       	swap	r25
    3128:	9f 70       	andi	r25, 0x0F	; 15
    312a:	89 2b       	or	r24, r25
/home/jgalera/develop/arduino/usdx/usdx_plus_orange/src/driver/display.h:170
    PORTD = nibh;
    312c:	8b b9       	out	0x0b, r24	; 11
/home/jgalera/develop/arduino/usdx/usdx_plus_orange/src/driver/display.h:171
    uint8_t nibl = LCD_PREP_NIBBLE(b & 0xf);
    312e:	6b b1       	in	r22, 0x0b	; 11
    3130:	60 7f       	andi	r22, 0xF0	; 240
    3132:	60 61       	ori	r22, 0x10	; 16
    3134:	cf 70       	andi	r28, 0x0F	; 15
    3136:	6c 2b       	or	r22, r28
/home/jgalera/develop/arduino/usdx/usdx_plus_orange/src/driver/display.h:172
    LCD_RS_HI();
    3138:	3c 98       	cbi	0x07, 4	; 7
    313a:	00 00       	nop
/home/jgalera/develop/arduino/usdx/usdx_plus_orange/src/driver/display.h:173
    LCD_EN_LO();
    313c:	5c 98       	cbi	0x0b, 4	; 11
/home/jgalera/develop/arduino/usdx/usdx_plus_orange/src/driver/display.h:174
    PORTD = nibl;
    313e:	6b b9       	out	0x0b, r22	; 11
/home/jgalera/develop/arduino/usdx/usdx_plus_orange/src/driver/display.h:175
    LCD_RS_LO();
    3140:	3c 9a       	sbi	0x07, 4	; 7
/home/jgalera/develop/arduino/usdx/usdx_plus_orange/src/driver/display.h:176
    LCD_RS_HI();
    3142:	3c 98       	cbi	0x07, 4	; 7
    3144:	00 00       	nop
/home/jgalera/develop/arduino/usdx/usdx_plus_orange/src/driver/display.h:177
    LCD_EN_LO();
    3146:	5c 98       	cbi	0x0b, 4	; 11
/home/jgalera/develop/arduino/usdx/usdx_plus_orange/src/driver/display.h:178
    LCD_RS_LO();
    3148:	3c 9a       	sbi	0x07, 4	; 7
/home/jgalera/develop/arduino/usdx/usdx_plus_orange/src/driver/display.h:179
    post();
    314a:	0e 94 55 18 	call	0x30aa	; 0x30aa <LCD::post() [clone .isra.1] [clone .lto_priv.47]>
/home/jgalera/develop/arduino/usdx/usdx_plus_orange/src/driver/display.h:180
    delayMicroseconds(60);
    314e:	8c e3       	ldi	r24, 0x3C	; 60
    3150:	90 e0       	ldi	r25, 0x00	; 0
    3152:	0e 94 e0 03 	call	0x7c0	; 0x7c0 <delayMicroseconds>
/home/jgalera/develop/arduino/usdx/usdx_plus_orange/src/driver/display.h:182
    return 1;
  }
    3156:	81 e0       	ldi	r24, 0x01	; 1
    3158:	90 e0       	ldi	r25, 0x00	; 0
    315a:	cf 91       	pop	r28
    315c:	08 95       	ret

0000315e <Print::print(__FlashStringHelper const*) [clone .constprop.29]>:
_ZN5Print5printEPK19__FlashStringHelper.constprop.29():
/home/jgalera/.arduino15/packages/MiniCore/hardware/avr/3.1.1/cores/MCUdude_corefiles/Print.cpp:44

size_t Print::print(const __FlashStringHelper *ifsh)
    315e:	0f 93       	push	r16
    3160:	1f 93       	push	r17
    3162:	cf 93       	push	r28
    3164:	df 93       	push	r29
    3166:	8c 01       	movw	r16, r24
/home/jgalera/.arduino15/packages/MiniCore/hardware/avr/3.1.1/cores/MCUdude_corefiles/Print.cpp:47
{
  PGM_P p = reinterpret_cast<PGM_P>(ifsh);
  size_t n = 0;
    3168:	d0 e0       	ldi	r29, 0x00	; 0
    316a:	c0 e0       	ldi	r28, 0x00	; 0
/home/jgalera/.arduino15/packages/MiniCore/hardware/avr/3.1.1/cores/MCUdude_corefiles/Print.cpp:49
  while (1) {
    unsigned char c = pgm_read_byte(p++);
    316c:	f8 01       	movw	r30, r16
    316e:	ec 0f       	add	r30, r28
    3170:	fd 1f       	adc	r31, r29
    3172:	64 91       	lpm	r22, Z
/home/jgalera/.arduino15/packages/MiniCore/hardware/avr/3.1.1/cores/MCUdude_corefiles/Print.cpp:50
    if (c == 0) break;
    3174:	66 23       	and	r22, r22
    3176:	41 f0       	breq	.+16     	; 0x3188 <Print::print(__FlashStringHelper const*) [clone .constprop.29]+0x2a>
/home/jgalera/.arduino15/packages/MiniCore/hardware/avr/3.1.1/cores/MCUdude_corefiles/Print.cpp:51
    if (write(c)) n++;
    3178:	87 eb       	ldi	r24, 0xB7	; 183
    317a:	96 e0       	ldi	r25, 0x06	; 6
    317c:	0e 94 8b 18 	call	0x3116	; 0x3116 <LCD::write(unsigned char)>
    3180:	89 2b       	or	r24, r25
    3182:	11 f0       	breq	.+4      	; 0x3188 <Print::print(__FlashStringHelper const*) [clone .constprop.29]+0x2a>
    3184:	21 96       	adiw	r28, 0x01	; 1
    3186:	f2 cf       	rjmp	.-28     	; 0x316c <Print::print(__FlashStringHelper const*) [clone .constprop.29]+0xe>
/home/jgalera/.arduino15/packages/MiniCore/hardware/avr/3.1.1/cores/MCUdude_corefiles/Print.cpp:55
    else break;
  }
  return n;
}
    3188:	ce 01       	movw	r24, r28
    318a:	df 91       	pop	r29
    318c:	cf 91       	pop	r28
    318e:	1f 91       	pop	r17
    3190:	0f 91       	pop	r16
    3192:	08 95       	ret

00003194 <lcd_blanks()>:
_Z10lcd_blanksv():
/home/jgalera/develop/arduino/usdx/usdx_plus_orange/src/hal/hal.cpp:96
void timer2_stop() {        // Stop Timer 2 interrupt
  TIMSK2 &= ~(1 << OCIE2A); // disable timer compare interrupt
  delay(1); // wait until potential in-flight interrupts are finished
}

void lcd_blanks() { lcd.print(F("        ")); }
    3194:	8e e5       	ldi	r24, 0x5E	; 94
    3196:	91 e0       	ldi	r25, 0x01	; 1
    3198:	0c 94 af 18 	jmp	0x315e	; 0x315e <Print::print(__FlashStringHelper const*) [clone .constprop.29]>

0000319c <printlabel(unsigned char, unsigned char, __FlashStringHelper const*)>:
_Z10printlabelhhPK19__FlashStringHelper():
/home/jgalera/develop/arduino/usdx/usdx_plus_orange/src/core/core.cpp:720
    lcd.print(seperator[i]);
  }
}

void printlabel(uint8_t action, uint8_t menuid,
                const __FlashStringHelper *label) {
    319c:	0f 93       	push	r16
    319e:	1f 93       	push	r17
    31a0:	cf 93       	push	r28
    31a2:	c6 2f       	mov	r28, r22
    31a4:	8a 01       	movw	r16, r20
/home/jgalera/develop/arduino/usdx/usdx_plus_orange/src/core/core.cpp:721
  if (action == UPDATE_MENU) {
    31a6:	81 30       	cpi	r24, 0x01	; 1
    31a8:	09 f0       	breq	.+2      	; 0x31ac <printlabel(unsigned char, unsigned char, __FlashStringHelper const*)+0x10>
    31aa:	42 c0       	rjmp	.+132    	; 0x3230 <printlabel(unsigned char, unsigned char, __FlashStringHelper const*)+0x94>
_ZN3LCD9setCursorEhh():
/home/jgalera/develop/arduino/usdx/usdx_plus_orange/src/driver/display.h:190
#ifdef CONDENSED
  void setCursor(uint8_t x, uint8_t y) {
    cmd(0x80 | (x + (uint8_t[]){0x00, 0x40, 0x00 + 20, 0x40 + 20}[y]));
  }
#else
  void setCursor(uint8_t x, uint8_t y) { cmd(0x80 | (x + y * 0x40)); }
    31ac:	80 e8       	ldi	r24, 0x80	; 128
    31ae:	0e 94 8b 11 	call	0x2316	; 0x2316 <LCD::cmd(unsigned char) [clone .isra.3] [clone .lto_priv.45]>
printmenuid():
/home/jgalera/develop/arduino/usdx/usdx_plus_orange/src/core/core.cpp:707
uint8_t eeprom_version;
int eeprom_addr;

void printmenuid(uint8_t menuid) {
  static const char seperator[] = {'.', ' '};
  uint8_t ids[] = {(uint8_t)(menuid >> 4), (uint8_t)(menuid & 0xF)};
    31b2:	6c 2f       	mov	r22, r28
    31b4:	62 95       	swap	r22
    31b6:	6f 70       	andi	r22, 0x0F	; 15
    31b8:	cf 70       	andi	r28, 0x0F	; 15
/home/jgalera/develop/arduino/usdx/usdx_plus_orange/src/core/core.cpp:710
  for (int i = 0; i < 2; i++) {
    uint8_t id = ids[i];
    if (id >= 10) {
    31ba:	6a 30       	cpi	r22, 0x0A	; 10
    31bc:	31 f4       	brne	.+12     	; 0x31ca <printlabel(unsigned char, unsigned char, __FlashStringHelper const*)+0x2e>
/home/jgalera/develop/arduino/usdx/usdx_plus_orange/src/core/core.cpp:712
      id -= 10;
      lcd.print('1');
    31be:	61 e3       	ldi	r22, 0x31	; 49
    31c0:	87 eb       	ldi	r24, 0xB7	; 183
    31c2:	96 e0       	ldi	r25, 0x06	; 6
    31c4:	0e 94 4c 04 	call	0x898	; 0x898 <Print::print(char)>
/home/jgalera/develop/arduino/usdx/usdx_plus_orange/src/core/core.cpp:711
  static const char seperator[] = {'.', ' '};
  uint8_t ids[] = {(uint8_t)(menuid >> 4), (uint8_t)(menuid & 0xF)};
  for (int i = 0; i < 2; i++) {
    uint8_t id = ids[i];
    if (id >= 10) {
      id -= 10;
    31c8:	60 e0       	ldi	r22, 0x00	; 0
/home/jgalera/develop/arduino/usdx/usdx_plus_orange/src/core/core.cpp:714
      lcd.print('1');
    }
    lcd.print(char('0' + id));
    31ca:	60 5d       	subi	r22, 0xD0	; 208
    31cc:	87 eb       	ldi	r24, 0xB7	; 183
    31ce:	96 e0       	ldi	r25, 0x06	; 6
    31d0:	0e 94 4c 04 	call	0x898	; 0x898 <Print::print(char)>
/home/jgalera/develop/arduino/usdx/usdx_plus_orange/src/core/core.cpp:715
    lcd.print(seperator[i]);
    31d4:	6e e2       	ldi	r22, 0x2E	; 46
    31d6:	87 eb       	ldi	r24, 0xB7	; 183
    31d8:	96 e0       	ldi	r25, 0x06	; 6
    31da:	0e 94 4c 04 	call	0x898	; 0x898 <Print::print(char)>
/home/jgalera/develop/arduino/usdx/usdx_plus_orange/src/core/core.cpp:710
void printmenuid(uint8_t menuid) {
  static const char seperator[] = {'.', ' '};
  uint8_t ids[] = {(uint8_t)(menuid >> 4), (uint8_t)(menuid & 0xF)};
  for (int i = 0; i < 2; i++) {
    uint8_t id = ids[i];
    if (id >= 10) {
    31de:	ca 30       	cpi	r28, 0x0A	; 10
    31e0:	30 f0       	brcs	.+12     	; 0x31ee <printlabel(unsigned char, unsigned char, __FlashStringHelper const*)+0x52>
/home/jgalera/develop/arduino/usdx/usdx_plus_orange/src/core/core.cpp:711
      id -= 10;
    31e2:	ca 50       	subi	r28, 0x0A	; 10
/home/jgalera/develop/arduino/usdx/usdx_plus_orange/src/core/core.cpp:712
      lcd.print('1');
    31e4:	61 e3       	ldi	r22, 0x31	; 49
    31e6:	87 eb       	ldi	r24, 0xB7	; 183
    31e8:	96 e0       	ldi	r25, 0x06	; 6
    31ea:	0e 94 4c 04 	call	0x898	; 0x898 <Print::print(char)>
/home/jgalera/develop/arduino/usdx/usdx_plus_orange/src/core/core.cpp:714
    }
    lcd.print(char('0' + id));
    31ee:	60 e3       	ldi	r22, 0x30	; 48
    31f0:	6c 0f       	add	r22, r28
    31f2:	87 eb       	ldi	r24, 0xB7	; 183
    31f4:	96 e0       	ldi	r25, 0x06	; 6
    31f6:	0e 94 4c 04 	call	0x898	; 0x898 <Print::print(char)>
/home/jgalera/develop/arduino/usdx/usdx_plus_orange/src/core/core.cpp:715
    lcd.print(seperator[i]);
    31fa:	60 e2       	ldi	r22, 0x20	; 32
    31fc:	87 eb       	ldi	r24, 0xB7	; 183
    31fe:	96 e0       	ldi	r25, 0x06	; 6
    3200:	0e 94 4c 04 	call	0x898	; 0x898 <Print::print(char)>
_Z10printlabelhhPK19__FlashStringHelper():
/home/jgalera/develop/arduino/usdx/usdx_plus_orange/src/core/core.cpp:724
void printlabel(uint8_t action, uint8_t menuid,
                const __FlashStringHelper *label) {
  if (action == UPDATE_MENU) {
    lcd.setCursor(0, 0);
    printmenuid(menuid);
    lcd.print(label);
    3204:	c8 01       	movw	r24, r16
    3206:	0e 94 af 18 	call	0x315e	; 0x315e <Print::print(__FlashStringHelper const*) [clone .constprop.29]>
/home/jgalera/develop/arduino/usdx/usdx_plus_orange/src/core/core.cpp:725
    lcd_blanks();
    320a:	0e 94 ca 18 	call	0x3194	; 0x3194 <lcd_blanks()>
/home/jgalera/develop/arduino/usdx/usdx_plus_orange/src/core/core.cpp:726
    lcd_blanks();
    320e:	0e 94 ca 18 	call	0x3194	; 0x3194 <lcd_blanks()>
_ZN3LCD9setCursorEhh():
/home/jgalera/develop/arduino/usdx/usdx_plus_orange/src/driver/display.h:190
    3212:	80 ec       	ldi	r24, 0xC0	; 192
    3214:	0e 94 8b 11 	call	0x2316	; 0x2316 <LCD::cmd(unsigned char) [clone .isra.3] [clone .lto_priv.45]>
_Z10printlabelhhPK19__FlashStringHelper():
/home/jgalera/develop/arduino/usdx/usdx_plus_orange/src/core/core.cpp:728
    lcd.setCursor(0, 1);
    if (menumode >= 2)
    3218:	80 91 06 06 	lds	r24, 0x0606	; 0x800606 <menumode>
    321c:	82 30       	cpi	r24, 0x02	; 2
    321e:	a8 f0       	brcs	.+42     	; 0x324a <printlabel(unsigned char, unsigned char, __FlashStringHelper const*)+0xae>
/home/jgalera/develop/arduino/usdx/usdx_plus_orange/src/core/core.cpp:729
      lcd.print('>');
    3220:	6e e3       	ldi	r22, 0x3E	; 62
    3222:	87 eb       	ldi	r24, 0xB7	; 183
    3224:	96 e0       	ldi	r25, 0x06	; 6
/home/jgalera/develop/arduino/usdx/usdx_plus_orange/src/core/core.cpp:735
  } else {
    lcd.setCursor(0, 1);
    lcd.print(label);
    lcd.print(F(": "));
  }
}
    3226:	cf 91       	pop	r28
    3228:	1f 91       	pop	r17
    322a:	0f 91       	pop	r16
/home/jgalera/develop/arduino/usdx/usdx_plus_orange/src/core/core.cpp:729
    lcd.print(label);
    lcd_blanks();
    lcd_blanks();
    lcd.setCursor(0, 1);
    if (menumode >= 2)
      lcd.print('>');
    322c:	0c 94 4c 04 	jmp	0x898	; 0x898 <Print::print(char)>
_ZN3LCD9setCursorEhh():
/home/jgalera/develop/arduino/usdx/usdx_plus_orange/src/driver/display.h:190
    3230:	80 ec       	ldi	r24, 0xC0	; 192
    3232:	0e 94 8b 11 	call	0x2316	; 0x2316 <LCD::cmd(unsigned char) [clone .isra.3] [clone .lto_priv.45]>
_Z10printlabelhhPK19__FlashStringHelper():
/home/jgalera/develop/arduino/usdx/usdx_plus_orange/src/core/core.cpp:732
  } else {
    lcd.setCursor(0, 1);
    lcd.print(label);
    3236:	c8 01       	movw	r24, r16
    3238:	0e 94 af 18 	call	0x315e	; 0x315e <Print::print(__FlashStringHelper const*) [clone .constprop.29]>
/home/jgalera/develop/arduino/usdx/usdx_plus_orange/src/core/core.cpp:733
    lcd.print(F(": "));
    323c:	8f e6       	ldi	r24, 0x6F	; 111
    323e:	90 e0       	ldi	r25, 0x00	; 0
/home/jgalera/develop/arduino/usdx/usdx_plus_orange/src/core/core.cpp:735
  }
}
    3240:	cf 91       	pop	r28
    3242:	1f 91       	pop	r17
    3244:	0f 91       	pop	r16
/home/jgalera/develop/arduino/usdx/usdx_plus_orange/src/core/core.cpp:733
    if (menumode >= 2)
      lcd.print('>');
  } else {
    lcd.setCursor(0, 1);
    lcd.print(label);
    lcd.print(F(": "));
    3246:	0c 94 af 18 	jmp	0x315e	; 0x315e <Print::print(__FlashStringHelper const*) [clone .constprop.29]>
/home/jgalera/develop/arduino/usdx/usdx_plus_orange/src/core/core.cpp:735
  }
}
    324a:	cf 91       	pop	r28
    324c:	1f 91       	pop	r17
    324e:	0f 91       	pop	r16
    3250:	08 95       	ret

00003252 <show_banner()>:
_ZN3LCD9setCursorEhh():
/home/jgalera/develop/arduino/usdx/usdx_plus_orange/src/driver/display.h:190
    3252:	80 e8       	ldi	r24, 0x80	; 128
    3254:	0e 94 8b 11 	call	0x2316	; 0x2316 <LCD::cmd(unsigned char) [clone .isra.3] [clone .lto_priv.45]>
_Z11show_bannerv():
/home/jgalera/develop/arduino/usdx/usdx_plus_orange/src/core/core.cpp:657
  if (ssb_cap || dsp_cap) {
    lcd.print('-');
    lcd.print(cap_label[dsp_cap]);
  }
#else
  lcd.print(F(ARID));
    3258:	88 e6       	ldi	r24, 0x68	; 104
    325a:	90 e0       	ldi	r25, 0x00	; 0
    325c:	0e 94 af 18 	call	0x315e	; 0x315e <Print::print(__FlashStringHelper const*) [clone .constprop.29]>
/home/jgalera/develop/arduino/usdx/usdx_plus_orange/src/core/core.cpp:659
#endif
  lcd.print('\x01');
    3260:	61 e0       	ldi	r22, 0x01	; 1
    3262:	87 eb       	ldi	r24, 0xB7	; 183
    3264:	96 e0       	ldi	r25, 0x06	; 6
    3266:	0e 94 4c 04 	call	0x898	; 0x898 <Print::print(char)>
/home/jgalera/develop/arduino/usdx/usdx_plus_orange/src/core/core.cpp:660
  lcd_blanks();
    326a:	0e 94 ca 18 	call	0x3194	; 0x3194 <lcd_blanks()>
/home/jgalera/develop/arduino/usdx/usdx_plus_orange/src/core/core.cpp:661
  lcd_blanks();
    326e:	0c 94 ca 18 	jmp	0x3194	; 0x3194 <lcd_blanks()>

00003272 <set_latch(unsigned char, unsigned char, bool) [clone .part.3] [clone .constprop.9]>:
_ZL9set_latchhhb.part.3.constprop.9():
/home/jgalera/develop/arduino/usdx/usdx_plus_orange/src/hardware/io_expander.cpp:109
  IO1_5,
  IO1_6,
  IO1_7
};

static void set_latch(uint8_t io, uint8_t common_io, bool latch = true) {
    3272:	0f 93       	push	r16
    3274:	1f 93       	push	r17
    3276:	cf 93       	push	r28
    3278:	df 93       	push	r29
_ZN12IOExpander164initEv.isra.2():
/home/jgalera/develop/arduino/usdx/usdx_plus_orange/src/hardware/io_expander.cpp:77
    i2c.beginTransmission(IOEXP16_ADDR);
    i2c.write(reg);
    i2c.write(val);
    i2c.endTransmission();
  }
  void init() { write(0U); }
    327a:	90 e0       	ldi	r25, 0x00	; 0
    327c:	80 e0       	ldi	r24, 0x00	; 0
    327e:	0e 94 69 05 	call	0xad2	; 0xad2 <IOExpander16::write(unsigned int) [clone .isra.1]>
_ZL9set_latchhhb.part.3.constprop.9():
/home/jgalera/develop/arduino/usdx/usdx_plus_orange/src/hardware/io_expander.cpp:118
    delay(LATCH_TIME);
    ioext.write(0x0000);
  } else {
    if (io == 0xff) {
      ioext.init();
      for (int io = 0; io != 16; io++)
    3282:	d0 e0       	ldi	r29, 0x00	; 0
    3284:	c0 e0       	ldi	r28, 0x00	; 0
set_latch():
/home/jgalera/develop/arduino/usdx/usdx_plus_orange/src/hardware/io_expander.cpp:121
        set_latch(io, common_io, latch);
    } else {
      ioext.write((~(1U << io)) | (1U << common_io));
    3286:	01 e0       	ldi	r16, 0x01	; 1
    3288:	10 e0       	ldi	r17, 0x00	; 0
    328a:	c8 01       	movw	r24, r16
    328c:	0c 2e       	mov	r0, r28
    328e:	02 c0       	rjmp	.+4      	; 0x3294 <set_latch(unsigned char, unsigned char, bool) [clone .part.3] [clone .constprop.9]+0x22>
    3290:	88 0f       	add	r24, r24
    3292:	99 1f       	adc	r25, r25
    3294:	0a 94       	dec	r0
    3296:	e2 f7       	brpl	.-8      	; 0x3290 <set_latch(unsigned char, unsigned char, bool) [clone .part.3] [clone .constprop.9]+0x1e>
    3298:	80 95       	com	r24
    329a:	90 95       	com	r25
    329c:	81 60       	ori	r24, 0x01	; 1
    329e:	0e 94 69 05 	call	0xad2	; 0xad2 <IOExpander16::write(unsigned int) [clone .isra.1]>
/home/jgalera/develop/arduino/usdx/usdx_plus_orange/src/hardware/io_expander.cpp:122
      delay(LATCH_TIME);
    32a2:	6e e1       	ldi	r22, 0x1E	; 30
    32a4:	70 e0       	ldi	r23, 0x00	; 0
    32a6:	80 e0       	ldi	r24, 0x00	; 0
    32a8:	90 e0       	ldi	r25, 0x00	; 0
    32aa:	0e 94 0d 04 	call	0x81a	; 0x81a <delay>
/home/jgalera/develop/arduino/usdx/usdx_plus_orange/src/hardware/io_expander.cpp:123
      ioext.write(0x0000);
    32ae:	90 e0       	ldi	r25, 0x00	; 0
    32b0:	80 e0       	ldi	r24, 0x00	; 0
    32b2:	0e 94 69 05 	call	0xad2	; 0xad2 <IOExpander16::write(unsigned int) [clone .isra.1]>
_ZL9set_latchhhb.part.3.constprop.9():
/home/jgalera/develop/arduino/usdx/usdx_plus_orange/src/hardware/io_expander.cpp:118
    delay(LATCH_TIME);
    ioext.write(0x0000);
  } else {
    if (io == 0xff) {
      ioext.init();
      for (int io = 0; io != 16; io++)
    32b6:	21 96       	adiw	r28, 0x01	; 1
    32b8:	c0 31       	cpi	r28, 0x10	; 16
    32ba:	d1 05       	cpc	r29, r1
    32bc:	31 f7       	brne	.-52     	; 0x328a <set_latch(unsigned char, unsigned char, bool) [clone .part.3] [clone .constprop.9]+0x18>
/home/jgalera/develop/arduino/usdx/usdx_plus_orange/src/hardware/io_expander.cpp:126
      ioext.write((~(1U << io)) | (1U << common_io));
      delay(LATCH_TIME);
      ioext.write(0x0000);
    }
  }
}
    32be:	df 91       	pop	r29
    32c0:	cf 91       	pop	r28
    32c2:	1f 91       	pop	r17
    32c4:	0f 91       	pop	r16
    32c6:	08 95       	ret

000032c8 <Print::write(char const*) [clone .part.2]>:
_ZN5Print5writeEPKc.part.2():
/home/jgalera/.arduino15/packages/MiniCore/hardware/avr/3.1.1/cores/MCUdude_corefiles/Print.h:54
    void clearWriteError() { setWriteError(0); }

    virtual size_t write(uint8_t) = 0;
    size_t write(const char *str) {
      if (str == NULL) return 0;
      return write((const uint8_t *)str, strlen(str));
    32c8:	fb 01       	movw	r30, r22
    32ca:	01 90       	ld	r0, Z+
    32cc:	00 20       	and	r0, r0
    32ce:	e9 f7       	brne	.-6      	; 0x32ca <Print::write(char const*) [clone .part.2]+0x2>
    32d0:	31 97       	sbiw	r30, 0x01	; 1
    32d2:	af 01       	movw	r20, r30
    32d4:	46 1b       	sub	r20, r22
    32d6:	57 0b       	sbc	r21, r23
    32d8:	dc 01       	movw	r26, r24
    32da:	ed 91       	ld	r30, X+
    32dc:	fc 91       	ld	r31, X
    32de:	02 80       	ldd	r0, Z+2	; 0x02
    32e0:	f3 81       	ldd	r31, Z+3	; 0x03
    32e2:	e0 2d       	mov	r30, r0
    32e4:	09 94       	ijmp

000032e6 <Print::printNumber(unsigned long, unsigned char)>:
_ZN5Print11printNumberEmh():
/home/jgalera/.arduino15/packages/MiniCore/hardware/avr/3.1.1/cores/MCUdude_corefiles/Print.cpp:233
}

// Private Methods /////////////////////////////////////////////////////////////

size_t Print::printNumber(unsigned long n, uint8_t base)
{
    32e6:	8f 92       	push	r8
    32e8:	9f 92       	push	r9
    32ea:	af 92       	push	r10
    32ec:	bf 92       	push	r11
    32ee:	ef 92       	push	r14
    32f0:	ff 92       	push	r15
    32f2:	0f 93       	push	r16
    32f4:	1f 93       	push	r17
    32f6:	cf 93       	push	r28
    32f8:	df 93       	push	r29
    32fa:	cd b7       	in	r28, 0x3d	; 61
    32fc:	de b7       	in	r29, 0x3e	; 62
    32fe:	a1 97       	sbiw	r28, 0x21	; 33
    3300:	0f b6       	in	r0, 0x3f	; 63
    3302:	f8 94       	cli
    3304:	de bf       	out	0x3e, r29	; 62
    3306:	0f be       	out	0x3f, r0	; 63
    3308:	cd bf       	out	0x3d, r28	; 61
    330a:	7c 01       	movw	r14, r24
    330c:	fa 01       	movw	r30, r20
    330e:	cb 01       	movw	r24, r22
/home/jgalera/.arduino15/packages/MiniCore/hardware/avr/3.1.1/cores/MCUdude_corefiles/Print.cpp:237
  char buf[8 * sizeof(long) + 1]; // Assumes 8-bit chars plus zero byte.
  char *str = &buf[sizeof(buf) - 1];

  *str = '\0';
    3310:	19 a2       	std	Y+33, r1	; 0x21
/home/jgalera/.arduino15/packages/MiniCore/hardware/avr/3.1.1/cores/MCUdude_corefiles/Print.cpp:240

  // prevent crash if called with base == 1
  if (base < 2) base = 10;
    3312:	22 30       	cpi	r18, 0x02	; 2
    3314:	08 f4       	brcc	.+2      	; 0x3318 <Print::printNumber(unsigned long, unsigned char)+0x32>
    3316:	2a e0       	ldi	r18, 0x0A	; 10
    3318:	8e 01       	movw	r16, r28
    331a:	0f 5d       	subi	r16, 0xDF	; 223
    331c:	1f 4f       	sbci	r17, 0xFF	; 255
/home/jgalera/.arduino15/packages/MiniCore/hardware/avr/3.1.1/cores/MCUdude_corefiles/Print.cpp:243

  do {
    char c = n % base;
    331e:	82 2e       	mov	r8, r18
    3320:	91 2c       	mov	r9, r1
    3322:	b1 2c       	mov	r11, r1
    3324:	a1 2c       	mov	r10, r1
    3326:	bf 01       	movw	r22, r30
    3328:	a5 01       	movw	r20, r10
    332a:	94 01       	movw	r18, r8
    332c:	0e 94 b8 39 	call	0x7370	; 0x7370 <__udivmodsi4>
/home/jgalera/.arduino15/packages/MiniCore/hardware/avr/3.1.1/cores/MCUdude_corefiles/Print.cpp:244
    n /= base;
    3330:	f9 01       	movw	r30, r18
    3332:	ca 01       	movw	r24, r20
/home/jgalera/.arduino15/packages/MiniCore/hardware/avr/3.1.1/cores/MCUdude_corefiles/Print.cpp:246

    *--str = c < 10 ? c + '0' : c + 'A' - 10;
    3334:	6a 30       	cpi	r22, 0x0A	; 10
    3336:	0c f5       	brge	.+66     	; 0x337a <Print::printNumber(unsigned long, unsigned char)+0x94>
    3338:	60 5d       	subi	r22, 0xD0	; 208
    333a:	d8 01       	movw	r26, r16
    333c:	6e 93       	st	-X, r22
    333e:	8d 01       	movw	r16, r26
/home/jgalera/.arduino15/packages/MiniCore/hardware/avr/3.1.1/cores/MCUdude_corefiles/Print.cpp:247
  } while(n);
    3340:	23 2b       	or	r18, r19
    3342:	24 2b       	or	r18, r20
    3344:	25 2b       	or	r18, r21
    3346:	79 f7       	brne	.-34     	; 0x3326 <Print::printNumber(unsigned long, unsigned char)+0x40>
/home/jgalera/.arduino15/packages/MiniCore/hardware/avr/3.1.1/cores/MCUdude_corefiles/Print.h:53
    int getWriteError() { return write_error; }
    void clearWriteError() { setWriteError(0); }

    virtual size_t write(uint8_t) = 0;
    size_t write(const char *str) {
      if (str == NULL) return 0;
    3348:	90 e0       	ldi	r25, 0x00	; 0
    334a:	80 e0       	ldi	r24, 0x00	; 0
write():
    334c:	10 97       	sbiw	r26, 0x00	; 0
    334e:	21 f0       	breq	.+8      	; 0x3358 <Print::printNumber(unsigned long, unsigned char)+0x72>
    3350:	bd 01       	movw	r22, r26
    3352:	c7 01       	movw	r24, r14
    3354:	0e 94 64 19 	call	0x32c8	; 0x32c8 <Print::write(char const*) [clone .part.2]>
_ZN5Print11printNumberEmh():
/home/jgalera/.arduino15/packages/MiniCore/hardware/avr/3.1.1/cores/MCUdude_corefiles/Print.cpp:250

  return write(str);
}
    3358:	a1 96       	adiw	r28, 0x21	; 33
    335a:	0f b6       	in	r0, 0x3f	; 63
    335c:	f8 94       	cli
    335e:	de bf       	out	0x3e, r29	; 62
    3360:	0f be       	out	0x3f, r0	; 63
    3362:	cd bf       	out	0x3d, r28	; 61
    3364:	df 91       	pop	r29
    3366:	cf 91       	pop	r28
    3368:	1f 91       	pop	r17
    336a:	0f 91       	pop	r16
    336c:	ff 90       	pop	r15
    336e:	ef 90       	pop	r14
    3370:	bf 90       	pop	r11
    3372:	af 90       	pop	r10
    3374:	9f 90       	pop	r9
    3376:	8f 90       	pop	r8
    3378:	08 95       	ret
/home/jgalera/.arduino15/packages/MiniCore/hardware/avr/3.1.1/cores/MCUdude_corefiles/Print.cpp:246

  do {
    char c = n % base;
    n /= base;

    *--str = c < 10 ? c + '0' : c + 'A' - 10;
    337a:	69 5c       	subi	r22, 0xC9	; 201
    337c:	de cf       	rjmp	.-68     	; 0x333a <Print::printNumber(unsigned long, unsigned char)+0x54>

0000337e <Print::print(long, int) [clone .constprop.28]>:
_ZN5Print5printEli.constprop.28():
/home/jgalera/.arduino15/packages/MiniCore/hardware/avr/3.1.1/cores/MCUdude_corefiles/Print.cpp:87
size_t Print::print(unsigned int n, int base)
{
  return print((unsigned long) n, base);
}

size_t Print::print(long n, int base)
    337e:	cf 92       	push	r12
    3380:	df 92       	push	r13
    3382:	ef 92       	push	r14
    3384:	ff 92       	push	r15
    3386:	0f 93       	push	r16
    3388:	1f 93       	push	r17
    338a:	cf 93       	push	r28
    338c:	df 93       	push	r29
/home/jgalera/.arduino15/packages/MiniCore/hardware/avr/3.1.1/cores/MCUdude_corefiles/Print.cpp:92
{
  if (base == 0) {
    return write(n);
  } else if (base == 10) {
    if (n < 0) {
    338e:	77 ff       	sbrs	r23, 7
    3390:	1d c0       	rjmp	.+58     	; 0x33cc <Print::print(long, int) [clone .constprop.28]+0x4e>
    3392:	6a 01       	movw	r12, r20
    3394:	7b 01       	movw	r14, r22
    3396:	ec 01       	movw	r28, r24
/home/jgalera/.arduino15/packages/MiniCore/hardware/avr/3.1.1/cores/MCUdude_corefiles/Print.cpp:93
      int t = print('-');
    3398:	6d e2       	ldi	r22, 0x2D	; 45
    339a:	0e 94 4c 04 	call	0x898	; 0x898 <Print::print(char)>
    339e:	8c 01       	movw	r16, r24
/home/jgalera/.arduino15/packages/MiniCore/hardware/avr/3.1.1/cores/MCUdude_corefiles/Print.cpp:94
      n = -n;
    33a0:	44 27       	eor	r20, r20
    33a2:	55 27       	eor	r21, r21
    33a4:	ba 01       	movw	r22, r20
    33a6:	4c 19       	sub	r20, r12
    33a8:	5d 09       	sbc	r21, r13
    33aa:	6e 09       	sbc	r22, r14
    33ac:	7f 09       	sbc	r23, r15
/home/jgalera/.arduino15/packages/MiniCore/hardware/avr/3.1.1/cores/MCUdude_corefiles/Print.cpp:95
      return printNumber(n, 10) + t;
    33ae:	2a e0       	ldi	r18, 0x0A	; 10
    33b0:	ce 01       	movw	r24, r28
    33b2:	0e 94 73 19 	call	0x32e6	; 0x32e6 <Print::printNumber(unsigned long, unsigned char)>
    33b6:	80 0f       	add	r24, r16
    33b8:	91 1f       	adc	r25, r17
/home/jgalera/.arduino15/packages/MiniCore/hardware/avr/3.1.1/cores/MCUdude_corefiles/Print.cpp:101
    }
    return printNumber(n, 10);
  } else {
    return printNumber(n, base);
  }
}
    33ba:	df 91       	pop	r29
    33bc:	cf 91       	pop	r28
    33be:	1f 91       	pop	r17
    33c0:	0f 91       	pop	r16
    33c2:	ff 90       	pop	r15
    33c4:	ef 90       	pop	r14
    33c6:	df 90       	pop	r13
    33c8:	cf 90       	pop	r12
    33ca:	08 95       	ret
/home/jgalera/.arduino15/packages/MiniCore/hardware/avr/3.1.1/cores/MCUdude_corefiles/Print.cpp:97
    if (n < 0) {
      int t = print('-');
      n = -n;
      return printNumber(n, 10) + t;
    }
    return printNumber(n, 10);
    33cc:	2a e0       	ldi	r18, 0x0A	; 10
/home/jgalera/.arduino15/packages/MiniCore/hardware/avr/3.1.1/cores/MCUdude_corefiles/Print.cpp:101
  } else {
    return printNumber(n, base);
  }
}
    33ce:	df 91       	pop	r29
    33d0:	cf 91       	pop	r28
    33d2:	1f 91       	pop	r17
    33d4:	0f 91       	pop	r16
    33d6:	ff 90       	pop	r15
    33d8:	ef 90       	pop	r14
    33da:	df 90       	pop	r13
    33dc:	cf 90       	pop	r12
/home/jgalera/.arduino15/packages/MiniCore/hardware/avr/3.1.1/cores/MCUdude_corefiles/Print.cpp:97
    if (n < 0) {
      int t = print('-');
      n = -n;
      return printNumber(n, 10) + t;
    }
    return printNumber(n, 10);
    33de:	0c 94 73 19 	jmp	0x32e6	; 0x32e6 <Print::printNumber(unsigned long, unsigned char)>

000033e2 <Print::print(int, int) [clone .constprop.27]>:
_ZN5Print5printEii.constprop.27():
/home/jgalera/.arduino15/packages/MiniCore/hardware/avr/3.1.1/cores/MCUdude_corefiles/Print.cpp:79
  return print((unsigned long) b, base);
}

size_t Print::print(int n, int base)
{
  return print((long) n, base);
    33e2:	ab 01       	movw	r20, r22
    33e4:	77 0f       	add	r23, r23
    33e6:	66 0b       	sbc	r22, r22
    33e8:	77 0b       	sbc	r23, r23
    33ea:	0c 94 bf 19 	jmp	0x337e	; 0x337e <Print::print(long, int) [clone .constprop.28]>

000033ee <fatal(__FlashStringHelper const*, int, char)>:
_Z5fatalPK19__FlashStringHelperic():
/home/jgalera/develop/arduino/usdx/usdx_plus_orange/src/core/core.cpp:889
  pinMode(PD4, OUTPUT);
  pinMode(PD5, OUTPUT);
#endif
}

void fatal(const __FlashStringHelper *msg, int value, char unit) {
    33ee:	ef 92       	push	r14
    33f0:	ff 92       	push	r15
    33f2:	0f 93       	push	r16
    33f4:	1f 93       	push	r17
    33f6:	cf 93       	push	r28
    33f8:	7c 01       	movw	r14, r24
    33fa:	8b 01       	movw	r16, r22
    33fc:	c4 2f       	mov	r28, r20
_ZN3LCD9setCursorEhh():
/home/jgalera/develop/arduino/usdx/usdx_plus_orange/src/driver/display.h:190
    33fe:	80 ec       	ldi	r24, 0xC0	; 192
    3400:	0e 94 8b 11 	call	0x2316	; 0x2316 <LCD::cmd(unsigned char) [clone .isra.3] [clone .lto_priv.45]>
_Z5fatalPK19__FlashStringHelperic():
/home/jgalera/develop/arduino/usdx/usdx_plus_orange/src/core/core.cpp:891
  lcd.setCursor(0, 1);
  lcd.print('!');
    3404:	61 e2       	ldi	r22, 0x21	; 33
    3406:	87 eb       	ldi	r24, 0xB7	; 183
    3408:	96 e0       	ldi	r25, 0x06	; 6
    340a:	0e 94 4c 04 	call	0x898	; 0x898 <Print::print(char)>
/home/jgalera/develop/arduino/usdx/usdx_plus_orange/src/core/core.cpp:892
  lcd.print('!');
    340e:	61 e2       	ldi	r22, 0x21	; 33
    3410:	87 eb       	ldi	r24, 0xB7	; 183
    3412:	96 e0       	ldi	r25, 0x06	; 6
    3414:	0e 94 4c 04 	call	0x898	; 0x898 <Print::print(char)>
/home/jgalera/develop/arduino/usdx/usdx_plus_orange/src/core/core.cpp:893
  lcd.print(msg);
    3418:	c7 01       	movw	r24, r14
    341a:	0e 94 af 18 	call	0x315e	; 0x315e <Print::print(__FlashStringHelper const*) [clone .constprop.29]>
/home/jgalera/develop/arduino/usdx/usdx_plus_orange/src/core/core.cpp:894
  if (unit != '\0') {
    341e:	cc 23       	and	r28, r28
    3420:	79 f0       	breq	.+30     	; 0x3440 <fatal(__FlashStringHelper const*, int, char)+0x52>
/home/jgalera/develop/arduino/usdx/usdx_plus_orange/src/core/core.cpp:895
    lcd.print('=');
    3422:	6d e3       	ldi	r22, 0x3D	; 61
    3424:	87 eb       	ldi	r24, 0xB7	; 183
    3426:	96 e0       	ldi	r25, 0x06	; 6
    3428:	0e 94 4c 04 	call	0x898	; 0x898 <Print::print(char)>
/home/jgalera/develop/arduino/usdx/usdx_plus_orange/src/core/core.cpp:896
    lcd.print(value);
    342c:	b8 01       	movw	r22, r16
    342e:	87 eb       	ldi	r24, 0xB7	; 183
    3430:	96 e0       	ldi	r25, 0x06	; 6
    3432:	0e 94 f1 19 	call	0x33e2	; 0x33e2 <Print::print(int, int) [clone .constprop.27]>
/home/jgalera/develop/arduino/usdx/usdx_plus_orange/src/core/core.cpp:897
    lcd.print(unit);
    3436:	6c 2f       	mov	r22, r28
    3438:	87 eb       	ldi	r24, 0xB7	; 183
    343a:	96 e0       	ldi	r25, 0x06	; 6
    343c:	0e 94 4c 04 	call	0x898	; 0x898 <Print::print(char)>
/home/jgalera/develop/arduino/usdx/usdx_plus_orange/src/core/core.cpp:899
  }
  lcd_blanks();
    3440:	0e 94 ca 18 	call	0x3194	; 0x3194 <lcd_blanks()>
/home/jgalera/develop/arduino/usdx/usdx_plus_orange/src/core/core.cpp:900
  delay(1500);
    3444:	6c ed       	ldi	r22, 0xDC	; 220
    3446:	75 e0       	ldi	r23, 0x05	; 5
    3448:	80 e0       	ldi	r24, 0x00	; 0
    344a:	90 e0       	ldi	r25, 0x00	; 0
    344c:	0e 94 0d 04 	call	0x81a	; 0x81a <delay>
/home/jgalera/develop/arduino/usdx/usdx_plus_orange/src/core/core.cpp:901
  wdt_reset();
    3450:	a8 95       	wdr
/home/jgalera/develop/arduino/usdx/usdx_plus_orange/src/core/core.cpp:902
}
    3452:	cf 91       	pop	r28
    3454:	1f 91       	pop	r17
    3456:	0f 91       	pop	r16
    3458:	ff 90       	pop	r15
    345a:	ef 90       	pop	r14
    345c:	08 95       	ret

0000345e <Print::print(char const*)>:
_ZN5Print5printEPKc():
/home/jgalera/.arduino15/packages/MiniCore/hardware/avr/3.1.1/cores/MCUdude_corefiles/Print.h:53
    345e:	61 15       	cp	r22, r1
    3460:	71 05       	cpc	r23, r1
    3462:	11 f0       	breq	.+4      	; 0x3468 <Print::print(char const*)+0xa>
    3464:	0c 94 64 19 	jmp	0x32c8	; 0x32c8 <Print::write(char const*) [clone .part.2]>
/home/jgalera/.arduino15/packages/MiniCore/hardware/avr/3.1.1/cores/MCUdude_corefiles/Print.cpp:65
}

size_t Print::print(const char str[])
{
  return write(str);
}
    3468:	90 e0       	ldi	r25, 0x00	; 0
    346a:	80 e0       	ldi	r24, 0x00	; 0
    346c:	08 95       	ret

0000346e <Command_IF() [clone .part.1]>:
_Z10Command_IFv.part.1():
/home/jgalera/develop/arduino/usdx/usdx_plus_orange/src/interface/cat.cpp:209

  freq = (uint32_t)atol(Catbuffer);
  change = true;
}

void Command_IF() {
    346e:	ef 92       	push	r14
    3470:	ff 92       	push	r15
    3472:	0f 93       	push	r16
    3474:	1f 93       	push	r17
    3476:	cf 93       	push	r28
    3478:	df 93       	push	r29
    347a:	cd b7       	in	r28, 0x3d	; 61
    347c:	de b7       	in	r29, 0x3e	; 62
    347e:	a0 97       	sbiw	r28, 0x20	; 32
    3480:	0f b6       	in	r0, 0x3f	; 63
    3482:	f8 94       	cli
    3484:	de bf       	out	0x3e, r29	; 62
    3486:	0f be       	out	0x3f, r0	; 63
    3488:	cd bf       	out	0x3d, r28	; 61
/home/jgalera/develop/arduino/usdx/usdx_plus_orange/src/interface/cat.cpp:218
#endif
  char Catbuffer[32];
  unsigned int g, m, k, h;
  uint32_t tf;

  tf = freq;
    348a:	60 91 b5 01 	lds	r22, 0x01B5	; 0x8001b5 <freq>
    348e:	70 91 b6 01 	lds	r23, 0x01B6	; 0x8001b6 <freq+0x1>
    3492:	80 91 b7 01 	lds	r24, 0x01B7	; 0x8001b7 <freq+0x2>
    3496:	90 91 b8 01 	lds	r25, 0x01B8	; 0x8001b8 <freq+0x3>
    349a:	20 e0       	ldi	r18, 0x00	; 0
    349c:	3a ec       	ldi	r19, 0xCA	; 202
    349e:	4a e9       	ldi	r20, 0x9A	; 154
    34a0:	5b e3       	ldi	r21, 0x3B	; 59
    34a2:	0e 94 b8 39 	call	0x7370	; 0x7370 <__udivmodsi4>
    34a6:	12 2f       	mov	r17, r18
    34a8:	03 2f       	mov	r16, r19
    34aa:	20 e4       	ldi	r18, 0x40	; 64
    34ac:	32 e4       	ldi	r19, 0x42	; 66
    34ae:	4f e0       	ldi	r20, 0x0F	; 15
    34b0:	50 e0       	ldi	r21, 0x00	; 0
    34b2:	0e 94 b8 39 	call	0x7370	; 0x7370 <__udivmodsi4>
    34b6:	f2 2e       	mov	r15, r18
    34b8:	e3 2e       	mov	r14, r19
/home/jgalera/develop/arduino/usdx/usdx_plus_orange/src/interface/cat.cpp:225
  tf -= g * 1000000000lu;
  m = (unsigned int)(tf / 1000000lu);
  tf -= m * 1000000lu;
  k = (unsigned int)(tf / 1000lu);
  tf -= k * 1000lu;
  h = (unsigned int)tf;
    34ba:	28 ee       	ldi	r18, 0xE8	; 232
    34bc:	33 e0       	ldi	r19, 0x03	; 3
    34be:	40 e0       	ldi	r20, 0x00	; 0
    34c0:	50 e0       	ldi	r21, 0x00	; 0
    34c2:	0e 94 b8 39 	call	0x7370	; 0x7370 <__udivmodsi4>
/home/jgalera/develop/arduino/usdx/usdx_plus_orange/src/interface/cat.cpp:227

  sprintf(Catbuffer, "IF%02u%03u%03u%03u", g, m, k, h);
    34c6:	7f 93       	push	r23
    34c8:	6f 93       	push	r22
    34ca:	3f 93       	push	r19
    34cc:	2f 93       	push	r18
    34ce:	ef 92       	push	r14
    34d0:	ff 92       	push	r15
    34d2:	0f 93       	push	r16
    34d4:	1f 93       	push	r17
    34d6:	86 e7       	ldi	r24, 0x76	; 118
    34d8:	92 e0       	ldi	r25, 0x02	; 2
    34da:	9f 93       	push	r25
    34dc:	8f 93       	push	r24
    34de:	8e 01       	movw	r16, r28
    34e0:	0f 5f       	subi	r16, 0xFF	; 255
    34e2:	1f 4f       	sbci	r17, 0xFF	; 255
    34e4:	1f 93       	push	r17
    34e6:	0f 93       	push	r16
    34e8:	0e 94 ff 3a 	call	0x75fe	; 0x75fe <sprintf>
/home/jgalera/develop/arduino/usdx/usdx_plus_orange/src/interface/cat.cpp:228
  Serial.print(Catbuffer);
    34ec:	b8 01       	movw	r22, r16
    34ee:	8a e1       	ldi	r24, 0x1A	; 26
    34f0:	96 e0       	ldi	r25, 0x06	; 6
    34f2:	0e 94 2f 1a 	call	0x345e	; 0x345e <Print::print(char const*)>
/home/jgalera/develop/arduino/usdx/usdx_plus_orange/src/interface/cat.cpp:229
  sprintf(Catbuffer, "00000+000000");
    34f6:	69 e8       	ldi	r22, 0x89	; 137
    34f8:	72 e0       	ldi	r23, 0x02	; 2
    34fa:	c8 01       	movw	r24, r16
    34fc:	0e 94 e9 3a 	call	0x75d2	; 0x75d2 <strcpy>
/home/jgalera/develop/arduino/usdx/usdx_plus_orange/src/interface/cat.cpp:230
  Serial.print(Catbuffer);
    3500:	b8 01       	movw	r22, r16
    3502:	8a e1       	ldi	r24, 0x1A	; 26
    3504:	96 e0       	ldi	r25, 0x06	; 6
    3506:	0e 94 2f 1a 	call	0x345e	; 0x345e <Print::print(char const*)>
/home/jgalera/develop/arduino/usdx/usdx_plus_orange/src/interface/cat.cpp:231
  sprintf(Catbuffer, "0000");
    350a:	61 e9       	ldi	r22, 0x91	; 145
    350c:	72 e0       	ldi	r23, 0x02	; 2
    350e:	c8 01       	movw	r24, r16
    3510:	0e 94 e9 3a 	call	0x75d2	; 0x75d2 <strcpy>
/home/jgalera/develop/arduino/usdx/usdx_plus_orange/src/interface/cat.cpp:232
  Serial.print(Catbuffer);
    3514:	b8 01       	movw	r22, r16
    3516:	8a e1       	ldi	r24, 0x1A	; 26
    3518:	96 e0       	ldi	r25, 0x06	; 6
    351a:	0e 94 2f 1a 	call	0x345e	; 0x345e <Print::print(char const*)>
/home/jgalera/develop/arduino/usdx/usdx_plus_orange/src/interface/cat.cpp:233
  Serial.print(mode + 1);
    351e:	60 91 cd 01 	lds	r22, 0x01CD	; 0x8001cd <mode>
    3522:	70 e0       	ldi	r23, 0x00	; 0
    3524:	6f 5f       	subi	r22, 0xFF	; 255
    3526:	7f 4f       	sbci	r23, 0xFF	; 255
    3528:	8a e1       	ldi	r24, 0x1A	; 26
    352a:	96 e0       	ldi	r25, 0x06	; 6
    352c:	0e 94 f1 19 	call	0x33e2	; 0x33e2 <Print::print(int, int) [clone .constprop.27]>
/home/jgalera/develop/arduino/usdx/usdx_plus_orange/src/interface/cat.cpp:234
  sprintf(Catbuffer, "0000000;");
    3530:	66 e9       	ldi	r22, 0x96	; 150
    3532:	72 e0       	ldi	r23, 0x02	; 2
    3534:	c8 01       	movw	r24, r16
    3536:	0e 94 e9 3a 	call	0x75d2	; 0x75d2 <strcpy>
/home/jgalera/develop/arduino/usdx/usdx_plus_orange/src/interface/cat.cpp:235
  Serial.print(Catbuffer);
    353a:	b8 01       	movw	r22, r16
    353c:	8a e1       	ldi	r24, 0x1A	; 26
    353e:	96 e0       	ldi	r25, 0x06	; 6
    3540:	0e 94 2f 1a 	call	0x345e	; 0x345e <Print::print(char const*)>
    3544:	0f b6       	in	r0, 0x3f	; 63
    3546:	f8 94       	cli
    3548:	de bf       	out	0x3e, r29	; 62
    354a:	0f be       	out	0x3f, r0	; 63
    354c:	cd bf       	out	0x3d, r28	; 61
/home/jgalera/develop/arduino/usdx/usdx_plus_orange/src/interface/cat.cpp:236
}
    354e:	a0 96       	adiw	r28, 0x20	; 32
    3550:	0f b6       	in	r0, 0x3f	; 63
    3552:	f8 94       	cli
    3554:	de bf       	out	0x3e, r29	; 62
    3556:	0f be       	out	0x3f, r0	; 63
    3558:	cd bf       	out	0x3d, r28	; 61
    355a:	df 91       	pop	r29
    355c:	cf 91       	pop	r28
    355e:	1f 91       	pop	r17
    3560:	0f 91       	pop	r16
    3562:	ff 90       	pop	r15
    3564:	ef 90       	pop	r14
    3566:	08 95       	ret

00003568 <serialEvent()>:
_Z11serialEventv():
/home/jgalera/develop/arduino/usdx/usdx_plus_orange/src/interface/cat.cpp:105
    }
#endif
  }
}

void serialEvent() {
    3568:	cf 92       	push	r12
    356a:	df 92       	push	r13
    356c:	ef 92       	push	r14
    356e:	ff 92       	push	r15
    3570:	0f 93       	push	r16
    3572:	1f 93       	push	r17
    3574:	cf 93       	push	r28
    3576:	df 93       	push	r29
    3578:	cd b7       	in	r28, 0x3d	; 61
    357a:	de b7       	in	r29, 0x3e	; 62
    357c:	a0 97       	sbiw	r28, 0x20	; 32
    357e:	0f b6       	in	r0, 0x3f	; 63
    3580:	f8 94       	cli
    3582:	de bf       	out	0x3e, r29	; 62
    3584:	0f be       	out	0x3f, r0	; 63
    3586:	cd bf       	out	0x3d, r28	; 61
/home/jgalera/develop/arduino/usdx/usdx_plus_orange/src/interface/cat.cpp:106
  if (Serial.available()) {
    3588:	8a e1       	ldi	r24, 0x1A	; 26
    358a:	96 e0       	ldi	r25, 0x06	; 6
    358c:	0e 94 b1 04 	call	0x962	; 0x962 <HardwareSerial::available()>
    3590:	89 2b       	or	r24, r25
    3592:	09 f4       	brne	.+2      	; 0x3596 <serialEvent()+0x2e>
    3594:	94 c0       	rjmp	.+296    	; 0x36be <serialEvent()+0x156>
/home/jgalera/develop/arduino/usdx/usdx_plus_orange/src/interface/cat.cpp:107
    rxend_event = millis() + 10;
    3596:	0e 94 40 04 	call	0x880	; 0x880 <millis>
    359a:	66 5f       	subi	r22, 0xF6	; 246
    359c:	7f 4f       	sbci	r23, 0xFF	; 255
    359e:	8f 4f       	sbci	r24, 0xFF	; 255
    35a0:	9f 4f       	sbci	r25, 0xFF	; 255
    35a2:	60 93 b9 05 	sts	0x05B9, r22	; 0x8005b9 <rxend_event>
    35a6:	70 93 ba 05 	sts	0x05BA, r23	; 0x8005ba <rxend_event+0x1>
    35aa:	80 93 bb 05 	sts	0x05BB, r24	; 0x8005bb <rxend_event+0x2>
    35ae:	90 93 bc 05 	sts	0x05BC, r25	; 0x8005bc <rxend_event+0x3>
/home/jgalera/develop/arduino/usdx/usdx_plus_orange/src/interface/cat.cpp:108
    char data = Serial.read();
    35b2:	8a e1       	ldi	r24, 0x1A	; 26
    35b4:	96 e0       	ldi	r25, 0x06	; 6
    35b6:	0e 94 8f 04 	call	0x91e	; 0x91e <HardwareSerial::read()>
/home/jgalera/develop/arduino/usdx/usdx_plus_orange/src/interface/cat.cpp:109
    CATcmd[cat_ptr++] = data;
    35ba:	e0 91 b8 05 	lds	r30, 0x05B8	; 0x8005b8 <cat_ptr>
    35be:	91 e0       	ldi	r25, 0x01	; 1
    35c0:	9e 0f       	add	r25, r30
    35c2:	90 93 b8 05 	sts	0x05B8, r25	; 0x8005b8 <cat_ptr>
    35c6:	f0 e0       	ldi	r31, 0x00	; 0
    35c8:	e8 56       	subi	r30, 0x68	; 104
    35ca:	fa 4f       	sbci	r31, 0xFA	; 250
    35cc:	80 83       	st	Z, r24
/home/jgalera/develop/arduino/usdx/usdx_plus_orange/src/interface/cat.cpp:110
    if (data == ';') {
    35ce:	8b 33       	cpi	r24, 0x3B	; 59
    35d0:	09 f0       	breq	.+2      	; 0x35d4 <serialEvent()+0x6c>
    35d2:	bf c1       	rjmp	.+894    	; 0x3952 <serialEvent()+0x3ea>
/home/jgalera/develop/arduino/usdx/usdx_plus_orange/src/interface/cat.cpp:111
      CATcmd[cat_ptr] = '\0';
    35d4:	e0 91 b8 05 	lds	r30, 0x05B8	; 0x8005b8 <cat_ptr>
    35d8:	f0 e0       	ldi	r31, 0x00	; 0
    35da:	e8 56       	subi	r30, 0x68	; 104
    35dc:	fa 4f       	sbci	r31, 0xFA	; 250
    35de:	10 82       	st	Z, r1
/home/jgalera/develop/arduino/usdx/usdx_plus_orange/src/interface/cat.cpp:112
      cat_ptr = 0;
    35e0:	10 92 b8 05 	sts	0x05B8, r1	; 0x8005b8 <cat_ptr>
/home/jgalera/develop/arduino/usdx/usdx_plus_orange/src/interface/cat.cpp:114
#ifdef _SERIAL
      if (!cat_active) {
    35e4:	80 91 c1 05 	lds	r24, 0x05C1	; 0x8005c1 <cat_active>
    35e8:	81 11       	cpse	r24, r1
    35ea:	05 c0       	rjmp	.+10     	; 0x35f6 <serialEvent()+0x8e>
/home/jgalera/develop/arduino/usdx/usdx_plus_orange/src/interface/cat.cpp:115
        cat_active = 1;
    35ec:	81 e0       	ldi	r24, 0x01	; 1
    35ee:	80 93 c1 05 	sts	0x05C1, r24	; 0x8005c1 <cat_active>
/home/jgalera/develop/arduino/usdx/usdx_plus_orange/src/interface/cat.cpp:116
        smode = 0;
    35f2:	10 92 cb 01 	sts	0x01CB, r1	; 0x8001cb <smode>
analyseCATcmd():
/home/jgalera/develop/arduino/usdx/usdx_plus_orange/src/interface/cat.cpp:14

char CATcmd[CATCMD_SIZE];
volatile uint8_t cat_ptr = 0;

void analyseCATcmd() {
  if ((CATcmd[0] == 'F') && (CATcmd[1] == 'A') && (CATcmd[2] == ';'))
    35f6:	80 91 98 05 	lds	r24, 0x0598	; 0x800598 <CATcmd>
    35fa:	86 34       	cpi	r24, 0x46	; 70
    35fc:	09 f0       	breq	.+2      	; 0x3600 <serialEvent()+0x98>
    35fe:	8b c0       	rjmp	.+278    	; 0x3716 <serialEvent()+0x1ae>
    3600:	80 91 99 05 	lds	r24, 0x0599	; 0x800599 <CATcmd+0x1>
    3604:	81 34       	cpi	r24, 0x41	; 65
    3606:	09 f0       	breq	.+2      	; 0x360a <serialEvent()+0xa2>
    3608:	64 c1       	rjmp	.+712    	; 0x38d2 <serialEvent()+0x36a>
    360a:	80 91 9a 05 	lds	r24, 0x059A	; 0x80059a <CATcmd+0x2>
    360e:	8b 33       	cpi	r24, 0x3B	; 59
    3610:	09 f0       	breq	.+2      	; 0x3614 <serialEvent()+0xac>
    3612:	64 c0       	rjmp	.+200    	; 0x36dc <serialEvent()+0x174>
Command_GETFreqA():
/home/jgalera/develop/arduino/usdx/usdx_plus_orange/src/interface/cat.cpp:178
}
#endif

void Command_GETFreqA() {
#ifdef _SERIAL
  if (!cat_active)
    3614:	80 91 c1 05 	lds	r24, 0x05C1	; 0x8005c1 <cat_active>
    3618:	88 23       	and	r24, r24
    361a:	09 f4       	brne	.+2      	; 0x361e <serialEvent()+0xb6>
    361c:	4a c0       	rjmp	.+148    	; 0x36b2 <serialEvent()+0x14a>
/home/jgalera/develop/arduino/usdx/usdx_plus_orange/src/interface/cat.cpp:185
#endif
  char Catbuffer[32];
  unsigned int g, m, k, h;
  uint32_t tf;

  tf = freq;
    361e:	60 91 b5 01 	lds	r22, 0x01B5	; 0x8001b5 <freq>
    3622:	70 91 b6 01 	lds	r23, 0x01B6	; 0x8001b6 <freq+0x1>
    3626:	80 91 b7 01 	lds	r24, 0x01B7	; 0x8001b7 <freq+0x2>
    362a:	90 91 b8 01 	lds	r25, 0x01B8	; 0x8001b8 <freq+0x3>
    362e:	20 e0       	ldi	r18, 0x00	; 0
    3630:	3a ec       	ldi	r19, 0xCA	; 202
    3632:	4a e9       	ldi	r20, 0x9A	; 154
    3634:	5b e3       	ldi	r21, 0x3B	; 59
    3636:	0e 94 b8 39 	call	0x7370	; 0x7370 <__udivmodsi4>
    363a:	12 2f       	mov	r17, r18
    363c:	03 2f       	mov	r16, r19
    363e:	20 e4       	ldi	r18, 0x40	; 64
    3640:	32 e4       	ldi	r19, 0x42	; 66
    3642:	4f e0       	ldi	r20, 0x0F	; 15
    3644:	50 e0       	ldi	r21, 0x00	; 0
    3646:	0e 94 b8 39 	call	0x7370	; 0x7370 <__udivmodsi4>
    364a:	6b 01       	movw	r12, r22
    364c:	7c 01       	movw	r14, r24
/home/jgalera/develop/arduino/usdx/usdx_plus_orange/src/interface/cat.cpp:194
  tf -= m * 1000000lu;
  k = (unsigned int)(tf / 1000lu);
  tf -= k * 1000lu;
  h = (unsigned int)tf;

  sprintf(Catbuffer, "FA%02u%03u", g, m);
    364e:	3f 93       	push	r19
    3650:	2f 93       	push	r18
    3652:	0f 93       	push	r16
    3654:	1f 93       	push	r17
    3656:	8f e9       	ldi	r24, 0x9F	; 159
    3658:	92 e0       	ldi	r25, 0x02	; 2
    365a:	9f 93       	push	r25
    365c:	8f 93       	push	r24
    365e:	8e 01       	movw	r16, r28
    3660:	0f 5f       	subi	r16, 0xFF	; 255
    3662:	1f 4f       	sbci	r17, 0xFF	; 255
    3664:	1f 93       	push	r17
    3666:	0f 93       	push	r16
    3668:	0e 94 ff 3a 	call	0x75fe	; 0x75fe <sprintf>
/home/jgalera/develop/arduino/usdx/usdx_plus_orange/src/interface/cat.cpp:195
  Serial.print(Catbuffer);
    366c:	b8 01       	movw	r22, r16
    366e:	8a e1       	ldi	r24, 0x1A	; 26
    3670:	96 e0       	ldi	r25, 0x06	; 6
    3672:	0e 94 2f 1a 	call	0x345e	; 0x345e <Print::print(char const*)>
/home/jgalera/develop/arduino/usdx/usdx_plus_orange/src/interface/cat.cpp:192
  tf -= g * 1000000000lu;
  m = (unsigned int)(tf / 1000000lu);
  tf -= m * 1000000lu;
  k = (unsigned int)(tf / 1000lu);
  tf -= k * 1000lu;
  h = (unsigned int)tf;
    3676:	c7 01       	movw	r24, r14
    3678:	b6 01       	movw	r22, r12
    367a:	28 ee       	ldi	r18, 0xE8	; 232
    367c:	33 e0       	ldi	r19, 0x03	; 3
    367e:	40 e0       	ldi	r20, 0x00	; 0
    3680:	50 e0       	ldi	r21, 0x00	; 0
    3682:	0e 94 b8 39 	call	0x7370	; 0x7370 <__udivmodsi4>
/home/jgalera/develop/arduino/usdx/usdx_plus_orange/src/interface/cat.cpp:196

  sprintf(Catbuffer, "FA%02u%03u", g, m);
  Serial.print(Catbuffer);
  sprintf(Catbuffer, "%03u%03u;", k, h);
    3686:	7f 93       	push	r23
    3688:	6f 93       	push	r22
    368a:	3f 93       	push	r19
    368c:	2f 93       	push	r18
    368e:	8a ea       	ldi	r24, 0xAA	; 170
    3690:	92 e0       	ldi	r25, 0x02	; 2
    3692:	9f 93       	push	r25
    3694:	8f 93       	push	r24
    3696:	1f 93       	push	r17
    3698:	0f 93       	push	r16
    369a:	0e 94 ff 3a 	call	0x75fe	; 0x75fe <sprintf>
/home/jgalera/develop/arduino/usdx/usdx_plus_orange/src/interface/cat.cpp:197
  Serial.print(Catbuffer);
    369e:	b8 01       	movw	r22, r16
    36a0:	8a e1       	ldi	r24, 0x1A	; 26
    36a2:	96 e0       	ldi	r25, 0x06	; 6
    36a4:	0e 94 2f 1a 	call	0x345e	; 0x345e <Print::print(char const*)>
    36a8:	0f b6       	in	r0, 0x3f	; 63
    36aa:	f8 94       	cli
    36ac:	de bf       	out	0x3e, r29	; 62
    36ae:	0f be       	out	0x3f, r0	; 63
    36b0:	cd bf       	out	0x3d, r28	; 61
_Z11serialEventv():
/home/jgalera/develop/arduino/usdx/usdx_plus_orange/src/interface/cat.cpp:134
      }
      interrupts();
#else
      analyseCATcmd();
#endif
      delay(10);
    36b2:	6a e0       	ldi	r22, 0x0A	; 10
    36b4:	70 e0       	ldi	r23, 0x00	; 0
    36b6:	80 e0       	ldi	r24, 0x00	; 0
    36b8:	90 e0       	ldi	r25, 0x00	; 0
    36ba:	0e 94 0d 04 	call	0x81a	; 0x81a <delay>
/home/jgalera/develop/arduino/usdx/usdx_plus_orange/src/interface/cat.cpp:140
    } else if (cat_ptr > (CATCMD_SIZE - 1)) {
      Serial.print("E;");
      cat_ptr = 0;
    }
  }
}
    36be:	a0 96       	adiw	r28, 0x20	; 32
    36c0:	0f b6       	in	r0, 0x3f	; 63
    36c2:	f8 94       	cli
    36c4:	de bf       	out	0x3e, r29	; 62
    36c6:	0f be       	out	0x3f, r0	; 63
    36c8:	cd bf       	out	0x3d, r28	; 61
    36ca:	df 91       	pop	r29
    36cc:	cf 91       	pop	r28
    36ce:	1f 91       	pop	r17
    36d0:	0f 91       	pop	r16
    36d2:	ff 90       	pop	r15
    36d4:	ef 90       	pop	r14
    36d6:	df 90       	pop	r13
    36d8:	cf 90       	pop	r12
    36da:	08 95       	ret
analyseCATcmd():
/home/jgalera/develop/arduino/usdx/usdx_plus_orange/src/interface/cat.cpp:17

void analyseCATcmd() {
  if ((CATcmd[0] == 'F') && (CATcmd[1] == 'A') && (CATcmd[2] == ';'))
    Command_GETFreqA();

  else if ((CATcmd[0] == 'F') && (CATcmd[1] == 'A') && (CATcmd[13] == ';'))
    36dc:	80 91 a5 05 	lds	r24, 0x05A5	; 0x8005a5 <CATcmd+0xd>
    36e0:	8b 33       	cpi	r24, 0x3B	; 59
    36e2:	99 f5       	brne	.+102    	; 0x374a <serialEvent()+0x1e2>
Command_SETFreqA():
/home/jgalera/develop/arduino/usdx/usdx_plus_orange/src/interface/cat.cpp:202
  Serial.print(Catbuffer);
}

void Command_SETFreqA() {
  char Catbuffer[16];
  strncpy(Catbuffer, CATcmd + 2, 11);
    36e4:	4b e0       	ldi	r20, 0x0B	; 11
    36e6:	50 e0       	ldi	r21, 0x00	; 0
    36e8:	6a e9       	ldi	r22, 0x9A	; 154
    36ea:	75 e0       	ldi	r23, 0x05	; 5
    36ec:	ce 01       	movw	r24, r28
    36ee:	01 96       	adiw	r24, 0x01	; 1
    36f0:	0e 94 f0 3a 	call	0x75e0	; 0x75e0 <strncpy>
/home/jgalera/develop/arduino/usdx/usdx_plus_orange/src/interface/cat.cpp:203
  Catbuffer[11] = '\0';
    36f4:	1c 86       	std	Y+12, r1	; 0x0c
/home/jgalera/develop/arduino/usdx/usdx_plus_orange/src/interface/cat.cpp:205

  freq = (uint32_t)atol(Catbuffer);
    36f6:	ce 01       	movw	r24, r28
    36f8:	01 96       	adiw	r24, 0x01	; 1
    36fa:	0e 94 0c 34 	call	0x6818	; 0x6818 <atol>
    36fe:	60 93 b5 01 	sts	0x01B5, r22	; 0x8001b5 <freq>
    3702:	70 93 b6 01 	sts	0x01B6, r23	; 0x8001b6 <freq+0x1>
    3706:	80 93 b7 01 	sts	0x01B7, r24	; 0x8001b7 <freq+0x2>
    370a:	90 93 b8 01 	sts	0x01B8, r25	; 0x8001b8 <freq+0x3>
/home/jgalera/develop/arduino/usdx/usdx_plus_orange/src/interface/cat.cpp:206
  change = true;
    370e:	81 e0       	ldi	r24, 0x01	; 1
    3710:	80 93 c6 01 	sts	0x01C6, r24	; 0x8001c6 <change>
    3714:	ce cf       	rjmp	.-100    	; 0x36b2 <serialEvent()+0x14a>
analyseCATcmd():
/home/jgalera/develop/arduino/usdx/usdx_plus_orange/src/interface/cat.cpp:20
    Command_GETFreqA();

  else if ((CATcmd[0] == 'F') && (CATcmd[1] == 'A') && (CATcmd[13] == ';'))
    Command_SETFreqA();

  else if ((CATcmd[0] == 'I') && (CATcmd[1] == 'F') && (CATcmd[2] == ';'))
    3716:	89 34       	cpi	r24, 0x49	; 73
    3718:	d9 f4       	brne	.+54     	; 0x3750 <serialEvent()+0x1e8>
    371a:	80 91 99 05 	lds	r24, 0x0599	; 0x800599 <CATcmd+0x1>
    371e:	86 34       	cpi	r24, 0x46	; 70
    3720:	61 f4       	brne	.+24     	; 0x373a <serialEvent()+0x1d2>
    3722:	80 91 9a 05 	lds	r24, 0x059A	; 0x80059a <CATcmd+0x2>
    3726:	8b 33       	cpi	r24, 0x3B	; 59
    3728:	81 f4       	brne	.+32     	; 0x374a <serialEvent()+0x1e2>
Command_IF():
/home/jgalera/develop/arduino/usdx/usdx_plus_orange/src/interface/cat.cpp:211
  change = true;
}

void Command_IF() {
#ifdef _SERIAL
  if (!cat_active)
    372a:	80 91 c1 05 	lds	r24, 0x05C1	; 0x8005c1 <cat_active>
    372e:	88 23       	and	r24, r24
    3730:	09 f4       	brne	.+2      	; 0x3734 <serialEvent()+0x1cc>
    3732:	bf cf       	rjmp	.-130    	; 0x36b2 <serialEvent()+0x14a>
    3734:	0e 94 37 1a 	call	0x346e	; 0x346e <Command_IF() [clone .part.1]>
    3738:	bc cf       	rjmp	.-136    	; 0x36b2 <serialEvent()+0x14a>
analyseCATcmd():
/home/jgalera/develop/arduino/usdx/usdx_plus_orange/src/interface/cat.cpp:23
    Command_SETFreqA();

  else if ((CATcmd[0] == 'I') && (CATcmd[1] == 'F') && (CATcmd[2] == ';'))
    Command_IF();

  else if ((CATcmd[0] == 'I') && (CATcmd[1] == 'D') && (CATcmd[2] == ';'))
    373a:	84 34       	cpi	r24, 0x44	; 68
    373c:	31 f4       	brne	.+12     	; 0x374a <serialEvent()+0x1e2>
    373e:	80 91 9a 05 	lds	r24, 0x059A	; 0x80059a <CATcmd+0x2>
Command_ID():
/home/jgalera/develop/arduino/usdx/usdx_plus_orange/src/interface/cat.cpp:299
  char Catbuffer[16];
  sprintf(Catbuffer, "VX%c;", mode);
  Serial.print(Catbuffer);
}

void Command_ID() { Serial.print("ID020;"); }
    3742:	64 eb       	ldi	r22, 0xB4	; 180
    3744:	72 e0       	ldi	r23, 0x02	; 2
analyseCATcmd():
/home/jgalera/develop/arduino/usdx/usdx_plus_orange/src/interface/cat.cpp:23
    Command_SETFreqA();

  else if ((CATcmd[0] == 'I') && (CATcmd[1] == 'F') && (CATcmd[2] == ';'))
    Command_IF();

  else if ((CATcmd[0] == 'I') && (CATcmd[1] == 'D') && (CATcmd[2] == ';'))
    3746:	8b 33       	cpi	r24, 0x3B	; 59
    3748:	f9 f0       	breq	.+62     	; 0x3788 <serialEvent()+0x220>
/home/jgalera/develop/arduino/usdx/usdx_plus_orange/src/interface/cat.cpp:94
  else if ((CATcmd[0] == 'U') && (CATcmd[1] == 'A') && (CATcmd[3] == ';'))
    Command_UA(CATcmd[2]);
#endif

  else {
    Serial.print("?;");
    374a:	60 ef       	ldi	r22, 0xF0	; 240
    374c:	72 e0       	ldi	r23, 0x02	; 2
    374e:	1c c0       	rjmp	.+56     	; 0x3788 <serialEvent()+0x220>
/home/jgalera/develop/arduino/usdx/usdx_plus_orange/src/interface/cat.cpp:26
    Command_IF();

  else if ((CATcmd[0] == 'I') && (CATcmd[1] == 'D') && (CATcmd[2] == ';'))
    Command_ID();

  else if ((CATcmd[0] == 'P') && (CATcmd[1] == 'S') && (CATcmd[2] == ';'))
    3750:	80 35       	cpi	r24, 0x50	; 80
    3752:	69 f4       	brne	.+26     	; 0x376e <serialEvent()+0x206>
    3754:	80 91 99 05 	lds	r24, 0x0599	; 0x800599 <CATcmd+0x1>
    3758:	83 35       	cpi	r24, 0x53	; 83
    375a:	b9 f7       	brne	.-18     	; 0x374a <serialEvent()+0x1e2>
    375c:	80 91 9a 05 	lds	r24, 0x059A	; 0x80059a <CATcmd+0x2>
Command_PS():
/home/jgalera/develop/arduino/usdx/usdx_plus_orange/src/interface/cat.cpp:300
  sprintf(Catbuffer, "VX%c;", mode);
  Serial.print(Catbuffer);
}

void Command_ID() { Serial.print("ID020;"); }
void Command_PS() { Serial.print("PS1;"); }
    3760:	6b eb       	ldi	r22, 0xBB	; 187
    3762:	72 e0       	ldi	r23, 0x02	; 2
analyseCATcmd():
/home/jgalera/develop/arduino/usdx/usdx_plus_orange/src/interface/cat.cpp:26
    Command_IF();

  else if ((CATcmd[0] == 'I') && (CATcmd[1] == 'D') && (CATcmd[2] == ';'))
    Command_ID();

  else if ((CATcmd[0] == 'P') && (CATcmd[1] == 'S') && (CATcmd[2] == ';'))
    3764:	8b 33       	cpi	r24, 0x3B	; 59
    3766:	81 f0       	breq	.+32     	; 0x3788 <serialEvent()+0x220>
/home/jgalera/develop/arduino/usdx/usdx_plus_orange/src/interface/cat.cpp:29
    Command_PS();

  else if ((CATcmd[0] == 'P') && (CATcmd[1] == 'S') && (CATcmd[2] == '1'))
    3768:	81 33       	cpi	r24, 0x31	; 49
    376a:	79 f7       	brne	.-34     	; 0x374a <serialEvent()+0x1e2>
    376c:	a2 cf       	rjmp	.-188    	; 0x36b2 <serialEvent()+0x14a>
/home/jgalera/develop/arduino/usdx/usdx_plus_orange/src/interface/cat.cpp:32
    Command_PS1();

  else if ((CATcmd[0] == 'A') && (CATcmd[1] == 'I') && (CATcmd[2] == ';'))
    376e:	81 34       	cpi	r24, 0x41	; 65
    3770:	99 f4       	brne	.+38     	; 0x3798 <serialEvent()+0x230>
    3772:	80 91 99 05 	lds	r24, 0x0599	; 0x800599 <CATcmd+0x1>
    3776:	89 34       	cpi	r24, 0x49	; 73
    3778:	09 f0       	breq	.+2      	; 0x377c <serialEvent()+0x214>
    377a:	79 c0       	rjmp	.+242    	; 0x386e <serialEvent()+0x306>
    377c:	80 91 9a 05 	lds	r24, 0x059A	; 0x80059a <CATcmd+0x2>
    3780:	8b 33       	cpi	r24, 0x3B	; 59
    3782:	39 f4       	brne	.+14     	; 0x3792 <serialEvent()+0x22a>
Command_AI():
/home/jgalera/develop/arduino/usdx/usdx_plus_orange/src/interface/cat.cpp:238
  Serial.print(mode + 1);
  sprintf(Catbuffer, "0000000;");
  Serial.print(Catbuffer);
}

void Command_AI() { Serial.print("AI0;"); }
    3784:	60 ec       	ldi	r22, 0xC0	; 192
    3786:	72 e0       	ldi	r23, 0x02	; 2
analyseCATcmd():
/home/jgalera/develop/arduino/usdx/usdx_plus_orange/src/interface/cat.cpp:94
  else if ((CATcmd[0] == 'U') && (CATcmd[1] == 'A') && (CATcmd[3] == ';'))
    Command_UA(CATcmd[2]);
#endif

  else {
    Serial.print("?;");
    3788:	8a e1       	ldi	r24, 0x1A	; 26
    378a:	96 e0       	ldi	r25, 0x06	; 6
    378c:	0e 94 2f 1a 	call	0x345e	; 0x345e <Print::print(char const*)>
    3790:	90 cf       	rjmp	.-224    	; 0x36b2 <serialEvent()+0x14a>
/home/jgalera/develop/arduino/usdx/usdx_plus_orange/src/interface/cat.cpp:35
    Command_PS1();

  else if ((CATcmd[0] == 'A') && (CATcmd[1] == 'I') && (CATcmd[2] == ';'))
    Command_AI();

  else if ((CATcmd[0] == 'A') && (CATcmd[1] == 'I') && (CATcmd[2] == '0'))
    3792:	80 33       	cpi	r24, 0x30	; 48
    3794:	d1 f6       	brne	.-76     	; 0x374a <serialEvent()+0x1e2>
    3796:	f6 cf       	rjmp	.-20     	; 0x3784 <serialEvent()+0x21c>
/home/jgalera/develop/arduino/usdx/usdx_plus_orange/src/interface/cat.cpp:38
    Command_AI0();

  else if ((CATcmd[0] == 'M') && (CATcmd[1] == 'D') && (CATcmd[2] == ';'))
    3798:	8d 34       	cpi	r24, 0x4D	; 77
    379a:	c1 f5       	brne	.+112    	; 0x380c <serialEvent()+0x2a4>
    379c:	80 91 99 05 	lds	r24, 0x0599	; 0x800599 <CATcmd+0x1>
    37a0:	84 34       	cpi	r24, 0x44	; 68
    37a2:	99 f6       	brne	.-90     	; 0x374a <serialEvent()+0x1e2>
    37a4:	80 91 9a 05 	lds	r24, 0x059A	; 0x80059a <CATcmd+0x2>
    37a8:	8b 33       	cpi	r24, 0x3B	; 59
    37aa:	a9 f4       	brne	.+42     	; 0x37d6 <serialEvent()+0x26e>
Command_GetMD():
/home/jgalera/develop/arduino/usdx/usdx_plus_orange/src/interface/cat.cpp:251
}

void Command_FL0() { Serial.print("FL0;"); }

void Command_GetMD() {
  Serial.print("MD");
    37ac:	65 ec       	ldi	r22, 0xC5	; 197
    37ae:	72 e0       	ldi	r23, 0x02	; 2
    37b0:	8a e1       	ldi	r24, 0x1A	; 26
    37b2:	96 e0       	ldi	r25, 0x06	; 6
    37b4:	0e 94 2f 1a 	call	0x345e	; 0x345e <Print::print(char const*)>
/home/jgalera/develop/arduino/usdx/usdx_plus_orange/src/interface/cat.cpp:252
  Serial.print(mode + 1);
    37b8:	60 91 cd 01 	lds	r22, 0x01CD	; 0x8001cd <mode>
    37bc:	70 e0       	ldi	r23, 0x00	; 0
    37be:	6f 5f       	subi	r22, 0xFF	; 255
    37c0:	7f 4f       	sbci	r23, 0xFF	; 255
    37c2:	8a e1       	ldi	r24, 0x1A	; 26
    37c4:	96 e0       	ldi	r25, 0x06	; 6
    37c6:	0e 94 f1 19 	call	0x33e2	; 0x33e2 <Print::print(int, int) [clone .constprop.27]>
/home/jgalera/develop/arduino/usdx/usdx_plus_orange/src/interface/cat.cpp:253
  Serial.print(';');
    37ca:	6b e3       	ldi	r22, 0x3B	; 59
    37cc:	8a e1       	ldi	r24, 0x1A	; 26
    37ce:	96 e0       	ldi	r25, 0x06	; 6
    37d0:	0e 94 4c 04 	call	0x898	; 0x898 <Print::print(char)>
    37d4:	6e cf       	rjmp	.-292    	; 0x36b2 <serialEvent()+0x14a>
analyseCATcmd():
/home/jgalera/develop/arduino/usdx/usdx_plus_orange/src/interface/cat.cpp:41
    Command_AI0();

  else if ((CATcmd[0] == 'M') && (CATcmd[1] == 'D') && (CATcmd[2] == ';'))
    Command_GetMD();

  else if ((CATcmd[0] == 'M') && (CATcmd[1] == 'D') && (CATcmd[3] == ';'))
    37d6:	90 91 9b 05 	lds	r25, 0x059B	; 0x80059b <CATcmd+0x3>
    37da:	9b 33       	cpi	r25, 0x3B	; 59
    37dc:	09 f0       	breq	.+2      	; 0x37e0 <serialEvent()+0x278>
    37de:	b5 cf       	rjmp	.-150    	; 0x374a <serialEvent()+0x1e2>
Command_SetMD():
/home/jgalera/develop/arduino/usdx/usdx_plus_orange/src/interface/cat.cpp:257
  Serial.print(mode + 1);
  Serial.print(';');
}

void Command_SetMD() {
  mode = CATcmd[2] - '1';
    37e0:	81 53       	subi	r24, 0x31	; 49
    37e2:	80 93 cd 01 	sts	0x01CD, r24	; 0x8001cd <mode>
/home/jgalera/develop/arduino/usdx/usdx_plus_orange/src/interface/cat.cpp:258
  vfomode[vfosel % 2] = mode;
    37e6:	80 91 cd 01 	lds	r24, 0x01CD	; 0x8001cd <mode>
    37ea:	90 91 f0 05 	lds	r25, 0x05F0	; 0x8005f0 <vfosel>
    37ee:	09 2f       	mov	r16, r25
    37f0:	01 70       	andi	r16, 0x01	; 1
    37f2:	10 e0       	ldi	r17, 0x00	; 0
    37f4:	f8 01       	movw	r30, r16
    37f6:	ef 53       	subi	r30, 0x3F	; 63
    37f8:	fe 4f       	sbci	r31, 0xFE	; 254
    37fa:	80 83       	st	Z, r24
/home/jgalera/develop/arduino/usdx/usdx_plus_orange/src/interface/cat.cpp:259
  change = true;
    37fc:	81 e0       	ldi	r24, 0x01	; 1
    37fe:	80 93 c6 01 	sts	0x01C6, r24	; 0x8001c6 <change>
/home/jgalera/develop/arduino/usdx/usdx_plus_orange/src/interface/cat.cpp:260
  si5351.iqmsa = 0;
    3802:	10 92 d4 06 	sts	0x06D4, r1	; 0x8006d4 <si5351+0x18>
    3806:	10 92 d3 06 	sts	0x06D3, r1	; 0x8006d3 <si5351+0x17>
    380a:	53 cf       	rjmp	.-346    	; 0x36b2 <serialEvent()+0x14a>
analyseCATcmd():
/home/jgalera/develop/arduino/usdx/usdx_plus_orange/src/interface/cat.cpp:44
    Command_GetMD();

  else if ((CATcmd[0] == 'M') && (CATcmd[1] == 'D') && (CATcmd[3] == ';'))
    Command_SetMD();

  else if ((CATcmd[0] == 'R') && (CATcmd[1] == 'X') && (CATcmd[2] == ';'))
    380c:	82 35       	cpi	r24, 0x52	; 82
    380e:	c1 f4       	brne	.+48     	; 0x3840 <serialEvent()+0x2d8>
    3810:	80 91 99 05 	lds	r24, 0x0599	; 0x800599 <CATcmd+0x1>
    3814:	88 35       	cpi	r24, 0x58	; 88
    3816:	09 f0       	breq	.+2      	; 0x381a <serialEvent()+0x2b2>
    3818:	44 c0       	rjmp	.+136    	; 0x38a2 <serialEvent()+0x33a>
    381a:	80 91 9a 05 	lds	r24, 0x059A	; 0x80059a <CATcmd+0x2>
    381e:	8b 33       	cpi	r24, 0x3B	; 59
    3820:	09 f0       	breq	.+2      	; 0x3824 <serialEvent()+0x2bc>
    3822:	93 cf       	rjmp	.-218    	; 0x374a <serialEvent()+0x1e2>
Command_RX():
/home/jgalera/develop/arduino/usdx/usdx_plus_orange/src/interface/cat.cpp:267

void Command_AI0() { Serial.print("AI0;"); }

void Command_RX() {
#ifdef TX_ENABLE
  switch_rxtx(0);
    3824:	80 e0       	ldi	r24, 0x00	; 0
    3826:	0e 94 07 14 	call	0x280e	; 0x280e <switch_rxtx(unsigned char)>
/home/jgalera/develop/arduino/usdx/usdx_plus_orange/src/interface/cat.cpp:268
  semi_qsk_timeout = 0;
    382a:	10 92 07 06 	sts	0x0607, r1	; 0x800607 <semi_qsk_timeout>
    382e:	10 92 08 06 	sts	0x0608, r1	; 0x800608 <semi_qsk_timeout+0x1>
    3832:	10 92 09 06 	sts	0x0609, r1	; 0x800609 <semi_qsk_timeout+0x2>
    3836:	10 92 0a 06 	sts	0x060A, r1	; 0x80060a <semi_qsk_timeout+0x3>
/home/jgalera/develop/arduino/usdx/usdx_plus_orange/src/interface/cat.cpp:270
#endif
  Serial.print("RX0;");
    383a:	68 ec       	ldi	r22, 0xC8	; 200
    383c:	72 e0       	ldi	r23, 0x02	; 2
    383e:	a4 cf       	rjmp	.-184    	; 0x3788 <serialEvent()+0x220>
analyseCATcmd():
/home/jgalera/develop/arduino/usdx/usdx_plus_orange/src/interface/cat.cpp:47
    Command_SetMD();

  else if ((CATcmd[0] == 'R') && (CATcmd[1] == 'X') && (CATcmd[2] == ';'))
    Command_RX();

  else if ((CATcmd[0] == 'T') && (CATcmd[1] == 'X') && (CATcmd[2] == ';'))
    3840:	84 35       	cpi	r24, 0x54	; 84
    3842:	01 f5       	brne	.+64     	; 0x3884 <serialEvent()+0x31c>
    3844:	80 91 99 05 	lds	r24, 0x0599	; 0x800599 <CATcmd+0x1>
    3848:	88 35       	cpi	r24, 0x58	; 88
    384a:	09 f0       	breq	.+2      	; 0x384e <serialEvent()+0x2e6>
    384c:	7e cf       	rjmp	.-260    	; 0x374a <serialEvent()+0x1e2>
    384e:	80 91 9a 05 	lds	r24, 0x059A	; 0x80059a <CATcmd+0x2>
    3852:	8b 33       	cpi	r24, 0x3B	; 59
    3854:	21 f4       	brne	.+8      	; 0x385e <serialEvent()+0x2f6>
Command_TX0():
/home/jgalera/develop/arduino/usdx/usdx_plus_orange/src/interface/cat.cpp:275
  Serial.print("RX0;");
}

void Command_TX0() {
#ifdef TX_ENABLE
  switch_rxtx(1);
    3856:	81 e0       	ldi	r24, 0x01	; 1
    3858:	0e 94 07 14 	call	0x280e	; 0x280e <switch_rxtx(unsigned char)>
    385c:	2a cf       	rjmp	.-428    	; 0x36b2 <serialEvent()+0x14a>
analyseCATcmd():
/home/jgalera/develop/arduino/usdx/usdx_plus_orange/src/interface/cat.cpp:50
    Command_RX();

  else if ((CATcmd[0] == 'T') && (CATcmd[1] == 'X') && (CATcmd[2] == ';'))
    Command_TX0();

  else if ((CATcmd[0] == 'T') && (CATcmd[1] == 'X') && (CATcmd[2] == '0'))
    385e:	80 33       	cpi	r24, 0x30	; 48
    3860:	d1 f3       	breq	.-12     	; 0x3856 <serialEvent()+0x2ee>
/home/jgalera/develop/arduino/usdx/usdx_plus_orange/src/interface/cat.cpp:53
    Command_TX0();

  else if ((CATcmd[0] == 'T') && (CATcmd[1] == 'X') && (CATcmd[2] == '1'))
    3862:	81 33       	cpi	r24, 0x31	; 49
    3864:	c1 f3       	breq	.-16     	; 0x3856 <serialEvent()+0x2ee>
/home/jgalera/develop/arduino/usdx/usdx_plus_orange/src/interface/cat.cpp:56
    Command_TX1();

  else if ((CATcmd[0] == 'T') && (CATcmd[1] == 'X') && (CATcmd[2] == '2'))
    3866:	82 33       	cpi	r24, 0x32	; 50
    3868:	09 f0       	breq	.+2      	; 0x386c <serialEvent()+0x304>
    386a:	6f cf       	rjmp	.-290    	; 0x374a <serialEvent()+0x1e2>
    386c:	f4 cf       	rjmp	.-24     	; 0x3856 <serialEvent()+0x2ee>
/home/jgalera/develop/arduino/usdx/usdx_plus_orange/src/interface/cat.cpp:59
    Command_TX2();

  else if ((CATcmd[0] == 'A') && (CATcmd[1] == 'G') && (CATcmd[2] == '0'))
    386e:	87 34       	cpi	r24, 0x47	; 71
    3870:	09 f0       	breq	.+2      	; 0x3874 <serialEvent()+0x30c>
    3872:	6b cf       	rjmp	.-298    	; 0x374a <serialEvent()+0x1e2>
    3874:	80 91 9a 05 	lds	r24, 0x059A	; 0x80059a <CATcmd+0x2>
Command_AG0():
/home/jgalera/develop/arduino/usdx/usdx_plus_orange/src/interface/cat.cpp:239
  sprintf(Catbuffer, "0000000;");
  Serial.print(Catbuffer);
}

void Command_AI() { Serial.print("AI0;"); }
void Command_AG0() { Serial.print("AG0;"); }
    3878:	6d ec       	ldi	r22, 0xCD	; 205
    387a:	72 e0       	ldi	r23, 0x02	; 2
analyseCATcmd():
/home/jgalera/develop/arduino/usdx/usdx_plus_orange/src/interface/cat.cpp:59
    Command_TX1();

  else if ((CATcmd[0] == 'T') && (CATcmd[1] == 'X') && (CATcmd[2] == '2'))
    Command_TX2();

  else if ((CATcmd[0] == 'A') && (CATcmd[1] == 'G') && (CATcmd[2] == '0'))
    387c:	80 33       	cpi	r24, 0x30	; 48
    387e:	09 f0       	breq	.+2      	; 0x3882 <serialEvent()+0x31a>
    3880:	64 cf       	rjmp	.-312    	; 0x374a <serialEvent()+0x1e2>
    3882:	82 cf       	rjmp	.-252    	; 0x3788 <serialEvent()+0x220>
/home/jgalera/develop/arduino/usdx/usdx_plus_orange/src/interface/cat.cpp:62
    Command_AG0();

  else if ((CATcmd[0] == 'X') && (CATcmd[1] == 'T') && (CATcmd[2] == '1'))
    3884:	88 35       	cpi	r24, 0x58	; 88
    3886:	d9 f5       	brne	.+118    	; 0x38fe <serialEvent()+0x396>
    3888:	80 91 99 05 	lds	r24, 0x0599	; 0x800599 <CATcmd+0x1>
    388c:	84 35       	cpi	r24, 0x54	; 84
    388e:	09 f0       	breq	.+2      	; 0x3892 <serialEvent()+0x32a>
    3890:	5c cf       	rjmp	.-328    	; 0x374a <serialEvent()+0x1e2>
    3892:	80 91 9a 05 	lds	r24, 0x059A	; 0x80059a <CATcmd+0x2>
Command_XT1():
/home/jgalera/develop/arduino/usdx/usdx_plus_orange/src/interface/cat.cpp:240
  Serial.print(Catbuffer);
}

void Command_AI() { Serial.print("AI0;"); }
void Command_AG0() { Serial.print("AG0;"); }
void Command_XT1() { Serial.print("XT1;"); }
    3896:	62 ed       	ldi	r22, 0xD2	; 210
    3898:	72 e0       	ldi	r23, 0x02	; 2
analyseCATcmd():
/home/jgalera/develop/arduino/usdx/usdx_plus_orange/src/interface/cat.cpp:62
    Command_TX2();

  else if ((CATcmd[0] == 'A') && (CATcmd[1] == 'G') && (CATcmd[2] == '0'))
    Command_AG0();

  else if ((CATcmd[0] == 'X') && (CATcmd[1] == 'T') && (CATcmd[2] == '1'))
    389a:	81 33       	cpi	r24, 0x31	; 49
    389c:	09 f0       	breq	.+2      	; 0x38a0 <serialEvent()+0x338>
    389e:	55 cf       	rjmp	.-342    	; 0x374a <serialEvent()+0x1e2>
    38a0:	73 cf       	rjmp	.-282    	; 0x3788 <serialEvent()+0x220>
/home/jgalera/develop/arduino/usdx/usdx_plus_orange/src/interface/cat.cpp:65
    Command_XT1();

  else if ((CATcmd[0] == 'R') && (CATcmd[1] == 'T') && (CATcmd[2] == '1'))
    38a2:	84 35       	cpi	r24, 0x54	; 84
    38a4:	41 f4       	brne	.+16     	; 0x38b6 <serialEvent()+0x34e>
    38a6:	80 91 9a 05 	lds	r24, 0x059A	; 0x80059a <CATcmd+0x2>
Command_RT1():
/home/jgalera/develop/arduino/usdx/usdx_plus_orange/src/interface/cat.cpp:241
}

void Command_AI() { Serial.print("AI0;"); }
void Command_AG0() { Serial.print("AG0;"); }
void Command_XT1() { Serial.print("XT1;"); }
void Command_RT1() { Serial.print("RT1;"); }
    38aa:	67 ed       	ldi	r22, 0xD7	; 215
    38ac:	72 e0       	ldi	r23, 0x02	; 2
analyseCATcmd():
/home/jgalera/develop/arduino/usdx/usdx_plus_orange/src/interface/cat.cpp:65
    Command_AG0();

  else if ((CATcmd[0] == 'X') && (CATcmd[1] == 'T') && (CATcmd[2] == '1'))
    Command_XT1();

  else if ((CATcmd[0] == 'R') && (CATcmd[1] == 'T') && (CATcmd[2] == '1'))
    38ae:	81 33       	cpi	r24, 0x31	; 49
    38b0:	09 f0       	breq	.+2      	; 0x38b4 <serialEvent()+0x34c>
    38b2:	4b cf       	rjmp	.-362    	; 0x374a <serialEvent()+0x1e2>
    38b4:	69 cf       	rjmp	.-302    	; 0x3788 <serialEvent()+0x220>
/home/jgalera/develop/arduino/usdx/usdx_plus_orange/src/interface/cat.cpp:68
    Command_RT1();

  else if ((CATcmd[0] == 'R') && (CATcmd[1] == 'C') && (CATcmd[2] == ';'))
    38b6:	83 34       	cpi	r24, 0x43	; 67
    38b8:	b9 f4       	brne	.+46     	; 0x38e8 <serialEvent()+0x380>
    38ba:	80 91 9a 05 	lds	r24, 0x059A	; 0x80059a <CATcmd+0x2>
    38be:	8b 33       	cpi	r24, 0x3B	; 59
    38c0:	09 f0       	breq	.+2      	; 0x38c4 <serialEvent()+0x35c>
    38c2:	43 cf       	rjmp	.-378    	; 0x374a <serialEvent()+0x1e2>
Command_RC():
/home/jgalera/develop/arduino/usdx/usdx_plus_orange/src/interface/cat.cpp:244
void Command_AG0() { Serial.print("AG0;"); }
void Command_XT1() { Serial.print("XT1;"); }
void Command_RT1() { Serial.print("RT1;"); }

void Command_RC() {
  rit = 0;
    38c4:	10 92 f3 05 	sts	0x05F3, r1	; 0x8005f3 <rit+0x1>
    38c8:	10 92 f2 05 	sts	0x05F2, r1	; 0x8005f2 <rit>
/home/jgalera/develop/arduino/usdx/usdx_plus_orange/src/interface/cat.cpp:245
  Serial.print("RC;");
    38cc:	6c ed       	ldi	r22, 0xDC	; 220
    38ce:	72 e0       	ldi	r23, 0x02	; 2
    38d0:	5b cf       	rjmp	.-330    	; 0x3788 <serialEvent()+0x220>
analyseCATcmd():
/home/jgalera/develop/arduino/usdx/usdx_plus_orange/src/interface/cat.cpp:71
    Command_RT1();

  else if ((CATcmd[0] == 'R') && (CATcmd[1] == 'C') && (CATcmd[2] == ';'))
    Command_RC();

  else if ((CATcmd[0] == 'F') && (CATcmd[1] == 'L') && (CATcmd[2] == '0'))
    38d2:	8c 34       	cpi	r24, 0x4C	; 76
    38d4:	09 f0       	breq	.+2      	; 0x38d8 <serialEvent()+0x370>
    38d6:	39 cf       	rjmp	.-398    	; 0x374a <serialEvent()+0x1e2>
    38d8:	80 91 9a 05 	lds	r24, 0x059A	; 0x80059a <CATcmd+0x2>
Command_FL0():
/home/jgalera/develop/arduino/usdx/usdx_plus_orange/src/interface/cat.cpp:248
void Command_RC() {
  rit = 0;
  Serial.print("RC;");
}

void Command_FL0() { Serial.print("FL0;"); }
    38dc:	60 ee       	ldi	r22, 0xE0	; 224
    38de:	72 e0       	ldi	r23, 0x02	; 2
analyseCATcmd():
/home/jgalera/develop/arduino/usdx/usdx_plus_orange/src/interface/cat.cpp:71
    Command_RT1();

  else if ((CATcmd[0] == 'R') && (CATcmd[1] == 'C') && (CATcmd[2] == ';'))
    Command_RC();

  else if ((CATcmd[0] == 'F') && (CATcmd[1] == 'L') && (CATcmd[2] == '0'))
    38e0:	80 33       	cpi	r24, 0x30	; 48
    38e2:	09 f0       	breq	.+2      	; 0x38e6 <serialEvent()+0x37e>
    38e4:	32 cf       	rjmp	.-412    	; 0x374a <serialEvent()+0x1e2>
    38e6:	50 cf       	rjmp	.-352    	; 0x3788 <serialEvent()+0x220>
/home/jgalera/develop/arduino/usdx/usdx_plus_orange/src/interface/cat.cpp:74
    Command_FL0();

  else if ((CATcmd[0] == 'R') && (CATcmd[1] == 'S') && (CATcmd[2] == ';'))
    38e8:	83 35       	cpi	r24, 0x53	; 83
    38ea:	09 f0       	breq	.+2      	; 0x38ee <serialEvent()+0x386>
    38ec:	2e cf       	rjmp	.-420    	; 0x374a <serialEvent()+0x1e2>
    38ee:	80 91 9a 05 	lds	r24, 0x059A	; 0x80059a <CATcmd+0x2>
Command_RS():
/home/jgalera/develop/arduino/usdx/usdx_plus_orange/src/interface/cat.cpp:291
#ifdef TX_ENABLE
  switch_rxtx(1);
#endif
}

void Command_RS() { Serial.print("RS0;"); }
    38f2:	65 ee       	ldi	r22, 0xE5	; 229
    38f4:	72 e0       	ldi	r23, 0x02	; 2
analyseCATcmd():
/home/jgalera/develop/arduino/usdx/usdx_plus_orange/src/interface/cat.cpp:74
    Command_RC();

  else if ((CATcmd[0] == 'F') && (CATcmd[1] == 'L') && (CATcmd[2] == '0'))
    Command_FL0();

  else if ((CATcmd[0] == 'R') && (CATcmd[1] == 'S') && (CATcmd[2] == ';'))
    38f6:	8b 33       	cpi	r24, 0x3B	; 59
    38f8:	09 f0       	breq	.+2      	; 0x38fc <serialEvent()+0x394>
    38fa:	27 cf       	rjmp	.-434    	; 0x374a <serialEvent()+0x1e2>
    38fc:	45 cf       	rjmp	.-374    	; 0x3788 <serialEvent()+0x220>
/home/jgalera/develop/arduino/usdx/usdx_plus_orange/src/interface/cat.cpp:77
    Command_RS();

  else if ((CATcmd[0] == 'V') && (CATcmd[1] == 'X') && (CATcmd[2] != ';'))
    38fe:	86 35       	cpi	r24, 0x56	; 86
    3900:	09 f0       	breq	.+2      	; 0x3904 <serialEvent()+0x39c>
    3902:	23 cf       	rjmp	.-442    	; 0x374a <serialEvent()+0x1e2>
    3904:	80 91 99 05 	lds	r24, 0x0599	; 0x800599 <CATcmd+0x1>
    3908:	88 35       	cpi	r24, 0x58	; 88
    390a:	09 f0       	breq	.+2      	; 0x390e <serialEvent()+0x3a6>
    390c:	1e cf       	rjmp	.-452    	; 0x374a <serialEvent()+0x1e2>
    390e:	80 91 9a 05 	lds	r24, 0x059A	; 0x80059a <CATcmd+0x2>
    3912:	8b 33       	cpi	r24, 0x3B	; 59
    3914:	09 f4       	brne	.+2      	; 0x3918 <serialEvent()+0x3b0>
    3916:	19 cf       	rjmp	.-462    	; 0x374a <serialEvent()+0x1e2>
Command_VX():
/home/jgalera/develop/arduino/usdx/usdx_plus_orange/src/interface/cat.cpp:295

void Command_RS() { Serial.print("RS0;"); }

void Command_VX(char mode) {
  char Catbuffer[16];
  sprintf(Catbuffer, "VX%c;", mode);
    3918:	28 2f       	mov	r18, r24
    391a:	08 2e       	mov	r0, r24
    391c:	00 0c       	add	r0, r0
    391e:	33 0b       	sbc	r19, r19
    3920:	3f 93       	push	r19
    3922:	8f 93       	push	r24
    3924:	8a ee       	ldi	r24, 0xEA	; 234
    3926:	92 e0       	ldi	r25, 0x02	; 2
    3928:	9f 93       	push	r25
    392a:	8f 93       	push	r24
    392c:	8e 01       	movw	r16, r28
    392e:	0f 5f       	subi	r16, 0xFF	; 255
    3930:	1f 4f       	sbci	r17, 0xFF	; 255
    3932:	1f 93       	push	r17
    3934:	0f 93       	push	r16
    3936:	0e 94 ff 3a 	call	0x75fe	; 0x75fe <sprintf>
/home/jgalera/develop/arduino/usdx/usdx_plus_orange/src/interface/cat.cpp:296
  Serial.print(Catbuffer);
    393a:	b8 01       	movw	r22, r16
    393c:	8a e1       	ldi	r24, 0x1A	; 26
    393e:	96 e0       	ldi	r25, 0x06	; 6
    3940:	0e 94 2f 1a 	call	0x345e	; 0x345e <Print::print(char const*)>
    3944:	0f 90       	pop	r0
    3946:	0f 90       	pop	r0
    3948:	0f 90       	pop	r0
    394a:	0f 90       	pop	r0
    394c:	0f 90       	pop	r0
    394e:	0f 90       	pop	r0
    3950:	b0 ce       	rjmp	.-672    	; 0x36b2 <serialEvent()+0x14a>
_Z11serialEventv():
/home/jgalera/develop/arduino/usdx/usdx_plus_orange/src/interface/cat.cpp:135
      interrupts();
#else
      analyseCATcmd();
#endif
      delay(10);
    } else if (cat_ptr > (CATCMD_SIZE - 1)) {
    3952:	80 91 b8 05 	lds	r24, 0x05B8	; 0x8005b8 <cat_ptr>
    3956:	80 32       	cpi	r24, 0x20	; 32
    3958:	08 f4       	brcc	.+2      	; 0x395c <serialEvent()+0x3f4>
    395a:	b1 ce       	rjmp	.-670    	; 0x36be <serialEvent()+0x156>
/home/jgalera/develop/arduino/usdx/usdx_plus_orange/src/interface/cat.cpp:136
      Serial.print("E;");
    395c:	63 ef       	ldi	r22, 0xF3	; 243
    395e:	72 e0       	ldi	r23, 0x02	; 2
    3960:	8a e1       	ldi	r24, 0x1A	; 26
    3962:	96 e0       	ldi	r25, 0x06	; 6
    3964:	0e 94 2f 1a 	call	0x345e	; 0x345e <Print::print(char const*)>
/home/jgalera/develop/arduino/usdx/usdx_plus_orange/src/interface/cat.cpp:137
      cat_ptr = 0;
    3968:	10 92 b8 05 	sts	0x05B8, r1	; 0x8005b8 <cat_ptr>
    396c:	a8 ce       	rjmp	.-688    	; 0x36be <serialEvent()+0x156>

0000396e <serialEventRun()>:
_Z14serialEventRunv():
/home/jgalera/.arduino15/packages/MiniCore/hardware/avr/3.1.1/cores/MCUdude_corefiles/HardwareSerial.cpp:67
#endif

void serialEventRun(void)
{
#if defined(HAVE_HWSERIAL0)
  if (Serial0_available && serialEvent && Serial0_available()) serialEvent();
    396e:	0e 94 bd 04 	call	0x97a	; 0x97a <Serial0_available()>
    3972:	81 11       	cpse	r24, r1
    3974:	0c 94 b4 1a 	jmp	0x3568	; 0x3568 <serialEvent()>
/home/jgalera/.arduino15/packages/MiniCore/hardware/avr/3.1.1/cores/MCUdude_corefiles/HardwareSerial.cpp:78
  if (Serial2_available && serialEvent2 && Serial2_available()) serialEvent2();
#endif
#if defined(HAVE_HWSERIAL3)
  if (Serial3_available && serialEvent3 && Serial3_available()) serialEvent3();
#endif
}
    3978:	08 95       	ret

0000397a <actionCommon(unsigned char, unsigned char*, unsigned char)>:
_Z12actionCommonhPhh():
/home/jgalera/develop/arduino/usdx/usdx_plus_orange/src/core/core.cpp:737
    lcd.print(label);
    lcd.print(F(": "));
  }
}

void actionCommon(uint8_t action, uint8_t *ptr, uint8_t size) {
    397a:	cf 93       	push	r28
    397c:	df 93       	push	r29
    397e:	28 2f       	mov	r18, r24
    3980:	cb 01       	movw	r24, r22
    3982:	60 91 e4 03 	lds	r22, 0x03E4	; 0x8003e4 <eeprom_addr>
    3986:	70 91 e5 03 	lds	r23, 0x03E5	; 0x8003e5 <eeprom_addr+0x1>
    398a:	c4 2f       	mov	r28, r20
    398c:	d0 e0       	ldi	r29, 0x00	; 0
/home/jgalera/develop/arduino/usdx/usdx_plus_orange/src/core/core.cpp:738
  switch (action) {
    398e:	23 30       	cpi	r18, 0x03	; 3
    3990:	79 f0       	breq	.+30     	; 0x39b0 <actionCommon(unsigned char, unsigned char*, unsigned char)+0x36>
    3992:	24 30       	cpi	r18, 0x04	; 4
    3994:	89 f0       	breq	.+34     	; 0x39b8 <actionCommon(unsigned char, unsigned char*, unsigned char)+0x3e>
/home/jgalera/develop/arduino/usdx/usdx_plus_orange/src/core/core.cpp:748
    eeprom_write_block((const void *)ptr, (void *)eeprom_addr, size);
    break;
  case SKIP:
    break;
  }
  eeprom_addr += size;
    3996:	40 91 e4 03 	lds	r20, 0x03E4	; 0x8003e4 <eeprom_addr>
    399a:	50 91 e5 03 	lds	r21, 0x03E5	; 0x8003e5 <eeprom_addr+0x1>
    399e:	c4 0f       	add	r28, r20
    39a0:	d5 1f       	adc	r29, r21
    39a2:	d0 93 e5 03 	sts	0x03E5, r29	; 0x8003e5 <eeprom_addr+0x1>
    39a6:	c0 93 e4 03 	sts	0x03E4, r28	; 0x8003e4 <eeprom_addr>
/home/jgalera/develop/arduino/usdx/usdx_plus_orange/src/core/core.cpp:749
}
    39aa:	df 91       	pop	r29
    39ac:	cf 91       	pop	r28
    39ae:	08 95       	ret
/home/jgalera/develop/arduino/usdx/usdx_plus_orange/src/core/core.cpp:740
}

void actionCommon(uint8_t action, uint8_t *ptr, uint8_t size) {
  switch (action) {
  case LOAD:
    eeprom_read_block((void *)ptr, (const void *)eeprom_addr, size);
    39b0:	ae 01       	movw	r20, r28
    39b2:	0e 94 cf 36 	call	0x6d9e	; 0x6d9e <eeprom_read_block>
    39b6:	ef cf       	rjmp	.-34     	; 0x3996 <actionCommon(unsigned char, unsigned char*, unsigned char)+0x1c>
/home/jgalera/develop/arduino/usdx/usdx_plus_orange/src/core/core.cpp:743
    break;
  case SAVE:
    eeprom_write_block((const void *)ptr, (void *)eeprom_addr, size);
    39b8:	ae 01       	movw	r20, r28
    39ba:	0e 94 e7 36 	call	0x6dce	; 0x6dce <eeprom_write_block>
    39be:	eb cf       	rjmp	.-42     	; 0x3996 <actionCommon(unsigned char, unsigned char*, unsigned char)+0x1c>

000039c0 <void paramAction<unsigned char>(unsigned char, unsigned char volatile&, unsigned char, __FlashStringHelper const*, char const**, long, long, bool) [clone .constprop.21]>:
_Z11paramActionIhEvhRVT_hPK19__FlashStringHelperPPKcllb.constprop.21():
/home/jgalera/develop/arduino/usdx/usdx_plus_orange/src/core/core.h:218
void actionCommon(uint8_t action, uint8_t *ptr, uint8_t size);
int8_t paramAction(uint8_t action, uint8_t id = ALL);

// Template for paramAction (Must remain in header)
template <typename T>
void paramAction(uint8_t action, volatile T &value, uint8_t menuid,
    39c0:	4f 92       	push	r4
    39c2:	5f 92       	push	r5
    39c4:	6f 92       	push	r6
    39c6:	7f 92       	push	r7
    39c8:	8f 92       	push	r8
    39ca:	9f 92       	push	r9
    39cc:	af 92       	push	r10
    39ce:	bf 92       	push	r11
    39d0:	cf 92       	push	r12
    39d2:	df 92       	push	r13
    39d4:	ef 92       	push	r14
    39d6:	ff 92       	push	r15
    39d8:	0f 93       	push	r16
    39da:	1f 93       	push	r17
    39dc:	cf 93       	push	r28
    39de:	df 93       	push	r29
    39e0:	cd b7       	in	r28, 0x3d	; 61
    39e2:	de b7       	in	r29, 0x3e	; 62
    39e4:	fb 01       	movw	r30, r22
/home/jgalera/develop/arduino/usdx/usdx_plus_orange/src/core/core.h:221
                 const __FlashStringHelper *label, const char *enumArray[],
                 int32_t _min, int32_t _max, bool continuous) {
  switch (action) {
    39e6:	82 30       	cpi	r24, 0x02	; 2
    39e8:	08 f0       	brcs	.+2      	; 0x39ec <void paramAction<unsigned char>(unsigned char, unsigned char volatile&, unsigned char, __FlashStringHelper const*, char const**, long, long, bool) [clone .constprop.21]+0x2c>
    39ea:	67 c0       	rjmp	.+206    	; 0x3aba <void paramAction<unsigned char>(unsigned char, unsigned char volatile&, unsigned char, __FlashStringHelper const*, char const**, long, long, bool) [clone .constprop.21]+0xfa>
/home/jgalera/develop/arduino/usdx/usdx_plus_orange/src/core/core.h:224
  case UPDATE:
  case UPDATE_MENU:
    if (((int32_t)value + encoder_val) < _min)
    39ec:	90 81       	ld	r25, Z
    39ee:	40 90 19 06 	lds	r4, 0x0619	; 0x800619 <encoder_val>
    39f2:	04 2c       	mov	r0, r4
    39f4:	00 0c       	add	r0, r0
    39f6:	55 08       	sbc	r5, r5
    39f8:	66 08       	sbc	r6, r6
    39fa:	77 08       	sbc	r7, r7
    39fc:	49 0e       	add	r4, r25
    39fe:	51 1c       	adc	r5, r1
    3a00:	61 1c       	adc	r6, r1
    3a02:	71 1c       	adc	r7, r1
    3a04:	4c 14       	cp	r4, r12
    3a06:	5d 04       	cpc	r5, r13
    3a08:	6e 04       	cpc	r6, r14
    3a0a:	7f 04       	cpc	r7, r15
    3a0c:	7c f5       	brge	.+94     	; 0x3a6c <void paramAction<unsigned char>(unsigned char, unsigned char volatile&, unsigned char, __FlashStringHelper const*, char const**, long, long, bool) [clone .constprop.21]+0xac>
/home/jgalera/develop/arduino/usdx/usdx_plus_orange/src/core/core.h:225
      value = (continuous) ? _max : _min;
    3a0e:	c0 82       	st	Z, r12
    3a10:	69 01       	movw	r12, r18
    3a12:	f4 2e       	mov	r15, r20
    3a14:	5f 01       	movw	r10, r30
    3a16:	e8 2e       	mov	r14, r24
/home/jgalera/develop/arduino/usdx/usdx_plus_orange/src/core/core.h:230
    else if (((int32_t)value + encoder_val) > _max)
      value = (continuous) ? _min : _max;
    else
      value = (int32_t)value + encoder_val;
    encoder_val = 0;
    3a18:	10 92 19 06 	sts	0x0619, r1	; 0x800619 <encoder_val>
/home/jgalera/develop/arduino/usdx/usdx_plus_orange/src/core/core.h:232

    lcd.noCursor();
    3a1c:	0e 94 96 11 	call	0x232c	; 0x232c <LCD::noCursor() [clone .isra.5]>
/home/jgalera/develop/arduino/usdx/usdx_plus_orange/src/core/core.h:233
    printlabel(action, menuid, label);
    3a20:	a6 01       	movw	r20, r12
    3a22:	6f 2d       	mov	r22, r15
    3a24:	8e 2d       	mov	r24, r14
    3a26:	0e 94 ce 18 	call	0x319c	; 0x319c <printlabel(unsigned char, unsigned char, __FlashStringHelper const*)>
/home/jgalera/develop/arduino/usdx/usdx_plus_orange/src/core/core.h:237
    if (enumArray == NULL) {
      if ((_min < 0) && (value >= 0))
        lcd.print('+');
      lcd.print(value);
    3a2a:	f5 01       	movw	r30, r10
/home/jgalera/develop/arduino/usdx/usdx_plus_orange/src/core/core.h:234
      value = (int32_t)value + encoder_val;
    encoder_val = 0;

    lcd.noCursor();
    printlabel(action, menuid, label);
    if (enumArray == NULL) {
    3a2c:	01 15       	cp	r16, r1
    3a2e:	11 05       	cpc	r17, r1
    3a30:	b1 f5       	brne	.+108    	; 0x3a9e <void paramAction<unsigned char>(unsigned char, unsigned char volatile&, unsigned char, __FlashStringHelper const*, char const**, long, long, bool) [clone .constprop.21]+0xde>
/home/jgalera/develop/arduino/usdx/usdx_plus_orange/src/core/core.h:237
      if ((_min < 0) && (value >= 0))
        lcd.print('+');
      lcd.print(value);
    3a32:	40 81       	ld	r20, Z
print():
/home/jgalera/.arduino15/packages/MiniCore/hardware/avr/3.1.1/cores/MCUdude_corefiles/Print.cpp:74
  return write(c);
}

size_t Print::print(unsigned char b, int base)
{
  return print((unsigned long) b, base);
    3a34:	50 e0       	ldi	r21, 0x00	; 0
    3a36:	70 e0       	ldi	r23, 0x00	; 0
    3a38:	60 e0       	ldi	r22, 0x00	; 0
/home/jgalera/.arduino15/packages/MiniCore/hardware/avr/3.1.1/cores/MCUdude_corefiles/Print.cpp:106
}

size_t Print::print(unsigned long n, int base)
{
  if (base == 0) return write(n);
  else return printNumber(n, base);
    3a3a:	2a e0       	ldi	r18, 0x0A	; 10
    3a3c:	87 eb       	ldi	r24, 0xB7	; 183
    3a3e:	96 e0       	ldi	r25, 0x06	; 6
    3a40:	0e 94 73 19 	call	0x32e6	; 0x32e6 <Print::printNumber(unsigned long, unsigned char)>
_Z11paramActionIhEvhRVT_hPK19__FlashStringHelperPPKcllb.constprop.21():
/home/jgalera/develop/arduino/usdx/usdx_plus_orange/src/core/core.h:241
    } else {
      lcd.print(enumArray[value]);
    }
    lcd_blanks();
    3a44:	0e 94 ca 18 	call	0x3194	; 0x3194 <lcd_blanks()>
/home/jgalera/develop/arduino/usdx/usdx_plus_orange/src/core/core.h:248
    break;
  default:
    actionCommon(action, (uint8_t *)&value, sizeof(value));
    break;
  }
}
    3a48:	df 91       	pop	r29
    3a4a:	cf 91       	pop	r28
    3a4c:	1f 91       	pop	r17
    3a4e:	0f 91       	pop	r16
    3a50:	ff 90       	pop	r15
    3a52:	ef 90       	pop	r14
    3a54:	df 90       	pop	r13
    3a56:	cf 90       	pop	r12
    3a58:	bf 90       	pop	r11
    3a5a:	af 90       	pop	r10
    3a5c:	9f 90       	pop	r9
    3a5e:	8f 90       	pop	r8
    3a60:	7f 90       	pop	r7
    3a62:	6f 90       	pop	r6
    3a64:	5f 90       	pop	r5
    3a66:	4f 90       	pop	r4
/home/jgalera/develop/arduino/usdx/usdx_plus_orange/src/core/core.h:242
      lcd.print(value);
    } else {
      lcd.print(enumArray[value]);
    }
    lcd_blanks();
    lcd_blanks();
    3a68:	0c 94 ca 18 	jmp	0x3194	; 0x3194 <lcd_blanks()>
/home/jgalera/develop/arduino/usdx/usdx_plus_orange/src/core/core.h:226
  switch (action) {
  case UPDATE:
  case UPDATE_MENU:
    if (((int32_t)value + encoder_val) < _min)
      value = (continuous) ? _max : _min;
    else if (((int32_t)value + encoder_val) > _max)
    3a6c:	90 81       	ld	r25, Z
    3a6e:	c0 90 19 06 	lds	r12, 0x0619	; 0x800619 <encoder_val>
    3a72:	0c 2c       	mov	r0, r12
    3a74:	00 0c       	add	r0, r0
    3a76:	dd 08       	sbc	r13, r13
    3a78:	ee 08       	sbc	r14, r14
    3a7a:	ff 08       	sbc	r15, r15
    3a7c:	c9 0e       	add	r12, r25
    3a7e:	d1 1c       	adc	r13, r1
    3a80:	e1 1c       	adc	r14, r1
    3a82:	f1 1c       	adc	r15, r1
    3a84:	8c 14       	cp	r8, r12
    3a86:	9d 04       	cpc	r9, r13
    3a88:	ae 04       	cpc	r10, r14
    3a8a:	bf 04       	cpc	r11, r15
    3a8c:	14 f4       	brge	.+4      	; 0x3a92 <void paramAction<unsigned char>(unsigned char, unsigned char volatile&, unsigned char, __FlashStringHelper const*, char const**, long, long, bool) [clone .constprop.21]+0xd2>
/home/jgalera/develop/arduino/usdx/usdx_plus_orange/src/core/core.h:227
      value = (continuous) ? _min : _max;
    3a8e:	80 82       	st	Z, r8
    3a90:	bf cf       	rjmp	.-130    	; 0x3a10 <void paramAction<unsigned char>(unsigned char, unsigned char volatile&, unsigned char, __FlashStringHelper const*, char const**, long, long, bool) [clone .constprop.21]+0x50>
/home/jgalera/develop/arduino/usdx/usdx_plus_orange/src/core/core.h:229
    else
      value = (int32_t)value + encoder_val;
    3a92:	50 81       	ld	r21, Z
    3a94:	90 91 19 06 	lds	r25, 0x0619	; 0x800619 <encoder_val>
    3a98:	95 0f       	add	r25, r21
    3a9a:	90 83       	st	Z, r25
    3a9c:	b9 cf       	rjmp	.-142    	; 0x3a10 <void paramAction<unsigned char>(unsigned char, unsigned char volatile&, unsigned char, __FlashStringHelper const*, char const**, long, long, bool) [clone .constprop.21]+0x50>
/home/jgalera/develop/arduino/usdx/usdx_plus_orange/src/core/core.h:239
    if (enumArray == NULL) {
      if ((_min < 0) && (value >= 0))
        lcd.print('+');
      lcd.print(value);
    } else {
      lcd.print(enumArray[value]);
    3a9e:	80 81       	ld	r24, Z
    3aa0:	90 e0       	ldi	r25, 0x00	; 0
    3aa2:	88 0f       	add	r24, r24
    3aa4:	99 1f       	adc	r25, r25
    3aa6:	08 0f       	add	r16, r24
    3aa8:	19 1f       	adc	r17, r25
    3aaa:	f8 01       	movw	r30, r16
    3aac:	60 81       	ld	r22, Z
    3aae:	71 81       	ldd	r23, Z+1	; 0x01
    3ab0:	87 eb       	ldi	r24, 0xB7	; 183
    3ab2:	96 e0       	ldi	r25, 0x06	; 6
    3ab4:	0e 94 2f 1a 	call	0x345e	; 0x345e <Print::print(char const*)>
    3ab8:	c5 cf       	rjmp	.-118    	; 0x3a44 <void paramAction<unsigned char>(unsigned char, unsigned char volatile&, unsigned char, __FlashStringHelper const*, char const**, long, long, bool) [clone .constprop.21]+0x84>
/home/jgalera/develop/arduino/usdx/usdx_plus_orange/src/core/core.h:245
    }
    lcd_blanks();
    lcd_blanks();
    break;
  default:
    actionCommon(action, (uint8_t *)&value, sizeof(value));
    3aba:	41 e0       	ldi	r20, 0x01	; 1
/home/jgalera/develop/arduino/usdx/usdx_plus_orange/src/core/core.h:248
    break;
  }
}
    3abc:	df 91       	pop	r29
    3abe:	cf 91       	pop	r28
    3ac0:	1f 91       	pop	r17
    3ac2:	0f 91       	pop	r16
    3ac4:	ff 90       	pop	r15
    3ac6:	ef 90       	pop	r14
    3ac8:	df 90       	pop	r13
    3aca:	cf 90       	pop	r12
    3acc:	bf 90       	pop	r11
    3ace:	af 90       	pop	r10
    3ad0:	9f 90       	pop	r9
    3ad2:	8f 90       	pop	r8
    3ad4:	7f 90       	pop	r7
    3ad6:	6f 90       	pop	r6
    3ad8:	5f 90       	pop	r5
    3ada:	4f 90       	pop	r4
/home/jgalera/develop/arduino/usdx/usdx_plus_orange/src/core/core.h:245
    }
    lcd_blanks();
    lcd_blanks();
    break;
  default:
    actionCommon(action, (uint8_t *)&value, sizeof(value));
    3adc:	0c 94 bd 1c 	jmp	0x397a	; 0x397a <actionCommon(unsigned char, unsigned char*, unsigned char)>

00003ae0 <void paramAction<long>(unsigned char, long volatile&, unsigned char, __FlashStringHelper const*, char const**, long, long, bool) [clone .constprop.20]>:
_Z11paramActionIlEvhRVT_hPK19__FlashStringHelperPPKcllb.constprop.20():
/home/jgalera/develop/arduino/usdx/usdx_plus_orange/src/core/core.h:218
void actionCommon(uint8_t action, uint8_t *ptr, uint8_t size);
int8_t paramAction(uint8_t action, uint8_t id = ALL);

// Template for paramAction (Must remain in header)
template <typename T>
void paramAction(uint8_t action, volatile T &value, uint8_t menuid,
    3ae0:	0f 93       	push	r16
    3ae2:	1f 93       	push	r17
    3ae4:	cf 93       	push	r28
    3ae6:	df 93       	push	r29
    3ae8:	eb 01       	movw	r28, r22
/home/jgalera/develop/arduino/usdx/usdx_plus_orange/src/core/core.h:221
                 const __FlashStringHelper *label, const char *enumArray[],
                 int32_t _min, int32_t _max, bool continuous) {
  switch (action) {
    3aea:	82 30       	cpi	r24, 0x02	; 2
    3aec:	08 f0       	brcs	.+2      	; 0x3af0 <void paramAction<long>(unsigned char, long volatile&, unsigned char, __FlashStringHelper const*, char const**, long, long, bool) [clone .constprop.20]+0x10>
    3aee:	58 c0       	rjmp	.+176    	; 0x3ba0 <void paramAction<long>(unsigned char, long volatile&, unsigned char, __FlashStringHelper const*, char const**, long, long, bool) [clone .constprop.20]+0xc0>
/home/jgalera/develop/arduino/usdx/usdx_plus_orange/src/core/core.h:224
  case UPDATE:
  case UPDATE_MENU:
    if (((int32_t)value + encoder_val) < _min)
    3af0:	08 81       	ld	r16, Y
    3af2:	19 81       	ldd	r17, Y+1	; 0x01
    3af4:	2a 81       	ldd	r18, Y+2	; 0x02
    3af6:	3b 81       	ldd	r19, Y+3	; 0x03
    3af8:	90 91 19 06 	lds	r25, 0x0619	; 0x800619 <encoder_val>
    3afc:	49 2f       	mov	r20, r25
    3afe:	99 0f       	add	r25, r25
    3b00:	55 0b       	sbc	r21, r21
    3b02:	66 0b       	sbc	r22, r22
    3b04:	77 0b       	sbc	r23, r23
    3b06:	40 0f       	add	r20, r16
    3b08:	51 1f       	adc	r21, r17
    3b0a:	62 1f       	adc	r22, r18
    3b0c:	73 1f       	adc	r23, r19
    3b0e:	77 ff       	sbrs	r23, 7
    3b10:	1f c0       	rjmp	.+62     	; 0x3b50 <void paramAction<long>(unsigned char, long volatile&, unsigned char, __FlashStringHelper const*, char const**, long, long, bool) [clone .constprop.20]+0x70>
/home/jgalera/develop/arduino/usdx/usdx_plus_orange/src/core/core.h:227
      value = (continuous) ? _max : _min;
    else if (((int32_t)value + encoder_val) > _max)
      value = (continuous) ? _min : _max;
    3b12:	18 82       	st	Y, r1
    3b14:	19 82       	std	Y+1, r1	; 0x01
    3b16:	1a 82       	std	Y+2, r1	; 0x02
    3b18:	1b 82       	std	Y+3, r1	; 0x03
    3b1a:	18 2f       	mov	r17, r24
/home/jgalera/develop/arduino/usdx/usdx_plus_orange/src/core/core.h:230
    else
      value = (int32_t)value + encoder_val;
    encoder_val = 0;
    3b1c:	10 92 19 06 	sts	0x0619, r1	; 0x800619 <encoder_val>
/home/jgalera/develop/arduino/usdx/usdx_plus_orange/src/core/core.h:232

    lcd.noCursor();
    3b20:	0e 94 96 11 	call	0x232c	; 0x232c <LCD::noCursor() [clone .isra.5]>
/home/jgalera/develop/arduino/usdx/usdx_plus_orange/src/core/core.h:233
    printlabel(action, menuid, label);
    3b24:	50 e0       	ldi	r21, 0x00	; 0
    3b26:	40 e0       	ldi	r20, 0x00	; 0
    3b28:	60 e0       	ldi	r22, 0x00	; 0
    3b2a:	81 2f       	mov	r24, r17
    3b2c:	0e 94 ce 18 	call	0x319c	; 0x319c <printlabel(unsigned char, unsigned char, __FlashStringHelper const*)>
/home/jgalera/develop/arduino/usdx/usdx_plus_orange/src/core/core.h:237
    if (enumArray == NULL) {
      if ((_min < 0) && (value >= 0))
        lcd.print('+');
      lcd.print(value);
    3b30:	48 81       	ld	r20, Y
    3b32:	59 81       	ldd	r21, Y+1	; 0x01
    3b34:	6a 81       	ldd	r22, Y+2	; 0x02
    3b36:	7b 81       	ldd	r23, Y+3	; 0x03
    3b38:	87 eb       	ldi	r24, 0xB7	; 183
    3b3a:	96 e0       	ldi	r25, 0x06	; 6
    3b3c:	0e 94 bf 19 	call	0x337e	; 0x337e <Print::print(long, int) [clone .constprop.28]>
/home/jgalera/develop/arduino/usdx/usdx_plus_orange/src/core/core.h:241
    } else {
      lcd.print(enumArray[value]);
    }
    lcd_blanks();
    3b40:	0e 94 ca 18 	call	0x3194	; 0x3194 <lcd_blanks()>
/home/jgalera/develop/arduino/usdx/usdx_plus_orange/src/core/core.h:248
    break;
  default:
    actionCommon(action, (uint8_t *)&value, sizeof(value));
    break;
  }
}
    3b44:	df 91       	pop	r29
    3b46:	cf 91       	pop	r28
    3b48:	1f 91       	pop	r17
    3b4a:	0f 91       	pop	r16
/home/jgalera/develop/arduino/usdx/usdx_plus_orange/src/core/core.h:242
      lcd.print(value);
    } else {
      lcd.print(enumArray[value]);
    }
    lcd_blanks();
    lcd_blanks();
    3b4c:	0c 94 ca 18 	jmp	0x3194	; 0x3194 <lcd_blanks()>
/home/jgalera/develop/arduino/usdx/usdx_plus_orange/src/core/core.h:226
  switch (action) {
  case UPDATE:
  case UPDATE_MENU:
    if (((int32_t)value + encoder_val) < _min)
      value = (continuous) ? _max : _min;
    else if (((int32_t)value + encoder_val) > _max)
    3b50:	08 81       	ld	r16, Y
    3b52:	19 81       	ldd	r17, Y+1	; 0x01
    3b54:	2a 81       	ldd	r18, Y+2	; 0x02
    3b56:	3b 81       	ldd	r19, Y+3	; 0x03
    3b58:	90 91 19 06 	lds	r25, 0x0619	; 0x800619 <encoder_val>
    3b5c:	49 2f       	mov	r20, r25
    3b5e:	99 0f       	add	r25, r25
    3b60:	55 0b       	sbc	r21, r21
    3b62:	66 0b       	sbc	r22, r22
    3b64:	77 0b       	sbc	r23, r23
    3b66:	40 0f       	add	r20, r16
    3b68:	51 1f       	adc	r21, r17
    3b6a:	62 1f       	adc	r22, r18
    3b6c:	73 1f       	adc	r23, r19
    3b6e:	14 16       	cp	r1, r20
    3b70:	15 06       	cpc	r1, r21
    3b72:	16 06       	cpc	r1, r22
    3b74:	17 06       	cpc	r1, r23
    3b76:	6c f2       	brlt	.-102    	; 0x3b12 <void paramAction<long>(unsigned char, long volatile&, unsigned char, __FlashStringHelper const*, char const**, long, long, bool) [clone .constprop.20]+0x32>
/home/jgalera/develop/arduino/usdx/usdx_plus_orange/src/core/core.h:229
      value = (continuous) ? _min : _max;
    else
      value = (int32_t)value + encoder_val;
    3b78:	08 81       	ld	r16, Y
    3b7a:	19 81       	ldd	r17, Y+1	; 0x01
    3b7c:	2a 81       	ldd	r18, Y+2	; 0x02
    3b7e:	3b 81       	ldd	r19, Y+3	; 0x03
    3b80:	90 91 19 06 	lds	r25, 0x0619	; 0x800619 <encoder_val>
    3b84:	49 2f       	mov	r20, r25
    3b86:	99 0f       	add	r25, r25
    3b88:	55 0b       	sbc	r21, r21
    3b8a:	66 0b       	sbc	r22, r22
    3b8c:	77 0b       	sbc	r23, r23
    3b8e:	40 0f       	add	r20, r16
    3b90:	51 1f       	adc	r21, r17
    3b92:	62 1f       	adc	r22, r18
    3b94:	73 1f       	adc	r23, r19
    3b96:	48 83       	st	Y, r20
    3b98:	59 83       	std	Y+1, r21	; 0x01
    3b9a:	6a 83       	std	Y+2, r22	; 0x02
    3b9c:	7b 83       	std	Y+3, r23	; 0x03
    3b9e:	bd cf       	rjmp	.-134    	; 0x3b1a <void paramAction<long>(unsigned char, long volatile&, unsigned char, __FlashStringHelper const*, char const**, long, long, bool) [clone .constprop.20]+0x3a>
/home/jgalera/develop/arduino/usdx/usdx_plus_orange/src/core/core.h:245
    }
    lcd_blanks();
    lcd_blanks();
    break;
  default:
    actionCommon(action, (uint8_t *)&value, sizeof(value));
    3ba0:	44 e0       	ldi	r20, 0x04	; 4
/home/jgalera/develop/arduino/usdx/usdx_plus_orange/src/core/core.h:248
    break;
  }
}
    3ba2:	df 91       	pop	r29
    3ba4:	cf 91       	pop	r28
    3ba6:	1f 91       	pop	r17
    3ba8:	0f 91       	pop	r16
/home/jgalera/develop/arduino/usdx/usdx_plus_orange/src/core/core.h:245
    }
    lcd_blanks();
    lcd_blanks();
    break;
  default:
    actionCommon(action, (uint8_t *)&value, sizeof(value));
    3baa:	0c 94 bd 1c 	jmp	0x397a	; 0x397a <actionCommon(unsigned char, unsigned char*, unsigned char)>

00003bae <paramAction(unsigned char, unsigned char)>:
_Z11paramActionhh():
/home/jgalera/develop/arduino/usdx/usdx_plus_orange/src/core/core.cpp:976
#ifndef NULL
#define NULL 0
#endif

// Re-implemented paramAction dispatcher
int8_t paramAction(uint8_t action, uint8_t id) {
    3bae:	6f 92       	push	r6
    3bb0:	7f 92       	push	r7
    3bb2:	8f 92       	push	r8
    3bb4:	9f 92       	push	r9
    3bb6:	af 92       	push	r10
    3bb8:	bf 92       	push	r11
    3bba:	cf 92       	push	r12
    3bbc:	df 92       	push	r13
    3bbe:	ef 92       	push	r14
    3bc0:	ff 92       	push	r15
    3bc2:	0f 93       	push	r16
    3bc4:	1f 93       	push	r17
    3bc6:	cf 93       	push	r28
    3bc8:	df 93       	push	r29
    3bca:	00 d0       	rcall	.+0      	; 0x3bcc <paramAction(unsigned char, unsigned char)+0x1e>
    3bcc:	00 d0       	rcall	.+0      	; 0x3bce <paramAction(unsigned char, unsigned char)+0x20>
    3bce:	00 d0       	rcall	.+0      	; 0x3bd0 <paramAction(unsigned char, unsigned char)+0x22>
    3bd0:	cd b7       	in	r28, 0x3d	; 61
    3bd2:	de b7       	in	r29, 0x3e	; 62
    3bd4:	78 2e       	mov	r7, r24
    3bd6:	66 2e       	mov	r6, r22
/home/jgalera/develop/arduino/usdx/usdx_plus_orange/src/core/core.cpp:977
  if ((action == SAVE) || (action == LOAD)) {
    3bd8:	ed ef       	ldi	r30, 0xFD	; 253
    3bda:	be 2e       	mov	r11, r30
    3bdc:	b8 0e       	add	r11, r24
/home/jgalera/develop/arduino/usdx/usdx_plus_orange/src/core/core.cpp:978
    eeprom_addr = EEPROM_OFFSET;
    3bde:	00 e5       	ldi	r16, 0x50	; 80
    3be0:	11 e0       	ldi	r17, 0x01	; 1
/home/jgalera/develop/arduino/usdx/usdx_plus_orange/src/core/core.cpp:1185
    break;
  default:
    if ((action == NEXT_MENU) && (id != N_PARAMS))
      id = paramAction(
          action,
          max(1 /*0*/, min(N_PARAMS, id + ((encoder_val > 0) ? 1 : -1))));
    3be2:	ee 24       	eor	r14, r14
    3be4:	e3 94       	inc	r14
    3be6:	f1 2c       	mov	r15, r1
    3be8:	ac e2       	ldi	r26, 0x2C	; 44
    3bea:	ca 2e       	mov	r12, r26
    3bec:	d1 2c       	mov	r13, r1
/home/jgalera/develop/arduino/usdx/usdx_plus_orange/src/core/core.cpp:977
#define NULL 0
#endif

// Re-implemented paramAction dispatcher
int8_t paramAction(uint8_t action, uint8_t id) {
  if ((action == SAVE) || (action == LOAD)) {
    3bee:	21 e0       	ldi	r18, 0x01	; 1
    3bf0:	2b 15       	cp	r18, r11
    3bf2:	70 f0       	brcs	.+28     	; 0x3c10 <paramAction(unsigned char, unsigned char)+0x62>
/home/jgalera/develop/arduino/usdx/usdx_plus_orange/src/core/core.cpp:978
    eeprom_addr = EEPROM_OFFSET;
    3bf4:	10 93 e5 03 	sts	0x03E5, r17	; 0x8003e5 <eeprom_addr+0x1>
    3bf8:	00 93 e4 03 	sts	0x03E4, r16	; 0x8003e4 <eeprom_addr>
/home/jgalera/develop/arduino/usdx/usdx_plus_orange/src/core/core.cpp:979
    for (uint8_t _id = 1; _id < id; _id++)
    3bfc:	aa 24       	eor	r10, r10
    3bfe:	a3 94       	inc	r10
    3c00:	a6 14       	cp	r10, r6
    3c02:	30 f4       	brcc	.+12     	; 0x3c10 <paramAction(unsigned char, unsigned char)+0x62>
/home/jgalera/develop/arduino/usdx/usdx_plus_orange/src/core/core.cpp:980
      paramAction(SKIP, _id);
    3c04:	6a 2d       	mov	r22, r10
    3c06:	85 e0       	ldi	r24, 0x05	; 5
    3c08:	0e 94 d7 1d 	call	0x3bae	; 0x3bae <paramAction(unsigned char, unsigned char)>
/home/jgalera/develop/arduino/usdx/usdx_plus_orange/src/core/core.cpp:979

// Re-implemented paramAction dispatcher
int8_t paramAction(uint8_t action, uint8_t id) {
  if ((action == SAVE) || (action == LOAD)) {
    eeprom_addr = EEPROM_OFFSET;
    for (uint8_t _id = 1; _id < id; _id++)
    3c0c:	a3 94       	inc	r10
    3c0e:	f8 cf       	rjmp	.-16     	; 0x3c00 <paramAction(unsigned char, unsigned char)+0x52>
/home/jgalera/develop/arduino/usdx/usdx_plus_orange/src/core/core.cpp:982
      paramAction(SKIP, _id);
  }
  if (id == ALL)
    3c10:	8f ef       	ldi	r24, 0xFF	; 255
    3c12:	68 12       	cpse	r6, r24
    3c14:	1b c0       	rjmp	.+54     	; 0x3c4c <paramAction(unsigned char, unsigned char)+0x9e>
/home/jgalera/develop/arduino/usdx/usdx_plus_orange/src/core/core.cpp:983
    for (id = 1; id != N_ALL_PARAMS + 1; id++)
    3c16:	11 e0       	ldi	r17, 0x01	; 1
/home/jgalera/develop/arduino/usdx/usdx_plus_orange/src/core/core.cpp:984
      paramAction(action, id); // for all parameters
    3c18:	61 2f       	mov	r22, r17
    3c1a:	87 2d       	mov	r24, r7
    3c1c:	0e 94 d7 1d 	call	0x3bae	; 0x3bae <paramAction(unsigned char, unsigned char)>
/home/jgalera/develop/arduino/usdx/usdx_plus_orange/src/core/core.cpp:983
    eeprom_addr = EEPROM_OFFSET;
    for (uint8_t _id = 1; _id < id; _id++)
      paramAction(SKIP, _id);
  }
  if (id == ALL)
    for (id = 1; id != N_ALL_PARAMS + 1; id++)
    3c20:	1f 5f       	subi	r17, 0xFF	; 255
    3c22:	12 33       	cpi	r17, 0x32	; 50
    3c24:	c9 f7       	brne	.-14     	; 0x3c18 <paramAction(unsigned char, unsigned char)+0x6a>
/home/jgalera/develop/arduino/usdx/usdx_plus_orange/src/core/core.cpp:1172
    break;
  case MODEB:
    paramAction(action, vfomode[VFOB], 0, NULL, NULL, 0, 0, false);
    break;
  case VERS:
    paramAction(action, eeprom_version, 0, NULL, NULL, 0, 0, false);
    3c26:	81 2c       	mov	r8, r1
    3c28:	91 2c       	mov	r9, r1
    3c2a:	54 01       	movw	r10, r8
    3c2c:	c1 2c       	mov	r12, r1
    3c2e:	d1 2c       	mov	r13, r1
    3c30:	76 01       	movw	r14, r12
    3c32:	10 e0       	ldi	r17, 0x00	; 0
    3c34:	00 e0       	ldi	r16, 0x00	; 0
    3c36:	30 e0       	ldi	r19, 0x00	; 0
    3c38:	20 e0       	ldi	r18, 0x00	; 0
    3c3a:	40 e0       	ldi	r20, 0x00	; 0
    3c3c:	68 ec       	ldi	r22, 0xC8	; 200
    3c3e:	75 e0       	ldi	r23, 0x05	; 5
    3c40:	87 2d       	mov	r24, r7
    3c42:	0e 94 e0 1c 	call	0x39c0	; 0x39c0 <void paramAction<unsigned char>(unsigned char, unsigned char volatile&, unsigned char, __FlashStringHelper const*, char const**, long, long, bool) [clone .constprop.21]>
    3c46:	82 e3       	ldi	r24, 0x32	; 50
    3c48:	68 2e       	mov	r6, r24
    3c4a:	af c0       	rjmp	.+350    	; 0x3daa <paramAction(unsigned char, unsigned char)+0x1fc>
/home/jgalera/develop/arduino/usdx/usdx_plus_orange/src/core/core.cpp:986
  }
  if (id == ALL)
    for (id = 1; id != N_ALL_PARAMS + 1; id++)
      paramAction(action, id); // for all parameters

  switch (id) { // Visible parameters
    3c4c:	92 e3       	ldi	r25, 0x32	; 50
    3c4e:	96 15       	cp	r25, r6
    3c50:	08 f4       	brcc	.+2      	; 0x3c54 <paramAction(unsigned char, unsigned char)+0xa6>
    3c52:	61 c3       	rjmp	.+1730   	; 0x4316 <paramAction(unsigned char, unsigned char)+0x768>
    3c54:	e6 2d       	mov	r30, r6
    3c56:	f0 e0       	ldi	r31, 0x00	; 0
    3c58:	e0 5d       	subi	r30, 0xD0	; 208
    3c5a:	f1 4e       	sbci	r31, 0xE1	; 225
    3c5c:	0c 94 f9 39 	jmp	0x73f2	; 0x73f2 <__tablejump2__>
    3c60:	83 21       	and	r24, r3
    3c62:	63 1e       	adc	r6, r19
    3c64:	c3 1e       	adc	r12, r19
    3c66:	eb 1e       	adc	r14, r27
    3c68:	fb 1e       	adc	r15, r27
    3c6a:	0b 1f       	adc	r16, r27
    3c6c:	1b 1f       	adc	r17, r27
    3c6e:	2a 1f       	adc	r18, r26
    3c70:	91 1f       	adc	r25, r17
    3c72:	a0 1f       	adc	r26, r16
    3c74:	b0 1f       	adc	r27, r16
    3c76:	c0 1f       	adc	r28, r16
    3c78:	d0 1f       	adc	r29, r16
    3c7a:	8b 21       	and	r24, r11
    3c7c:	e0 1f       	adc	r30, r16
    3c7e:	8b 21       	and	r24, r11
    3c80:	8b 21       	and	r24, r11
    3c82:	ef 1f       	adc	r30, r31
    3c84:	fe 1f       	adc	r31, r30
    3c86:	58 20       	and	r5, r8
    3c88:	68 20       	and	r6, r8
    3c8a:	77 20       	and	r7, r7
    3c8c:	86 20       	and	r8, r6
    3c8e:	95 20       	and	r9, r5
    3c90:	8b 21       	and	r24, r11
    3c92:	8b 21       	and	r24, r11
    3c94:	8b 21       	and	r24, r11
    3c96:	8b 21       	and	r24, r11
    3c98:	8b 21       	and	r24, r11
    3c9a:	8b 21       	and	r24, r11
    3c9c:	8b 21       	and	r24, r11
    3c9e:	8b 21       	and	r24, r11
    3ca0:	8b 21       	and	r24, r11
    3ca2:	8b 21       	and	r24, r11
    3ca4:	8b 21       	and	r24, r11
    3ca6:	a4 20       	and	r10, r4
    3ca8:	b9 20       	and	r11, r9
    3caa:	ca 20       	and	r12, r10
    3cac:	3f 21       	and	r19, r15
    3cae:	8b 21       	and	r24, r11
    3cb0:	8b 21       	and	r24, r11
    3cb2:	8b 21       	and	r24, r11
    3cb4:	8b 21       	and	r24, r11
    3cb6:	8b 21       	and	r24, r11
    3cb8:	8b 21       	and	r24, r11
    3cba:	4f 21       	and	r20, r15
    3cbc:	5e 21       	and	r21, r14
    3cbe:	64 21       	and	r22, r4
    3cc0:	67 21       	and	r22, r7
    3cc2:	75 21       	and	r23, r5
    3cc4:	13 1e       	adc	r1, r19
paramAction():
/home/jgalera/develop/arduino/usdx/usdx_plus_orange/src/core/core.h:221
// Template for paramAction (Must remain in header)
template <typename T>
void paramAction(uint8_t action, volatile T &value, uint8_t menuid,
                 const __FlashStringHelper *label, const char *enumArray[],
                 int32_t _min, int32_t _max, bool continuous) {
  switch (action) {
    3cc6:	21 e0       	ldi	r18, 0x01	; 1
    3cc8:	27 15       	cp	r18, r7
    3cca:	08 f4       	brcc	.+2      	; 0x3cce <paramAction(unsigned char, unsigned char)+0x120>
    3ccc:	55 c0       	rjmp	.+170    	; 0x3d78 <paramAction(unsigned char, unsigned char)+0x1ca>
/home/jgalera/develop/arduino/usdx/usdx_plus_orange/src/core/core.h:224
  case UPDATE:
  case UPDATE_MENU:
    if (((int32_t)value + encoder_val) < _min)
    3cce:	80 91 b3 01 	lds	r24, 0x01B3	; 0x8001b3 <volume>
    3cd2:	40 91 19 06 	lds	r20, 0x0619	; 0x800619 <encoder_val>
    3cd6:	08 2e       	mov	r0, r24
    3cd8:	00 0c       	add	r0, r0
    3cda:	99 0b       	sbc	r25, r25
    3cdc:	aa 0b       	sbc	r26, r26
    3cde:	bb 0b       	sbc	r27, r27
    3ce0:	04 2e       	mov	r0, r20
    3ce2:	00 0c       	add	r0, r0
    3ce4:	55 0b       	sbc	r21, r21
    3ce6:	66 0b       	sbc	r22, r22
    3ce8:	77 0b       	sbc	r23, r23
    3cea:	84 0f       	add	r24, r20
    3cec:	95 1f       	adc	r25, r21
    3cee:	a6 1f       	adc	r26, r22
    3cf0:	b7 1f       	adc	r27, r23
    3cf2:	8f 3f       	cpi	r24, 0xFF	; 255
    3cf4:	9f 4f       	sbci	r25, 0xFF	; 255
    3cf6:	af 4f       	sbci	r26, 0xFF	; 255
    3cf8:	bf 4f       	sbci	r27, 0xFF	; 255
    3cfa:	04 f5       	brge	.+64     	; 0x3d3c <paramAction(unsigned char, unsigned char)+0x18e>
/home/jgalera/develop/arduino/usdx/usdx_plus_orange/src/core/core.h:225
      value = (continuous) ? _max : _min;
    3cfc:	8f ef       	ldi	r24, 0xFF	; 255
/home/jgalera/develop/arduino/usdx/usdx_plus_orange/src/core/core.h:229
    else if (((int32_t)value + encoder_val) > _max)
      value = (continuous) ? _min : _max;
    else
      value = (int32_t)value + encoder_val;
    3cfe:	80 93 b3 01 	sts	0x01B3, r24	; 0x8001b3 <volume>
/home/jgalera/develop/arduino/usdx/usdx_plus_orange/src/core/core.h:230
    encoder_val = 0;
    3d02:	10 92 19 06 	sts	0x0619, r1	; 0x800619 <encoder_val>
/home/jgalera/develop/arduino/usdx/usdx_plus_orange/src/core/core.h:232

    lcd.noCursor();
    3d06:	0e 94 96 11 	call	0x232c	; 0x232c <LCD::noCursor() [clone .isra.5]>
/home/jgalera/develop/arduino/usdx/usdx_plus_orange/src/core/core.h:233
    printlabel(action, menuid, label);
    3d0a:	47 e3       	ldi	r20, 0x37	; 55
    3d0c:	51 e0       	ldi	r21, 0x01	; 1
    3d0e:	61 e1       	ldi	r22, 0x11	; 17
    3d10:	87 2d       	mov	r24, r7
    3d12:	0e 94 ce 18 	call	0x319c	; 0x319c <printlabel(unsigned char, unsigned char, __FlashStringHelper const*)>
/home/jgalera/develop/arduino/usdx/usdx_plus_orange/src/core/core.h:235
    if (enumArray == NULL) {
      if ((_min < 0) && (value >= 0))
    3d16:	80 91 b3 01 	lds	r24, 0x01B3	; 0x8001b3 <volume>
    3d1a:	87 fd       	sbrc	r24, 7
    3d1c:	05 c0       	rjmp	.+10     	; 0x3d28 <paramAction(unsigned char, unsigned char)+0x17a>
/home/jgalera/develop/arduino/usdx/usdx_plus_orange/src/core/core.h:236
        lcd.print('+');
    3d1e:	6b e2       	ldi	r22, 0x2B	; 43
    3d20:	87 eb       	ldi	r24, 0xB7	; 183
    3d22:	96 e0       	ldi	r25, 0x06	; 6
    3d24:	0e 94 4c 04 	call	0x898	; 0x898 <Print::print(char)>
/home/jgalera/develop/arduino/usdx/usdx_plus_orange/src/core/core.h:237
      lcd.print(value);
    3d28:	60 91 b3 01 	lds	r22, 0x01B3	; 0x8001b3 <volume>
    3d2c:	06 2e       	mov	r0, r22
    3d2e:	00 0c       	add	r0, r0
    3d30:	77 0b       	sbc	r23, r23
    3d32:	87 eb       	ldi	r24, 0xB7	; 183
    3d34:	96 e0       	ldi	r25, 0x06	; 6
    3d36:	0e 94 f1 19 	call	0x33e2	; 0x33e2 <Print::print(int, int) [clone .constprop.27]>
    3d3a:	c1 c0       	rjmp	.+386    	; 0x3ebe <paramAction(unsigned char, unsigned char)+0x310>
/home/jgalera/develop/arduino/usdx/usdx_plus_orange/src/core/core.h:226
  switch (action) {
  case UPDATE:
  case UPDATE_MENU:
    if (((int32_t)value + encoder_val) < _min)
      value = (continuous) ? _max : _min;
    else if (((int32_t)value + encoder_val) > _max)
    3d3c:	80 91 b3 01 	lds	r24, 0x01B3	; 0x8001b3 <volume>
    3d40:	40 91 19 06 	lds	r20, 0x0619	; 0x800619 <encoder_val>
    3d44:	08 2e       	mov	r0, r24
    3d46:	00 0c       	add	r0, r0
    3d48:	99 0b       	sbc	r25, r25
    3d4a:	aa 0b       	sbc	r26, r26
    3d4c:	bb 0b       	sbc	r27, r27
    3d4e:	04 2e       	mov	r0, r20
    3d50:	00 0c       	add	r0, r0
    3d52:	55 0b       	sbc	r21, r21
    3d54:	66 0b       	sbc	r22, r22
    3d56:	77 0b       	sbc	r23, r23
    3d58:	84 0f       	add	r24, r20
    3d5a:	95 1f       	adc	r25, r21
    3d5c:	a6 1f       	adc	r26, r22
    3d5e:	b7 1f       	adc	r27, r23
    3d60:	41 97       	sbiw	r24, 0x11	; 17
    3d62:	a1 05       	cpc	r26, r1
    3d64:	b1 05       	cpc	r27, r1
    3d66:	14 f0       	brlt	.+4      	; 0x3d6c <paramAction(unsigned char, unsigned char)+0x1be>
/home/jgalera/develop/arduino/usdx/usdx_plus_orange/src/core/core.h:227
      value = (continuous) ? _min : _max;
    3d68:	80 e1       	ldi	r24, 0x10	; 16
    3d6a:	c9 cf       	rjmp	.-110    	; 0x3cfe <paramAction(unsigned char, unsigned char)+0x150>
/home/jgalera/develop/arduino/usdx/usdx_plus_orange/src/core/core.h:229
    else
      value = (int32_t)value + encoder_val;
    3d6c:	80 91 b3 01 	lds	r24, 0x01B3	; 0x8001b3 <volume>
    3d70:	90 91 19 06 	lds	r25, 0x0619	; 0x800619 <encoder_val>
    3d74:	89 0f       	add	r24, r25
    3d76:	c3 cf       	rjmp	.-122    	; 0x3cfe <paramAction(unsigned char, unsigned char)+0x150>
/home/jgalera/develop/arduino/usdx/usdx_plus_orange/src/core/core.h:245
    }
    lcd_blanks();
    lcd_blanks();
    break;
  default:
    actionCommon(action, (uint8_t *)&value, sizeof(value));
    3d78:	41 e0       	ldi	r20, 0x01	; 1
    3d7a:	63 eb       	ldi	r22, 0xB3	; 179
    3d7c:	71 e0       	ldi	r23, 0x01	; 1
    3d7e:	87 2d       	mov	r24, r7
    3d80:	0e 94 bd 1c 	call	0x397a	; 0x397a <actionCommon(unsigned char, unsigned char*, unsigned char)>
    3d84:	12 c0       	rjmp	.+36     	; 0x3daa <paramAction(unsigned char, unsigned char)+0x1fc>
_Z11paramActionhh():
/home/jgalera/develop/arduino/usdx/usdx_plus_orange/src/core/core.cpp:991
  case VOLUME:
    paramAction(action, volume, 0x11, F("Volume"), NULL, -1, 16, false);
    break;
  case MODE:
    paramAction(action, mode, 0x12, F("Mode"), mode_label, 0,
    3d86:	74 e0       	ldi	r23, 0x04	; 4
    3d88:	87 2e       	mov	r8, r23
    3d8a:	91 2c       	mov	r9, r1
    3d8c:	a1 2c       	mov	r10, r1
    3d8e:	b1 2c       	mov	r11, r1
    3d90:	c1 2c       	mov	r12, r1
    3d92:	d1 2c       	mov	r13, r1
    3d94:	76 01       	movw	r14, r12
    3d96:	03 e7       	ldi	r16, 0x73	; 115
    3d98:	11 e0       	ldi	r17, 0x01	; 1
    3d9a:	22 e3       	ldi	r18, 0x32	; 50
    3d9c:	31 e0       	ldi	r19, 0x01	; 1
    3d9e:	42 e1       	ldi	r20, 0x12	; 18
    3da0:	6d ec       	ldi	r22, 0xCD	; 205
    3da2:	71 e0       	ldi	r23, 0x01	; 1
/home/jgalera/develop/arduino/usdx/usdx_plus_orange/src/core/core.cpp:995
                _N(mode_label) - 1, false);
    break;
  case FILTER:
    paramAction(action, filt, 0x13, F("Filter BW"), filt_label, 0,
    3da4:	87 2d       	mov	r24, r7
    3da6:	0e 94 e0 1c 	call	0x39c0	; 0x39c0 <void paramAction<unsigned char>(unsigned char, unsigned char volatile&, unsigned char, __FlashStringHelper const*, char const**, long, long, bool) [clone .constprop.21]>
/home/jgalera/develop/arduino/usdx/usdx_plus_orange/src/core/core.cpp:1189
          action,
          max(1 /*0*/, min(N_PARAMS, id + ((encoder_val > 0) ? 1 : -1))));
    break;
  }
  return id;
}
    3daa:	86 2d       	mov	r24, r6
    3dac:	26 96       	adiw	r28, 0x06	; 6
    3dae:	0f b6       	in	r0, 0x3f	; 63
    3db0:	f8 94       	cli
    3db2:	de bf       	out	0x3e, r29	; 62
    3db4:	0f be       	out	0x3f, r0	; 63
    3db6:	cd bf       	out	0x3d, r28	; 61
    3db8:	df 91       	pop	r29
    3dba:	cf 91       	pop	r28
    3dbc:	1f 91       	pop	r17
    3dbe:	0f 91       	pop	r16
    3dc0:	ff 90       	pop	r15
    3dc2:	ef 90       	pop	r14
    3dc4:	df 90       	pop	r13
    3dc6:	cf 90       	pop	r12
    3dc8:	bf 90       	pop	r11
    3dca:	af 90       	pop	r10
    3dcc:	9f 90       	pop	r9
    3dce:	8f 90       	pop	r8
    3dd0:	7f 90       	pop	r7
    3dd2:	6f 90       	pop	r6
    3dd4:	08 95       	ret
/home/jgalera/develop/arduino/usdx/usdx_plus_orange/src/core/core.cpp:995
  case MODE:
    paramAction(action, mode, 0x12, F("Mode"), mode_label, 0,
                _N(mode_label) - 1, false);
    break;
  case FILTER:
    paramAction(action, filt, 0x13, F("Filter BW"), filt_label, 0,
    3dd6:	67 e0       	ldi	r22, 0x07	; 7
    3dd8:	86 2e       	mov	r8, r22
    3dda:	91 2c       	mov	r9, r1
    3ddc:	a1 2c       	mov	r10, r1
    3dde:	b1 2c       	mov	r11, r1
    3de0:	c1 2c       	mov	r12, r1
    3de2:	d1 2c       	mov	r13, r1
    3de4:	76 01       	movw	r14, r12
    3de6:	05 e5       	ldi	r16, 0x55	; 85
    3de8:	11 e0       	ldi	r17, 0x01	; 1
    3dea:	28 e2       	ldi	r18, 0x28	; 40
    3dec:	31 e0       	ldi	r19, 0x01	; 1
    3dee:	43 e1       	ldi	r20, 0x13	; 19
    3df0:	61 ef       	ldi	r22, 0xF1	; 241
    3df2:	75 e0       	ldi	r23, 0x05	; 5
    3df4:	d7 cf       	rjmp	.-82     	; 0x3da4 <paramAction(unsigned char, unsigned char)+0x1f6>
/home/jgalera/develop/arduino/usdx/usdx_plus_orange/src/core/core.cpp:999
                _N(filt_label) - 1, false);
    break;
  case BAND:
    paramAction(action, bandval, 0x14, F("Band"), band_label, 0,
    3df6:	5a e0       	ldi	r21, 0x0A	; 10
    3df8:	85 2e       	mov	r8, r21
    3dfa:	91 2c       	mov	r9, r1
    3dfc:	a1 2c       	mov	r10, r1
    3dfe:	b1 2c       	mov	r11, r1
    3e00:	c1 2c       	mov	r12, r1
    3e02:	d1 2c       	mov	r13, r1
    3e04:	76 01       	movw	r14, r12
    3e06:	0f e3       	ldi	r16, 0x3F	; 63
    3e08:	11 e0       	ldi	r17, 0x01	; 1
    3e0a:	23 e2       	ldi	r18, 0x23	; 35
    3e0c:	31 e0       	ldi	r19, 0x01	; 1
    3e0e:	44 e1       	ldi	r20, 0x14	; 20
    3e10:	64 eb       	ldi	r22, 0xB4	; 180
    3e12:	71 e0       	ldi	r23, 0x01	; 1
    3e14:	c7 cf       	rjmp	.-114    	; 0x3da4 <paramAction(unsigned char, unsigned char)+0x1f6>
/home/jgalera/develop/arduino/usdx/usdx_plus_orange/src/core/core.cpp:1003
                _N(band_label) - 1, false);
    break;
  case STEP:
    paramAction(action, stepsize, 0x15, F("Tune Rate"), stepsize_label, 0,
    3e16:	49 e0       	ldi	r20, 0x09	; 9
    3e18:	84 2e       	mov	r8, r20
    3e1a:	91 2c       	mov	r9, r1
    3e1c:	a1 2c       	mov	r10, r1
    3e1e:	b1 2c       	mov	r11, r1
    3e20:	c1 2c       	mov	r12, r1
    3e22:	d1 2c       	mov	r13, r1
    3e24:	76 01       	movw	r14, r12
    3e26:	0b e2       	ldi	r16, 0x2B	; 43
    3e28:	11 e0       	ldi	r17, 0x01	; 1
    3e2a:	29 e1       	ldi	r18, 0x19	; 25
    3e2c:	31 e0       	ldi	r19, 0x01	; 1
    3e2e:	45 e1       	ldi	r20, 0x15	; 21
    3e30:	67 ec       	ldi	r22, 0xC7	; 199
    3e32:	71 e0       	ldi	r23, 0x01	; 1
    3e34:	b7 cf       	rjmp	.-146    	; 0x3da4 <paramAction(unsigned char, unsigned char)+0x1f6>
/home/jgalera/develop/arduino/usdx/usdx_plus_orange/src/core/core.cpp:1007
                _N(stepsize_label) - 1, false);
    break;
  case VFOSEL:
    paramAction(action, vfosel, 0x16, F("VFO Mode"), vfosel_label, 0,
    3e36:	81 2c       	mov	r8, r1
    3e38:	91 2c       	mov	r9, r1
    3e3a:	54 01       	movw	r10, r8
    3e3c:	83 94       	inc	r8
    3e3e:	c1 2c       	mov	r12, r1
    3e40:	d1 2c       	mov	r13, r1
    3e42:	76 01       	movw	r14, r12
    3e44:	07 e2       	ldi	r16, 0x27	; 39
    3e46:	11 e0       	ldi	r17, 0x01	; 1
    3e48:	20 e1       	ldi	r18, 0x10	; 16
    3e4a:	31 e0       	ldi	r19, 0x01	; 1
    3e4c:	46 e1       	ldi	r20, 0x16	; 22
    3e4e:	60 ef       	ldi	r22, 0xF0	; 240
    3e50:	75 e0       	ldi	r23, 0x05	; 5
    3e52:	a8 cf       	rjmp	.-176    	; 0x3da4 <paramAction(unsigned char, unsigned char)+0x1f6>
paramAction():
/home/jgalera/develop/arduino/usdx/usdx_plus_orange/src/core/core.h:221
// Template for paramAction (Must remain in header)
template <typename T>
void paramAction(uint8_t action, volatile T &value, uint8_t menuid,
                 const __FlashStringHelper *label, const char *enumArray[],
                 int32_t _min, int32_t _max, bool continuous) {
  switch (action) {
    3e54:	81 e0       	ldi	r24, 0x01	; 1
    3e56:	87 15       	cp	r24, r7
    3e58:	08 f4       	brcc	.+2      	; 0x3e5c <paramAction(unsigned char, unsigned char)+0x2ae>
    3e5a:	5f c0       	rjmp	.+190    	; 0x3f1a <paramAction(unsigned char, unsigned char)+0x36c>
/home/jgalera/develop/arduino/usdx/usdx_plus_orange/src/core/core.h:224
  case UPDATE:
  case UPDATE_MENU:
    if (((int32_t)value + encoder_val) < _min)
    3e5c:	80 91 f2 05 	lds	r24, 0x05F2	; 0x8005f2 <rit>
    3e60:	90 91 f3 05 	lds	r25, 0x05F3	; 0x8005f3 <rit+0x1>
    3e64:	40 91 19 06 	lds	r20, 0x0619	; 0x800619 <encoder_val>
    3e68:	09 2e       	mov	r0, r25
    3e6a:	00 0c       	add	r0, r0
    3e6c:	aa 0b       	sbc	r26, r26
    3e6e:	bb 0b       	sbc	r27, r27
    3e70:	04 2e       	mov	r0, r20
    3e72:	00 0c       	add	r0, r0
    3e74:	55 0b       	sbc	r21, r21
    3e76:	66 0b       	sbc	r22, r22
    3e78:	77 0b       	sbc	r23, r23
    3e7a:	84 0f       	add	r24, r20
    3e7c:	95 1f       	adc	r25, r21
    3e7e:	a6 1f       	adc	r26, r22
    3e80:	b7 1f       	adc	r27, r23
    3e82:	b7 ff       	sbrs	r27, 7
    3e84:	21 c0       	rjmp	.+66     	; 0x3ec8 <paramAction(unsigned char, unsigned char)+0x31a>
/home/jgalera/develop/arduino/usdx/usdx_plus_orange/src/core/core.h:225
      value = (continuous) ? _max : _min;
    3e86:	10 92 f3 05 	sts	0x05F3, r1	; 0x8005f3 <rit+0x1>
    3e8a:	10 92 f2 05 	sts	0x05F2, r1	; 0x8005f2 <rit>
/home/jgalera/develop/arduino/usdx/usdx_plus_orange/src/core/core.h:230
    else if (((int32_t)value + encoder_val) > _max)
      value = (continuous) ? _min : _max;
    else
      value = (int32_t)value + encoder_val;
    encoder_val = 0;
    3e8e:	10 92 19 06 	sts	0x0619, r1	; 0x800619 <encoder_val>
/home/jgalera/develop/arduino/usdx/usdx_plus_orange/src/core/core.h:232

    lcd.noCursor();
    3e92:	0e 94 96 11 	call	0x232c	; 0x232c <LCD::noCursor() [clone .isra.5]>
/home/jgalera/develop/arduino/usdx/usdx_plus_orange/src/core/core.h:233
    printlabel(action, menuid, label);
    3e96:	4c e0       	ldi	r20, 0x0C	; 12
    3e98:	51 e0       	ldi	r21, 0x01	; 1
    3e9a:	67 e1       	ldi	r22, 0x17	; 23
    3e9c:	87 2d       	mov	r24, r7
    3e9e:	0e 94 ce 18 	call	0x319c	; 0x319c <printlabel(unsigned char, unsigned char, __FlashStringHelper const*)>
/home/jgalera/develop/arduino/usdx/usdx_plus_orange/src/core/core.h:239
    if (enumArray == NULL) {
      if ((_min < 0) && (value >= 0))
        lcd.print('+');
      lcd.print(value);
    } else {
      lcd.print(enumArray[value]);
    3ea2:	e0 91 f2 05 	lds	r30, 0x05F2	; 0x8005f2 <rit>
    3ea6:	f0 91 f3 05 	lds	r31, 0x05F3	; 0x8005f3 <rit+0x1>
    3eaa:	ee 0f       	add	r30, r30
    3eac:	ff 1f       	adc	r31, r31
    3eae:	ed 5d       	subi	r30, 0xDD	; 221
    3eb0:	fe 4f       	sbci	r31, 0xFE	; 254
    3eb2:	60 81       	ld	r22, Z
    3eb4:	71 81       	ldd	r23, Z+1	; 0x01
    3eb6:	87 eb       	ldi	r24, 0xB7	; 183
    3eb8:	96 e0       	ldi	r25, 0x06	; 6
    3eba:	0e 94 2f 1a 	call	0x345e	; 0x345e <Print::print(char const*)>
/home/jgalera/develop/arduino/usdx/usdx_plus_orange/src/core/core.h:241
    }
    lcd_blanks();
    3ebe:	0e 94 ca 18 	call	0x3194	; 0x3194 <lcd_blanks()>
/home/jgalera/develop/arduino/usdx/usdx_plus_orange/src/core/core.h:242
    lcd_blanks();
    3ec2:	0e 94 ca 18 	call	0x3194	; 0x3194 <lcd_blanks()>
    3ec6:	71 cf       	rjmp	.-286    	; 0x3daa <paramAction(unsigned char, unsigned char)+0x1fc>
/home/jgalera/develop/arduino/usdx/usdx_plus_orange/src/core/core.h:226
  switch (action) {
  case UPDATE:
  case UPDATE_MENU:
    if (((int32_t)value + encoder_val) < _min)
      value = (continuous) ? _max : _min;
    else if (((int32_t)value + encoder_val) > _max)
    3ec8:	80 91 f2 05 	lds	r24, 0x05F2	; 0x8005f2 <rit>
    3ecc:	90 91 f3 05 	lds	r25, 0x05F3	; 0x8005f3 <rit+0x1>
    3ed0:	40 91 19 06 	lds	r20, 0x0619	; 0x800619 <encoder_val>
    3ed4:	09 2e       	mov	r0, r25
    3ed6:	00 0c       	add	r0, r0
    3ed8:	aa 0b       	sbc	r26, r26
    3eda:	bb 0b       	sbc	r27, r27
    3edc:	04 2e       	mov	r0, r20
    3ede:	00 0c       	add	r0, r0
    3ee0:	55 0b       	sbc	r21, r21
    3ee2:	66 0b       	sbc	r22, r22
    3ee4:	77 0b       	sbc	r23, r23
    3ee6:	84 0f       	add	r24, r20
    3ee8:	95 1f       	adc	r25, r21
    3eea:	a6 1f       	adc	r26, r22
    3eec:	b7 1f       	adc	r27, r23
    3eee:	02 97       	sbiw	r24, 0x02	; 2
    3ef0:	a1 05       	cpc	r26, r1
    3ef2:	b1 05       	cpc	r27, r1
    3ef4:	3c f0       	brlt	.+14     	; 0x3f04 <paramAction(unsigned char, unsigned char)+0x356>
/home/jgalera/develop/arduino/usdx/usdx_plus_orange/src/core/core.h:227
      value = (continuous) ? _min : _max;
    3ef6:	81 e0       	ldi	r24, 0x01	; 1
    3ef8:	90 e0       	ldi	r25, 0x00	; 0
/home/jgalera/develop/arduino/usdx/usdx_plus_orange/src/core/core.h:229
    else
      value = (int32_t)value + encoder_val;
    3efa:	90 93 f3 05 	sts	0x05F3, r25	; 0x8005f3 <rit+0x1>
    3efe:	80 93 f2 05 	sts	0x05F2, r24	; 0x8005f2 <rit>
    3f02:	c5 cf       	rjmp	.-118    	; 0x3e8e <paramAction(unsigned char, unsigned char)+0x2e0>
    3f04:	80 91 f2 05 	lds	r24, 0x05F2	; 0x8005f2 <rit>
    3f08:	90 91 f3 05 	lds	r25, 0x05F3	; 0x8005f3 <rit+0x1>
    3f0c:	20 91 19 06 	lds	r18, 0x0619	; 0x800619 <encoder_val>
    3f10:	82 0f       	add	r24, r18
    3f12:	91 1d       	adc	r25, r1
    3f14:	27 fd       	sbrc	r18, 7
    3f16:	9a 95       	dec	r25
    3f18:	f0 cf       	rjmp	.-32     	; 0x3efa <paramAction(unsigned char, unsigned char)+0x34c>
/home/jgalera/develop/arduino/usdx/usdx_plus_orange/src/core/core.h:245
    }
    lcd_blanks();
    lcd_blanks();
    break;
  default:
    actionCommon(action, (uint8_t *)&value, sizeof(value));
    3f1a:	42 e0       	ldi	r20, 0x02	; 2
    3f1c:	62 ef       	ldi	r22, 0xF2	; 242
    3f1e:	75 e0       	ldi	r23, 0x05	; 5
    3f20:	2e cf       	rjmp	.-420    	; 0x3d7e <paramAction(unsigned char, unsigned char)+0x1d0>
_Z11paramActionhh():
/home/jgalera/develop/arduino/usdx/usdx_plus_orange/src/core/core.cpp:1022
    paramAction(action, agc, 0x18, F("AGC"), agc_label, 0, _N(agc_label) - 1,
                false);
    break;
#else
  case AGC:
    paramAction(action, agc, 0x18, F("AGC"), offon_label, 0, 1, false);
    3f22:	81 2c       	mov	r8, r1
    3f24:	91 2c       	mov	r9, r1
    3f26:	54 01       	movw	r10, r8
    3f28:	83 94       	inc	r8
    3f2a:	c1 2c       	mov	r12, r1
    3f2c:	d1 2c       	mov	r13, r1
    3f2e:	76 01       	movw	r14, r12
    3f30:	03 e2       	ldi	r16, 0x23	; 35
    3f32:	11 e0       	ldi	r17, 0x01	; 1
    3f34:	28 e0       	ldi	r18, 0x08	; 8
    3f36:	31 e0       	ldi	r19, 0x01	; 1
    3f38:	48 e1       	ldi	r20, 0x18	; 24
    3f3a:	6a e6       	ldi	r22, 0x6A	; 106
    3f3c:	71 e0       	ldi	r23, 0x01	; 1
    3f3e:	32 cf       	rjmp	.-412    	; 0x3da4 <paramAction(unsigned char, unsigned char)+0x1f6>
/home/jgalera/develop/arduino/usdx/usdx_plus_orange/src/core/core.cpp:1026
    break;
#endif
  case NR:
    paramAction(action, nr, 0x19, F("NR"), NULL, 0, 8, false);
    3f40:	88 e0       	ldi	r24, 0x08	; 8
    3f42:	88 2e       	mov	r8, r24
    3f44:	91 2c       	mov	r9, r1
    3f46:	a1 2c       	mov	r10, r1
    3f48:	b1 2c       	mov	r11, r1
    3f4a:	c1 2c       	mov	r12, r1
    3f4c:	d1 2c       	mov	r13, r1
    3f4e:	76 01       	movw	r14, r12
    3f50:	10 e0       	ldi	r17, 0x00	; 0
    3f52:	00 e0       	ldi	r16, 0x00	; 0
    3f54:	25 e0       	ldi	r18, 0x05	; 5
    3f56:	31 e0       	ldi	r19, 0x01	; 1
    3f58:	49 e1       	ldi	r20, 0x19	; 25
    3f5a:	65 ec       	ldi	r22, 0xC5	; 197
    3f5c:	71 e0       	ldi	r23, 0x01	; 1
    3f5e:	22 cf       	rjmp	.-444    	; 0x3da4 <paramAction(unsigned char, unsigned char)+0x1f6>
/home/jgalera/develop/arduino/usdx/usdx_plus_orange/src/core/core.cpp:1029
    break;
  case ATT:
    paramAction(action, att, 0x1A, F("ATT"), att_label, 0, 7, false);
    3f60:	07 e0       	ldi	r16, 0x07	; 7
    3f62:	80 2e       	mov	r8, r16
    3f64:	91 2c       	mov	r9, r1
    3f66:	a1 2c       	mov	r10, r1
    3f68:	b1 2c       	mov	r11, r1
    3f6a:	c1 2c       	mov	r12, r1
    3f6c:	d1 2c       	mov	r13, r1
    3f6e:	76 01       	movw	r14, r12
    3f70:	03 e1       	ldi	r16, 0x13	; 19
    3f72:	11 e0       	ldi	r17, 0x01	; 1
    3f74:	21 e0       	ldi	r18, 0x01	; 1
    3f76:	31 e0       	ldi	r19, 0x01	; 1
    3f78:	4a e1       	ldi	r20, 0x1A	; 26
    3f7a:	6d ee       	ldi	r22, 0xED	; 237
    3f7c:	75 e0       	ldi	r23, 0x05	; 5
    3f7e:	12 cf       	rjmp	.-476    	; 0x3da4 <paramAction(unsigned char, unsigned char)+0x1f6>
/home/jgalera/develop/arduino/usdx/usdx_plus_orange/src/core/core.cpp:1032
    break;
  case ATT2:
    paramAction(action, att2, 0x1B, F("ATT2"), NULL, 0, 16, false);
    3f80:	10 e1       	ldi	r17, 0x10	; 16
    3f82:	81 2e       	mov	r8, r17
    3f84:	91 2c       	mov	r9, r1
    3f86:	a1 2c       	mov	r10, r1
    3f88:	b1 2c       	mov	r11, r1
    3f8a:	c1 2c       	mov	r12, r1
    3f8c:	d1 2c       	mov	r13, r1
    3f8e:	76 01       	movw	r14, r12
    3f90:	10 e0       	ldi	r17, 0x00	; 0
    3f92:	00 e0       	ldi	r16, 0x00	; 0
    3f94:	2c ef       	ldi	r18, 0xFC	; 252
    3f96:	30 e0       	ldi	r19, 0x00	; 0
    3f98:	4b e1       	ldi	r20, 0x1B	; 27
    3f9a:	62 e7       	ldi	r22, 0x72	; 114
    3f9c:	71 e0       	ldi	r23, 0x01	; 1
    3f9e:	02 cf       	rjmp	.-508    	; 0x3da4 <paramAction(unsigned char, unsigned char)+0x1f6>
/home/jgalera/develop/arduino/usdx/usdx_plus_orange/src/core/core.cpp:1035
    break;
  case SMETER:
    paramAction(action, smode, 0x1C, F("S-meter"), smode_label, 0,
    3fa0:	b4 e0       	ldi	r27, 0x04	; 4
    3fa2:	8b 2e       	mov	r8, r27
    3fa4:	91 2c       	mov	r9, r1
    3fa6:	a1 2c       	mov	r10, r1
    3fa8:	b1 2c       	mov	r11, r1
    3faa:	c1 2c       	mov	r12, r1
    3fac:	d1 2c       	mov	r13, r1
    3fae:	76 01       	movw	r14, r12
    3fb0:	09 e0       	ldi	r16, 0x09	; 9
    3fb2:	11 e0       	ldi	r17, 0x01	; 1
    3fb4:	24 ef       	ldi	r18, 0xF4	; 244
    3fb6:	30 e0       	ldi	r19, 0x00	; 0
    3fb8:	4c e1       	ldi	r20, 0x1C	; 28
    3fba:	6b ec       	ldi	r22, 0xCB	; 203
    3fbc:	71 e0       	ldi	r23, 0x01	; 1
    3fbe:	f2 ce       	rjmp	.-540    	; 0x3da4 <paramAction(unsigned char, unsigned char)+0x1f6>
/home/jgalera/develop/arduino/usdx/usdx_plus_orange/src/core/core.cpp:1046
                _N(swr_label) - 1, false);
    break;
#endif
#ifdef CW_DECODER
  case CWDEC:
    paramAction(action, cwdec, 0x21, F("CW Decoder"), offon_label, 0, 1, false);
    3fc0:	81 2c       	mov	r8, r1
    3fc2:	91 2c       	mov	r9, r1
    3fc4:	54 01       	movw	r10, r8
    3fc6:	83 94       	inc	r8
    3fc8:	c1 2c       	mov	r12, r1
    3fca:	d1 2c       	mov	r13, r1
    3fcc:	76 01       	movw	r14, r12
    3fce:	03 e2       	ldi	r16, 0x23	; 35
    3fd0:	11 e0       	ldi	r17, 0x01	; 1
    3fd2:	29 ee       	ldi	r18, 0xE9	; 233
    3fd4:	30 e0       	ldi	r19, 0x00	; 0
    3fd6:	41 e2       	ldi	r20, 0x21	; 33
    3fd8:	6c ec       	ldi	r22, 0xCC	; 204
    3fda:	71 e0       	ldi	r23, 0x01	; 1
    3fdc:	e3 ce       	rjmp	.-570    	; 0x3da4 <paramAction(unsigned char, unsigned char)+0x1f6>
/home/jgalera/develop/arduino/usdx/usdx_plus_orange/src/core/core.cpp:1064
                false);
    break;
#endif
#ifdef SEMI_QSK
  case SEMIQSK:
    paramAction(action, semi_qsk, 0x24, F("Semi QSK"), offon_label, 0, 1,
    3fde:	81 2c       	mov	r8, r1
    3fe0:	91 2c       	mov	r9, r1
    3fe2:	54 01       	movw	r10, r8
    3fe4:	83 94       	inc	r8
    3fe6:	c1 2c       	mov	r12, r1
    3fe8:	d1 2c       	mov	r13, r1
    3fea:	76 01       	movw	r14, r12
    3fec:	03 e2       	ldi	r16, 0x23	; 35
    3fee:	11 e0       	ldi	r17, 0x01	; 1
    3ff0:	20 ee       	ldi	r18, 0xE0	; 224
    3ff2:	30 e0       	ldi	r19, 0x00	; 0
    3ff4:	44 e2       	ldi	r20, 0x24	; 36
    3ff6:	63 ee       	ldi	r22, 0xE3	; 227
    3ff8:	73 e0       	ldi	r23, 0x03	; 3
    3ffa:	d4 ce       	rjmp	.-600    	; 0x3da4 <paramAction(unsigned char, unsigned char)+0x1f6>
paramAction():
/home/jgalera/develop/arduino/usdx/usdx_plus_orange/src/core/core.h:221
// Template for paramAction (Must remain in header)
template <typename T>
void paramAction(uint8_t action, volatile T &value, uint8_t menuid,
                 const __FlashStringHelper *label, const char *enumArray[],
                 int32_t _min, int32_t _max, bool continuous) {
  switch (action) {
    3ffc:	91 e0       	ldi	r25, 0x01	; 1
    3ffe:	97 15       	cp	r25, r7
    4000:	08 f4       	brcc	.+2      	; 0x4004 <paramAction(unsigned char, unsigned char)+0x456>
    4002:	52 c0       	rjmp	.+164    	; 0x40a8 <paramAction(unsigned char, unsigned char)+0x4fa>
/home/jgalera/develop/arduino/usdx/usdx_plus_orange/src/core/core.h:224
  case UPDATE:
  case UPDATE_MENU:
    if (((int32_t)value + encoder_val) < _min)
    4004:	80 91 b0 01 	lds	r24, 0x01B0	; 0x8001b0 <keyer_speed>
    4008:	90 91 b1 01 	lds	r25, 0x01B1	; 0x8001b1 <keyer_speed+0x1>
    400c:	40 91 19 06 	lds	r20, 0x0619	; 0x800619 <encoder_val>
    4010:	09 2e       	mov	r0, r25
    4012:	00 0c       	add	r0, r0
    4014:	aa 0b       	sbc	r26, r26
    4016:	bb 0b       	sbc	r27, r27
    4018:	04 2e       	mov	r0, r20
    401a:	00 0c       	add	r0, r0
    401c:	55 0b       	sbc	r21, r21
    401e:	66 0b       	sbc	r22, r22
    4020:	77 0b       	sbc	r23, r23
    4022:	84 0f       	add	r24, r20
    4024:	95 1f       	adc	r25, r21
    4026:	a6 1f       	adc	r26, r22
    4028:	b7 1f       	adc	r27, r23
    402a:	18 16       	cp	r1, r24
    402c:	19 06       	cpc	r1, r25
    402e:	1a 06       	cpc	r1, r26
    4030:	1b 06       	cpc	r1, r27
    4032:	ac f0       	brlt	.+42     	; 0x405e <paramAction(unsigned char, unsigned char)+0x4b0>
/home/jgalera/develop/arduino/usdx/usdx_plus_orange/src/core/core.h:225
      value = (continuous) ? _max : _min;
    4034:	81 e0       	ldi	r24, 0x01	; 1
    4036:	90 e0       	ldi	r25, 0x00	; 0
/home/jgalera/develop/arduino/usdx/usdx_plus_orange/src/core/core.h:229
    else if (((int32_t)value + encoder_val) > _max)
      value = (continuous) ? _min : _max;
    else
      value = (int32_t)value + encoder_val;
    4038:	90 93 b1 01 	sts	0x01B1, r25	; 0x8001b1 <keyer_speed+0x1>
    403c:	80 93 b0 01 	sts	0x01B0, r24	; 0x8001b0 <keyer_speed>
/home/jgalera/develop/arduino/usdx/usdx_plus_orange/src/core/core.h:230
    encoder_val = 0;
    4040:	10 92 19 06 	sts	0x0619, r1	; 0x800619 <encoder_val>
/home/jgalera/develop/arduino/usdx/usdx_plus_orange/src/core/core.h:232

    lcd.noCursor();
    4044:	0e 94 96 11 	call	0x232c	; 0x232c <LCD::noCursor() [clone .isra.5]>
/home/jgalera/develop/arduino/usdx/usdx_plus_orange/src/core/core.h:233
    printlabel(action, menuid, label);
    4048:	44 ed       	ldi	r20, 0xD4	; 212
    404a:	50 e0       	ldi	r21, 0x00	; 0
    404c:	65 e2       	ldi	r22, 0x25	; 37
    404e:	87 2d       	mov	r24, r7
    4050:	0e 94 ce 18 	call	0x319c	; 0x319c <printlabel(unsigned char, unsigned char, __FlashStringHelper const*)>
/home/jgalera/develop/arduino/usdx/usdx_plus_orange/src/core/core.h:237
    if (enumArray == NULL) {
      if ((_min < 0) && (value >= 0))
        lcd.print('+');
      lcd.print(value);
    4054:	60 91 b0 01 	lds	r22, 0x01B0	; 0x8001b0 <keyer_speed>
    4058:	70 91 b1 01 	lds	r23, 0x01B1	; 0x8001b1 <keyer_speed+0x1>
    405c:	6a ce       	rjmp	.-812    	; 0x3d32 <paramAction(unsigned char, unsigned char)+0x184>
/home/jgalera/develop/arduino/usdx/usdx_plus_orange/src/core/core.h:226
  switch (action) {
  case UPDATE:
  case UPDATE_MENU:
    if (((int32_t)value + encoder_val) < _min)
      value = (continuous) ? _max : _min;
    else if (((int32_t)value + encoder_val) > _max)
    405e:	80 91 b0 01 	lds	r24, 0x01B0	; 0x8001b0 <keyer_speed>
    4062:	90 91 b1 01 	lds	r25, 0x01B1	; 0x8001b1 <keyer_speed+0x1>
    4066:	40 91 19 06 	lds	r20, 0x0619	; 0x800619 <encoder_val>
    406a:	09 2e       	mov	r0, r25
    406c:	00 0c       	add	r0, r0
    406e:	aa 0b       	sbc	r26, r26
    4070:	bb 0b       	sbc	r27, r27
    4072:	04 2e       	mov	r0, r20
    4074:	00 0c       	add	r0, r0
    4076:	55 0b       	sbc	r21, r21
    4078:	66 0b       	sbc	r22, r22
    407a:	77 0b       	sbc	r23, r23
    407c:	84 0f       	add	r24, r20
    407e:	95 1f       	adc	r25, r21
    4080:	a6 1f       	adc	r26, r22
    4082:	b7 1f       	adc	r27, r23
    4084:	cd 97       	sbiw	r24, 0x3d	; 61
    4086:	a1 05       	cpc	r26, r1
    4088:	b1 05       	cpc	r27, r1
    408a:	1c f0       	brlt	.+6      	; 0x4092 <paramAction(unsigned char, unsigned char)+0x4e4>
/home/jgalera/develop/arduino/usdx/usdx_plus_orange/src/core/core.h:227
      value = (continuous) ? _min : _max;
    408c:	8c e3       	ldi	r24, 0x3C	; 60
    408e:	90 e0       	ldi	r25, 0x00	; 0
    4090:	d3 cf       	rjmp	.-90     	; 0x4038 <paramAction(unsigned char, unsigned char)+0x48a>
/home/jgalera/develop/arduino/usdx/usdx_plus_orange/src/core/core.h:229
    else
      value = (int32_t)value + encoder_val;
    4092:	80 91 b0 01 	lds	r24, 0x01B0	; 0x8001b0 <keyer_speed>
    4096:	90 91 b1 01 	lds	r25, 0x01B1	; 0x8001b1 <keyer_speed+0x1>
    409a:	20 91 19 06 	lds	r18, 0x0619	; 0x800619 <encoder_val>
    409e:	82 0f       	add	r24, r18
    40a0:	91 1d       	adc	r25, r1
    40a2:	27 fd       	sbrc	r18, 7
    40a4:	9a 95       	dec	r25
    40a6:	c8 cf       	rjmp	.-112    	; 0x4038 <paramAction(unsigned char, unsigned char)+0x48a>
/home/jgalera/develop/arduino/usdx/usdx_plus_orange/src/core/core.h:245
    }
    lcd_blanks();
    lcd_blanks();
    break;
  default:
    actionCommon(action, (uint8_t *)&value, sizeof(value));
    40a8:	42 e0       	ldi	r20, 0x02	; 2
    40aa:	60 eb       	ldi	r22, 0xB0	; 176
    40ac:	71 e0       	ldi	r23, 0x01	; 1
    40ae:	67 ce       	rjmp	.-818    	; 0x3d7e <paramAction(unsigned char, unsigned char)+0x1d0>
_Z11paramActionhh():
/home/jgalera/develop/arduino/usdx/usdx_plus_orange/src/core/core.cpp:1076
                false);
    break;
#endif
#ifdef KEYER
  case KEY_MODE:
    paramAction(action, keyer_mode, 0x26, F("Keyer Mode"), keyer_mode_label, 0,
    40b0:	e2 e0       	ldi	r30, 0x02	; 2
    40b2:	8e 2e       	mov	r8, r30
    40b4:	91 2c       	mov	r9, r1
    40b6:	a1 2c       	mov	r10, r1
    40b8:	b1 2c       	mov	r11, r1
    40ba:	c1 2c       	mov	r12, r1
    40bc:	d1 2c       	mov	r13, r1
    40be:	76 01       	movw	r14, r12
    40c0:	03 e0       	ldi	r16, 0x03	; 3
    40c2:	11 e0       	ldi	r17, 0x01	; 1
    40c4:	29 ec       	ldi	r18, 0xC9	; 201
    40c6:	30 e0       	ldi	r19, 0x00	; 0
    40c8:	46 e2       	ldi	r20, 0x26	; 38
    40ca:	6a ec       	ldi	r22, 0xCA	; 202
    40cc:	71 e0       	ldi	r23, 0x01	; 1
    40ce:	6a ce       	rjmp	.-812    	; 0x3da4 <paramAction(unsigned char, unsigned char)+0x1f6>
/home/jgalera/develop/arduino/usdx/usdx_plus_orange/src/core/core.cpp:1080
                2, false);
    break;
  case KEY_PIN:
    paramAction(action, keyer_swap, 0x27, F("Keyer Swap"), offon_label, 0, 1,
    40d0:	81 2c       	mov	r8, r1
    40d2:	91 2c       	mov	r9, r1
    40d4:	54 01       	movw	r10, r8
    40d6:	83 94       	inc	r8
    40d8:	c1 2c       	mov	r12, r1
    40da:	d1 2c       	mov	r13, r1
    40dc:	76 01       	movw	r14, r12
    40de:	03 e2       	ldi	r16, 0x23	; 35
    40e0:	11 e0       	ldi	r17, 0x01	; 1
    40e2:	2e eb       	ldi	r18, 0xBE	; 190
    40e4:	30 e0       	ldi	r19, 0x00	; 0
    40e6:	47 e2       	ldi	r20, 0x27	; 39
    40e8:	67 ef       	ldi	r22, 0xF7	; 247
    40ea:	75 e0       	ldi	r23, 0x05	; 5
    40ec:	5b ce       	rjmp	.-842    	; 0x3da4 <paramAction(unsigned char, unsigned char)+0x1f6>
/home/jgalera/develop/arduino/usdx/usdx_plus_orange/src/core/core.cpp:1085
                false);
    break;
#endif
  case KEY_TX:
    paramAction(action, practice, 0x28, F("Practice"), offon_label, 0, 1,
    40ee:	81 2c       	mov	r8, r1
    40f0:	91 2c       	mov	r9, r1
    40f2:	54 01       	movw	r10, r8
    40f4:	83 94       	inc	r8
    40f6:	c1 2c       	mov	r12, r1
    40f8:	d1 2c       	mov	r13, r1
    40fa:	76 01       	movw	r14, r12
    40fc:	03 e2       	ldi	r16, 0x23	; 35
    40fe:	11 e0       	ldi	r17, 0x01	; 1
    4100:	25 eb       	ldi	r18, 0xB5	; 181
    4102:	30 e0       	ldi	r19, 0x00	; 0
    4104:	48 e2       	ldi	r20, 0x28	; 40
    4106:	62 ee       	ldi	r22, 0xE2	; 226
    4108:	73 e0       	ldi	r23, 0x03	; 3
    410a:	4c ce       	rjmp	.-872    	; 0x3da4 <paramAction(unsigned char, unsigned char)+0x1f6>
/home/jgalera/develop/arduino/usdx/usdx_plus_orange/src/core/core.cpp:1090
                false);
    break;
#ifdef VOX_ENABLE
  case VOX:
    paramAction(action, vox, 0x31, F("VOX"), offon_label, 0, 1, false);
    410c:	81 2c       	mov	r8, r1
    410e:	91 2c       	mov	r9, r1
    4110:	54 01       	movw	r10, r8
    4112:	83 94       	inc	r8
    4114:	c1 2c       	mov	r12, r1
    4116:	d1 2c       	mov	r13, r1
    4118:	76 01       	movw	r14, r12
    411a:	03 e2       	ldi	r16, 0x23	; 35
    411c:	11 e0       	ldi	r17, 0x01	; 1
    411e:	21 eb       	ldi	r18, 0xB1	; 177
    4120:	30 e0       	ldi	r19, 0x00	; 0
    4122:	41 e3       	ldi	r20, 0x31	; 49
    4124:	6d e0       	ldi	r22, 0x0D	; 13
    4126:	76 e0       	ldi	r23, 0x06	; 6
    4128:	3d ce       	rjmp	.-902    	; 0x3da4 <paramAction(unsigned char, unsigned char)+0x1f6>
/home/jgalera/develop/arduino/usdx/usdx_plus_orange/src/core/core.cpp:1093
    break;
  case VOXGAIN:
    paramAction(action, vox_thresh, 0x32, F("Noise Gate"), NULL, 0, 255, false);
    412a:	81 2c       	mov	r8, r1
    412c:	91 2c       	mov	r9, r1
    412e:	54 01       	movw	r10, r8
    4130:	8a 94       	dec	r8
    4132:	c1 2c       	mov	r12, r1
    4134:	d1 2c       	mov	r13, r1
    4136:	76 01       	movw	r14, r12
    4138:	10 e0       	ldi	r17, 0x00	; 0
    413a:	00 e0       	ldi	r16, 0x00	; 0
    413c:	26 ea       	ldi	r18, 0xA6	; 166
    413e:	30 e0       	ldi	r19, 0x00	; 0
    4140:	42 e3       	ldi	r20, 0x32	; 50
    4142:	6c e6       	ldi	r22, 0x6C	; 108
    4144:	71 e0       	ldi	r23, 0x01	; 1
    4146:	2e ce       	rjmp	.-932    	; 0x3da4 <paramAction(unsigned char, unsigned char)+0x1f6>
/home/jgalera/develop/arduino/usdx/usdx_plus_orange/src/core/core.cpp:1111
    break;
#endif
    /* FT8 block removed to avoid complexity if vars missing - re-enable if
     * needed */
  case PWM_MIN:
    paramAction(action, pwm_min, 0x81, F("PA Bias min"), NULL, 0, pwm_max - 1,
    4148:	80 90 02 01 	lds	r8, 0x0102	; 0x800102 <pwm_max>
    414c:	88 2d       	mov	r24, r8
    414e:	81 50       	subi	r24, 0x01	; 1
    4150:	99 0b       	sbc	r25, r25
    4152:	4c 01       	movw	r8, r24
    4154:	09 2c       	mov	r0, r9
    4156:	00 0c       	add	r0, r0
    4158:	aa 08       	sbc	r10, r10
    415a:	bb 08       	sbc	r11, r11
    415c:	c1 2c       	mov	r12, r1
    415e:	d1 2c       	mov	r13, r1
    4160:	76 01       	movw	r14, r12
    4162:	10 e0       	ldi	r17, 0x00	; 0
    4164:	00 e0       	ldi	r16, 0x00	; 0
    4166:	2a e9       	ldi	r18, 0x9A	; 154
    4168:	30 e0       	ldi	r19, 0x00	; 0
    416a:	41 e8       	ldi	r20, 0x81	; 129
    416c:	61 ee       	ldi	r22, 0xE1	; 225
    416e:	73 e0       	ldi	r23, 0x03	; 3
    4170:	19 ce       	rjmp	.-974    	; 0x3da4 <paramAction(unsigned char, unsigned char)+0x1f6>
/home/jgalera/develop/arduino/usdx/usdx_plus_orange/src/core/core.cpp:1115
                false);
    break;
  case PWM_MAX:
    paramAction(action, pwm_max, 0x82, F("PA Bias max"), NULL, pwm_min, 255,
    4172:	c0 90 e1 03 	lds	r12, 0x03E1	; 0x8003e1 <pwm_min>
    4176:	d1 2c       	mov	r13, r1
    4178:	f1 2c       	mov	r15, r1
    417a:	e1 2c       	mov	r14, r1
    417c:	81 2c       	mov	r8, r1
    417e:	91 2c       	mov	r9, r1
    4180:	54 01       	movw	r10, r8
    4182:	8a 94       	dec	r8
    4184:	10 e0       	ldi	r17, 0x00	; 0
    4186:	00 e0       	ldi	r16, 0x00	; 0
    4188:	2e e8       	ldi	r18, 0x8E	; 142
    418a:	30 e0       	ldi	r19, 0x00	; 0
    418c:	42 e8       	ldi	r20, 0x82	; 130
    418e:	62 e0       	ldi	r22, 0x02	; 2
    4190:	71 e0       	ldi	r23, 0x01	; 1
    4192:	08 ce       	rjmp	.-1008   	; 0x3da4 <paramAction(unsigned char, unsigned char)+0x1f6>
paramAction():
/home/jgalera/develop/arduino/usdx/usdx_plus_orange/src/core/core.h:221
// Template for paramAction (Must remain in header)
template <typename T>
void paramAction(uint8_t action, volatile T &value, uint8_t menuid,
                 const __FlashStringHelper *label, const char *enumArray[],
                 int32_t _min, int32_t _max, bool continuous) {
  switch (action) {
    4194:	91 e0       	ldi	r25, 0x01	; 1
    4196:	97 15       	cp	r25, r7
    4198:	08 f4       	brcc	.+2      	; 0x419c <paramAction(unsigned char, unsigned char)+0x5ee>
    419a:	6d c0       	rjmp	.+218    	; 0x4276 <paramAction(unsigned char, unsigned char)+0x6c8>
/home/jgalera/develop/arduino/usdx/usdx_plus_orange/src/core/core.h:224
  case UPDATE:
  case UPDATE_MENU:
    if (((int32_t)value + encoder_val) < _min)
    419c:	80 91 cf 06 	lds	r24, 0x06CF	; 0x8006cf <si5351+0x13>
    41a0:	90 91 d0 06 	lds	r25, 0x06D0	; 0x8006d0 <si5351+0x14>
    41a4:	a0 91 d1 06 	lds	r26, 0x06D1	; 0x8006d1 <si5351+0x15>
    41a8:	b0 91 d2 06 	lds	r27, 0x06D2	; 0x8006d2 <si5351+0x16>
    41ac:	40 91 19 06 	lds	r20, 0x0619	; 0x800619 <encoder_val>
    41b0:	04 2e       	mov	r0, r20
    41b2:	00 0c       	add	r0, r0
    41b4:	55 0b       	sbc	r21, r21
    41b6:	66 0b       	sbc	r22, r22
    41b8:	77 0b       	sbc	r23, r23
    41ba:	84 0f       	add	r24, r20
    41bc:	95 1f       	adc	r25, r21
    41be:	a6 1f       	adc	r26, r22
    41c0:	b7 1f       	adc	r27, r23
    41c2:	80 38       	cpi	r24, 0x80	; 128
    41c4:	9f 49       	sbci	r25, 0x9F	; 159
    41c6:	a5 4d       	sbci	r26, 0xD5	; 213
    41c8:	b1 05       	cpc	r27, r1
    41ca:	24 f5       	brge	.+72     	; 0x4214 <paramAction(unsigned char, unsigned char)+0x666>
/home/jgalera/develop/arduino/usdx/usdx_plus_orange/src/core/core.h:225
      value = (continuous) ? _max : _min;
    41cc:	80 e8       	ldi	r24, 0x80	; 128
    41ce:	9f e9       	ldi	r25, 0x9F	; 159
    41d0:	a5 ed       	ldi	r26, 0xD5	; 213
    41d2:	b0 e0       	ldi	r27, 0x00	; 0
/home/jgalera/develop/arduino/usdx/usdx_plus_orange/src/core/core.h:229
    else if (((int32_t)value + encoder_val) > _max)
      value = (continuous) ? _min : _max;
    else
      value = (int32_t)value + encoder_val;
    41d4:	80 93 cf 06 	sts	0x06CF, r24	; 0x8006cf <si5351+0x13>
    41d8:	90 93 d0 06 	sts	0x06D0, r25	; 0x8006d0 <si5351+0x14>
    41dc:	a0 93 d1 06 	sts	0x06D1, r26	; 0x8006d1 <si5351+0x15>
    41e0:	b0 93 d2 06 	sts	0x06D2, r27	; 0x8006d2 <si5351+0x16>
/home/jgalera/develop/arduino/usdx/usdx_plus_orange/src/core/core.h:230
    encoder_val = 0;
    41e4:	10 92 19 06 	sts	0x0619, r1	; 0x800619 <encoder_val>
/home/jgalera/develop/arduino/usdx/usdx_plus_orange/src/core/core.h:232

    lcd.noCursor();
    41e8:	0e 94 96 11 	call	0x232c	; 0x232c <LCD::noCursor() [clone .isra.5]>
/home/jgalera/develop/arduino/usdx/usdx_plus_orange/src/core/core.h:233
    printlabel(action, menuid, label);
    41ec:	45 e8       	ldi	r20, 0x85	; 133
    41ee:	50 e0       	ldi	r21, 0x00	; 0
    41f0:	63 e8       	ldi	r22, 0x83	; 131
    41f2:	87 2d       	mov	r24, r7
    41f4:	0e 94 ce 18 	call	0x319c	; 0x319c <printlabel(unsigned char, unsigned char, __FlashStringHelper const*)>
/home/jgalera/develop/arduino/usdx/usdx_plus_orange/src/core/core.h:237
    if (enumArray == NULL) {
      if ((_min < 0) && (value >= 0))
        lcd.print('+');
      lcd.print(value);
    41f8:	40 91 cf 06 	lds	r20, 0x06CF	; 0x8006cf <si5351+0x13>
    41fc:	50 91 d0 06 	lds	r21, 0x06D0	; 0x8006d0 <si5351+0x14>
    4200:	60 91 d1 06 	lds	r22, 0x06D1	; 0x8006d1 <si5351+0x15>
    4204:	70 91 d2 06 	lds	r23, 0x06D2	; 0x8006d2 <si5351+0x16>
print():
/home/jgalera/.arduino15/packages/MiniCore/hardware/avr/3.1.1/cores/MCUdude_corefiles/Print.cpp:106
    4208:	2a e0       	ldi	r18, 0x0A	; 10
    420a:	87 eb       	ldi	r24, 0xB7	; 183
    420c:	96 e0       	ldi	r25, 0x06	; 6
    420e:	0e 94 73 19 	call	0x32e6	; 0x32e6 <Print::printNumber(unsigned long, unsigned char)>
    4212:	55 ce       	rjmp	.-854    	; 0x3ebe <paramAction(unsigned char, unsigned char)+0x310>
paramAction():
/home/jgalera/develop/arduino/usdx/usdx_plus_orange/src/core/core.h:226
  switch (action) {
  case UPDATE:
  case UPDATE_MENU:
    if (((int32_t)value + encoder_val) < _min)
      value = (continuous) ? _max : _min;
    else if (((int32_t)value + encoder_val) > _max)
    4214:	80 91 cf 06 	lds	r24, 0x06CF	; 0x8006cf <si5351+0x13>
    4218:	90 91 d0 06 	lds	r25, 0x06D0	; 0x8006d0 <si5351+0x14>
    421c:	a0 91 d1 06 	lds	r26, 0x06D1	; 0x8006d1 <si5351+0x15>
    4220:	b0 91 d2 06 	lds	r27, 0x06D2	; 0x8006d2 <si5351+0x16>
    4224:	40 91 19 06 	lds	r20, 0x0619	; 0x800619 <encoder_val>
    4228:	04 2e       	mov	r0, r20
    422a:	00 0c       	add	r0, r0
    422c:	55 0b       	sbc	r21, r21
    422e:	66 0b       	sbc	r22, r22
    4230:	77 0b       	sbc	r23, r23
    4232:	84 0f       	add	r24, r20
    4234:	95 1f       	adc	r25, r21
    4236:	a6 1f       	adc	r26, r22
    4238:	b7 1f       	adc	r27, r23
    423a:	81 30       	cpi	r24, 0x01	; 1
    423c:	9f 43       	sbci	r25, 0x3F	; 63
    423e:	ab 4a       	sbci	r26, 0xAB	; 171
    4240:	b1 40       	sbci	r27, 0x01	; 1
    4242:	2c f0       	brlt	.+10     	; 0x424e <paramAction(unsigned char, unsigned char)+0x6a0>
/home/jgalera/develop/arduino/usdx/usdx_plus_orange/src/core/core.h:227
      value = (continuous) ? _min : _max;
    4244:	80 e0       	ldi	r24, 0x00	; 0
    4246:	9f e3       	ldi	r25, 0x3F	; 63
    4248:	ab ea       	ldi	r26, 0xAB	; 171
    424a:	b1 e0       	ldi	r27, 0x01	; 1
    424c:	c3 cf       	rjmp	.-122    	; 0x41d4 <paramAction(unsigned char, unsigned char)+0x626>
/home/jgalera/develop/arduino/usdx/usdx_plus_orange/src/core/core.h:229
    else
      value = (int32_t)value + encoder_val;
    424e:	80 91 cf 06 	lds	r24, 0x06CF	; 0x8006cf <si5351+0x13>
    4252:	90 91 d0 06 	lds	r25, 0x06D0	; 0x8006d0 <si5351+0x14>
    4256:	a0 91 d1 06 	lds	r26, 0x06D1	; 0x8006d1 <si5351+0x15>
    425a:	b0 91 d2 06 	lds	r27, 0x06D2	; 0x8006d2 <si5351+0x16>
    425e:	40 91 19 06 	lds	r20, 0x0619	; 0x800619 <encoder_val>
    4262:	04 2e       	mov	r0, r20
    4264:	00 0c       	add	r0, r0
    4266:	55 0b       	sbc	r21, r21
    4268:	66 0b       	sbc	r22, r22
    426a:	77 0b       	sbc	r23, r23
    426c:	84 0f       	add	r24, r20
    426e:	95 1f       	adc	r25, r21
    4270:	a6 1f       	adc	r26, r22
    4272:	b7 1f       	adc	r27, r23
    4274:	af cf       	rjmp	.-162    	; 0x41d4 <paramAction(unsigned char, unsigned char)+0x626>
/home/jgalera/develop/arduino/usdx/usdx_plus_orange/src/core/core.h:245
    }
    lcd_blanks();
    lcd_blanks();
    break;
  default:
    actionCommon(action, (uint8_t *)&value, sizeof(value));
    4276:	44 e0       	ldi	r20, 0x04	; 4
    4278:	6f ec       	ldi	r22, 0xCF	; 207
    427a:	76 e0       	ldi	r23, 0x06	; 6
    427c:	80 cd       	rjmp	.-1280   	; 0x3d7e <paramAction(unsigned char, unsigned char)+0x1d0>
_Z11paramActionhh():
/home/jgalera/develop/arduino/usdx/usdx_plus_orange/src/core/core.cpp:1123
  case SIFXTAL:
    paramAction(action, si5351.fxtal, 0x83, F("Ref freq"), NULL, 14000000,
                28000000, false);
    break;
  case IQ_ADJ:
    paramAction(action, rx_ph_q, 0x84, F("IQ Phase"), NULL, 0, 180, false);
    427e:	24 eb       	ldi	r18, 0xB4	; 180
    4280:	82 2e       	mov	r8, r18
    4282:	91 2c       	mov	r9, r1
    4284:	a1 2c       	mov	r10, r1
    4286:	b1 2c       	mov	r11, r1
    4288:	c1 2c       	mov	r12, r1
    428a:	d1 2c       	mov	r13, r1
    428c:	76 01       	movw	r14, r12
    428e:	10 e0       	ldi	r17, 0x00	; 0
    4290:	00 e0       	ldi	r16, 0x00	; 0
    4292:	2c e7       	ldi	r18, 0x7C	; 124
    4294:	30 e0       	ldi	r19, 0x00	; 0
    4296:	44 e8       	ldi	r20, 0x84	; 132
    4298:	6e ea       	ldi	r22, 0xAE	; 174
    429a:	71 e0       	ldi	r23, 0x01	; 1
    429c:	83 cd       	rjmp	.-1274   	; 0x3da4 <paramAction(unsigned char, unsigned char)+0x1f6>
/home/jgalera/develop/arduino/usdx/usdx_plus_orange/src/core/core.cpp:1155
    paramAction(action, param_c, 0x95, F("Param C"), NULL, INT16_MIN, INT16_MAX,
                false);
    break;
#endif
  case BACKL:
    paramAction(action, backlight, 0xA1, F("Backlight"), offon_label, 0, 1,
    429e:	81 2c       	mov	r8, r1
    42a0:	91 2c       	mov	r9, r1
    42a2:	54 01       	movw	r10, r8
    42a4:	83 94       	inc	r8
    42a6:	c1 2c       	mov	r12, r1
    42a8:	d1 2c       	mov	r13, r1
    42aa:	76 01       	movw	r14, r12
    42ac:	03 e2       	ldi	r16, 0x23	; 35
    42ae:	11 e0       	ldi	r17, 0x01	; 1
    42b0:	22 e7       	ldi	r18, 0x72	; 114
    42b2:	30 e0       	ldi	r19, 0x00	; 0
    42b4:	41 ea       	ldi	r20, 0xA1	; 161
    42b6:	65 e6       	ldi	r22, 0x65	; 101
    42b8:	71 e0       	ldi	r23, 0x01	; 1
    42ba:	74 cd       	rjmp	.-1304   	; 0x3da4 <paramAction(unsigned char, unsigned char)+0x1f6>
/home/jgalera/develop/arduino/usdx/usdx_plus_orange/src/core/core.cpp:1160
                false);
    break;
  // Invisible parameters
  case FREQA:
    paramAction(action, vfo[VFOA], 0, NULL, NULL, 0, 0, false);
    42bc:	69 eb       	ldi	r22, 0xB9	; 185
    42be:	71 e0       	ldi	r23, 0x01	; 1
/home/jgalera/develop/arduino/usdx/usdx_plus_orange/src/core/core.cpp:1163
    break;
  case FREQB:
    paramAction(action, vfo[VFOB], 0, NULL, NULL, 0, 0, false);
    42c0:	87 2d       	mov	r24, r7
    42c2:	0e 94 70 1d 	call	0x3ae0	; 0x3ae0 <void paramAction<long>(unsigned char, long volatile&, unsigned char, __FlashStringHelper const*, char const**, long, long, bool) [clone .constprop.20]>
    42c6:	71 cd       	rjmp	.-1310   	; 0x3daa <paramAction(unsigned char, unsigned char)+0x1fc>
    42c8:	6d eb       	ldi	r22, 0xBD	; 189
    42ca:	71 e0       	ldi	r23, 0x01	; 1
    42cc:	f9 cf       	rjmp	.-14     	; 0x42c0 <paramAction(unsigned char, unsigned char)+0x712>
/home/jgalera/develop/arduino/usdx/usdx_plus_orange/src/core/core.cpp:1166
    break;
  case MODEA:
    paramAction(action, vfomode[VFOA], 0, NULL, NULL, 0, 0, false);
    42ce:	81 2c       	mov	r8, r1
    42d0:	91 2c       	mov	r9, r1
    42d2:	54 01       	movw	r10, r8
    42d4:	c1 2c       	mov	r12, r1
    42d6:	d1 2c       	mov	r13, r1
    42d8:	76 01       	movw	r14, r12
    42da:	10 e0       	ldi	r17, 0x00	; 0
    42dc:	00 e0       	ldi	r16, 0x00	; 0
    42de:	30 e0       	ldi	r19, 0x00	; 0
    42e0:	20 e0       	ldi	r18, 0x00	; 0
    42e2:	40 e0       	ldi	r20, 0x00	; 0
    42e4:	61 ec       	ldi	r22, 0xC1	; 193
    42e6:	71 e0       	ldi	r23, 0x01	; 1
    42e8:	5d cd       	rjmp	.-1350   	; 0x3da4 <paramAction(unsigned char, unsigned char)+0x1f6>
/home/jgalera/develop/arduino/usdx/usdx_plus_orange/src/core/core.cpp:1169
    break;
  case MODEB:
    paramAction(action, vfomode[VFOB], 0, NULL, NULL, 0, 0, false);
    42ea:	81 2c       	mov	r8, r1
    42ec:	91 2c       	mov	r9, r1
    42ee:	54 01       	movw	r10, r8
    42f0:	c1 2c       	mov	r12, r1
    42f2:	d1 2c       	mov	r13, r1
    42f4:	76 01       	movw	r14, r12
    42f6:	10 e0       	ldi	r17, 0x00	; 0
    42f8:	00 e0       	ldi	r16, 0x00	; 0
    42fa:	30 e0       	ldi	r19, 0x00	; 0
    42fc:	20 e0       	ldi	r18, 0x00	; 0
    42fe:	40 e0       	ldi	r20, 0x00	; 0
    4300:	62 ec       	ldi	r22, 0xC2	; 194
    4302:	71 e0       	ldi	r23, 0x01	; 1
    4304:	4f cd       	rjmp	.-1378   	; 0x3da4 <paramAction(unsigned char, unsigned char)+0x1f6>
/home/jgalera/develop/arduino/usdx/usdx_plus_orange/src/core/core.cpp:1177
    paramAction(action, eeprom_version, 0, NULL, NULL, 0, 0, false);
    break;

  // Non-parameters
  case _NULL:
    menumode = 0;
    4306:	10 92 06 06 	sts	0x0606, r1	; 0x800606 <menumode>
/home/jgalera/develop/arduino/usdx/usdx_plus_orange/src/core/core.cpp:1178
    show_banner();
    430a:	0e 94 29 19 	call	0x3252	; 0x3252 <show_banner()>
/home/jgalera/develop/arduino/usdx/usdx_plus_orange/src/core/core.cpp:1179
    change = true;
    430e:	81 e0       	ldi	r24, 0x01	; 1
    4310:	80 93 c6 01 	sts	0x01C6, r24	; 0x8001c6 <change>
    4314:	4a cd       	rjmp	.-1388   	; 0x3daa <paramAction(unsigned char, unsigned char)+0x1fc>
/home/jgalera/develop/arduino/usdx/usdx_plus_orange/src/core/core.cpp:1182
    break;
  default:
    if ((action == NEXT_MENU) && (id != N_PARAMS))
    4316:	82 e0       	ldi	r24, 0x02	; 2
    4318:	78 12       	cpse	r7, r24
    431a:	47 cd       	rjmp	.-1394   	; 0x3daa <paramAction(unsigned char, unsigned char)+0x1fc>
    431c:	9c e2       	ldi	r25, 0x2C	; 44
    431e:	69 16       	cp	r6, r25
    4320:	09 f4       	brne	.+2      	; 0x4324 <paramAction(unsigned char, unsigned char)+0x776>
    4322:	43 cd       	rjmp	.-1402   	; 0x3daa <paramAction(unsigned char, unsigned char)+0x1fc>
/home/jgalera/develop/arduino/usdx/usdx_plus_orange/src/core/core.cpp:1185
      id = paramAction(
          action,
          max(1 /*0*/, min(N_PARAMS, id + ((encoder_val > 0) ? 1 : -1))));
    4324:	80 91 19 06 	lds	r24, 0x0619	; 0x800619 <encoder_val>
    4328:	18 16       	cp	r1, r24
    432a:	b4 f0       	brlt	.+44     	; 0x4358 <paramAction(unsigned char, unsigned char)+0x7aa>
    432c:	8f ef       	ldi	r24, 0xFF	; 255
    432e:	9f ef       	ldi	r25, 0xFF	; 255
    4330:	86 0d       	add	r24, r6
    4332:	91 1d       	adc	r25, r1
    4334:	9e 83       	std	Y+6, r25	; 0x06
    4336:	8d 83       	std	Y+5, r24	; 0x05
    4338:	dc 82       	std	Y+4, r13	; 0x04
    433a:	cb 82       	std	Y+3, r12	; 0x03
/home/jgalera/.arduino15/packages/MiniCore/hardware/avr/3.1.1/cores/MCUdude_corefiles/Arduino.h:315
    433c:	fe 01       	movw	r30, r28
_Z3minIiiEDTqultfp0_fp_fp0_fp_ERKT_RKT0_():
    433e:	8c 97       	sbiw	r24, 0x2c	; 44
    4340:	74 f0       	brlt	.+28     	; 0x435e <paramAction(unsigned char, unsigned char)+0x7b0>
_Z11paramActionhh():
    4342:	33 96       	adiw	r30, 0x03	; 3
/home/jgalera/develop/arduino/usdx/usdx_plus_orange/src/core/core.cpp:1185
    4344:	fa 82       	std	Y+2, r15	; 0x02
    4346:	e9 82       	std	Y+1, r14	; 0x01
_Z3maxIiiEDTqultfp0_fp_fp0_fp_ERKT_RKT0_():
/home/jgalera/.arduino15/packages/MiniCore/hardware/avr/3.1.1/cores/MCUdude_corefiles/Arduino.h:320
	}

	template<class T, class L>
	auto max(const T& a, const L& b) -> decltype((b < a) ? b : a) {
		return (a < b) ? b : a;
    4348:	80 81       	ld	r24, Z
    434a:	91 81       	ldd	r25, Z+1	; 0x01
    434c:	02 97       	sbiw	r24, 0x02	; 2
    434e:	14 f4       	brge	.+4      	; 0x4354 <paramAction(unsigned char, unsigned char)+0x7a6>
_Z11paramActionhh():
    4350:	fe 01       	movw	r30, r28
    4352:	31 96       	adiw	r30, 0x01	; 1
/home/jgalera/develop/arduino/usdx/usdx_plus_orange/src/core/core.cpp:1183
    show_banner();
    change = true;
    break;
  default:
    if ((action == NEXT_MENU) && (id != N_PARAMS))
      id = paramAction(
    4354:	60 80       	ld	r6, Z
    4356:	4b cc       	rjmp	.-1898   	; 0x3bee <paramAction(unsigned char, unsigned char)+0x40>
/home/jgalera/develop/arduino/usdx/usdx_plus_orange/src/core/core.cpp:1185
          action,
          max(1 /*0*/, min(N_PARAMS, id + ((encoder_val > 0) ? 1 : -1))));
    4358:	81 e0       	ldi	r24, 0x01	; 1
    435a:	90 e0       	ldi	r25, 0x00	; 0
    435c:	e9 cf       	rjmp	.-46     	; 0x4330 <paramAction(unsigned char, unsigned char)+0x782>
/home/jgalera/.arduino15/packages/MiniCore/hardware/avr/3.1.1/cores/MCUdude_corefiles/Arduino.h:315
		return x > 0 ? x : -x;
	}

	template<class T, class L>
	auto min(const T& a, const L& b) -> decltype((b < a) ? b : a) {
		return (b < a) ? b : a;
    435e:	35 96       	adiw	r30, 0x05	; 5
    4360:	f1 cf       	rjmp	.-30     	; 0x4344 <paramAction(unsigned char, unsigned char)+0x796>

00004362 <EEPROMClass::read(int) [clone .isra.0]>:
_ZN11EEPROMClass4readEi.isra.0():
/home/jgalera/.arduino15/packages/MiniCore/hardware/avr/3.1.1/libraries/EEPROM/src/EEPROM.h:42

    EERef( const int index )
        : index( index )                 {}
    
    //Access/read members.
    uint8_t operator*() const            { return eeprom_read_byte( (uint8_t*) index ); }
    4362:	0c 94 df 36 	jmp	0x6dbe	; 0x6dbe <eeprom_read_byte>

00004366 <__vector_16>:
__vector_16():
/home/jgalera/.arduino15/packages/MiniCore/hardware/avr/3.1.1/cores/MCUdude_corefiles/wiring.c:159
#if defined(__AVR_ATtiny24__) || defined(__AVR_ATtiny44__) || defined(__AVR_ATtiny84__)
ISR(TIM0_OVF_vect)
#else
ISR(TIMER0_OVF_vect)
#endif
{
    4366:	1f 92       	push	r1
    4368:	0f 92       	push	r0
    436a:	0f b6       	in	r0, 0x3f	; 63
    436c:	0f 92       	push	r0
    436e:	11 24       	eor	r1, r1
    4370:	2f 93       	push	r18
    4372:	3f 93       	push	r19
    4374:	8f 93       	push	r24
    4376:	9f 93       	push	r25
    4378:	af 93       	push	r26
    437a:	bf 93       	push	r27
/home/jgalera/.arduino15/packages/MiniCore/hardware/avr/3.1.1/cores/MCUdude_corefiles/wiring.c:167
  static unsigned char timer0_exact = 0;
#endif

  // copy these to local variables so they can be stored in registers
  // (volatile variables must be read from memory on every access, so this saves time)
  unsigned long m = timer0_millis;
    437c:	80 91 0f 06 	lds	r24, 0x060F	; 0x80060f <timer0_millis>
    4380:	90 91 10 06 	lds	r25, 0x0610	; 0x800610 <timer0_millis+0x1>
    4384:	a0 91 11 06 	lds	r26, 0x0611	; 0x800611 <timer0_millis+0x2>
    4388:	b0 91 12 06 	lds	r27, 0x0612	; 0x800612 <timer0_millis+0x3>
/home/jgalera/.arduino15/packages/MiniCore/hardware/avr/3.1.1/cores/MCUdude_corefiles/wiring.c:168
  unsigned char f = timer0_fract;
    438c:	30 91 0e 06 	lds	r19, 0x060E	; 0x80060e <timer0_fract>
/home/jgalera/.arduino15/packages/MiniCore/hardware/avr/3.1.1/cores/MCUdude_corefiles/wiring.c:170

  f += FRACT_INC FRACT_INC_PLUS;
    4390:	23 e0       	ldi	r18, 0x03	; 3
    4392:	23 0f       	add	r18, r19
/home/jgalera/.arduino15/packages/MiniCore/hardware/avr/3.1.1/cores/MCUdude_corefiles/wiring.c:200
    ++f;
  }
#endif
#endif // CORRECT_EXACT_MILLIS

  if (f >= FRACT_MAX) {
    4394:	2d 37       	cpi	r18, 0x7D	; 125
    4396:	68 f1       	brcs	.+90     	; 0x43f2 <__vector_16+0x8c>
/home/jgalera/.arduino15/packages/MiniCore/hardware/avr/3.1.1/cores/MCUdude_corefiles/wiring.c:201
    f -= FRACT_MAX;
    4398:	26 e8       	ldi	r18, 0x86	; 134
    439a:	23 0f       	add	r18, r19
/home/jgalera/.arduino15/packages/MiniCore/hardware/avr/3.1.1/cores/MCUdude_corefiles/wiring.c:202
    m += MILLIS_INC + 1;
    439c:	02 96       	adiw	r24, 0x02	; 2
    439e:	a1 1d       	adc	r26, r1
    43a0:	b1 1d       	adc	r27, r1
/home/jgalera/.arduino15/packages/MiniCore/hardware/avr/3.1.1/cores/MCUdude_corefiles/wiring.c:208
  }
  else {
    m += MILLIS_INC;
  }

  timer0_fract = f;
    43a2:	20 93 0e 06 	sts	0x060E, r18	; 0x80060e <timer0_fract>
/home/jgalera/.arduino15/packages/MiniCore/hardware/avr/3.1.1/cores/MCUdude_corefiles/wiring.c:209
  timer0_millis = m;
    43a6:	80 93 0f 06 	sts	0x060F, r24	; 0x80060f <timer0_millis>
    43aa:	90 93 10 06 	sts	0x0610, r25	; 0x800610 <timer0_millis+0x1>
    43ae:	a0 93 11 06 	sts	0x0611, r26	; 0x800611 <timer0_millis+0x2>
    43b2:	b0 93 12 06 	sts	0x0612, r27	; 0x800612 <timer0_millis+0x3>
/home/jgalera/.arduino15/packages/MiniCore/hardware/avr/3.1.1/cores/MCUdude_corefiles/wiring.c:211
#ifndef CORRECT_EXACT_MICROS
  timer0_overflow_count++;
    43b6:	80 91 13 06 	lds	r24, 0x0613	; 0x800613 <timer0_overflow_count>
    43ba:	90 91 14 06 	lds	r25, 0x0614	; 0x800614 <timer0_overflow_count+0x1>
    43be:	a0 91 15 06 	lds	r26, 0x0615	; 0x800615 <timer0_overflow_count+0x2>
    43c2:	b0 91 16 06 	lds	r27, 0x0616	; 0x800616 <timer0_overflow_count+0x3>
    43c6:	01 96       	adiw	r24, 0x01	; 1
    43c8:	a1 1d       	adc	r26, r1
    43ca:	b1 1d       	adc	r27, r1
    43cc:	80 93 13 06 	sts	0x0613, r24	; 0x800613 <timer0_overflow_count>
    43d0:	90 93 14 06 	sts	0x0614, r25	; 0x800614 <timer0_overflow_count+0x1>
    43d4:	a0 93 15 06 	sts	0x0615, r26	; 0x800615 <timer0_overflow_count+0x2>
    43d8:	b0 93 16 06 	sts	0x0616, r27	; 0x800616 <timer0_overflow_count+0x3>
/home/jgalera/.arduino15/packages/MiniCore/hardware/avr/3.1.1/cores/MCUdude_corefiles/wiring.c:213
#endif
}
    43dc:	bf 91       	pop	r27
    43de:	af 91       	pop	r26
    43e0:	9f 91       	pop	r25
    43e2:	8f 91       	pop	r24
    43e4:	3f 91       	pop	r19
    43e6:	2f 91       	pop	r18
    43e8:	0f 90       	pop	r0
    43ea:	0f be       	out	0x3f, r0	; 63
    43ec:	0f 90       	pop	r0
    43ee:	1f 90       	pop	r1
    43f0:	18 95       	reti
/home/jgalera/.arduino15/packages/MiniCore/hardware/avr/3.1.1/cores/MCUdude_corefiles/wiring.c:205
  if (f >= FRACT_MAX) {
    f -= FRACT_MAX;
    m += MILLIS_INC + 1;
  }
  else {
    m += MILLIS_INC;
    43f2:	01 96       	adiw	r24, 0x01	; 1
    43f4:	a1 1d       	adc	r26, r1
    43f6:	b1 1d       	adc	r27, r1
    43f8:	d4 cf       	rjmp	.-88     	; 0x43a2 <__vector_16+0x3c>

000043fa <__vector_19>:
__vector_19():
/home/jgalera/.arduino15/packages/MiniCore/hardware/avr/3.1.1/cores/MCUdude_corefiles/HardwareSerial0.cpp:63
#elif defined(USART0_UDRE_vect)
ISR(USART0_UDRE_vect)
#else
  #error "Don't know what the Data Register Empty vector is called for Serial"
#endif
{
    43fa:	1f 92       	push	r1
    43fc:	0f 92       	push	r0
    43fe:	0f b6       	in	r0, 0x3f	; 63
    4400:	0f 92       	push	r0
    4402:	11 24       	eor	r1, r1
    4404:	2f 93       	push	r18
    4406:	3f 93       	push	r19
    4408:	4f 93       	push	r20
    440a:	5f 93       	push	r21
    440c:	6f 93       	push	r22
    440e:	7f 93       	push	r23
    4410:	8f 93       	push	r24
    4412:	9f 93       	push	r25
    4414:	af 93       	push	r26
    4416:	bf 93       	push	r27
    4418:	ef 93       	push	r30
    441a:	ff 93       	push	r31
/home/jgalera/.arduino15/packages/MiniCore/hardware/avr/3.1.1/cores/MCUdude_corefiles/HardwareSerial0.cpp:64
  Serial._tx_udr_empty_irq();
    441c:	8a e1       	ldi	r24, 0x1A	; 26
    441e:	96 e0       	ldi	r25, 0x06	; 6
    4420:	0e 94 c7 04 	call	0x98e	; 0x98e <HardwareSerial::_tx_udr_empty_irq()>
/home/jgalera/.arduino15/packages/MiniCore/hardware/avr/3.1.1/cores/MCUdude_corefiles/HardwareSerial0.cpp:65
}
    4424:	ff 91       	pop	r31
    4426:	ef 91       	pop	r30
    4428:	bf 91       	pop	r27
    442a:	af 91       	pop	r26
    442c:	9f 91       	pop	r25
    442e:	8f 91       	pop	r24
    4430:	7f 91       	pop	r23
    4432:	6f 91       	pop	r22
    4434:	5f 91       	pop	r21
    4436:	4f 91       	pop	r20
    4438:	3f 91       	pop	r19
    443a:	2f 91       	pop	r18
    443c:	0f 90       	pop	r0
    443e:	0f be       	out	0x3f, r0	; 63
    4440:	0f 90       	pop	r0
    4442:	1f 90       	pop	r1
    4444:	18 95       	reti

00004446 <__vector_18>:
__vector_18():
/home/jgalera/.arduino15/packages/MiniCore/hardware/avr/3.1.1/cores/MCUdude_corefiles/HardwareSerial0.cpp:50
#elif defined(USART_RX_vect)
  ISR(USART_RX_vect)
#else
  #error "Don't know what the Data Received vector is called for Serial"
#endif
  {
    4446:	1f 92       	push	r1
    4448:	0f 92       	push	r0
    444a:	0f b6       	in	r0, 0x3f	; 63
    444c:	0f 92       	push	r0
    444e:	11 24       	eor	r1, r1
    4450:	2f 93       	push	r18
    4452:	8f 93       	push	r24
    4454:	9f 93       	push	r25
    4456:	ef 93       	push	r30
    4458:	ff 93       	push	r31
_rx_complete_irq():
/home/jgalera/.arduino15/packages/MiniCore/hardware/avr/3.1.1/cores/MCUdude_corefiles/HardwareSerial_private.h:100

// Actual interrupt handlers //////////////////////////////////////////////////////////////

void HardwareSerial::_rx_complete_irq(void)
{
  if (bit_is_clear(*_ucsra, UPE0)) {
    445a:	e0 91 2a 06 	lds	r30, 0x062A	; 0x80062a <Serial+0x10>
    445e:	f0 91 2b 06 	lds	r31, 0x062B	; 0x80062b <Serial+0x11>
    4462:	80 81       	ld	r24, Z
    4464:	e0 91 30 06 	lds	r30, 0x0630	; 0x800630 <Serial+0x16>
    4468:	f0 91 31 06 	lds	r31, 0x0631	; 0x800631 <Serial+0x17>
    446c:	82 fd       	sbrc	r24, 2
    446e:	1b c0       	rjmp	.+54     	; 0x44a6 <__vector_18+0x60>
/home/jgalera/.arduino15/packages/MiniCore/hardware/avr/3.1.1/cores/MCUdude_corefiles/HardwareSerial_private.h:103
    // No Parity error, read byte and store it in the buffer if there is
    // room
    unsigned char c = *_udr;
    4470:	90 81       	ld	r25, Z
/home/jgalera/.arduino15/packages/MiniCore/hardware/avr/3.1.1/cores/MCUdude_corefiles/HardwareSerial_private.h:104
    rx_buffer_index_t i = (unsigned int)(_rx_buffer_head + 1) % SERIAL_RX_BUFFER_SIZE;
    4472:	80 91 33 06 	lds	r24, 0x0633	; 0x800633 <Serial+0x19>
    4476:	8f 5f       	subi	r24, 0xFF	; 255
    4478:	8f 73       	andi	r24, 0x3F	; 63
/home/jgalera/.arduino15/packages/MiniCore/hardware/avr/3.1.1/cores/MCUdude_corefiles/HardwareSerial_private.h:110

    // if we should be storing the received character into the location
    // just before the tail (meaning that the head would advance to the
    // current location of the tail), we're about to overflow the buffer
    // and so we don't write the character or advance the head.
    if (i != _rx_buffer_tail) {
    447a:	20 91 34 06 	lds	r18, 0x0634	; 0x800634 <Serial+0x1a>
    447e:	82 17       	cp	r24, r18
    4480:	41 f0       	breq	.+16     	; 0x4492 <__vector_18+0x4c>
/home/jgalera/.arduino15/packages/MiniCore/hardware/avr/3.1.1/cores/MCUdude_corefiles/HardwareSerial_private.h:111
      _rx_buffer[_rx_buffer_head] = c;
    4482:	e0 91 33 06 	lds	r30, 0x0633	; 0x800633 <Serial+0x19>
    4486:	f0 e0       	ldi	r31, 0x00	; 0
    4488:	e6 5e       	subi	r30, 0xE6	; 230
    448a:	f9 4f       	sbci	r31, 0xF9	; 249
    448c:	95 8f       	std	Z+29, r25	; 0x1d
/home/jgalera/.arduino15/packages/MiniCore/hardware/avr/3.1.1/cores/MCUdude_corefiles/HardwareSerial_private.h:112
      _rx_buffer_head = i;
    448e:	80 93 33 06 	sts	0x0633, r24	; 0x800633 <Serial+0x19>
__vector_18():
/home/jgalera/.arduino15/packages/MiniCore/hardware/avr/3.1.1/cores/MCUdude_corefiles/HardwareSerial0.cpp:52
    Serial._rx_complete_irq();
  }
    4492:	ff 91       	pop	r31
    4494:	ef 91       	pop	r30
    4496:	9f 91       	pop	r25
    4498:	8f 91       	pop	r24
    449a:	2f 91       	pop	r18
    449c:	0f 90       	pop	r0
    449e:	0f be       	out	0x3f, r0	; 63
    44a0:	0f 90       	pop	r0
    44a2:	1f 90       	pop	r1
    44a4:	18 95       	reti
_rx_complete_irq():
/home/jgalera/.arduino15/packages/MiniCore/hardware/avr/3.1.1/cores/MCUdude_corefiles/HardwareSerial_private.h:116
    }
  } else {
    // Parity error, read byte but discard it
    *_udr;
    44a6:	80 81       	ld	r24, Z
    44a8:	f4 cf       	rjmp	.-24     	; 0x4492 <__vector_18+0x4c>

000044aa <__vector_7>:
__vector_7():
/home/jgalera/develop/arduino/usdx/usdx_plus_orange/src/core/core.cpp:126
  for (; x >>= 1;)
    y++;
  return y;
}

ISR(TIMER2_COMPA_vect) {
    44aa:	1f 92       	push	r1
    44ac:	0f 92       	push	r0
    44ae:	0f b6       	in	r0, 0x3f	; 63
    44b0:	0f 92       	push	r0
    44b2:	11 24       	eor	r1, r1
    44b4:	2f 93       	push	r18
    44b6:	3f 93       	push	r19
    44b8:	4f 93       	push	r20
    44ba:	5f 93       	push	r21
    44bc:	6f 93       	push	r22
    44be:	7f 93       	push	r23
    44c0:	8f 93       	push	r24
    44c2:	9f 93       	push	r25
    44c4:	af 93       	push	r26
    44c6:	bf 93       	push	r27
    44c8:	ef 93       	push	r30
    44ca:	ff 93       	push	r31
/home/jgalera/develop/arduino/usdx/usdx_plus_orange/src/core/core.cpp:127
  func_ptr();
    44cc:	e0 91 be 05 	lds	r30, 0x05BE	; 0x8005be <func_ptr>
    44d0:	f0 91 bf 05 	lds	r31, 0x05BF	; 0x8005bf <func_ptr+0x1>
    44d4:	09 95       	icall
/home/jgalera/develop/arduino/usdx/usdx_plus_orange/src/core/core.cpp:131
#ifdef DEBUG
  numSamples++;
#endif
}
    44d6:	ff 91       	pop	r31
    44d8:	ef 91       	pop	r30
    44da:	bf 91       	pop	r27
    44dc:	af 91       	pop	r26
    44de:	9f 91       	pop	r25
    44e0:	8f 91       	pop	r24
    44e2:	7f 91       	pop	r23
    44e4:	6f 91       	pop	r22
    44e6:	5f 91       	pop	r21
    44e8:	4f 91       	pop	r20
    44ea:	3f 91       	pop	r19
    44ec:	2f 91       	pop	r18
    44ee:	0f 90       	pop	r0
    44f0:	0f be       	out	0x3f, r0	; 63
    44f2:	0f 90       	pop	r0
    44f4:	1f 90       	pop	r1
    44f6:	18 95       	reti

000044f8 <__vector_5>:
__vector_5():
/home/jgalera/develop/arduino/usdx/usdx_plus_orange/src/core/core.cpp:83

volatile int8_t encoder_val = 0;
volatile int8_t encoder_step = 0;
static uint8_t last_state;

ISR(PCINT2_vect) {
    44f8:	1f 92       	push	r1
    44fa:	0f 92       	push	r0
    44fc:	0f b6       	in	r0, 0x3f	; 63
    44fe:	0f 92       	push	r0
    4500:	11 24       	eor	r1, r1
    4502:	0f 93       	push	r16
    4504:	1f 93       	push	r17
    4506:	2f 93       	push	r18
    4508:	3f 93       	push	r19
    450a:	4f 93       	push	r20
    450c:	5f 93       	push	r21
    450e:	6f 93       	push	r22
    4510:	7f 93       	push	r23
    4512:	8f 93       	push	r24
    4514:	9f 93       	push	r25
    4516:	af 93       	push	r26
    4518:	bf 93       	push	r27
    451a:	cf 93       	push	r28
    451c:	ef 93       	push	r30
    451e:	ff 93       	push	r31
/home/jgalera/develop/arduino/usdx/usdx_plus_orange/src/core/core.cpp:84
  switch (last_state = (last_state << 4) | (_digitalRead(ROT_B) << 1) |
    4520:	00 91 bd 05 	lds	r16, 0x05BD	; 0x8005bd <last_state>
    4524:	80 e1       	ldi	r24, 0x10	; 16
    4526:	08 9f       	mul	r16, r24
    4528:	80 01       	movw	r16, r0
    452a:	11 24       	eor	r1, r1
_digitalRead():
/home/jgalera/develop/arduino/usdx/usdx_plus_orange/src/core/core.cpp:36
                            : 0;
  }
  return digitalRead(pin);
}
#else
uint8_t _digitalRead(uint8_t pin) { return digitalRead(pin); }
    452c:	87 e0       	ldi	r24, 0x07	; 7
    452e:	0e 94 35 03 	call	0x66a	; 0x66a <digitalRead>
    4532:	c8 2f       	mov	r28, r24
    4534:	86 e0       	ldi	r24, 0x06	; 6
    4536:	0e 94 35 03 	call	0x66a	; 0x66a <digitalRead>
__vector_5():
/home/jgalera/develop/arduino/usdx/usdx_plus_orange/src/core/core.cpp:84
volatile int8_t encoder_val = 0;
volatile int8_t encoder_step = 0;
static uint8_t last_state;

ISR(PCINT2_vect) {
  switch (last_state = (last_state << 4) | (_digitalRead(ROT_B) << 1) |
    453a:	cc 0f       	add	r28, r28
    453c:	80 2b       	or	r24, r16
    453e:	8c 2b       	or	r24, r28
    4540:	80 93 bd 05 	sts	0x05BD, r24	; 0x8005bd <last_state>
    4544:	83 32       	cpi	r24, 0x23	; 35
    4546:	b1 f0       	breq	.+44     	; 0x4574 <__vector_5+0x7c>
    4548:	82 33       	cpi	r24, 0x32	; 50
    454a:	d1 f0       	breq	.+52     	; 0x4580 <__vector_5+0x88>
/home/jgalera/develop/arduino/usdx/usdx_plus_orange/src/core/core.cpp:108
  case 0x32:
    encoder_val--;
    break;
#endif
  }
}
    454c:	ff 91       	pop	r31
    454e:	ef 91       	pop	r30
    4550:	cf 91       	pop	r28
    4552:	bf 91       	pop	r27
    4554:	af 91       	pop	r26
    4556:	9f 91       	pop	r25
    4558:	8f 91       	pop	r24
    455a:	7f 91       	pop	r23
    455c:	6f 91       	pop	r22
    455e:	5f 91       	pop	r21
    4560:	4f 91       	pop	r20
    4562:	3f 91       	pop	r19
    4564:	2f 91       	pop	r18
    4566:	1f 91       	pop	r17
    4568:	0f 91       	pop	r16
    456a:	0f 90       	pop	r0
    456c:	0f be       	out	0x3f, r0	; 63
    456e:	0f 90       	pop	r0
    4570:	1f 90       	pop	r1
    4572:	18 95       	reti
/home/jgalera/develop/arduino/usdx/usdx_plus_orange/src/core/core.cpp:101
  case 0x13:
    encoder_val--;
    break;
#else
  case 0x23:
    encoder_val++;
    4574:	80 91 19 06 	lds	r24, 0x0619	; 0x800619 <encoder_val>
    4578:	8f 5f       	subi	r24, 0xFF	; 255
/home/jgalera/develop/arduino/usdx/usdx_plus_orange/src/core/core.cpp:104
    break;
  case 0x32:
    encoder_val--;
    457a:	80 93 19 06 	sts	0x0619, r24	; 0x800619 <encoder_val>
    457e:	e6 cf       	rjmp	.-52     	; 0x454c <__vector_5+0x54>
    4580:	80 91 19 06 	lds	r24, 0x0619	; 0x800619 <encoder_val>
    4584:	81 50       	subi	r24, 0x01	; 1
    4586:	f9 cf       	rjmp	.-14     	; 0x457a <__vector_5+0x82>

00004588 <global constructors keyed to 65535_0_usdx_plus_orange.ino.cpp.o.2892>:
_GLOBAL__I_65535_0_usdx_plus_orange.ino.cpp.o.2892():
    4588:	ea e1       	ldi	r30, 0x1A	; 26
    458a:	f6 e0       	ldi	r31, 0x06	; 6
    458c:	13 82       	std	Z+3, r1	; 0x03
    458e:	12 82       	std	Z+2, r1	; 0x02
    4590:	88 ee       	ldi	r24, 0xE8	; 232
    4592:	93 e0       	ldi	r25, 0x03	; 3
    4594:	a0 e0       	ldi	r26, 0x00	; 0
    4596:	b0 e0       	ldi	r27, 0x00	; 0
    4598:	84 83       	std	Z+4, r24	; 0x04
    459a:	95 83       	std	Z+5, r25	; 0x05
    459c:	a6 83       	std	Z+6, r26	; 0x06
    459e:	b7 83       	std	Z+7, r27	; 0x07
    45a0:	8c e5       	ldi	r24, 0x5C	; 92
    45a2:	92 e0       	ldi	r25, 0x02	; 2
    45a4:	91 83       	std	Z+1, r25	; 0x01
    45a6:	80 83       	st	Z, r24
    45a8:	85 ec       	ldi	r24, 0xC5	; 197
    45aa:	90 e0       	ldi	r25, 0x00	; 0
    45ac:	95 87       	std	Z+13, r25	; 0x0d
    45ae:	84 87       	std	Z+12, r24	; 0x0c
    45b0:	84 ec       	ldi	r24, 0xC4	; 196
    45b2:	90 e0       	ldi	r25, 0x00	; 0
    45b4:	97 87       	std	Z+15, r25	; 0x0f
    45b6:	86 87       	std	Z+14, r24	; 0x0e
    45b8:	80 ec       	ldi	r24, 0xC0	; 192
    45ba:	90 e0       	ldi	r25, 0x00	; 0
    45bc:	91 8b       	std	Z+17, r25	; 0x11
    45be:	80 8b       	std	Z+16, r24	; 0x10
    45c0:	81 ec       	ldi	r24, 0xC1	; 193
    45c2:	90 e0       	ldi	r25, 0x00	; 0
    45c4:	93 8b       	std	Z+19, r25	; 0x13
    45c6:	82 8b       	std	Z+18, r24	; 0x12
    45c8:	82 ec       	ldi	r24, 0xC2	; 194
    45ca:	90 e0       	ldi	r25, 0x00	; 0
    45cc:	95 8b       	std	Z+21, r25	; 0x15
    45ce:	84 8b       	std	Z+20, r24	; 0x14
    45d0:	86 ec       	ldi	r24, 0xC6	; 198
    45d2:	90 e0       	ldi	r25, 0x00	; 0
    45d4:	97 8b       	std	Z+23, r25	; 0x17
    45d6:	86 8b       	std	Z+22, r24	; 0x16
    45d8:	11 8e       	std	Z+25, r1	; 0x19
    45da:	12 8e       	std	Z+26, r1	; 0x1a
    45dc:	13 8e       	std	Z+27, r1	; 0x1b
    45de:	14 8e       	std	Z+28, r1	; 0x1c
    45e0:	88 b1       	in	r24, 0x08	; 8
    45e2:	8f 7c       	andi	r24, 0xCF	; 207
    45e4:	88 b9       	out	0x08, r24	; 8
    45e6:	3d 98       	cbi	0x07, 5	; 7
	...
    45f0:	3c 98       	cbi	0x07, 4	; 7
    45f2:	3c 9a       	sbi	0x07, 4	; 7
    45f4:	e7 eb       	ldi	r30, 0xB7	; 183
    45f6:	f6 e0       	ldi	r31, 0x06	; 6
    45f8:	13 82       	std	Z+3, r1	; 0x03
    45fa:	12 82       	std	Z+2, r1	; 0x02
    45fc:	8e e6       	ldi	r24, 0x6E	; 110
    45fe:	92 e0       	ldi	r25, 0x02	; 2
    4600:	91 83       	std	Z+1, r25	; 0x01
    4602:	80 83       	st	Z, r24
    4604:	80 ec       	ldi	r24, 0xC0	; 192
    4606:	9c ef       	ldi	r25, 0xFC	; 252
    4608:	ab e9       	ldi	r26, 0x9B	; 155
    460a:	b1 e0       	ldi	r27, 0x01	; 1
    460c:	80 93 cf 06 	sts	0x06CF, r24	; 0x8006cf <si5351+0x13>
    4610:	90 93 d0 06 	sts	0x06D0, r25	; 0x8006d0 <si5351+0x14>
    4614:	a0 93 d1 06 	sts	0x06D1, r26	; 0x8006d1 <si5351+0x15>
    4618:	b0 93 d2 06 	sts	0x06D2, r27	; 0x8006d2 <si5351+0x16>
    461c:	08 95       	ret

0000461e <main>:
main():
/home/jgalera/.arduino15/packages/MiniCore/hardware/avr/3.1.1/cores/MCUdude_corefiles/main.cpp:34

//void setupUSB() __attribute__((weak));
//void setupUSB() { }

int main(void)
{
    461e:	cf 93       	push	r28
    4620:	df 93       	push	r29
    4622:	cd b7       	in	r28, 0x3d	; 61
    4624:	de b7       	in	r29, 0x3e	; 62
    4626:	6e 97       	sbiw	r28, 0x1e	; 30
    4628:	0f b6       	in	r0, 0x3f	; 63
    462a:	f8 94       	cli
    462c:	de bf       	out	0x3e, r29	; 62
    462e:	0f be       	out	0x3f, r0	; 63
    4630:	cd bf       	out	0x3d, r28	; 61
init():
/home/jgalera/.arduino15/packages/MiniCore/hardware/avr/3.1.1/cores/MCUdude_corefiles/wiring.c:945

void init()
{
  // this needs to be called before setup() or some functions won't
  // work there
  sei();
    4632:	78 94       	sei
/home/jgalera/.arduino15/packages/MiniCore/hardware/avr/3.1.1/cores/MCUdude_corefiles/wiring.c:957

  // On the ATmega168, timer 0 is also used for fast hardware pwm
  // (using phase-correct PWM would mean that timer 0 overflowed half as often
  // resulting in different millis() behavior on the ATmega8 and ATmega168)
#if defined(TCCR0A) && defined(WGM01)
  TCCR0A |= _BV(WGM01) | _BV(WGM00);
    4634:	84 b5       	in	r24, 0x24	; 36
    4636:	83 60       	ori	r24, 0x03	; 3
    4638:	84 bd       	out	0x24, r24	; 36
/home/jgalera/.arduino15/packages/MiniCore/hardware/avr/3.1.1/cores/MCUdude_corefiles/wiring.c:972
  #if defined(WGM00) && defined(WGM01) // The ATmega8 doesn't have WGM00 and WGM01
    TCCR0 |= _BV(WGM01) | _BV(WGM00);
  #endif
#elif defined(TCCR0B) && defined(CS01) && defined(CS00)
  // This combination is for the standard 168/328/640/1280/1281/2560/2561
  TCCR0B |= _BV(CS01) | _BV(CS00);
    463a:	85 b5       	in	r24, 0x25	; 37
    463c:	83 60       	ori	r24, 0x03	; 3
    463e:	85 bd       	out	0x25, r24	; 37
/home/jgalera/.arduino15/packages/MiniCore/hardware/avr/3.1.1/cores/MCUdude_corefiles/wiring.c:984

// Enable timer 0 overflow interrupt
#if defined(TIMSK) && defined(TOIE0)
  TIMSK |= _BV(TOIE0);
#elif defined(TIMSK0) && defined(TOIE0)
  TIMSK0 |= _BV(TOIE0);
    4640:	80 91 6e 00 	lds	r24, 0x006E	; 0x80006e <__DATA_REGION_ORIGIN__+0xe>
    4644:	81 60       	ori	r24, 0x01	; 1
    4646:	80 93 6e 00 	sts	0x006E, r24	; 0x80006e <__DATA_REGION_ORIGIN__+0xe>
/home/jgalera/.arduino15/packages/MiniCore/hardware/avr/3.1.1/cores/MCUdude_corefiles/wiring.c:995
// this is better for motors as it ensures an even waveform
// note, however, that fast pwm mode can achieve a frequency of up
// 8 MHz (with a 16 MHz clock) at 50% duty cycle

#if defined(TCCR1B) && defined(CS11) && defined(CS10)
  TCCR1B = _BV(CS11); // Set timer 1 prescale factor to 64
    464a:	82 e0       	ldi	r24, 0x02	; 2
    464c:	80 93 81 00 	sts	0x0081, r24	; 0x800081 <__DATA_REGION_ORIGIN__+0x21>
/home/jgalera/.arduino15/packages/MiniCore/hardware/avr/3.1.1/cores/MCUdude_corefiles/wiring.c:997
#if F_CPU >= 8000000L
  TCCR1B |= _BV(CS10);
    4650:	80 91 81 00 	lds	r24, 0x0081	; 0x800081 <__DATA_REGION_ORIGIN__+0x21>
    4654:	81 60       	ori	r24, 0x01	; 1
    4656:	80 93 81 00 	sts	0x0081, r24	; 0x800081 <__DATA_REGION_ORIGIN__+0x21>
/home/jgalera/.arduino15/packages/MiniCore/hardware/avr/3.1.1/cores/MCUdude_corefiles/wiring.c:1006
#if F_CPU >= 8000000L
  TCCR1 |= _BV(CS10);
#endif
#endif
#if defined(TCCR1A) && defined(WGM10)
  TCCR1A |= _BV(WGM10); // Put timer 1 in 8-bit phase correct pwm mode
    465a:	80 91 80 00 	lds	r24, 0x0080	; 0x800080 <__DATA_REGION_ORIGIN__+0x20>
    465e:	81 60       	ori	r24, 0x01	; 1
    4660:	80 93 80 00 	sts	0x0080, r24	; 0x800080 <__DATA_REGION_ORIGIN__+0x20>
/home/jgalera/.arduino15/packages/MiniCore/hardware/avr/3.1.1/cores/MCUdude_corefiles/wiring.c:1013

// Set timer 2 prescale factor to 64
#if defined(TCCR2) && defined(CS22)
  TCCR2 |= _BV(CS22);
#elif defined(TCCR2B) && defined(CS22)
  TCCR2B |= _BV(CS22);
    4664:	80 91 b1 00 	lds	r24, 0x00B1	; 0x8000b1 <__DATA_REGION_ORIGIN__+0x51>
    4668:	84 60       	ori	r24, 0x04	; 4
    466a:	80 93 b1 00 	sts	0x00B1, r24	; 0x8000b1 <__DATA_REGION_ORIGIN__+0x51>
/home/jgalera/.arduino15/packages/MiniCore/hardware/avr/3.1.1/cores/MCUdude_corefiles/wiring.c:1022

// Configure timer 2 for phase correct pwm (8-bit)
#if defined(TCCR2) && defined(WGM20)
  TCCR2 |= _BV(WGM20);
#elif defined(TCCR2A) && defined(WGM20)
  TCCR2A |= _BV(WGM20);
    466e:	80 91 b0 00 	lds	r24, 0x00B0	; 0x8000b0 <__DATA_REGION_ORIGIN__+0x50>
    4672:	81 60       	ori	r24, 0x01	; 1
    4674:	80 93 b0 00 	sts	0x00B0, r24	; 0x8000b0 <__DATA_REGION_ORIGIN__+0x50>
/home/jgalera/.arduino15/packages/MiniCore/hardware/avr/3.1.1/cores/MCUdude_corefiles/wiring.c:1050
#endif

#if defined(ADCSRA)
  // set a2d prescaler so we are inside the desired 50-200 KHz range.
  #if F_CPU >= 16000000 // 16 MHz / 128 = 125 KHz
    ADCSRA = _BV(ADPS2) | _BV(ADPS1) | _BV(ADPS0) | _BV(ADEN);
    4678:	87 e8       	ldi	r24, 0x87	; 135
    467a:	80 93 7a 00 	sts	0x007A, r24	; 0x80007a <__DATA_REGION_ORIGIN__+0x1a>
/home/jgalera/.arduino15/packages/MiniCore/hardware/avr/3.1.1/cores/MCUdude_corefiles/wiring.c:1070
  // here so they can be used as normal digital i/o; they will be
  // reconnected in Serial.begin()
#if defined(UCSRB)
  UCSRB = 0;
#elif defined(UCSR0B)
  UCSR0B = 0;
    467e:	10 92 c1 00 	sts	0x00C1, r1	; 0x8000c1 <__DATA_REGION_ORIGIN__+0x61>
setup():
/home/jgalera/develop/arduino/usdx/usdx_plus_orange/usdx_plus_orange.ino:110
#endif

#include "src/core/core.h"
void setup() {

  digitalWrite(KEY_OUT, LOW); // for safety: to prevent exploding PA MOSFETs, in
    4682:	60 e0       	ldi	r22, 0x00	; 0
    4684:	8a e0       	ldi	r24, 0x0A	; 10
    4686:	0e 94 5e 03 	call	0x6bc	; 0x6bc <digitalWrite>
/home/jgalera/develop/arduino/usdx/usdx_plus_orange/usdx_plus_orange.ino:112
                              // case there was something still biasing them.
  si5351.powerDown(); // disable all CLK outputs (especially needed for si5351
    468a:	0e 94 33 18 	call	0x3066	; 0x3066 <SI5351::powerDown() [clone .isra.10]>
/home/jgalera/develop/arduino/usdx/usdx_plus_orange/usdx_plus_orange.ino:117
                      // variants that has CLK2 enabled by default, such as
                      // Si5351A-B04486-GT)

  // uint8_t mcusr = MCUSR;
  MCUSR = 0;
    468e:	14 be       	out	0x34, r1	; 52
wdt_enable():
/home/jgalera/.arduino15/packages/arduino/tools/avr-gcc/7.3.0-atmel3.6.1-arduino7/avr/include/avr/wdt.h:486
				: "n" (_SFR_MEM_ADDR(_WD_CONTROL_REG)),
				"r" ((uint8_t)(_BV(_WD_CHANGE_BIT) | _BV(WDE))),
				"r" ((uint8_t) ((value & 0x08 ? _WD_PS3_MASK : 0x00) |
						_BV(WDE) | (value & 0x07)) )
				: "r0"
		);
    4690:	88 e1       	ldi	r24, 0x18	; 24
    4692:	98 e2       	ldi	r25, 0x28	; 40
    4694:	0f b6       	in	r0, 0x3f	; 63
    4696:	f8 94       	cli
    4698:	a8 95       	wdr
    469a:	80 93 60 00 	sts	0x0060, r24	; 0x800060 <__DATA_REGION_ORIGIN__>
    469e:	0f be       	out	0x3f, r0	; 63
    46a0:	90 93 60 00 	sts	0x0060, r25	; 0x800060 <__DATA_REGION_ORIGIN__>
setup():
/home/jgalera/develop/arduino/usdx/usdx_plus_orange/usdx_plus_orange.ino:153
  load_rx_avg /= 8;

  // adc_stop();  // recover general ADC settings so that analogRead is working
  // again
#endif                  // DEBUG
  ADMUX = (1 << REFS0); // restore reference voltage AREF (5V)
    46a4:	80 e4       	ldi	r24, 0x40	; 64
    46a6:	80 93 7c 00 	sts	0x007C, r24	; 0x80007c <__DATA_REGION_ORIGIN__+0x1c>
/home/jgalera/develop/arduino/usdx/usdx_plus_orange/usdx_plus_orange.ino:156

  // disable external interrupts
  PCICR = 0;
    46aa:	10 92 68 00 	sts	0x0068, r1	; 0x800068 <__DATA_REGION_ORIGIN__+0x8>
/home/jgalera/develop/arduino/usdx/usdx_plus_orange/usdx_plus_orange.ino:157
  PCMSK0 = 0;
    46ae:	10 92 6b 00 	sts	0x006B, r1	; 0x80006b <__DATA_REGION_ORIGIN__+0xb>
/home/jgalera/develop/arduino/usdx/usdx_plus_orange/usdx_plus_orange.ino:158
  PCMSK1 = 0;
    46b2:	10 92 6c 00 	sts	0x006C, r1	; 0x80006c <__DATA_REGION_ORIGIN__+0xc>
/home/jgalera/develop/arduino/usdx/usdx_plus_orange/usdx_plus_orange.ino:159
  PCMSK2 = 0;
    46b6:	10 92 6d 00 	sts	0x006D, r1	; 0x80006d <__DATA_REGION_ORIGIN__+0xd>
encoder_setup():
/home/jgalera/develop/arduino/usdx/usdx_plus_orange/src/core/core.cpp:111
#endif
  }
}

void encoder_setup() {
  pinMode(ROT_A, INPUT_PULLUP);
    46ba:	62 e0       	ldi	r22, 0x02	; 2
    46bc:	86 e0       	ldi	r24, 0x06	; 6
    46be:	0e 94 8c 03 	call	0x718	; 0x718 <pinMode>
/home/jgalera/develop/arduino/usdx/usdx_plus_orange/src/core/core.cpp:112
  pinMode(ROT_B, INPUT_PULLUP);
    46c2:	62 e0       	ldi	r22, 0x02	; 2
    46c4:	87 e0       	ldi	r24, 0x07	; 7
    46c6:	0e 94 8c 03 	call	0x718	; 0x718 <pinMode>
/home/jgalera/develop/arduino/usdx/usdx_plus_orange/src/core/core.cpp:113
  PCMSK2 |= (1 << PCINT22) | (1 << PCINT23);
    46ca:	80 91 6d 00 	lds	r24, 0x006D	; 0x80006d <__DATA_REGION_ORIGIN__+0xd>
    46ce:	80 6c       	ori	r24, 0xC0	; 192
    46d0:	80 93 6d 00 	sts	0x006D, r24	; 0x80006d <__DATA_REGION_ORIGIN__+0xd>
/home/jgalera/develop/arduino/usdx/usdx_plus_orange/src/core/core.cpp:114
  PCICR |= (1 << PCIE2);
    46d4:	80 91 68 00 	lds	r24, 0x0068	; 0x800068 <__DATA_REGION_ORIGIN__+0x8>
    46d8:	84 60       	ori	r24, 0x04	; 4
    46da:	80 93 68 00 	sts	0x0068, r24	; 0x800068 <__DATA_REGION_ORIGIN__+0x8>
_digitalRead():
/home/jgalera/develop/arduino/usdx/usdx_plus_orange/src/core/core.cpp:36
                            : 0;
  }
  return digitalRead(pin);
}
#else
uint8_t _digitalRead(uint8_t pin) { return digitalRead(pin); }
    46de:	87 e0       	ldi	r24, 0x07	; 7
    46e0:	0e 94 35 03 	call	0x66a	; 0x66a <digitalRead>
    46e4:	f8 2e       	mov	r15, r24
    46e6:	86 e0       	ldi	r24, 0x06	; 6
    46e8:	0e 94 35 03 	call	0x66a	; 0x66a <digitalRead>
encoder_setup():
/home/jgalera/develop/arduino/usdx/usdx_plus_orange/src/core/core.cpp:115
void encoder_setup() {
  pinMode(ROT_A, INPUT_PULLUP);
  pinMode(ROT_B, INPUT_PULLUP);
  PCMSK2 |= (1 << PCINT22) | (1 << PCINT23);
  PCICR |= (1 << PCIE2);
  last_state = (_digitalRead(ROT_B) << 1) | _digitalRead(ROT_A);
    46ec:	ff 0c       	add	r15, r15
    46ee:	f8 2a       	or	r15, r24
    46f0:	f0 92 bd 05 	sts	0x05BD, r15	; 0x8005bd <last_state>
/home/jgalera/develop/arduino/usdx/usdx_plus_orange/src/core/core.cpp:116
  interrupts();
    46f4:	78 94       	sei
initPins():
/home/jgalera/develop/arduino/usdx/usdx_plus_orange/src/core/core.cpp:849
const char *keyer_mode_label[] = {"Iambic A", "Iambic B", "Straight"};
#endif
const char *agc_label[] = {"OFF", "Fast", "Slow"};

void initPins() {
  digitalWrite(SIG_OUT, LOW);
    46f6:	60 e0       	ldi	r22, 0x00	; 0
    46f8:	8b e0       	ldi	r24, 0x0B	; 11
    46fa:	0e 94 5e 03 	call	0x6bc	; 0x6bc <digitalWrite>
/home/jgalera/develop/arduino/usdx/usdx_plus_orange/src/core/core.cpp:850
  digitalWrite(RX, HIGH);
    46fe:	61 e0       	ldi	r22, 0x01	; 1
    4700:	88 e0       	ldi	r24, 0x08	; 8
    4702:	0e 94 5e 03 	call	0x6bc	; 0x6bc <digitalWrite>
/home/jgalera/develop/arduino/usdx/usdx_plus_orange/src/core/core.cpp:851
  digitalWrite(KEY_OUT, LOW);
    4706:	60 e0       	ldi	r22, 0x00	; 0
    4708:	8a e0       	ldi	r24, 0x0A	; 10
    470a:	0e 94 5e 03 	call	0x6bc	; 0x6bc <digitalWrite>
/home/jgalera/develop/arduino/usdx/usdx_plus_orange/src/core/core.cpp:852
  digitalWrite(SIDETONE, LOW);
    470e:	60 e0       	ldi	r22, 0x00	; 0
    4710:	89 e0       	ldi	r24, 0x09	; 9
    4712:	0e 94 5e 03 	call	0x6bc	; 0x6bc <digitalWrite>
/home/jgalera/develop/arduino/usdx/usdx_plus_orange/src/core/core.cpp:854

  pinMode(SIDETONE, OUTPUT);
    4716:	61 e0       	ldi	r22, 0x01	; 1
    4718:	89 e0       	ldi	r24, 0x09	; 9
    471a:	0e 94 8c 03 	call	0x718	; 0x718 <pinMode>
/home/jgalera/develop/arduino/usdx/usdx_plus_orange/src/core/core.cpp:855
  pinMode(SIG_OUT, OUTPUT);
    471e:	61 e0       	ldi	r22, 0x01	; 1
    4720:	8b e0       	ldi	r24, 0x0B	; 11
    4722:	0e 94 8c 03 	call	0x718	; 0x718 <pinMode>
/home/jgalera/develop/arduino/usdx/usdx_plus_orange/src/core/core.cpp:856
  pinMode(RX, OUTPUT);
    4726:	61 e0       	ldi	r22, 0x01	; 1
    4728:	88 e0       	ldi	r24, 0x08	; 8
    472a:	0e 94 8c 03 	call	0x718	; 0x718 <pinMode>
/home/jgalera/develop/arduino/usdx/usdx_plus_orange/src/core/core.cpp:857
  pinMode(KEY_OUT, OUTPUT);
    472e:	61 e0       	ldi	r22, 0x01	; 1
    4730:	8a e0       	ldi	r24, 0x0A	; 10
    4732:	0e 94 8c 03 	call	0x718	; 0x718 <pinMode>
/home/jgalera/develop/arduino/usdx/usdx_plus_orange/src/core/core.cpp:861
#ifdef ONEBUTTON
  pinMode(BUTTONS, INPUT_PULLUP);
#else
  pinMode(BUTTONS, INPUT);
    4736:	60 e0       	ldi	r22, 0x00	; 0
    4738:	81 e1       	ldi	r24, 0x11	; 17
    473a:	0e 94 8c 03 	call	0x718	; 0x718 <pinMode>
/home/jgalera/develop/arduino/usdx/usdx_plus_orange/src/core/core.cpp:863
#endif
  pinMode(DIT, INPUT_PULLUP);
    473e:	62 e0       	ldi	r22, 0x02	; 2
    4740:	8d e0       	ldi	r24, 0x0D	; 13
    4742:	0e 94 8c 03 	call	0x718	; 0x718 <pinMode>
/home/jgalera/develop/arduino/usdx/usdx_plus_orange/src/core/core.cpp:864
  pinMode(DAH, INPUT);
    4746:	60 e0       	ldi	r22, 0x00	; 0
    4748:	8c e0       	ldi	r24, 0x0C	; 12
    474a:	0e 94 8c 03 	call	0x718	; 0x718 <pinMode>
/home/jgalera/develop/arduino/usdx/usdx_plus_orange/src/core/core.cpp:866

  digitalWrite(AUDIO1, LOW);
    474e:	60 e0       	ldi	r22, 0x00	; 0
    4750:	8e e0       	ldi	r24, 0x0E	; 14
    4752:	0e 94 5e 03 	call	0x6bc	; 0x6bc <digitalWrite>
/home/jgalera/develop/arduino/usdx/usdx_plus_orange/src/core/core.cpp:867
  digitalWrite(AUDIO2, LOW);
    4756:	60 e0       	ldi	r22, 0x00	; 0
    4758:	8f e0       	ldi	r24, 0x0F	; 15
    475a:	0e 94 5e 03 	call	0x6bc	; 0x6bc <digitalWrite>
/home/jgalera/develop/arduino/usdx/usdx_plus_orange/src/core/core.cpp:868
  pinMode(AUDIO1, INPUT);
    475e:	60 e0       	ldi	r22, 0x00	; 0
    4760:	8e e0       	ldi	r24, 0x0E	; 14
    4762:	0e 94 8c 03 	call	0x718	; 0x718 <pinMode>
/home/jgalera/develop/arduino/usdx/usdx_plus_orange/src/core/core.cpp:869
  pinMode(AUDIO2, INPUT);
    4766:	60 e0       	ldi	r22, 0x00	; 0
    4768:	8f e0       	ldi	r24, 0x0F	; 15
    476a:	0e 94 8c 03 	call	0x718	; 0x718 <pinMode>
setup():
/home/jgalera/develop/arduino/usdx/usdx_plus_orange/usdx_plus_orange.ino:165

  encoder_setup();

  initPins();

  delay(100);       // at least 40ms after power rises above 2.7V before sending
    476e:	64 e6       	ldi	r22, 0x64	; 100
    4770:	70 e0       	ldi	r23, 0x00	; 0
    4772:	80 e0       	ldi	r24, 0x00	; 0
    4774:	90 e0       	ldi	r25, 0x00	; 0
    4776:	0e 94 0d 04 	call	0x81a	; 0x81a <delay>
begin():
/home/jgalera/develop/arduino/usdx/usdx_plus_orange/src/driver/display.h:53
    Wire.beginTransmission(PCF_ADDR);
    Wire.write(0);
    Wire.endTransmission();
    delayMicroseconds(50000);
#else
    DDRD |= 0xf << _dn | 1 << _en;
    477a:	8a b1       	in	r24, 0x0a	; 10
    477c:	8f 61       	ori	r24, 0x1F	; 31
    477e:	8a b9       	out	0x0a, r24	; 10
/home/jgalera/develop/arduino/usdx/usdx_plus_orange/src/driver/display.h:54
    DDRC |= 1 << _rs;
    4780:	3c 9a       	sbi	0x07, 4	; 7
/home/jgalera/develop/arduino/usdx/usdx_plus_orange/src/driver/display.h:55
    delayMicroseconds(50000);
    4782:	80 e5       	ldi	r24, 0x50	; 80
    4784:	93 ec       	ldi	r25, 0xC3	; 195
    4786:	0e 94 e0 03 	call	0x7c0	; 0x7c0 <delayMicroseconds>
/home/jgalera/develop/arduino/usdx/usdx_plus_orange/src/driver/display.h:56
    LCD_RS_LO();
    478a:	3c 9a       	sbi	0x07, 4	; 7
/home/jgalera/develop/arduino/usdx/usdx_plus_orange/src/driver/display.h:57
    LCD_EN_LO();
    478c:	5c 98       	cbi	0x0b, 4	; 11
/home/jgalera/develop/arduino/usdx/usdx_plus_orange/src/driver/display.h:59
#endif
    cmd(0x33);
    478e:	83 e3       	ldi	r24, 0x33	; 51
    4790:	0e 94 80 18 	call	0x3100	; 0x3100 <LCD::cmd(unsigned char) [clone .isra.11]>
/home/jgalera/develop/arduino/usdx/usdx_plus_orange/src/driver/display.h:60
    delayMicroseconds(4500);
    4794:	84 e9       	ldi	r24, 0x94	; 148
    4796:	91 e1       	ldi	r25, 0x11	; 17
    4798:	0e 94 e0 03 	call	0x7c0	; 0x7c0 <delayMicroseconds>
/home/jgalera/develop/arduino/usdx/usdx_plus_orange/src/driver/display.h:61
    cmd(0x33);
    479c:	83 e3       	ldi	r24, 0x33	; 51
    479e:	0e 94 80 18 	call	0x3100	; 0x3100 <LCD::cmd(unsigned char) [clone .isra.11]>
/home/jgalera/develop/arduino/usdx/usdx_plus_orange/src/driver/display.h:62
    delayMicroseconds(4500);
    47a2:	84 e9       	ldi	r24, 0x94	; 148
    47a4:	91 e1       	ldi	r25, 0x11	; 17
    47a6:	0e 94 e0 03 	call	0x7c0	; 0x7c0 <delayMicroseconds>
/home/jgalera/develop/arduino/usdx/usdx_plus_orange/src/driver/display.h:63
    cmd(0x33);
    47aa:	83 e3       	ldi	r24, 0x33	; 51
    47ac:	0e 94 80 18 	call	0x3100	; 0x3100 <LCD::cmd(unsigned char) [clone .isra.11]>
/home/jgalera/develop/arduino/usdx/usdx_plus_orange/src/driver/display.h:64
    delayMicroseconds(150);
    47b0:	86 e9       	ldi	r24, 0x96	; 150
    47b2:	90 e0       	ldi	r25, 0x00	; 0
    47b4:	0e 94 e0 03 	call	0x7c0	; 0x7c0 <delayMicroseconds>
/home/jgalera/develop/arduino/usdx/usdx_plus_orange/src/driver/display.h:65
    cmd(0x32);
    47b8:	82 e3       	ldi	r24, 0x32	; 50
    47ba:	0e 94 80 18 	call	0x3100	; 0x3100 <LCD::cmd(unsigned char) [clone .isra.11]>
/home/jgalera/develop/arduino/usdx/usdx_plus_orange/src/driver/display.h:66
    cmd(0x28);
    47be:	88 e2       	ldi	r24, 0x28	; 40
    47c0:	0e 94 80 18 	call	0x3100	; 0x3100 <LCD::cmd(unsigned char) [clone .isra.11]>
/home/jgalera/develop/arduino/usdx/usdx_plus_orange/src/driver/display.h:67
    cmd(0x0c);
    47c4:	8c e0       	ldi	r24, 0x0C	; 12
    47c6:	0e 94 80 18 	call	0x3100	; 0x3100 <LCD::cmd(unsigned char) [clone .isra.11]>
/home/jgalera/develop/arduino/usdx/usdx_plus_orange/src/driver/display.h:68
    cmd(0x01);
    47ca:	81 e0       	ldi	r24, 0x01	; 1
    47cc:	0e 94 80 18 	call	0x3100	; 0x3100 <LCD::cmd(unsigned char) [clone .isra.11]>
/home/jgalera/develop/arduino/usdx/usdx_plus_orange/src/driver/display.h:69
    delay(3);
    47d0:	63 e0       	ldi	r22, 0x03	; 3
    47d2:	70 e0       	ldi	r23, 0x00	; 0
    47d4:	80 e0       	ldi	r24, 0x00	; 0
    47d6:	90 e0       	ldi	r25, 0x00	; 0
    47d8:	0e 94 0d 04 	call	0x81a	; 0x81a <delay>
/home/jgalera/develop/arduino/usdx/usdx_plus_orange/src/driver/display.h:70
    cmd(0x06);
    47dc:	86 e0       	ldi	r24, 0x06	; 6
    47de:	0e 94 80 18 	call	0x3100	; 0x3100 <LCD::cmd(unsigned char) [clone .isra.11]>
setup():
/home/jgalera/develop/arduino/usdx/usdx_plus_orange/usdx_plus_orange.ino:169
                    // commands
  lcd.begin(16, 4); // Init LCD
#ifndef OLED
  for (i = 0; i != N_FONTS; i++) { // Init fonts
    47e2:	10 92 ca 05 	sts	0x05CA, r1	; 0x8005ca <i+0x1>
    47e6:	10 92 c9 05 	sts	0x05C9, r1	; 0x8005c9 <i>
    47ea:	5e 01       	movw	r10, r28
    47ec:	29 e0       	ldi	r18, 0x09	; 9
    47ee:	a2 0e       	add	r10, r18
    47f0:	b1 1c       	adc	r11, r1
    47f2:	80 91 c9 05 	lds	r24, 0x05C9	; 0x8005c9 <i>
    47f6:	90 91 ca 05 	lds	r25, 0x05CA	; 0x8005ca <i+0x1>
    47fa:	08 97       	sbiw	r24, 0x08	; 8
    47fc:	a9 f1       	breq	.+106    	; 0x4868 <main+0x24a>
/home/jgalera/develop/arduino/usdx/usdx_plus_orange/usdx_plus_orange.ino:170
    pgm_cache_item(fonts[i], 8);
    47fe:	60 91 c9 05 	lds	r22, 0x05C9	; 0x8005c9 <i>
    4802:	70 91 ca 05 	lds	r23, 0x05CA	; 0x8005ca <i+0x1>
    4806:	e3 e0       	ldi	r30, 0x03	; 3
    4808:	66 0f       	add	r22, r22
    480a:	77 1f       	adc	r23, r23
    480c:	ea 95       	dec	r30
    480e:	e1 f7       	brne	.-8      	; 0x4808 <main+0x1ea>
    4810:	67 54       	subi	r22, 0x47	; 71
    4812:	7e 4f       	sbci	r23, 0xFE	; 254
    4814:	48 e0       	ldi	r20, 0x08	; 8
    4816:	50 e0       	ldi	r21, 0x00	; 0
    4818:	ce 01       	movw	r24, r28
    481a:	01 96       	adiw	r24, 0x01	; 1
    481c:	0e 94 33 34 	call	0x6866	; 0x6866 <memcpy_P>
/home/jgalera/develop/arduino/usdx/usdx_plus_orange/usdx_plus_orange.ino:171
    lcd.createChar(0x01 + i, /*fonts[i]*/ _item);
    4820:	80 91 c9 05 	lds	r24, 0x05C9	; 0x8005c9 <i>
    4824:	90 91 ca 05 	lds	r25, 0x05CA	; 0x8005ca <i+0x1>
    4828:	8f 5f       	subi	r24, 0xFF	; 255
createChar():
/home/jgalera/develop/arduino/usdx/usdx_plus_orange/src/driver/display.h:196
#endif
  void cursor() { cmd(0x0e); }
  void noCursor() { cmd(0x0c); }
  void noDisplay() { cmd(0x08); }
  void createChar(uint8_t l, uint8_t glyph[]) {
    cmd(0x40 | ((l & 0x7) << 3));
    482a:	38 e0       	ldi	r19, 0x08	; 8
    482c:	83 9f       	mul	r24, r19
    482e:	c0 01       	movw	r24, r0
    4830:	11 24       	eor	r1, r1
    4832:	88 73       	andi	r24, 0x38	; 56
    4834:	80 64       	ori	r24, 0x40	; 64
    4836:	0e 94 80 18 	call	0x3100	; 0x3100 <LCD::cmd(unsigned char) [clone .isra.11]>
    483a:	ce 01       	movw	r24, r28
    483c:	01 96       	adiw	r24, 0x01	; 1
    483e:	7c 01       	movw	r14, r24
/home/jgalera/develop/arduino/usdx/usdx_plus_orange/src/driver/display.h:198
    for (int i = 0; i != 8; i++)
      write(glyph[i]);
    4840:	d7 01       	movw	r26, r14
    4842:	6d 91       	ld	r22, X+
    4844:	7d 01       	movw	r14, r26
    4846:	87 eb       	ldi	r24, 0xB7	; 183
    4848:	96 e0       	ldi	r25, 0x06	; 6
    484a:	0e 94 8b 18 	call	0x3116	; 0x3116 <LCD::write(unsigned char)>
/home/jgalera/develop/arduino/usdx/usdx_plus_orange/src/driver/display.h:197
  void cursor() { cmd(0x0e); }
  void noCursor() { cmd(0x0c); }
  void noDisplay() { cmd(0x08); }
  void createChar(uint8_t l, uint8_t glyph[]) {
    cmd(0x40 | ((l & 0x7) << 3));
    for (int i = 0; i != 8; i++)
    484e:	ea 14       	cp	r14, r10
    4850:	fb 04       	cpc	r15, r11
    4852:	b1 f7       	brne	.-20     	; 0x4840 <main+0x222>
setup():
/home/jgalera/develop/arduino/usdx/usdx_plus_orange/usdx_plus_orange.ino:169

  delay(100);       // at least 40ms after power rises above 2.7V before sending
                    // commands
  lcd.begin(16, 4); // Init LCD
#ifndef OLED
  for (i = 0; i != N_FONTS; i++) { // Init fonts
    4854:	80 91 c9 05 	lds	r24, 0x05C9	; 0x8005c9 <i>
    4858:	90 91 ca 05 	lds	r25, 0x05CA	; 0x8005ca <i+0x1>
    485c:	01 96       	adiw	r24, 0x01	; 1
    485e:	90 93 ca 05 	sts	0x05CA, r25	; 0x8005ca <i+0x1>
    4862:	80 93 c9 05 	sts	0x05C9, r24	; 0x8005c9 <i>
    4866:	c5 cf       	rjmp	.-118    	; 0x47f2 <main+0x1d4>
/home/jgalera/develop/arduino/usdx/usdx_plus_orange/usdx_plus_orange.ino:175
    pgm_cache_item(fonts[i], 8);
    lcd.createChar(0x01 + i, /*fonts[i]*/ _item);
  }
#endif

  show_banner();
    4868:	0e 94 29 19 	call	0x3252	; 0x3252 <show_banner()>
_ZN3LCD9setCursorEhh():
/home/jgalera/develop/arduino/usdx/usdx_plus_orange/src/driver/display.h:190
#ifdef CONDENSED
  void setCursor(uint8_t x, uint8_t y) {
    cmd(0x80 | (x + (uint8_t[]){0x00, 0x40, 0x00 + 20, 0x40 + 20}[y]));
  }
#else
  void setCursor(uint8_t x, uint8_t y) { cmd(0x80 | (x + y * 0x40)); }
    486c:	87 e8       	ldi	r24, 0x87	; 135
    486e:	0e 94 80 18 	call	0x3100	; 0x3100 <LCD::cmd(unsigned char) [clone .isra.11]>
setup():
/home/jgalera/develop/arduino/usdx/usdx_plus_orange/usdx_plus_orange.ino:177
  lcd.setCursor(7, 0);
  lcd.print(F(" R"));
    4872:	86 eb       	ldi	r24, 0xB6	; 182
    4874:	91 e0       	ldi	r25, 0x01	; 1
    4876:	0e 94 af 18 	call	0x315e	; 0x315e <Print::print(__FlashStringHelper const*) [clone .constprop.29]>
/home/jgalera/develop/arduino/usdx/usdx_plus_orange/usdx_plus_orange.ino:178
  lcd.print(F(VERSION));
    487a:	80 eb       	ldi	r24, 0xB0	; 176
    487c:	91 e0       	ldi	r25, 0x01	; 1
    487e:	0e 94 af 18 	call	0x315e	; 0x315e <Print::print(__FlashStringHelper const*) [clone .constprop.29]>
/home/jgalera/develop/arduino/usdx/usdx_plus_orange/usdx_plus_orange.ino:179
  lcd_blanks();
    4882:	0e 94 ca 18 	call	0x3194	; 0x3194 <lcd_blanks()>
/home/jgalera/develop/arduino/usdx/usdx_plus_orange/usdx_plus_orange.ino:272
  }*/
#endif

#ifdef DIAG
  // Measure VDD (+5V); should be ~5V
  si5351.SendRegister(SI_CLK_OE, TX0RX0); // Mute QSD
    4886:	6f ef       	ldi	r22, 0xFF	; 255
    4888:	83 e0       	ldi	r24, 0x03	; 3
    488a:	0e 94 99 13 	call	0x2732	; 0x2732 <SI5351::SendRegister(unsigned char, unsigned char) [clone .isra.3]>
/home/jgalera/develop/arduino/usdx/usdx_plus_orange/usdx_plus_orange.ino:273
  digitalWrite(KEY_OUT, LOW);
    488e:	60 e0       	ldi	r22, 0x00	; 0
    4890:	8a e0       	ldi	r24, 0x0A	; 10
    4892:	0e 94 5e 03 	call	0x6bc	; 0x6bc <digitalWrite>
/home/jgalera/develop/arduino/usdx/usdx_plus_orange/usdx_plus_orange.ino:274
  digitalWrite(RX, LOW); // mute RX
    4896:	60 e0       	ldi	r22, 0x00	; 0
    4898:	88 e0       	ldi	r24, 0x08	; 8
    489a:	0e 94 5e 03 	call	0x6bc	; 0x6bc <digitalWrite>
/home/jgalera/develop/arduino/usdx/usdx_plus_orange/usdx_plus_orange.ino:275
  delay(100);            // settle
    489e:	64 e6       	ldi	r22, 0x64	; 100
    48a0:	70 e0       	ldi	r23, 0x00	; 0
    48a2:	80 e0       	ldi	r24, 0x00	; 0
    48a4:	90 e0       	ldi	r25, 0x00	; 0
    48a6:	0e 94 0d 04 	call	0x81a	; 0x81a <delay>
/home/jgalera/develop/arduino/usdx/usdx_plus_orange/usdx_plus_orange.ino:276
  float vdd = 2.0 * (float)analogRead(AUDIO2) * 5.0 / 1024.0;
    48aa:	8f e0       	ldi	r24, 0x0F	; 15
    48ac:	0e 94 c8 03 	call	0x790	; 0x790 <analogRead>
    48b0:	bc 01       	movw	r22, r24
    48b2:	99 0f       	add	r25, r25
    48b4:	88 0b       	sbc	r24, r24
    48b6:	99 0b       	sbc	r25, r25
    48b8:	0e 94 52 38 	call	0x70a4	; 0x70a4 <__floatsisf>
    48bc:	9b 01       	movw	r18, r22
    48be:	ac 01       	movw	r20, r24
    48c0:	0e 94 37 37 	call	0x6e6e	; 0x6e6e <__addsf3>
    48c4:	20 e0       	ldi	r18, 0x00	; 0
    48c6:	30 e0       	ldi	r19, 0x00	; 0
    48c8:	40 ea       	ldi	r20, 0xA0	; 160
    48ca:	50 e4       	ldi	r21, 0x40	; 64
    48cc:	0e 94 07 39 	call	0x720e	; 0x720e <__mulsf3>
    48d0:	20 e0       	ldi	r18, 0x00	; 0
    48d2:	30 e0       	ldi	r19, 0x00	; 0
    48d4:	40 e8       	ldi	r20, 0x80	; 128
    48d6:	5a e3       	ldi	r21, 0x3A	; 58
    48d8:	0e 94 07 39 	call	0x720e	; 0x720e <__mulsf3>
    48dc:	4b 01       	movw	r8, r22
    48de:	5c 01       	movw	r10, r24
/home/jgalera/develop/arduino/usdx/usdx_plus_orange/usdx_plus_orange.ino:277
  digitalWrite(RX, HIGH);
    48e0:	61 e0       	ldi	r22, 0x01	; 1
    48e2:	88 e0       	ldi	r24, 0x08	; 8
    48e4:	0e 94 5e 03 	call	0x6bc	; 0x6bc <digitalWrite>
/home/jgalera/develop/arduino/usdx/usdx_plus_orange/usdx_plus_orange.ino:278
  if (!(vdd > 4.8 && vdd < 5.2)) {
    48e8:	2a e9       	ldi	r18, 0x9A	; 154
    48ea:	39 e9       	ldi	r19, 0x99	; 153
    48ec:	49 e9       	ldi	r20, 0x99	; 153
    48ee:	50 e4       	ldi	r21, 0x40	; 64
    48f0:	c5 01       	movw	r24, r10
    48f2:	b4 01       	movw	r22, r8
    48f4:	0e 94 02 39 	call	0x7204	; 0x7204 <__gesf2>
    48f8:	18 16       	cp	r1, r24
    48fa:	54 f4       	brge	.+20     	; 0x4910 <main+0x2f2>
    48fc:	26 e6       	ldi	r18, 0x66	; 102
    48fe:	36 e6       	ldi	r19, 0x66	; 102
    4900:	46 ea       	ldi	r20, 0xA6	; 166
    4902:	50 e4       	ldi	r21, 0x40	; 64
    4904:	c5 01       	movw	r24, r10
    4906:	b4 01       	movw	r22, r8
    4908:	0e 94 a3 37 	call	0x6f46	; 0x6f46 <__cmpsf2>
    490c:	87 fd       	sbrc	r24, 7
    490e:	09 c0       	rjmp	.+18     	; 0x4922 <main+0x304>
/home/jgalera/develop/arduino/usdx/usdx_plus_orange/usdx_plus_orange.ino:279
    fatal(F("V5.0"), vdd, 'V');
    4910:	c5 01       	movw	r24, r10
    4912:	b4 01       	movw	r22, r8
    4914:	0e 94 1a 38 	call	0x7034	; 0x7034 <__fixsfsi>
    4918:	46 e5       	ldi	r20, 0x56	; 86
    491a:	8b ea       	ldi	r24, 0xAB	; 171
    491c:	91 e0       	ldi	r25, 0x01	; 1
    491e:	0e 94 f7 19 	call	0x33ee	; 0x33ee <fatal(__FlashStringHelper const*, int, char)>
/home/jgalera/develop/arduino/usdx/usdx_plus_orange/usdx_plus_orange.ino:283
  }

  // Measure VEE (+3.3V); should be ~3.3V
  float vee = (float)analogRead(SCL) * 5.0 / 1024.0;
    4922:	83 e1       	ldi	r24, 0x13	; 19
    4924:	0e 94 c8 03 	call	0x790	; 0x790 <analogRead>
    4928:	bc 01       	movw	r22, r24
    492a:	99 0f       	add	r25, r25
    492c:	88 0b       	sbc	r24, r24
    492e:	99 0b       	sbc	r25, r25
    4930:	0e 94 52 38 	call	0x70a4	; 0x70a4 <__floatsisf>
    4934:	20 e0       	ldi	r18, 0x00	; 0
    4936:	30 e0       	ldi	r19, 0x00	; 0
    4938:	40 ea       	ldi	r20, 0xA0	; 160
    493a:	50 e4       	ldi	r21, 0x40	; 64
    493c:	0e 94 07 39 	call	0x720e	; 0x720e <__mulsf3>
    4940:	20 e0       	ldi	r18, 0x00	; 0
    4942:	30 e0       	ldi	r19, 0x00	; 0
    4944:	40 e8       	ldi	r20, 0x80	; 128
    4946:	5a e3       	ldi	r21, 0x3A	; 58
    4948:	0e 94 07 39 	call	0x720e	; 0x720e <__mulsf3>
    494c:	4b 01       	movw	r8, r22
    494e:	5c 01       	movw	r10, r24
/home/jgalera/develop/arduino/usdx/usdx_plus_orange/usdx_plus_orange.ino:284
  if (!(vee > 3.2 && vee < 3.8)) {
    4950:	2d ec       	ldi	r18, 0xCD	; 205
    4952:	3c ec       	ldi	r19, 0xCC	; 204
    4954:	4c e4       	ldi	r20, 0x4C	; 76
    4956:	50 e4       	ldi	r21, 0x40	; 64
    4958:	0e 94 02 39 	call	0x7204	; 0x7204 <__gesf2>
    495c:	18 16       	cp	r1, r24
    495e:	54 f4       	brge	.+20     	; 0x4974 <main+0x356>
    4960:	23 e3       	ldi	r18, 0x33	; 51
    4962:	33 e3       	ldi	r19, 0x33	; 51
    4964:	43 e7       	ldi	r20, 0x73	; 115
    4966:	50 e4       	ldi	r21, 0x40	; 64
    4968:	c5 01       	movw	r24, r10
    496a:	b4 01       	movw	r22, r8
    496c:	0e 94 a3 37 	call	0x6f46	; 0x6f46 <__cmpsf2>
    4970:	87 fd       	sbrc	r24, 7
    4972:	09 c0       	rjmp	.+18     	; 0x4986 <main+0x368>
/home/jgalera/develop/arduino/usdx/usdx_plus_orange/usdx_plus_orange.ino:285
    fatal(F("V3.3"), vee, 'V');
    4974:	c5 01       	movw	r24, r10
    4976:	b4 01       	movw	r22, r8
    4978:	0e 94 1a 38 	call	0x7034	; 0x7034 <__fixsfsi>
    497c:	46 e5       	ldi	r20, 0x56	; 86
    497e:	86 ea       	ldi	r24, 0xA6	; 166
    4980:	91 e0       	ldi	r25, 0x01	; 1
    4982:	0e 94 f7 19 	call	0x33ee	; 0x33ee <fatal(__FlashStringHelper const*, int, char)>
/home/jgalera/develop/arduino/usdx/usdx_plus_orange/usdx_plus_orange.ino:290
  }

  // Measure AVCC via AREF and using internal 1.1V reference fed to ADC; should
  // be ~5V
  analogRead(6);    // setup almost proper ADC readout
    4986:	86 e0       	ldi	r24, 0x06	; 6
    4988:	0e 94 c8 03 	call	0x790	; 0x790 <analogRead>
/home/jgalera/develop/arduino/usdx/usdx_plus_orange/usdx_plus_orange.ino:291
  bitSet(ADMUX, 3); // Switch to channel 14 (Vbg=1.1V)
    498c:	80 91 7c 00 	lds	r24, 0x007C	; 0x80007c <__DATA_REGION_ORIGIN__+0x1c>
    4990:	88 60       	ori	r24, 0x08	; 8
    4992:	80 93 7c 00 	sts	0x007C, r24	; 0x80007c <__DATA_REGION_ORIGIN__+0x1c>
/home/jgalera/develop/arduino/usdx/usdx_plus_orange/usdx_plus_orange.ino:292
  delay(1);         // delay improves accuracy
    4996:	61 e0       	ldi	r22, 0x01	; 1
    4998:	70 e0       	ldi	r23, 0x00	; 0
    499a:	80 e0       	ldi	r24, 0x00	; 0
    499c:	90 e0       	ldi	r25, 0x00	; 0
    499e:	0e 94 0d 04 	call	0x81a	; 0x81a <delay>
/home/jgalera/develop/arduino/usdx/usdx_plus_orange/usdx_plus_orange.ino:293
  bitSet(ADCSRA, ADSC);
    49a2:	80 91 7a 00 	lds	r24, 0x007A	; 0x80007a <__DATA_REGION_ORIGIN__+0x1a>
    49a6:	80 64       	ori	r24, 0x40	; 64
    49a8:	80 93 7a 00 	sts	0x007A, r24	; 0x80007a <__DATA_REGION_ORIGIN__+0x1a>
/home/jgalera/develop/arduino/usdx/usdx_plus_orange/usdx_plus_orange.ino:294
  for (; bit_is_set(ADCSRA, ADSC);)
    49ac:	80 91 7a 00 	lds	r24, 0x007A	; 0x80007a <__DATA_REGION_ORIGIN__+0x1a>
    49b0:	86 fd       	sbrc	r24, 6
    49b2:	fc cf       	rjmp	.-8      	; 0x49ac <main+0x38e>
/home/jgalera/develop/arduino/usdx/usdx_plus_orange/usdx_plus_orange.ino:296
    ;
  float avcc = 1.1 * 1023.0 / ADC;
    49b4:	60 91 78 00 	lds	r22, 0x0078	; 0x800078 <__DATA_REGION_ORIGIN__+0x18>
    49b8:	70 91 79 00 	lds	r23, 0x0079	; 0x800079 <__DATA_REGION_ORIGIN__+0x19>
    49bc:	90 e0       	ldi	r25, 0x00	; 0
    49be:	80 e0       	ldi	r24, 0x00	; 0
    49c0:	0e 94 50 38 	call	0x70a0	; 0x70a0 <__floatunsisf>
    49c4:	9b 01       	movw	r18, r22
    49c6:	ac 01       	movw	r20, r24
    49c8:	6a e9       	ldi	r22, 0x9A	; 154
    49ca:	79 ea       	ldi	r23, 0xA9	; 169
    49cc:	8c e8       	ldi	r24, 0x8C	; 140
    49ce:	94 e4       	ldi	r25, 0x44	; 68
    49d0:	0e 94 a8 37 	call	0x6f50	; 0x6f50 <__divsf3>
    49d4:	4b 01       	movw	r8, r22
    49d6:	5c 01       	movw	r10, r24
/home/jgalera/develop/arduino/usdx/usdx_plus_orange/usdx_plus_orange.ino:297
  if (!(avcc > 4.6 && avcc < 5.2)) {
    49d8:	23 e3       	ldi	r18, 0x33	; 51
    49da:	33 e3       	ldi	r19, 0x33	; 51
    49dc:	43 e9       	ldi	r20, 0x93	; 147
    49de:	50 e4       	ldi	r21, 0x40	; 64
    49e0:	0e 94 02 39 	call	0x7204	; 0x7204 <__gesf2>
    49e4:	18 16       	cp	r1, r24
    49e6:	54 f4       	brge	.+20     	; 0x49fc <main+0x3de>
    49e8:	26 e6       	ldi	r18, 0x66	; 102
    49ea:	36 e6       	ldi	r19, 0x66	; 102
    49ec:	46 ea       	ldi	r20, 0xA6	; 166
    49ee:	50 e4       	ldi	r21, 0x40	; 64
    49f0:	c5 01       	movw	r24, r10
    49f2:	b4 01       	movw	r22, r8
    49f4:	0e 94 a3 37 	call	0x6f46	; 0x6f46 <__cmpsf2>
    49f8:	87 fd       	sbrc	r24, 7
    49fa:	09 c0       	rjmp	.+18     	; 0x4a0e <main+0x3f0>
/home/jgalera/develop/arduino/usdx/usdx_plus_orange/usdx_plus_orange.ino:298
    fatal(F("Vavcc"), avcc, 'V');
    49fc:	c5 01       	movw	r24, r10
    49fe:	b4 01       	movw	r22, r8
    4a00:	0e 94 1a 38 	call	0x7034	; 0x7034 <__fixsfsi>
    4a04:	46 e5       	ldi	r20, 0x56	; 86
    4a06:	80 ea       	ldi	r24, 0xA0	; 160
    4a08:	91 e0       	ldi	r25, 0x01	; 1
    4a0a:	0e 94 f7 19 	call	0x33ee	; 0x33ee <fatal(__FlashStringHelper const*, int, char)>
/home/jgalera/develop/arduino/usdx/usdx_plus_orange/usdx_plus_orange.ino:313
    fatal(F("MIC in rev.pol"));
  }*/

  // Measure DVM bias; should be ~VAREF/2
#ifdef _SERIAL
  DDRC &= ~(1 << 2); // disable PC2, so that ADC2 can be used as mic input
    4a0e:	3a 98       	cbi	0x07, 2	; 7
/home/jgalera/develop/arduino/usdx/usdx_plus_orange/usdx_plus_orange.ino:319
#else
  PORTD |= 1 << 1;
  DDRD |= 1 << 1; // keep PD1 HIGH so that in case diode is installed to PC2 it
                  // is kept blocked (otherwise ADC2 input is pulled down!)
#endif
  delay(10);
    4a10:	6a e0       	ldi	r22, 0x0A	; 10
    4a12:	70 e0       	ldi	r23, 0x00	; 0
    4a14:	80 e0       	ldi	r24, 0x00	; 0
    4a16:	90 e0       	ldi	r25, 0x00	; 0
    4a18:	0e 94 0d 04 	call	0x81a	; 0x81a <delay>
/home/jgalera/develop/arduino/usdx/usdx_plus_orange/usdx_plus_orange.ino:321
#ifdef TX_ENABLE
  float dvm = (float)analogRead(DVM) * 5.0 / 1024.0;
    4a1c:	80 e1       	ldi	r24, 0x10	; 16
    4a1e:	0e 94 c8 03 	call	0x790	; 0x790 <analogRead>
    4a22:	bc 01       	movw	r22, r24
    4a24:	99 0f       	add	r25, r25
    4a26:	88 0b       	sbc	r24, r24
    4a28:	99 0b       	sbc	r25, r25
    4a2a:	0e 94 52 38 	call	0x70a4	; 0x70a4 <__floatsisf>
    4a2e:	20 e0       	ldi	r18, 0x00	; 0
    4a30:	30 e0       	ldi	r19, 0x00	; 0
    4a32:	40 ea       	ldi	r20, 0xA0	; 160
    4a34:	50 e4       	ldi	r21, 0x40	; 64
    4a36:	0e 94 07 39 	call	0x720e	; 0x720e <__mulsf3>
    4a3a:	20 e0       	ldi	r18, 0x00	; 0
    4a3c:	30 e0       	ldi	r19, 0x00	; 0
    4a3e:	40 e8       	ldi	r20, 0x80	; 128
    4a40:	5a e3       	ldi	r21, 0x3A	; 58
    4a42:	0e 94 07 39 	call	0x720e	; 0x720e <__mulsf3>
    4a46:	4b 01       	movw	r8, r22
    4a48:	5c 01       	movw	r10, r24
/home/jgalera/develop/arduino/usdx/usdx_plus_orange/usdx_plus_orange.ino:322
  if ((ssb_cap) && !(dvm > 1.8 && dvm < 3.2)) {
    4a4a:	26 e6       	ldi	r18, 0x66	; 102
    4a4c:	36 e6       	ldi	r19, 0x66	; 102
    4a4e:	46 ee       	ldi	r20, 0xE6	; 230
    4a50:	5f e3       	ldi	r21, 0x3F	; 63
    4a52:	0e 94 02 39 	call	0x7204	; 0x7204 <__gesf2>
    4a56:	18 16       	cp	r1, r24
    4a58:	54 f4       	brge	.+20     	; 0x4a6e <main+0x450>
    4a5a:	2d ec       	ldi	r18, 0xCD	; 205
    4a5c:	3c ec       	ldi	r19, 0xCC	; 204
    4a5e:	4c e4       	ldi	r20, 0x4C	; 76
    4a60:	50 e4       	ldi	r21, 0x40	; 64
    4a62:	c5 01       	movw	r24, r10
    4a64:	b4 01       	movw	r22, r8
    4a66:	0e 94 a3 37 	call	0x6f46	; 0x6f46 <__cmpsf2>
    4a6a:	87 fd       	sbrc	r24, 7
    4a6c:	09 c0       	rjmp	.+18     	; 0x4a80 <main+0x462>
/home/jgalera/develop/arduino/usdx/usdx_plus_orange/usdx_plus_orange.ino:323
    fatal(F("Vadc2"), dvm, 'V');
    4a6e:	c5 01       	movw	r24, r10
    4a70:	b4 01       	movw	r22, r8
    4a72:	0e 94 1a 38 	call	0x7034	; 0x7034 <__fixsfsi>
    4a76:	46 e5       	ldi	r20, 0x56	; 86
    4a78:	8a e9       	ldi	r24, 0x9A	; 154
    4a7a:	91 e0       	ldi	r25, 0x01	; 1
    4a7c:	0e 94 f7 19 	call	0x33ee	; 0x33ee <fatal(__FlashStringHelper const*, int, char)>
/home/jgalera/develop/arduino/usdx/usdx_plus_orange/usdx_plus_orange.ino:329
  }
#endif

  // Measure AUDIO1, AUDIO2 bias; should be ~VAREF/2
  if (dsp_cap == SDR) {
    float audio1 = (float)analogRead(AUDIO1) * 5.0 / 1024.0;
    4a80:	8e e0       	ldi	r24, 0x0E	; 14
    4a82:	0e 94 c8 03 	call	0x790	; 0x790 <analogRead>
    4a86:	bc 01       	movw	r22, r24
    4a88:	99 0f       	add	r25, r25
    4a8a:	88 0b       	sbc	r24, r24
    4a8c:	99 0b       	sbc	r25, r25
    4a8e:	0e 94 52 38 	call	0x70a4	; 0x70a4 <__floatsisf>
    4a92:	20 e0       	ldi	r18, 0x00	; 0
    4a94:	30 e0       	ldi	r19, 0x00	; 0
    4a96:	40 ea       	ldi	r20, 0xA0	; 160
    4a98:	50 e4       	ldi	r21, 0x40	; 64
    4a9a:	0e 94 07 39 	call	0x720e	; 0x720e <__mulsf3>
    4a9e:	20 e0       	ldi	r18, 0x00	; 0
    4aa0:	30 e0       	ldi	r19, 0x00	; 0
    4aa2:	40 e8       	ldi	r20, 0x80	; 128
    4aa4:	5a e3       	ldi	r21, 0x3A	; 58
    4aa6:	0e 94 07 39 	call	0x720e	; 0x720e <__mulsf3>
    4aaa:	4b 01       	movw	r8, r22
    4aac:	5c 01       	movw	r10, r24
/home/jgalera/develop/arduino/usdx/usdx_plus_orange/usdx_plus_orange.ino:330
    if (!(audio1 > 1.8 && audio1 < 3.2)) {
    4aae:	26 e6       	ldi	r18, 0x66	; 102
    4ab0:	36 e6       	ldi	r19, 0x66	; 102
    4ab2:	46 ee       	ldi	r20, 0xE6	; 230
    4ab4:	5f e3       	ldi	r21, 0x3F	; 63
    4ab6:	0e 94 02 39 	call	0x7204	; 0x7204 <__gesf2>
    4aba:	18 16       	cp	r1, r24
    4abc:	54 f4       	brge	.+20     	; 0x4ad2 <main+0x4b4>
    4abe:	2d ec       	ldi	r18, 0xCD	; 205
    4ac0:	3c ec       	ldi	r19, 0xCC	; 204
    4ac2:	4c e4       	ldi	r20, 0x4C	; 76
    4ac4:	50 e4       	ldi	r21, 0x40	; 64
    4ac6:	c5 01       	movw	r24, r10
    4ac8:	b4 01       	movw	r22, r8
    4aca:	0e 94 a3 37 	call	0x6f46	; 0x6f46 <__cmpsf2>
    4ace:	87 fd       	sbrc	r24, 7
    4ad0:	09 c0       	rjmp	.+18     	; 0x4ae4 <main+0x4c6>
/home/jgalera/develop/arduino/usdx/usdx_plus_orange/usdx_plus_orange.ino:331
      fatal(F("Vadc0"), audio1, 'V');
    4ad2:	c5 01       	movw	r24, r10
    4ad4:	b4 01       	movw	r22, r8
    4ad6:	0e 94 1a 38 	call	0x7034	; 0x7034 <__fixsfsi>
    4ada:	46 e5       	ldi	r20, 0x56	; 86
    4adc:	84 e9       	ldi	r24, 0x94	; 148
    4ade:	91 e0       	ldi	r25, 0x01	; 1
    4ae0:	0e 94 f7 19 	call	0x33ee	; 0x33ee <fatal(__FlashStringHelper const*, int, char)>
/home/jgalera/develop/arduino/usdx/usdx_plus_orange/usdx_plus_orange.ino:333
    }
    float audio2 = (float)analogRead(AUDIO2) * 5.0 / 1024.0;
    4ae4:	8f e0       	ldi	r24, 0x0F	; 15
    4ae6:	0e 94 c8 03 	call	0x790	; 0x790 <analogRead>
    4aea:	bc 01       	movw	r22, r24
    4aec:	99 0f       	add	r25, r25
    4aee:	88 0b       	sbc	r24, r24
    4af0:	99 0b       	sbc	r25, r25
    4af2:	0e 94 52 38 	call	0x70a4	; 0x70a4 <__floatsisf>
    4af6:	20 e0       	ldi	r18, 0x00	; 0
    4af8:	30 e0       	ldi	r19, 0x00	; 0
    4afa:	40 ea       	ldi	r20, 0xA0	; 160
    4afc:	50 e4       	ldi	r21, 0x40	; 64
    4afe:	0e 94 07 39 	call	0x720e	; 0x720e <__mulsf3>
    4b02:	20 e0       	ldi	r18, 0x00	; 0
    4b04:	30 e0       	ldi	r19, 0x00	; 0
    4b06:	40 e8       	ldi	r20, 0x80	; 128
    4b08:	5a e3       	ldi	r21, 0x3A	; 58
    4b0a:	0e 94 07 39 	call	0x720e	; 0x720e <__mulsf3>
    4b0e:	4b 01       	movw	r8, r22
    4b10:	5c 01       	movw	r10, r24
/home/jgalera/develop/arduino/usdx/usdx_plus_orange/usdx_plus_orange.ino:334
    if (!(audio2 > 1.8 && audio2 < 3.2)) {
    4b12:	26 e6       	ldi	r18, 0x66	; 102
    4b14:	36 e6       	ldi	r19, 0x66	; 102
    4b16:	46 ee       	ldi	r20, 0xE6	; 230
    4b18:	5f e3       	ldi	r21, 0x3F	; 63
    4b1a:	0e 94 02 39 	call	0x7204	; 0x7204 <__gesf2>
    4b1e:	18 16       	cp	r1, r24
    4b20:	54 f4       	brge	.+20     	; 0x4b36 <main+0x518>
    4b22:	2d ec       	ldi	r18, 0xCD	; 205
    4b24:	3c ec       	ldi	r19, 0xCC	; 204
    4b26:	4c e4       	ldi	r20, 0x4C	; 76
    4b28:	50 e4       	ldi	r21, 0x40	; 64
    4b2a:	c5 01       	movw	r24, r10
    4b2c:	b4 01       	movw	r22, r8
    4b2e:	0e 94 a3 37 	call	0x6f46	; 0x6f46 <__cmpsf2>
    4b32:	87 fd       	sbrc	r24, 7
    4b34:	09 c0       	rjmp	.+18     	; 0x4b48 <main+0x52a>
/home/jgalera/develop/arduino/usdx/usdx_plus_orange/usdx_plus_orange.ino:335
      fatal(F("Vadc1"), audio2, 'V');
    4b36:	c5 01       	movw	r24, r10
    4b38:	b4 01       	movw	r22, r8
    4b3a:	0e 94 1a 38 	call	0x7034	; 0x7034 <__fixsfsi>
    4b3e:	46 e5       	ldi	r20, 0x56	; 86
    4b40:	8e e8       	ldi	r24, 0x8E	; 142
    4b42:	91 e0       	ldi	r25, 0x01	; 1
    4b44:	0e 94 f7 19 	call	0x33ee	; 0x33ee <fatal(__FlashStringHelper const*, int, char)>
/home/jgalera/develop/arduino/usdx/usdx_plus_orange/usdx_plus_orange.ino:342
  }

#ifdef TX_ENABLE
  // Measure I2C Bus speed for Bulk Transfers
  // si5351.freq(freq, 0, 90);
  wdt_reset();
    4b48:	a8 95       	wdr
/home/jgalera/develop/arduino/usdx/usdx_plus_orange/usdx_plus_orange.ino:343
  t0 = micros();
    4b4a:	0e 94 e8 03 	call	0x7d0	; 0x7d0 <micros>
/home/jgalera/develop/arduino/usdx/usdx_plus_orange/usdx_plus_orange.ino:344
  for (i = 0; i != 1000; i++)
    4b4e:	10 92 ca 05 	sts	0x05CA, r1	; 0x8005ca <i+0x1>
    4b52:	10 92 c9 05 	sts	0x05C9, r1	; 0x8005c9 <i>
    4b56:	80 91 c9 05 	lds	r24, 0x05C9	; 0x8005c9 <i>
    4b5a:	90 91 ca 05 	lds	r25, 0x05CA	; 0x8005ca <i+0x1>
    4b5e:	88 3e       	cpi	r24, 0xE8	; 232
    4b60:	93 40       	sbci	r25, 0x03	; 3
    4b62:	61 f0       	breq	.+24     	; 0x4b7c <main+0x55e>
/home/jgalera/develop/arduino/usdx/usdx_plus_orange/usdx_plus_orange.ino:345
    si5351.SendPLLRegisterBulk();
    4b64:	0e 94 d2 02 	call	0x5a4	; 0x5a4 <SI5351::SendPLLRegisterBulk() [clone .constprop.34]>
/home/jgalera/develop/arduino/usdx/usdx_plus_orange/usdx_plus_orange.ino:344
#ifdef TX_ENABLE
  // Measure I2C Bus speed for Bulk Transfers
  // si5351.freq(freq, 0, 90);
  wdt_reset();
  t0 = micros();
  for (i = 0; i != 1000; i++)
    4b68:	80 91 c9 05 	lds	r24, 0x05C9	; 0x8005c9 <i>
    4b6c:	90 91 ca 05 	lds	r25, 0x05CA	; 0x8005ca <i+0x1>
    4b70:	01 96       	adiw	r24, 0x01	; 1
    4b72:	90 93 ca 05 	sts	0x05CA, r25	; 0x8005ca <i+0x1>
    4b76:	80 93 c9 05 	sts	0x05C9, r24	; 0x8005c9 <i>
    4b7a:	ed cf       	rjmp	.-38     	; 0x4b56 <main+0x538>
/home/jgalera/develop/arduino/usdx/usdx_plus_orange/usdx_plus_orange.ino:346
    si5351.SendPLLRegisterBulk();
  t1 = micros();
    4b7c:	0e 94 e8 03 	call	0x7d0	; 0x7d0 <micros>
/home/jgalera/develop/arduino/usdx/usdx_plus_orange/usdx_plus_orange.ino:354
    fatal(F("i2cspeed"), speed, 'k');
  }

  // Measure I2C Bit-Error Rate (BER); should be error free for a thousand
  // random bulk PLLB writes
  si5351.freq(freq, 0,
    4b80:	60 91 b5 01 	lds	r22, 0x01B5	; 0x8001b5 <freq>
    4b84:	70 91 b6 01 	lds	r23, 0x01B6	; 0x8001b6 <freq+0x1>
    4b88:	80 91 b7 01 	lds	r24, 0x01B7	; 0x8001b7 <freq+0x2>
    4b8c:	90 91 b8 01 	lds	r25, 0x01B8	; 0x8001b8 <freq+0x3>
    4b90:	2a e5       	ldi	r18, 0x5A	; 90
    4b92:	30 e0       	ldi	r19, 0x00	; 0
    4b94:	50 e0       	ldi	r21, 0x00	; 0
    4b96:	40 e0       	ldi	r20, 0x00	; 0
    4b98:	0e 94 69 16 	call	0x2cd2	; 0x2cd2 <SI5351::freq(long, unsigned int, unsigned int) [clone .constprop.32]>
/home/jgalera/develop/arduino/usdx/usdx_plus_orange/usdx_plus_orange.ino:356
              90); // freq needs to be set in order to use freq_calc_fast()
  wdt_reset();
    4b9c:	a8 95       	wdr
/home/jgalera/develop/arduino/usdx/usdx_plus_orange/usdx_plus_orange.ino:358
  uint16_t i2c_error = 0; // number of I2C byte transfer errors
  for (i = 0; i != 1000; i++) {
    4b9e:	10 92 ca 05 	sts	0x05CA, r1	; 0x8005ca <i+0x1>
    4ba2:	10 92 c9 05 	sts	0x05C9, r1	; 0x8005c9 <i>
main():
/home/jgalera/develop/arduino/usdx/usdx_plus_orange/usdx_plus_orange.ino:357
  // Measure I2C Bit-Error Rate (BER); should be error free for a thousand
  // random bulk PLLB writes
  si5351.freq(freq, 0,
              90); // freq needs to be set in order to use freq_calc_fast()
  wdt_reset();
  uint16_t i2c_error = 0; // number of I2C byte transfer errors
    4ba6:	b1 2c       	mov	r11, r1
    4ba8:	a1 2c       	mov	r10, r1
setup():
/home/jgalera/develop/arduino/usdx/usdx_plus_orange/usdx_plus_orange.ino:358
  for (i = 0; i != 1000; i++) {
    4baa:	80 91 c9 05 	lds	r24, 0x05C9	; 0x8005c9 <i>
    4bae:	90 91 ca 05 	lds	r25, 0x05CA	; 0x8005ca <i+0x1>
    4bb2:	88 3e       	cpi	r24, 0xE8	; 232
    4bb4:	93 40       	sbci	r25, 0x03	; 3
    4bb6:	09 f4       	brne	.+2      	; 0x4bba <main+0x59c>
    4bb8:	68 c0       	rjmp	.+208    	; 0x4c8a <main+0x66c>
/home/jgalera/develop/arduino/usdx/usdx_plus_orange/usdx_plus_orange.ino:359
    si5351.freq_calc_fast(i);
    4bba:	80 91 c9 05 	lds	r24, 0x05C9	; 0x8005c9 <i>
    4bbe:	90 91 ca 05 	lds	r25, 0x05CA	; 0x8005ca <i+0x1>
    4bc2:	0e 94 59 02 	call	0x4b2	; 0x4b2 <SI5351::freq_calc_fast(int) [clone .constprop.35]>
/home/jgalera/develop/arduino/usdx/usdx_plus_orange/usdx_plus_orange.ino:361
    // for(int j = 0; j != 8; j++) si5351.pll_regs[j] = rand();
    si5351.SendPLLRegisterBulk();
    4bc6:	0e 94 d2 02 	call	0x5a4	; 0x5a4 <SI5351::SendPLLRegisterBulk() [clone .constprop.34]>
main():
/home/jgalera/develop/arduino/usdx/usdx_plus_orange/usdx_plus_orange.ino:364
#define SI_SYNTH_PLL_A 26
#ifdef NEW_TX
    for (int j = 4; j != 8; j++)
    4bca:	74 e0       	ldi	r23, 0x04	; 4
    4bcc:	e7 2e       	mov	r14, r23
    4bce:	f1 2c       	mov	r15, r1
_ZN6SI535112RecvRegisterEh.isra.6():
/home/jgalera/develop/arduino/usdx/usdx_plus_orange/src/driver/si5351.h:267
    ms(MSNB, fvcoa, fxtal);
    ms(MS2, fvcoa, fout, PLLB, 0, 0, 0);
  }

  uint8_t RecvRegister(uint8_t reg) {
    i2c.start(); // Data write to set the register address
    4bd0:	0e 94 3b 02 	call	0x476	; 0x476 <I2C::start() [clone .constprop.41]>
/home/jgalera/develop/arduino/usdx/usdx_plus_orange/src/driver/si5351.h:268
    i2c.SendByte(SI5351_ADDR << 1);
    4bd4:	80 ec       	ldi	r24, 0xC0	; 192
    4bd6:	0e 94 b3 01 	call	0x366	; 0x366 <I2C::SendByte(unsigned char) [clone .constprop.42]>
/home/jgalera/develop/arduino/usdx/usdx_plus_orange/src/driver/si5351.h:269
    i2c.SendByte(reg);
    4bda:	8a e1       	ldi	r24, 0x1A	; 26
    4bdc:	8e 0d       	add	r24, r14
    4bde:	0e 94 b3 01 	call	0x366	; 0x366 <I2C::SendByte(unsigned char) [clone .constprop.42]>
/home/jgalera/develop/arduino/usdx/usdx_plus_orange/src/driver/si5351.h:270
    i2c.stop();
    4be2:	0e 94 a7 01 	call	0x34e	; 0x34e <I2C::stop() [clone .constprop.43]>
/home/jgalera/develop/arduino/usdx/usdx_plus_orange/src/driver/si5351.h:271
    i2c.start(); // Data read to retrieve the data from the set address
    4be6:	0e 94 3b 02 	call	0x476	; 0x476 <I2C::start() [clone .constprop.41]>
/home/jgalera/develop/arduino/usdx/usdx_plus_orange/src/driver/si5351.h:272
    i2c.SendByte((SI5351_ADDR << 1) | 1);
    4bea:	81 ec       	ldi	r24, 0xC1	; 193
    4bec:	0e 94 b3 01 	call	0x366	; 0x366 <I2C::SendByte(unsigned char) [clone .constprop.42]>
RecvByte():
/home/jgalera/develop/arduino/usdx/usdx_plus_orange/src/hardware/soft_i2c.cpp:124
  return (data) ? mask : 0;
}

uint8_t I2C::RecvByte(uint8_t last) {
  uint8_t data = 0;
  data |= RecvBit(1 << 7);
    4bf0:	80 e8       	ldi	r24, 0x80	; 128
    4bf2:	0e 94 42 02 	call	0x484	; 0x484 <I2C::RecvBit(unsigned char) [clone .constprop.39]>
    4bf6:	98 2e       	mov	r9, r24
/home/jgalera/develop/arduino/usdx/usdx_plus_orange/src/hardware/soft_i2c.cpp:125
  data |= RecvBit(1 << 6);
    4bf8:	80 e4       	ldi	r24, 0x40	; 64
    4bfa:	0e 94 42 02 	call	0x484	; 0x484 <I2C::RecvBit(unsigned char) [clone .constprop.39]>
    4bfe:	98 2a       	or	r9, r24
/home/jgalera/develop/arduino/usdx/usdx_plus_orange/src/hardware/soft_i2c.cpp:126
  data |= RecvBit(1 << 5);
    4c00:	80 e2       	ldi	r24, 0x20	; 32
    4c02:	0e 94 42 02 	call	0x484	; 0x484 <I2C::RecvBit(unsigned char) [clone .constprop.39]>
    4c06:	98 2a       	or	r9, r24
/home/jgalera/develop/arduino/usdx/usdx_plus_orange/src/hardware/soft_i2c.cpp:127
  data |= RecvBit(1 << 4);
    4c08:	80 e1       	ldi	r24, 0x10	; 16
    4c0a:	0e 94 42 02 	call	0x484	; 0x484 <I2C::RecvBit(unsigned char) [clone .constprop.39]>
    4c0e:	98 2a       	or	r9, r24
/home/jgalera/develop/arduino/usdx/usdx_plus_orange/src/hardware/soft_i2c.cpp:128
  data |= RecvBit(1 << 3);
    4c10:	88 e0       	ldi	r24, 0x08	; 8
    4c12:	0e 94 42 02 	call	0x484	; 0x484 <I2C::RecvBit(unsigned char) [clone .constprop.39]>
    4c16:	98 2a       	or	r9, r24
/home/jgalera/develop/arduino/usdx/usdx_plus_orange/src/hardware/soft_i2c.cpp:129
  data |= RecvBit(1 << 2);
    4c18:	84 e0       	ldi	r24, 0x04	; 4
    4c1a:	0e 94 42 02 	call	0x484	; 0x484 <I2C::RecvBit(unsigned char) [clone .constprop.39]>
    4c1e:	98 2a       	or	r9, r24
/home/jgalera/develop/arduino/usdx/usdx_plus_orange/src/hardware/soft_i2c.cpp:130
  data |= RecvBit(1 << 1);
    4c20:	82 e0       	ldi	r24, 0x02	; 2
    4c22:	0e 94 42 02 	call	0x484	; 0x484 <I2C::RecvBit(unsigned char) [clone .constprop.39]>
    4c26:	98 2a       	or	r9, r24
/home/jgalera/develop/arduino/usdx/usdx_plus_orange/src/hardware/soft_i2c.cpp:131
  data |= RecvBit(1 << 0);
    4c28:	81 e0       	ldi	r24, 0x01	; 1
    4c2a:	0e 94 42 02 	call	0x484	; 0x484 <I2C::RecvBit(unsigned char) [clone .constprop.39]>
    4c2e:	98 2a       	or	r9, r24
/home/jgalera/develop/arduino/usdx/usdx_plus_orange/src/hardware/soft_i2c.cpp:133
  if (last) {
    I2C_SDA_HI(); // NACK
    4c30:	3c 98       	cbi	0x07, 4	; 7
	...
/home/jgalera/develop/arduino/usdx/usdx_plus_orange/src/hardware/soft_i2c.cpp:138
  } else {
    I2C_SDA_LO(); // ACK
  }
  DELAY(I2C_DELAY);
  I2C_SCL_HI();
    4c3a:	3d 98       	cbi	0x07, 5	; 7
	...
/home/jgalera/develop/arduino/usdx/usdx_plus_orange/src/hardware/soft_i2c.cpp:139
  I2C_SDA_HI(); // restore SDA for read
    4c44:	3c 98       	cbi	0x07, 4	; 7
/home/jgalera/develop/arduino/usdx/usdx_plus_orange/src/hardware/soft_i2c.cpp:140
  I2C_SCL_LO();
    4c46:	3d 9a       	sbi	0x07, 5	; 7
	...
_ZN6SI535112RecvRegisterEh.isra.6():
/home/jgalera/develop/arduino/usdx/usdx_plus_orange/src/driver/si5351.h:274
    uint8_t data = i2c.RecvByte(true);
    i2c.stop();
    4c50:	0e 94 a7 01 	call	0x34e	; 0x34e <I2C::stop() [clone .constprop.43]>
setup():
/home/jgalera/develop/arduino/usdx/usdx_plus_orange/usdx_plus_orange.ino:365
      if (si5351.RecvRegister(SI_SYNTH_PLL_A + j) != si5351.pll_regs[j])
    4c54:	f7 01       	movw	r30, r14
    4c56:	e4 54       	subi	r30, 0x44	; 68
    4c58:	f9 4f       	sbci	r31, 0xF9	; 249
    4c5a:	83 85       	ldd	r24, Z+11	; 0x0b
    4c5c:	89 15       	cp	r24, r9
    4c5e:	19 f0       	breq	.+6      	; 0x4c66 <main+0x648>
/home/jgalera/develop/arduino/usdx/usdx_plus_orange/usdx_plus_orange.ino:366
        i2c_error++;
    4c60:	ff ef       	ldi	r31, 0xFF	; 255
    4c62:	af 1a       	sub	r10, r31
    4c64:	bf 0a       	sbc	r11, r31
/home/jgalera/develop/arduino/usdx/usdx_plus_orange/usdx_plus_orange.ino:364
    si5351.freq_calc_fast(i);
    // for(int j = 0; j != 8; j++) si5351.pll_regs[j] = rand();
    si5351.SendPLLRegisterBulk();
#define SI_SYNTH_PLL_A 26
#ifdef NEW_TX
    for (int j = 4; j != 8; j++)
    4c66:	2f ef       	ldi	r18, 0xFF	; 255
    4c68:	e2 1a       	sub	r14, r18
    4c6a:	f2 0a       	sbc	r15, r18
    4c6c:	38 e0       	ldi	r19, 0x08	; 8
    4c6e:	e3 16       	cp	r14, r19
    4c70:	f1 04       	cpc	r15, r1
    4c72:	09 f0       	breq	.+2      	; 0x4c76 <main+0x658>
    4c74:	ad cf       	rjmp	.-166    	; 0x4bd0 <main+0x5b2>
/home/jgalera/develop/arduino/usdx/usdx_plus_orange/usdx_plus_orange.ino:358
  // random bulk PLLB writes
  si5351.freq(freq, 0,
              90); // freq needs to be set in order to use freq_calc_fast()
  wdt_reset();
  uint16_t i2c_error = 0; // number of I2C byte transfer errors
  for (i = 0; i != 1000; i++) {
    4c76:	80 91 c9 05 	lds	r24, 0x05C9	; 0x8005c9 <i>
    4c7a:	90 91 ca 05 	lds	r25, 0x05CA	; 0x8005ca <i+0x1>
    4c7e:	01 96       	adiw	r24, 0x01	; 1
    4c80:	90 93 ca 05 	sts	0x05CA, r25	; 0x8005ca <i+0x1>
    4c84:	80 93 c9 05 	sts	0x05C9, r24	; 0x8005c9 <i>
    4c88:	90 cf       	rjmp	.-224    	; 0x4baa <main+0x58c>
/home/jgalera/develop/arduino/usdx/usdx_plus_orange/usdx_plus_orange.ino:373
    for (int j = 3; j != 8; j++)
      if (si5351.RecvRegister(SI_SYNTH_PLL_A + j) != si5351.pll_regs[j])
        i2c_error++;
#endif // NEW_TX
  }
  wdt_reset();
    4c8a:	a8 95       	wdr
/home/jgalera/develop/arduino/usdx/usdx_plus_orange/usdx_plus_orange.ino:374
  if (i2c_error) {
    4c8c:	a1 14       	cp	r10, r1
    4c8e:	b1 04       	cpc	r11, r1
    4c90:	31 f0       	breq	.+12     	; 0x4c9e <main+0x680>
/home/jgalera/develop/arduino/usdx/usdx_plus_orange/usdx_plus_orange.ino:375
    fatal(F("BER_i2c"), i2c_error, ' ');
    4c92:	40 e2       	ldi	r20, 0x20	; 32
    4c94:	b5 01       	movw	r22, r10
    4c96:	86 e8       	ldi	r24, 0x86	; 134
    4c98:	91 e0       	ldi	r25, 0x01	; 1
    4c9a:	0e 94 f7 19 	call	0x33ee	; 0x33ee <fatal(__FlashStringHelper const*, int, char)>
/home/jgalera/develop/arduino/usdx/usdx_plus_orange/usdx_plus_orange.ino:380
  }
#endif // TX_ENABLE
#endif // DIAG

  drive = 4; // Init settings
    4c9e:	84 e0       	ldi	r24, 0x04	; 4
    4ca0:	80 93 6b 01 	sts	0x016B, r24	; 0x80016b <drive>
/home/jgalera/develop/arduino/usdx/usdx_plus_orange/usdx_plus_orange.ino:397
    volume = 10;
  if (!dsp_cap)
    cw_tone =
        2; // use internal 700Hz QCX filter, so use same offset and keyer tone
#endif     // QCX
  cw_offset = tones[cw_tone];
    4ca4:	e0 91 b2 01 	lds	r30, 0x01B2	; 0x8001b2 <cw_tone>
    4ca8:	64 e0       	ldi	r22, 0x04	; 4
    4caa:	e6 9f       	mul	r30, r22
    4cac:	f0 01       	movw	r30, r0
    4cae:	11 24       	eor	r1, r1
    4cb0:	e4 5b       	subi	r30, 0xB4	; 180
    4cb2:	fd 4f       	sbci	r31, 0xFD	; 253
    4cb4:	80 81       	ld	r24, Z
    4cb6:	91 81       	ldd	r25, Z+1	; 0x01
    4cb8:	a2 81       	ldd	r26, Z+2	; 0x02
    4cba:	b3 81       	ldd	r27, Z+3	; 0x03
    4cbc:	80 93 e6 05 	sts	0x05E6, r24	; 0x8005e6 <cw_offset>
    4cc0:	90 93 e7 05 	sts	0x05E7, r25	; 0x8005e7 <cw_offset+0x1>
    4cc4:	a0 93 e8 05 	sts	0x05E8, r26	; 0x8005e8 <cw_offset+0x2>
    4cc8:	b0 93 e9 05 	sts	0x05E9, r27	; 0x8005e9 <cw_offset+0x3>
/home/jgalera/develop/arduino/usdx/usdx_plus_orange/usdx_plus_orange.ino:402
  // freq = bands[band];

  // Load parameters from EEPROM, reset to factory defaults when stored values
  // are from a different version
  paramAction(LOAD, VERS);
    4ccc:	62 e3       	ldi	r22, 0x32	; 50
    4cce:	83 e0       	ldi	r24, 0x03	; 3
    4cd0:	0e 94 d7 1d 	call	0x3bae	; 0x3bae <paramAction(unsigned char, unsigned char)>
/home/jgalera/develop/arduino/usdx/usdx_plus_orange/usdx_plus_orange.ino:403
  if ((eeprom_version != get_version_id()) ||
    4cd4:	80 91 c8 05 	lds	r24, 0x05C8	; 0x8005c8 <eeprom_version>
    4cd8:	88 37       	cpi	r24, 0x78	; 120
    4cda:	09 f4       	brne	.+2      	; 0x4cde <main+0x6c0>
    4cdc:	29 c1       	rjmp	.+594    	; 0x4f30 <main+0x912>
/home/jgalera/develop/arduino/usdx/usdx_plus_orange/usdx_plus_orange.ino:407
      _digitalRead(BUTTONS)) { // EEPROM clean: if rotary-key pressed or version
                               // signature in EEPROM does NOT corresponds with
                               // this firmware
    eeprom_version = get_version_id();
    4cde:	88 e7       	ldi	r24, 0x78	; 120
    4ce0:	80 93 c8 05 	sts	0x05C8, r24	; 0x8005c8 <eeprom_version>
/home/jgalera/develop/arduino/usdx/usdx_plus_orange/usdx_plus_orange.ino:411
    // for(int n = 0; n != 1024; n++){ eeprom_write_byte((uint8_t *) n, 0);
    // wdt_reset(); } //clean EEPROM eeprom_write_dword((uint32_t
    // *)EEPROM_OFFSET/3, 0x000000);
    paramAction(SAVE); // save default parameter values
    4ce4:	6f ef       	ldi	r22, 0xFF	; 255
    4ce6:	84 e0       	ldi	r24, 0x04	; 4
    4ce8:	0e 94 d7 1d 	call	0x3bae	; 0x3bae <paramAction(unsigned char, unsigned char)>
_ZN3LCD9setCursorEhh():
/home/jgalera/develop/arduino/usdx/usdx_plus_orange/src/driver/display.h:190
    4cec:	80 ec       	ldi	r24, 0xC0	; 192
    4cee:	0e 94 80 18 	call	0x3100	; 0x3100 <LCD::cmd(unsigned char) [clone .isra.11]>
setup():
/home/jgalera/develop/arduino/usdx/usdx_plus_orange/usdx_plus_orange.ino:413
    lcd.setCursor(0, 1);
    lcd.print(F("Reset settings.."));
    4cf2:	85 e7       	ldi	r24, 0x75	; 117
    4cf4:	91 e0       	ldi	r25, 0x01	; 1
    4cf6:	0e 94 af 18 	call	0x315e	; 0x315e <Print::print(__FlashStringHelper const*) [clone .constprop.29]>
/home/jgalera/develop/arduino/usdx/usdx_plus_orange/usdx_plus_orange.ino:414
    delay(500);
    4cfa:	64 ef       	ldi	r22, 0xF4	; 244
    4cfc:	71 e0       	ldi	r23, 0x01	; 1
    4cfe:	80 e0       	ldi	r24, 0x00	; 0
    4d00:	90 e0       	ldi	r25, 0x00	; 0
    4d02:	0e 94 0d 04 	call	0x81a	; 0x81a <delay>
/home/jgalera/develop/arduino/usdx/usdx_plus_orange/usdx_plus_orange.ino:415
    wdt_reset();
    4d06:	a8 95       	wdr
/home/jgalera/develop/arduino/usdx/usdx_plus_orange/usdx_plus_orange.ino:436
    }
  }
  // if(abs((int32_t)F_XTAL - (int32_t)si5351.fxtal) > 50000){ si5351.fxtal =
  // F_XTAL; }  // if F_XTAL frequency deviates too much with actual setting ->
  // use default
  si5351.iqmsa = 0; // enforce PLL reset
    4d08:	10 92 d4 06 	sts	0x06D4, r1	; 0x8006d4 <si5351+0x18>
    4d0c:	10 92 d3 06 	sts	0x06D3, r1	; 0x8006d3 <si5351+0x17>
/home/jgalera/develop/arduino/usdx/usdx_plus_orange/usdx_plus_orange.ino:437
  change = true;
    4d10:	ff 24       	eor	r15, r15
    4d12:	f3 94       	inc	r15
    4d14:	f0 92 c6 01 	sts	0x01C6, r15	; 0x8001c6 <change>
/home/jgalera/develop/arduino/usdx/usdx_plus_orange/usdx_plus_orange.ino:438
  prev_bandval = bandval;
    4d18:	80 91 b4 01 	lds	r24, 0x01B4	; 0x8001b4 <bandval>
    4d1c:	80 93 af 01 	sts	0x01AF, r24	; 0x8001af <prev_bandval>
/home/jgalera/develop/arduino/usdx/usdx_plus_orange/usdx_plus_orange.ino:439
  vox = false; // disable VOX
    4d20:	10 92 0d 06 	sts	0x060D, r1	; 0x80060d <vox>
/home/jgalera/develop/arduino/usdx/usdx_plus_orange/usdx_plus_orange.ino:440
  nr = 2;      // disable NR
    4d24:	82 e0       	ldi	r24, 0x02	; 2
    4d26:	80 93 c5 01 	sts	0x01C5, r24	; 0x8001c5 <nr>
/home/jgalera/develop/arduino/usdx/usdx_plus_orange/usdx_plus_orange.ino:441
  smode = 2;   // SMeter
    4d2a:	80 93 cb 01 	sts	0x01CB, r24	; 0x8001cb <smode>
/home/jgalera/develop/arduino/usdx/usdx_plus_orange/usdx_plus_orange.ino:442
  rit = false; // disable RIT
    4d2e:	10 92 f3 05 	sts	0x05F3, r1	; 0x8005f3 <rit+0x1>
    4d32:	10 92 f2 05 	sts	0x05F2, r1	; 0x8005f2 <rit>
/home/jgalera/develop/arduino/usdx/usdx_plus_orange/usdx_plus_orange.ino:443
  freq = vfo[vfosel % 2];
    4d36:	80 91 f0 05 	lds	r24, 0x05F0	; 0x8005f0 <vfosel>
    4d3a:	08 2f       	mov	r16, r24
    4d3c:	01 70       	andi	r16, 0x01	; 1
    4d3e:	10 e0       	ldi	r17, 0x00	; 0
    4d40:	00 0f       	add	r16, r16
    4d42:	11 1f       	adc	r17, r17
    4d44:	00 0f       	add	r16, r16
    4d46:	11 1f       	adc	r17, r17
    4d48:	f8 01       	movw	r30, r16
    4d4a:	e7 54       	subi	r30, 0x47	; 71
    4d4c:	fe 4f       	sbci	r31, 0xFE	; 254
    4d4e:	80 81       	ld	r24, Z
    4d50:	91 81       	ldd	r25, Z+1	; 0x01
    4d52:	a2 81       	ldd	r26, Z+2	; 0x02
    4d54:	b3 81       	ldd	r27, Z+3	; 0x03
    4d56:	80 93 b5 01 	sts	0x01B5, r24	; 0x8001b5 <freq>
    4d5a:	90 93 b6 01 	sts	0x01B6, r25	; 0x8001b6 <freq+0x1>
    4d5e:	a0 93 b7 01 	sts	0x01B7, r26	; 0x8001b7 <freq+0x2>
    4d62:	b0 93 b8 01 	sts	0x01B8, r27	; 0x8001b8 <freq+0x3>
/home/jgalera/develop/arduino/usdx/usdx_plus_orange/usdx_plus_orange.ino:444
  mode = vfomode[vfosel % 2];
    4d66:	80 91 f0 05 	lds	r24, 0x05F0	; 0x8005f0 <vfosel>
    4d6a:	80 fb       	bst	r24, 0
    4d6c:	cc 24       	eor	r12, r12
    4d6e:	c0 f8       	bld	r12, 0
    4d70:	d1 2c       	mov	r13, r1
    4d72:	f6 01       	movw	r30, r12
    4d74:	ef 53       	subi	r30, 0x3F	; 63
    4d76:	fe 4f       	sbci	r31, 0xFE	; 254
    4d78:	80 81       	ld	r24, Z
    4d7a:	80 93 cd 01 	sts	0x01CD, r24	; 0x8001cd <mode>
/home/jgalera/develop/arduino/usdx/usdx_plus_orange/usdx_plus_orange.ino:447

#ifdef TX_ENABLE
  build_lut();
    4d7e:	0e 94 99 11 	call	0x2332	; 0x2332 <build_lut()>
/home/jgalera/develop/arduino/usdx/usdx_plus_orange/usdx_plus_orange.ino:450
#endif

  show_banner(); // remove release number
    4d82:	0e 94 29 19 	call	0x3252	; 0x3252 <show_banner()>
start_rx():
/home/jgalera/develop/arduino/usdx/usdx_plus_orange/src/core/core.cpp:274
  }
  return dbm;
}

void start_rx() {
  _init = 1;
    4d86:	f0 92 ef 05 	sts	0x05EF, r15	; 0x8005ef <_init>
/home/jgalera/develop/arduino/usdx/usdx_plus_orange/src/core/core.cpp:275
  rx_state = 0;
    4d8a:	10 92 c0 05 	sts	0x05C0, r1	; 0x8005c0 <rx_state>
/home/jgalera/develop/arduino/usdx/usdx_plus_orange/src/core/core.cpp:276
  func_ptr = sdr_rx_00;
    4d8e:	87 e0       	ldi	r24, 0x07	; 7
    4d90:	98 e0       	ldi	r25, 0x08	; 8
    4d92:	90 93 bf 05 	sts	0x05BF, r25	; 0x8005bf <func_ptr+0x1>
    4d96:	80 93 be 05 	sts	0x05BE, r24	; 0x8005be <func_ptr>
/home/jgalera/develop/arduino/usdx/usdx_plus_orange/src/core/core.cpp:277
  adc_start(2, true, F_ADC_CONV * 4);
    4d9a:	24 e6       	ldi	r18, 0x64	; 100
    4d9c:	3e ed       	ldi	r19, 0xDE	; 222
    4d9e:	45 e0       	ldi	r20, 0x05	; 5
    4da0:	50 e0       	ldi	r21, 0x00	; 0
    4da2:	61 e0       	ldi	r22, 0x01	; 1
    4da4:	82 e0       	ldi	r24, 0x02	; 2
    4da6:	0e 94 87 05 	call	0xb0e	; 0xb0e <adc_start(unsigned char, bool, unsigned long)>
/home/jgalera/develop/arduino/usdx/usdx_plus_orange/src/core/core.cpp:278
  admux[2] = ADMUX;
    4daa:	80 91 7c 00 	lds	r24, 0x007C	; 0x80007c <__DATA_REGION_ORIGIN__+0x1c>
    4dae:	80 93 ec 05 	sts	0x05EC, r24	; 0x8005ec <admux+0x2>
/home/jgalera/develop/arduino/usdx/usdx_plus_orange/src/core/core.cpp:286
    adc_start(1, !(att == 1), F_ADC_CONV);
    admux[0] = ADMUX;
    adc_start(0, !(att == 1), F_ADC_CONV);
    admux[1] = ADMUX;
#else
    adc_start(0, !(att == 1), F_ADC_CONV);
    4db2:	80 91 ed 05 	lds	r24, 0x05ED	; 0x8005ed <att>
    4db6:	61 e0       	ldi	r22, 0x01	; 1
    4db8:	81 30       	cpi	r24, 0x01	; 1
    4dba:	09 f4       	brne	.+2      	; 0x4dbe <main+0x7a0>
    4dbc:	60 e0       	ldi	r22, 0x00	; 0
    4dbe:	29 e9       	ldi	r18, 0x99	; 153
    4dc0:	37 e7       	ldi	r19, 0x77	; 119
    4dc2:	41 e0       	ldi	r20, 0x01	; 1
    4dc4:	50 e0       	ldi	r21, 0x00	; 0
    4dc6:	80 e0       	ldi	r24, 0x00	; 0
    4dc8:	0e 94 87 05 	call	0xb0e	; 0xb0e <adc_start(unsigned char, bool, unsigned long)>
/home/jgalera/develop/arduino/usdx/usdx_plus_orange/src/core/core.cpp:287
    admux[0] = ADMUX;
    4dcc:	80 91 7c 00 	lds	r24, 0x007C	; 0x80007c <__DATA_REGION_ORIGIN__+0x1c>
    4dd0:	80 93 ea 05 	sts	0x05EA, r24	; 0x8005ea <admux>
/home/jgalera/develop/arduino/usdx/usdx_plus_orange/src/core/core.cpp:288
    adc_start(1, !(att == 1), F_ADC_CONV);
    4dd4:	80 91 ed 05 	lds	r24, 0x05ED	; 0x8005ed <att>
    4dd8:	61 e0       	ldi	r22, 0x01	; 1
    4dda:	81 30       	cpi	r24, 0x01	; 1
    4ddc:	09 f4       	brne	.+2      	; 0x4de0 <main+0x7c2>
    4dde:	60 e0       	ldi	r22, 0x00	; 0
    4de0:	29 e9       	ldi	r18, 0x99	; 153
    4de2:	37 e7       	ldi	r19, 0x77	; 119
    4de4:	41 e0       	ldi	r20, 0x01	; 1
    4de6:	50 e0       	ldi	r21, 0x00	; 0
    4de8:	81 e0       	ldi	r24, 0x01	; 1
    4dea:	0e 94 87 05 	call	0xb0e	; 0xb0e <adc_start(unsigned char, bool, unsigned long)>
/home/jgalera/develop/arduino/usdx/usdx_plus_orange/src/core/core.cpp:289
    admux[1] = ADMUX;
    4dee:	80 91 7c 00 	lds	r24, 0x007C	; 0x80007c <__DATA_REGION_ORIGIN__+0x1c>
    4df2:	80 93 eb 05 	sts	0x05EB, r24	; 0x8005eb <admux+0x1>
timer1_start():
/home/jgalera/develop/arduino/usdx/usdx_plus_orange/src/hal/hal.cpp:53
#endif
  ADMUX = (1 << REFS0); // restore reference voltage AREF (5V)
}

void timer1_start(uint32_t fs) { // Timer 1: OC1A and OC1B in PWM mode
  TCCR1A = 0;
    4df6:	10 92 80 00 	sts	0x0080, r1	; 0x800080 <__DATA_REGION_ORIGIN__+0x20>
/home/jgalera/develop/arduino/usdx/usdx_plus_orange/src/hal/hal.cpp:54
  TCCR1B = 0;
    4dfa:	10 92 81 00 	sts	0x0081, r1	; 0x800081 <__DATA_REGION_ORIGIN__+0x21>
/home/jgalera/develop/arduino/usdx/usdx_plus_orange/src/hal/hal.cpp:55
  TCCR1A |= (1 << COM1A1) | (1 << COM1B1) |
    4dfe:	80 91 80 00 	lds	r24, 0x0080	; 0x800080 <__DATA_REGION_ORIGIN__+0x20>
    4e02:	82 6a       	ori	r24, 0xA2	; 162
    4e04:	80 93 80 00 	sts	0x0080, r24	; 0x800080 <__DATA_REGION_ORIGIN__+0x20>
/home/jgalera/develop/arduino/usdx/usdx_plus_orange/src/hal/hal.cpp:58
            (1 << WGM11); // Clear OC1A/OC1B on compare match, set OC1A/OC1B at
                          // BOTTOM (non-inverting mode)
  TCCR1B |= (1 << CS10) | (1 << WGM13) |
    4e08:	80 91 81 00 	lds	r24, 0x0081	; 0x800081 <__DATA_REGION_ORIGIN__+0x21>
    4e0c:	89 61       	ori	r24, 0x19	; 25
    4e0e:	80 93 81 00 	sts	0x0081, r24	; 0x800081 <__DATA_REGION_ORIGIN__+0x21>
/home/jgalera/develop/arduino/usdx/usdx_plus_orange/src/hal/hal.cpp:60
            (1 << WGM12); // Mode 14 - Fast PWM;  CS10: clkI/O/1 (No prescaling)
  ICR1H = 0x00;
    4e12:	10 92 87 00 	sts	0x0087, r1	; 0x800087 <__DATA_REGION_ORIGIN__+0x27>
/home/jgalera/develop/arduino/usdx/usdx_plus_orange/src/hal/hal.cpp:61
  ICR1L = min(255, F_CPU / fs); // PWM value range (fs>78431):  Fpwm = F_CPU /
    4e16:	8c ec       	ldi	r24, 0xCC	; 204
    4e18:	80 93 86 00 	sts	0x0086, r24	; 0x800086 <__DATA_REGION_ORIGIN__+0x26>
/home/jgalera/develop/arduino/usdx/usdx_plus_orange/src/hal/hal.cpp:67
                                // [Prescaler * (1 + TOP)]
  // TCCR1A |= (1 << COM1A1) | (1 << COM1B1) | (1 << WGM10); // Clear OC1A/OC1B
  // on compare match, set OC1A/OC1B at BOTTOM (non-inverting mode) TCCR1B |= (1
  // << CS10) | (1 << WGM12); // Mode 5 - Fast PWM, 8-bit;  CS10: clkI/O/1 (No
  // prescaling)
  OCR1AH = 0x00;
    4e1c:	10 92 89 00 	sts	0x0089, r1	; 0x800089 <__DATA_REGION_ORIGIN__+0x29>
/home/jgalera/develop/arduino/usdx/usdx_plus_orange/src/hal/hal.cpp:68
  OCR1AL = 0x00; // OC1A (SIDETONE) PWM duty-cycle (span defined by ICR).
    4e20:	10 92 88 00 	sts	0x0088, r1	; 0x800088 <__DATA_REGION_ORIGIN__+0x28>
/home/jgalera/develop/arduino/usdx/usdx_plus_orange/src/hal/hal.cpp:69
  OCR1BH = 0x00;
    4e24:	10 92 8b 00 	sts	0x008B, r1	; 0x80008b <__DATA_REGION_ORIGIN__+0x2b>
/home/jgalera/develop/arduino/usdx/usdx_plus_orange/src/hal/hal.cpp:70
  OCR1BL = 0x00; // OC1B (KEY_OUT) PWM duty-cycle (span defined by ICR).
    4e28:	10 92 8a 00 	sts	0x008A, r1	; 0x80008a <__DATA_REGION_ORIGIN__+0x2a>
timer2_start():
/home/jgalera/develop/arduino/usdx/usdx_plus_orange/src/hal/hal.cpp:79
  OCR1AL = 0x00;
  OCR1BL = 0x00;
}

void timer2_start(uint32_t fs) { // Timer 2: interrupt mode
  ASSR &= ~(1 << AS2); // Timer 2 clocked from CLK I/O (like Timer 0 and 1)
    4e2c:	80 91 b6 00 	lds	r24, 0x00B6	; 0x8000b6 <__DATA_REGION_ORIGIN__+0x56>
    4e30:	8f 7d       	andi	r24, 0xDF	; 223
    4e32:	80 93 b6 00 	sts	0x00B6, r24	; 0x8000b6 <__DATA_REGION_ORIGIN__+0x56>
/home/jgalera/develop/arduino/usdx/usdx_plus_orange/src/hal/hal.cpp:80
  TCCR2A = 0;
    4e36:	10 92 b0 00 	sts	0x00B0, r1	; 0x8000b0 <__DATA_REGION_ORIGIN__+0x50>
/home/jgalera/develop/arduino/usdx/usdx_plus_orange/src/hal/hal.cpp:81
  TCCR2B = 0;
    4e3a:	10 92 b1 00 	sts	0x00B1, r1	; 0x8000b1 <__DATA_REGION_ORIGIN__+0x51>
/home/jgalera/develop/arduino/usdx/usdx_plus_orange/src/hal/hal.cpp:82
  TCNT2 = 0;
    4e3e:	10 92 b2 00 	sts	0x00B2, r1	; 0x8000b2 <__DATA_REGION_ORIGIN__+0x52>
/home/jgalera/develop/arduino/usdx/usdx_plus_orange/src/hal/hal.cpp:83
  TCCR2A |= (1 << WGM21);  // WGM21: Mode 2 - CTC (Clear Timer on Compare Match)
    4e42:	80 91 b0 00 	lds	r24, 0x00B0	; 0x8000b0 <__DATA_REGION_ORIGIN__+0x50>
    4e46:	82 60       	ori	r24, 0x02	; 2
    4e48:	80 93 b0 00 	sts	0x00B0, r24	; 0x8000b0 <__DATA_REGION_ORIGIN__+0x50>
/home/jgalera/develop/arduino/usdx/usdx_plus_orange/src/hal/hal.cpp:84
  TCCR2B |= (1 << CS22);   // Set C22 bits for 64 prescaler
    4e4c:	80 91 b1 00 	lds	r24, 0x00B1	; 0x8000b1 <__DATA_REGION_ORIGIN__+0x51>
    4e50:	84 60       	ori	r24, 0x04	; 4
    4e52:	80 93 b1 00 	sts	0x00B1, r24	; 0x8000b1 <__DATA_REGION_ORIGIN__+0x51>
/home/jgalera/develop/arduino/usdx/usdx_plus_orange/src/hal/hal.cpp:85
  TIMSK2 |= (1 << OCIE2A); // enable timer compare interrupt TIMER2_COMPA_vect
    4e56:	80 91 70 00 	lds	r24, 0x0070	; 0x800070 <__DATA_REGION_ORIGIN__+0x10>
    4e5a:	82 60       	ori	r24, 0x02	; 2
    4e5c:	80 93 70 00 	sts	0x0070, r24	; 0x800070 <__DATA_REGION_ORIGIN__+0x10>
/home/jgalera/develop/arduino/usdx/usdx_plus_orange/src/hal/hal.cpp:88
  uint8_t ocr =
      ((F_CPU / 64) / fs) - 1; // OCRn = (F_CPU / pre-scaler / fs) - 1;
  OCR2A = ocr;
    4e60:	83 e0       	ldi	r24, 0x03	; 3
    4e62:	80 93 b3 00 	sts	0x00B3, r24	; 0x8000b3 <__DATA_REGION_ORIGIN__+0x53>
start_rx():
/home/jgalera/develop/arduino/usdx/usdx_plus_orange/src/core/core.cpp:298
    admux[0] = ADMUX;
    admux[1] = ADMUX;
  }
  timer1_start(F_SAMP_PWM);
  timer2_start(F_SAMP_RX);
  TCCR1A &= ~(1 << COM1B1);
    4e66:	80 91 80 00 	lds	r24, 0x0080	; 0x800080 <__DATA_REGION_ORIGIN__+0x20>
    4e6a:	8f 7d       	andi	r24, 0xDF	; 223
    4e6c:	80 93 80 00 	sts	0x0080, r24	; 0x800080 <__DATA_REGION_ORIGIN__+0x20>
/home/jgalera/develop/arduino/usdx/usdx_plus_orange/src/core/core.cpp:299
  digitalWrite(KEY_OUT, LOW);
    4e70:	60 e0       	ldi	r22, 0x00	; 0
    4e72:	8a e0       	ldi	r24, 0x0A	; 10
    4e74:	0e 94 5e 03 	call	0x6bc	; 0x6bc <digitalWrite>
begin():
/home/jgalera/.arduino15/packages/MiniCore/hardware/avr/3.1.1/cores/MCUdude_corefiles/HardwareSerial.cpp:121

void HardwareSerial::begin(unsigned long baud, byte config)
{
  // Try u2x mode first
  uint16_t baud_setting = (F_CPU / 4 / baud - 1) / 2;
  *_ucsra = 1 << U2X0;
    4e78:	e0 91 2a 06 	lds	r30, 0x062A	; 0x80062a <Serial+0x10>
    4e7c:	f0 91 2b 06 	lds	r31, 0x062B	; 0x80062b <Serial+0x11>
    4e80:	82 e0       	ldi	r24, 0x02	; 2
    4e82:	80 83       	st	Z, r24
/home/jgalera/.arduino15/packages/MiniCore/hardware/avr/3.1.1/cores/MCUdude_corefiles/HardwareSerial.cpp:135
    *_ucsra = 0;
    baud_setting = (F_CPU / 8 / baud - 1) / 2;
  }

  // assign the baud_setting, a.k.a. ubrr (USART Baud Rate Register)
  *_ubrrh = baud_setting >> 8;
    4e84:	e0 91 26 06 	lds	r30, 0x0626	; 0x800626 <Serial+0xc>
    4e88:	f0 91 27 06 	lds	r31, 0x0627	; 0x800627 <Serial+0xd>
    4e8c:	10 82       	st	Z, r1
/home/jgalera/.arduino15/packages/MiniCore/hardware/avr/3.1.1/cores/MCUdude_corefiles/HardwareSerial.cpp:136
  *_ubrrl = baud_setting;
    4e8e:	e0 91 28 06 	lds	r30, 0x0628	; 0x800628 <Serial+0xe>
    4e92:	f0 91 29 06 	lds	r31, 0x0629	; 0x800629 <Serial+0xf>
    4e96:	80 e4       	ldi	r24, 0x40	; 64
    4e98:	80 83       	st	Z, r24
/home/jgalera/.arduino15/packages/MiniCore/hardware/avr/3.1.1/cores/MCUdude_corefiles/HardwareSerial.cpp:138

  _written = false;
    4e9a:	10 92 32 06 	sts	0x0632, r1	; 0x800632 <Serial+0x18>
/home/jgalera/.arduino15/packages/MiniCore/hardware/avr/3.1.1/cores/MCUdude_corefiles/HardwareSerial.cpp:146
#if defined(__AVR_ATmega8__) || defined(__AVR_ATmega8515__) || defined(__AVR_ATmega162__) \
|| defined(__AVR_ATmega8535__) || defined(__AVR_ATmega16__)|| defined(__AVR_ATmega32__)   \
|| defined(__AVR_ATmega162__)
  config |= 0x80; // select UCSRC register (shared with UBRRH)
#endif
  *_ucsrc = config;
    4e9e:	e0 91 2e 06 	lds	r30, 0x062E	; 0x80062e <Serial+0x14>
    4ea2:	f0 91 2f 06 	lds	r31, 0x062F	; 0x80062f <Serial+0x15>
    4ea6:	86 e0       	ldi	r24, 0x06	; 6
    4ea8:	80 83       	st	Z, r24
/home/jgalera/.arduino15/packages/MiniCore/hardware/avr/3.1.1/cores/MCUdude_corefiles/HardwareSerial.cpp:148
  
  *_ucsrb |= _BV(RXEN0) | _BV(TXEN0) | _BV(RXCIE0);
    4eaa:	e0 91 2c 06 	lds	r30, 0x062C	; 0x80062c <Serial+0x12>
    4eae:	f0 91 2d 06 	lds	r31, 0x062D	; 0x80062d <Serial+0x13>
    4eb2:	80 81       	ld	r24, Z
    4eb4:	88 69       	ori	r24, 0x98	; 152
    4eb6:	80 83       	st	Z, r24
/home/jgalera/.arduino15/packages/MiniCore/hardware/avr/3.1.1/cores/MCUdude_corefiles/HardwareSerial.cpp:149
  *_ucsrb &= ~_BV(UDRIE0);
    4eb8:	e0 91 2c 06 	lds	r30, 0x062C	; 0x80062c <Serial+0x12>
    4ebc:	f0 91 2d 06 	lds	r31, 0x062D	; 0x80062d <Serial+0x13>
    4ec0:	80 81       	ld	r24, Z
    4ec2:	8f 7d       	andi	r24, 0xDF	; 223
    4ec4:	80 83       	st	Z, r24
Command_IF():
/home/jgalera/develop/arduino/usdx/usdx_plus_orange/src/interface/cat.cpp:211
  change = true;
}

void Command_IF() {
#ifdef _SERIAL
  if (!cat_active)
    4ec6:	80 91 c1 05 	lds	r24, 0x05C1	; 0x8005c1 <cat_active>
    4eca:	81 11       	cpse	r24, r1
    4ecc:	0e 94 37 1a 	call	0x346e	; 0x346e <Command_IF() [clone .part.1]>
setup():
/home/jgalera/develop/arduino/usdx/usdx_plus_orange/usdx_plus_orange.ino:470
  smode = 0; // In case of LCD, turn of smeter
#endif
#endif // CAT TESTBENCH

#ifdef KEYER
  keyerState = IDLE;
    4ed0:	10 92 05 06 	sts	0x0605, r1	; 0x800605 <keyerState>
/home/jgalera/develop/arduino/usdx/usdx_plus_orange/usdx_plus_orange.ino:471
  keyerControl = IAMBICB; // Or 0 for IAMBICA
    4ed4:	80 e1       	ldi	r24, 0x10	; 16
    4ed6:	80 93 04 06 	sts	0x0604, r24	; 0x800604 <keyerControl>
loadWPM():
/home/jgalera/develop/arduino/usdx/usdx_plus_orange/src/core/core.cpp:65
  }
}

void loadWPM(int wpm) {
#if (F_MCU != 20000000)
  ditTime = (1200ULL * F_MCU / 16000000) / wpm;
    4eda:	b0 90 b1 01 	lds	r11, 0x01B1	; 0x8001b1 <keyer_speed+0x1>
    4ede:	a0 90 b0 01 	lds	r10, 0x01B0	; 0x8001b0 <keyer_speed>
    4ee2:	1b 2d       	mov	r17, r11
    4ee4:	11 0f       	add	r17, r17
    4ee6:	11 0b       	sbc	r17, r17
    4ee8:	c1 2e       	mov	r12, r17
    4eea:	d1 2e       	mov	r13, r17
    4eec:	e1 2e       	mov	r14, r17
    4eee:	f1 2e       	mov	r15, r17
    4ef0:	01 2f       	mov	r16, r17
    4ef2:	20 eb       	ldi	r18, 0xB0	; 176
    4ef4:	34 e0       	ldi	r19, 0x04	; 4
    4ef6:	40 e0       	ldi	r20, 0x00	; 0
    4ef8:	50 e0       	ldi	r21, 0x00	; 0
    4efa:	60 e0       	ldi	r22, 0x00	; 0
    4efc:	70 e0       	ldi	r23, 0x00	; 0
    4efe:	80 e0       	ldi	r24, 0x00	; 0
    4f00:	90 e0       	ldi	r25, 0x00	; 0
    4f02:	0e 94 63 3a 	call	0x74c6	; 0x74c6 <__udivdi3>
    4f06:	20 93 fc 05 	sts	0x05FC, r18	; 0x8005fc <ditTime>
    4f0a:	30 93 fd 05 	sts	0x05FD, r19	; 0x8005fd <ditTime+0x1>
    4f0e:	40 93 fe 05 	sts	0x05FE, r20	; 0x8005fe <ditTime+0x2>
    4f12:	50 93 ff 05 	sts	0x05FF, r21	; 0x8005ff <ditTime+0x3>
_digitalRead():
/home/jgalera/develop/arduino/usdx/usdx_plus_orange/src/core/core.cpp:36
                            : 0;
  }
  return digitalRead(pin);
}
#else
uint8_t _digitalRead(uint8_t pin) { return digitalRead(pin); }
    4f16:	8d e0       	ldi	r24, 0x0D	; 13
    4f18:	0e 94 35 03 	call	0x66a	; 0x66a <digitalRead>
setup():
/home/jgalera/develop/arduino/usdx/usdx_plus_orange/usdx_plus_orange.ino:475
  loadWPM(keyer_speed);   // Fix speed at 15 WPM
#endif                    // KEYER

  for (; !_digitalRead(DIT) ||
    4f1c:	81 11       	cpse	r24, r1
    4f1e:	46 c0       	rjmp	.+140    	; 0x4fac <main+0x98e>
/home/jgalera/develop/arduino/usdx/usdx_plus_orange/usdx_plus_orange.ino:477
         ((mode == CW && keyer_mode != SINGLE) && (!_digitalRead(DAH)));) {
    fatal(F("Check PTT/key"));
    4f20:	40 e0       	ldi	r20, 0x00	; 0
    4f22:	70 e0       	ldi	r23, 0x00	; 0
    4f24:	60 e0       	ldi	r22, 0x00	; 0
    4f26:	87 e6       	ldi	r24, 0x67	; 103
    4f28:	91 e0       	ldi	r25, 0x01	; 1
    4f2a:	0e 94 f7 19 	call	0x33ee	; 0x33ee <fatal(__FlashStringHelper const*, int, char)>
    4f2e:	f3 cf       	rjmp	.-26     	; 0x4f16 <main+0x8f8>
_digitalRead():
/home/jgalera/develop/arduino/usdx/usdx_plus_orange/src/core/core.cpp:36
    4f30:	81 e1       	ldi	r24, 0x11	; 17
    4f32:	0e 94 35 03 	call	0x66a	; 0x66a <digitalRead>
setup():
/home/jgalera/develop/arduino/usdx/usdx_plus_orange/usdx_plus_orange.ino:403
  // freq = bands[band];

  // Load parameters from EEPROM, reset to factory defaults when stored values
  // are from a different version
  paramAction(LOAD, VERS);
  if ((eeprom_version != get_version_id()) ||
    4f36:	81 11       	cpse	r24, r1
    4f38:	d2 ce       	rjmp	.-604    	; 0x4cde <main+0x6c0>
/home/jgalera/develop/arduino/usdx/usdx_plus_orange/usdx_plus_orange.ino:417
    lcd.setCursor(0, 1);
    lcd.print(F("Reset settings.."));
    delay(500);
    wdt_reset();
  } else {
    paramAction(LOAD); // load all parameters
    4f3a:	6f ef       	ldi	r22, 0xFF	; 255
    4f3c:	83 e0       	ldi	r24, 0x03	; 3
    4f3e:	0e 94 d7 1d 	call	0x3bae	; 0x3bae <paramAction(unsigned char, unsigned char)>
/home/jgalera/develop/arduino/usdx/usdx_plus_orange/usdx_plus_orange.ino:418
    ft8mode = EEPROM.read(FT8_EEPROM_ADDR);
    4f42:	83 e8       	ldi	r24, 0x83	; 131
    4f44:	91 e0       	ldi	r25, 0x01	; 1
    4f46:	0e 94 b1 21 	call	0x4362	; 0x4362 <EEPROMClass::read(int) [clone .isra.0]>
    4f4a:	80 93 c7 05 	sts	0x05C7, r24	; 0x8005c7 <ft8mode>
/home/jgalera/develop/arduino/usdx/usdx_plus_orange/usdx_plus_orange.ino:419
    if (ft8mode > 1)
    4f4e:	80 91 c7 05 	lds	r24, 0x05C7	; 0x8005c7 <ft8mode>
    4f52:	82 30       	cpi	r24, 0x02	; 2
    4f54:	10 f0       	brcs	.+4      	; 0x4f5a <main+0x93c>
/home/jgalera/develop/arduino/usdx/usdx_plus_orange/usdx_plus_orange.ino:420
      ft8mode = 0;
    4f56:	10 92 c7 05 	sts	0x05C7, r1	; 0x8005c7 <ft8mode>
/home/jgalera/develop/arduino/usdx/usdx_plus_orange/usdx_plus_orange.ino:421
    prev_mode_ft8 = EEPROM.read(PREV_MODE_FT8_EEPROM_ADDR);
    4f5a:	84 e8       	ldi	r24, 0x84	; 132
    4f5c:	91 e0       	ldi	r25, 0x01	; 1
    4f5e:	0e 94 b1 21 	call	0x4362	; 0x4362 <EEPROMClass::read(int) [clone .isra.0]>
    4f62:	80 93 c6 05 	sts	0x05C6, r24	; 0x8005c6 <prev_mode_ft8>
/home/jgalera/develop/arduino/usdx/usdx_plus_orange/usdx_plus_orange.ino:422
    prev_filt_ft8 = EEPROM.read(PREV_FILT_FT8_EEPROM_ADDR);
    4f66:	85 e8       	ldi	r24, 0x85	; 133
    4f68:	91 e0       	ldi	r25, 0x01	; 1
    4f6a:	0e 94 b1 21 	call	0x4362	; 0x4362 <EEPROMClass::read(int) [clone .isra.0]>
    4f6e:	80 93 c5 05 	sts	0x05C5, r24	; 0x8005c5 <prev_filt_ft8>
/home/jgalera/develop/arduino/usdx/usdx_plus_orange/usdx_plus_orange.ino:423
    prev_agc_ft8 = EEPROM.read(PREV_AGC_FT8_EEPROM_ADDR);
    4f72:	86 e8       	ldi	r24, 0x86	; 134
    4f74:	91 e0       	ldi	r25, 0x01	; 1
    4f76:	0e 94 b1 21 	call	0x4362	; 0x4362 <EEPROMClass::read(int) [clone .isra.0]>
    4f7a:	80 93 c4 05 	sts	0x05C4, r24	; 0x8005c4 <prev_agc_ft8>
/home/jgalera/develop/arduino/usdx/usdx_plus_orange/usdx_plus_orange.ino:424
    prev_nr_ft8 = EEPROM.read(PREV_NR_FT8_EEPROM_ADDR);
    4f7e:	87 e8       	ldi	r24, 0x87	; 135
    4f80:	91 e0       	ldi	r25, 0x01	; 1
    4f82:	0e 94 b1 21 	call	0x4362	; 0x4362 <EEPROMClass::read(int) [clone .isra.0]>
    4f86:	80 93 c3 05 	sts	0x05C3, r24	; 0x8005c3 <prev_nr_ft8>
/home/jgalera/develop/arduino/usdx/usdx_plus_orange/usdx_plus_orange.ino:425
    if (ft8mode) {
    4f8a:	80 91 c7 05 	lds	r24, 0x05C7	; 0x8005c7 <ft8mode>
    4f8e:	88 23       	and	r24, r24
    4f90:	09 f4       	brne	.+2      	; 0x4f94 <main+0x976>
    4f92:	ba ce       	rjmp	.-652    	; 0x4d08 <main+0x6ea>
/home/jgalera/develop/arduino/usdx/usdx_plus_orange/usdx_plus_orange.ino:426
      mode = USB;
    4f94:	81 e0       	ldi	r24, 0x01	; 1
    4f96:	80 93 cd 01 	sts	0x01CD, r24	; 0x8001cd <mode>
/home/jgalera/develop/arduino/usdx/usdx_plus_orange/usdx_plus_orange.ino:427
      filt = 1;
    4f9a:	80 93 f1 05 	sts	0x05F1, r24	; 0x8005f1 <filt>
/home/jgalera/develop/arduino/usdx/usdx_plus_orange/usdx_plus_orange.ino:428
      agc = 0;
    4f9e:	10 92 6a 01 	sts	0x016A, r1	; 0x80016a <agc>
/home/jgalera/develop/arduino/usdx/usdx_plus_orange/usdx_plus_orange.ino:429
      nr = 0;
    4fa2:	10 92 c5 01 	sts	0x01C5, r1	; 0x8001c5 <nr>
/home/jgalera/develop/arduino/usdx/usdx_plus_orange/usdx_plus_orange.ino:430
      dig_mode = true;
    4fa6:	80 93 c2 05 	sts	0x05C2, r24	; 0x8005c2 <dig_mode>
    4faa:	ae ce       	rjmp	.-676    	; 0x4d08 <main+0x6ea>
/home/jgalera/develop/arduino/usdx/usdx_plus_orange/usdx_plus_orange.ino:476
  keyerControl = IAMBICB; // Or 0 for IAMBICA
  loadWPM(keyer_speed);   // Fix speed at 15 WPM
#endif                    // KEYER

  for (; !_digitalRead(DIT) ||
         ((mode == CW && keyer_mode != SINGLE) && (!_digitalRead(DAH)));) {
    4fac:	80 91 cd 01 	lds	r24, 0x01CD	; 0x8001cd <mode>
/home/jgalera/develop/arduino/usdx/usdx_plus_orange/usdx_plus_orange.ino:475
  keyerState = IDLE;
  keyerControl = IAMBICB; // Or 0 for IAMBICA
  loadWPM(keyer_speed);   // Fix speed at 15 WPM
#endif                    // KEYER

  for (; !_digitalRead(DIT) ||
    4fb0:	82 30       	cpi	r24, 0x02	; 2
    4fb2:	51 f4       	brne	.+20     	; 0x4fc8 <main+0x9aa>
/home/jgalera/develop/arduino/usdx/usdx_plus_orange/usdx_plus_orange.ino:476
         ((mode == CW && keyer_mode != SINGLE) && (!_digitalRead(DAH)));) {
    4fb4:	80 91 ca 01 	lds	r24, 0x01CA	; 0x8001ca <keyer_mode>
    4fb8:	82 30       	cpi	r24, 0x02	; 2
    4fba:	31 f0       	breq	.+12     	; 0x4fc8 <main+0x9aa>
_digitalRead():
/home/jgalera/develop/arduino/usdx/usdx_plus_orange/src/core/core.cpp:36
    4fbc:	8c e0       	ldi	r24, 0x0C	; 12
    4fbe:	0e 94 35 03 	call	0x66a	; 0x66a <digitalRead>
setup():
/home/jgalera/develop/arduino/usdx/usdx_plus_orange/usdx_plus_orange.ino:476
    4fc2:	88 23       	and	r24, r24
    4fc4:	09 f4       	brne	.+2      	; 0x4fc8 <main+0x9aa>
    4fc6:	ac cf       	rjmp	.-168    	; 0x4f20 <main+0x902>
log10_fix():
/home/jgalera/develop/arduino/usdx/usdx_plus_orange/src/core/core.cpp:178
  if (n == 0)
    return -32768;
  int32_t l = 0;
  uint32_t n_copy = n;
  while (n_copy >= 10) {
    n_copy /= 10;
    4fc8:	5a e0       	ldi	r21, 0x0A	; 10
    4fca:	45 2e       	mov	r4, r21
    4fcc:	51 2c       	mov	r5, r1
    4fce:	61 2c       	mov	r6, r1
    4fd0:	71 2c       	mov	r7, r1
loop():
/home/jgalera/develop/arduino/usdx/usdx_plus_orange/usdx_plus_orange.ino:488
void loop() {
#ifdef VOX_ENABLE
  if ((vox) &&
      ((mode == LSB) ||
       (mode ==
        USB))) { // If VOX enabled (and in LSB/USB mode), then take mic samples
    4fd2:	80 91 0d 06 	lds	r24, 0x060D	; 0x80060d <vox>
/home/jgalera/develop/arduino/usdx/usdx_plus_orange/usdx_plus_orange.ino:485

static int32_t _step = 0;

void loop() {
#ifdef VOX_ENABLE
  if ((vox) &&
    4fd6:	88 23       	and	r24, r24
    4fd8:	09 f4       	brne	.+2      	; 0x4fdc <main+0x9be>
    4fda:	48 c0       	rjmp	.+144    	; 0x506c <main+0xa4e>
/home/jgalera/develop/arduino/usdx/usdx_plus_orange/usdx_plus_orange.ino:486
      ((mode == LSB) ||
    4fdc:	80 91 cd 01 	lds	r24, 0x01CD	; 0x8001cd <mode>
/home/jgalera/develop/arduino/usdx/usdx_plus_orange/usdx_plus_orange.ino:485

static int32_t _step = 0;

void loop() {
#ifdef VOX_ENABLE
  if ((vox) &&
    4fe0:	88 23       	and	r24, r24
    4fe2:	29 f0       	breq	.+10     	; 0x4fee <main+0x9d0>
/home/jgalera/develop/arduino/usdx/usdx_plus_orange/usdx_plus_orange.ino:487
      ((mode == LSB) ||
       (mode ==
    4fe4:	80 91 cd 01 	lds	r24, 0x01CD	; 0x8001cd <mode>
/home/jgalera/develop/arduino/usdx/usdx_plus_orange/usdx_plus_orange.ino:486
static int32_t _step = 0;

void loop() {
#ifdef VOX_ENABLE
  if ((vox) &&
      ((mode == LSB) ||
    4fe8:	81 30       	cpi	r24, 0x01	; 1
    4fea:	09 f0       	breq	.+2      	; 0x4fee <main+0x9d0>
    4fec:	3f c0       	rjmp	.+126    	; 0x506c <main+0xa4e>
/home/jgalera/develop/arduino/usdx/usdx_plus_orange/usdx_plus_orange.ino:492
       (mode ==
        USB))) { // If VOX enabled (and in LSB/USB mode), then take mic samples
                 // and feed ssb processing function, to derive amplitude, and
                 // potentially detect cross vox_threshold to detect a TX or RX
                 // event: this is expressed in tx variable
    if (!vox_tx) { // VOX not active
    4fee:	80 91 0c 06 	lds	r24, 0x060C	; 0x80060c <vox_tx>
    4ff2:	81 11       	cpse	r24, r1
    4ff4:	fa c0       	rjmp	.+500    	; 0x51ea <main+0xbcc>
analogSampleMic():
/home/jgalera/develop/arduino/usdx/usdx_plus_orange/src/core/core.cpp:135
#endif
}

uint16_t analogSampleMic() {
  uint16_t adc;
  noInterrupts();
    4ff6:	f8 94       	cli
/home/jgalera/develop/arduino/usdx/usdx_plus_orange/src/core/core.cpp:136
  ADCSRA = (1 << ADEN) |
    4ff8:	82 e8       	ldi	r24, 0x82	; 130
    4ffa:	80 93 7a 00 	sts	0x007A, r24	; 0x80007a <__DATA_REGION_ORIGIN__+0x1a>
/home/jgalera/develop/arduino/usdx/usdx_plus_orange/src/core/core.cpp:139
           (((uint8_t)log2((uint8_t)(F_CPU / 13 / (192307 / 1)))) & 0x07);

  if ((dsp_cap == SDR) && (vox_thresh >= 32))
    4ffe:	80 91 6c 01 	lds	r24, 0x016C	; 0x80016c <vox_thresh>
    5002:	80 32       	cpi	r24, 0x20	; 32
    5004:	20 f0       	brcs	.+8      	; 0x500e <main+0x9f0>
/home/jgalera/develop/arduino/usdx/usdx_plus_orange/src/core/core.cpp:140
    digitalWrite(RX, LOW);
    5006:	60 e0       	ldi	r22, 0x00	; 0
    5008:	88 e0       	ldi	r24, 0x08	; 8
    500a:	0e 94 5e 03 	call	0x6bc	; 0x6bc <digitalWrite>
/home/jgalera/develop/arduino/usdx/usdx_plus_orange/src/core/core.cpp:142

  uint8_t oldmux = ADMUX;
    500e:	90 91 7c 00 	lds	r25, 0x007C	; 0x80007c <__DATA_REGION_ORIGIN__+0x1c>
/home/jgalera/develop/arduino/usdx/usdx_plus_orange/src/core/core.cpp:143
  for (; !(ADCSRA & (1 << ADIF));)
    5012:	80 91 7a 00 	lds	r24, 0x007A	; 0x80007a <__DATA_REGION_ORIGIN__+0x1a>
    5016:	84 ff       	sbrs	r24, 4
    5018:	fc cf       	rjmp	.-8      	; 0x5012 <main+0x9f4>
/home/jgalera/develop/arduino/usdx/usdx_plus_orange/src/core/core.cpp:145
    ;
  ADMUX = admux[2];
    501a:	80 91 ec 05 	lds	r24, 0x05EC	; 0x8005ec <admux+0x2>
    501e:	80 93 7c 00 	sts	0x007C, r24	; 0x80007c <__DATA_REGION_ORIGIN__+0x1c>
/home/jgalera/develop/arduino/usdx/usdx_plus_orange/src/core/core.cpp:146
  ADCSRA |= (1 << ADSC);
    5022:	80 91 7a 00 	lds	r24, 0x007A	; 0x80007a <__DATA_REGION_ORIGIN__+0x1a>
    5026:	80 64       	ori	r24, 0x40	; 64
    5028:	80 93 7a 00 	sts	0x007A, r24	; 0x80007a <__DATA_REGION_ORIGIN__+0x1a>
/home/jgalera/develop/arduino/usdx/usdx_plus_orange/src/core/core.cpp:147
  for (; !(ADCSRA & (1 << ADIF));)
    502c:	80 91 7a 00 	lds	r24, 0x007A	; 0x80007a <__DATA_REGION_ORIGIN__+0x1a>
    5030:	84 ff       	sbrs	r24, 4
    5032:	fc cf       	rjmp	.-8      	; 0x502c <main+0xa0e>
/home/jgalera/develop/arduino/usdx/usdx_plus_orange/src/core/core.cpp:149
    ;
  ADMUX = oldmux;
    5034:	90 93 7c 00 	sts	0x007C, r25	; 0x80007c <__DATA_REGION_ORIGIN__+0x1c>
/home/jgalera/develop/arduino/usdx/usdx_plus_orange/src/core/core.cpp:151

  if ((dsp_cap == SDR) && (vox_thresh >= 32))
    5038:	80 91 6c 01 	lds	r24, 0x016C	; 0x80016c <vox_thresh>
    503c:	80 32       	cpi	r24, 0x20	; 32
    503e:	20 f0       	brcs	.+8      	; 0x5048 <main+0xa2a>
/home/jgalera/develop/arduino/usdx/usdx_plus_orange/src/core/core.cpp:152
    digitalWrite(RX, HIGH);
    5040:	61 e0       	ldi	r22, 0x01	; 1
    5042:	88 e0       	ldi	r24, 0x08	; 8
    5044:	0e 94 5e 03 	call	0x6bc	; 0x6bc <digitalWrite>
/home/jgalera/develop/arduino/usdx/usdx_plus_orange/src/core/core.cpp:154

  adc = ADC;
    5048:	80 91 78 00 	lds	r24, 0x0078	; 0x800078 <__DATA_REGION_ORIGIN__+0x18>
    504c:	90 91 79 00 	lds	r25, 0x0079	; 0x800079 <__DATA_REGION_ORIGIN__+0x19>
/home/jgalera/develop/arduino/usdx/usdx_plus_orange/src/core/core.cpp:155
  interrupts();
    5050:	78 94       	sei
loop():
/home/jgalera/develop/arduino/usdx/usdx_plus_orange/usdx_plus_orange.ino:503
        vox_adc = 0;
      } else {
        vox_adc += analogSampleMic();
      }
#else
      ssb(((int16_t)(analogSampleMic()) - 512) >> MIC_ATTEN); // sampling mic
    5052:	92 50       	subi	r25, 0x02	; 2
    5054:	0e 94 93 0f 	call	0x1f26	; 0x1f26 <ssb(int)>
/home/jgalera/develop/arduino/usdx/usdx_plus_orange/usdx_plus_orange.ino:505
#endif
      if (tx) { // TX triggered by audio -> TX
    5058:	80 91 0b 06 	lds	r24, 0x060B	; 0x80060b <tx>
    505c:	88 23       	and	r24, r24
    505e:	31 f0       	breq	.+12     	; 0x506c <main+0xa4e>
/home/jgalera/develop/arduino/usdx/usdx_plus_orange/usdx_plus_orange.ino:506
        vox_tx = 1;
    5060:	81 e0       	ldi	r24, 0x01	; 1
    5062:	80 93 0c 06 	sts	0x060C, r24	; 0x80060c <vox_tx>
/home/jgalera/develop/arduino/usdx/usdx_plus_orange/usdx_plus_orange.ino:507
        switch_rxtx(255);
    5066:	8f ef       	ldi	r24, 0xFF	; 255
    5068:	0e 94 07 14 	call	0x280e	; 0x280e <switch_rxtx(unsigned char)>
/home/jgalera/develop/arduino/usdx/usdx_plus_orange/usdx_plus_orange.ino:526
#endif // VOX_ENABLE

#ifdef CW_DECODER
  // if((mode == CW) && cwdec) cw_decode();  // if(!(semi_qsk_timeout))
  // cw_decode(); else dec2();
  if ((mode == CW) && cwdec && ((!tx) && (!semi_qsk_timeout)))
    506c:	80 91 cd 01 	lds	r24, 0x01CD	; 0x8001cd <mode>
    5070:	82 30       	cpi	r24, 0x02	; 2
    5072:	09 f0       	breq	.+2      	; 0x5076 <main+0xa58>
    5074:	7c c0       	rjmp	.+248    	; 0x516e <main+0xb50>
    5076:	80 91 cc 01 	lds	r24, 0x01CC	; 0x8001cc <cwdec>
    507a:	88 23       	and	r24, r24
    507c:	09 f4       	brne	.+2      	; 0x5080 <main+0xa62>
    507e:	77 c0       	rjmp	.+238    	; 0x516e <main+0xb50>
    5080:	80 91 0b 06 	lds	r24, 0x060B	; 0x80060b <tx>
    5084:	81 11       	cpse	r24, r1
    5086:	73 c0       	rjmp	.+230    	; 0x516e <main+0xb50>
    5088:	80 91 07 06 	lds	r24, 0x0607	; 0x800607 <semi_qsk_timeout>
    508c:	90 91 08 06 	lds	r25, 0x0608	; 0x800608 <semi_qsk_timeout+0x1>
    5090:	a0 91 09 06 	lds	r26, 0x0609	; 0x800609 <semi_qsk_timeout+0x2>
    5094:	b0 91 0a 06 	lds	r27, 0x060A	; 0x80060a <semi_qsk_timeout+0x3>
    5098:	89 2b       	or	r24, r25
    509a:	8a 2b       	or	r24, r26
    509c:	8b 2b       	or	r24, r27
    509e:	09 f0       	breq	.+2      	; 0x50a2 <main+0xa84>
    50a0:	66 c0       	rjmp	.+204    	; 0x516e <main+0xb50>
cw_decode():
/home/jgalera/develop/arduino/usdx/usdx_plus_orange/src/dsp/dsp.cpp:559
uint32_t lowduration;
uint32_t laststarttime = 0;
uint8_t wpm = 25;

void cw_decode() {
  int32_t in = _amp32;
    50a2:	80 90 d2 05 	lds	r8, 0x05D2	; 0x8005d2 <_amp32>
    50a6:	90 90 d3 05 	lds	r9, 0x05D3	; 0x8005d3 <_amp32+0x1>
    50aa:	a0 90 d4 05 	lds	r10, 0x05D4	; 0x8005d4 <_amp32+0x2>
    50ae:	b0 90 d5 05 	lds	r11, 0x05D5	; 0x8005d5 <_amp32+0x3>
/home/jgalera/develop/arduino/usdx/usdx_plus_orange/src/dsp/dsp.cpp:560
  EA(avg, in, (1 << 8));
    50b2:	c0 90 6d 01 	lds	r12, 0x016D	; 0x80016d <avg>
    50b6:	d0 90 6e 01 	lds	r13, 0x016E	; 0x80016e <avg+0x1>
    50ba:	e0 90 6f 01 	lds	r14, 0x016F	; 0x80016f <avg+0x2>
    50be:	f0 90 70 01 	lds	r15, 0x0170	; 0x800170 <avg+0x3>
    50c2:	c5 01       	movw	r24, r10
    50c4:	b4 01       	movw	r22, r8
    50c6:	6c 19       	sub	r22, r12
    50c8:	7d 09       	sbc	r23, r13
    50ca:	8e 09       	sbc	r24, r14
    50cc:	9f 09       	sbc	r25, r15
    50ce:	20 e0       	ldi	r18, 0x00	; 0
    50d0:	31 e0       	ldi	r19, 0x01	; 1
    50d2:	40 e0       	ldi	r20, 0x00	; 0
    50d4:	50 e0       	ldi	r21, 0x00	; 0
    50d6:	0e 94 da 39 	call	0x73b4	; 0x73b4 <__divmodsi4>
    50da:	c2 0e       	add	r12, r18
    50dc:	d3 1e       	adc	r13, r19
    50de:	e4 1e       	adc	r14, r20
    50e0:	f5 1e       	adc	r15, r21
    50e2:	c0 92 6d 01 	sts	0x016D, r12	; 0x80016d <avg>
    50e6:	d0 92 6e 01 	sts	0x016E, r13	; 0x80016e <avg+0x1>
    50ea:	e0 92 6f 01 	sts	0x016F, r14	; 0x80016f <avg+0x2>
    50ee:	f0 92 70 01 	sts	0x0170, r15	; 0x800170 <avg+0x3>
/home/jgalera/develop/arduino/usdx/usdx_plus_orange/src/dsp/dsp.cpp:561
  realstate = (in > (avg * 1 / 2)); // threshold
    50f2:	c7 01       	movw	r24, r14
    50f4:	b6 01       	movw	r22, r12
    50f6:	22 e0       	ldi	r18, 0x02	; 2
    50f8:	30 e0       	ldi	r19, 0x00	; 0
    50fa:	40 e0       	ldi	r20, 0x00	; 0
    50fc:	50 e0       	ldi	r21, 0x00	; 0
    50fe:	0e 94 da 39 	call	0x73b4	; 0x73b4 <__divmodsi4>
    5102:	11 e0       	ldi	r17, 0x01	; 1
    5104:	28 15       	cp	r18, r8
    5106:	39 05       	cpc	r19, r9
    5108:	4a 05       	cpc	r20, r10
    510a:	5b 05       	cpc	r21, r11
    510c:	0c f0       	brlt	.+2      	; 0x5110 <main+0xaf2>
    510e:	10 e0       	ldi	r17, 0x00	; 0
    5110:	10 93 d1 05 	sts	0x05D1, r17	; 0x8005d1 <realstate>
/home/jgalera/develop/arduino/usdx/usdx_plus_orange/src/dsp/dsp.cpp:564

  // here we clean up the state with a noise blanker
  if (realstate != realstatebefore) {
    5114:	80 91 d0 05 	lds	r24, 0x05D0	; 0x8005d0 <realstatebefore>
    5118:	18 17       	cp	r17, r24
    511a:	51 f0       	breq	.+20     	; 0x5130 <main+0xb12>
/home/jgalera/develop/arduino/usdx/usdx_plus_orange/src/dsp/dsp.cpp:565
    laststarttime = millis();
    511c:	0e 94 40 04 	call	0x880	; 0x880 <millis>
    5120:	60 93 cc 05 	sts	0x05CC, r22	; 0x8005cc <laststarttime>
    5124:	70 93 cd 05 	sts	0x05CD, r23	; 0x8005cd <laststarttime+0x1>
    5128:	80 93 ce 05 	sts	0x05CE, r24	; 0x8005ce <laststarttime+0x2>
    512c:	90 93 cf 05 	sts	0x05CF, r25	; 0x8005cf <laststarttime+0x3>
/home/jgalera/develop/arduino/usdx/usdx_plus_orange/src/dsp/dsp.cpp:574
// side-effect with fast speed changes that fast CW will be filtered out
#ifdef NB_SCALED_TO_WPM
  if ((millis() - laststarttime) >
      min(1200 / (20 * 2), max(1200 / (40 * 2), hightimesavg / 6))) {
#else
  if ((millis() - laststarttime) > nbtime) {
    5130:	0e 94 40 04 	call	0x880	; 0x880 <millis>
    5134:	80 90 cc 05 	lds	r8, 0x05CC	; 0x8005cc <laststarttime>
    5138:	90 90 cd 05 	lds	r9, 0x05CD	; 0x8005cd <laststarttime+0x1>
    513c:	a0 90 ce 05 	lds	r10, 0x05CE	; 0x8005ce <laststarttime+0x2>
    5140:	b0 90 cf 05 	lds	r11, 0x05CF	; 0x8005cf <laststarttime+0x3>
    5144:	68 19       	sub	r22, r8
    5146:	79 09       	sbc	r23, r9
    5148:	8a 09       	sbc	r24, r10
    514a:	9b 09       	sbc	r25, r11
    514c:	61 31       	cpi	r22, 0x11	; 17
    514e:	71 05       	cpc	r23, r1
    5150:	81 05       	cpc	r24, r1
    5152:	91 05       	cpc	r25, r1
    5154:	08 f4       	brcc	.+2      	; 0x5158 <main+0xb3a>
    5156:	58 c0       	rjmp	.+176    	; 0x5208 <main+0xbea>
/home/jgalera/develop/arduino/usdx/usdx_plus_orange/src/dsp/dsp.cpp:576
#endif
    if (realstate != filteredstate) {
    5158:	80 91 cb 05 	lds	r24, 0x05CB	; 0x8005cb <filteredstate>
    515c:	18 13       	cpse	r17, r24
/home/jgalera/develop/arduino/usdx/usdx_plus_orange/src/dsp/dsp.cpp:577
      filteredstate = realstate;
    515e:	10 93 cb 05 	sts	0x05CB, r17	; 0x8005cb <filteredstate>
/home/jgalera/develop/arduino/usdx/usdx_plus_orange/src/dsp/dsp.cpp:585
  } else
    avg +=
        avg /
        100; // keep threshold above noise spikes (increase threshold with 1%)

  dec2();
    5162:	0e 94 c3 11 	call	0x2386	; 0x2386 <dec2()>
/home/jgalera/develop/arduino/usdx/usdx_plus_orange/src/dsp/dsp.cpp:586
  realstatebefore = realstate;
    5166:	80 91 d1 05 	lds	r24, 0x05D1	; 0x8005d1 <realstate>
    516a:	80 93 d0 05 	sts	0x05D0, r24	; 0x8005d0 <realstatebefore>
loop():
/home/jgalera/develop/arduino/usdx/usdx_plus_orange/usdx_plus_orange.ino:530
    cw_decode(); // CW decoder only active during RX
#endif           // CW_DECODER

  if (menumode == 0) { // in main
    516e:	80 91 06 06 	lds	r24, 0x0606	; 0x800606 <menumode>
    5172:	81 11       	cpse	r24, r1
    5174:	2a c0       	rjmp	.+84     	; 0x51ca <main+0xbac>
/home/jgalera/develop/arduino/usdx/usdx_plus_orange/usdx_plus_orange.ino:532
#ifdef CW_DECODER
    if (cw_event) {
    5176:	80 91 17 06 	lds	r24, 0x0617	; 0x800617 <cw_event>
    517a:	88 23       	and	r24, r24
    517c:	09 f4       	brne	.+2      	; 0x5180 <main+0xb62>
    517e:	59 c0       	rjmp	.+178    	; 0x5232 <main+0xc14>
/home/jgalera/develop/arduino/usdx/usdx_plus_orange/usdx_plus_orange.ino:533
      uint8_t offset = (uint8_t[]){
    5180:	87 e0       	ldi	r24, 0x07	; 7
    5182:	ef ed       	ldi	r30, 0xDF	; 223
    5184:	f1 e0       	ldi	r31, 0x01	; 1
    5186:	de 01       	movw	r26, r28
    5188:	11 96       	adiw	r26, 0x01	; 1
    518a:	01 90       	ld	r0, Z+
    518c:	0d 92       	st	X+, r0
    518e:	8a 95       	dec	r24
    5190:	e1 f7       	brne	.-8      	; 0x518a <main+0xb6c>
/home/jgalera/develop/arduino/usdx/usdx_plus_orange/usdx_plus_orange.ino:534
          0, 7, 3, 5, 3, 7, 8}[smode]; // depending on smeter more/less cw-text
    5192:	e0 91 cb 01 	lds	r30, 0x01CB	; 0x8001cb <smode>
    5196:	81 e0       	ldi	r24, 0x01	; 1
    5198:	90 e0       	ldi	r25, 0x00	; 0
    519a:	8c 0f       	add	r24, r28
    519c:	9d 1f       	adc	r25, r29
    519e:	8e 0f       	add	r24, r30
    51a0:	91 1d       	adc	r25, r1
    51a2:	fc 01       	movw	r30, r24
    51a4:	10 81       	ld	r17, Z
_ZN3LCD8noCursorEv.isra.13():
/home/jgalera/develop/arduino/usdx/usdx_plus_orange/src/driver/display.h:193
#endif
  void cursor() { cmd(0x0e); }
  void noCursor() { cmd(0x0c); }
    51a6:	8c e0       	ldi	r24, 0x0C	; 12
    51a8:	0e 94 80 18 	call	0x3100	; 0x3100 <LCD::cmd(unsigned char) [clone .isra.11]>
loop():
/home/jgalera/develop/arduino/usdx/usdx_plus_orange/usdx_plus_orange.ino:555
      } else
        cw_event = false; // since an oled string write would hold-up reliable
                          // decoding/keying, write only a single char each time
                          // and continue
#else
      cw_event = false;
    51ac:	10 92 17 06 	sts	0x0617, r1	; 0x800617 <cw_event>
_ZN3LCD9setCursorEhh():
/home/jgalera/develop/arduino/usdx/usdx_plus_orange/src/driver/display.h:190
#ifdef CONDENSED
  void setCursor(uint8_t x, uint8_t y) {
    cmd(0x80 | (x + (uint8_t[]){0x00, 0x40, 0x00 + 20, 0x40 + 20}[y]));
  }
#else
  void setCursor(uint8_t x, uint8_t y) { cmd(0x80 | (x + y * 0x40)); }
    51b0:	80 e8       	ldi	r24, 0x80	; 128
    51b2:	0e 94 80 18 	call	0x3100	; 0x3100 <LCD::cmd(unsigned char) [clone .isra.11]>
loop():
/home/jgalera/develop/arduino/usdx/usdx_plus_orange/usdx_plus_orange.ino:557
      lcd.setCursor(0, 0);
      lcd.print(out + offset);
    51b6:	61 2f       	mov	r22, r17
    51b8:	70 e0       	ldi	r23, 0x00	; 0
    51ba:	62 53       	subi	r22, 0x32	; 50
    51bc:	7e 4f       	sbci	r23, 0xFE	; 254
    51be:	87 eb       	ldi	r24, 0xB7	; 183
    51c0:	96 e0       	ldi	r25, 0x06	; 6
    51c2:	0e 94 2f 1a 	call	0x345e	; 0x345e <Print::print(char const*)>
/home/jgalera/develop/arduino/usdx/usdx_plus_orange/usdx_plus_orange.ino:559
#endif
      stepsize_showcursor();
    51c6:	0e 94 ba 11 	call	0x2374	; 0x2374 <stepsize_showcursor()>
/home/jgalera/develop/arduino/usdx/usdx_plus_orange/usdx_plus_orange.ino:567
      if ((!semi_qsk_timeout) && (!vox_tx))
        smeter();
  }

#ifdef KEYER                                // Keyer
  if (mode == CW && keyer_mode != SINGLE) { // check DIT/DAH keys for CW
    51ca:	10 91 cd 01 	lds	r17, 0x01CD	; 0x8001cd <mode>
    51ce:	12 30       	cpi	r17, 0x02	; 2
    51d0:	29 f4       	brne	.+10     	; 0x51dc <main+0xbbe>
    51d2:	80 91 ca 01 	lds	r24, 0x01CA	; 0x8001ca <keyer_mode>
    51d6:	82 30       	cpi	r24, 0x02	; 2
    51d8:	09 f0       	breq	.+2      	; 0x51dc <main+0xbbe>
    51da:	8a c1       	rjmp	.+788    	; 0x54f0 <main+0xed2>
/home/jgalera/develop/arduino/usdx/usdx_plus_orange/usdx_plus_orange.ino:637

  } else {
#endif // KEYER

#ifdef TX_ENABLE
    uint8_t pin = ((mode == CW) && (keyer_swap)) ? DAH : DIT;
    51dc:	80 91 cd 01 	lds	r24, 0x01CD	; 0x8001cd <mode>
    51e0:	82 30       	cpi	r24, 0x02	; 2
    51e2:	09 f4       	brne	.+2      	; 0x51e6 <main+0xbc8>
    51e4:	e2 c2       	rjmp	.+1476   	; 0x57aa <main+0x118c>
main():
    51e6:	1d e0       	ldi	r17, 0x0D	; 13
    51e8:	e6 c2       	rjmp	.+1484   	; 0x57b6 <main+0x1198>
loop():
/home/jgalera/develop/arduino/usdx/usdx_plus_orange/usdx_plus_orange.ino:511
        vox_tx = 1;
        switch_rxtx(255);
        // for(;(tx);) wdt_reset();  // while in tx (workaround for RFI feedback
        // related issue) delay(100); tx = 255;
      }
    } else if (!tx) { // VOX activated, no audio detected -> RX
    51ea:	80 91 0b 06 	lds	r24, 0x060B	; 0x80060b <tx>
    51ee:	81 11       	cpse	r24, r1
    51f0:	3d cf       	rjmp	.-390    	; 0x506c <main+0xa4e>
/home/jgalera/develop/arduino/usdx/usdx_plus_orange/usdx_plus_orange.ino:512
      switch_rxtx(0);
    51f2:	0e 94 07 14 	call	0x280e	; 0x280e <switch_rxtx(unsigned char)>
/home/jgalera/develop/arduino/usdx/usdx_plus_orange/usdx_plus_orange.ino:513
      vox_tx = 0;
    51f6:	10 92 0c 06 	sts	0x060C, r1	; 0x80060c <vox_tx>
/home/jgalera/develop/arduino/usdx/usdx_plus_orange/usdx_plus_orange.ino:514
      delay(32); // delay(10);
    51fa:	60 e2       	ldi	r22, 0x20	; 32
    51fc:	70 e0       	ldi	r23, 0x00	; 0
    51fe:	80 e0       	ldi	r24, 0x00	; 0
    5200:	90 e0       	ldi	r25, 0x00	; 0
    5202:	0e 94 0d 04 	call	0x81a	; 0x81a <delay>
    5206:	32 cf       	rjmp	.-412    	; 0x506c <main+0xa4e>
cw_decode():
/home/jgalera/develop/arduino/usdx/usdx_plus_orange/src/dsp/dsp.cpp:582
      filteredstate = realstate;
      // dec2();
    }
  } else
    avg +=
        avg /
    5208:	c7 01       	movw	r24, r14
    520a:	b6 01       	movw	r22, r12
    520c:	24 e6       	ldi	r18, 0x64	; 100
    520e:	30 e0       	ldi	r19, 0x00	; 0
    5210:	40 e0       	ldi	r20, 0x00	; 0
    5212:	50 e0       	ldi	r21, 0x00	; 0
    5214:	0e 94 da 39 	call	0x73b4	; 0x73b4 <__divmodsi4>
/home/jgalera/develop/arduino/usdx/usdx_plus_orange/src/dsp/dsp.cpp:581
    if (realstate != filteredstate) {
      filteredstate = realstate;
      // dec2();
    }
  } else
    avg +=
    5218:	c2 0e       	add	r12, r18
    521a:	d3 1e       	adc	r13, r19
    521c:	e4 1e       	adc	r14, r20
    521e:	f5 1e       	adc	r15, r21
    5220:	c0 92 6d 01 	sts	0x016D, r12	; 0x80016d <avg>
    5224:	d0 92 6e 01 	sts	0x016E, r13	; 0x80016e <avg+0x1>
    5228:	e0 92 6f 01 	sts	0x016F, r14	; 0x80016f <avg+0x2>
    522c:	f0 92 70 01 	sts	0x0170, r15	; 0x800170 <avg+0x3>
    5230:	98 cf       	rjmp	.-208    	; 0x5162 <main+0xb44>
loop():
/home/jgalera/develop/arduino/usdx/usdx_plus_orange/usdx_plus_orange.ino:562
      lcd.print(out + offset);
#endif
      stepsize_showcursor();
    } else
#endif // CW_DECODER
      if ((!semi_qsk_timeout) && (!vox_tx))
    5232:	80 91 07 06 	lds	r24, 0x0607	; 0x800607 <semi_qsk_timeout>
    5236:	90 91 08 06 	lds	r25, 0x0608	; 0x800608 <semi_qsk_timeout+0x1>
    523a:	a0 91 09 06 	lds	r26, 0x0609	; 0x800609 <semi_qsk_timeout+0x2>
    523e:	b0 91 0a 06 	lds	r27, 0x060A	; 0x80060a <semi_qsk_timeout+0x3>
    5242:	89 2b       	or	r24, r25
    5244:	8a 2b       	or	r24, r26
    5246:	8b 2b       	or	r24, r27
    5248:	09 f0       	breq	.+2      	; 0x524c <main+0xc2e>
    524a:	bf cf       	rjmp	.-130    	; 0x51ca <main+0xbac>
    524c:	80 91 0c 06 	lds	r24, 0x060C	; 0x80060c <vox_tx>
    5250:	81 11       	cpse	r24, r1
    5252:	bb cf       	rjmp	.-138    	; 0x51ca <main+0xbac>
_Z3maxIVmmEDTqultfp0_fp_fp0_fp_ERKT_RKT0_():
/home/jgalera/.arduino15/packages/MiniCore/hardware/avr/3.1.1/cores/MCUdude_corefiles/Arduino.h:320
	}

	template<class T, class L>
	auto max(const T& a, const L& b) -> decltype((b < a) ? b : a) {
		return (a < b) ? b : a;
    5254:	80 91 de 05 	lds	r24, 0x05DE	; 0x8005de <_absavg256>
    5258:	90 91 df 05 	lds	r25, 0x05DF	; 0x8005df <_absavg256+0x1>
    525c:	a0 91 e0 05 	lds	r26, 0x05E0	; 0x8005e0 <_absavg256+0x2>
    5260:	b0 91 e1 05 	lds	r27, 0x05E1	; 0x8005e1 <_absavg256+0x3>
    5264:	20 91 da 05 	lds	r18, 0x05DA	; 0x8005da <max_absavg256>
    5268:	30 91 db 05 	lds	r19, 0x05DB	; 0x8005db <max_absavg256+0x1>
    526c:	40 91 dc 05 	lds	r20, 0x05DC	; 0x8005dc <max_absavg256+0x2>
    5270:	50 91 dd 05 	lds	r21, 0x05DD	; 0x8005dd <max_absavg256+0x3>
    5274:	82 17       	cp	r24, r18
    5276:	93 07       	cpc	r25, r19
    5278:	a4 07       	cpc	r26, r20
    527a:	b5 07       	cpc	r27, r21
    527c:	40 f0       	brcs	.+16     	; 0x528e <main+0xc70>
main():
    527e:	20 91 de 05 	lds	r18, 0x05DE	; 0x8005de <_absavg256>
    5282:	30 91 df 05 	lds	r19, 0x05DF	; 0x8005df <_absavg256+0x1>
    5286:	40 91 e0 05 	lds	r20, 0x05E0	; 0x8005e0 <_absavg256+0x2>
    528a:	50 91 e1 05 	lds	r21, 0x05E1	; 0x8005e1 <_absavg256+0x3>
smeter():
/home/jgalera/develop/arduino/usdx/usdx_plus_orange/src/core/core.cpp:187
}

static int16_t smeter_cnt = 0;

int16_t smeter(int16_t ref) {
  max_absavg256 = max(_absavg256, max_absavg256);
    528e:	20 93 da 05 	sts	0x05DA, r18	; 0x8005da <max_absavg256>
    5292:	30 93 db 05 	sts	0x05DB, r19	; 0x8005db <max_absavg256+0x1>
    5296:	40 93 dc 05 	sts	0x05DC, r20	; 0x8005dc <max_absavg256+0x2>
    529a:	50 93 dd 05 	sts	0x05DD, r21	; 0x8005dd <max_absavg256+0x3>
/home/jgalera/develop/arduino/usdx/usdx_plus_orange/src/core/core.cpp:189

  if ((smode) && ((++smeter_cnt % 2048) == 0)) {
    529e:	80 91 cb 01 	lds	r24, 0x01CB	; 0x8001cb <smode>
    52a2:	88 23       	and	r24, r24
    52a4:	09 f4       	brne	.+2      	; 0x52a8 <main+0xc8a>
    52a6:	91 cf       	rjmp	.-222    	; 0x51ca <main+0xbac>
    52a8:	80 91 d8 05 	lds	r24, 0x05D8	; 0x8005d8 <smeter_cnt>
    52ac:	90 91 d9 05 	lds	r25, 0x05D9	; 0x8005d9 <smeter_cnt+0x1>
    52b0:	01 96       	adiw	r24, 0x01	; 1
    52b2:	90 93 d9 05 	sts	0x05D9, r25	; 0x8005d9 <smeter_cnt+0x1>
    52b6:	80 93 d8 05 	sts	0x05D8, r24	; 0x8005d8 <smeter_cnt>
    52ba:	97 70       	andi	r25, 0x07	; 7
    52bc:	89 2b       	or	r24, r25
    52be:	09 f0       	breq	.+2      	; 0x52c2 <main+0xca4>
    52c0:	84 cf       	rjmp	.-248    	; 0x51ca <main+0xbac>
log10_fix():
/home/jgalera/develop/arduino/usdx/usdx_plus_orange/src/core/core.cpp:173
int16_t dbm;

const uint16_t log10_lut[] = {0, 301, 477, 602, 699, 778, 845, 903, 954};

int32_t log10_fix(uint32_t n) {
  if (n == 0)
    52c2:	21 15       	cp	r18, r1
    52c4:	31 05       	cpc	r19, r1
    52c6:	41 05       	cpc	r20, r1
    52c8:	51 05       	cpc	r21, r1
    52ca:	09 f4       	brne	.+2      	; 0x52ce <main+0xcb0>
    52cc:	f6 c0       	rjmp	.+492    	; 0x54ba <main+0xe9c>
main():
/home/jgalera/develop/arduino/usdx/usdx_plus_orange/src/core/core.cpp:175
    return -32768;
  int32_t l = 0;
    52ce:	c1 2c       	mov	r12, r1
    52d0:	d1 2c       	mov	r13, r1
    52d2:	76 01       	movw	r14, r12
log10_fix():
/home/jgalera/develop/arduino/usdx/usdx_plus_orange/src/core/core.cpp:177
  uint32_t n_copy = n;
  while (n_copy >= 10) {
    52d4:	2a 30       	cpi	r18, 0x0A	; 10
    52d6:	31 05       	cpc	r19, r1
    52d8:	41 05       	cpc	r20, r1
    52da:	51 05       	cpc	r21, r1
    52dc:	60 f0       	brcs	.+24     	; 0x52f6 <main+0xcd8>
/home/jgalera/develop/arduino/usdx/usdx_plus_orange/src/core/core.cpp:178
    n_copy /= 10;
    52de:	ca 01       	movw	r24, r20
    52e0:	b9 01       	movw	r22, r18
    52e2:	a3 01       	movw	r20, r6
    52e4:	92 01       	movw	r18, r4
    52e6:	0e 94 b8 39 	call	0x7370	; 0x7370 <__udivmodsi4>
/home/jgalera/develop/arduino/usdx/usdx_plus_orange/src/core/core.cpp:179
    l++;
    52ea:	9f ef       	ldi	r25, 0xFF	; 255
    52ec:	c9 1a       	sub	r12, r25
    52ee:	d9 0a       	sbc	r13, r25
    52f0:	e9 0a       	sbc	r14, r25
    52f2:	f9 0a       	sbc	r15, r25
    52f4:	ef cf       	rjmp	.-34     	; 0x52d4 <main+0xcb6>
smeter():
/home/jgalera/develop/arduino/usdx/usdx_plus_orange/src/core/core.cpp:194
  if ((smode) && ((++smeter_cnt % 2048) == 0)) {
    int32_t log_val = log10_fix(max_absavg256);
    if (log_val > -32768) {
      int32_t dbm_scaled;
      if (dsp_cap == SDR) {
        dbm_scaled = (20 * log_val) / 1000 + 6 * att2 - 185;
    52f6:	10 91 72 01 	lds	r17, 0x0172	; 0x800172 <att2>
log10_fix():
/home/jgalera/develop/arduino/usdx/usdx_plus_orange/src/core/core.cpp:181
  uint32_t n_copy = n;
  while (n_copy >= 10) {
    n_copy /= 10;
    l++;
  }
  return l * 1000 + log10_lut[n_copy - 1];
    52fa:	21 50       	subi	r18, 0x01	; 1
    52fc:	31 09       	sbc	r19, r1
    52fe:	41 09       	sbc	r20, r1
    5300:	51 09       	sbc	r21, r1
    5302:	22 0f       	add	r18, r18
    5304:	33 1f       	adc	r19, r19
    5306:	2a 51       	subi	r18, 0x1A	; 26
    5308:	3e 4f       	sbci	r19, 0xFE	; 254
    530a:	d9 01       	movw	r26, r18
    530c:	ed 91       	ld	r30, X+
    530e:	fc 91       	ld	r31, X
    5310:	a8 ee       	ldi	r26, 0xE8	; 232
    5312:	b3 e0       	ldi	r27, 0x03	; 3
    5314:	a7 01       	movw	r20, r14
    5316:	96 01       	movw	r18, r12
    5318:	0e 94 1d 3a 	call	0x743a	; 0x743a <__muluhisi3>
    531c:	6e 0f       	add	r22, r30
    531e:	7f 1f       	adc	r23, r31
    5320:	81 1d       	adc	r24, r1
    5322:	91 1d       	adc	r25, r1
smeter():
/home/jgalera/develop/arduino/usdx/usdx_plus_orange/src/core/core.cpp:194
  if ((smode) && ((++smeter_cnt % 2048) == 0)) {
    int32_t log_val = log10_fix(max_absavg256);
    if (log_val > -32768) {
      int32_t dbm_scaled;
      if (dsp_cap == SDR) {
        dbm_scaled = (20 * log_val) / 1000 + 6 * att2 - 185;
    5324:	22 e3       	ldi	r18, 0x32	; 50
    5326:	30 e0       	ldi	r19, 0x00	; 0
    5328:	40 e0       	ldi	r20, 0x00	; 0
    532a:	50 e0       	ldi	r21, 0x00	; 0
    532c:	0e 94 da 39 	call	0x73b4	; 0x73b4 <__divmodsi4>
    5330:	b6 e0       	ldi	r27, 0x06	; 6
    5332:	1b 9f       	mul	r17, r27
    5334:	c0 01       	movw	r24, r0
    5336:	11 24       	eor	r1, r1
    5338:	09 2e       	mov	r0, r25
    533a:	00 0c       	add	r0, r0
    533c:	aa 0b       	sbc	r26, r26
    533e:	bb 0b       	sbc	r27, r27
    5340:	82 0f       	add	r24, r18
    5342:	93 1f       	adc	r25, r19
    5344:	a4 1f       	adc	r26, r20
    5346:	b5 1f       	adc	r27, r21
    5348:	9c 01       	movw	r18, r24
    534a:	ad 01       	movw	r20, r26
    534c:	29 5b       	subi	r18, 0xB9	; 185
    534e:	31 09       	sbc	r19, r1
    5350:	41 09       	sbc	r20, r1
    5352:	51 09       	sbc	r21, r1
/home/jgalera/develop/arduino/usdx/usdx_plus_orange/src/core/core.cpp:198
      } else {
        dbm_scaled = (20 * log_val) / 1000 + 6 * att2 - 176;
      }
      dbm = dbm_scaled - ref;
    5354:	30 93 d7 05 	sts	0x05D7, r19	; 0x8005d7 <dbm+0x1>
    5358:	20 93 d6 05 	sts	0x05D6, r18	; 0x8005d6 <dbm>
/home/jgalera/develop/arduino/usdx/usdx_plus_orange/src/core/core.cpp:203
    } else {
      dbm = -127 - ref;
    }

    lcd.noCursor();
    535c:	0e 94 96 11 	call	0x232c	; 0x232c <LCD::noCursor() [clone .isra.5]>
/home/jgalera/develop/arduino/usdx/usdx_plus_orange/src/core/core.cpp:204
    if (smode == 1) {
    5360:	80 91 cb 01 	lds	r24, 0x01CB	; 0x8001cb <smode>
    5364:	81 30       	cpi	r24, 0x01	; 1
    5366:	79 f4       	brne	.+30     	; 0x5386 <main+0xd68>
_ZN3LCD9setCursorEhh():
/home/jgalera/develop/arduino/usdx/usdx_plus_orange/src/driver/display.h:190
    5368:	89 e8       	ldi	r24, 0x89	; 137
    536a:	0e 94 8b 11 	call	0x2316	; 0x2316 <LCD::cmd(unsigned char) [clone .isra.3] [clone .lto_priv.45]>
smeter():
/home/jgalera/develop/arduino/usdx/usdx_plus_orange/src/core/core.cpp:206
      lcd.setCursor(9, 0);
      lcd.print((int16_t)dbm);
    536e:	60 91 d6 05 	lds	r22, 0x05D6	; 0x8005d6 <dbm>
    5372:	70 91 d7 05 	lds	r23, 0x05D7	; 0x8005d7 <dbm+0x1>
    5376:	87 eb       	ldi	r24, 0xB7	; 183
    5378:	96 e0       	ldi	r25, 0x06	; 6
    537a:	0e 94 f1 19 	call	0x33e2	; 0x33e2 <Print::print(int, int) [clone .constprop.27]>
/home/jgalera/develop/arduino/usdx/usdx_plus_orange/src/core/core.cpp:207
      lcd.print(F("dBm "));
    537e:	89 ef       	ldi	r24, 0xF9	; 249
    5380:	91 e0       	ldi	r25, 0x01	; 1
    5382:	0e 94 af 18 	call	0x315e	; 0x315e <Print::print(__FlashStringHelper const*) [clone .constprop.29]>
/home/jgalera/develop/arduino/usdx/usdx_plus_orange/src/core/core.cpp:209
    }
    if (smode == 2) {
    5386:	80 91 cb 01 	lds	r24, 0x01CB	; 0x8001cb <smode>
    538a:	82 30       	cpi	r24, 0x02	; 2
    538c:	19 f5       	brne	.+70     	; 0x53d4 <main+0xdb6>
/home/jgalera/develop/arduino/usdx/usdx_plus_orange/src/core/core.cpp:211
      uint8_t s =
          (dbm < -63) ? ((dbm - -127) / 6) : (((uint8_t)(dbm - -73)) / 10) * 10;
    538e:	80 91 d6 05 	lds	r24, 0x05D6	; 0x8005d6 <dbm>
    5392:	90 91 d7 05 	lds	r25, 0x05D7	; 0x8005d7 <dbm+0x1>
/home/jgalera/develop/arduino/usdx/usdx_plus_orange/src/core/core.cpp:210
      lcd.setCursor(9, 0);
      lcd.print((int16_t)dbm);
      lcd.print(F("dBm "));
    }
    if (smode == 2) {
      uint8_t s =
    5396:	81 3c       	cpi	r24, 0xC1	; 193
    5398:	ef ef       	ldi	r30, 0xFF	; 255
    539a:	9e 07       	cpc	r25, r30
    539c:	0c f0       	brlt	.+2      	; 0x53a0 <main+0xd82>
    539e:	94 c0       	rjmp	.+296    	; 0x54c8 <main+0xeaa>
/home/jgalera/develop/arduino/usdx/usdx_plus_orange/src/core/core.cpp:211
          (dbm < -63) ? ((dbm - -127) / 6) : (((uint8_t)(dbm - -73)) / 10) * 10;
    53a0:	81 58       	subi	r24, 0x81	; 129
    53a2:	9f 4f       	sbci	r25, 0xFF	; 255
    53a4:	66 e0       	ldi	r22, 0x06	; 6
    53a6:	70 e0       	ldi	r23, 0x00	; 0
    53a8:	0e 94 a4 39 	call	0x7348	; 0x7348 <__divmodhi4>
/home/jgalera/develop/arduino/usdx/usdx_plus_orange/src/core/core.cpp:210
      lcd.setCursor(9, 0);
      lcd.print((int16_t)dbm);
      lcd.print(F("dBm "));
    }
    if (smode == 2) {
      uint8_t s =
    53ac:	16 2f       	mov	r17, r22
_ZN3LCD9setCursorEhh():
/home/jgalera/develop/arduino/usdx/usdx_plus_orange/src/driver/display.h:190
    53ae:	8e e8       	ldi	r24, 0x8E	; 142
    53b0:	0e 94 8b 11 	call	0x2316	; 0x2316 <LCD::cmd(unsigned char) [clone .isra.3] [clone .lto_priv.45]>
smeter():
/home/jgalera/develop/arduino/usdx/usdx_plus_orange/src/core/core.cpp:213
          (dbm < -63) ? ((dbm - -127) / 6) : (((uint8_t)(dbm - -73)) / 10) * 10;
      lcd.setCursor(14, 0);
      if (s < 10)
    53b4:	1a 30       	cpi	r17, 0x0A	; 10
    53b6:	28 f4       	brcc	.+10     	; 0x53c2 <main+0xda4>
/home/jgalera/develop/arduino/usdx/usdx_plus_orange/src/core/core.cpp:214
        lcd.print('S');
    53b8:	63 e5       	ldi	r22, 0x53	; 83
    53ba:	87 eb       	ldi	r24, 0xB7	; 183
    53bc:	96 e0       	ldi	r25, 0x06	; 6
    53be:	0e 94 4c 04 	call	0x898	; 0x898 <Print::print(char)>
print():
/home/jgalera/.arduino15/packages/MiniCore/hardware/avr/3.1.1/cores/MCUdude_corefiles/Print.cpp:74
  return write(c);
}

size_t Print::print(unsigned char b, int base)
{
  return print((unsigned long) b, base);
    53c2:	41 2f       	mov	r20, r17
    53c4:	50 e0       	ldi	r21, 0x00	; 0
    53c6:	70 e0       	ldi	r23, 0x00	; 0
    53c8:	60 e0       	ldi	r22, 0x00	; 0
/home/jgalera/.arduino15/packages/MiniCore/hardware/avr/3.1.1/cores/MCUdude_corefiles/Print.cpp:106
}

size_t Print::print(unsigned long n, int base)
{
  if (base == 0) return write(n);
  else return printNumber(n, base);
    53ca:	2a e0       	ldi	r18, 0x0A	; 10
    53cc:	87 eb       	ldi	r24, 0xB7	; 183
    53ce:	96 e0       	ldi	r25, 0x06	; 6
    53d0:	0e 94 73 19 	call	0x32e6	; 0x32e6 <Print::printNumber(unsigned long, unsigned char)>
smeter():
/home/jgalera/develop/arduino/usdx/usdx_plus_orange/src/core/core.cpp:217
      lcd.print(s);
    }
    if (smode == 3) {
    53d4:	80 91 cb 01 	lds	r24, 0x01CB	; 0x8001cb <smode>
    53d8:	83 30       	cpi	r24, 0x03	; 3
    53da:	e9 f5       	brne	.+122    	; 0x5456 <main+0xe38>
/home/jgalera/develop/arduino/usdx/usdx_plus_orange/src/core/core.cpp:219
      int8_t s =
          (dbm < -63) ? ((dbm - -127) / 6) : (((uint8_t)(dbm - -73)) / 10) * 10;
    53dc:	80 91 d6 05 	lds	r24, 0x05D6	; 0x8005d6 <dbm>
    53e0:	90 91 d7 05 	lds	r25, 0x05D7	; 0x8005d7 <dbm+0x1>
/home/jgalera/develop/arduino/usdx/usdx_plus_orange/src/core/core.cpp:218
      if (s < 10)
        lcd.print('S');
      lcd.print(s);
    }
    if (smode == 3) {
      int8_t s =
    53e4:	81 3c       	cpi	r24, 0xC1	; 193
    53e6:	ff ef       	ldi	r31, 0xFF	; 255
    53e8:	9f 07       	cpc	r25, r31
    53ea:	0c f0       	brlt	.+2      	; 0x53ee <main+0xdd0>
    53ec:	76 c0       	rjmp	.+236    	; 0x54da <main+0xebc>
/home/jgalera/develop/arduino/usdx/usdx_plus_orange/src/core/core.cpp:219
          (dbm < -63) ? ((dbm - -127) / 6) : (((uint8_t)(dbm - -73)) / 10) * 10;
    53ee:	81 58       	subi	r24, 0x81	; 129
    53f0:	9f 4f       	sbci	r25, 0xFF	; 255
    53f2:	66 e0       	ldi	r22, 0x06	; 6
    53f4:	70 e0       	ldi	r23, 0x00	; 0
    53f6:	0e 94 a4 39 	call	0x7348	; 0x7348 <__divmodhi4>
    53fa:	fe 01       	movw	r30, r28
    53fc:	31 96       	adiw	r30, 0x01	; 1
    53fe:	74 ef       	ldi	r23, 0xF4	; 244
    5400:	76 0f       	add	r23, r22
    5402:	8f 01       	movw	r16, r30
/home/jgalera/develop/arduino/usdx/usdx_plus_orange/src/core/core.cpp:222
      char tmp[5];
      for (uint8_t i = 0; i != 4; i++) {
        tmp[i] = max(2, min(5, s + 1));
    5404:	25 e0       	ldi	r18, 0x05	; 5
    5406:	30 e0       	ldi	r19, 0x00	; 0
    5408:	42 e0       	ldi	r20, 0x02	; 2
    540a:	50 e0       	ldi	r21, 0x00	; 0
    540c:	86 2f       	mov	r24, r22
    540e:	06 2e       	mov	r0, r22
    5410:	00 0c       	add	r0, r0
    5412:	99 0b       	sbc	r25, r25
    5414:	01 96       	adiw	r24, 0x01	; 1
    5416:	9e 87       	std	Y+14, r25	; 0x0e
    5418:	8d 87       	std	Y+13, r24	; 0x0d
    541a:	3c 87       	std	Y+12, r19	; 0x0c
    541c:	2b 87       	std	Y+11, r18	; 0x0b
main():
/home/jgalera/.arduino15/packages/MiniCore/hardware/avr/3.1.1/cores/MCUdude_corefiles/Arduino.h:315
		return x > 0 ? x : -x;
	}

	template<class T, class L>
	auto min(const T& a, const L& b) -> decltype((b < a) ? b : a) {
		return (b < a) ? b : a;
    541e:	de 01       	movw	r26, r28
_Z3minIiiEDTqultfp0_fp_fp0_fp_ERKT_RKT0_():
    5420:	05 97       	sbiw	r24, 0x05	; 5
    5422:	0c f0       	brlt	.+2      	; 0x5426 <main+0xe08>
    5424:	63 c0       	rjmp	.+198    	; 0x54ec <main+0xece>
main():
    5426:	1d 96       	adiw	r26, 0x0d	; 13
smeter():
/home/jgalera/develop/arduino/usdx/usdx_plus_orange/src/core/core.cpp:222
    5428:	5a 87       	std	Y+10, r21	; 0x0a
    542a:	49 87       	std	Y+9, r20	; 0x09
_Z3maxIiiEDTqultfp0_fp_fp0_fp_ERKT_RKT0_():
/home/jgalera/.arduino15/packages/MiniCore/hardware/avr/3.1.1/cores/MCUdude_corefiles/Arduino.h:320
	}

	template<class T, class L>
	auto max(const T& a, const L& b) -> decltype((b < a) ? b : a) {
		return (a < b) ? b : a;
    542c:	8d 91       	ld	r24, X+
    542e:	9c 91       	ld	r25, X
    5430:	11 97       	sbiw	r26, 0x01	; 1
    5432:	03 97       	sbiw	r24, 0x03	; 3
    5434:	14 f4       	brge	.+4      	; 0x543a <main+0xe1c>
main():
    5436:	de 01       	movw	r26, r28
    5438:	19 96       	adiw	r26, 0x09	; 9
smeter():
/home/jgalera/develop/arduino/usdx/usdx_plus_orange/src/core/core.cpp:222
    543a:	8c 91       	ld	r24, X
    543c:	81 93       	st	Z+, r24
    543e:	63 50       	subi	r22, 0x03	; 3
/home/jgalera/develop/arduino/usdx/usdx_plus_orange/src/core/core.cpp:221
    }
    if (smode == 3) {
      int8_t s =
          (dbm < -63) ? ((dbm - -127) / 6) : (((uint8_t)(dbm - -73)) / 10) * 10;
      char tmp[5];
      for (uint8_t i = 0; i != 4; i++) {
    5440:	76 13       	cpse	r23, r22
    5442:	e4 cf       	rjmp	.-56     	; 0x540c <main+0xdee>
/home/jgalera/develop/arduino/usdx/usdx_plus_orange/src/core/core.cpp:225
        tmp[i] = max(2, min(5, s + 1));
        s = s - 3;
      }
      tmp[4] = 0;
    5444:	1d 82       	std	Y+5, r1	; 0x05
_ZN3LCD9setCursorEhh():
/home/jgalera/develop/arduino/usdx/usdx_plus_orange/src/driver/display.h:190
    5446:	8c e8       	ldi	r24, 0x8C	; 140
    5448:	0e 94 8b 11 	call	0x2316	; 0x2316 <LCD::cmd(unsigned char) [clone .isra.3] [clone .lto_priv.45]>
smeter():
/home/jgalera/develop/arduino/usdx/usdx_plus_orange/src/core/core.cpp:227
      lcd.setCursor(12, 0);
      lcd.print(tmp);
    544c:	b8 01       	movw	r22, r16
    544e:	87 eb       	ldi	r24, 0xB7	; 183
    5450:	96 e0       	ldi	r25, 0x06	; 6
    5452:	0e 94 2f 1a 	call	0x345e	; 0x345e <Print::print(char const*)>
/home/jgalera/develop/arduino/usdx/usdx_plus_orange/src/core/core.cpp:230
    }
#ifdef CW_DECODER
    if (smode == 4) {
    5456:	80 91 cb 01 	lds	r24, 0x01CB	; 0x8001cb <smode>
    545a:	84 30       	cpi	r24, 0x04	; 4
    545c:	b9 f4       	brne	.+46     	; 0x548c <main+0xe6e>
_ZN3LCD9setCursorEhh():
/home/jgalera/develop/arduino/usdx/usdx_plus_orange/src/driver/display.h:190
    545e:	8e e8       	ldi	r24, 0x8E	; 142
    5460:	0e 94 8b 11 	call	0x2316	; 0x2316 <LCD::cmd(unsigned char) [clone .isra.3] [clone .lto_priv.45]>
smeter():
/home/jgalera/develop/arduino/usdx/usdx_plus_orange/src/core/core.cpp:232
      lcd.setCursor(14, 0);
      if (mode == CW)
    5464:	80 91 cd 01 	lds	r24, 0x01CD	; 0x8001cd <mode>
    5468:	82 30       	cpi	r24, 0x02	; 2
    546a:	51 f4       	brne	.+20     	; 0x5480 <main+0xe62>
print():
/home/jgalera/.arduino15/packages/MiniCore/hardware/avr/3.1.1/cores/MCUdude_corefiles/Print.cpp:74
  return write(c);
}

size_t Print::print(unsigned char b, int base)
{
  return print((unsigned long) b, base);
    546c:	40 91 71 01 	lds	r20, 0x0171	; 0x800171 <wpm>
    5470:	50 e0       	ldi	r21, 0x00	; 0
    5472:	70 e0       	ldi	r23, 0x00	; 0
    5474:	60 e0       	ldi	r22, 0x00	; 0
/home/jgalera/.arduino15/packages/MiniCore/hardware/avr/3.1.1/cores/MCUdude_corefiles/Print.cpp:106
}

size_t Print::print(unsigned long n, int base)
{
  if (base == 0) return write(n);
  else return printNumber(n, base);
    5476:	2a e0       	ldi	r18, 0x0A	; 10
    5478:	87 eb       	ldi	r24, 0xB7	; 183
    547a:	96 e0       	ldi	r25, 0x06	; 6
    547c:	0e 94 73 19 	call	0x32e6	; 0x32e6 <Print::printNumber(unsigned long, unsigned char)>
smeter():
/home/jgalera/develop/arduino/usdx/usdx_plus_orange/src/core/core.cpp:234
        lcd.print(wpm);
      lcd.print("  ");
    5480:	68 ef       	ldi	r22, 0xF8	; 248
    5482:	72 e0       	ldi	r23, 0x02	; 2
    5484:	87 eb       	ldi	r24, 0xB7	; 183
    5486:	96 e0       	ldi	r25, 0x06	; 6
    5488:	0e 94 2f 1a 	call	0x345e	; 0x345e <Print::print(char const*)>
/home/jgalera/develop/arduino/usdx/usdx_plus_orange/src/core/core.cpp:267
      lcd.print(s / 10);
      lcd.print(s % 10);
      lcd.print("  ");
    }
#endif
    stepsize_showcursor();
    548c:	0e 94 ba 11 	call	0x2374	; 0x2374 <stepsize_showcursor()>
/home/jgalera/develop/arduino/usdx/usdx_plus_orange/src/core/core.cpp:268
    max_absavg256 /= 2;
    5490:	80 91 da 05 	lds	r24, 0x05DA	; 0x8005da <max_absavg256>
    5494:	90 91 db 05 	lds	r25, 0x05DB	; 0x8005db <max_absavg256+0x1>
    5498:	a0 91 dc 05 	lds	r26, 0x05DC	; 0x8005dc <max_absavg256+0x2>
    549c:	b0 91 dd 05 	lds	r27, 0x05DD	; 0x8005dd <max_absavg256+0x3>
    54a0:	b6 95       	lsr	r27
    54a2:	a7 95       	ror	r26
    54a4:	97 95       	ror	r25
    54a6:	87 95       	ror	r24
    54a8:	80 93 da 05 	sts	0x05DA, r24	; 0x8005da <max_absavg256>
    54ac:	90 93 db 05 	sts	0x05DB, r25	; 0x8005db <max_absavg256+0x1>
    54b0:	a0 93 dc 05 	sts	0x05DC, r26	; 0x8005dc <max_absavg256+0x2>
    54b4:	b0 93 dd 05 	sts	0x05DD, r27	; 0x8005dd <max_absavg256+0x3>
    54b8:	88 ce       	rjmp	.-752    	; 0x51ca <main+0xbac>
/home/jgalera/develop/arduino/usdx/usdx_plus_orange/src/core/core.cpp:200
      } else {
        dbm_scaled = (20 * log_val) / 1000 + 6 * att2 - 176;
      }
      dbm = dbm_scaled - ref;
    } else {
      dbm = -127 - ref;
    54ba:	81 e8       	ldi	r24, 0x81	; 129
    54bc:	9f ef       	ldi	r25, 0xFF	; 255
    54be:	90 93 d7 05 	sts	0x05D7, r25	; 0x8005d7 <dbm+0x1>
    54c2:	80 93 d6 05 	sts	0x05D6, r24	; 0x8005d6 <dbm>
    54c6:	4a cf       	rjmp	.-364    	; 0x535c <main+0xd3e>
/home/jgalera/develop/arduino/usdx/usdx_plus_orange/src/core/core.cpp:211
      lcd.print((int16_t)dbm);
      lcd.print(F("dBm "));
    }
    if (smode == 2) {
      uint8_t s =
          (dbm < -63) ? ((dbm - -127) / 6) : (((uint8_t)(dbm - -73)) / 10) * 10;
    54c8:	87 5b       	subi	r24, 0xB7	; 183
    54ca:	1a e0       	ldi	r17, 0x0A	; 10
    54cc:	61 2f       	mov	r22, r17
    54ce:	0e 94 84 39 	call	0x7308	; 0x7308 <__udivmodqi4>
/home/jgalera/develop/arduino/usdx/usdx_plus_orange/src/core/core.cpp:210
      lcd.setCursor(9, 0);
      lcd.print((int16_t)dbm);
      lcd.print(F("dBm "));
    }
    if (smode == 2) {
      uint8_t s =
    54d2:	81 9f       	mul	r24, r17
    54d4:	10 2d       	mov	r17, r0
    54d6:	11 24       	eor	r1, r1
    54d8:	6a cf       	rjmp	.-300    	; 0x53ae <main+0xd90>
/home/jgalera/develop/arduino/usdx/usdx_plus_orange/src/core/core.cpp:219
        lcd.print('S');
      lcd.print(s);
    }
    if (smode == 3) {
      int8_t s =
          (dbm < -63) ? ((dbm - -127) / 6) : (((uint8_t)(dbm - -73)) / 10) * 10;
    54da:	87 5b       	subi	r24, 0xB7	; 183
    54dc:	2a e0       	ldi	r18, 0x0A	; 10
    54de:	62 2f       	mov	r22, r18
    54e0:	0e 94 84 39 	call	0x7308	; 0x7308 <__udivmodqi4>
/home/jgalera/develop/arduino/usdx/usdx_plus_orange/src/core/core.cpp:218
      if (s < 10)
        lcd.print('S');
      lcd.print(s);
    }
    if (smode == 3) {
      int8_t s =
    54e4:	82 9f       	mul	r24, r18
    54e6:	60 2d       	mov	r22, r0
    54e8:	11 24       	eor	r1, r1
    54ea:	87 cf       	rjmp	.-242    	; 0x53fa <main+0xddc>
main():
/home/jgalera/.arduino15/packages/MiniCore/hardware/avr/3.1.1/cores/MCUdude_corefiles/Arduino.h:315
		return x > 0 ? x : -x;
	}

	template<class T, class L>
	auto min(const T& a, const L& b) -> decltype((b < a) ? b : a) {
		return (b < a) ? b : a;
    54ec:	1b 96       	adiw	r26, 0x0b	; 11
    54ee:	9c cf       	rjmp	.-200    	; 0x5428 <main+0xe0a>
loop():
/home/jgalera/develop/arduino/usdx/usdx_plus_orange/usdx_plus_orange.ino:569
  }

#ifdef KEYER                                // Keyer
  if (mode == CW && keyer_mode != SINGLE) { // check DIT/DAH keys for CW

    switch (
    54f0:	80 91 05 06 	lds	r24, 0x0605	; 0x800605 <keyerState>
    54f4:	82 30       	cpi	r24, 0x02	; 2
    54f6:	09 f4       	brne	.+2      	; 0x54fa <main+0xedc>
    54f8:	e4 c0       	rjmp	.+456    	; 0x56c2 <main+0x10a4>
    54fa:	08 f0       	brcs	.+2      	; 0x54fe <main+0xee0>
    54fc:	88 c0       	rjmp	.+272    	; 0x560e <main+0xff0>
    54fe:	88 23       	and	r24, r24
    5500:	09 f4       	brne	.+2      	; 0x5504 <main+0xee6>
    5502:	a9 c0       	rjmp	.+338    	; 0x5656 <main+0x1038>
    5504:	81 30       	cpi	r24, 0x01	; 1
    5506:	09 f4       	brne	.+2      	; 0x550a <main+0xeec>
    5508:	c3 c0       	rjmp	.+390    	; 0x5690 <main+0x1072>
/home/jgalera/develop/arduino/usdx/usdx_plus_orange/usdx_plus_orange.ino:668
#ifdef KEYER
  }
#endif // KEYER

#ifdef SEMI_QSK
  if ((semi_qsk_timeout) && (millis() > semi_qsk_timeout)) {
    550a:	c0 90 07 06 	lds	r12, 0x0607	; 0x800607 <semi_qsk_timeout>
    550e:	d0 90 08 06 	lds	r13, 0x0608	; 0x800608 <semi_qsk_timeout+0x1>
    5512:	e0 90 09 06 	lds	r14, 0x0609	; 0x800609 <semi_qsk_timeout+0x2>
    5516:	f0 90 0a 06 	lds	r15, 0x060A	; 0x80060a <semi_qsk_timeout+0x3>
    551a:	c1 14       	cp	r12, r1
    551c:	d1 04       	cpc	r13, r1
    551e:	e1 04       	cpc	r14, r1
    5520:	f1 04       	cpc	r15, r1
    5522:	51 f0       	breq	.+20     	; 0x5538 <main+0xf1a>
    5524:	0e 94 40 04 	call	0x880	; 0x880 <millis>
    5528:	c6 16       	cp	r12, r22
    552a:	d7 06       	cpc	r13, r23
    552c:	e8 06       	cpc	r14, r24
    552e:	f9 06       	cpc	r15, r25
    5530:	18 f4       	brcc	.+6      	; 0x5538 <main+0xf1a>
/home/jgalera/develop/arduino/usdx/usdx_plus_orange/usdx_plus_orange.ino:669
    switch_rxtx(0);
    5532:	80 e0       	ldi	r24, 0x00	; 0
    5534:	0e 94 07 14 	call	0x280e	; 0x280e <switch_rxtx(unsigned char)>
_digitalRead():
/home/jgalera/develop/arduino/usdx/usdx_plus_orange/src/core/core.cpp:36
                            : 0;
  }
  return digitalRead(pin);
}
#else
uint8_t _digitalRead(uint8_t pin) { return digitalRead(pin); }
    5538:	81 e1       	ldi	r24, 0x11	; 17
    553a:	0e 94 35 03 	call	0x66a	; 0x66a <digitalRead>
loop():
/home/jgalera/develop/arduino/usdx/usdx_plus_orange/usdx_plus_orange.ino:683
    PL = 0x04,
    PLC = 0x05,
    PT = 0x0C
  }; // button-left, button-right and button-encoder; single-click,
     // double-click, push-long, push-and-turn
  if (inv ^
    553e:	81 30       	cpi	r24, 0x01	; 1
    5540:	09 f4       	brne	.+2      	; 0x5544 <main+0xf26>
    5542:	77 c4       	rjmp	.+2286   	; 0x5e32 <main+0x1814>
/home/jgalera/develop/arduino/usdx/usdx_plus_orange/usdx_plus_orange.ino:686
      _digitalRead(
          BUTTONS)) { // Left-/Right-/Rotary-button (while not already pressed)
    if (!((event & PL) ||
    5544:	80 91 f6 05 	lds	r24, 0x05F6	; 0x8005f6 <event>
    5548:	82 fd       	sbrc	r24, 2
    554a:	05 c0       	rjmp	.+10     	; 0x5556 <main+0xf38>
/home/jgalera/develop/arduino/usdx/usdx_plus_orange/usdx_plus_orange.ino:687
          (event &
    554c:	80 91 f6 05 	lds	r24, 0x05F6	; 0x8005f6 <event>
/home/jgalera/develop/arduino/usdx/usdx_plus_orange/usdx_plus_orange.ino:686
  }; // button-left, button-right and button-encoder; single-click,
     // double-click, push-long, push-and-turn
  if (inv ^
      _digitalRead(
          BUTTONS)) { // Left-/Right-/Rotary-button (while not already pressed)
    if (!((event & PL) ||
    5550:	85 70       	andi	r24, 0x05	; 5
    5552:	09 f4       	brne	.+2      	; 0x5556 <main+0xf38>
    5554:	62 c1       	rjmp	.+708    	; 0x581a <main+0x11fc>
/home/jgalera/develop/arduino/usdx/usdx_plus_orange/usdx_plus_orange.ino:737
          : (v < (uint16_t)(4.8 * 1024.0 / 5.0))
              ? BR
              : BE; // determine which button pressed based on threshold levels
    } else {        // hack: fast forward handling
      event =
          (event & 0xf0) |
    5556:	80 91 f6 05 	lds	r24, 0x05F6	; 0x8005f6 <event>
    555a:	80 7f       	andi	r24, 0xF0	; 240
/home/jgalera/develop/arduino/usdx/usdx_plus_orange/usdx_plus_orange.ino:738
          ((encoder_val) ? PT : PLC /*PL*/); // only alternate between
    555c:	90 91 19 06 	lds	r25, 0x0619	; 0x800619 <encoder_val>
/home/jgalera/develop/arduino/usdx/usdx_plus_orange/usdx_plus_orange.ino:737
          : (v < (uint16_t)(4.8 * 1024.0 / 5.0))
              ? BR
              : BE; // determine which button pressed based on threshold levels
    } else {        // hack: fast forward handling
      event =
          (event & 0xf0) |
    5560:	99 23       	and	r25, r25
    5562:	09 f4       	brne	.+2      	; 0x5566 <main+0xf48>
    5564:	d9 c1       	rjmp	.+946    	; 0x5918 <main+0x12fa>
main():
    5566:	9c e0       	ldi	r25, 0x0C	; 12
loop():
    5568:	89 2b       	or	r24, r25
/home/jgalera/develop/arduino/usdx/usdx_plus_orange/usdx_plus_orange.ino:736
          (v < (uint16_t)(4.2 * 1024.0 / 5.0)) ? BL
          : (v < (uint16_t)(4.8 * 1024.0 / 5.0))
              ? BR
              : BE; // determine which button pressed based on threshold levels
    } else {        // hack: fast forward handling
      event =
    556a:	80 93 f6 05 	sts	0x05F6, r24	; 0x8005f6 <event>
/home/jgalera/develop/arduino/usdx/usdx_plus_orange/usdx_plus_orange.ino:741
          (event & 0xf0) |
          ((encoder_val) ? PT : PLC /*PL*/); // only alternate between
                                             // push-long/turn when applicable
    }
    switch (event) {
    556e:	80 91 f6 05 	lds	r24, 0x05F6	; 0x8005f6 <event>
    5572:	82 32       	cpi	r24, 0x22	; 34
    5574:	09 f4       	brne	.+2      	; 0x5578 <main+0xf5a>
    5576:	63 c3       	rjmp	.+1734   	; 0x5c3e <main+0x1620>
    5578:	08 f0       	brcs	.+2      	; 0x557c <main+0xf5e>
    557a:	f6 c1       	rjmp	.+1004   	; 0x5968 <main+0x134a>
    557c:	86 31       	cpi	r24, 0x16	; 22
    557e:	08 f0       	brcs	.+2      	; 0x5582 <main+0xf64>
    5580:	cd c1       	rjmp	.+922    	; 0x591c <main+0x12fe>
    5582:	84 31       	cpi	r24, 0x14	; 20
    5584:	08 f0       	brcs	.+2      	; 0x5588 <main+0xf6a>
    5586:	99 c2       	rjmp	.+1330   	; 0x5aba <main+0x149c>
    5588:	81 31       	cpi	r24, 0x11	; 17
    558a:	09 f4       	brne	.+2      	; 0x558e <main+0xf70>
    558c:	9c c2       	rjmp	.+1336   	; 0x5ac6 <main+0x14a8>
/home/jgalera/develop/arduino/usdx/usdx_plus_orange/usdx_plus_orange.ino:1109
#endif // ONEBUTTON
    }
  } else
    event = 0; // no button pressed: reset event

  if ((menumode) || (prev_menumode != menumode)) { // Show parameter and value
    558e:	80 91 06 06 	lds	r24, 0x0606	; 0x800606 <menumode>
    5592:	81 11       	cpse	r24, r1
    5594:	07 c0       	rjmp	.+14     	; 0x55a4 <main+0xf86>
    5596:	90 91 ee 05 	lds	r25, 0x05EE	; 0x8005ee <prev_menumode>
    559a:	80 91 06 06 	lds	r24, 0x0606	; 0x800606 <menumode>
    559e:	98 17       	cp	r25, r24
    55a0:	09 f4       	brne	.+2      	; 0x55a4 <main+0xf86>
    55a2:	86 c5       	rjmp	.+2828   	; 0x60b0 <main+0x1a92>
/home/jgalera/develop/arduino/usdx/usdx_plus_orange/usdx_plus_orange.ino:1110
    int8_t encoder_change = encoder_val;
    55a4:	10 91 19 06 	lds	r17, 0x0619	; 0x800619 <encoder_val>
/home/jgalera/develop/arduino/usdx/usdx_plus_orange/usdx_plus_orange.ino:1111
    if ((menumode == 1) && encoder_change) {
    55a8:	80 91 06 06 	lds	r24, 0x0606	; 0x800606 <menumode>
    55ac:	81 30       	cpi	r24, 0x01	; 1
    55ae:	09 f0       	breq	.+2      	; 0x55b2 <main+0xf94>
    55b0:	46 c4       	rjmp	.+2188   	; 0x5e3e <main+0x1820>
    55b2:	11 23       	and	r17, r17
    55b4:	09 f4       	brne	.+2      	; 0x55b8 <main+0xf9a>
    55b6:	45 c4       	rjmp	.+2186   	; 0x5e42 <main+0x1824>
/home/jgalera/develop/arduino/usdx/usdx_plus_orange/usdx_plus_orange.ino:1112
      menu += encoder_val; // Navigate through menu
    55b8:	90 91 19 06 	lds	r25, 0x0619	; 0x800619 <encoder_val>
    55bc:	80 91 f5 05 	lds	r24, 0x05F5	; 0x8005f5 <menu>
    55c0:	89 0f       	add	r24, r25
    55c2:	80 93 f5 05 	sts	0x05F5, r24	; 0x8005f5 <menu>
_Z3minIVaiEDTqultfp0_fp_fp0_fp_ERKT_RKT0_():
/home/jgalera/.arduino15/packages/MiniCore/hardware/avr/3.1.1/cores/MCUdude_corefiles/Arduino.h:315
    55c6:	80 91 f5 05 	lds	r24, 0x05F5	; 0x8005f5 <menu>
    55ca:	8d 32       	cpi	r24, 0x2D	; 45
    55cc:	0c f0       	brlt	.+2      	; 0x55d0 <main+0xfb2>
    55ce:	34 c4       	rjmp	.+2152   	; 0x5e38 <main+0x181a>
    55d0:	80 91 f5 05 	lds	r24, 0x05F5	; 0x8005f5 <menu>
    55d4:	08 2e       	mov	r0, r24
    55d6:	00 0c       	add	r0, r0
    55d8:	99 0b       	sbc	r25, r25
loop():
/home/jgalera/develop/arduino/usdx/usdx_plus_orange/usdx_plus_orange.ino:1116
#ifdef ONEBUTTON
      menu = max(0, min(menu, N_PARAMS));
#else
      menu = max(1 /* 0 */, min(menu, N_PARAMS));
    55da:	18 16       	cp	r1, r24
    55dc:	19 06       	cpc	r1, r25
    55de:	14 f0       	brlt	.+4      	; 0x55e4 <main+0xfc6>
    55e0:	81 e0       	ldi	r24, 0x01	; 1
    55e2:	90 e0       	ldi	r25, 0x00	; 0
    55e4:	80 93 f5 05 	sts	0x05F5, r24	; 0x8005f5 <menu>
/home/jgalera/develop/arduino/usdx/usdx_plus_orange/usdx_plus_orange.ino:1118
#endif
      menu = paramAction(NEXT_MENU,
    55e8:	60 91 f5 05 	lds	r22, 0x05F5	; 0x8005f5 <menu>
    55ec:	82 e0       	ldi	r24, 0x02	; 2
    55ee:	0e 94 d7 1d 	call	0x3bae	; 0x3bae <paramAction(unsigned char, unsigned char)>
    55f2:	80 93 f5 05 	sts	0x05F5, r24	; 0x8005f5 <menu>
/home/jgalera/develop/arduino/usdx/usdx_plus_orange/usdx_plus_orange.ino:1120
                         menu); // auto probe next menu item (gaps may exist)
      encoder_val = 0;
    55f6:	10 92 19 06 	sts	0x0619, r1	; 0x800619 <encoder_val>
/home/jgalera/develop/arduino/usdx/usdx_plus_orange/usdx_plus_orange.ino:1126
    }
    if (encoder_change || (prev_menumode != menumode))
      paramAction(UPDATE_MENU,
                  (menumode)
                      ? menu
                      : 0); // update param with encoder change and display
    55fa:	80 91 06 06 	lds	r24, 0x0606	; 0x800606 <menumode>
main():
/home/jgalera/develop/arduino/usdx/usdx_plus_orange/usdx_plus_orange.ino:1123
      menu = paramAction(NEXT_MENU,
                         menu); // auto probe next menu item (gaps may exist)
      encoder_val = 0;
    }
    if (encoder_change || (prev_menumode != menumode))
      paramAction(UPDATE_MENU,
    55fe:	60 e0       	ldi	r22, 0x00	; 0
loop():
    5600:	81 11       	cpse	r24, r1
    5602:	60 91 f5 05 	lds	r22, 0x05F5	; 0x8005f5 <menu>
    5606:	81 e0       	ldi	r24, 0x01	; 1
    5608:	0e 94 d7 1d 	call	0x3bae	; 0x3bae <paramAction(unsigned char, unsigned char)>
    560c:	20 c4       	rjmp	.+2112   	; 0x5e4e <main+0x1830>
/home/jgalera/develop/arduino/usdx/usdx_plus_orange/usdx_plus_orange.ino:569
  }

#ifdef KEYER                                // Keyer
  if (mode == CW && keyer_mode != SINGLE) { // check DIT/DAH keys for CW

    switch (
    560e:	84 30       	cpi	r24, 0x04	; 4
    5610:	09 f4       	brne	.+2      	; 0x5614 <main+0xff6>
    5612:	92 c0       	rjmp	.+292    	; 0x5738 <main+0x111a>
    5614:	08 f4       	brcc	.+2      	; 0x5618 <main+0xffa>
    5616:	6e c0       	rjmp	.+220    	; 0x56f4 <main+0x10d6>
    5618:	85 30       	cpi	r24, 0x05	; 5
    561a:	09 f0       	breq	.+2      	; 0x561e <main+0x1000>
    561c:	76 cf       	rjmp	.-276    	; 0x550a <main+0xeec>
/home/jgalera/develop/arduino/usdx/usdx_plus_orange/usdx_plus_orange.ino:620
        update_PaddleLatch(); // early paddle latch in Iambic B mode
      }
      break;
    case INTER_ELEMENT:
      // Insert time between dits/dahs
      update_PaddleLatch();                    // latch paddle state
    561e:	0e 94 30 13 	call	0x2660	; 0x2660 <update_PaddleLatch()>
/home/jgalera/develop/arduino/usdx/usdx_plus_orange/usdx_plus_orange.ino:621
      if (millis() > ktimer) {                 // are we at end of inter-space ?
    5622:	0e 94 40 04 	call	0x880	; 0x880 <millis>
    5626:	c0 90 f8 05 	lds	r12, 0x05F8	; 0x8005f8 <ktimer>
    562a:	d0 90 f9 05 	lds	r13, 0x05F9	; 0x8005f9 <ktimer+0x1>
    562e:	e0 90 fa 05 	lds	r14, 0x05FA	; 0x8005fa <ktimer+0x2>
    5632:	f0 90 fb 05 	lds	r15, 0x05FB	; 0x8005fb <ktimer+0x3>
    5636:	c6 16       	cp	r12, r22
    5638:	d7 06       	cpc	r13, r23
    563a:	e8 06       	cpc	r14, r24
    563c:	f9 06       	cpc	r15, r25
    563e:	08 f0       	brcs	.+2      	; 0x5642 <main+0x1024>
    5640:	64 cf       	rjmp	.-312    	; 0x550a <main+0xeec>
/home/jgalera/develop/arduino/usdx/usdx_plus_orange/usdx_plus_orange.ino:622
        if (keyerControl & DIT_PROC) {         // was it a dit or dah ?
    5642:	80 91 04 06 	lds	r24, 0x0604	; 0x800604 <keyerControl>
    5646:	82 ff       	sbrs	r24, 2
    5648:	aa c0       	rjmp	.+340    	; 0x579e <main+0x1180>
/home/jgalera/develop/arduino/usdx/usdx_plus_orange/usdx_plus_orange.ino:623
          keyerControl &= ~(DIT_L + DIT_PROC); // clear two bits
    564a:	8a 7f       	andi	r24, 0xFA	; 250
    564c:	80 93 04 06 	sts	0x0604, r24	; 0x800604 <keyerControl>
/home/jgalera/develop/arduino/usdx/usdx_plus_orange/usdx_plus_orange.ino:624
          keyerState = CHK_DAH;                // dit done, check for dah
    5650:	10 93 05 06 	sts	0x0605, r17	; 0x800605 <keyerState>
    5654:	5a cf       	rjmp	.-332    	; 0x550a <main+0xeec>
_digitalRead():
/home/jgalera/develop/arduino/usdx/usdx_plus_orange/src/core/core.cpp:36
    5656:	8c e0       	ldi	r24, 0x0C	; 12
    5658:	0e 94 35 03 	call	0x66a	; 0x66a <digitalRead>
loop():
/home/jgalera/develop/arduino/usdx/usdx_plus_orange/usdx_plus_orange.ino:574
    switch (
        keyerState) { // Basic Iambic Keyer, keyerControl contains processing
                      // flags and keyer mode bits, Supports Iambic A and B,
                      // State machine based, uses calls to millis() for timing.
    case IDLE:        // Wait for direct or latched paddle press
      if ((_digitalRead(DAH) == LOW) || (_digitalRead(DIT) == LOW) ||
    565c:	81 11       	cpse	r24, r1
    565e:	0e c0       	rjmp	.+28     	; 0x567c <main+0x105e>
/home/jgalera/develop/arduino/usdx/usdx_plus_orange/usdx_plus_orange.ino:577
          (keyerControl & 0x03)) {
#ifdef CW_MESSAGE
        cw_msg_event = 0; // clear cw message event
    5660:	10 92 00 06 	sts	0x0600, r1	; 0x800600 <cw_msg_event>
    5664:	10 92 01 06 	sts	0x0601, r1	; 0x800601 <cw_msg_event+0x1>
    5668:	10 92 02 06 	sts	0x0602, r1	; 0x800602 <cw_msg_event+0x2>
    566c:	10 92 03 06 	sts	0x0603, r1	; 0x800603 <cw_msg_event+0x3>
/home/jgalera/develop/arduino/usdx/usdx_plus_orange/usdx_plus_orange.ino:579
#endif                    // CW_MESSAGE
        update_PaddleLatch();
    5670:	0e 94 30 13 	call	0x2660	; 0x2660 <update_PaddleLatch()>
/home/jgalera/develop/arduino/usdx/usdx_plus_orange/usdx_plus_orange.ino:580
        keyerState = CHK_DIT;
    5674:	81 e0       	ldi	r24, 0x01	; 1
/home/jgalera/develop/arduino/usdx/usdx_plus_orange/usdx_plus_orange.ino:587
      break;
    case CHK_DIT: // See if the dit paddle was pressed
      if (keyerControl & DIT_L) {
        keyerControl |= DIT_PROC;
        ktimer = ditTime;
        keyerState = KEYED_PREP;
    5676:	80 93 05 06 	sts	0x0605, r24	; 0x800605 <keyerState>
    567a:	47 cf       	rjmp	.-370    	; 0x550a <main+0xeec>
_digitalRead():
/home/jgalera/develop/arduino/usdx/usdx_plus_orange/src/core/core.cpp:36
    567c:	8d e0       	ldi	r24, 0x0D	; 13
    567e:	0e 94 35 03 	call	0x66a	; 0x66a <digitalRead>
loop():
/home/jgalera/develop/arduino/usdx/usdx_plus_orange/usdx_plus_orange.ino:574
    switch (
        keyerState) { // Basic Iambic Keyer, keyerControl contains processing
                      // flags and keyer mode bits, Supports Iambic A and B,
                      // State machine based, uses calls to millis() for timing.
    case IDLE:        // Wait for direct or latched paddle press
      if ((_digitalRead(DAH) == LOW) || (_digitalRead(DIT) == LOW) ||
    5682:	88 23       	and	r24, r24
    5684:	69 f3       	breq	.-38     	; 0x5660 <main+0x1042>
    5686:	80 91 04 06 	lds	r24, 0x0604	; 0x800604 <keyerControl>
    568a:	83 70       	andi	r24, 0x03	; 3
    568c:	49 f7       	brne	.-46     	; 0x5660 <main+0x1042>
    568e:	3d cf       	rjmp	.-390    	; 0x550a <main+0xeec>
/home/jgalera/develop/arduino/usdx/usdx_plus_orange/usdx_plus_orange.ino:584
        update_PaddleLatch();
        keyerState = CHK_DIT;
      }
      break;
    case CHK_DIT: // See if the dit paddle was pressed
      if (keyerControl & DIT_L) {
    5690:	80 91 04 06 	lds	r24, 0x0604	; 0x800604 <keyerControl>
    5694:	80 ff       	sbrs	r24, 0
    5696:	dc cf       	rjmp	.-72     	; 0x5650 <main+0x1032>
/home/jgalera/develop/arduino/usdx/usdx_plus_orange/usdx_plus_orange.ino:585
        keyerControl |= DIT_PROC;
    5698:	84 60       	ori	r24, 0x04	; 4
    569a:	80 93 04 06 	sts	0x0604, r24	; 0x800604 <keyerControl>
/home/jgalera/develop/arduino/usdx/usdx_plus_orange/usdx_plus_orange.ino:586
        ktimer = ditTime;
    569e:	80 91 fc 05 	lds	r24, 0x05FC	; 0x8005fc <ditTime>
    56a2:	90 91 fd 05 	lds	r25, 0x05FD	; 0x8005fd <ditTime+0x1>
    56a6:	a0 91 fe 05 	lds	r26, 0x05FE	; 0x8005fe <ditTime+0x2>
    56aa:	b0 91 ff 05 	lds	r27, 0x05FF	; 0x8005ff <ditTime+0x3>
    56ae:	80 93 f8 05 	sts	0x05F8, r24	; 0x8005f8 <ktimer>
    56b2:	90 93 f9 05 	sts	0x05F9, r25	; 0x8005f9 <ktimer+0x1>
    56b6:	a0 93 fa 05 	sts	0x05FA, r26	; 0x8005fa <ktimer+0x2>
    56ba:	b0 93 fb 05 	sts	0x05FB, r27	; 0x8005fb <ktimer+0x3>
/home/jgalera/develop/arduino/usdx/usdx_plus_orange/usdx_plus_orange.ino:587
        keyerState = KEYED_PREP;
    56be:	83 e0       	ldi	r24, 0x03	; 3
    56c0:	da cf       	rjmp	.-76     	; 0x5676 <main+0x1058>
/home/jgalera/develop/arduino/usdx/usdx_plus_orange/usdx_plus_orange.ino:593
      } else {
        keyerState = CHK_DAH;
      }
      break;
    case CHK_DAH: // See if dah paddle was pressed
      if (keyerControl & DAH_L) {
    56c2:	80 91 04 06 	lds	r24, 0x0604	; 0x800604 <keyerControl>
    56c6:	81 ff       	sbrs	r24, 1
    56c8:	6d c0       	rjmp	.+218    	; 0x57a4 <main+0x1186>
/home/jgalera/develop/arduino/usdx/usdx_plus_orange/usdx_plus_orange.ino:594
        ktimer = ditTime * 3;
    56ca:	20 91 fc 05 	lds	r18, 0x05FC	; 0x8005fc <ditTime>
    56ce:	30 91 fd 05 	lds	r19, 0x05FD	; 0x8005fd <ditTime+0x1>
    56d2:	40 91 fe 05 	lds	r20, 0x05FE	; 0x8005fe <ditTime+0x2>
    56d6:	50 91 ff 05 	lds	r21, 0x05FF	; 0x8005ff <ditTime+0x3>
    56da:	a3 e0       	ldi	r26, 0x03	; 3
    56dc:	b0 e0       	ldi	r27, 0x00	; 0
    56de:	0e 94 1d 3a 	call	0x743a	; 0x743a <__muluhisi3>
    56e2:	60 93 f8 05 	sts	0x05F8, r22	; 0x8005f8 <ktimer>
    56e6:	70 93 f9 05 	sts	0x05F9, r23	; 0x8005f9 <ktimer+0x1>
    56ea:	80 93 fa 05 	sts	0x05FA, r24	; 0x8005fa <ktimer+0x2>
    56ee:	90 93 fb 05 	sts	0x05FB, r25	; 0x8005fb <ktimer+0x3>
    56f2:	e5 cf       	rjmp	.-54     	; 0x56be <main+0x10a0>
/home/jgalera/develop/arduino/usdx/usdx_plus_orange/usdx_plus_orange.ino:603
      }
      break;
    case KEYED_PREP: // Assert key down, start timing, state shared for dit or
                     // dah
      Key_state = HIGH;
      switch_rxtx(Key_state);
    56f4:	81 e0       	ldi	r24, 0x01	; 1
    56f6:	0e 94 07 14 	call	0x280e	; 0x280e <switch_rxtx(unsigned char)>
/home/jgalera/develop/arduino/usdx/usdx_plus_orange/usdx_plus_orange.ino:604
      ktimer += millis();               // set ktimer to interval end time
    56fa:	0e 94 40 04 	call	0x880	; 0x880 <millis>
    56fe:	00 91 f8 05 	lds	r16, 0x05F8	; 0x8005f8 <ktimer>
    5702:	10 91 f9 05 	lds	r17, 0x05F9	; 0x8005f9 <ktimer+0x1>
    5706:	20 91 fa 05 	lds	r18, 0x05FA	; 0x8005fa <ktimer+0x2>
    570a:	30 91 fb 05 	lds	r19, 0x05FB	; 0x8005fb <ktimer+0x3>
    570e:	dc 01       	movw	r26, r24
    5710:	cb 01       	movw	r24, r22
    5712:	80 0f       	add	r24, r16
    5714:	91 1f       	adc	r25, r17
    5716:	a2 1f       	adc	r26, r18
    5718:	b3 1f       	adc	r27, r19
    571a:	80 93 f8 05 	sts	0x05F8, r24	; 0x8005f8 <ktimer>
    571e:	90 93 f9 05 	sts	0x05F9, r25	; 0x8005f9 <ktimer+0x1>
    5722:	a0 93 fa 05 	sts	0x05FA, r26	; 0x8005fa <ktimer+0x2>
    5726:	b0 93 fb 05 	sts	0x05FB, r27	; 0x8005fb <ktimer+0x3>
/home/jgalera/develop/arduino/usdx/usdx_plus_orange/usdx_plus_orange.ino:605
      keyerControl &= ~(DIT_L + DAH_L); // clear both paddle latch bits
    572a:	80 91 04 06 	lds	r24, 0x0604	; 0x800604 <keyerControl>
    572e:	8c 7f       	andi	r24, 0xFC	; 252
    5730:	80 93 04 06 	sts	0x0604, r24	; 0x800604 <keyerControl>
/home/jgalera/develop/arduino/usdx/usdx_plus_orange/usdx_plus_orange.ino:606
      keyerState = KEYED;               // next state
    5734:	84 e0       	ldi	r24, 0x04	; 4
    5736:	9f cf       	rjmp	.-194    	; 0x5676 <main+0x1058>
/home/jgalera/develop/arduino/usdx/usdx_plus_orange/usdx_plus_orange.ino:609
      break;
    case KEYED:                // Wait for timer to expire
      if (millis() > ktimer) { // are we at end of key down ?
    5738:	0e 94 40 04 	call	0x880	; 0x880 <millis>
    573c:	00 91 f8 05 	lds	r16, 0x05F8	; 0x8005f8 <ktimer>
    5740:	10 91 f9 05 	lds	r17, 0x05F9	; 0x8005f9 <ktimer+0x1>
    5744:	20 91 fa 05 	lds	r18, 0x05FA	; 0x8005fa <ktimer+0x2>
    5748:	30 91 fb 05 	lds	r19, 0x05FB	; 0x8005fb <ktimer+0x3>
    574c:	06 17       	cp	r16, r22
    574e:	17 07       	cpc	r17, r23
    5750:	28 07       	cpc	r18, r24
    5752:	39 07       	cpc	r19, r25
    5754:	e8 f4       	brcc	.+58     	; 0x5790 <main+0x1172>
/home/jgalera/develop/arduino/usdx/usdx_plus_orange/usdx_plus_orange.ino:611
        Key_state = LOW;
        switch_rxtx(Key_state);
    5756:	80 e0       	ldi	r24, 0x00	; 0
    5758:	0e 94 07 14 	call	0x280e	; 0x280e <switch_rxtx(unsigned char)>
/home/jgalera/develop/arduino/usdx/usdx_plus_orange/usdx_plus_orange.ino:612
        ktimer = millis() + ditTime; // inter-element time
    575c:	0e 94 40 04 	call	0x880	; 0x880 <millis>
    5760:	00 91 fc 05 	lds	r16, 0x05FC	; 0x8005fc <ditTime>
    5764:	10 91 fd 05 	lds	r17, 0x05FD	; 0x8005fd <ditTime+0x1>
    5768:	20 91 fe 05 	lds	r18, 0x05FE	; 0x8005fe <ditTime+0x2>
    576c:	30 91 ff 05 	lds	r19, 0x05FF	; 0x8005ff <ditTime+0x3>
    5770:	dc 01       	movw	r26, r24
    5772:	cb 01       	movw	r24, r22
    5774:	80 0f       	add	r24, r16
    5776:	91 1f       	adc	r25, r17
    5778:	a2 1f       	adc	r26, r18
    577a:	b3 1f       	adc	r27, r19
    577c:	80 93 f8 05 	sts	0x05F8, r24	; 0x8005f8 <ktimer>
    5780:	90 93 f9 05 	sts	0x05F9, r25	; 0x8005f9 <ktimer+0x1>
    5784:	a0 93 fa 05 	sts	0x05FA, r26	; 0x8005fa <ktimer+0x2>
    5788:	b0 93 fb 05 	sts	0x05FB, r27	; 0x8005fb <ktimer+0x3>
/home/jgalera/develop/arduino/usdx/usdx_plus_orange/usdx_plus_orange.ino:613
        keyerState = INTER_ELEMENT;  // next state
    578c:	85 e0       	ldi	r24, 0x05	; 5
    578e:	73 cf       	rjmp	.-282    	; 0x5676 <main+0x1058>
/home/jgalera/develop/arduino/usdx/usdx_plus_orange/usdx_plus_orange.ino:614
      } else if (keyerControl & IAMBICB) {
    5790:	80 91 04 06 	lds	r24, 0x0604	; 0x800604 <keyerControl>
    5794:	84 ff       	sbrs	r24, 4
    5796:	b9 ce       	rjmp	.-654    	; 0x550a <main+0xeec>
/home/jgalera/develop/arduino/usdx/usdx_plus_orange/usdx_plus_orange.ino:615
        update_PaddleLatch(); // early paddle latch in Iambic B mode
    5798:	0e 94 30 13 	call	0x2660	; 0x2660 <update_PaddleLatch()>
    579c:	b6 ce       	rjmp	.-660    	; 0x550a <main+0xeec>
/home/jgalera/develop/arduino/usdx/usdx_plus_orange/usdx_plus_orange.ino:626
      if (millis() > ktimer) {                 // are we at end of inter-space ?
        if (keyerControl & DIT_PROC) {         // was it a dit or dah ?
          keyerControl &= ~(DIT_L + DIT_PROC); // clear two bits
          keyerState = CHK_DAH;                // dit done, check for dah
        } else {
          keyerControl &= ~(DAH_L); // clear dah latch
    579e:	8d 7f       	andi	r24, 0xFD	; 253
    57a0:	80 93 04 06 	sts	0x0604, r24	; 0x800604 <keyerControl>
/home/jgalera/develop/arduino/usdx/usdx_plus_orange/usdx_plus_orange.ino:627
          keyerState = IDLE;        // go idle
    57a4:	10 92 05 06 	sts	0x0605, r1	; 0x800605 <keyerState>
    57a8:	b0 ce       	rjmp	.-672    	; 0x550a <main+0xeec>
/home/jgalera/develop/arduino/usdx/usdx_plus_orange/usdx_plus_orange.ino:637

  } else {
#endif // KEYER

#ifdef TX_ENABLE
    uint8_t pin = ((mode == CW) && (keyer_swap)) ? DAH : DIT;
    57aa:	80 91 f7 05 	lds	r24, 0x05F7	; 0x8005f7 <keyer_swap>
main():
    57ae:	1c e0       	ldi	r17, 0x0C	; 12
loop():
    57b0:	88 23       	and	r24, r24
    57b2:	09 f4       	brne	.+2      	; 0x57b6 <main+0x1198>
    57b4:	18 cd       	rjmp	.-1488   	; 0x51e6 <main+0xbc8>
/home/jgalera/develop/arduino/usdx/usdx_plus_orange/usdx_plus_orange.ino:638
    if (!vox_tx) //  ONLY if VOX not active, then check DIT/DAH (fix for VOX to
    57b6:	80 91 0c 06 	lds	r24, 0x060C	; 0x80060c <vox_tx>
    57ba:	81 11       	cpse	r24, r1
    57bc:	a6 ce       	rjmp	.-692    	; 0x550a <main+0xeec>
_digitalRead():
/home/jgalera/develop/arduino/usdx/usdx_plus_orange/src/core/core.cpp:36
    57be:	81 2f       	mov	r24, r17
    57c0:	0e 94 35 03 	call	0x66a	; 0x66a <digitalRead>
loop():
/home/jgalera/develop/arduino/usdx/usdx_plus_orange/usdx_plus_orange.ino:640
                 //  prevent RFI feedback through EMI on DIT or DAH line)
      if (!_digitalRead(pin)) { // PTT/DIT keys transmitter
    57c4:	81 11       	cpse	r24, r1
    57c6:	a1 ce       	rjmp	.-702    	; 0x550a <main+0xeec>
/home/jgalera/develop/arduino/usdx/usdx_plus_orange/usdx_plus_orange.ino:642
#ifdef CW_MESSAGE
        cw_msg_event = 0; // clear cw message event
    57c8:	10 92 00 06 	sts	0x0600, r1	; 0x800600 <cw_msg_event>
    57cc:	10 92 01 06 	sts	0x0601, r1	; 0x800601 <cw_msg_event+0x1>
    57d0:	10 92 02 06 	sts	0x0602, r1	; 0x800602 <cw_msg_event+0x2>
    57d4:	10 92 03 06 	sts	0x0603, r1	; 0x800603 <cw_msg_event+0x3>
/home/jgalera/develop/arduino/usdx/usdx_plus_orange/usdx_plus_orange.ino:644
#endif                    // CW_MESSAGE
        switch_rxtx(1);
    57d8:	81 e0       	ldi	r24, 0x01	; 1
    57da:	0e 94 07 14 	call	0x280e	; 0x280e <switch_rxtx(unsigned char)>
/home/jgalera/develop/arduino/usdx/usdx_plus_orange/usdx_plus_orange.ino:646
        do {
          wdt_reset();
    57de:	a8 95       	wdr
/home/jgalera/develop/arduino/usdx/usdx_plus_orange/usdx_plus_orange.ino:647
          delay((mode == CW)
    57e0:	80 91 cd 01 	lds	r24, 0x01CD	; 0x8001cd <mode>
    57e4:	82 30       	cpi	r24, 0x02	; 2
    57e6:	a1 f4       	brne	.+40     	; 0x5810 <main+0x11f2>
main():
    57e8:	6a e0       	ldi	r22, 0x0A	; 10
    57ea:	70 e0       	ldi	r23, 0x00	; 0
    57ec:	80 e0       	ldi	r24, 0x00	; 0
    57ee:	90 e0       	ldi	r25, 0x00	; 0
loop():
    57f0:	0e 94 0d 04 	call	0x81a	; 0x81a <delay>
_digitalRead():
/home/jgalera/develop/arduino/usdx/usdx_plus_orange/src/core/core.cpp:36
    57f4:	81 e1       	ldi	r24, 0x11	; 17
    57f6:	0e 94 35 03 	call	0x66a	; 0x66a <digitalRead>
loop():
/home/jgalera/develop/arduino/usdx/usdx_plus_orange/usdx_plus_orange.ino:657
          if (smeter > 0 && mode == CW && millis() >= stimer) {
            readSWR();
            stimer = millis() + 500;
          }
#endif
          if (inv ^ _digitalRead(BUTTONS))
    57fa:	81 30       	cpi	r24, 0x01	; 1
    57fc:	29 f4       	brne	.+10     	; 0x5808 <main+0x11ea>
_digitalRead():
/home/jgalera/develop/arduino/usdx/usdx_plus_orange/src/core/core.cpp:36
    57fe:	81 2f       	mov	r24, r17
    5800:	0e 94 35 03 	call	0x66a	; 0x66a <digitalRead>
loop():
/home/jgalera/develop/arduino/usdx/usdx_plus_orange/usdx_plus_orange.ino:659
            break; // break if button is pressed (to prevent potential lock-up)
        } while (!_digitalRead(pin)); // until released
    5804:	88 23       	and	r24, r24
    5806:	59 f3       	breq	.-42     	; 0x57de <main+0x11c0>
/home/jgalera/develop/arduino/usdx/usdx_plus_orange/usdx_plus_orange.ino:660
        switch_rxtx(0);
    5808:	80 e0       	ldi	r24, 0x00	; 0
    580a:	0e 94 07 14 	call	0x280e	; 0x280e <switch_rxtx(unsigned char)>
    580e:	7d ce       	rjmp	.-774    	; 0x550a <main+0xeec>
main():
/home/jgalera/develop/arduino/usdx/usdx_plus_orange/usdx_plus_orange.ino:647
        cw_msg_event = 0; // clear cw message event
#endif                    // CW_MESSAGE
        switch_rxtx(1);
        do {
          wdt_reset();
          delay((mode == CW)
    5810:	64 e6       	ldi	r22, 0x64	; 100
    5812:	70 e0       	ldi	r23, 0x00	; 0
    5814:	80 e0       	ldi	r24, 0x00	; 0
    5816:	90 e0       	ldi	r25, 0x00	; 0
    5818:	eb cf       	rjmp	.-42     	; 0x57f0 <main+0x11d2>
analogSafeRead():
/home/jgalera/develop/arduino/usdx/usdx_plus_orange/src/hal/hal.cpp:119
     0b00000, 0b00000, 0b00000, 0b00000, 0b00000, 0b00000, 0b00000}};

#ifndef VSS_METER
int analogSafeRead(uint8_t pin,
                   bool ref1v1) { // ref1v1 default is false in header
  noInterrupts();
    581a:	f8 94       	cli
/home/jgalera/develop/arduino/usdx/usdx_plus_orange/src/hal/hal.cpp:120
  for (; !(ADCSRA & (1 << ADIF));)
    581c:	80 91 7a 00 	lds	r24, 0x007A	; 0x80007a <__DATA_REGION_ORIGIN__+0x1a>
    5820:	84 ff       	sbrs	r24, 4
    5822:	fc cf       	rjmp	.-8      	; 0x581c <main+0x11fe>
/home/jgalera/develop/arduino/usdx/usdx_plus_orange/src/hal/hal.cpp:122
    ; // wait until (a potential previous) ADC conversion is completed
  uint8_t adcsra = ADCSRA;
    5824:	e0 90 7a 00 	lds	r14, 0x007A	; 0x80007a <__DATA_REGION_ORIGIN__+0x1a>
/home/jgalera/develop/arduino/usdx/usdx_plus_orange/src/hal/hal.cpp:123
  uint8_t admux = ADMUX;
    5828:	f0 90 7c 00 	lds	r15, 0x007C	; 0x80007c <__DATA_REGION_ORIGIN__+0x1c>
/home/jgalera/develop/arduino/usdx/usdx_plus_orange/src/hal/hal.cpp:124
  ADCSRA &= ~(1 << ADIE); // disable interrupts when measurement complete
    582c:	80 91 7a 00 	lds	r24, 0x007A	; 0x80007a <__DATA_REGION_ORIGIN__+0x1a>
    5830:	87 7f       	andi	r24, 0xF7	; 247
    5832:	80 93 7a 00 	sts	0x007A, r24	; 0x80007a <__DATA_REGION_ORIGIN__+0x1a>
/home/jgalera/develop/arduino/usdx/usdx_plus_orange/src/hal/hal.cpp:125
  ADCSRA |=
    5836:	80 91 7a 00 	lds	r24, 0x007A	; 0x80007a <__DATA_REGION_ORIGIN__+0x1a>
    583a:	87 60       	ori	r24, 0x07	; 7
    583c:	80 93 7a 00 	sts	0x007A, r24	; 0x80007a <__DATA_REGION_ORIGIN__+0x1a>
/home/jgalera/develop/arduino/usdx/usdx_plus_orange/src/hal/hal.cpp:130
      (1 << ADPS2) | (1 << ADPS1) | (1 << ADPS0); // 128 prescaler for 9.6kHz
  if (ref1v1)
    ADMUX &= ~(1 << REFS0); // restore reference voltage AREF (1V1)
  else
    ADMUX = (1 << REFS0); // restore reference voltage AREF (5V)
    5840:	80 e4       	ldi	r24, 0x40	; 64
    5842:	80 93 7c 00 	sts	0x007C, r24	; 0x80007c <__DATA_REGION_ORIGIN__+0x1c>
/home/jgalera/develop/arduino/usdx/usdx_plus_orange/src/hal/hal.cpp:131
  delay(1);               // settle
    5846:	61 e0       	ldi	r22, 0x01	; 1
    5848:	70 e0       	ldi	r23, 0x00	; 0
    584a:	80 e0       	ldi	r24, 0x00	; 0
    584c:	90 e0       	ldi	r25, 0x00	; 0
    584e:	0e 94 0d 04 	call	0x81a	; 0x81a <delay>
/home/jgalera/develop/arduino/usdx/usdx_plus_orange/src/hal/hal.cpp:132
  int val = analogRead(pin);
    5852:	81 e1       	ldi	r24, 0x11	; 17
    5854:	0e 94 c8 03 	call	0x790	; 0x790 <analogRead>
    5858:	8c 01       	movw	r16, r24
/home/jgalera/develop/arduino/usdx/usdx_plus_orange/src/hal/hal.cpp:133
  ADCSRA = adcsra;
    585a:	e0 92 7a 00 	sts	0x007A, r14	; 0x80007a <__DATA_REGION_ORIGIN__+0x1a>
/home/jgalera/develop/arduino/usdx/usdx_plus_orange/src/hal/hal.cpp:134
  ADMUX = admux;
    585e:	f0 92 7c 00 	sts	0x007C, r15	; 0x80007c <__DATA_REGION_ORIGIN__+0x1c>
/home/jgalera/develop/arduino/usdx/usdx_plus_orange/src/hal/hal.cpp:135
  interrupts();
    5862:	78 94       	sei
loop():
/home/jgalera/develop/arduino/usdx/usdx_plus_orange/usdx_plus_orange.ino:698
            : (cat_key & 0x01) ? 870
            : (cat_key & 0x02) ? 1024
                               : 0;
      } // override analog value exercised by BUTTONS press
#endif // CAT_EXT
      event = SC;
    5864:	81 e0       	ldi	r24, 0x01	; 1
    5866:	80 93 f6 05 	sts	0x05F6, r24	; 0x8005f6 <event>
/home/jgalera/develop/arduino/usdx/usdx_plus_orange/usdx_plus_orange.ino:699
      int32_t t0 = millis();
    586a:	0e 94 40 04 	call	0x880	; 0x880 <millis>
    586e:	6b 01       	movw	r12, r22
    5870:	7c 01       	movw	r14, r24
_digitalRead():
/home/jgalera/develop/arduino/usdx/usdx_plus_orange/src/core/core.cpp:36
    5872:	81 e1       	ldi	r24, 0x11	; 17
    5874:	0e 94 35 03 	call	0x66a	; 0x66a <digitalRead>
loop():
/home/jgalera/develop/arduino/usdx/usdx_plus_orange/usdx_plus_orange.ino:700
      for (; inv ^ _digitalRead(BUTTONS);) { // until released or long-press
    5878:	81 30       	cpi	r24, 0x01	; 1
    587a:	71 f0       	breq	.+28     	; 0x5898 <main+0x127a>
/home/jgalera/develop/arduino/usdx/usdx_plus_orange/usdx_plus_orange.ino:701
        if ((millis() - t0) > 300) {
    587c:	0e 94 40 04 	call	0x880	; 0x880 <millis>
    5880:	6c 19       	sub	r22, r12
    5882:	7d 09       	sbc	r23, r13
    5884:	8e 09       	sbc	r24, r14
    5886:	9f 09       	sbc	r25, r15
    5888:	6d 32       	cpi	r22, 0x2D	; 45
    588a:	71 40       	sbci	r23, 0x01	; 1
    588c:	81 05       	cpc	r24, r1
    588e:	91 05       	cpc	r25, r1
    5890:	78 f1       	brcs	.+94     	; 0x58f0 <main+0x12d2>
/home/jgalera/develop/arduino/usdx/usdx_plus_orange/usdx_plus_orange.ino:702
          event = PL;
    5892:	84 e0       	ldi	r24, 0x04	; 4
    5894:	80 93 f6 05 	sts	0x05F6, r24	; 0x8005f6 <event>
/home/jgalera/develop/arduino/usdx/usdx_plus_orange/usdx_plus_orange.ino:707
          break;
        }
        wdt_reset();
      }
      delay(10); // debounce
    5898:	6a e0       	ldi	r22, 0x0A	; 10
    589a:	70 e0       	ldi	r23, 0x00	; 0
    589c:	80 e0       	ldi	r24, 0x00	; 0
    589e:	90 e0       	ldi	r25, 0x00	; 0
    58a0:	0e 94 0d 04 	call	0x81a	; 0x81a <delay>
/home/jgalera/develop/arduino/usdx/usdx_plus_orange/usdx_plus_orange.ino:708
      for (; (event != PL) &&
    58a4:	80 91 f6 05 	lds	r24, 0x05F6	; 0x8005f6 <event>
    58a8:	84 30       	cpi	r24, 0x04	; 4
    58aa:	99 f0       	breq	.+38     	; 0x58d2 <main+0x12b4>
/home/jgalera/develop/arduino/usdx/usdx_plus_orange/usdx_plus_orange.ino:709
             ((millis() - t0) < 500);) { // until 2nd press or timeout
    58ac:	0e 94 40 04 	call	0x880	; 0x880 <millis>
    58b0:	6c 19       	sub	r22, r12
    58b2:	7d 09       	sbc	r23, r13
    58b4:	8e 09       	sbc	r24, r14
    58b6:	9f 09       	sbc	r25, r15
/home/jgalera/develop/arduino/usdx/usdx_plus_orange/usdx_plus_orange.ino:708
          break;
        }
        wdt_reset();
      }
      delay(10); // debounce
      for (; (event != PL) &&
    58b8:	64 3f       	cpi	r22, 0xF4	; 244
    58ba:	71 40       	sbci	r23, 0x01	; 1
    58bc:	81 05       	cpc	r24, r1
    58be:	91 05       	cpc	r25, r1
    58c0:	40 f4       	brcc	.+16     	; 0x58d2 <main+0x12b4>
_digitalRead():
/home/jgalera/develop/arduino/usdx/usdx_plus_orange/src/core/core.cpp:36
    58c2:	81 e1       	ldi	r24, 0x11	; 17
    58c4:	0e 94 35 03 	call	0x66a	; 0x66a <digitalRead>
loop():
/home/jgalera/develop/arduino/usdx/usdx_plus_orange/usdx_plus_orange.ino:710
             ((millis() - t0) < 500);) { // until 2nd press or timeout
        if (inv ^ _digitalRead(BUTTONS)) {
    58c8:	81 30       	cpi	r24, 0x01	; 1
    58ca:	a1 f0       	breq	.+40     	; 0x58f4 <main+0x12d6>
/home/jgalera/develop/arduino/usdx/usdx_plus_orange/usdx_plus_orange.ino:711
          event = DC;
    58cc:	82 e0       	ldi	r24, 0x02	; 2
    58ce:	80 93 f6 05 	sts	0x05F6, r24	; 0x8005f6 <event>
_digitalRead():
/home/jgalera/develop/arduino/usdx/usdx_plus_orange/src/core/core.cpp:36
    58d2:	81 e1       	ldi	r24, 0x11	; 17
    58d4:	0e 94 35 03 	call	0x66a	; 0x66a <digitalRead>
loop():
/home/jgalera/develop/arduino/usdx/usdx_plus_orange/usdx_plus_orange.ino:716
          break;
        }
        wdt_reset();
      }
      for (; inv ^ _digitalRead(BUTTONS);) { // until released, or encoder is
    58d8:	81 30       	cpi	r24, 0x01	; 1
    58da:	89 f0       	breq	.+34     	; 0x58fe <main+0x12e0>
/home/jgalera/develop/arduino/usdx/usdx_plus_orange/usdx_plus_orange.ino:718
                                             // turned while longpress
        if (encoder_val && event == PL) {
    58dc:	80 91 19 06 	lds	r24, 0x0619	; 0x800619 <encoder_val>
    58e0:	88 23       	and	r24, r24
    58e2:	21 f0       	breq	.+8      	; 0x58ec <main+0x12ce>
    58e4:	80 91 f6 05 	lds	r24, 0x05F6	; 0x8005f6 <event>
    58e8:	84 30       	cpi	r24, 0x04	; 4
    58ea:	31 f0       	breq	.+12     	; 0x58f8 <main+0x12da>
/home/jgalera/develop/arduino/usdx/usdx_plus_orange/usdx_plus_orange.ino:727
#ifdef ONEBUTTON
        if (event == PL)
          break; // do not lock on longpress, so that L and R buttons can be
                 // used for tuning
#endif
        wdt_reset();
    58ec:	a8 95       	wdr
    58ee:	f1 cf       	rjmp	.-30     	; 0x58d2 <main+0x12b4>
/home/jgalera/develop/arduino/usdx/usdx_plus_orange/usdx_plus_orange.ino:705
      for (; inv ^ _digitalRead(BUTTONS);) { // until released or long-press
        if ((millis() - t0) > 300) {
          event = PL;
          break;
        }
        wdt_reset();
    58f0:	a8 95       	wdr
    58f2:	bf cf       	rjmp	.-130    	; 0x5872 <main+0x1254>
/home/jgalera/develop/arduino/usdx/usdx_plus_orange/usdx_plus_orange.ino:714
             ((millis() - t0) < 500);) { // until 2nd press or timeout
        if (inv ^ _digitalRead(BUTTONS)) {
          event = DC;
          break;
        }
        wdt_reset();
    58f4:	a8 95       	wdr
    58f6:	d6 cf       	rjmp	.-84     	; 0x58a4 <main+0x1286>
/home/jgalera/develop/arduino/usdx/usdx_plus_orange/usdx_plus_orange.ino:719
      }
      for (; inv ^ _digitalRead(BUTTONS);) { // until released, or encoder is
                                             // turned while longpress
        if (encoder_val && event == PL) {
          event = PT;
    58f8:	8c e0       	ldi	r24, 0x0C	; 12
    58fa:	80 93 f6 05 	sts	0x05F6, r24	; 0x8005f6 <event>
main():
/home/jgalera/develop/arduino/usdx/usdx_plus_orange/usdx_plus_orange.ino:730
                 // used for tuning
#endif
        wdt_reset();
      } // Max. voltages at ADC3 for buttons L,R,E: 3.76V;4.55V;5V, thresholds
        // are in center
      event |=
    58fe:	90 e1       	ldi	r25, 0x10	; 16
loop():
    5900:	0c 35       	cpi	r16, 0x5C	; 92
    5902:	63 e0       	ldi	r22, 0x03	; 3
    5904:	16 07       	cpc	r17, r22
    5906:	28 f0       	brcs	.+10     	; 0x5912 <main+0x12f4>
main():
    5908:	90 e2       	ldi	r25, 0x20	; 32
loop():
    590a:	07 3d       	cpi	r16, 0xD7	; 215
    590c:	13 40       	sbci	r17, 0x03	; 3
    590e:	08 f0       	brcs	.+2      	; 0x5912 <main+0x12f4>
main():
    5910:	90 e3       	ldi	r25, 0x30	; 48
loop():
    5912:	80 91 f6 05 	lds	r24, 0x05F6	; 0x8005f6 <event>
    5916:	28 ce       	rjmp	.-944    	; 0x5568 <main+0xf4a>
main():
/home/jgalera/develop/arduino/usdx/usdx_plus_orange/usdx_plus_orange.ino:737
          : (v < (uint16_t)(4.8 * 1024.0 / 5.0))
              ? BR
              : BE; // determine which button pressed based on threshold levels
    } else {        // hack: fast forward handling
      event =
          (event & 0xf0) |
    5918:	95 e0       	ldi	r25, 0x05	; 5
    591a:	26 ce       	rjmp	.-948    	; 0x5568 <main+0xf4a>
loop():
/home/jgalera/develop/arduino/usdx/usdx_plus_orange/usdx_plus_orange.ino:741
          ((encoder_val) ? PT : PLC /*PL*/); // only alternate between
                                             // push-long/turn when applicable
    }
    switch (event) {
    591c:	8c 31       	cpi	r24, 0x1C	; 28
    591e:	09 f4       	brne	.+2      	; 0x5922 <main+0x1304>
    5920:	d0 c0       	rjmp	.+416    	; 0x5ac2 <main+0x14a4>
    5922:	81 32       	cpi	r24, 0x21	; 33
    5924:	09 f0       	breq	.+2      	; 0x5928 <main+0x130a>
    5926:	33 ce       	rjmp	.-922    	; 0x558e <main+0xf70>
/home/jgalera/develop/arduino/usdx/usdx_plus_orange/usdx_plus_orange.ino:779
      menumode = _menumode;
      break;
    case BL | DC:
      break;
    case BR | SC:
      if (!menumode) {
    5928:	80 91 06 06 	lds	r24, 0x0606	; 0x800606 <menumode>
    592c:	81 11       	cpse	r24, r1
    592e:	71 c1       	rjmp	.+738    	; 0x5c12 <main+0x15f4>
/home/jgalera/develop/arduino/usdx/usdx_plus_orange/usdx_plus_orange.ino:780
        int8_t prev_mode = mode;
    5930:	10 91 cd 01 	lds	r17, 0x01CD	; 0x8001cd <mode>
/home/jgalera/develop/arduino/usdx/usdx_plus_orange/usdx_plus_orange.ino:781
        if (rit) {
    5934:	80 91 f2 05 	lds	r24, 0x05F2	; 0x8005f2 <rit>
    5938:	90 91 f3 05 	lds	r25, 0x05F3	; 0x8005f3 <rit+0x1>
    593c:	89 2b       	or	r24, r25
    593e:	09 f4       	brne	.+2      	; 0x5942 <main+0x1324>
    5940:	fe c0       	rjmp	.+508    	; 0x5b3e <main+0x1520>
/home/jgalera/develop/arduino/usdx/usdx_plus_orange/usdx_plus_orange.ino:782
          rit = 0;
    5942:	10 92 f3 05 	sts	0x05F3, r1	; 0x8005f3 <rit+0x1>
    5946:	10 92 f2 05 	sts	0x05F2, r1	; 0x8005f2 <rit>
/home/jgalera/develop/arduino/usdx/usdx_plus_orange/usdx_plus_orange.ino:783
          stepsize = prev_stepsize[mode == CW];
    594a:	20 91 cd 01 	lds	r18, 0x01CD	; 0x8001cd <mode>
    594e:	81 e0       	ldi	r24, 0x01	; 1
    5950:	90 e0       	ldi	r25, 0x00	; 0
    5952:	22 30       	cpi	r18, 0x02	; 2
    5954:	11 f0       	breq	.+4      	; 0x595a <main+0x133c>
    5956:	90 e0       	ldi	r25, 0x00	; 0
    5958:	80 e0       	ldi	r24, 0x00	; 0
    595a:	88 53       	subi	r24, 0x38	; 56
    595c:	9e 4f       	sbci	r25, 0xFE	; 254
    595e:	dc 01       	movw	r26, r24
    5960:	8c 91       	ld	r24, X
/home/jgalera/develop/arduino/usdx/usdx_plus_orange/usdx_plus_orange.ino:964
      // delay(100);
      bandval++;
      // if(bandval >= N_BANDS) bandval = 0;
      if (bandval >= (N_BANDS - 1))
        bandval = 1; // excludes 6m, 160m
      stepsize = STEP_1k;
    5962:	80 93 c7 01 	sts	0x01C7, r24	; 0x8001c7 <stepsize>
    5966:	51 c1       	rjmp	.+674    	; 0x5c0a <main+0x15ec>
/home/jgalera/develop/arduino/usdx/usdx_plus_orange/usdx_plus_orange.ino:741
      event =
          (event & 0xf0) |
          ((encoder_val) ? PT : PLC /*PL*/); // only alternate between
                                             // push-long/turn when applicable
    }
    switch (event) {
    5968:	82 33       	cpi	r24, 0x32	; 50
    596a:	09 f4       	brne	.+2      	; 0x596e <main+0x1350>
    596c:	50 c2       	rjmp	.+1184   	; 0x5e0e <main+0x17f0>
    596e:	70 f4       	brcc	.+28     	; 0x598c <main+0x136e>
    5970:	84 32       	cpi	r24, 0x24	; 36
    5972:	09 f4       	brne	.+2      	; 0x5976 <main+0x1358>
    5974:	c1 c1       	rjmp	.+898    	; 0x5cf8 <main+0x16da>
    5976:	81 33       	cpi	r24, 0x31	; 49
    5978:	09 f0       	breq	.+2      	; 0x597c <main+0x135e>
    597a:	09 ce       	rjmp	.-1006   	; 0x558e <main+0xf70>
/home/jgalera/develop/arduino/usdx/usdx_plus_orange/usdx_plus_orange.ino:935
      lcd.print(_step);
      lcd_blanks();
      break;
#endif // TUNING_DIAL
    case BE | SC:
      if (!menumode) {
    597c:	80 91 06 06 	lds	r24, 0x0606	; 0x800606 <menumode>
    5980:	81 11       	cpse	r24, r1
    5982:	28 c2       	rjmp	.+1104   	; 0x5dd4 <main+0x17b6>
/home/jgalera/develop/arduino/usdx/usdx_plus_orange/usdx_plus_orange.ino:936
        stepsize_change(+1);
    5984:	81 e0       	ldi	r24, 0x01	; 1
/home/jgalera/develop/arduino/usdx/usdx_plus_orange/usdx_plus_orange.ino:968
        bandval = 1; // excludes 6m, 160m
      stepsize = STEP_1k;
      change = true;
      break;
    case BE | PL:
      stepsize_change(-1);
    5986:	0e 94 0e 13 	call	0x261c	; 0x261c <stepsize_change(signed char)>
    598a:	01 ce       	rjmp	.-1022   	; 0x558e <main+0xf70>
/home/jgalera/develop/arduino/usdx/usdx_plus_orange/usdx_plus_orange.ino:741
      event =
          (event & 0xf0) |
          ((encoder_val) ? PT : PLC /*PL*/); // only alternate between
                                             // push-long/turn when applicable
    }
    switch (event) {
    598c:	84 33       	cpi	r24, 0x34	; 52
    598e:	09 f4       	brne	.+2      	; 0x5992 <main+0x1374>
    5990:	49 c2       	rjmp	.+1170   	; 0x5e24 <main+0x1806>
    5992:	8c 33       	cpi	r24, 0x3C	; 60
    5994:	09 f0       	breq	.+2      	; 0x5998 <main+0x137a>
    5996:	fb cd       	rjmp	.-1034   	; 0x558e <main+0xf70>
_digitalRead():
/home/jgalera/develop/arduino/usdx/usdx_plus_orange/src/core/core.cpp:36
    5998:	81 e1       	ldi	r24, 0x11	; 17
    599a:	0e 94 35 03 	call	0x66a	; 0x66a <digitalRead>
loop():
/home/jgalera/develop/arduino/usdx/usdx_plus_orange/usdx_plus_orange.ino:971
      break;
    case BE | PL:
      stepsize_change(-1);
      break;
    case BE | PT:
      for (; _digitalRead(BUTTONS);) { // process encoder changes until released
    599e:	88 23       	and	r24, r24
    59a0:	09 f4       	brne	.+2      	; 0x59a4 <main+0x1386>
    59a2:	33 c1       	rjmp	.+614    	; 0x5c0a <main+0x15ec>
/home/jgalera/develop/arduino/usdx/usdx_plus_orange/usdx_plus_orange.ino:972
        wdt_reset();
    59a4:	a8 95       	wdr
/home/jgalera/develop/arduino/usdx/usdx_plus_orange/usdx_plus_orange.ino:973
        if (encoder_val) {
    59a6:	80 91 19 06 	lds	r24, 0x0619	; 0x800619 <encoder_val>
    59aa:	88 23       	and	r24, r24
    59ac:	a9 f3       	breq	.-22     	; 0x5998 <main+0x137a>
/home/jgalera/develop/arduino/usdx/usdx_plus_orange/usdx_plus_orange.ino:974
          paramAction(UPDATE, VOLUME);
    59ae:	61 e0       	ldi	r22, 0x01	; 1
    59b0:	80 e0       	ldi	r24, 0x00	; 0
    59b2:	0e 94 d7 1d 	call	0x3bae	; 0x3bae <paramAction(unsigned char, unsigned char)>
/home/jgalera/develop/arduino/usdx/usdx_plus_orange/usdx_plus_orange.ino:975
          if (volume < 0) {
    59b6:	80 91 b3 01 	lds	r24, 0x01B3	; 0x8001b3 <volume>
    59ba:	87 ff       	sbrs	r24, 7
    59bc:	35 c2       	rjmp	.+1130   	; 0x5e28 <main+0x180a>
/home/jgalera/develop/arduino/usdx/usdx_plus_orange/usdx_plus_orange.ino:976
            volume = 10;
    59be:	8a e0       	ldi	r24, 0x0A	; 10
    59c0:	80 93 b3 01 	sts	0x01B3, r24	; 0x8001b3 <volume>
/home/jgalera/develop/arduino/usdx/usdx_plus_orange/usdx_plus_orange.ino:977
            paramAction(SAVE, VOLUME);
    59c4:	61 e0       	ldi	r22, 0x01	; 1
    59c6:	84 e0       	ldi	r24, 0x04	; 4
    59c8:	0e 94 d7 1d 	call	0x3bae	; 0x3bae <paramAction(unsigned char, unsigned char)>
_ZN3LCD9setCursorEhh():
/home/jgalera/develop/arduino/usdx/usdx_plus_orange/src/driver/display.h:190
    59cc:	80 ec       	ldi	r24, 0xC0	; 192
    59ce:	0e 94 8b 11 	call	0x2316	; 0x2316 <LCD::cmd(unsigned char) [clone .isra.3] [clone .lto_priv.45]>
powerDown():
/home/jgalera/develop/arduino/usdx/usdx_plus_orange/src/core/core.cpp:605
  stepsize_showcursor();
}

void powerDown() {
  lcd.setCursor(0, 1);
  lcd.print(F("Power-off 73 :-)"));
    59d2:	8e ef       	ldi	r24, 0xFE	; 254
    59d4:	91 e0       	ldi	r25, 0x01	; 1
    59d6:	0e 94 af 18 	call	0x315e	; 0x315e <Print::print(__FlashStringHelper const*) [clone .constprop.29]>
/home/jgalera/develop/arduino/usdx/usdx_plus_orange/src/core/core.cpp:606
  lcd_blanks();
    59da:	0e 94 ca 18 	call	0x3194	; 0x3194 <lcd_blanks()>
/home/jgalera/develop/arduino/usdx/usdx_plus_orange/src/core/core.cpp:608

  MCUSR = ~(1 << WDRF);
    59de:	87 ef       	ldi	r24, 0xF7	; 247
    59e0:	84 bf       	out	0x34, r24	; 52
wdt_disable():
/home/jgalera/.arduino15/packages/arduino/tools/avr-gcc/7.3.0-atmel3.6.1-arduino7/avr/include/avr/wdt.h:528
				"out __SREG__,__tmp_reg__"   "\n\t"
				: [TEMPREG] "=d" (temp_reg)
				: [WDTREG]  "n"  (_SFR_MEM_ADDR(_WD_CONTROL_REG)),
				[WDCE_WDE]  "n"  ((uint8_t)(_BV(_WD_CHANGE_BIT) | _BV(WDE)))
				: "r0"
		);
    59e2:	0f b6       	in	r0, 0x3f	; 63
    59e4:	f8 94       	cli
    59e6:	a8 95       	wdr
    59e8:	80 91 60 00 	lds	r24, 0x0060	; 0x800060 <__DATA_REGION_ORIGIN__>
    59ec:	88 61       	ori	r24, 0x18	; 24
    59ee:	80 93 60 00 	sts	0x0060, r24	; 0x800060 <__DATA_REGION_ORIGIN__>
    59f2:	10 92 60 00 	sts	0x0060, r1	; 0x800060 <__DATA_REGION_ORIGIN__>
    59f6:	0f be       	out	0x3f, r0	; 63
timer2_stop():
/home/jgalera/develop/arduino/usdx/usdx_plus_orange/src/hal/hal.cpp:92
      ((F_CPU / 64) / fs) - 1; // OCRn = (F_CPU / pre-scaler / fs) - 1;
  OCR2A = ocr;
}

void timer2_stop() {        // Stop Timer 2 interrupt
  TIMSK2 &= ~(1 << OCIE2A); // disable timer compare interrupt
    59f8:	80 91 70 00 	lds	r24, 0x0070	; 0x800070 <__DATA_REGION_ORIGIN__+0x10>
    59fc:	8d 7f       	andi	r24, 0xFD	; 253
    59fe:	80 93 70 00 	sts	0x0070, r24	; 0x800070 <__DATA_REGION_ORIGIN__+0x10>
/home/jgalera/develop/arduino/usdx/usdx_plus_orange/src/hal/hal.cpp:93
  delay(1); // wait until potential in-flight interrupts are finished
    5a02:	61 e0       	ldi	r22, 0x01	; 1
    5a04:	70 e0       	ldi	r23, 0x00	; 0
    5a06:	80 e0       	ldi	r24, 0x00	; 0
    5a08:	90 e0       	ldi	r25, 0x00	; 0
    5a0a:	0e 94 0d 04 	call	0x81a	; 0x81a <delay>
timer1_stop():
/home/jgalera/develop/arduino/usdx/usdx_plus_orange/src/hal/hal.cpp:74
  OCR1BH = 0x00;
  OCR1BL = 0x00; // OC1B (KEY_OUT) PWM duty-cycle (span defined by ICR).
}

void timer1_stop() {
  OCR1AL = 0x00;
    5a0e:	10 92 88 00 	sts	0x0088, r1	; 0x800088 <__DATA_REGION_ORIGIN__+0x28>
/home/jgalera/develop/arduino/usdx/usdx_plus_orange/src/hal/hal.cpp:75
  OCR1BL = 0x00;
    5a12:	10 92 8a 00 	sts	0x008A, r1	; 0x80008a <__DATA_REGION_ORIGIN__+0x2a>
adc_stop():
/home/jgalera/develop/arduino/usdx/usdx_plus_orange/src/hal/hal.cpp:43
#endif
}

void adc_stop() {
  // ADCSRA &= ~(1 << ADATE); // disable auto trigger
  ADCSRA &= ~(1 << ADIE); // disable interrupts when measurement complete
    5a16:	80 91 7a 00 	lds	r24, 0x007A	; 0x80007a <__DATA_REGION_ORIGIN__+0x1a>
    5a1a:	87 7f       	andi	r24, 0xF7	; 247
    5a1c:	80 93 7a 00 	sts	0x007A, r24	; 0x80007a <__DATA_REGION_ORIGIN__+0x1a>
/home/jgalera/develop/arduino/usdx/usdx_plus_orange/src/hal/hal.cpp:44
  ADCSRA |=
    5a20:	80 91 7a 00 	lds	r24, 0x007A	; 0x80007a <__DATA_REGION_ORIGIN__+0x1a>
    5a24:	87 60       	ori	r24, 0x07	; 7
    5a26:	80 93 7a 00 	sts	0x007A, r24	; 0x80007a <__DATA_REGION_ORIGIN__+0x1a>
/home/jgalera/develop/arduino/usdx/usdx_plus_orange/src/hal/hal.cpp:49
      (1 << ADPS2) | (1 << ADPS1) | (1 << ADPS0); // 128 prescaler for 9.6kHz
#ifdef ADC_NR
  sleep_disable();
#endif
  ADMUX = (1 << REFS0); // restore reference voltage AREF (5V)
    5a2a:	80 e4       	ldi	r24, 0x40	; 64
    5a2c:	80 93 7c 00 	sts	0x007C, r24	; 0x80007c <__DATA_REGION_ORIGIN__+0x1c>
powerDown():
/home/jgalera/develop/arduino/usdx/usdx_plus_orange/src/core/core.cpp:615

  timer2_stop();
  timer1_stop();
  adc_stop();

  si5351.powerDown();
    5a30:	0e 94 33 18 	call	0x3066	; 0x3066 <SI5351::powerDown() [clone .isra.10]>
/home/jgalera/develop/arduino/usdx/usdx_plus_orange/src/core/core.cpp:616
  delay(1500);
    5a34:	6c ed       	ldi	r22, 0xDC	; 220
    5a36:	75 e0       	ldi	r23, 0x05	; 5
    5a38:	80 e0       	ldi	r24, 0x00	; 0
    5a3a:	90 e0       	ldi	r25, 0x00	; 0
    5a3c:	0e 94 0d 04 	call	0x81a	; 0x81a <delay>
/home/jgalera/develop/arduino/usdx/usdx_plus_orange/src/core/core.cpp:618

  PCICR = 0;
    5a40:	10 92 68 00 	sts	0x0068, r1	; 0x800068 <__DATA_REGION_ORIGIN__+0x8>
/home/jgalera/develop/arduino/usdx/usdx_plus_orange/src/core/core.cpp:619
  PCMSK0 = 0;
    5a44:	10 92 6b 00 	sts	0x006B, r1	; 0x80006b <__DATA_REGION_ORIGIN__+0xb>
/home/jgalera/develop/arduino/usdx/usdx_plus_orange/src/core/core.cpp:620
  PCMSK1 = 0;
    5a48:	10 92 6c 00 	sts	0x006C, r1	; 0x80006c <__DATA_REGION_ORIGIN__+0xc>
/home/jgalera/develop/arduino/usdx/usdx_plus_orange/src/core/core.cpp:621
  PCMSK2 = 0;
    5a4c:	10 92 6d 00 	sts	0x006D, r1	; 0x80006d <__DATA_REGION_ORIGIN__+0xd>
/home/jgalera/develop/arduino/usdx/usdx_plus_orange/src/core/core.cpp:622
  TIMSK0 = 0;
    5a50:	10 92 6e 00 	sts	0x006E, r1	; 0x80006e <__DATA_REGION_ORIGIN__+0xe>
/home/jgalera/develop/arduino/usdx/usdx_plus_orange/src/core/core.cpp:623
  TIMSK1 = 0;
    5a54:	10 92 6f 00 	sts	0x006F, r1	; 0x80006f <__DATA_REGION_ORIGIN__+0xf>
/home/jgalera/develop/arduino/usdx/usdx_plus_orange/src/core/core.cpp:624
  TIMSK2 = 0;
    5a58:	10 92 70 00 	sts	0x0070, r1	; 0x800070 <__DATA_REGION_ORIGIN__+0x10>
/home/jgalera/develop/arduino/usdx/usdx_plus_orange/src/core/core.cpp:625
  WDTCSR = 0;
    5a5c:	10 92 60 00 	sts	0x0060, r1	; 0x800060 <__DATA_REGION_ORIGIN__>
/home/jgalera/develop/arduino/usdx/usdx_plus_orange/src/core/core.cpp:626
  *digitalPinToPCMSK(BUTTONS) |= (1 << digitalPinToPCMSKbit(BUTTONS));
    5a60:	80 91 6c 00 	lds	r24, 0x006C	; 0x80006c <__DATA_REGION_ORIGIN__+0xc>
    5a64:	88 60       	ori	r24, 0x08	; 8
    5a66:	80 93 6c 00 	sts	0x006C, r24	; 0x80006c <__DATA_REGION_ORIGIN__+0xc>
/home/jgalera/develop/arduino/usdx/usdx_plus_orange/src/core/core.cpp:627
  *digitalPinToPCICR(BUTTONS) |= (1 << digitalPinToPCICRbit(BUTTONS));
    5a6a:	80 91 68 00 	lds	r24, 0x0068	; 0x800068 <__DATA_REGION_ORIGIN__+0x8>
    5a6e:	82 60       	ori	r24, 0x02	; 2
    5a70:	80 93 68 00 	sts	0x0068, r24	; 0x800068 <__DATA_REGION_ORIGIN__+0x8>
/home/jgalera/develop/arduino/usdx/usdx_plus_orange/src/core/core.cpp:629

  PRR = 0xff;
    5a74:	8f ef       	ldi	r24, 0xFF	; 255
    5a76:	80 93 64 00 	sts	0x0064, r24	; 0x800064 <__DATA_REGION_ORIGIN__+0x4>
_ZN3LCD9noDisplayEv.isra.7():
/home/jgalera/develop/arduino/usdx/usdx_plus_orange/src/driver/display.h:194
#endif
  void cursor() { cmd(0x0e); }
  void noCursor() { cmd(0x0c); }
  void noDisplay() { cmd(0x08); }
    5a7a:	88 e0       	ldi	r24, 0x08	; 8
    5a7c:	0e 94 8b 11 	call	0x2316	; 0x2316 <LCD::cmd(unsigned char) [clone .isra.3] [clone .lto_priv.45]>
powerDown():
/home/jgalera/develop/arduino/usdx/usdx_plus_orange/src/core/core.cpp:631
  lcd.noDisplay();
  PORTD &= ~0x08;
    5a80:	5b 98       	cbi	0x0b, 3	; 11
/home/jgalera/develop/arduino/usdx/usdx_plus_orange/src/core/core.cpp:633

  set_sleep_mode(SLEEP_MODE_PWR_DOWN);
    5a82:	83 b7       	in	r24, 0x33	; 51
    5a84:	81 7f       	andi	r24, 0xF1	; 241
    5a86:	84 60       	ori	r24, 0x04	; 4
    5a88:	83 bf       	out	0x33, r24	; 51
/home/jgalera/develop/arduino/usdx/usdx_plus_orange/src/core/core.cpp:634
  sleep_enable();
    5a8a:	83 b7       	in	r24, 0x33	; 51
    5a8c:	81 60       	ori	r24, 0x01	; 1
    5a8e:	83 bf       	out	0x33, r24	; 51
/home/jgalera/develop/arduino/usdx/usdx_plus_orange/src/core/core.cpp:635
  interrupts();
    5a90:	78 94       	sei
/home/jgalera/develop/arduino/usdx/usdx_plus_orange/src/core/core.cpp:636
  sleep_bod_disable();
    5a92:	85 b7       	in	r24, 0x35	; 53
    5a94:	80 66       	ori	r24, 0x60	; 96
    5a96:	85 bf       	out	0x35, r24	; 53
    5a98:	8f 7d       	andi	r24, 0xDF	; 223
    5a9a:	85 bf       	out	0x35, r24	; 53
/home/jgalera/develop/arduino/usdx/usdx_plus_orange/src/core/core.cpp:637
  sleep_cpu();
    5a9c:	88 95       	sleep
/home/jgalera/develop/arduino/usdx/usdx_plus_orange/src/core/core.cpp:638
  sleep_disable();
    5a9e:	83 b7       	in	r24, 0x33	; 51
    5aa0:	8e 7f       	andi	r24, 0xFE	; 254
    5aa2:	83 bf       	out	0x33, r24	; 51
wdt_enable():
/home/jgalera/.arduino15/packages/arduino/tools/avr-gcc/7.3.0-atmel3.6.1-arduino7/avr/include/avr/wdt.h:486
				: "n" (_SFR_MEM_ADDR(_WD_CONTROL_REG)),
				"r" ((uint8_t)(_BV(_WD_CHANGE_BIT) | _BV(WDE))),
				"r" ((uint8_t) ((value & 0x08 ? _WD_PS3_MASK : 0x00) |
						_BV(WDE) | (value & 0x07)) )
				: "r0"
		);
    5aa4:	88 e1       	ldi	r24, 0x18	; 24
    5aa6:	98 e0       	ldi	r25, 0x08	; 8
    5aa8:	0f b6       	in	r0, 0x3f	; 63
    5aaa:	f8 94       	cli
    5aac:	a8 95       	wdr
    5aae:	80 93 60 00 	sts	0x0060, r24	; 0x800060 <__DATA_REGION_ORIGIN__>
    5ab2:	0f be       	out	0x3f, r0	; 63
    5ab4:	90 93 60 00 	sts	0x0060, r25	; 0x800060 <__DATA_REGION_ORIGIN__>
    5ab8:	ff cf       	rjmp	.-2      	; 0x5ab8 <main+0x149a>
loop():
/home/jgalera/develop/arduino/usdx/usdx_plus_orange/usdx_plus_orange.ino:745
    }
    switch (event) {
#ifndef ONEBUTTON
    case BL | PL:  // Called when menu button pressed
    case BL | PLC: // or kept pressed
      menumode = 2;
    5aba:	82 e0       	ldi	r24, 0x02	; 2
/home/jgalera/develop/arduino/usdx/usdx_plus_orange/usdx_plus_orange.ino:748
      break;
    case BL | PT:
      menumode = 1;
    5abc:	80 93 06 06 	sts	0x0606, r24	; 0x800606 <menumode>
    5ac0:	66 cd       	rjmp	.-1332   	; 0x558e <main+0xf70>
    5ac2:	81 e0       	ldi	r24, 0x01	; 1
    5ac4:	fb cf       	rjmp	.-10     	; 0x5abc <main+0x149e>
/home/jgalera/develop/arduino/usdx/usdx_plus_orange/usdx_plus_orange.ino:753
      // if(menu == 0) menu = 1;
      break;
    case BL | SC:
#ifdef CW_MESSAGE
      if ((menumode == 1) && (menu >= CWMSG1) && (menu <= CWMSG6)) {
    5ac6:	80 91 06 06 	lds	r24, 0x0606	; 0x800606 <menumode>
    5aca:	81 30       	cpi	r24, 0x01	; 1
    5acc:	41 f4       	brne	.+16     	; 0x5ade <main+0x14c0>
    5ace:	80 91 f5 05 	lds	r24, 0x05F5	; 0x8005f5 <menu>
    5ad2:	8d 31       	cpi	r24, 0x1D	; 29
    5ad4:	24 f0       	brlt	.+8      	; 0x5ade <main+0x14c0>
    5ad6:	80 91 f5 05 	lds	r24, 0x05F5	; 0x8005f5 <menu>
    5ada:	83 32       	cpi	r24, 0x23	; 35
    5adc:	a4 f0       	brlt	.+40     	; 0x5b06 <main+0x14e8>
/home/jgalera/develop/arduino/usdx/usdx_plus_orange/usdx_plus_orange.ino:761
        menumode = 0;
        break;
      }
#endif // CW_MESSAGE
      int8_t _menumode;
      if (menumode == 0) {
    5ade:	80 91 06 06 	lds	r24, 0x0606	; 0x800606 <menumode>
    5ae2:	88 23       	and	r24, r24
    5ae4:	11 f1       	breq	.+68     	; 0x5b2a <main+0x150c>
/home/jgalera/develop/arduino/usdx/usdx_plus_orange/usdx_plus_orange.ino:766
        _menumode = 1;
        if (menu == 0)
          menu = 1;
      } // short left-click while in default screen: enter menu mode
      if (menumode == 1) {
    5ae6:	80 91 06 06 	lds	r24, 0x0606	; 0x800606 <menumode>
    5aea:	81 30       	cpi	r24, 0x01	; 1
    5aec:	31 f1       	breq	.+76     	; 0x5b3a <main+0x151c>
    5aee:	81 e0       	ldi	r24, 0x01	; 1
/home/jgalera/develop/arduino/usdx/usdx_plus_orange/usdx_plus_orange.ino:769
        _menumode = 2;
      } // short left-click while in menu: enter value selection screen
      if (menumode >= 2) {
    5af0:	90 91 06 06 	lds	r25, 0x0606	; 0x800606 <menumode>
    5af4:	92 30       	cpi	r25, 0x02	; 2
    5af6:	10 f3       	brcs	.-60     	; 0x5abc <main+0x149e>
/home/jgalera/develop/arduino/usdx/usdx_plus_orange/usdx_plus_orange.ino:771
        _menumode = 0;
        paramAction(SAVE, menu);
    5af8:	60 91 f5 05 	lds	r22, 0x05F5	; 0x8005f5 <menu>
    5afc:	84 e0       	ldi	r24, 0x04	; 4
    5afe:	0e 94 d7 1d 	call	0x3bae	; 0x3bae <paramAction(unsigned char, unsigned char)>
main():
/home/jgalera/develop/arduino/usdx/usdx_plus_orange/usdx_plus_orange.ino:770
      } // short left-click while in default screen: enter menu mode
      if (menumode == 1) {
        _menumode = 2;
      } // short left-click while in menu: enter value selection screen
      if (menumode >= 2) {
        _menumode = 0;
    5b02:	80 e0       	ldi	r24, 0x00	; 0
    5b04:	db cf       	rjmp	.-74     	; 0x5abc <main+0x149e>
loop():
/home/jgalera/develop/arduino/usdx/usdx_plus_orange/usdx_plus_orange.ino:754
      // if(menu == 0) menu = 1;
      break;
    case BL | SC:
#ifdef CW_MESSAGE
      if ((menumode == 1) && (menu >= CWMSG1) && (menu <= CWMSG6)) {
        cw_msg_event = millis();
    5b06:	0e 94 40 04 	call	0x880	; 0x880 <millis>
    5b0a:	60 93 00 06 	sts	0x0600, r22	; 0x800600 <cw_msg_event>
    5b0e:	70 93 01 06 	sts	0x0601, r23	; 0x800601 <cw_msg_event+0x1>
    5b12:	80 93 02 06 	sts	0x0602, r24	; 0x800602 <cw_msg_event+0x2>
    5b16:	90 93 03 06 	sts	0x0603, r25	; 0x800603 <cw_msg_event+0x3>
/home/jgalera/develop/arduino/usdx/usdx_plus_orange/usdx_plus_orange.ino:755
        cw_msg_id = menu - CWMSG1;
    5b1a:	80 91 f5 05 	lds	r24, 0x05F5	; 0x8005f5 <menu>
    5b1e:	8d 51       	subi	r24, 0x1D	; 29
    5b20:	80 93 f4 05 	sts	0x05F4, r24	; 0x8005f4 <cw_msg_id>
/home/jgalera/develop/arduino/usdx/usdx_plus_orange/usdx_plus_orange.ino:756
        menumode = 0;
    5b24:	10 92 06 06 	sts	0x0606, r1	; 0x800606 <menumode>
    5b28:	32 cd       	rjmp	.-1436   	; 0x558e <main+0xf70>
/home/jgalera/develop/arduino/usdx/usdx_plus_orange/usdx_plus_orange.ino:763
      }
#endif // CW_MESSAGE
      int8_t _menumode;
      if (menumode == 0) {
        _menumode = 1;
        if (menu == 0)
    5b2a:	80 91 f5 05 	lds	r24, 0x05F5	; 0x8005f5 <menu>
    5b2e:	81 11       	cpse	r24, r1
    5b30:	da cf       	rjmp	.-76     	; 0x5ae6 <main+0x14c8>
/home/jgalera/develop/arduino/usdx/usdx_plus_orange/usdx_plus_orange.ino:764
          menu = 1;
    5b32:	81 e0       	ldi	r24, 0x01	; 1
    5b34:	80 93 f5 05 	sts	0x05F5, r24	; 0x8005f5 <menu>
    5b38:	d6 cf       	rjmp	.-84     	; 0x5ae6 <main+0x14c8>
main():
/home/jgalera/develop/arduino/usdx/usdx_plus_orange/usdx_plus_orange.ino:767
      } // short left-click while in default screen: enter menu mode
      if (menumode == 1) {
        _menumode = 2;
    5b3a:	82 e0       	ldi	r24, 0x02	; 2
    5b3c:	d9 cf       	rjmp	.-78     	; 0x5af0 <main+0x14d2>
loop():
/home/jgalera/develop/arduino/usdx/usdx_plus_orange/usdx_plus_orange.ino:787
          rit = 0;
          stepsize = prev_stepsize[mode == CW];
          change = true;
          break;
        }
        mode += 1;
    5b3e:	80 91 cd 01 	lds	r24, 0x01CD	; 0x8001cd <mode>
    5b42:	8f 5f       	subi	r24, 0xFF	; 255
    5b44:	80 93 cd 01 	sts	0x01CD, r24	; 0x8001cd <mode>
/home/jgalera/develop/arduino/usdx/usdx_plus_orange/usdx_plus_orange.ino:798
        if (mode != CW)
          stepsize = STEP_1k;
        else
          stepsize = STEP_500; // sets suitable stepsize
#endif
        if (mode > CW)
    5b48:	80 91 cd 01 	lds	r24, 0x01CD	; 0x8001cd <mode>
    5b4c:	83 30       	cpi	r24, 0x03	; 3
    5b4e:	10 f0       	brcs	.+4      	; 0x5b54 <main+0x1536>
/home/jgalera/develop/arduino/usdx/usdx_plus_orange/usdx_plus_orange.ino:799
          mode = LSB; // skip all other modes (only LSB, USB, CW)
    5b50:	10 92 cd 01 	sts	0x01CD, r1	; 0x8001cd <mode>
/home/jgalera/develop/arduino/usdx/usdx_plus_orange/usdx_plus_orange.ino:807
          filt = 4;
          nr = 0;
        } else
          filt = 0; // resets filter (to most BW) and NR on mode change
#else
        if (mode == CW) {
    5b54:	80 91 cd 01 	lds	r24, 0x01CD	; 0x8001cd <mode>
    5b58:	82 30       	cpi	r24, 0x02	; 2
    5b5a:	11 f4       	brne	.+4      	; 0x5b60 <main+0x1542>
/home/jgalera/develop/arduino/usdx/usdx_plus_orange/usdx_plus_orange.ino:808
          nr = 0;
    5b5c:	10 92 c5 01 	sts	0x01C5, r1	; 0x8001c5 <nr>
/home/jgalera/develop/arduino/usdx/usdx_plus_orange/usdx_plus_orange.ino:810
        }
        prev_stepsize[prev_mode == CW] = stepsize;
    5b60:	81 e0       	ldi	r24, 0x01	; 1
    5b62:	90 e0       	ldi	r25, 0x00	; 0
    5b64:	12 30       	cpi	r17, 0x02	; 2
    5b66:	11 f0       	breq	.+4      	; 0x5b6c <main+0x154e>
    5b68:	90 e0       	ldi	r25, 0x00	; 0
    5b6a:	80 e0       	ldi	r24, 0x00	; 0
    5b6c:	20 91 c7 01 	lds	r18, 0x01C7	; 0x8001c7 <stepsize>
    5b70:	fc 01       	movw	r30, r24
    5b72:	e8 53       	subi	r30, 0x38	; 56
    5b74:	fe 4f       	sbci	r31, 0xFE	; 254
    5b76:	20 83       	st	Z, r18
/home/jgalera/develop/arduino/usdx/usdx_plus_orange/usdx_plus_orange.ino:812
        stepsize =
            prev_stepsize[mode ==
    5b78:	40 91 cd 01 	lds	r20, 0x01CD	; 0x8001cd <mode>
    5b7c:	21 e0       	ldi	r18, 0x01	; 1
    5b7e:	30 e0       	ldi	r19, 0x00	; 0
    5b80:	42 30       	cpi	r20, 0x02	; 2
    5b82:	11 f0       	breq	.+4      	; 0x5b88 <main+0x156a>
    5b84:	30 e0       	ldi	r19, 0x00	; 0
    5b86:	20 e0       	ldi	r18, 0x00	; 0
/home/jgalera/develop/arduino/usdx/usdx_plus_orange/usdx_plus_orange.ino:813
                          CW]; // backup stepsize setting for previous mode,
    5b88:	28 53       	subi	r18, 0x38	; 56
    5b8a:	3e 4f       	sbci	r19, 0xFE	; 254
    5b8c:	f9 01       	movw	r30, r18
    5b8e:	20 81       	ld	r18, Z
/home/jgalera/develop/arduino/usdx/usdx_plus_orange/usdx_plus_orange.ino:811
#else
        if (mode == CW) {
          nr = 0;
        }
        prev_stepsize[prev_mode == CW] = stepsize;
        stepsize =
    5b90:	20 93 c7 01 	sts	0x01C7, r18	; 0x8001c7 <stepsize>
/home/jgalera/develop/arduino/usdx/usdx_plus_orange/usdx_plus_orange.ino:817
            prev_stepsize[mode ==
                          CW]; // backup stepsize setting for previous mode,
                               // restore previous stepsize setting for current
                               // selected mode; filter settings captured for
                               // either CQ or other modes.
        prev_filt[prev_mode == CW] = filt;
    5b94:	20 91 f1 05 	lds	r18, 0x05F1	; 0x8005f1 <filt>
    5b98:	8d 53       	subi	r24, 0x3D	; 61
    5b9a:	9e 4f       	sbci	r25, 0xFE	; 254
    5b9c:	dc 01       	movw	r26, r24
    5b9e:	2c 93       	st	X, r18
/home/jgalera/develop/arduino/usdx/usdx_plus_orange/usdx_plus_orange.ino:819
        filt =
            prev_filt[mode == CW]; // backup filter setting for previous mode,
    5ba0:	20 91 cd 01 	lds	r18, 0x01CD	; 0x8001cd <mode>
    5ba4:	81 e0       	ldi	r24, 0x01	; 1
    5ba6:	90 e0       	ldi	r25, 0x00	; 0
    5ba8:	22 30       	cpi	r18, 0x02	; 2
    5baa:	11 f0       	breq	.+4      	; 0x5bb0 <main+0x1592>
    5bac:	90 e0       	ldi	r25, 0x00	; 0
    5bae:	80 e0       	ldi	r24, 0x00	; 0
    5bb0:	8d 53       	subi	r24, 0x3D	; 61
    5bb2:	9e 4f       	sbci	r25, 0xFE	; 254
    5bb4:	fc 01       	movw	r30, r24
    5bb6:	80 81       	ld	r24, Z
/home/jgalera/develop/arduino/usdx/usdx_plus_orange/usdx_plus_orange.ino:818
                          CW]; // backup stepsize setting for previous mode,
                               // restore previous stepsize setting for current
                               // selected mode; filter settings captured for
                               // either CQ or other modes.
        prev_filt[prev_mode == CW] = filt;
        filt =
    5bb8:	80 93 f1 05 	sts	0x05F1, r24	; 0x8005f1 <filt>
/home/jgalera/develop/arduino/usdx/usdx_plus_orange/usdx_plus_orange.ino:825
                                   // restore previous filter setting for
                                   // current selected mode; filter settings
                                   // captured for either CQ or other modes.
#endif
        // paramAction(UPDATE, MODE);
        vfomode[vfosel % 2] = mode;
    5bbc:	80 91 cd 01 	lds	r24, 0x01CD	; 0x8001cd <mode>
    5bc0:	90 91 f0 05 	lds	r25, 0x05F0	; 0x8005f0 <vfosel>
    5bc4:	91 70       	andi	r25, 0x01	; 1
    5bc6:	9f 87       	std	Y+15, r25	; 0x0f
    5bc8:	18 8a       	std	Y+16, r1	; 0x10
    5bca:	ef 85       	ldd	r30, Y+15	; 0x0f
    5bcc:	f8 89       	ldd	r31, Y+16	; 0x10
    5bce:	ef 53       	subi	r30, 0x3F	; 63
    5bd0:	fe 4f       	sbci	r31, 0xFE	; 254
    5bd2:	80 83       	st	Z, r24
/home/jgalera/develop/arduino/usdx/usdx_plus_orange/usdx_plus_orange.ino:826
        paramAction(SAVE, (vfosel % 2) ? MODEB : MODEA); // save vfoa/b changes
    5bd4:	80 91 f0 05 	lds	r24, 0x05F0	; 0x8005f0 <vfosel>
main():
    5bd8:	61 e3       	ldi	r22, 0x31	; 49
loop():
    5bda:	80 ff       	sbrs	r24, 0
main():
    5bdc:	60 e3       	ldi	r22, 0x30	; 48
loop():
    5bde:	84 e0       	ldi	r24, 0x04	; 4
    5be0:	0e 94 d7 1d 	call	0x3bae	; 0x3bae <paramAction(unsigned char, unsigned char)>
/home/jgalera/develop/arduino/usdx/usdx_plus_orange/usdx_plus_orange.ino:827
        paramAction(SAVE, MODE);
    5be4:	62 e0       	ldi	r22, 0x02	; 2
    5be6:	84 e0       	ldi	r24, 0x04	; 4
    5be8:	0e 94 d7 1d 	call	0x3bae	; 0x3bae <paramAction(unsigned char, unsigned char)>
/home/jgalera/develop/arduino/usdx/usdx_plus_orange/usdx_plus_orange.ino:828
        paramAction(SAVE, FILTER);
    5bec:	63 e0       	ldi	r22, 0x03	; 3
    5bee:	84 e0       	ldi	r24, 0x04	; 4
    5bf0:	0e 94 d7 1d 	call	0x3bae	; 0x3bae <paramAction(unsigned char, unsigned char)>
/home/jgalera/develop/arduino/usdx/usdx_plus_orange/usdx_plus_orange.ino:829
        si5351.iqmsa = 0; // enforce PLL reset
    5bf4:	10 92 d4 06 	sts	0x06D4, r1	; 0x8006d4 <si5351+0x18>
    5bf8:	10 92 d3 06 	sts	0x06D3, r1	; 0x8006d3 <si5351+0x17>
/home/jgalera/develop/arduino/usdx/usdx_plus_orange/usdx_plus_orange.ino:831
#ifdef CW_DECODER
        if ((prev_mode == CW) && (cwdec))
    5bfc:	12 30       	cpi	r17, 0x02	; 2
    5bfe:	29 f4       	brne	.+10     	; 0x5c0a <main+0x15ec>
    5c00:	80 91 cc 01 	lds	r24, 0x01CC	; 0x8001cc <cwdec>
    5c04:	81 11       	cpse	r24, r1
/home/jgalera/develop/arduino/usdx/usdx_plus_orange/usdx_plus_orange.ino:832
          show_banner();
    5c06:	0e 94 29 19 	call	0x3252	; 0x3252 <show_banner()>
/home/jgalera/develop/arduino/usdx/usdx_plus_orange/usdx_plus_orange.ino:983
            powerDown();
          } // powerDown when volume < 0
          paramAction(SAVE, VOLUME);
        }
      }
      change = true; // refresh display
    5c0a:	81 e0       	ldi	r24, 0x01	; 1
    5c0c:	80 93 c6 01 	sts	0x01C6, r24	; 0x8001c6 <change>
    5c10:	be cc       	rjmp	.-1668   	; 0x558e <main+0xf70>
/home/jgalera/develop/arduino/usdx/usdx_plus_orange/usdx_plus_orange.ino:836
        if ((prev_mode == CW) && (cwdec))
          show_banner();
#endif
        change = true;
      } else {
        if (menumode == 1) {
    5c12:	80 91 06 06 	lds	r24, 0x0606	; 0x800606 <menumode>
    5c16:	81 30       	cpi	r24, 0x01	; 1
    5c18:	11 f4       	brne	.+4      	; 0x5c1e <main+0x1600>
/home/jgalera/develop/arduino/usdx/usdx_plus_orange/usdx_plus_orange.ino:837
          menumode = 0;
    5c1a:	10 92 06 06 	sts	0x0606, r1	; 0x800606 <menumode>
/home/jgalera/develop/arduino/usdx/usdx_plus_orange/usdx_plus_orange.ino:839
        } // short right-click while in menu: enter value selection screen
        if (menumode >= 2) {
    5c1e:	80 91 06 06 	lds	r24, 0x0606	; 0x800606 <menumode>
    5c22:	82 30       	cpi	r24, 0x02	; 2
    5c24:	08 f4       	brcc	.+2      	; 0x5c28 <main+0x160a>
    5c26:	b3 cc       	rjmp	.-1690   	; 0x558e <main+0xf70>
/home/jgalera/develop/arduino/usdx/usdx_plus_orange/usdx_plus_orange.ino:840
          menumode = 1;
    5c28:	81 e0       	ldi	r24, 0x01	; 1
    5c2a:	80 93 06 06 	sts	0x0606, r24	; 0x800606 <menumode>
/home/jgalera/develop/arduino/usdx/usdx_plus_orange/usdx_plus_orange.ino:841
          change = true;
    5c2e:	80 93 c6 01 	sts	0x01C6, r24	; 0x8001c6 <change>
/home/jgalera/develop/arduino/usdx/usdx_plus_orange/usdx_plus_orange.ino:842
          paramAction(SAVE, menu);
    5c32:	60 91 f5 05 	lds	r22, 0x05F5	; 0x8005f5 <menu>
    5c36:	84 e0       	ldi	r24, 0x04	; 4
    5c38:	0e 94 d7 1d 	call	0x3bae	; 0x3bae <paramAction(unsigned char, unsigned char)>
    5c3c:	a8 cc       	rjmp	.-1712   	; 0x558e <main+0xf70>
/home/jgalera/develop/arduino/usdx/usdx_plus_orange/usdx_plus_orange.ino:848
        } // short right-click while in value selection screen: save, and return
          // to menu screen
      }
      break;
    case BR | DC:
      filt++;
    5c3e:	80 91 f1 05 	lds	r24, 0x05F1	; 0x8005f1 <filt>
    5c42:	8f 5f       	subi	r24, 0xFF	; 255
    5c44:	80 93 f1 05 	sts	0x05F1, r24	; 0x8005f1 <filt>
/home/jgalera/develop/arduino/usdx/usdx_plus_orange/usdx_plus_orange.ino:849
      _init = true;
    5c48:	81 e0       	ldi	r24, 0x01	; 1
    5c4a:	80 93 ef 05 	sts	0x05EF, r24	; 0x8005ef <_init>
/home/jgalera/develop/arduino/usdx/usdx_plus_orange/usdx_plus_orange.ino:850
      if (mode == CW && filt > N_FILT)
    5c4e:	80 91 cd 01 	lds	r24, 0x01CD	; 0x8001cd <mode>
    5c52:	82 30       	cpi	r24, 0x02	; 2
    5c54:	39 f4       	brne	.+14     	; 0x5c64 <main+0x1646>
    5c56:	80 91 f1 05 	lds	r24, 0x05F1	; 0x8005f1 <filt>
    5c5a:	88 30       	cpi	r24, 0x08	; 8
    5c5c:	18 f0       	brcs	.+6      	; 0x5c64 <main+0x1646>
/home/jgalera/develop/arduino/usdx/usdx_plus_orange/usdx_plus_orange.ino:851
        filt = 4;
    5c5e:	84 e0       	ldi	r24, 0x04	; 4
    5c60:	80 93 f1 05 	sts	0x05F1, r24	; 0x8005f1 <filt>
/home/jgalera/develop/arduino/usdx/usdx_plus_orange/usdx_plus_orange.ino:852
      if (mode == CW && filt == 4)
    5c64:	80 91 cd 01 	lds	r24, 0x01CD	; 0x8001cd <mode>
    5c68:	82 30       	cpi	r24, 0x02	; 2
    5c6a:	39 f4       	brne	.+14     	; 0x5c7a <main+0x165c>
    5c6c:	80 91 f1 05 	lds	r24, 0x05F1	; 0x8005f1 <filt>
    5c70:	84 30       	cpi	r24, 0x04	; 4
    5c72:	19 f4       	brne	.+6      	; 0x5c7a <main+0x165c>
/home/jgalera/develop/arduino/usdx/usdx_plus_orange/usdx_plus_orange.ino:853
        stepsize = STEP_500; // reset stepsize for 500Hz filter
    5c74:	86 e0       	ldi	r24, 0x06	; 6
    5c76:	80 93 c7 01 	sts	0x01C7, r24	; 0x8001c7 <stepsize>
/home/jgalera/develop/arduino/usdx/usdx_plus_orange/usdx_plus_orange.ino:854
      if (mode == CW && (filt == 5 || filt == 6) && stepsize < STEP_100)
    5c7a:	80 91 cd 01 	lds	r24, 0x01CD	; 0x8001cd <mode>
    5c7e:	82 30       	cpi	r24, 0x02	; 2
    5c80:	79 f4       	brne	.+30     	; 0x5ca0 <main+0x1682>
    5c82:	80 91 f1 05 	lds	r24, 0x05F1	; 0x8005f1 <filt>
    5c86:	85 30       	cpi	r24, 0x05	; 5
    5c88:	21 f0       	breq	.+8      	; 0x5c92 <main+0x1674>
    5c8a:	80 91 f1 05 	lds	r24, 0x05F1	; 0x8005f1 <filt>
    5c8e:	86 30       	cpi	r24, 0x06	; 6
    5c90:	39 f4       	brne	.+14     	; 0x5ca0 <main+0x1682>
    5c92:	80 91 c7 01 	lds	r24, 0x01C7	; 0x8001c7 <stepsize>
    5c96:	87 30       	cpi	r24, 0x07	; 7
    5c98:	18 f4       	brcc	.+6      	; 0x5ca0 <main+0x1682>
/home/jgalera/develop/arduino/usdx/usdx_plus_orange/usdx_plus_orange.ino:855
        stepsize = STEP_100; // for CW BW 200, 100      -> step = 100 Hz
    5c9a:	87 e0       	ldi	r24, 0x07	; 7
    5c9c:	80 93 c7 01 	sts	0x01C7, r24	; 0x8001c7 <stepsize>
/home/jgalera/develop/arduino/usdx/usdx_plus_orange/usdx_plus_orange.ino:856
      if (mode == CW && filt == 7 && stepsize < STEP_10)
    5ca0:	80 91 cd 01 	lds	r24, 0x01CD	; 0x8001cd <mode>
    5ca4:	82 30       	cpi	r24, 0x02	; 2
    5ca6:	59 f4       	brne	.+22     	; 0x5cbe <main+0x16a0>
    5ca8:	80 91 f1 05 	lds	r24, 0x05F1	; 0x8005f1 <filt>
    5cac:	87 30       	cpi	r24, 0x07	; 7
    5cae:	39 f4       	brne	.+14     	; 0x5cbe <main+0x16a0>
    5cb0:	80 91 c7 01 	lds	r24, 0x01C7	; 0x8001c7 <stepsize>
    5cb4:	88 30       	cpi	r24, 0x08	; 8
    5cb6:	18 f4       	brcc	.+6      	; 0x5cbe <main+0x16a0>
/home/jgalera/develop/arduino/usdx/usdx_plus_orange/usdx_plus_orange.ino:857
        stepsize = STEP_10; // for CW BW 50 -> step = 10 Hz
    5cb8:	88 e0       	ldi	r24, 0x08	; 8
    5cba:	80 93 c7 01 	sts	0x01C7, r24	; 0x8001c7 <stepsize>
/home/jgalera/develop/arduino/usdx/usdx_plus_orange/usdx_plus_orange.ino:858
      if (mode != CW && filt > 3)
    5cbe:	80 91 cd 01 	lds	r24, 0x01CD	; 0x8001cd <mode>
    5cc2:	82 30       	cpi	r24, 0x02	; 2
    5cc4:	31 f0       	breq	.+12     	; 0x5cd2 <main+0x16b4>
    5cc6:	80 91 f1 05 	lds	r24, 0x05F1	; 0x8005f1 <filt>
    5cca:	84 30       	cpi	r24, 0x04	; 4
    5ccc:	10 f0       	brcs	.+4      	; 0x5cd2 <main+0x16b4>
/home/jgalera/develop/arduino/usdx/usdx_plus_orange/usdx_plus_orange.ino:859
        filt = 0;
    5cce:	10 92 f1 05 	sts	0x05F1, r1	; 0x8005f1 <filt>
/home/jgalera/develop/arduino/usdx/usdx_plus_orange/usdx_plus_orange.ino:860
      encoder_val = 0;
    5cd2:	10 92 19 06 	sts	0x0619, r1	; 0x800619 <encoder_val>
/home/jgalera/develop/arduino/usdx/usdx_plus_orange/usdx_plus_orange.ino:861
      paramAction(UPDATE, FILTER);
    5cd6:	63 e0       	ldi	r22, 0x03	; 3
    5cd8:	80 e0       	ldi	r24, 0x00	; 0
    5cda:	0e 94 d7 1d 	call	0x3bae	; 0x3bae <paramAction(unsigned char, unsigned char)>
/home/jgalera/develop/arduino/usdx/usdx_plus_orange/usdx_plus_orange.ino:862
      paramAction(SAVE, FILTER);
    5cde:	63 e0       	ldi	r22, 0x03	; 3
    5ce0:	84 e0       	ldi	r24, 0x04	; 4
    5ce2:	0e 94 d7 1d 	call	0x3bae	; 0x3bae <paramAction(unsigned char, unsigned char)>
/home/jgalera/develop/arduino/usdx/usdx_plus_orange/usdx_plus_orange.ino:863
      wdt_reset();
    5ce6:	a8 95       	wdr
/home/jgalera/develop/arduino/usdx/usdx_plus_orange/usdx_plus_orange.ino:864
      delay(1500);
    5ce8:	6c ed       	ldi	r22, 0xDC	; 220
    5cea:	75 e0       	ldi	r23, 0x05	; 5
    5cec:	80 e0       	ldi	r24, 0x00	; 0
    5cee:	90 e0       	ldi	r25, 0x00	; 0
    5cf0:	0e 94 0d 04 	call	0x81a	; 0x81a <delay>
/home/jgalera/develop/arduino/usdx/usdx_plus_orange/usdx_plus_orange.ino:865
      wdt_reset();
    5cf4:	a8 95       	wdr
    5cf6:	89 cf       	rjmp	.-238    	; 0x5c0a <main+0x15ec>
/home/jgalera/develop/arduino/usdx/usdx_plus_orange/usdx_plus_orange.ino:897
        // for(;micros() < next;);  next = micros() + 16;   // sync every
        // 1000000/62500=16ms (or later if missed)
      } //
#endif // SIMPLE_RX
#ifdef RIT_ENABLE
      rit = !rit;
    5cf8:	20 91 f2 05 	lds	r18, 0x05F2	; 0x8005f2 <rit>
    5cfc:	30 91 f3 05 	lds	r19, 0x05F3	; 0x8005f3 <rit+0x1>
    5d00:	81 e0       	ldi	r24, 0x01	; 1
    5d02:	90 e0       	ldi	r25, 0x00	; 0
    5d04:	23 2b       	or	r18, r19
    5d06:	11 f0       	breq	.+4      	; 0x5d0c <main+0x16ee>
    5d08:	90 e0       	ldi	r25, 0x00	; 0
    5d0a:	80 e0       	ldi	r24, 0x00	; 0
    5d0c:	90 93 f3 05 	sts	0x05F3, r25	; 0x8005f3 <rit+0x1>
    5d10:	80 93 f2 05 	sts	0x05F2, r24	; 0x8005f2 <rit>
/home/jgalera/develop/arduino/usdx/usdx_plus_orange/usdx_plus_orange.ino:898
      stepsize = (rit) ? STEP_10 : prev_stepsize[mode == CW];
    5d14:	80 91 f2 05 	lds	r24, 0x05F2	; 0x8005f2 <rit>
    5d18:	90 91 f3 05 	lds	r25, 0x05F3	; 0x8005f3 <rit+0x1>
    5d1c:	89 2b       	or	r24, r25
    5d1e:	09 f0       	breq	.+2      	; 0x5d22 <main+0x1704>
    5d20:	52 c0       	rjmp	.+164    	; 0x5dc6 <main+0x17a8>
    5d22:	20 91 cd 01 	lds	r18, 0x01CD	; 0x8001cd <mode>
    5d26:	81 e0       	ldi	r24, 0x01	; 1
    5d28:	90 e0       	ldi	r25, 0x00	; 0
    5d2a:	22 30       	cpi	r18, 0x02	; 2
    5d2c:	11 f0       	breq	.+4      	; 0x5d32 <main+0x1714>
    5d2e:	90 e0       	ldi	r25, 0x00	; 0
    5d30:	80 e0       	ldi	r24, 0x00	; 0
    5d32:	88 53       	subi	r24, 0x38	; 56
    5d34:	9e 4f       	sbci	r25, 0xFE	; 254
    5d36:	dc 01       	movw	r26, r24
    5d38:	8c 91       	ld	r24, X
    5d3a:	80 93 c7 01 	sts	0x01C7, r24	; 0x8001c7 <stepsize>
/home/jgalera/develop/arduino/usdx/usdx_plus_orange/usdx_plus_orange.ino:899
      if (!rit) { // after RIT comes VFO A/B swap
    5d3e:	80 91 f2 05 	lds	r24, 0x05F2	; 0x8005f2 <rit>
    5d42:	90 91 f3 05 	lds	r25, 0x05F3	; 0x8005f3 <rit+0x1>
    5d46:	89 2b       	or	r24, r25
    5d48:	09 f0       	breq	.+2      	; 0x5d4c <main+0x172e>
    5d4a:	5f cf       	rjmp	.-322    	; 0x5c0a <main+0x15ec>
/home/jgalera/develop/arduino/usdx/usdx_plus_orange/usdx_plus_orange.ino:903
#else
    {
#endif // RIT_ENABLE
        vfosel = !vfosel;
    5d4c:	90 91 f0 05 	lds	r25, 0x05F0	; 0x8005f0 <vfosel>
    5d50:	81 e0       	ldi	r24, 0x01	; 1
    5d52:	91 11       	cpse	r25, r1
    5d54:	80 e0       	ldi	r24, 0x00	; 0
    5d56:	80 93 f0 05 	sts	0x05F0, r24	; 0x8005f0 <vfosel>
/home/jgalera/develop/arduino/usdx/usdx_plus_orange/usdx_plus_orange.ino:904
        freq = vfo[vfosel % 2]; // todo: share code with menumode
    5d5a:	80 91 f0 05 	lds	r24, 0x05F0	; 0x8005f0 <vfosel>
    5d5e:	81 70       	andi	r24, 0x01	; 1
    5d60:	89 8b       	std	Y+17, r24	; 0x11
    5d62:	1a 8a       	std	Y+18, r1	; 0x12
    5d64:	e9 89       	ldd	r30, Y+17	; 0x11
    5d66:	fa 89       	ldd	r31, Y+18	; 0x12
    5d68:	ee 0f       	add	r30, r30
    5d6a:	ff 1f       	adc	r31, r31
    5d6c:	ee 0f       	add	r30, r30
    5d6e:	ff 1f       	adc	r31, r31
    5d70:	e7 54       	subi	r30, 0x47	; 71
    5d72:	fe 4f       	sbci	r31, 0xFE	; 254
    5d74:	80 81       	ld	r24, Z
    5d76:	91 81       	ldd	r25, Z+1	; 0x01
    5d78:	a2 81       	ldd	r26, Z+2	; 0x02
    5d7a:	b3 81       	ldd	r27, Z+3	; 0x03
    5d7c:	80 93 b5 01 	sts	0x01B5, r24	; 0x8001b5 <freq>
    5d80:	90 93 b6 01 	sts	0x01B6, r25	; 0x8001b6 <freq+0x1>
    5d84:	a0 93 b7 01 	sts	0x01B7, r26	; 0x8001b7 <freq+0x2>
    5d88:	b0 93 b8 01 	sts	0x01B8, r27	; 0x8001b8 <freq+0x3>
/home/jgalera/develop/arduino/usdx/usdx_plus_orange/usdx_plus_orange.ino:905
        mode = vfomode[vfosel % 2];
    5d8c:	80 91 f0 05 	lds	r24, 0x05F0	; 0x8005f0 <vfosel>
    5d90:	81 70       	andi	r24, 0x01	; 1
    5d92:	8b 8b       	std	Y+19, r24	; 0x13
    5d94:	1c 8a       	std	Y+20, r1	; 0x14
    5d96:	eb 89       	ldd	r30, Y+19	; 0x13
    5d98:	fc 89       	ldd	r31, Y+20	; 0x14
    5d9a:	ef 53       	subi	r30, 0x3F	; 63
    5d9c:	fe 4f       	sbci	r31, 0xFE	; 254
    5d9e:	80 81       	ld	r24, Z
    5da0:	80 93 cd 01 	sts	0x01CD, r24	; 0x8001cd <mode>
/home/jgalera/develop/arduino/usdx/usdx_plus_orange/usdx_plus_orange.ino:907
        // make more generic:
        if (mode != CW)
    5da4:	80 91 cd 01 	lds	r24, 0x01CD	; 0x8001cd <mode>
    5da8:	82 30       	cpi	r24, 0x02	; 2
    5daa:	79 f0       	breq	.+30     	; 0x5dca <main+0x17ac>
/home/jgalera/develop/arduino/usdx/usdx_plus_orange/usdx_plus_orange.ino:908
          stepsize = STEP_1k;
    5dac:	85 e0       	ldi	r24, 0x05	; 5
/home/jgalera/develop/arduino/usdx/usdx_plus_orange/usdx_plus_orange.ino:910
        else
          stepsize = STEP_500;
    5dae:	80 93 c7 01 	sts	0x01C7, r24	; 0x8001c7 <stepsize>
/home/jgalera/develop/arduino/usdx/usdx_plus_orange/usdx_plus_orange.ino:911
        if (mode == CW) {
    5db2:	80 91 cd 01 	lds	r24, 0x01CD	; 0x8001cd <mode>
    5db6:	82 30       	cpi	r24, 0x02	; 2
    5db8:	51 f4       	brne	.+20     	; 0x5dce <main+0x17b0>
/home/jgalera/develop/arduino/usdx/usdx_plus_orange/usdx_plus_orange.ino:912
          filt = 4;
    5dba:	84 e0       	ldi	r24, 0x04	; 4
    5dbc:	80 93 f1 05 	sts	0x05F1, r24	; 0x8005f1 <filt>
/home/jgalera/develop/arduino/usdx/usdx_plus_orange/usdx_plus_orange.ino:913
          nr = 0;
    5dc0:	10 92 c5 01 	sts	0x01C5, r1	; 0x8001c5 <nr>
    5dc4:	22 cf       	rjmp	.-444    	; 0x5c0a <main+0x15ec>
main():
/home/jgalera/develop/arduino/usdx/usdx_plus_orange/usdx_plus_orange.ino:898
        // 1000000/62500=16ms (or later if missed)
      } //
#endif // SIMPLE_RX
#ifdef RIT_ENABLE
      rit = !rit;
      stepsize = (rit) ? STEP_10 : prev_stepsize[mode == CW];
    5dc6:	88 e0       	ldi	r24, 0x08	; 8
    5dc8:	b8 cf       	rjmp	.-144    	; 0x5d3a <main+0x171c>
loop():
/home/jgalera/develop/arduino/usdx/usdx_plus_orange/usdx_plus_orange.ino:910
        mode = vfomode[vfosel % 2];
        // make more generic:
        if (mode != CW)
          stepsize = STEP_1k;
        else
          stepsize = STEP_500;
    5dca:	86 e0       	ldi	r24, 0x06	; 6
    5dcc:	f0 cf       	rjmp	.-32     	; 0x5dae <main+0x1790>
/home/jgalera/develop/arduino/usdx/usdx_plus_orange/usdx_plus_orange.ino:915
        if (mode == CW) {
          filt = 4;
          nr = 0;
        } else
          filt = 0;
    5dce:	10 92 f1 05 	sts	0x05F1, r1	; 0x8005f1 <filt>
    5dd2:	1b cf       	rjmp	.-458    	; 0x5c0a <main+0x15ec>
/home/jgalera/develop/arduino/usdx/usdx_plus_orange/usdx_plus_orange.ino:939
    case BE | SC:
      if (!menumode) {
        stepsize_change(+1);
      } else {
        int8_t _menumode;
        if (menumode == 1) {
    5dd4:	80 91 06 06 	lds	r24, 0x0606	; 0x800606 <menumode>
/home/jgalera/develop/arduino/usdx/usdx_plus_orange/usdx_plus_orange.ino:942
          _menumode = 2;
        } // short encoder-click while in menu: enter value selection screen
        if (menumode == 2) {
    5dd8:	80 91 06 06 	lds	r24, 0x0606	; 0x800606 <menumode>
    5ddc:	82 30       	cpi	r24, 0x02	; 2
    5dde:	a9 f4       	brne	.+42     	; 0x5e0a <main+0x17ec>
/home/jgalera/develop/arduino/usdx/usdx_plus_orange/usdx_plus_orange.ino:944
          _menumode = 1;
          change = true;
    5de0:	81 e0       	ldi	r24, 0x01	; 1
    5de2:	80 93 c6 01 	sts	0x01C6, r24	; 0x8001c6 <change>
/home/jgalera/develop/arduino/usdx/usdx_plus_orange/usdx_plus_orange.ino:945
          paramAction(SAVE, menu);
    5de6:	60 91 f5 05 	lds	r22, 0x05F5	; 0x8005f5 <menu>
    5dea:	84 e0       	ldi	r24, 0x04	; 4
    5dec:	0e 94 d7 1d 	call	0x3bae	; 0x3bae <paramAction(unsigned char, unsigned char)>
main():
/home/jgalera/develop/arduino/usdx/usdx_plus_orange/usdx_plus_orange.ino:943
        int8_t _menumode;
        if (menumode == 1) {
          _menumode = 2;
        } // short encoder-click while in menu: enter value selection screen
        if (menumode == 2) {
          _menumode = 1;
    5df0:	81 e0       	ldi	r24, 0x01	; 1
loop():
/home/jgalera/develop/arduino/usdx/usdx_plus_orange/usdx_plus_orange.ino:949
          change = true;
          paramAction(SAVE, menu);
        } // short encoder-click while in value selection screen: save, and
          // return to menu screen
#ifdef MENU_STR
        if (menumode == 3) {
    5df2:	90 91 06 06 	lds	r25, 0x0606	; 0x800606 <menumode>
    5df6:	93 30       	cpi	r25, 0x03	; 3
    5df8:	09 f0       	breq	.+2      	; 0x5dfc <main+0x17de>
    5dfa:	60 ce       	rjmp	.-832    	; 0x5abc <main+0x149e>
/home/jgalera/develop/arduino/usdx/usdx_plus_orange/usdx_plus_orange.ino:951
          _menumode = 3;
          paramAction(NEXT_CH, menu);
    5dfc:	60 91 f5 05 	lds	r22, 0x05F5	; 0x8005f5 <menu>
    5e00:	86 e0       	ldi	r24, 0x06	; 6
    5e02:	0e 94 d7 1d 	call	0x3bae	; 0x3bae <paramAction(unsigned char, unsigned char)>
main():
/home/jgalera/develop/arduino/usdx/usdx_plus_orange/usdx_plus_orange.ino:950
          paramAction(SAVE, menu);
        } // short encoder-click while in value selection screen: save, and
          // return to menu screen
#ifdef MENU_STR
        if (menumode == 3) {
          _menumode = 3;
    5e06:	83 e0       	ldi	r24, 0x03	; 3
    5e08:	59 ce       	rjmp	.-846    	; 0x5abc <main+0x149e>
loop():
/home/jgalera/develop/arduino/usdx/usdx_plus_orange/usdx_plus_orange.ino:942
      } else {
        int8_t _menumode;
        if (menumode == 1) {
          _menumode = 2;
        } // short encoder-click while in menu: enter value selection screen
        if (menumode == 2) {
    5e0a:	82 e0       	ldi	r24, 0x02	; 2
    5e0c:	f2 cf       	rjmp	.-28     	; 0x5df2 <main+0x17d4>
/home/jgalera/develop/arduino/usdx/usdx_plus_orange/usdx_plus_orange.ino:960
        menumode = _menumode;
      }
      break;
    case BE | DC:
      // delay(100);
      bandval++;
    5e0e:	80 91 b4 01 	lds	r24, 0x01B4	; 0x8001b4 <bandval>
    5e12:	8f 5f       	subi	r24, 0xFF	; 255
/home/jgalera/develop/arduino/usdx/usdx_plus_orange/usdx_plus_orange.ino:962
      // if(bandval >= N_BANDS) bandval = 0;
      if (bandval >= (N_BANDS - 1))
    5e14:	8a 30       	cpi	r24, 0x0A	; 10
    5e16:	20 f4       	brcc	.+8      	; 0x5e20 <main+0x1802>
/home/jgalera/develop/arduino/usdx/usdx_plus_orange/usdx_plus_orange.ino:963
        bandval = 1; // excludes 6m, 160m
    5e18:	80 93 b4 01 	sts	0x01B4, r24	; 0x8001b4 <bandval>
/home/jgalera/develop/arduino/usdx/usdx_plus_orange/usdx_plus_orange.ino:964
      stepsize = STEP_1k;
    5e1c:	85 e0       	ldi	r24, 0x05	; 5
    5e1e:	a1 cd       	rjmp	.-1214   	; 0x5962 <main+0x1344>
/home/jgalera/develop/arduino/usdx/usdx_plus_orange/usdx_plus_orange.ino:963
    case BE | DC:
      // delay(100);
      bandval++;
      // if(bandval >= N_BANDS) bandval = 0;
      if (bandval >= (N_BANDS - 1))
        bandval = 1; // excludes 6m, 160m
    5e20:	81 e0       	ldi	r24, 0x01	; 1
    5e22:	fa cf       	rjmp	.-12     	; 0x5e18 <main+0x17fa>
/home/jgalera/develop/arduino/usdx/usdx_plus_orange/usdx_plus_orange.ino:968
      stepsize = STEP_1k;
      change = true;
      break;
    case BE | PL:
      stepsize_change(-1);
    5e24:	8f ef       	ldi	r24, 0xFF	; 255
    5e26:	af cd       	rjmp	.-1186   	; 0x5986 <main+0x1368>
/home/jgalera/develop/arduino/usdx/usdx_plus_orange/usdx_plus_orange.ino:980
          if (volume < 0) {
            volume = 10;
            paramAction(SAVE, VOLUME);
            powerDown();
          } // powerDown when volume < 0
          paramAction(SAVE, VOLUME);
    5e28:	61 e0       	ldi	r22, 0x01	; 1
    5e2a:	84 e0       	ldi	r24, 0x04	; 4
    5e2c:	0e 94 d7 1d 	call	0x3bae	; 0x3bae <paramAction(unsigned char, unsigned char)>
    5e30:	b3 cd       	rjmp	.-1178   	; 0x5998 <main+0x137a>
/home/jgalera/develop/arduino/usdx/usdx_plus_orange/usdx_plus_orange.ino:1107
      encoder_val--;
      break;
#endif // ONEBUTTON
    }
  } else
    event = 0; // no button pressed: reset event
    5e32:	10 92 f6 05 	sts	0x05F6, r1	; 0x8005f6 <event>
    5e36:	ab cb       	rjmp	.-2218   	; 0x558e <main+0xf70>
main():
/home/jgalera/.arduino15/packages/MiniCore/hardware/avr/3.1.1/cores/MCUdude_corefiles/Arduino.h:315
    5e38:	8c e2       	ldi	r24, 0x2C	; 44
    5e3a:	90 e0       	ldi	r25, 0x00	; 0
    5e3c:	ce cb       	rjmp	.-2148   	; 0x55da <main+0xfbc>
loop():
/home/jgalera/develop/arduino/usdx/usdx_plus_orange/usdx_plus_orange.ino:1122
#endif
      menu = paramAction(NEXT_MENU,
                         menu); // auto probe next menu item (gaps may exist)
      encoder_val = 0;
    }
    if (encoder_change || (prev_menumode != menumode))
    5e3e:	11 11       	cpse	r17, r1
    5e40:	dc cb       	rjmp	.-2120   	; 0x55fa <main+0xfdc>
    5e42:	90 91 ee 05 	lds	r25, 0x05EE	; 0x8005ee <prev_menumode>
    5e46:	80 91 06 06 	lds	r24, 0x0606	; 0x800606 <menumode>
    5e4a:	98 13       	cpse	r25, r24
    5e4c:	d6 cb       	rjmp	.-2132   	; 0x55fa <main+0xfdc>
/home/jgalera/develop/arduino/usdx/usdx_plus_orange/usdx_plus_orange.ino:1127
      paramAction(UPDATE_MENU,
                  (menumode)
                      ? menu
                      : 0); // update param with encoder change and display
    prev_menumode = menumode;
    5e4e:	80 91 06 06 	lds	r24, 0x0606	; 0x800606 <menumode>
    5e52:	80 93 ee 05 	sts	0x05EE, r24	; 0x8005ee <prev_menumode>
/home/jgalera/develop/arduino/usdx/usdx_plus_orange/usdx_plus_orange.ino:1128
    if (menumode == 2) {
    5e56:	80 91 06 06 	lds	r24, 0x0606	; 0x800606 <menumode>
    5e5a:	82 30       	cpi	r24, 0x02	; 2
    5e5c:	09 f0       	breq	.+2      	; 0x5e60 <main+0x1842>
    5e5e:	28 c1       	rjmp	.+592    	; 0x60b0 <main+0x1a92>
/home/jgalera/develop/arduino/usdx/usdx_plus_orange/usdx_plus_orange.ino:1129
      if (encoder_change) {
    5e60:	11 23       	and	r17, r17
    5e62:	09 f4       	brne	.+2      	; 0x5e66 <main+0x1848>
    5e64:	25 c1       	rjmp	.+586    	; 0x60b0 <main+0x1a92>
_ZN3LCD9setCursorEhh():
/home/jgalera/develop/arduino/usdx/usdx_plus_orange/src/driver/display.h:190
#ifdef CONDENSED
  void setCursor(uint8_t x, uint8_t y) {
    cmd(0x80 | (x + (uint8_t[]){0x00, 0x40, 0x00 + 20, 0x40 + 20}[y]));
  }
#else
  void setCursor(uint8_t x, uint8_t y) { cmd(0x80 | (x + y * 0x40)); }
    5e66:	80 ec       	ldi	r24, 0xC0	; 192
    5e68:	0e 94 80 18 	call	0x3100	; 0x3100 <LCD::cmd(unsigned char) [clone .isra.11]>
_ZN3LCD6cursorEv.isra.14():
/home/jgalera/develop/arduino/usdx/usdx_plus_orange/src/driver/display.h:192
#endif
  void cursor() { cmd(0x0e); }
    5e6c:	8e e0       	ldi	r24, 0x0E	; 14
    5e6e:	0e 94 80 18 	call	0x3100	; 0x3100 <LCD::cmd(unsigned char) [clone .isra.11]>
loop():
/home/jgalera/develop/arduino/usdx/usdx_plus_orange/usdx_plus_orange.ino:1132
        lcd.setCursor(0, 1);
        lcd.cursor();       // edits menu item value; make cursor visible
        if (menu == MODE) { // post-handling Mode parameter
    5e72:	80 91 f5 05 	lds	r24, 0x05F5	; 0x8005f5 <menu>
    5e76:	82 30       	cpi	r24, 0x02	; 2
    5e78:	69 f5       	brne	.+90     	; 0x5ed4 <main+0x18b6>
/home/jgalera/develop/arduino/usdx/usdx_plus_orange/usdx_plus_orange.ino:1133
          vfomode[vfosel % 2] = mode;
    5e7a:	80 91 cd 01 	lds	r24, 0x01CD	; 0x8001cd <mode>
    5e7e:	90 91 f0 05 	lds	r25, 0x05F0	; 0x8005f0 <vfosel>
    5e82:	91 70       	andi	r25, 0x01	; 1
    5e84:	9d 8b       	std	Y+21, r25	; 0x15
    5e86:	1e 8a       	std	Y+22, r1	; 0x16
    5e88:	ed 89       	ldd	r30, Y+21	; 0x15
    5e8a:	fe 89       	ldd	r31, Y+22	; 0x16
    5e8c:	ef 53       	subi	r30, 0x3F	; 63
    5e8e:	fe 4f       	sbci	r31, 0xFE	; 254
    5e90:	80 83       	st	Z, r24
/home/jgalera/develop/arduino/usdx/usdx_plus_orange/usdx_plus_orange.ino:1135
          paramAction(SAVE,
                      (vfosel % 2) ? MODEB : MODEA); // save vfoa/b changes
    5e92:	80 91 f0 05 	lds	r24, 0x05F0	; 0x8005f0 <vfosel>
main():
/home/jgalera/develop/arduino/usdx/usdx_plus_orange/usdx_plus_orange.ino:1134
      if (encoder_change) {
        lcd.setCursor(0, 1);
        lcd.cursor();       // edits menu item value; make cursor visible
        if (menu == MODE) { // post-handling Mode parameter
          vfomode[vfosel % 2] = mode;
          paramAction(SAVE,
    5e96:	61 e3       	ldi	r22, 0x31	; 49
loop():
    5e98:	80 ff       	sbrs	r24, 0
main():
    5e9a:	60 e3       	ldi	r22, 0x30	; 48
loop():
    5e9c:	84 e0       	ldi	r24, 0x04	; 4
    5e9e:	0e 94 d7 1d 	call	0x3bae	; 0x3bae <paramAction(unsigned char, unsigned char)>
/home/jgalera/develop/arduino/usdx/usdx_plus_orange/usdx_plus_orange.ino:1136
                      (vfosel % 2) ? MODEB : MODEA); // save vfoa/b changes
          change = true;
    5ea2:	81 e0       	ldi	r24, 0x01	; 1
    5ea4:	80 93 c6 01 	sts	0x01C6, r24	; 0x8001c6 <change>
/home/jgalera/develop/arduino/usdx/usdx_plus_orange/usdx_plus_orange.ino:1137
          si5351.iqmsa = 0; // enforce PLL reset
    5ea8:	10 92 d4 06 	sts	0x06D4, r1	; 0x8006d4 <si5351+0x18>
    5eac:	10 92 d3 06 	sts	0x06D3, r1	; 0x8006d3 <si5351+0x17>
/home/jgalera/develop/arduino/usdx/usdx_plus_orange/usdx_plus_orange.ino:1139
          // make more generic:
          if (mode != CW)
    5eb0:	80 91 cd 01 	lds	r24, 0x01CD	; 0x8001cd <mode>
    5eb4:	82 30       	cpi	r24, 0x02	; 2
    5eb6:	09 f4       	brne	.+2      	; 0x5eba <main+0x189c>
    5eb8:	79 c3       	rjmp	.+1778   	; 0x65ac <main+0x1f8e>
/home/jgalera/develop/arduino/usdx/usdx_plus_orange/usdx_plus_orange.ino:1140
            stepsize = STEP_1k;
    5eba:	85 e0       	ldi	r24, 0x05	; 5
/home/jgalera/develop/arduino/usdx/usdx_plus_orange/usdx_plus_orange.ino:1142
          else
            stepsize = STEP_500;
    5ebc:	80 93 c7 01 	sts	0x01C7, r24	; 0x8001c7 <stepsize>
/home/jgalera/develop/arduino/usdx/usdx_plus_orange/usdx_plus_orange.ino:1143
          if (mode == CW) {
    5ec0:	80 91 cd 01 	lds	r24, 0x01CD	; 0x8001cd <mode>
    5ec4:	82 30       	cpi	r24, 0x02	; 2
    5ec6:	09 f0       	breq	.+2      	; 0x5eca <main+0x18ac>
    5ec8:	73 c3       	rjmp	.+1766   	; 0x65b0 <main+0x1f92>
/home/jgalera/develop/arduino/usdx/usdx_plus_orange/usdx_plus_orange.ino:1144
            filt = 4;
    5eca:	84 e0       	ldi	r24, 0x04	; 4
    5ecc:	80 93 f1 05 	sts	0x05F1, r24	; 0x8005f1 <filt>
/home/jgalera/develop/arduino/usdx/usdx_plus_orange/usdx_plus_orange.ino:1145
            nr = 0;
    5ed0:	10 92 c5 01 	sts	0x01C5, r1	; 0x8001c5 <nr>
/home/jgalera/develop/arduino/usdx/usdx_plus_orange/usdx_plus_orange.ino:1149
          } else
            filt = 0;
        }
        if (menu == BAND) {
    5ed4:	80 91 f5 05 	lds	r24, 0x05F5	; 0x8005f5 <menu>
    5ed8:	84 30       	cpi	r24, 0x04	; 4
    5eda:	19 f4       	brne	.+6      	; 0x5ee2 <main+0x18c4>
/home/jgalera/develop/arduino/usdx/usdx_plus_orange/usdx_plus_orange.ino:1150
          change = true;
    5edc:	81 e0       	ldi	r24, 0x01	; 1
    5ede:	80 93 c6 01 	sts	0x01C6, r24	; 0x8001c6 <change>
/home/jgalera/develop/arduino/usdx/usdx_plus_orange/usdx_plus_orange.ino:1154
        }

        // if(menu == NR){ if(mode == CW) nr = false; }
        if (menu == VFOSEL) {
    5ee2:	80 91 f5 05 	lds	r24, 0x05F5	; 0x8005f5 <menu>
    5ee6:	86 30       	cpi	r24, 0x06	; 6
    5ee8:	c9 f5       	brne	.+114    	; 0x5f5c <main+0x193e>
/home/jgalera/develop/arduino/usdx/usdx_plus_orange/usdx_plus_orange.ino:1155
          freq = vfo[vfosel % 2];
    5eea:	90 91 f0 05 	lds	r25, 0x05F0	; 0x8005f0 <vfosel>
    5eee:	91 70       	andi	r25, 0x01	; 1
    5ef0:	9f 8b       	std	Y+23, r25	; 0x17
    5ef2:	18 8e       	std	Y+24, r1	; 0x18
    5ef4:	ef 89       	ldd	r30, Y+23	; 0x17
    5ef6:	f8 8d       	ldd	r31, Y+24	; 0x18
    5ef8:	ee 0f       	add	r30, r30
    5efa:	ff 1f       	adc	r31, r31
    5efc:	ee 0f       	add	r30, r30
    5efe:	ff 1f       	adc	r31, r31
    5f00:	e7 54       	subi	r30, 0x47	; 71
    5f02:	fe 4f       	sbci	r31, 0xFE	; 254
    5f04:	40 81       	ld	r20, Z
    5f06:	51 81       	ldd	r21, Z+1	; 0x01
    5f08:	62 81       	ldd	r22, Z+2	; 0x02
    5f0a:	73 81       	ldd	r23, Z+3	; 0x03
    5f0c:	40 93 b5 01 	sts	0x01B5, r20	; 0x8001b5 <freq>
    5f10:	50 93 b6 01 	sts	0x01B6, r21	; 0x8001b6 <freq+0x1>
    5f14:	60 93 b7 01 	sts	0x01B7, r22	; 0x8001b7 <freq+0x2>
    5f18:	70 93 b8 01 	sts	0x01B8, r23	; 0x8001b8 <freq+0x3>
/home/jgalera/develop/arduino/usdx/usdx_plus_orange/usdx_plus_orange.ino:1156
          mode = vfomode[vfosel % 2];
    5f1c:	90 91 f0 05 	lds	r25, 0x05F0	; 0x8005f0 <vfosel>
    5f20:	91 70       	andi	r25, 0x01	; 1
    5f22:	99 8f       	std	Y+25, r25	; 0x19
    5f24:	1a 8e       	std	Y+26, r1	; 0x1a
    5f26:	e9 8d       	ldd	r30, Y+25	; 0x19
    5f28:	fa 8d       	ldd	r31, Y+26	; 0x1a
    5f2a:	ef 53       	subi	r30, 0x3F	; 63
    5f2c:	fe 4f       	sbci	r31, 0xFE	; 254
    5f2e:	90 81       	ld	r25, Z
    5f30:	90 93 cd 01 	sts	0x01CD, r25	; 0x8001cd <mode>
/home/jgalera/develop/arduino/usdx/usdx_plus_orange/usdx_plus_orange.ino:1158
          // make more generic:
          if (mode != CW)
    5f34:	90 91 cd 01 	lds	r25, 0x01CD	; 0x8001cd <mode>
    5f38:	92 30       	cpi	r25, 0x02	; 2
    5f3a:	09 f0       	breq	.+2      	; 0x5f3e <main+0x1920>
/home/jgalera/develop/arduino/usdx/usdx_plus_orange/usdx_plus_orange.ino:1159
            stepsize = STEP_1k;
    5f3c:	85 e0       	ldi	r24, 0x05	; 5
/home/jgalera/develop/arduino/usdx/usdx_plus_orange/usdx_plus_orange.ino:1161
          else
            stepsize = STEP_500;
    5f3e:	80 93 c7 01 	sts	0x01C7, r24	; 0x8001c7 <stepsize>
/home/jgalera/develop/arduino/usdx/usdx_plus_orange/usdx_plus_orange.ino:1162
          if (mode == CW) {
    5f42:	80 91 cd 01 	lds	r24, 0x01CD	; 0x8001cd <mode>
    5f46:	82 30       	cpi	r24, 0x02	; 2
    5f48:	09 f0       	breq	.+2      	; 0x5f4c <main+0x192e>
    5f4a:	35 c3       	rjmp	.+1642   	; 0x65b6 <main+0x1f98>
/home/jgalera/develop/arduino/usdx/usdx_plus_orange/usdx_plus_orange.ino:1163
            filt = 4;
    5f4c:	84 e0       	ldi	r24, 0x04	; 4
    5f4e:	80 93 f1 05 	sts	0x05F1, r24	; 0x8005f1 <filt>
/home/jgalera/develop/arduino/usdx/usdx_plus_orange/usdx_plus_orange.ino:1164
            nr = 0;
    5f52:	10 92 c5 01 	sts	0x01C5, r1	; 0x8001c5 <nr>
/home/jgalera/develop/arduino/usdx/usdx_plus_orange/usdx_plus_orange.ino:1167
          } else
            filt = 0;
          change = true;
    5f56:	81 e0       	ldi	r24, 0x01	; 1
    5f58:	80 93 c6 01 	sts	0x01C6, r24	; 0x8001c6 <change>
/home/jgalera/develop/arduino/usdx/usdx_plus_orange/usdx_plus_orange.ino:1170
        }
#ifdef RIT_ENABLE
        if (menu == RIT) {
    5f5c:	80 91 f5 05 	lds	r24, 0x05F5	; 0x8005f5 <menu>
    5f60:	87 30       	cpi	r24, 0x07	; 7
    5f62:	69 f4       	brne	.+26     	; 0x5f7e <main+0x1960>
/home/jgalera/develop/arduino/usdx/usdx_plus_orange/usdx_plus_orange.ino:1171
          stepsize = (rit) ? STEP_10 : STEP_500;
    5f64:	80 91 f2 05 	lds	r24, 0x05F2	; 0x8005f2 <rit>
    5f68:	90 91 f3 05 	lds	r25, 0x05F3	; 0x8005f3 <rit+0x1>
    5f6c:	89 2b       	or	r24, r25
    5f6e:	09 f4       	brne	.+2      	; 0x5f72 <main+0x1954>
    5f70:	25 c3       	rjmp	.+1610   	; 0x65bc <main+0x1f9e>
main():
    5f72:	88 e0       	ldi	r24, 0x08	; 8
loop():
    5f74:	80 93 c7 01 	sts	0x01C7, r24	; 0x8001c7 <stepsize>
/home/jgalera/develop/arduino/usdx/usdx_plus_orange/usdx_plus_orange.ino:1172
          change = true;
    5f78:	81 e0       	ldi	r24, 0x01	; 1
    5f7a:	80 93 c6 01 	sts	0x01C6, r24	; 0x8001c6 <change>
/home/jgalera/develop/arduino/usdx/usdx_plus_orange/usdx_plus_orange.ino:1176
        }
#endif
        // if(menu == VOX){ if(vox){ vox_thresh-=1; } else { vox_thresh+=1; }; }
        if (menu == ATT) { // post-handling ATT parameter
    5f7e:	80 91 f5 05 	lds	r24, 0x05F5	; 0x8005f5 <menu>
    5f82:	8a 30       	cpi	r24, 0x0A	; 10
    5f84:	c9 f5       	brne	.+114    	; 0x5ff8 <main+0x19da>
/home/jgalera/develop/arduino/usdx/usdx_plus_orange/usdx_plus_orange.ino:1178
          if (dsp_cap == SDR) {
            noInterrupts();
    5f86:	f8 94       	cli
/home/jgalera/develop/arduino/usdx/usdx_plus_orange/usdx_plus_orange.ino:1185
            adc_start(1, !(att & 0x01) /*true*/, F_ADC_CONV);
            admux[0] = ADMUX;
            adc_start(0, !(att & 0x01) /*true*/, F_ADC_CONV);
            admux[1] = ADMUX;
#else
            adc_start(0, !(att & 0x01) /*true*/, F_ADC_CONV);
    5f88:	60 91 ed 05 	lds	r22, 0x05ED	; 0x8005ed <att>
    5f8c:	60 95       	com	r22
    5f8e:	61 70       	andi	r22, 0x01	; 1
    5f90:	29 e9       	ldi	r18, 0x99	; 153
    5f92:	37 e7       	ldi	r19, 0x77	; 119
    5f94:	41 e0       	ldi	r20, 0x01	; 1
    5f96:	50 e0       	ldi	r21, 0x00	; 0
    5f98:	80 e0       	ldi	r24, 0x00	; 0
    5f9a:	0e 94 87 05 	call	0xb0e	; 0xb0e <adc_start(unsigned char, bool, unsigned long)>
/home/jgalera/develop/arduino/usdx/usdx_plus_orange/usdx_plus_orange.ino:1186
            admux[0] = ADMUX;
    5f9e:	80 91 7c 00 	lds	r24, 0x007C	; 0x80007c <__DATA_REGION_ORIGIN__+0x1c>
    5fa2:	80 93 ea 05 	sts	0x05EA, r24	; 0x8005ea <admux>
/home/jgalera/develop/arduino/usdx/usdx_plus_orange/usdx_plus_orange.ino:1187
            adc_start(1, !(att & 0x01) /*true*/, F_ADC_CONV);
    5fa6:	60 91 ed 05 	lds	r22, 0x05ED	; 0x8005ed <att>
    5faa:	60 95       	com	r22
    5fac:	61 70       	andi	r22, 0x01	; 1
    5fae:	29 e9       	ldi	r18, 0x99	; 153
    5fb0:	37 e7       	ldi	r19, 0x77	; 119
    5fb2:	41 e0       	ldi	r20, 0x01	; 1
    5fb4:	50 e0       	ldi	r21, 0x00	; 0
    5fb6:	81 e0       	ldi	r24, 0x01	; 1
    5fb8:	0e 94 87 05 	call	0xb0e	; 0xb0e <adc_start(unsigned char, bool, unsigned long)>
/home/jgalera/develop/arduino/usdx/usdx_plus_orange/usdx_plus_orange.ino:1188
            admux[1] = ADMUX;
    5fbc:	80 91 7c 00 	lds	r24, 0x007C	; 0x80007c <__DATA_REGION_ORIGIN__+0x1c>
    5fc0:	80 93 eb 05 	sts	0x05EB, r24	; 0x8005eb <admux+0x1>
/home/jgalera/develop/arduino/usdx/usdx_plus_orange/usdx_plus_orange.ino:1190
#endif // SWAP_RX_IQ
            interrupts();
    5fc4:	78 94       	sei
/home/jgalera/develop/arduino/usdx/usdx_plus_orange/usdx_plus_orange.ino:1193
          }
          digitalWrite(
              RX, !(att & 0x02)); // att bit 1 ON: attenuate -20dB by disabling
    5fc6:	60 91 ed 05 	lds	r22, 0x05ED	; 0x8005ed <att>
/home/jgalera/develop/arduino/usdx/usdx_plus_orange/usdx_plus_orange.ino:1192
            adc_start(1, !(att & 0x01) /*true*/, F_ADC_CONV);
            admux[1] = ADMUX;
#endif // SWAP_RX_IQ
            interrupts();
          }
          digitalWrite(
    5fca:	66 95       	lsr	r22
    5fcc:	61 70       	andi	r22, 0x01	; 1
    5fce:	81 e0       	ldi	r24, 0x01	; 1
    5fd0:	68 27       	eor	r22, r24
    5fd2:	88 e0       	ldi	r24, 0x08	; 8
    5fd4:	0e 94 5e 03 	call	0x6bc	; 0x6bc <digitalWrite>
/home/jgalera/develop/arduino/usdx/usdx_plus_orange/usdx_plus_orange.ino:1196
              RX, !(att & 0x02)); // att bit 1 ON: attenuate -20dB by disabling
                                  // RX line, switching Q5 (antenna input
                                  // switch) into 100k resistence
          pinMode(AUDIO1, (att & 0x04)
    5fd8:	60 91 ed 05 	lds	r22, 0x05ED	; 0x8005ed <att>
    5fdc:	62 fb       	bst	r22, 2
    5fde:	66 27       	eor	r22, r22
    5fe0:	60 f9       	bld	r22, 0
    5fe2:	8e e0       	ldi	r24, 0x0E	; 14
    5fe4:	0e 94 8c 03 	call	0x718	; 0x718 <pinMode>
/home/jgalera/develop/arduino/usdx/usdx_plus_orange/usdx_plus_orange.ino:1200
                              ? OUTPUT
                              : INPUT); // att bit 2 ON: attenuate -40dB by
                                        // terminating ADC inputs with 10R
          pinMode(AUDIO2, (att & 0x04) ? OUTPUT : INPUT);
    5fe8:	60 91 ed 05 	lds	r22, 0x05ED	; 0x8005ed <att>
    5fec:	62 fb       	bst	r22, 2
    5fee:	66 27       	eor	r22, r22
    5ff0:	60 f9       	bld	r22, 0
    5ff2:	8f e0       	ldi	r24, 0x0F	; 15
    5ff4:	0e 94 8c 03 	call	0x718	; 0x718 <pinMode>
/home/jgalera/develop/arduino/usdx/usdx_plus_orange/usdx_plus_orange.ino:1202
        }
        if (menu == SIFXTAL) {
    5ff8:	80 91 f5 05 	lds	r24, 0x05F5	; 0x8005f5 <menu>
    5ffc:	85 32       	cpi	r24, 0x25	; 37
    5ffe:	19 f4       	brne	.+6      	; 0x6006 <main+0x19e8>
/home/jgalera/develop/arduino/usdx/usdx_plus_orange/usdx_plus_orange.ino:1203
          change = true;
    6000:	81 e0       	ldi	r24, 0x01	; 1
    6002:	80 93 c6 01 	sts	0x01C6, r24	; 0x8001c6 <change>
/home/jgalera/develop/arduino/usdx/usdx_plus_orange/usdx_plus_orange.ino:1206
        }
#ifdef TX_ENABLE
        if ((menu == PWM_MIN) || (menu == PWM_MAX)) {
    6006:	80 91 f5 05 	lds	r24, 0x05F5	; 0x8005f5 <menu>
    600a:	83 32       	cpi	r24, 0x23	; 35
    600c:	21 f0       	breq	.+8      	; 0x6016 <main+0x19f8>
    600e:	80 91 f5 05 	lds	r24, 0x05F5	; 0x8005f5 <menu>
    6012:	84 32       	cpi	r24, 0x24	; 36
    6014:	11 f4       	brne	.+4      	; 0x601a <main+0x19fc>
/home/jgalera/develop/arduino/usdx/usdx_plus_orange/usdx_plus_orange.ino:1207
          build_lut();
    6016:	0e 94 99 11 	call	0x2332	; 0x2332 <build_lut()>
/home/jgalera/develop/arduino/usdx/usdx_plus_orange/usdx_plus_orange.ino:1210
        }
#endif
        if (menu == CWTONE) {
    601a:	80 91 f5 05 	lds	r24, 0x05F5	; 0x8005f5 <menu>
    601e:	8f 30       	cpi	r24, 0x0F	; 15
    6020:	a1 f4       	brne	.+40     	; 0x604a <main+0x1a2c>
/home/jgalera/develop/arduino/usdx/usdx_plus_orange/usdx_plus_orange.ino:1212
          if (dsp_cap) {
            cw_offset = (cw_tone == 0) ? tones[0] : tones[1];
    6022:	80 91 b2 01 	lds	r24, 0x01B2	; 0x8001b2 <cw_tone>
    6026:	81 11       	cpse	r24, r1
    6028:	cb c2       	rjmp	.+1430   	; 0x65c0 <main+0x1fa2>
main():
    602a:	80 e3       	ldi	r24, 0x30	; 48
    602c:	92 e0       	ldi	r25, 0x02	; 2
    602e:	a0 e0       	ldi	r26, 0x00	; 0
    6030:	b0 e0       	ldi	r27, 0x00	; 0
loop():
    6032:	80 93 e6 05 	sts	0x05E6, r24	; 0x8005e6 <cw_offset>
    6036:	90 93 e7 05 	sts	0x05E7, r25	; 0x8005e7 <cw_offset+0x1>
    603a:	a0 93 e8 05 	sts	0x05E8, r26	; 0x8005e8 <cw_offset+0x2>
    603e:	b0 93 e9 05 	sts	0x05E9, r27	; 0x8005e9 <cw_offset+0x3>
/home/jgalera/develop/arduino/usdx/usdx_plus_orange/usdx_plus_orange.ino:1213
            paramAction(SAVE, CWOFF);
    6042:	60 e1       	ldi	r22, 0x10	; 16
    6044:	84 e0       	ldi	r24, 0x04	; 4
    6046:	0e 94 d7 1d 	call	0x3bae	; 0x3bae <paramAction(unsigned char, unsigned char)>
/home/jgalera/develop/arduino/usdx/usdx_plus_orange/usdx_plus_orange.ino:1216
          }
        }
        if (menu == IQ_ADJ) {
    604a:	80 91 f5 05 	lds	r24, 0x05F5	; 0x8005f5 <menu>
    604e:	86 32       	cpi	r24, 0x26	; 38
    6050:	19 f4       	brne	.+6      	; 0x6058 <main+0x1a3a>
/home/jgalera/develop/arduino/usdx/usdx_plus_orange/usdx_plus_orange.ino:1217
          change = true;
    6052:	81 e0       	ldi	r24, 0x01	; 1
    6054:	80 93 c6 01 	sts	0x01C6, r24	; 0x8001c6 <change>
/home/jgalera/develop/arduino/usdx/usdx_plus_orange/usdx_plus_orange.ino:1227
            calibrate_iq();
          menu = 0;
        }
#endif
#ifdef KEYER
        if (menu == KEY_WPM) {
    6058:	80 91 f5 05 	lds	r24, 0x05F5	; 0x8005f5 <menu>
    605c:	82 31       	cpi	r24, 0x12	; 18
    605e:	f1 f4       	brne	.+60     	; 0x609c <main+0x1a7e>
loadWPM():
/home/jgalera/develop/arduino/usdx/usdx_plus_orange/src/core/core.cpp:65
  }
}

void loadWPM(int wpm) {
#if (F_MCU != 20000000)
  ditTime = (1200ULL * F_MCU / 16000000) / wpm;
    6060:	b0 90 b1 01 	lds	r11, 0x01B1	; 0x8001b1 <keyer_speed+0x1>
    6064:	a0 90 b0 01 	lds	r10, 0x01B0	; 0x8001b0 <keyer_speed>
    6068:	1b 2d       	mov	r17, r11
    606a:	11 0f       	add	r17, r17
    606c:	11 0b       	sbc	r17, r17
    606e:	c1 2e       	mov	r12, r17
    6070:	d1 2e       	mov	r13, r17
    6072:	e1 2e       	mov	r14, r17
    6074:	f1 2e       	mov	r15, r17
    6076:	01 2f       	mov	r16, r17
    6078:	20 eb       	ldi	r18, 0xB0	; 176
    607a:	34 e0       	ldi	r19, 0x04	; 4
    607c:	40 e0       	ldi	r20, 0x00	; 0
    607e:	50 e0       	ldi	r21, 0x00	; 0
    6080:	60 e0       	ldi	r22, 0x00	; 0
    6082:	70 e0       	ldi	r23, 0x00	; 0
    6084:	80 e0       	ldi	r24, 0x00	; 0
    6086:	90 e0       	ldi	r25, 0x00	; 0
    6088:	0e 94 63 3a 	call	0x74c6	; 0x74c6 <__udivdi3>
    608c:	20 93 fc 05 	sts	0x05FC, r18	; 0x8005fc <ditTime>
    6090:	30 93 fd 05 	sts	0x05FD, r19	; 0x8005fd <ditTime+0x1>
    6094:	40 93 fe 05 	sts	0x05FE, r20	; 0x8005fe <ditTime+0x2>
    6098:	50 93 ff 05 	sts	0x05FF, r21	; 0x8005ff <ditTime+0x3>
loop():
/home/jgalera/develop/arduino/usdx/usdx_plus_orange/usdx_plus_orange.ino:1230
          loadWPM(keyer_speed);
        }
        if (menu == KEY_MODE) {
    609c:	80 91 f5 05 	lds	r24, 0x05F5	; 0x8005f5 <menu>
    60a0:	83 31       	cpi	r24, 0x13	; 19
    60a2:	31 f4       	brne	.+12     	; 0x60b0 <main+0x1a92>
/home/jgalera/develop/arduino/usdx/usdx_plus_orange/usdx_plus_orange.ino:1231
          if (keyer_mode == 0) {
    60a4:	80 91 ca 01 	lds	r24, 0x01CA	; 0x8001ca <keyer_mode>
    60a8:	81 11       	cpse	r24, r1
    60aa:	8f c2       	rjmp	.+1310   	; 0x65ca <main+0x1fac>
/home/jgalera/develop/arduino/usdx/usdx_plus_orange/usdx_plus_orange.ino:1232
            keyerControl = IAMBICA;
    60ac:	10 92 04 06 	sts	0x0604, r1	; 0x800604 <keyerControl>
/home/jgalera/develop/arduino/usdx/usdx_plus_orange/usdx_plus_orange.ino:1276
      }
#endif
    }
  }

  if (menumode == 0) {
    60b0:	80 91 06 06 	lds	r24, 0x0606	; 0x800606 <menumode>
    60b4:	81 11       	cpse	r24, r1
    60b6:	52 c0       	rjmp	.+164    	; 0x615c <main+0x1b3e>
/home/jgalera/develop/arduino/usdx/usdx_plus_orange/usdx_plus_orange.ino:1277
    if (encoder_val) { // process encoder tuning steps
    60b8:	80 91 19 06 	lds	r24, 0x0619	; 0x800619 <encoder_val>
    60bc:	88 23       	and	r24, r24
    60be:	09 f4       	brne	.+2      	; 0x60c2 <main+0x1aa4>
    60c0:	4d c0       	rjmp	.+154    	; 0x615c <main+0x1b3e>
/home/jgalera/develop/arduino/usdx/usdx_plus_orange/usdx_plus_orange.ino:1278
      process_encoder_tuning_step(encoder_val);
    60c2:	a0 91 19 06 	lds	r26, 0x0619	; 0x800619 <encoder_val>
process_encoder_tuning_step():
/home/jgalera/develop/arduino/usdx/usdx_plus_orange/src/core/core.cpp:576
                          1000,     500,     100,    10,     1};
volatile uint8_t stepsize = STEP_1k;
uint8_t prev_stepsize[] = {STEP_1k, STEP_500};

void process_encoder_tuning_step(int8_t steps) {
  int32_t stepval = stepsizes[stepsize];
    60c6:	e0 91 c7 01 	lds	r30, 0x01C7	; 0x8001c7 <stepsize>
    60ca:	b4 e0       	ldi	r27, 0x04	; 4
    60cc:	eb 9f       	mul	r30, r27
    60ce:	f0 01       	movw	r30, r0
    60d0:	11 24       	eor	r1, r1
    60d2:	e8 50       	subi	r30, 0x08	; 8
    60d4:	fe 4f       	sbci	r31, 0xFE	; 254
    60d6:	20 81       	ld	r18, Z
    60d8:	31 81       	ldd	r19, Z+1	; 0x01
    60da:	42 81       	ldd	r20, Z+2	; 0x02
    60dc:	53 81       	ldd	r21, Z+3	; 0x03
/home/jgalera/develop/arduino/usdx/usdx_plus_orange/src/core/core.cpp:577
  if (rit) {
    60de:	80 91 f2 05 	lds	r24, 0x05F2	; 0x8005f2 <rit>
    60e2:	90 91 f3 05 	lds	r25, 0x05F3	; 0x8005f3 <rit+0x1>
    60e6:	89 2b       	or	r24, r25
    60e8:	09 f4       	brne	.+2      	; 0x60ec <main+0x1ace>
    60ea:	7b c2       	rjmp	.+1270   	; 0x65e2 <main+0x1fc4>
/home/jgalera/develop/arduino/usdx/usdx_plus_orange/src/core/core.cpp:578
    rit += steps * stepval;
    60ec:	60 91 f2 05 	lds	r22, 0x05F2	; 0x8005f2 <rit>
    60f0:	70 91 f3 05 	lds	r23, 0x05F3	; 0x8005f3 <rit+0x1>
    60f4:	0a 2e       	mov	r0, r26
    60f6:	00 0c       	add	r0, r0
    60f8:	bb 0b       	sbc	r27, r27
    60fa:	a2 9f       	mul	r26, r18
    60fc:	c0 01       	movw	r24, r0
    60fe:	a3 9f       	mul	r26, r19
    6100:	90 0d       	add	r25, r0
    6102:	b2 9f       	mul	r27, r18
    6104:	90 0d       	add	r25, r0
    6106:	11 24       	eor	r1, r1
    6108:	86 0f       	add	r24, r22
    610a:	97 1f       	adc	r25, r23
    610c:	90 93 f3 05 	sts	0x05F3, r25	; 0x8005f3 <rit+0x1>
    6110:	80 93 f2 05 	sts	0x05F2, r24	; 0x8005f2 <rit>
/home/jgalera/develop/arduino/usdx/usdx_plus_orange/src/core/core.cpp:579
    rit = max(-9999, min(9999, rit));
    6114:	8f e0       	ldi	r24, 0x0F	; 15
    6116:	97 e2       	ldi	r25, 0x27	; 39
    6118:	9a 83       	std	Y+2, r25	; 0x02
    611a:	89 83       	std	Y+1, r24	; 0x01
_Z3minIiViEDTqultfp0_fp_fp0_fp_ERKT_RKT0_():
/home/jgalera/.arduino15/packages/MiniCore/hardware/avr/3.1.1/cores/MCUdude_corefiles/Arduino.h:315
    611c:	80 91 f2 05 	lds	r24, 0x05F2	; 0x8005f2 <rit>
    6120:	90 91 f3 05 	lds	r25, 0x05F3	; 0x8005f3 <rit+0x1>
    6124:	8f 30       	cpi	r24, 0x0F	; 15
    6126:	97 42       	sbci	r25, 0x27	; 39
    6128:	0c f0       	brlt	.+2      	; 0x612c <main+0x1b0e>
    612a:	58 c2       	rjmp	.+1200   	; 0x65dc <main+0x1fbe>
main():
    612c:	e2 ef       	ldi	r30, 0xF2	; 242
    612e:	f5 e0       	ldi	r31, 0x05	; 5
process_encoder_tuning_step():
/home/jgalera/develop/arduino/usdx/usdx_plus_orange/src/core/core.cpp:579
    6130:	81 ef       	ldi	r24, 0xF1	; 241
    6132:	98 ed       	ldi	r25, 0xD8	; 216
    6134:	9a 87       	std	Y+10, r25	; 0x0a
    6136:	89 87       	std	Y+9, r24	; 0x09
_Z3maxIiViEDTqultfp0_fp_fp0_fp_ERKT_RKT0_():
/home/jgalera/.arduino15/packages/MiniCore/hardware/avr/3.1.1/cores/MCUdude_corefiles/Arduino.h:320
	}

	template<class T, class L>
	auto max(const T& a, const L& b) -> decltype((b < a) ? b : a) {
		return (a < b) ? b : a;
    6138:	80 81       	ld	r24, Z
    613a:	91 81       	ldd	r25, Z+1	; 0x01
    613c:	82 3f       	cpi	r24, 0xF2	; 242
    613e:	98 4d       	sbci	r25, 0xD8	; 216
    6140:	14 f4       	brge	.+4      	; 0x6146 <main+0x1b28>
main():
    6142:	fe 01       	movw	r30, r28
    6144:	39 96       	adiw	r30, 0x09	; 9
process_encoder_tuning_step():
/home/jgalera/develop/arduino/usdx/usdx_plus_orange/src/core/core.cpp:579
    6146:	80 81       	ld	r24, Z
    6148:	91 81       	ldd	r25, Z+1	; 0x01
    614a:	90 93 f3 05 	sts	0x05F3, r25	; 0x8005f3 <rit+0x1>
    614e:	80 93 f2 05 	sts	0x05F2, r24	; 0x8005f2 <rit>
/home/jgalera/develop/arduino/usdx/usdx_plus_orange/src/core/core.cpp:584
  } else {
    freq += steps * stepval;
    freq = max(1, min(999999999, freq));
  }
  change = true;
    6152:	81 e0       	ldi	r24, 0x01	; 1
    6154:	80 93 c6 01 	sts	0x01C6, r24	; 0x8001c6 <change>
loop():
/home/jgalera/develop/arduino/usdx/usdx_plus_orange/usdx_plus_orange.ino:1279
      encoder_val = 0;
    6158:	10 92 19 06 	sts	0x0619, r1	; 0x800619 <encoder_val>
/home/jgalera/develop/arduino/usdx/usdx_plus_orange/usdx_plus_orange.ino:1283
    }
  }

  if ((change) && (!tx) && (!vox_tx)) { // only change if TX is OFF, prevent
    615c:	80 91 c6 01 	lds	r24, 0x01C6	; 0x8001c6 <change>
    6160:	88 23       	and	r24, r24
    6162:	09 f4       	brne	.+2      	; 0x6166 <main+0x1b48>
    6164:	99 c1       	rjmp	.+818    	; 0x6498 <main+0x1e7a>
    6166:	80 91 0b 06 	lds	r24, 0x060B	; 0x80060b <tx>
    616a:	81 11       	cpse	r24, r1
    616c:	95 c1       	rjmp	.+810    	; 0x6498 <main+0x1e7a>
    616e:	80 91 0c 06 	lds	r24, 0x060C	; 0x80060c <vox_tx>
    6172:	81 11       	cpse	r24, r1
    6174:	91 c1       	rjmp	.+802    	; 0x6498 <main+0x1e7a>
/home/jgalera/develop/arduino/usdx/usdx_plus_orange/usdx_plus_orange.ino:1285
                                        // simultaneous I2C bus access
    change = false;
    6176:	10 92 c6 01 	sts	0x01C6, r1	; 0x8001c6 <change>
/home/jgalera/develop/arduino/usdx/usdx_plus_orange/usdx_plus_orange.ino:1286
    if (prev_bandval != bandval) {
    617a:	80 91 b4 01 	lds	r24, 0x01B4	; 0x8001b4 <bandval>
    617e:	90 91 af 01 	lds	r25, 0x01AF	; 0x8001af <prev_bandval>
    6182:	98 17       	cp	r25, r24
    6184:	a1 f0       	breq	.+40     	; 0x61ae <main+0x1b90>
/home/jgalera/develop/arduino/usdx/usdx_plus_orange/usdx_plus_orange.ino:1287
      freq = band[bandval];
    6186:	64 e0       	ldi	r22, 0x04	; 4
    6188:	86 9f       	mul	r24, r22
    618a:	f0 01       	movw	r30, r0
    618c:	11 24       	eor	r1, r1
    618e:	e0 5e       	subi	r30, 0xE0	; 224
    6190:	fd 4f       	sbci	r31, 0xFD	; 253
    6192:	40 81       	ld	r20, Z
    6194:	51 81       	ldd	r21, Z+1	; 0x01
    6196:	62 81       	ldd	r22, Z+2	; 0x02
    6198:	73 81       	ldd	r23, Z+3	; 0x03
    619a:	40 93 b5 01 	sts	0x01B5, r20	; 0x8001b5 <freq>
    619e:	50 93 b6 01 	sts	0x01B6, r21	; 0x8001b6 <freq+0x1>
    61a2:	60 93 b7 01 	sts	0x01B7, r22	; 0x8001b7 <freq+0x2>
    61a6:	70 93 b8 01 	sts	0x01B8, r23	; 0x8001b8 <freq+0x3>
/home/jgalera/develop/arduino/usdx/usdx_plus_orange/usdx_plus_orange.ino:1288
      prev_bandval = bandval;
    61aa:	80 93 af 01 	sts	0x01AF, r24	; 0x8001af <prev_bandval>
/home/jgalera/develop/arduino/usdx/usdx_plus_orange/usdx_plus_orange.ino:1290
    }
    vfo[vfosel % 2] = freq;
    61ae:	80 91 b5 01 	lds	r24, 0x01B5	; 0x8001b5 <freq>
    61b2:	90 91 b6 01 	lds	r25, 0x01B6	; 0x8001b6 <freq+0x1>
    61b6:	a0 91 b7 01 	lds	r26, 0x01B7	; 0x8001b7 <freq+0x2>
    61ba:	b0 91 b8 01 	lds	r27, 0x01B8	; 0x8001b8 <freq+0x3>
    61be:	20 91 f0 05 	lds	r18, 0x05F0	; 0x8005f0 <vfosel>
    61c2:	21 70       	andi	r18, 0x01	; 1
    61c4:	2b 8f       	std	Y+27, r18	; 0x1b
    61c6:	1c 8e       	std	Y+28, r1	; 0x1c
    61c8:	eb 8d       	ldd	r30, Y+27	; 0x1b
    61ca:	fc 8d       	ldd	r31, Y+28	; 0x1c
    61cc:	ee 0f       	add	r30, r30
    61ce:	ff 1f       	adc	r31, r31
    61d0:	ee 0f       	add	r30, r30
    61d2:	ff 1f       	adc	r31, r31
    61d4:	e7 54       	subi	r30, 0x47	; 71
    61d6:	fe 4f       	sbci	r31, 0xFE	; 254
    61d8:	80 83       	st	Z, r24
    61da:	91 83       	std	Z+1, r25	; 0x01
    61dc:	a2 83       	std	Z+2, r26	; 0x02
    61de:	b3 83       	std	Z+3, r27	; 0x03
/home/jgalera/develop/arduino/usdx/usdx_plus_orange/usdx_plus_orange.ino:1292
    save_event_time =
        millis() + 1000; // schedule time to save freq (no save while tuning,
    61e0:	0e 94 40 04 	call	0x880	; 0x880 <millis>
    61e4:	68 51       	subi	r22, 0x18	; 24
    61e6:	7c 4f       	sbci	r23, 0xFC	; 252
    61e8:	8f 4f       	sbci	r24, 0xFF	; 255
    61ea:	9f 4f       	sbci	r25, 0xFF	; 255
/home/jgalera/develop/arduino/usdx/usdx_plus_orange/usdx_plus_orange.ino:1291
    if (prev_bandval != bandval) {
      freq = band[bandval];
      prev_bandval = bandval;
    }
    vfo[vfosel % 2] = freq;
    save_event_time =
    61ec:	60 93 e2 05 	sts	0x05E2, r22	; 0x8005e2 <save_event_time>
    61f0:	70 93 e3 05 	sts	0x05E3, r23	; 0x8005e3 <save_event_time+0x1>
    61f4:	80 93 e4 05 	sts	0x05E4, r24	; 0x8005e4 <save_event_time+0x2>
    61f8:	90 93 e5 05 	sts	0x05E5, r25	; 0x8005e5 <save_event_time+0x3>
/home/jgalera/develop/arduino/usdx/usdx_plus_orange/usdx_plus_orange.ino:1295
        millis() + 1000; // schedule time to save freq (no save while tuning,
                         // hence no EEPROM wear out)

    if (menumode == 0) {
    61fc:	80 91 06 06 	lds	r24, 0x0606	; 0x800606 <menumode>
    6200:	81 11       	cpse	r24, r1
    6202:	b5 c0       	rjmp	.+362    	; 0x636e <main+0x1d50>
/home/jgalera/develop/arduino/usdx/usdx_plus_orange/usdx_plus_orange.ino:1296
      display_vfo(freq);
    6204:	c0 90 b5 01 	lds	r12, 0x01B5	; 0x8001b5 <freq>
    6208:	d0 90 b6 01 	lds	r13, 0x01B6	; 0x8001b6 <freq+0x1>
    620c:	e0 90 b7 01 	lds	r14, 0x01B7	; 0x8001b7 <freq+0x2>
    6210:	f0 90 b8 01 	lds	r15, 0x01B8	; 0x8001b8 <freq+0x3>
_ZN3LCD9setCursorEhh():
/home/jgalera/develop/arduino/usdx/usdx_plus_orange/src/driver/display.h:190
#ifdef CONDENSED
  void setCursor(uint8_t x, uint8_t y) {
    cmd(0x80 | (x + (uint8_t[]){0x00, 0x40, 0x00 + 20, 0x40 + 20}[y]));
  }
#else
  void setCursor(uint8_t x, uint8_t y) { cmd(0x80 | (x + y * 0x40)); }
    6214:	80 ec       	ldi	r24, 0xC0	; 192
    6216:	0e 94 8b 11 	call	0x2316	; 0x2316 <LCD::cmd(unsigned char) [clone .isra.3] [clone .lto_priv.45]>
display_vfo():
/home/jgalera/develop/arduino/usdx/usdx_plus_orange/src/core/core.cpp:671

void display_vfo(int32_t f) {
  lcd.setCursor(0, 1);
  lcd.print((rit)                                       ? ' '
            : ((vfosel % 2) | ((vfosel == SPLIT) & tx)) ? '\x07'
                                                        : '\x06');
    621a:	80 91 f2 05 	lds	r24, 0x05F2	; 0x8005f2 <rit>
    621e:	90 91 f3 05 	lds	r25, 0x05F3	; 0x8005f3 <rit+0x1>
main():
/home/jgalera/develop/arduino/usdx/usdx_plus_orange/src/core/core.cpp:669
const char *vfosel_label[] = {"A", "B"};
const char *mode_label[5] = {"LSB", "USB", "CW ", "FM ", "AM "};

void display_vfo(int32_t f) {
  lcd.setCursor(0, 1);
  lcd.print((rit)                                       ? ' '
    6222:	60 e2       	ldi	r22, 0x20	; 32
display_vfo():
    6224:	89 2b       	or	r24, r25
    6226:	d1 f4       	brne	.+52     	; 0x625c <main+0x1c3e>
/home/jgalera/develop/arduino/usdx/usdx_plus_orange/src/core/core.cpp:670
            : ((vfosel % 2) | ((vfosel == SPLIT) & tx)) ? '\x07'
    6228:	40 91 f0 05 	lds	r20, 0x05F0	; 0x8005f0 <vfosel>
    622c:	30 91 f0 05 	lds	r19, 0x05F0	; 0x8005f0 <vfosel>
    6230:	20 91 0b 06 	lds	r18, 0x060B	; 0x80060b <tx>
    6234:	81 e0       	ldi	r24, 0x01	; 1
    6236:	90 e0       	ldi	r25, 0x00	; 0
    6238:	32 30       	cpi	r19, 0x02	; 2
    623a:	11 f0       	breq	.+4      	; 0x6240 <main+0x1c22>
    623c:	90 e0       	ldi	r25, 0x00	; 0
    623e:	80 e0       	ldi	r24, 0x00	; 0
    6240:	30 e0       	ldi	r19, 0x00	; 0
    6242:	82 23       	and	r24, r18
    6244:	93 23       	and	r25, r19
    6246:	41 70       	andi	r20, 0x01	; 1
    6248:	4d 8f       	std	Y+29, r20	; 0x1d
    624a:	1e 8e       	std	Y+30, r1	; 0x1e
    624c:	ad 8d       	ldd	r26, Y+29	; 0x1d
    624e:	be 8d       	ldd	r27, Y+30	; 0x1e
    6250:	8a 2b       	or	r24, r26
    6252:	9b 2b       	or	r25, r27
main():
    6254:	67 e0       	ldi	r22, 0x07	; 7
display_vfo():
    6256:	89 2b       	or	r24, r25
    6258:	09 f4       	brne	.+2      	; 0x625c <main+0x1c3e>
main():
    625a:	66 e0       	ldi	r22, 0x06	; 6
display_vfo():
/home/jgalera/develop/arduino/usdx/usdx_plus_orange/src/core/core.cpp:669
const char *vfosel_label[] = {"A", "B"};
const char *mode_label[5] = {"LSB", "USB", "CW ", "FM ", "AM "};

void display_vfo(int32_t f) {
  lcd.setCursor(0, 1);
  lcd.print((rit)                                       ? ' '
    625c:	87 eb       	ldi	r24, 0xB7	; 183
    625e:	96 e0       	ldi	r25, 0x06	; 6
    6260:	0e 94 4c 04 	call	0x898	; 0x898 <Print::print(char)>
/home/jgalera/develop/arduino/usdx/usdx_plus_orange/src/core/core.cpp:674
            : ((vfosel % 2) | ((vfosel == SPLIT) & tx)) ? '\x07'
                                                        : '\x06');

  int32_t scale = 10e6;
  if (rit) {
    6264:	80 91 f2 05 	lds	r24, 0x05F2	; 0x8005f2 <rit>
    6268:	90 91 f3 05 	lds	r25, 0x05F3	; 0x8005f3 <rit+0x1>
    626c:	89 2b       	or	r24, r25
    626e:	09 f4       	brne	.+2      	; 0x6272 <main+0x1c54>
    6270:	08 c2       	rjmp	.+1040   	; 0x6682 <main+0x2064>
/home/jgalera/develop/arduino/usdx/usdx_plus_orange/src/core/core.cpp:675
    f = rit;
    6272:	c0 90 f2 05 	lds	r12, 0x05F2	; 0x8005f2 <rit>
    6276:	d0 90 f3 05 	lds	r13, 0x05F3	; 0x8005f3 <rit+0x1>
    627a:	0d 2c       	mov	r0, r13
    627c:	00 0c       	add	r0, r0
    627e:	ee 08       	sbc	r14, r14
    6280:	ff 08       	sbc	r15, r15
/home/jgalera/develop/arduino/usdx/usdx_plus_orange/src/core/core.cpp:677
    scale = 1e3;
    lcd.print(F("RIT "));
    6282:	8f e0       	ldi	r24, 0x0F	; 15
    6284:	92 e0       	ldi	r25, 0x02	; 2
    6286:	0e 94 af 18 	call	0x315e	; 0x315e <Print::print(__FlashStringHelper const*) [clone .constprop.29]>
/home/jgalera/develop/arduino/usdx/usdx_plus_orange/src/core/core.cpp:678
    lcd.print(rit < 0 ? '-' : '+');
    628a:	80 91 f2 05 	lds	r24, 0x05F2	; 0x8005f2 <rit>
    628e:	90 91 f3 05 	lds	r25, 0x05F3	; 0x8005f3 <rit+0x1>
main():
    6292:	6d e2       	ldi	r22, 0x2D	; 45
display_vfo():
    6294:	97 ff       	sbrs	r25, 7
main():
    6296:	6b e2       	ldi	r22, 0x2B	; 43
display_vfo():
    6298:	87 eb       	ldi	r24, 0xB7	; 183
    629a:	96 e0       	ldi	r25, 0x06	; 6
    629c:	0e 94 4c 04 	call	0x898	; 0x898 <Print::print(char)>
main():
/home/jgalera/develop/arduino/usdx/usdx_plus_orange/src/core/core.cpp:676
                                                        : '\x06');

  int32_t scale = 10e6;
  if (rit) {
    f = rit;
    scale = 1e3;
    62a0:	78 ee       	ldi	r23, 0xE8	; 232
    62a2:	87 2e       	mov	r8, r23
    62a4:	73 e0       	ldi	r23, 0x03	; 3
    62a6:	97 2e       	mov	r9, r23
    62a8:	a1 2c       	mov	r10, r1
    62aa:	b1 2c       	mov	r11, r1
_Z3absIlEDTqugtfp_Li0Efp_ngfp_ERKT_():
/home/jgalera/.arduino15/packages/MiniCore/hardware/avr/3.1.1/cores/MCUdude_corefiles/Arduino.h:310
#endif

#ifdef __cplusplus
	template<class T>
	auto abs(const T& x) -> decltype(x > 0 ? x : -x) {
		return x > 0 ? x : -x;
    62ac:	c7 01       	movw	r24, r14
    62ae:	b6 01       	movw	r22, r12
    62b0:	a5 01       	movw	r20, r10
    62b2:	94 01       	movw	r18, r8
    62b4:	0e 94 da 39 	call	0x73b4	; 0x73b4 <__divmodsi4>
    62b8:	1b 01       	movw	r2, r22
    62ba:	8c 01       	movw	r16, r24
    62bc:	57 ff       	sbrs	r21, 7
    62be:	07 c0       	rjmp	.+14     	; 0x62ce <main+0x1cb0>
    62c0:	50 95       	com	r21
    62c2:	40 95       	com	r20
    62c4:	30 95       	com	r19
    62c6:	21 95       	neg	r18
    62c8:	3f 4f       	sbci	r19, 0xFF	; 255
    62ca:	4f 4f       	sbci	r20, 0xFF	; 255
    62cc:	5f 4f       	sbci	r21, 0xFF	; 255
display_vfo():
/home/jgalera/develop/arduino/usdx/usdx_plus_orange/src/core/core.cpp:686
      lcd.print(' ');
      scale /= 10;
    }
  }
  for (; scale != 1; f %= scale, scale /= 10) {
    lcd.print(abs(f / scale));
    62ce:	ba 01       	movw	r22, r20
    62d0:	a9 01       	movw	r20, r18
    62d2:	87 eb       	ldi	r24, 0xB7	; 183
    62d4:	96 e0       	ldi	r25, 0x06	; 6
    62d6:	0e 94 bf 19 	call	0x337e	; 0x337e <Print::print(long, int) [clone .constprop.28]>
/home/jgalera/develop/arduino/usdx/usdx_plus_orange/src/core/core.cpp:687
    if (scale == (int32_t)1e3 || scale == (int32_t)1e6)
    62da:	b8 ee       	ldi	r27, 0xE8	; 232
    62dc:	8b 16       	cp	r8, r27
    62de:	b3 e0       	ldi	r27, 0x03	; 3
    62e0:	9b 06       	cpc	r9, r27
    62e2:	a1 04       	cpc	r10, r1
    62e4:	b1 04       	cpc	r11, r1
    62e6:	41 f0       	breq	.+16     	; 0x62f8 <main+0x1cda>
    62e8:	e0 e4       	ldi	r30, 0x40	; 64
    62ea:	8e 16       	cp	r8, r30
    62ec:	e2 e4       	ldi	r30, 0x42	; 66
    62ee:	9e 06       	cpc	r9, r30
    62f0:	ef e0       	ldi	r30, 0x0F	; 15
    62f2:	ae 06       	cpc	r10, r30
    62f4:	b1 04       	cpc	r11, r1
    62f6:	29 f4       	brne	.+10     	; 0x6302 <main+0x1ce4>
/home/jgalera/develop/arduino/usdx/usdx_plus_orange/src/core/core.cpp:688
      lcd.print(',');
    62f8:	6c e2       	ldi	r22, 0x2C	; 44
    62fa:	87 eb       	ldi	r24, 0xB7	; 183
    62fc:	96 e0       	ldi	r25, 0x06	; 6
    62fe:	0e 94 4c 04 	call	0x898	; 0x898 <Print::print(char)>
/home/jgalera/develop/arduino/usdx/usdx_plus_orange/src/core/core.cpp:685
    if (f / scale == 0) {
      lcd.print(' ');
      scale /= 10;
    }
  }
  for (; scale != 1; f %= scale, scale /= 10) {
    6302:	61 01       	movw	r12, r2
    6304:	78 01       	movw	r14, r16
    6306:	c5 01       	movw	r24, r10
    6308:	b4 01       	movw	r22, r8
    630a:	a3 01       	movw	r20, r6
    630c:	92 01       	movw	r18, r4
    630e:	0e 94 da 39 	call	0x73b4	; 0x73b4 <__divmodsi4>
    6312:	49 01       	movw	r8, r18
    6314:	5a 01       	movw	r10, r20
    6316:	f1 e0       	ldi	r31, 0x01	; 1
    6318:	8f 16       	cp	r8, r31
    631a:	91 04       	cpc	r9, r1
    631c:	a1 04       	cpc	r10, r1
    631e:	b1 04       	cpc	r11, r1
    6320:	29 f6       	brne	.-118    	; 0x62ac <main+0x1c8e>
/home/jgalera/develop/arduino/usdx/usdx_plus_orange/src/core/core.cpp:691
    lcd.print(abs(f / scale));
    if (scale == (int32_t)1e3 || scale == (int32_t)1e6)
      lcd.print(',');
  }

  lcd.print(' ');
    6322:	60 e2       	ldi	r22, 0x20	; 32
    6324:	87 eb       	ldi	r24, 0xB7	; 183
    6326:	96 e0       	ldi	r25, 0x06	; 6
    6328:	0e 94 4c 04 	call	0x898	; 0x898 <Print::print(char)>
/home/jgalera/develop/arduino/usdx/usdx_plus_orange/src/core/core.cpp:692
  lcd.print(mode_label[mode]);
    632c:	e0 91 cd 01 	lds	r30, 0x01CD	; 0x8001cd <mode>
    6330:	f0 e0       	ldi	r31, 0x00	; 0
    6332:	ee 0f       	add	r30, r30
    6334:	ff 1f       	adc	r31, r31
    6336:	ed 58       	subi	r30, 0x8D	; 141
    6338:	fe 4f       	sbci	r31, 0xFE	; 254
    633a:	60 81       	ld	r22, Z
    633c:	71 81       	ldd	r23, Z+1	; 0x01
    633e:	87 eb       	ldi	r24, 0xB7	; 183
    6340:	96 e0       	ldi	r25, 0x06	; 6
    6342:	0e 94 2f 1a 	call	0x345e	; 0x345e <Print::print(char const*)>
/home/jgalera/develop/arduino/usdx/usdx_plus_orange/src/core/core.cpp:693
  lcd.print(' ');
    6346:	60 e2       	ldi	r22, 0x20	; 32
    6348:	87 eb       	ldi	r24, 0xB7	; 183
    634a:	96 e0       	ldi	r25, 0x06	; 6
    634c:	0e 94 4c 04 	call	0x898	; 0x898 <Print::print(char)>
_ZN3LCD9setCursorEhh():
/home/jgalera/develop/arduino/usdx/usdx_plus_orange/src/driver/display.h:190
    6350:	8f ec       	ldi	r24, 0xCF	; 207
    6352:	0e 94 8b 11 	call	0x2316	; 0x2316 <LCD::cmd(unsigned char) [clone .isra.3] [clone .lto_priv.45]>
display_vfo():
/home/jgalera/develop/arduino/usdx/usdx_plus_orange/src/core/core.cpp:695
  lcd.setCursor(15, 1);
  lcd.print((vox) ? 'V' : 'R');
    6356:	80 91 0d 06 	lds	r24, 0x060D	; 0x80060d <vox>
main():
    635a:	66 e5       	ldi	r22, 0x56	; 86
display_vfo():
    635c:	81 11       	cpse	r24, r1
    635e:	01 c0       	rjmp	.+2      	; 0x6362 <main+0x1d44>
main():
    6360:	62 e5       	ldi	r22, 0x52	; 82
display_vfo():
    6362:	87 eb       	ldi	r24, 0xB7	; 183
    6364:	96 e0       	ldi	r25, 0x06	; 6
    6366:	0e 94 4c 04 	call	0x898	; 0x898 <Print::print(char)>
loop():
/home/jgalera/develop/arduino/usdx/usdx_plus_orange/usdx_plus_orange.ino:1297
      stepsize_showcursor();
    636a:	0e 94 ba 11 	call	0x2374	; 0x2374 <stepsize_showcursor()>
/home/jgalera/develop/arduino/usdx/usdx_plus_orange/usdx_plus_orange.ino:1309
      // si5351.SendRegister(SI_CLK_OE, TX1RX1);
      // digitalWrite(SIG_OUT, HIGH);  // inject CLK2 on antenna input via 120K
    }

    // noInterrupts();
    uint8_t f = freq / 1000000UL;
    636e:	60 91 b5 01 	lds	r22, 0x01B5	; 0x8001b5 <freq>
    6372:	70 91 b6 01 	lds	r23, 0x01B6	; 0x8001b6 <freq+0x1>
    6376:	80 91 b7 01 	lds	r24, 0x01B7	; 0x8001b7 <freq+0x2>
    637a:	90 91 b8 01 	lds	r25, 0x01B8	; 0x8001b8 <freq+0x3>
    637e:	20 e4       	ldi	r18, 0x40	; 64
    6380:	32 e4       	ldi	r19, 0x42	; 66
    6382:	4f e0       	ldi	r20, 0x0F	; 15
    6384:	50 e0       	ldi	r21, 0x00	; 0
    6386:	0e 94 b8 39 	call	0x7370	; 0x7370 <__udivmodsi4>
    638a:	12 2f       	mov	r17, r18
main():
/home/jgalera/develop/arduino/usdx/usdx_plus_orange/src/hardware/io_expander.cpp:131

static uint8_t prev_lpf_io = 0xff;
void set_lpf(uint8_t f) {
#ifdef LPF_SWITCHING_DL2MAN_USDX_REV3
  uint8_t lpf_io = (f > 26)   ? IO1_3
    638c:	0b e0       	ldi	r16, 0x0B	; 11
set_lpf():
    638e:	2b 31       	cpi	r18, 0x1B	; 27
    6390:	98 f4       	brcc	.+38     	; 0x63b8 <main+0x1d9a>
main():
    6392:	0c e0       	ldi	r16, 0x0C	; 12
set_lpf():
    6394:	25 31       	cpi	r18, 0x15	; 21
    6396:	80 f4       	brcc	.+32     	; 0x63b8 <main+0x1d9a>
main():
    6398:	0a e0       	ldi	r16, 0x0A	; 10
set_lpf():
    639a:	22 31       	cpi	r18, 0x12	; 18
    639c:	68 f4       	brcc	.+26     	; 0x63b8 <main+0x1d9a>
main():
    639e:	0d e0       	ldi	r16, 0x0D	; 13
set_lpf():
    63a0:	2d 30       	cpi	r18, 0x0D	; 13
    63a2:	50 f4       	brcc	.+20     	; 0x63b8 <main+0x1d9a>
main():
    63a4:	09 e0       	ldi	r16, 0x09	; 9
set_lpf():
    63a6:	29 30       	cpi	r18, 0x09	; 9
    63a8:	38 f4       	brcc	.+14     	; 0x63b8 <main+0x1d9a>
main():
    63aa:	0e e0       	ldi	r16, 0x0E	; 14
set_lpf():
    63ac:	26 30       	cpi	r18, 0x06	; 6
    63ae:	20 f4       	brcc	.+8      	; 0x63b8 <main+0x1d9a>
main():
    63b0:	08 e0       	ldi	r16, 0x08	; 8
set_lpf():
    63b2:	25 30       	cpi	r18, 0x05	; 5
    63b4:	09 f0       	breq	.+2      	; 0x63b8 <main+0x1d9a>
main():
    63b6:	0f e0       	ldi	r16, 0x0F	; 15
set_lpf():
/home/jgalera/develop/arduino/usdx/usdx_plus_orange/src/hardware/io_expander.cpp:140
                   : (f > 8)  ? IO1_1
                   : (f > 5)  ? IO1_6
                   : (f > 4)  ? IO1_0
                              : IO1_7;
#ifndef LPF_SWITCHING_DL2MAN_USDX_REV3_NOLATCH
  if (prev_lpf_io != lpf_io) {
    63b8:	20 91 7d 01 	lds	r18, 0x017D	; 0x80017d <prev_lpf_io>
    63bc:	20 17       	cp	r18, r16
    63be:	d9 f0       	breq	.+54     	; 0x63f6 <main+0x1dd8>
set_latch():
/home/jgalera/develop/arduino/usdx/usdx_plus_orange/src/hardware/io_expander.cpp:116
  if (latch) {
    ioext.write((1U << io) | 0x0000);
    delay(LATCH_TIME);
    ioext.write(0x0000);
  } else {
    if (io == 0xff) {
    63c0:	2f 3f       	cpi	r18, 0xFF	; 255
    63c2:	09 f0       	breq	.+2      	; 0x63c6 <main+0x1da8>
    63c4:	7f c1       	rjmp	.+766    	; 0x66c4 <main+0x20a6>
    63c6:	0e 94 39 19 	call	0x3272	; 0x3272 <set_latch(unsigned char, unsigned char, bool) [clone .part.3] [clone .constprop.9]>
/home/jgalera/develop/arduino/usdx/usdx_plus_orange/src/hardware/io_expander.cpp:112
};

static void set_latch(uint8_t io, uint8_t common_io, bool latch = true) {
#define LATCH_TIME 30
  if (latch) {
    ioext.write((1U << io) | 0x0000);
    63ca:	81 e0       	ldi	r24, 0x01	; 1
    63cc:	90 e0       	ldi	r25, 0x00	; 0
    63ce:	00 2e       	mov	r0, r16
    63d0:	02 c0       	rjmp	.+4      	; 0x63d6 <main+0x1db8>
    63d2:	88 0f       	add	r24, r24
    63d4:	99 1f       	adc	r25, r25
    63d6:	0a 94       	dec	r0
    63d8:	e2 f7       	brpl	.-8      	; 0x63d2 <main+0x1db4>
    63da:	0e 94 69 05 	call	0xad2	; 0xad2 <IOExpander16::write(unsigned int) [clone .isra.1]>
/home/jgalera/develop/arduino/usdx/usdx_plus_orange/src/hardware/io_expander.cpp:113
    delay(LATCH_TIME);
    63de:	6e e1       	ldi	r22, 0x1E	; 30
    63e0:	70 e0       	ldi	r23, 0x00	; 0
    63e2:	80 e0       	ldi	r24, 0x00	; 0
    63e4:	90 e0       	ldi	r25, 0x00	; 0
    63e6:	0e 94 0d 04 	call	0x81a	; 0x81a <delay>
/home/jgalera/develop/arduino/usdx/usdx_plus_orange/src/hardware/io_expander.cpp:114
    ioext.write(0x0000);
    63ea:	90 e0       	ldi	r25, 0x00	; 0
    63ec:	80 e0       	ldi	r24, 0x00	; 0
    63ee:	0e 94 69 05 	call	0xad2	; 0xad2 <IOExpander16::write(unsigned int) [clone .isra.1]>
set_lpf():
/home/jgalera/develop/arduino/usdx/usdx_plus_orange/src/hardware/io_expander.cpp:143
                              : IO1_7;
#ifndef LPF_SWITCHING_DL2MAN_USDX_REV3_NOLATCH
  if (prev_lpf_io != lpf_io) {
    set_latch(prev_lpf_io, IO0_0, false);
    set_latch(lpf_io, IO0_0);
    prev_lpf_io = lpf_io;
    63f2:	00 93 7d 01 	sts	0x017D, r16	; 0x80017d <prev_lpf_io>
main():
/home/jgalera/develop/arduino/usdx/usdx_plus_orange/usdx_plus_orange.ino:1311
    set_lpf(f);
    bandval = (f > 32)   ? 10
    63f6:	8a e0       	ldi	r24, 0x0A	; 10
loop():
    63f8:	11 32       	cpi	r17, 0x21	; 33
    63fa:	e0 f4       	brcc	.+56     	; 0x6434 <main+0x1e16>
main():
    63fc:	89 e0       	ldi	r24, 0x09	; 9
loop():
    63fe:	1b 31       	cpi	r17, 0x1B	; 27
    6400:	c8 f4       	brcc	.+50     	; 0x6434 <main+0x1e16>
main():
    6402:	88 e0       	ldi	r24, 0x08	; 8
loop():
    6404:	17 31       	cpi	r17, 0x17	; 23
    6406:	b0 f4       	brcc	.+44     	; 0x6434 <main+0x1e16>
main():
    6408:	87 e0       	ldi	r24, 0x07	; 7
loop():
    640a:	15 31       	cpi	r17, 0x15	; 21
    640c:	98 f4       	brcc	.+38     	; 0x6434 <main+0x1e16>
main():
    640e:	86 e0       	ldi	r24, 0x06	; 6
loop():
    6410:	11 31       	cpi	r17, 0x11	; 17
    6412:	80 f4       	brcc	.+32     	; 0x6434 <main+0x1e16>
main():
    6414:	85 e0       	ldi	r24, 0x05	; 5
loop():
    6416:	1d 30       	cpi	r17, 0x0D	; 13
    6418:	68 f4       	brcc	.+26     	; 0x6434 <main+0x1e16>
main():
    641a:	84 e0       	ldi	r24, 0x04	; 4
loop():
    641c:	19 30       	cpi	r17, 0x09	; 9
    641e:	50 f4       	brcc	.+20     	; 0x6434 <main+0x1e16>
main():
    6420:	83 e0       	ldi	r24, 0x03	; 3
loop():
    6422:	17 30       	cpi	r17, 0x07	; 7
    6424:	38 f4       	brcc	.+14     	; 0x6434 <main+0x1e16>
main():
    6426:	82 e0       	ldi	r24, 0x02	; 2
loop():
    6428:	15 30       	cpi	r17, 0x05	; 5
    642a:	20 f4       	brcc	.+8      	; 0x6434 <main+0x1e16>
    642c:	81 e0       	ldi	r24, 0x01	; 1
    642e:	13 30       	cpi	r17, 0x03	; 3
    6430:	08 f4       	brcc	.+2      	; 0x6434 <main+0x1e16>
    6432:	80 e0       	ldi	r24, 0x00	; 0
    6434:	80 93 b4 01 	sts	0x01B4, r24	; 0x8001b4 <bandval>
/home/jgalera/develop/arduino/usdx/usdx_plus_orange/usdx_plus_orange.ino:1322
              : (f > 8)  ? 4
              : (f > 6)  ? 3
              : (f > 4)  ? 2
              : (f > 2)  ? 1
                         : 0;
    prev_bandval = bandval; // align bandval with freq
    6438:	80 93 af 01 	sts	0x01AF, r24	; 0x8001af <prev_bandval>
/home/jgalera/develop/arduino/usdx/usdx_plus_orange/usdx_plus_orange.ino:1324

    if (mode == CW) {
    643c:	80 91 cd 01 	lds	r24, 0x01CD	; 0x8001cd <mode>
    6440:	40 91 ae 01 	lds	r20, 0x01AE	; 0x8001ae <rx_ph_q>
    6444:	50 e0       	ldi	r21, 0x00	; 0
    6446:	82 30       	cpi	r24, 0x02	; 2
    6448:	09 f0       	breq	.+2      	; 0x644c <main+0x1e2e>
    644a:	53 c1       	rjmp	.+678    	; 0x66f2 <main+0x20d4>
/home/jgalera/develop/arduino/usdx/usdx_plus_orange/usdx_plus_orange.ino:1325
      si5351.freq(freq + cw_offset, rx_ph_q,
    644c:	60 91 b5 01 	lds	r22, 0x01B5	; 0x8001b5 <freq>
    6450:	70 91 b6 01 	lds	r23, 0x01B6	; 0x8001b6 <freq+0x1>
    6454:	80 91 b7 01 	lds	r24, 0x01B7	; 0x8001b7 <freq+0x2>
    6458:	90 91 b8 01 	lds	r25, 0x01B8	; 0x8001b8 <freq+0x3>
    645c:	00 91 e6 05 	lds	r16, 0x05E6	; 0x8005e6 <cw_offset>
    6460:	10 91 e7 05 	lds	r17, 0x05E7	; 0x8005e7 <cw_offset+0x1>
    6464:	20 91 e8 05 	lds	r18, 0x05E8	; 0x8005e8 <cw_offset+0x2>
    6468:	30 91 e9 05 	lds	r19, 0x05E9	; 0x8005e9 <cw_offset+0x3>
    646c:	60 0f       	add	r22, r16
    646e:	71 1f       	adc	r23, r17
    6470:	82 1f       	adc	r24, r18
    6472:	93 1f       	adc	r25, r19
/home/jgalera/develop/arduino/usdx/usdx_plus_orange/usdx_plus_orange.ino:1328
                  0 /*90, 0*/); // RX in CW-R (=LSB), correct for CW-tone offset
    } else if (mode == LSB)
      si5351.freq(freq, rx_ph_q, 0 /*90, 0*/); // RX in LSB
    6474:	30 e0       	ldi	r19, 0x00	; 0
    6476:	20 e0       	ldi	r18, 0x00	; 0
/home/jgalera/develop/arduino/usdx/usdx_plus_orange/usdx_plus_orange.ino:1330
    else
      si5351.freq(freq, 0, rx_ph_q /*0, 90*/); // RX in USB, ...
    6478:	0e 94 69 16 	call	0x2cd2	; 0x2cd2 <SI5351::freq(long, unsigned int, unsigned int) [clone .constprop.32]>
/home/jgalera/develop/arduino/usdx/usdx_plus_orange/usdx_plus_orange.ino:1332
#ifdef RIT_ENABLE
    if (rit) {
    647c:	80 91 f2 05 	lds	r24, 0x05F2	; 0x8005f2 <rit>
    6480:	90 91 f3 05 	lds	r25, 0x05F3	; 0x8005f3 <rit+0x1>
    6484:	89 2b       	or	r24, r25
    6486:	41 f0       	breq	.+16     	; 0x6498 <main+0x1e7a>
/home/jgalera/develop/arduino/usdx/usdx_plus_orange/usdx_plus_orange.ino:1333
      si5351.freq_calc_fast(rit);
    6488:	80 91 f2 05 	lds	r24, 0x05F2	; 0x8005f2 <rit>
    648c:	90 91 f3 05 	lds	r25, 0x05F3	; 0x8005f3 <rit+0x1>
    6490:	0e 94 59 02 	call	0x4b2	; 0x4b2 <SI5351::freq_calc_fast(int) [clone .constprop.35]>
/home/jgalera/develop/arduino/usdx/usdx_plus_orange/usdx_plus_orange.ino:1334
      si5351.SendPLLRegisterBulk();
    6494:	0e 94 d2 02 	call	0x5a4	; 0x5a4 <SI5351::SendPLLRegisterBulk() [clone .constprop.34]>
/home/jgalera/develop/arduino/usdx/usdx_plus_orange/usdx_plus_orange.ino:1342
    // interrupts();
  }

  if ((save_event_time) &&
      (millis() >
       save_event_time)) { // save freq when time has reached schedule
    6498:	c0 90 e2 05 	lds	r12, 0x05E2	; 0x8005e2 <save_event_time>
    649c:	d0 90 e3 05 	lds	r13, 0x05E3	; 0x8005e3 <save_event_time+0x1>
    64a0:	e0 90 e4 05 	lds	r14, 0x05E4	; 0x8005e4 <save_event_time+0x2>
    64a4:	f0 90 e5 05 	lds	r15, 0x05E5	; 0x8005e5 <save_event_time+0x3>
/home/jgalera/develop/arduino/usdx/usdx_plus_orange/usdx_plus_orange.ino:1340
    }
#endif // RIT_ENABLE
    // interrupts();
  }

  if ((save_event_time) &&
    64a8:	c1 14       	cp	r12, r1
    64aa:	d1 04       	cpc	r13, r1
    64ac:	e1 04       	cpc	r14, r1
    64ae:	f1 04       	cpc	r15, r1
    64b0:	b9 f0       	breq	.+46     	; 0x64e0 <main+0x1ec2>
/home/jgalera/develop/arduino/usdx/usdx_plus_orange/usdx_plus_orange.ino:1341
      (millis() >
    64b2:	0e 94 40 04 	call	0x880	; 0x880 <millis>
/home/jgalera/develop/arduino/usdx/usdx_plus_orange/usdx_plus_orange.ino:1340
    }
#endif // RIT_ENABLE
    // interrupts();
  }

  if ((save_event_time) &&
    64b6:	c6 16       	cp	r12, r22
    64b8:	d7 06       	cpc	r13, r23
    64ba:	e8 06       	cpc	r14, r24
    64bc:	f9 06       	cpc	r15, r25
    64be:	80 f4       	brcc	.+32     	; 0x64e0 <main+0x1ec2>
/home/jgalera/develop/arduino/usdx/usdx_plus_orange/usdx_plus_orange.ino:1343
      (millis() >
       save_event_time)) { // save freq when time has reached schedule
    paramAction(SAVE, (vfosel % 2) ? FREQB : FREQA); // save vfoa/b changes
    64c0:	80 91 f0 05 	lds	r24, 0x05F0	; 0x8005f0 <vfosel>
main():
    64c4:	6f e2       	ldi	r22, 0x2F	; 47
loop():
    64c6:	80 ff       	sbrs	r24, 0
main():
    64c8:	6e e2       	ldi	r22, 0x2E	; 46
loop():
    64ca:	84 e0       	ldi	r24, 0x04	; 4
    64cc:	0e 94 d7 1d 	call	0x3bae	; 0x3bae <paramAction(unsigned char, unsigned char)>
/home/jgalera/develop/arduino/usdx/usdx_plus_orange/usdx_plus_orange.ino:1344
    save_event_time = 0;
    64d0:	10 92 e2 05 	sts	0x05E2, r1	; 0x8005e2 <save_event_time>
    64d4:	10 92 e3 05 	sts	0x05E3, r1	; 0x8005e3 <save_event_time+0x1>
    64d8:	10 92 e4 05 	sts	0x05E4, r1	; 0x8005e4 <save_event_time+0x2>
    64dc:	10 92 e5 05 	sts	0x05E5, r1	; 0x8005e5 <save_event_time+0x3>
/home/jgalera/develop/arduino/usdx/usdx_plus_orange/usdx_plus_orange.ino:1350
    // lcd.setCursor(15, 1); lcd.print('S'); delay(100); lcd.setCursor(15, 1);
    // lcd.print('R');
  }

#ifdef CW_MESSAGE
  if ((mode == CW) && (cw_msg_event) &&
    64e0:	80 91 cd 01 	lds	r24, 0x01CD	; 0x8001cd <mode>
    64e4:	82 30       	cpi	r24, 0x02	; 2
    64e6:	09 f0       	breq	.+2      	; 0x64ea <main+0x1ecc>
    64e8:	44 c1       	rjmp	.+648    	; 0x6772 <main+0x2154>
    64ea:	c0 90 00 06 	lds	r12, 0x0600	; 0x800600 <cw_msg_event>
    64ee:	d0 90 01 06 	lds	r13, 0x0601	; 0x800601 <cw_msg_event+0x1>
    64f2:	e0 90 02 06 	lds	r14, 0x0602	; 0x800602 <cw_msg_event+0x2>
    64f6:	f0 90 03 06 	lds	r15, 0x0603	; 0x800603 <cw_msg_event+0x3>
    64fa:	c1 14       	cp	r12, r1
    64fc:	d1 04       	cpc	r13, r1
    64fe:	e1 04       	cpc	r14, r1
    6500:	f1 04       	cpc	r15, r1
    6502:	09 f4       	brne	.+2      	; 0x6506 <main+0x1ee8>
    6504:	36 c1       	rjmp	.+620    	; 0x6772 <main+0x2154>
/home/jgalera/develop/arduino/usdx/usdx_plus_orange/usdx_plus_orange.ino:1351
      (millis() > cw_msg_event)) { // if it is time to send a CW message
    6506:	0e 94 40 04 	call	0x880	; 0x880 <millis>
/home/jgalera/develop/arduino/usdx/usdx_plus_orange/usdx_plus_orange.ino:1350
    // lcd.setCursor(15, 1); lcd.print('S'); delay(100); lcd.setCursor(15, 1);
    // lcd.print('R');
  }

#ifdef CW_MESSAGE
  if ((mode == CW) && (cw_msg_event) &&
    650a:	c6 16       	cp	r12, r22
    650c:	d7 06       	cpc	r13, r23
    650e:	e8 06       	cpc	r14, r24
    6510:	f9 06       	cpc	r15, r25
    6512:	08 f0       	brcs	.+2      	; 0x6516 <main+0x1ef8>
    6514:	2e c1       	rjmp	.+604    	; 0x6772 <main+0x2154>
    6516:	c0 90 f4 05 	lds	r12, 0x05F4	; 0x8005f4 <cw_msg_id>
    651a:	20 e3       	ldi	r18, 0x30	; 48
    651c:	c2 9e       	mul	r12, r18
    651e:	60 01       	movw	r12, r0
    6520:	11 24       	eor	r1, r1
main():
/home/jgalera/develop/arduino/usdx/usdx_plus_orange/src/dsp/dsp.cpp:490
  }
  return 0;
}

int cw_tx(char *msg) {
  for (uint8_t i = 0; msg[i]; i++) { // loop over message
    6522:	e1 2c       	mov	r14, r1
cw_tx():
    6524:	86 01       	movw	r16, r12
    6526:	0e 0d       	add	r16, r14
    6528:	11 1d       	adc	r17, r1
    652a:	02 58       	subi	r16, 0x82	; 130
    652c:	1e 4f       	sbci	r17, 0xFE	; 254
    652e:	d8 01       	movw	r26, r16
    6530:	8c 91       	ld	r24, X
    6532:	88 23       	and	r24, r24
    6534:	09 f4       	brne	.+2      	; 0x6538 <main+0x1f1a>
    6536:	4a c1       	rjmp	.+660    	; 0x67cc <main+0x21ae>
_ZN3LCD9setCursorEhh():
/home/jgalera/develop/arduino/usdx/usdx_plus_orange/src/driver/display.h:190
    6538:	80 e8       	ldi	r24, 0x80	; 128
    653a:	0e 94 8b 11 	call	0x2316	; 0x2316 <LCD::cmd(unsigned char) [clone .isra.3] [clone .lto_priv.45]>
print():
/home/jgalera/.arduino15/packages/MiniCore/hardware/avr/3.1.1/cores/MCUdude_corefiles/Print.cpp:74
  return write(c);
}

size_t Print::print(unsigned char b, int base)
{
  return print((unsigned long) b, base);
    653e:	4e 2d       	mov	r20, r14
    6540:	50 e0       	ldi	r21, 0x00	; 0
    6542:	70 e0       	ldi	r23, 0x00	; 0
    6544:	60 e0       	ldi	r22, 0x00	; 0
/home/jgalera/.arduino15/packages/MiniCore/hardware/avr/3.1.1/cores/MCUdude_corefiles/Print.cpp:106
}

size_t Print::print(unsigned long n, int base)
{
  if (base == 0) return write(n);
  else return printNumber(n, base);
    6546:	2a e0       	ldi	r18, 0x0A	; 10
    6548:	87 eb       	ldi	r24, 0xB7	; 183
    654a:	96 e0       	ldi	r25, 0x06	; 6
    654c:	0e 94 73 19 	call	0x32e6	; 0x32e6 <Print::printNumber(unsigned long, unsigned char)>
cw_tx():
/home/jgalera/develop/arduino/usdx/usdx_plus_orange/src/dsp/dsp.cpp:493
    lcd.setCursor(0, 0);
    lcd.print(i);
    lcd.print("    ");
    6550:	66 ef       	ldi	r22, 0xF6	; 246
    6552:	72 e0       	ldi	r23, 0x02	; 2
    6554:	87 eb       	ldi	r24, 0xB7	; 183
    6556:	96 e0       	ldi	r25, 0x06	; 6
    6558:	0e 94 2f 1a 	call	0x345e	; 0x345e <Print::print(char const*)>
/home/jgalera/develop/arduino/usdx/usdx_plus_orange/src/dsp/dsp.cpp:494
    if (cw_tx(msg[i]))
    655c:	f8 01       	movw	r30, r16
    655e:	80 81       	ld	r24, Z
main():
/home/jgalera/develop/arduino/usdx/usdx_plus_orange/src/dsp/dsp.cpp:459
uint32_t cw_msg_event = 0;
uint8_t cw_msg_id = 0; // selected message

int cw_tx(char ch) { // Transmit message in CW
  char sym;
  for (uint8_t j = 0; (sym = pgm_read_byte_near(m2c + j));
    6560:	f1 2c       	mov	r15, r1
cw_tx():
    6562:	ef 2d       	mov	r30, r15
    6564:	f0 e0       	ldi	r31, 0x00	; 0
    6566:	e9 58       	subi	r30, 0x89	; 137
    6568:	fd 4f       	sbci	r31, 0xFD	; 253
    656a:	e4 91       	lpm	r30, Z
    656c:	ee 23       	and	r30, r30
    656e:	e1 f0       	breq	.+56     	; 0x65a8 <main+0x1f8a>
/home/jgalera/develop/arduino/usdx/usdx_plus_orange/src/dsp/dsp.cpp:461
       j++) {        // lookup msg[i] in m2c, skip if not found
    if (sym == ch) { // found -> transmit CW character j
    6570:	8e 13       	cpse	r24, r30
    6572:	2a c1       	rjmp	.+596    	; 0x67c8 <main+0x21aa>
/home/jgalera/develop/arduino/usdx/usdx_plus_orange/src/dsp/dsp.cpp:462
      wdt_reset();
    6574:	a8 95       	wdr
main():
/home/jgalera/develop/arduino/usdx/usdx_plus_orange/src/dsp/dsp.cpp:463
      uint8_t k = 0x80;
    6576:	10 e8       	ldi	r17, 0x80	; 128
cw_tx():
/home/jgalera/develop/arduino/usdx/usdx_plus_orange/src/dsp/dsp.cpp:464
      for (; !(j & k); k >>= 1)
    6578:	8f 2d       	mov	r24, r15
    657a:	81 23       	and	r24, r17
    657c:	16 95       	lsr	r17
    657e:	88 23       	and	r24, r24
    6580:	d9 f3       	breq	.-10     	; 0x6578 <main+0x1f5a>
/home/jgalera/develop/arduino/usdx/usdx_plus_orange/src/dsp/dsp.cpp:467
        ;
      k >>= 1; // shift start of cw code to MSB
      if (k == 0)
    6582:	11 11       	cpse	r17, r1
    6584:	cf c0       	rjmp	.+414    	; 0x6724 <main+0x2106>
/home/jgalera/develop/arduino/usdx/usdx_plus_orange/src/dsp/dsp.cpp:468
        delay(ditTime * 4); // space -> add word space
    6586:	60 91 fc 05 	lds	r22, 0x05FC	; 0x8005fc <ditTime>
    658a:	70 91 fd 05 	lds	r23, 0x05FD	; 0x8005fd <ditTime+0x1>
    658e:	80 91 fe 05 	lds	r24, 0x05FE	; 0x8005fe <ditTime+0x2>
    6592:	90 91 ff 05 	lds	r25, 0x05FF	; 0x8005ff <ditTime+0x3>
    6596:	32 e0       	ldi	r19, 0x02	; 2
    6598:	66 0f       	add	r22, r22
    659a:	77 1f       	adc	r23, r23
    659c:	88 1f       	adc	r24, r24
    659e:	99 1f       	adc	r25, r25
    65a0:	3a 95       	dec	r19
    65a2:	d1 f7       	brne	.-12     	; 0x6598 <main+0x1f7a>
    65a4:	0e 94 0d 04 	call	0x81a	; 0x81a <delay>
/home/jgalera/develop/arduino/usdx/usdx_plus_orange/src/dsp/dsp.cpp:490
  }
  return 0;
}

int cw_tx(char *msg) {
  for (uint8_t i = 0; msg[i]; i++) { // loop over message
    65a8:	e3 94       	inc	r14
    65aa:	bc cf       	rjmp	.-136    	; 0x6524 <main+0x1f06>
loop():
/home/jgalera/develop/arduino/usdx/usdx_plus_orange/usdx_plus_orange.ino:1142
          si5351.iqmsa = 0; // enforce PLL reset
          // make more generic:
          if (mode != CW)
            stepsize = STEP_1k;
          else
            stepsize = STEP_500;
    65ac:	86 e0       	ldi	r24, 0x06	; 6
    65ae:	86 cc       	rjmp	.-1780   	; 0x5ebc <main+0x189e>
/home/jgalera/develop/arduino/usdx/usdx_plus_orange/usdx_plus_orange.ino:1147
          if (mode == CW) {
            filt = 4;
            nr = 0;
          } else
            filt = 0;
    65b0:	10 92 f1 05 	sts	0x05F1, r1	; 0x8005f1 <filt>
    65b4:	8f cc       	rjmp	.-1762   	; 0x5ed4 <main+0x18b6>
/home/jgalera/develop/arduino/usdx/usdx_plus_orange/usdx_plus_orange.ino:1166
            stepsize = STEP_500;
          if (mode == CW) {
            filt = 4;
            nr = 0;
          } else
            filt = 0;
    65b6:	10 92 f1 05 	sts	0x05F1, r1	; 0x8005f1 <filt>
    65ba:	cd cc       	rjmp	.-1638   	; 0x5f56 <main+0x1938>
main():
/home/jgalera/develop/arduino/usdx/usdx_plus_orange/usdx_plus_orange.ino:1171
          change = true;
        }
#ifdef RIT_ENABLE
        if (menu == RIT) {
          stepsize = (rit) ? STEP_10 : STEP_500;
    65bc:	86 e0       	ldi	r24, 0x06	; 6
    65be:	da cc       	rjmp	.-1612   	; 0x5f74 <main+0x1956>
/home/jgalera/develop/arduino/usdx/usdx_plus_orange/usdx_plus_orange.ino:1212
          build_lut();
        }
#endif
        if (menu == CWTONE) {
          if (dsp_cap) {
            cw_offset = (cw_tone == 0) ? tones[0] : tones[1];
    65c0:	80 ee       	ldi	r24, 0xE0	; 224
    65c2:	91 e0       	ldi	r25, 0x01	; 1
    65c4:	a0 e0       	ldi	r26, 0x00	; 0
    65c6:	b0 e0       	ldi	r27, 0x00	; 0
    65c8:	34 cd       	rjmp	.-1432   	; 0x6032 <main+0x1a14>
loop():
/home/jgalera/develop/arduino/usdx/usdx_plus_orange/usdx_plus_orange.ino:1234
        }
        if (menu == KEY_MODE) {
          if (keyer_mode == 0) {
            keyerControl = IAMBICA;
          }
          if (keyer_mode == 1) {
    65ca:	81 30       	cpi	r24, 0x01	; 1
    65cc:	21 f4       	brne	.+8      	; 0x65d6 <main+0x1fb8>
/home/jgalera/develop/arduino/usdx/usdx_plus_orange/usdx_plus_orange.ino:1235
            keyerControl = IAMBICB;
    65ce:	80 e1       	ldi	r24, 0x10	; 16
/home/jgalera/develop/arduino/usdx/usdx_plus_orange/usdx_plus_orange.ino:1238
          }
          if (keyer_mode == 2) {
            keyerControl = SINGLE;
    65d0:	80 93 04 06 	sts	0x0604, r24	; 0x800604 <keyerControl>
    65d4:	6d cd       	rjmp	.-1318   	; 0x60b0 <main+0x1a92>
/home/jgalera/develop/arduino/usdx/usdx_plus_orange/usdx_plus_orange.ino:1237
            keyerControl = IAMBICA;
          }
          if (keyer_mode == 1) {
            keyerControl = IAMBICB;
          }
          if (keyer_mode == 2) {
    65d6:	82 30       	cpi	r24, 0x02	; 2
    65d8:	d9 f3       	breq	.-10     	; 0x65d0 <main+0x1fb2>
    65da:	6a cd       	rjmp	.-1324   	; 0x60b0 <main+0x1a92>
main():
/home/jgalera/.arduino15/packages/MiniCore/hardware/avr/3.1.1/cores/MCUdude_corefiles/Arduino.h:315
	}

	template<class T, class L>
	auto min(const T& a, const L& b) -> decltype((b < a) ? b : a) {
		return (b < a) ? b : a;
    65dc:	fe 01       	movw	r30, r28
    65de:	31 96       	adiw	r30, 0x01	; 1
    65e0:	a7 cd       	rjmp	.-1202   	; 0x6130 <main+0x1b12>
process_encoder_tuning_step():
/home/jgalera/develop/arduino/usdx/usdx_plus_orange/src/core/core.cpp:581
  int32_t stepval = stepsizes[stepsize];
  if (rit) {
    rit += steps * stepval;
    rit = max(-9999, min(9999, rit));
  } else {
    freq += steps * stepval;
    65e2:	c0 90 b5 01 	lds	r12, 0x01B5	; 0x8001b5 <freq>
    65e6:	d0 90 b6 01 	lds	r13, 0x01B6	; 0x8001b6 <freq+0x1>
    65ea:	e0 90 b7 01 	lds	r14, 0x01B7	; 0x8001b7 <freq+0x2>
    65ee:	f0 90 b8 01 	lds	r15, 0x01B8	; 0x8001b8 <freq+0x3>
    65f2:	0a 2e       	mov	r0, r26
    65f4:	00 0c       	add	r0, r0
    65f6:	bb 0b       	sbc	r27, r27
    65f8:	0e 94 28 3a 	call	0x7450	; 0x7450 <__mulshisi3>
    65fc:	c6 0e       	add	r12, r22
    65fe:	d7 1e       	adc	r13, r23
    6600:	e8 1e       	adc	r14, r24
    6602:	f9 1e       	adc	r15, r25
    6604:	c0 92 b5 01 	sts	0x01B5, r12	; 0x8001b5 <freq>
    6608:	d0 92 b6 01 	sts	0x01B6, r13	; 0x8001b6 <freq+0x1>
    660c:	e0 92 b7 01 	sts	0x01B7, r14	; 0x8001b7 <freq+0x2>
    6610:	f0 92 b8 01 	sts	0x01B8, r15	; 0x8001b8 <freq+0x3>
/home/jgalera/develop/arduino/usdx/usdx_plus_orange/src/core/core.cpp:582
    freq = max(1, min(999999999, freq));
    6614:	8f ef       	ldi	r24, 0xFF	; 255
    6616:	99 ec       	ldi	r25, 0xC9	; 201
    6618:	aa e9       	ldi	r26, 0x9A	; 154
    661a:	bb e3       	ldi	r27, 0x3B	; 59
    661c:	89 83       	std	Y+1, r24	; 0x01
    661e:	9a 83       	std	Y+2, r25	; 0x02
    6620:	ab 83       	std	Y+3, r26	; 0x03
    6622:	bc 83       	std	Y+4, r27	; 0x04
_Z3minIlVlEDTqultfp0_fp_fp0_fp_ERKT_RKT0_():
/home/jgalera/.arduino15/packages/MiniCore/hardware/avr/3.1.1/cores/MCUdude_corefiles/Arduino.h:315
    6624:	80 91 b5 01 	lds	r24, 0x01B5	; 0x8001b5 <freq>
    6628:	90 91 b6 01 	lds	r25, 0x01B6	; 0x8001b6 <freq+0x1>
    662c:	a0 91 b7 01 	lds	r26, 0x01B7	; 0x8001b7 <freq+0x2>
    6630:	b0 91 b8 01 	lds	r27, 0x01B8	; 0x8001b8 <freq+0x3>
    6634:	8f 3f       	cpi	r24, 0xFF	; 255
    6636:	99 4c       	sbci	r25, 0xC9	; 201
    6638:	aa 49       	sbci	r26, 0x9A	; 154
    663a:	bb 43       	sbci	r27, 0x3B	; 59
    663c:	9c f4       	brge	.+38     	; 0x6664 <main+0x2046>
main():
    663e:	80 91 b5 01 	lds	r24, 0x01B5	; 0x8001b5 <freq>
    6642:	90 91 b6 01 	lds	r25, 0x01B6	; 0x8001b6 <freq+0x1>
    6646:	a0 91 b7 01 	lds	r26, 0x01B7	; 0x8001b7 <freq+0x2>
    664a:	b0 91 b8 01 	lds	r27, 0x01B8	; 0x8001b8 <freq+0x3>
    664e:	e5 eb       	ldi	r30, 0xB5	; 181
    6650:	f1 e0       	ldi	r31, 0x01	; 1
_Z3maxIiVlEDTqultfp0_fp_fp0_fp_ERKT_RKT0_():
/home/jgalera/.arduino15/packages/MiniCore/hardware/avr/3.1.1/cores/MCUdude_corefiles/Arduino.h:320
	}

	template<class T, class L>
	auto max(const T& a, const L& b) -> decltype((b < a) ? b : a) {
		return (a < b) ? b : a;
    6652:	02 97       	sbiw	r24, 0x02	; 2
    6654:	a1 05       	cpc	r26, r1
    6656:	b1 05       	cpc	r27, r1
    6658:	3c f4       	brge	.+14     	; 0x6668 <main+0x204a>
main():
    665a:	81 e0       	ldi	r24, 0x01	; 1
    665c:	90 e0       	ldi	r25, 0x00	; 0
    665e:	a0 e0       	ldi	r26, 0x00	; 0
    6660:	b0 e0       	ldi	r27, 0x00	; 0
    6662:	06 c0       	rjmp	.+12     	; 0x6670 <main+0x2052>
/home/jgalera/.arduino15/packages/MiniCore/hardware/avr/3.1.1/cores/MCUdude_corefiles/Arduino.h:315
		return x > 0 ? x : -x;
	}

	template<class T, class L>
	auto min(const T& a, const L& b) -> decltype((b < a) ? b : a) {
		return (b < a) ? b : a;
    6664:	fe 01       	movw	r30, r28
    6666:	31 96       	adiw	r30, 0x01	; 1
_Z3maxIiVlEDTqultfp0_fp_fp0_fp_ERKT_RKT0_():
/home/jgalera/.arduino15/packages/MiniCore/hardware/avr/3.1.1/cores/MCUdude_corefiles/Arduino.h:320
	}

	template<class T, class L>
	auto max(const T& a, const L& b) -> decltype((b < a) ? b : a) {
		return (a < b) ? b : a;
    6668:	80 81       	ld	r24, Z
    666a:	91 81       	ldd	r25, Z+1	; 0x01
    666c:	a2 81       	ldd	r26, Z+2	; 0x02
    666e:	b3 81       	ldd	r27, Z+3	; 0x03
process_encoder_tuning_step():
/home/jgalera/develop/arduino/usdx/usdx_plus_orange/src/core/core.cpp:582
    6670:	80 93 b5 01 	sts	0x01B5, r24	; 0x8001b5 <freq>
    6674:	90 93 b6 01 	sts	0x01B6, r25	; 0x8001b6 <freq+0x1>
    6678:	a0 93 b7 01 	sts	0x01B7, r26	; 0x8001b7 <freq+0x2>
    667c:	b0 93 b8 01 	sts	0x01B8, r27	; 0x8001b8 <freq+0x3>
    6680:	68 cd       	rjmp	.-1328   	; 0x6152 <main+0x1b34>
display_vfo():
/home/jgalera/develop/arduino/usdx/usdx_plus_orange/src/core/core.cpp:680
    f = rit;
    scale = 1e3;
    lcd.print(F("RIT "));
    lcd.print(rit < 0 ? '-' : '+');
  } else {
    if (f / scale == 0) {
    6682:	c7 01       	movw	r24, r14
    6684:	b6 01       	movw	r22, r12
    6686:	20 e8       	ldi	r18, 0x80	; 128
    6688:	36 e9       	ldi	r19, 0x96	; 150
    668a:	48 e9       	ldi	r20, 0x98	; 152
    668c:	50 e0       	ldi	r21, 0x00	; 0
    668e:	0e 94 da 39 	call	0x73b4	; 0x73b4 <__divmodsi4>
    6692:	23 2b       	or	r18, r19
    6694:	24 2b       	or	r18, r20
    6696:	25 2b       	or	r18, r21
    6698:	69 f4       	brne	.+26     	; 0x66b4 <main+0x2096>
/home/jgalera/develop/arduino/usdx/usdx_plus_orange/src/core/core.cpp:681
      lcd.print(' ');
    669a:	60 e2       	ldi	r22, 0x20	; 32
    669c:	87 eb       	ldi	r24, 0xB7	; 183
    669e:	96 e0       	ldi	r25, 0x06	; 6
    66a0:	0e 94 4c 04 	call	0x898	; 0x898 <Print::print(char)>
main():
/home/jgalera/develop/arduino/usdx/usdx_plus_orange/src/core/core.cpp:682
      scale /= 10;
    66a4:	60 e4       	ldi	r22, 0x40	; 64
    66a6:	86 2e       	mov	r8, r22
    66a8:	62 e4       	ldi	r22, 0x42	; 66
    66aa:	96 2e       	mov	r9, r22
    66ac:	6f e0       	ldi	r22, 0x0F	; 15
    66ae:	a6 2e       	mov	r10, r22
    66b0:	b1 2c       	mov	r11, r1
    66b2:	fc cd       	rjmp	.-1032   	; 0x62ac <main+0x1c8e>
/home/jgalera/develop/arduino/usdx/usdx_plus_orange/src/core/core.cpp:673
  lcd.setCursor(0, 1);
  lcd.print((rit)                                       ? ' '
            : ((vfosel % 2) | ((vfosel == SPLIT) & tx)) ? '\x07'
                                                        : '\x06');

  int32_t scale = 10e6;
    66b4:	50 e8       	ldi	r21, 0x80	; 128
    66b6:	85 2e       	mov	r8, r21
    66b8:	56 e9       	ldi	r21, 0x96	; 150
    66ba:	95 2e       	mov	r9, r21
    66bc:	58 e9       	ldi	r21, 0x98	; 152
    66be:	a5 2e       	mov	r10, r21
    66c0:	b1 2c       	mov	r11, r1
    66c2:	f4 cd       	rjmp	.-1048   	; 0x62ac <main+0x1c8e>
set_latch():
/home/jgalera/develop/arduino/usdx/usdx_plus_orange/src/hardware/io_expander.cpp:121
    if (io == 0xff) {
      ioext.init();
      for (int io = 0; io != 16; io++)
        set_latch(io, common_io, latch);
    } else {
      ioext.write((~(1U << io)) | (1U << common_io));
    66c4:	81 e0       	ldi	r24, 0x01	; 1
    66c6:	90 e0       	ldi	r25, 0x00	; 0
    66c8:	02 c0       	rjmp	.+4      	; 0x66ce <main+0x20b0>
    66ca:	88 0f       	add	r24, r24
    66cc:	99 1f       	adc	r25, r25
    66ce:	2a 95       	dec	r18
    66d0:	e2 f7       	brpl	.-8      	; 0x66ca <main+0x20ac>
    66d2:	80 95       	com	r24
    66d4:	90 95       	com	r25
    66d6:	81 60       	ori	r24, 0x01	; 1
    66d8:	0e 94 69 05 	call	0xad2	; 0xad2 <IOExpander16::write(unsigned int) [clone .isra.1]>
/home/jgalera/develop/arduino/usdx/usdx_plus_orange/src/hardware/io_expander.cpp:122
      delay(LATCH_TIME);
    66dc:	6e e1       	ldi	r22, 0x1E	; 30
    66de:	70 e0       	ldi	r23, 0x00	; 0
    66e0:	80 e0       	ldi	r24, 0x00	; 0
    66e2:	90 e0       	ldi	r25, 0x00	; 0
    66e4:	0e 94 0d 04 	call	0x81a	; 0x81a <delay>
/home/jgalera/develop/arduino/usdx/usdx_plus_orange/src/hardware/io_expander.cpp:123
      ioext.write(0x0000);
    66e8:	90 e0       	ldi	r25, 0x00	; 0
    66ea:	80 e0       	ldi	r24, 0x00	; 0
    66ec:	0e 94 69 05 	call	0xad2	; 0xad2 <IOExpander16::write(unsigned int) [clone .isra.1]>
    66f0:	6c ce       	rjmp	.-808    	; 0x63ca <main+0x1dac>
loop():
/home/jgalera/develop/arduino/usdx/usdx_plus_orange/usdx_plus_orange.ino:1327
    prev_bandval = bandval; // align bandval with freq

    if (mode == CW) {
      si5351.freq(freq + cw_offset, rx_ph_q,
                  0 /*90, 0*/); // RX in CW-R (=LSB), correct for CW-tone offset
    } else if (mode == LSB)
    66f2:	80 91 cd 01 	lds	r24, 0x01CD	; 0x8001cd <mode>
    66f6:	81 11       	cpse	r24, r1
    66f8:	09 c0       	rjmp	.+18     	; 0x670c <main+0x20ee>
/home/jgalera/develop/arduino/usdx/usdx_plus_orange/usdx_plus_orange.ino:1328
      si5351.freq(freq, rx_ph_q, 0 /*90, 0*/); // RX in LSB
    66fa:	60 91 b5 01 	lds	r22, 0x01B5	; 0x8001b5 <freq>
    66fe:	70 91 b6 01 	lds	r23, 0x01B6	; 0x8001b6 <freq+0x1>
    6702:	80 91 b7 01 	lds	r24, 0x01B7	; 0x8001b7 <freq+0x2>
    6706:	90 91 b8 01 	lds	r25, 0x01B8	; 0x8001b8 <freq+0x3>
    670a:	b4 ce       	rjmp	.-664    	; 0x6474 <main+0x1e56>
/home/jgalera/develop/arduino/usdx/usdx_plus_orange/usdx_plus_orange.ino:1330
    else
      si5351.freq(freq, 0, rx_ph_q /*0, 90*/); // RX in USB, ...
    670c:	60 91 b5 01 	lds	r22, 0x01B5	; 0x8001b5 <freq>
    6710:	70 91 b6 01 	lds	r23, 0x01B6	; 0x8001b6 <freq+0x1>
    6714:	80 91 b7 01 	lds	r24, 0x01B7	; 0x8001b7 <freq+0x2>
    6718:	90 91 b8 01 	lds	r25, 0x01B8	; 0x8001b8 <freq+0x3>
    671c:	9a 01       	movw	r18, r20
    671e:	50 e0       	ldi	r21, 0x00	; 0
    6720:	40 e0       	ldi	r20, 0x00	; 0
    6722:	aa ce       	rjmp	.-684    	; 0x6478 <main+0x1e5a>
cw_tx():
/home/jgalera/develop/arduino/usdx/usdx_plus_orange/src/dsp/dsp.cpp:471
      k >>= 1; // shift start of cw code to MSB
      if (k == 0)
        delay(ditTime * 4); // space -> add word space
      else {
        for (; k; k >>= 1) { // send dit/dah one by one, until everythng is sent
          switch_rxtx(1);    // key-on  tx
    6724:	81 e0       	ldi	r24, 0x01	; 1
    6726:	0e 94 07 14 	call	0x280e	; 0x280e <switch_rxtx(unsigned char)>
/home/jgalera/develop/arduino/usdx/usdx_plus_orange/src/dsp/dsp.cpp:472
          if (delayWithKeySense(ditTime * ((j & k) ? 3 : 1))) {
    672a:	81 2f       	mov	r24, r17
    672c:	8f 21       	and	r24, r15
main():
    672e:	21 e0       	ldi	r18, 0x01	; 1
    6730:	30 e0       	ldi	r19, 0x00	; 0
    6732:	40 e0       	ldi	r20, 0x00	; 0
    6734:	50 e0       	ldi	r21, 0x00	; 0
cw_tx():
    6736:	21 f0       	breq	.+8      	; 0x6740 <main+0x2122>
main():
    6738:	23 e0       	ldi	r18, 0x03	; 3
    673a:	30 e0       	ldi	r19, 0x00	; 0
    673c:	40 e0       	ldi	r20, 0x00	; 0
    673e:	50 e0       	ldi	r21, 0x00	; 0
cw_tx():
    6740:	60 91 fc 05 	lds	r22, 0x05FC	; 0x8005fc <ditTime>
    6744:	70 91 fd 05 	lds	r23, 0x05FD	; 0x8005fd <ditTime+0x1>
    6748:	80 91 fe 05 	lds	r24, 0x05FE	; 0x8005fe <ditTime+0x2>
    674c:	90 91 ff 05 	lds	r25, 0x05FF	; 0x8005ff <ditTime+0x3>
    6750:	0e 94 74 39 	call	0x72e8	; 0x72e8 <__mulsi3>
    6754:	0e 94 83 0e 	call	0x1d06	; 0x1d06 <delayWithKeySense(unsigned long)>
    6758:	88 23       	and	r24, r24
    675a:	b1 f0       	breq	.+44     	; 0x6788 <main+0x216a>
/home/jgalera/develop/arduino/usdx/usdx_plus_orange/src/dsp/dsp.cpp:473
            switch_rxtx(0);
    675c:	80 e0       	ldi	r24, 0x00	; 0
    675e:	0e 94 07 14 	call	0x280e	; 0x280e <switch_rxtx(unsigned char)>
loop():
/home/jgalera/develop/arduino/usdx/usdx_plus_orange/usdx_plus_orange.ino:1357
    if ((cw_tx(cw_msg[cw_msg_id]) == 0) &&
        ((cw_msg[cw_msg_id][0] == 'C') && (cw_msg[cw_msg_id][1] == 'Q')) &&
        cw_msg_interval)
      cw_msg_event = millis() + 1000 * cw_msg_interval;
    else
      cw_msg_event =
    6762:	10 92 00 06 	sts	0x0600, r1	; 0x800600 <cw_msg_event>
    6766:	10 92 01 06 	sts	0x0601, r1	; 0x800601 <cw_msg_event+0x1>
    676a:	10 92 02 06 	sts	0x0602, r1	; 0x800602 <cw_msg_event+0x2>
    676e:	10 92 03 06 	sts	0x0603, r1	; 0x800603 <cw_msg_event+0x3>
/home/jgalera/develop/arduino/usdx/usdx_plus_orange/usdx_plus_orange.ino:1363
          0; // then send message, if not interrupted and its a CQ msg and there
             // is an interval set, then schedule new event
  }
#endif // CW_MESSAGE

  wdt_reset();
    6772:	a8 95       	wdr
serialEventRun():
/home/jgalera/.arduino15/packages/MiniCore/hardware/avr/3.1.1/cores/MCUdude_corefiles/HardwareSerial.cpp:67
#endif

void serialEventRun(void)
{
#if defined(HAVE_HWSERIAL0)
  if (Serial0_available && serialEvent && Serial0_available()) serialEvent();
    6774:	0e 94 bd 04 	call	0x97a	; 0x97a <Serial0_available()>
    6778:	88 23       	and	r24, r24
    677a:	11 f4       	brne	.+4      	; 0x6780 <main+0x2162>
    677c:	0c 94 e9 27 	jmp	0x4fd2	; 0x4fd2 <main+0x9b4>
    6780:	0e 94 b4 1a 	call	0x3568	; 0x3568 <serialEvent()>
    6784:	0c 94 e9 27 	jmp	0x4fd2	; 0x4fd2 <main+0x9b4>
cw_tx():
/home/jgalera/develop/arduino/usdx/usdx_plus_orange/src/dsp/dsp.cpp:476
            return 1;
          } // symbol: dah or dih length
          switch_rxtx(0); // key-off tx
    6788:	80 e0       	ldi	r24, 0x00	; 0
    678a:	0e 94 07 14 	call	0x280e	; 0x280e <switch_rxtx(unsigned char)>
/home/jgalera/develop/arduino/usdx/usdx_plus_orange/src/dsp/dsp.cpp:477
          if (delayWithKeySense(ditTime))
    678e:	80 90 fc 05 	lds	r8, 0x05FC	; 0x8005fc <ditTime>
    6792:	90 90 fd 05 	lds	r9, 0x05FD	; 0x8005fd <ditTime+0x1>
    6796:	a0 90 fe 05 	lds	r10, 0x05FE	; 0x8005fe <ditTime+0x2>
    679a:	b0 90 ff 05 	lds	r11, 0x05FF	; 0x8005ff <ditTime+0x3>
    679e:	c5 01       	movw	r24, r10
    67a0:	b4 01       	movw	r22, r8
    67a2:	0e 94 83 0e 	call	0x1d06	; 0x1d06 <delayWithKeySense(unsigned long)>
    67a6:	81 11       	cpse	r24, r1
    67a8:	dc cf       	rjmp	.-72     	; 0x6762 <main+0x2144>
/home/jgalera/develop/arduino/usdx/usdx_plus_orange/src/dsp/dsp.cpp:470
        ;
      k >>= 1; // shift start of cw code to MSB
      if (k == 0)
        delay(ditTime * 4); // space -> add word space
      else {
        for (; k; k >>= 1) { // send dit/dah one by one, until everythng is sent
    67aa:	16 95       	lsr	r17
    67ac:	09 f0       	breq	.+2      	; 0x67b0 <main+0x2192>
    67ae:	ba cf       	rjmp	.-140    	; 0x6724 <main+0x2106>
/home/jgalera/develop/arduino/usdx/usdx_plus_orange/src/dsp/dsp.cpp:480
          } // symbol: dah or dih length
          switch_rxtx(0); // key-off tx
          if (delayWithKeySense(ditTime))
            return 1; // add symbol space
        }
        if (delayWithKeySense(ditTime * 2))
    67b0:	c5 01       	movw	r24, r10
    67b2:	b4 01       	movw	r22, r8
    67b4:	66 0f       	add	r22, r22
    67b6:	77 1f       	adc	r23, r23
    67b8:	88 1f       	adc	r24, r24
    67ba:	99 1f       	adc	r25, r25
    67bc:	0e 94 83 0e 	call	0x1d06	; 0x1d06 <delayWithKeySense(unsigned long)>
    67c0:	88 23       	and	r24, r24
    67c2:	09 f4       	brne	.+2      	; 0x67c6 <main+0x21a8>
    67c4:	f1 ce       	rjmp	.-542    	; 0x65a8 <main+0x1f8a>
    67c6:	cd cf       	rjmp	.-102    	; 0x6762 <main+0x2144>
/home/jgalera/develop/arduino/usdx/usdx_plus_orange/src/dsp/dsp.cpp:459
uint32_t cw_msg_event = 0;
uint8_t cw_msg_id = 0; // selected message

int cw_tx(char ch) { // Transmit message in CW
  char sym;
  for (uint8_t j = 0; (sym = pgm_read_byte_near(m2c + j));
    67c8:	f3 94       	inc	r15
    67ca:	cb ce       	rjmp	.-618    	; 0x6562 <main+0x1f44>
loop():
/home/jgalera/develop/arduino/usdx/usdx_plus_orange/usdx_plus_orange.ino:1353

#ifdef CW_MESSAGE
  if ((mode == CW) && (cw_msg_event) &&
      (millis() > cw_msg_event)) { // if it is time to send a CW message
    if ((cw_tx(cw_msg[cw_msg_id]) == 0) &&
        ((cw_msg[cw_msg_id][0] == 'C') && (cw_msg[cw_msg_id][1] == 'Q')) &&
    67cc:	e0 91 f4 05 	lds	r30, 0x05F4	; 0x8005f4 <cw_msg_id>
    67d0:	20 e3       	ldi	r18, 0x30	; 48
    67d2:	e2 9f       	mul	r30, r18
    67d4:	f0 01       	movw	r30, r0
    67d6:	11 24       	eor	r1, r1
    67d8:	e2 58       	subi	r30, 0x82	; 130
    67da:	fe 4f       	sbci	r31, 0xFE	; 254
/home/jgalera/develop/arduino/usdx/usdx_plus_orange/usdx_plus_orange.ino:1352
  }

#ifdef CW_MESSAGE
  if ((mode == CW) && (cw_msg_event) &&
      (millis() > cw_msg_event)) { // if it is time to send a CW message
    if ((cw_tx(cw_msg[cw_msg_id]) == 0) &&
    67dc:	80 81       	ld	r24, Z
    67de:	83 34       	cpi	r24, 0x43	; 67
    67e0:	09 f0       	breq	.+2      	; 0x67e4 <main+0x21c6>
    67e2:	bf cf       	rjmp	.-130    	; 0x6762 <main+0x2144>
/home/jgalera/develop/arduino/usdx/usdx_plus_orange/usdx_plus_orange.ino:1353
        ((cw_msg[cw_msg_id][0] == 'C') && (cw_msg[cw_msg_id][1] == 'Q')) &&
    67e4:	81 81       	ldd	r24, Z+1	; 0x01
    67e6:	81 35       	cpi	r24, 0x51	; 81
    67e8:	09 f0       	breq	.+2      	; 0x67ec <main+0x21ce>
    67ea:	bb cf       	rjmp	.-138    	; 0x6762 <main+0x2144>
/home/jgalera/develop/arduino/usdx/usdx_plus_orange/usdx_plus_orange.ino:1355
        cw_msg_interval)
      cw_msg_event = millis() + 1000 * cw_msg_interval;
    67ec:	0e 94 40 04 	call	0x880	; 0x880 <millis>
    67f0:	68 57       	subi	r22, 0x78	; 120
    67f2:	7c 4e       	sbci	r23, 0xEC	; 236
    67f4:	8f 4f       	sbci	r24, 0xFF	; 255
    67f6:	9f 4f       	sbci	r25, 0xFF	; 255
    67f8:	60 93 00 06 	sts	0x0600, r22	; 0x800600 <cw_msg_event>
    67fc:	70 93 01 06 	sts	0x0601, r23	; 0x800601 <cw_msg_event+0x1>
    6800:	80 93 02 06 	sts	0x0602, r24	; 0x800602 <cw_msg_event+0x2>
    6804:	90 93 03 06 	sts	0x0603, r25	; 0x800603 <cw_msg_event+0x3>
    6808:	b4 cf       	rjmp	.-152    	; 0x6772 <main+0x2154>

0000680a <_GLOBAL__sub_D_i2c>:
_GLOBAL__sub_D_i2c():
/home/jgalera/develop/arduino/usdx/usdx_plus_orange/src/hardware/soft_i2c.cpp:60
  suspend();
#endif
}

I2C::~I2C() {
  I2C_PORT &= ~(I2C_SDA | I2C_SCL);
    680a:	88 b1       	in	r24, 0x08	; 8
    680c:	8f 7c       	andi	r24, 0xCF	; 207
    680e:	88 b9       	out	0x08, r24	; 8
/home/jgalera/develop/arduino/usdx/usdx_plus_orange/src/hardware/soft_i2c.cpp:61
  I2C_DDR &= ~(I2C_SDA | I2C_SCL);
    6810:	87 b1       	in	r24, 0x07	; 7
    6812:	8f 7c       	andi	r24, 0xCF	; 207
    6814:	87 b9       	out	0x07, r24	; 7
/home/jgalera/develop/arduino/usdx/usdx_plus_orange/src/hardware/soft_i2c.cpp:170
}

uint8_t I2C::endTransmission() {
  stop();
  return 0;
}
    6816:	08 95       	ret

00006818 <atol>:
atol():
    6818:	1f 93       	push	r17
    681a:	fc 01       	movw	r30, r24
    681c:	99 27       	eor	r25, r25
    681e:	88 27       	eor	r24, r24
    6820:	bc 01       	movw	r22, r24
    6822:	e8 94       	clt
    6824:	11 91       	ld	r17, Z+
    6826:	10 32       	cpi	r17, 0x20	; 32
    6828:	e9 f3       	breq	.-6      	; 0x6824 <atol+0xc>
    682a:	19 30       	cpi	r17, 0x09	; 9
    682c:	10 f0       	brcs	.+4      	; 0x6832 <atol+0x1a>
    682e:	1e 30       	cpi	r17, 0x0E	; 14
    6830:	c8 f3       	brcs	.-14     	; 0x6824 <atol+0xc>
    6832:	1b 32       	cpi	r17, 0x2B	; 43
    6834:	51 f0       	breq	.+20     	; 0x684a <atol+0x32>
    6836:	1d 32       	cpi	r17, 0x2D	; 45
    6838:	49 f4       	brne	.+18     	; 0x684c <atol+0x34>
    683a:	68 94       	set
    683c:	06 c0       	rjmp	.+12     	; 0x684a <atol+0x32>
    683e:	0e 94 3c 34 	call	0x6878	; 0x6878 <__mulsi_const_10>
    6842:	61 0f       	add	r22, r17
    6844:	71 1d       	adc	r23, r1
    6846:	81 1d       	adc	r24, r1
    6848:	91 1d       	adc	r25, r1
    684a:	11 91       	ld	r17, Z+
    684c:	10 53       	subi	r17, 0x30	; 48
    684e:	1a 30       	cpi	r17, 0x0A	; 10
    6850:	b0 f3       	brcs	.-20     	; 0x683e <atol+0x26>
    6852:	3e f4       	brtc	.+14     	; 0x6862 <atol+0x4a>
    6854:	90 95       	com	r25
    6856:	80 95       	com	r24
    6858:	70 95       	com	r23
    685a:	61 95       	neg	r22
    685c:	7f 4f       	sbci	r23, 0xFF	; 255
    685e:	8f 4f       	sbci	r24, 0xFF	; 255
    6860:	9f 4f       	sbci	r25, 0xFF	; 255
    6862:	1f 91       	pop	r17
    6864:	08 95       	ret

00006866 <memcpy_P>:
memcpy_P():
    6866:	fb 01       	movw	r30, r22
    6868:	dc 01       	movw	r26, r24
    686a:	02 c0       	rjmp	.+4      	; 0x6870 <memcpy_P+0xa>
    686c:	05 90       	lpm	r0, Z+
    686e:	0d 92       	st	X+, r0
    6870:	41 50       	subi	r20, 0x01	; 1
    6872:	50 40       	sbci	r21, 0x00	; 0
    6874:	d8 f7       	brcc	.-10     	; 0x686c <memcpy_P+0x6>
    6876:	08 95       	ret

00006878 <__mulsi_const_10>:
__mulsi_const_10():
    6878:	59 2f       	mov	r21, r25
    687a:	48 2f       	mov	r20, r24
    687c:	37 2f       	mov	r19, r23
    687e:	26 2f       	mov	r18, r22
    6880:	66 0f       	add	r22, r22
    6882:	77 1f       	adc	r23, r23
    6884:	88 1f       	adc	r24, r24
    6886:	99 1f       	adc	r25, r25
    6888:	66 0f       	add	r22, r22
    688a:	77 1f       	adc	r23, r23
    688c:	88 1f       	adc	r24, r24
    688e:	99 1f       	adc	r25, r25
    6890:	62 0f       	add	r22, r18
    6892:	73 1f       	adc	r23, r19
    6894:	84 1f       	adc	r24, r20
    6896:	95 1f       	adc	r25, r21
    6898:	66 0f       	add	r22, r22
    689a:	77 1f       	adc	r23, r23
    689c:	88 1f       	adc	r24, r24
    689e:	99 1f       	adc	r25, r25
    68a0:	08 95       	ret

000068a2 <vfprintf>:
vfprintf():
    68a2:	ab e0       	ldi	r26, 0x0B	; 11
    68a4:	b0 e0       	ldi	r27, 0x00	; 0
    68a6:	e7 e5       	ldi	r30, 0x57	; 87
    68a8:	f4 e3       	ldi	r31, 0x34	; 52
    68aa:	0c 94 ff 36 	jmp	0x6dfe	; 0x6dfe <__prologue_saves__>
    68ae:	7c 01       	movw	r14, r24
    68b0:	3b 01       	movw	r6, r22
    68b2:	8a 01       	movw	r16, r20
    68b4:	fc 01       	movw	r30, r24
    68b6:	17 82       	std	Z+7, r1	; 0x07
    68b8:	16 82       	std	Z+6, r1	; 0x06
    68ba:	83 81       	ldd	r24, Z+3	; 0x03
    68bc:	81 ff       	sbrs	r24, 1
    68be:	c8 c1       	rjmp	.+912    	; 0x6c50 <vfprintf+0x3ae>
    68c0:	ce 01       	movw	r24, r28
    68c2:	01 96       	adiw	r24, 0x01	; 1
    68c4:	5c 01       	movw	r10, r24
    68c6:	f7 01       	movw	r30, r14
    68c8:	93 81       	ldd	r25, Z+3	; 0x03
    68ca:	f3 01       	movw	r30, r6
    68cc:	93 fd       	sbrc	r25, 3
    68ce:	85 91       	lpm	r24, Z+
    68d0:	93 ff       	sbrs	r25, 3
    68d2:	81 91       	ld	r24, Z+
    68d4:	3f 01       	movw	r6, r30
    68d6:	88 23       	and	r24, r24
    68d8:	09 f4       	brne	.+2      	; 0x68dc <vfprintf+0x3a>
    68da:	53 c1       	rjmp	.+678    	; 0x6b82 <vfprintf+0x2e0>
    68dc:	85 32       	cpi	r24, 0x25	; 37
    68de:	39 f4       	brne	.+14     	; 0x68ee <vfprintf+0x4c>
    68e0:	93 fd       	sbrc	r25, 3
    68e2:	85 91       	lpm	r24, Z+
    68e4:	93 ff       	sbrs	r25, 3
    68e6:	81 91       	ld	r24, Z+
    68e8:	3f 01       	movw	r6, r30
    68ea:	85 32       	cpi	r24, 0x25	; 37
    68ec:	29 f4       	brne	.+10     	; 0x68f8 <vfprintf+0x56>
    68ee:	b7 01       	movw	r22, r14
    68f0:	90 e0       	ldi	r25, 0x00	; 0
    68f2:	0e 94 41 36 	call	0x6c82	; 0x6c82 <fputc>
    68f6:	e7 cf       	rjmp	.-50     	; 0x68c6 <vfprintf+0x24>
    68f8:	91 2c       	mov	r9, r1
    68fa:	21 2c       	mov	r2, r1
    68fc:	31 2c       	mov	r3, r1
    68fe:	ff e1       	ldi	r31, 0x1F	; 31
    6900:	f3 15       	cp	r31, r3
    6902:	38 f0       	brcs	.+14     	; 0x6912 <vfprintf+0x70>
    6904:	8b 32       	cpi	r24, 0x2B	; 43
    6906:	11 f1       	breq	.+68     	; 0x694c <vfprintf+0xaa>
    6908:	90 f4       	brcc	.+36     	; 0x692e <vfprintf+0x8c>
    690a:	80 32       	cpi	r24, 0x20	; 32
    690c:	09 f1       	breq	.+66     	; 0x6950 <vfprintf+0xae>
    690e:	83 32       	cpi	r24, 0x23	; 35
    6910:	29 f1       	breq	.+74     	; 0x695c <vfprintf+0xba>
    6912:	37 fc       	sbrc	r3, 7
    6914:	3c c0       	rjmp	.+120    	; 0x698e <vfprintf+0xec>
    6916:	20 ed       	ldi	r18, 0xD0	; 208
    6918:	28 0f       	add	r18, r24
    691a:	2a 30       	cpi	r18, 0x0A	; 10
    691c:	50 f5       	brcc	.+84     	; 0x6972 <vfprintf+0xd0>
    691e:	36 fe       	sbrs	r3, 6
    6920:	20 c0       	rjmp	.+64     	; 0x6962 <vfprintf+0xc0>
    6922:	8a e0       	ldi	r24, 0x0A	; 10
    6924:	98 9e       	mul	r9, r24
    6926:	20 0d       	add	r18, r0
    6928:	11 24       	eor	r1, r1
    692a:	92 2e       	mov	r9, r18
    692c:	06 c0       	rjmp	.+12     	; 0x693a <vfprintf+0x98>
    692e:	8d 32       	cpi	r24, 0x2D	; 45
    6930:	91 f0       	breq	.+36     	; 0x6956 <vfprintf+0xb4>
    6932:	80 33       	cpi	r24, 0x30	; 48
    6934:	71 f7       	brne	.-36     	; 0x6912 <vfprintf+0x70>
    6936:	68 94       	set
    6938:	30 f8       	bld	r3, 0
    693a:	f3 01       	movw	r30, r6
    693c:	93 fd       	sbrc	r25, 3
    693e:	85 91       	lpm	r24, Z+
    6940:	93 ff       	sbrs	r25, 3
    6942:	81 91       	ld	r24, Z+
    6944:	3f 01       	movw	r6, r30
    6946:	81 11       	cpse	r24, r1
    6948:	da cf       	rjmp	.-76     	; 0x68fe <vfprintf+0x5c>
    694a:	21 c0       	rjmp	.+66     	; 0x698e <vfprintf+0xec>
    694c:	68 94       	set
    694e:	31 f8       	bld	r3, 1
    6950:	68 94       	set
    6952:	32 f8       	bld	r3, 2
    6954:	f2 cf       	rjmp	.-28     	; 0x693a <vfprintf+0x98>
    6956:	68 94       	set
    6958:	33 f8       	bld	r3, 3
    695a:	ef cf       	rjmp	.-34     	; 0x693a <vfprintf+0x98>
    695c:	68 94       	set
    695e:	34 f8       	bld	r3, 4
    6960:	ec cf       	rjmp	.-40     	; 0x693a <vfprintf+0x98>
    6962:	ea e0       	ldi	r30, 0x0A	; 10
    6964:	2e 9e       	mul	r2, r30
    6966:	20 0d       	add	r18, r0
    6968:	11 24       	eor	r1, r1
    696a:	22 2e       	mov	r2, r18
    696c:	68 94       	set
    696e:	35 f8       	bld	r3, 5
    6970:	e4 cf       	rjmp	.-56     	; 0x693a <vfprintf+0x98>
    6972:	8e 32       	cpi	r24, 0x2E	; 46
    6974:	29 f4       	brne	.+10     	; 0x6980 <vfprintf+0xde>
    6976:	36 fc       	sbrc	r3, 6
    6978:	04 c1       	rjmp	.+520    	; 0x6b82 <vfprintf+0x2e0>
    697a:	68 94       	set
    697c:	36 f8       	bld	r3, 6
    697e:	dd cf       	rjmp	.-70     	; 0x693a <vfprintf+0x98>
    6980:	8c 36       	cpi	r24, 0x6C	; 108
    6982:	19 f4       	brne	.+6      	; 0x698a <vfprintf+0xe8>
    6984:	68 94       	set
    6986:	37 f8       	bld	r3, 7
    6988:	d8 cf       	rjmp	.-80     	; 0x693a <vfprintf+0x98>
    698a:	88 36       	cpi	r24, 0x68	; 104
    698c:	b1 f2       	breq	.-84     	; 0x693a <vfprintf+0x98>
    698e:	98 2f       	mov	r25, r24
    6990:	9f 7d       	andi	r25, 0xDF	; 223
    6992:	95 54       	subi	r25, 0x45	; 69
    6994:	93 30       	cpi	r25, 0x03	; 3
    6996:	e0 f0       	brcs	.+56     	; 0x69d0 <vfprintf+0x12e>
    6998:	83 36       	cpi	r24, 0x63	; 99
    699a:	a1 f1       	breq	.+104    	; 0x6a04 <vfprintf+0x162>
    699c:	83 37       	cpi	r24, 0x73	; 115
    699e:	c1 f1       	breq	.+112    	; 0x6a10 <vfprintf+0x16e>
    69a0:	83 35       	cpi	r24, 0x53	; 83
    69a2:	09 f0       	breq	.+2      	; 0x69a6 <vfprintf+0x104>
    69a4:	63 c0       	rjmp	.+198    	; 0x6a6c <vfprintf+0x1ca>
    69a6:	28 01       	movw	r4, r16
    69a8:	f2 e0       	ldi	r31, 0x02	; 2
    69aa:	4f 0e       	add	r4, r31
    69ac:	51 1c       	adc	r5, r1
    69ae:	f8 01       	movw	r30, r16
    69b0:	c0 80       	ld	r12, Z
    69b2:	d1 80       	ldd	r13, Z+1	; 0x01
    69b4:	69 2d       	mov	r22, r9
    69b6:	70 e0       	ldi	r23, 0x00	; 0
    69b8:	36 fc       	sbrc	r3, 6
    69ba:	02 c0       	rjmp	.+4      	; 0x69c0 <vfprintf+0x11e>
    69bc:	6f ef       	ldi	r22, 0xFF	; 255
    69be:	7f ef       	ldi	r23, 0xFF	; 255
    69c0:	c6 01       	movw	r24, r12
    69c2:	0e 94 2b 36 	call	0x6c56	; 0x6c56 <strnlen_P>
    69c6:	4c 01       	movw	r8, r24
    69c8:	68 94       	set
    69ca:	37 f8       	bld	r3, 7
    69cc:	82 01       	movw	r16, r4
    69ce:	0a c0       	rjmp	.+20     	; 0x69e4 <vfprintf+0x142>
    69d0:	0c 5f       	subi	r16, 0xFC	; 252
    69d2:	1f 4f       	sbci	r17, 0xFF	; 255
    69d4:	ff e3       	ldi	r31, 0x3F	; 63
    69d6:	f9 83       	std	Y+1, r31	; 0x01
    69d8:	88 24       	eor	r8, r8
    69da:	83 94       	inc	r8
    69dc:	91 2c       	mov	r9, r1
    69de:	65 01       	movw	r12, r10
    69e0:	e8 94       	clt
    69e2:	37 f8       	bld	r3, 7
    69e4:	33 fe       	sbrs	r3, 3
    69e6:	2d c0       	rjmp	.+90     	; 0x6a42 <vfprintf+0x1a0>
    69e8:	52 2c       	mov	r5, r2
    69ea:	81 14       	cp	r8, r1
    69ec:	91 04       	cpc	r9, r1
    69ee:	71 f5       	brne	.+92     	; 0x6a4c <vfprintf+0x1aa>
    69f0:	55 20       	and	r5, r5
    69f2:	09 f4       	brne	.+2      	; 0x69f6 <vfprintf+0x154>
    69f4:	68 cf       	rjmp	.-304    	; 0x68c6 <vfprintf+0x24>
    69f6:	b7 01       	movw	r22, r14
    69f8:	80 e2       	ldi	r24, 0x20	; 32
    69fa:	90 e0       	ldi	r25, 0x00	; 0
    69fc:	0e 94 41 36 	call	0x6c82	; 0x6c82 <fputc>
    6a00:	5a 94       	dec	r5
    6a02:	f6 cf       	rjmp	.-20     	; 0x69f0 <vfprintf+0x14e>
    6a04:	f8 01       	movw	r30, r16
    6a06:	80 81       	ld	r24, Z
    6a08:	89 83       	std	Y+1, r24	; 0x01
    6a0a:	0e 5f       	subi	r16, 0xFE	; 254
    6a0c:	1f 4f       	sbci	r17, 0xFF	; 255
    6a0e:	e4 cf       	rjmp	.-56     	; 0x69d8 <vfprintf+0x136>
    6a10:	28 01       	movw	r4, r16
    6a12:	f2 e0       	ldi	r31, 0x02	; 2
    6a14:	4f 0e       	add	r4, r31
    6a16:	51 1c       	adc	r5, r1
    6a18:	f8 01       	movw	r30, r16
    6a1a:	c0 80       	ld	r12, Z
    6a1c:	d1 80       	ldd	r13, Z+1	; 0x01
    6a1e:	69 2d       	mov	r22, r9
    6a20:	70 e0       	ldi	r23, 0x00	; 0
    6a22:	36 fc       	sbrc	r3, 6
    6a24:	02 c0       	rjmp	.+4      	; 0x6a2a <vfprintf+0x188>
    6a26:	6f ef       	ldi	r22, 0xFF	; 255
    6a28:	7f ef       	ldi	r23, 0xFF	; 255
    6a2a:	c6 01       	movw	r24, r12
    6a2c:	0e 94 36 36 	call	0x6c6c	; 0x6c6c <strnlen>
    6a30:	4c 01       	movw	r8, r24
    6a32:	82 01       	movw	r16, r4
    6a34:	d5 cf       	rjmp	.-86     	; 0x69e0 <vfprintf+0x13e>
    6a36:	b7 01       	movw	r22, r14
    6a38:	80 e2       	ldi	r24, 0x20	; 32
    6a3a:	90 e0       	ldi	r25, 0x00	; 0
    6a3c:	0e 94 41 36 	call	0x6c82	; 0x6c82 <fputc>
    6a40:	2a 94       	dec	r2
    6a42:	28 14       	cp	r2, r8
    6a44:	19 04       	cpc	r1, r9
    6a46:	09 f0       	breq	.+2      	; 0x6a4a <vfprintf+0x1a8>
    6a48:	b0 f7       	brcc	.-20     	; 0x6a36 <vfprintf+0x194>
    6a4a:	ce cf       	rjmp	.-100    	; 0x69e8 <vfprintf+0x146>
    6a4c:	f6 01       	movw	r30, r12
    6a4e:	37 fc       	sbrc	r3, 7
    6a50:	85 91       	lpm	r24, Z+
    6a52:	37 fe       	sbrs	r3, 7
    6a54:	81 91       	ld	r24, Z+
    6a56:	6f 01       	movw	r12, r30
    6a58:	b7 01       	movw	r22, r14
    6a5a:	90 e0       	ldi	r25, 0x00	; 0
    6a5c:	0e 94 41 36 	call	0x6c82	; 0x6c82 <fputc>
    6a60:	51 10       	cpse	r5, r1
    6a62:	5a 94       	dec	r5
    6a64:	f1 e0       	ldi	r31, 0x01	; 1
    6a66:	8f 1a       	sub	r8, r31
    6a68:	91 08       	sbc	r9, r1
    6a6a:	bf cf       	rjmp	.-130    	; 0x69ea <vfprintf+0x148>
    6a6c:	84 36       	cpi	r24, 0x64	; 100
    6a6e:	19 f0       	breq	.+6      	; 0x6a76 <vfprintf+0x1d4>
    6a70:	89 36       	cpi	r24, 0x69	; 105
    6a72:	09 f0       	breq	.+2      	; 0x6a76 <vfprintf+0x1d4>
    6a74:	77 c0       	rjmp	.+238    	; 0x6b64 <vfprintf+0x2c2>
    6a76:	f8 01       	movw	r30, r16
    6a78:	37 fe       	sbrs	r3, 7
    6a7a:	6b c0       	rjmp	.+214    	; 0x6b52 <vfprintf+0x2b0>
    6a7c:	60 81       	ld	r22, Z
    6a7e:	71 81       	ldd	r23, Z+1	; 0x01
    6a80:	82 81       	ldd	r24, Z+2	; 0x02
    6a82:	93 81       	ldd	r25, Z+3	; 0x03
    6a84:	0c 5f       	subi	r16, 0xFC	; 252
    6a86:	1f 4f       	sbci	r17, 0xFF	; 255
    6a88:	f3 2d       	mov	r31, r3
    6a8a:	ff 76       	andi	r31, 0x6F	; 111
    6a8c:	3f 2e       	mov	r3, r31
    6a8e:	97 ff       	sbrs	r25, 7
    6a90:	09 c0       	rjmp	.+18     	; 0x6aa4 <vfprintf+0x202>
    6a92:	90 95       	com	r25
    6a94:	80 95       	com	r24
    6a96:	70 95       	com	r23
    6a98:	61 95       	neg	r22
    6a9a:	7f 4f       	sbci	r23, 0xFF	; 255
    6a9c:	8f 4f       	sbci	r24, 0xFF	; 255
    6a9e:	9f 4f       	sbci	r25, 0xFF	; 255
    6aa0:	68 94       	set
    6aa2:	37 f8       	bld	r3, 7
    6aa4:	2a e0       	ldi	r18, 0x0A	; 10
    6aa6:	30 e0       	ldi	r19, 0x00	; 0
    6aa8:	a5 01       	movw	r20, r10
    6aaa:	0e 94 71 36 	call	0x6ce2	; 0x6ce2 <__ultoa_invert>
    6aae:	c8 2e       	mov	r12, r24
    6ab0:	ca 18       	sub	r12, r10
    6ab2:	8c 2c       	mov	r8, r12
    6ab4:	43 2c       	mov	r4, r3
    6ab6:	36 fe       	sbrs	r3, 6
    6ab8:	0c c0       	rjmp	.+24     	; 0x6ad2 <vfprintf+0x230>
    6aba:	e8 94       	clt
    6abc:	40 f8       	bld	r4, 0
    6abe:	c9 14       	cp	r12, r9
    6ac0:	40 f4       	brcc	.+16     	; 0x6ad2 <vfprintf+0x230>
    6ac2:	34 fe       	sbrs	r3, 4
    6ac4:	05 c0       	rjmp	.+10     	; 0x6ad0 <vfprintf+0x22e>
    6ac6:	32 fc       	sbrc	r3, 2
    6ac8:	03 c0       	rjmp	.+6      	; 0x6ad0 <vfprintf+0x22e>
    6aca:	f3 2d       	mov	r31, r3
    6acc:	fe 7e       	andi	r31, 0xEE	; 238
    6ace:	4f 2e       	mov	r4, r31
    6ad0:	89 2c       	mov	r8, r9
    6ad2:	44 fe       	sbrs	r4, 4
    6ad4:	95 c0       	rjmp	.+298    	; 0x6c00 <vfprintf+0x35e>
    6ad6:	fe 01       	movw	r30, r28
    6ad8:	ec 0d       	add	r30, r12
    6ada:	f1 1d       	adc	r31, r1
    6adc:	80 81       	ld	r24, Z
    6ade:	80 33       	cpi	r24, 0x30	; 48
    6ae0:	09 f0       	breq	.+2      	; 0x6ae4 <vfprintf+0x242>
    6ae2:	87 c0       	rjmp	.+270    	; 0x6bf2 <vfprintf+0x350>
    6ae4:	24 2d       	mov	r18, r4
    6ae6:	29 7e       	andi	r18, 0xE9	; 233
    6ae8:	42 2e       	mov	r4, r18
    6aea:	84 2d       	mov	r24, r4
    6aec:	88 70       	andi	r24, 0x08	; 8
    6aee:	58 2e       	mov	r5, r24
    6af0:	43 fc       	sbrc	r4, 3
    6af2:	95 c0       	rjmp	.+298    	; 0x6c1e <vfprintf+0x37c>
    6af4:	40 fe       	sbrs	r4, 0
    6af6:	8f c0       	rjmp	.+286    	; 0x6c16 <vfprintf+0x374>
    6af8:	9c 2c       	mov	r9, r12
    6afa:	82 14       	cp	r8, r2
    6afc:	18 f4       	brcc	.+6      	; 0x6b04 <vfprintf+0x262>
    6afe:	2c 0c       	add	r2, r12
    6b00:	92 2c       	mov	r9, r2
    6b02:	98 18       	sub	r9, r8
    6b04:	44 fe       	sbrs	r4, 4
    6b06:	91 c0       	rjmp	.+290    	; 0x6c2a <vfprintf+0x388>
    6b08:	b7 01       	movw	r22, r14
    6b0a:	80 e3       	ldi	r24, 0x30	; 48
    6b0c:	90 e0       	ldi	r25, 0x00	; 0
    6b0e:	0e 94 41 36 	call	0x6c82	; 0x6c82 <fputc>
    6b12:	42 fe       	sbrs	r4, 2
    6b14:	09 c0       	rjmp	.+18     	; 0x6b28 <vfprintf+0x286>
    6b16:	88 e7       	ldi	r24, 0x78	; 120
    6b18:	90 e0       	ldi	r25, 0x00	; 0
    6b1a:	41 fe       	sbrs	r4, 1
    6b1c:	02 c0       	rjmp	.+4      	; 0x6b22 <vfprintf+0x280>
    6b1e:	88 e5       	ldi	r24, 0x58	; 88
    6b20:	90 e0       	ldi	r25, 0x00	; 0
    6b22:	b7 01       	movw	r22, r14
    6b24:	0e 94 41 36 	call	0x6c82	; 0x6c82 <fputc>
    6b28:	c9 14       	cp	r12, r9
    6b2a:	08 f4       	brcc	.+2      	; 0x6b2e <vfprintf+0x28c>
    6b2c:	8a c0       	rjmp	.+276    	; 0x6c42 <vfprintf+0x3a0>
    6b2e:	ca 94       	dec	r12
    6b30:	d1 2c       	mov	r13, r1
    6b32:	9f ef       	ldi	r25, 0xFF	; 255
    6b34:	c9 1a       	sub	r12, r25
    6b36:	d9 0a       	sbc	r13, r25
    6b38:	ca 0c       	add	r12, r10
    6b3a:	db 1c       	adc	r13, r11
    6b3c:	f6 01       	movw	r30, r12
    6b3e:	82 91       	ld	r24, -Z
    6b40:	6f 01       	movw	r12, r30
    6b42:	b7 01       	movw	r22, r14
    6b44:	90 e0       	ldi	r25, 0x00	; 0
    6b46:	0e 94 41 36 	call	0x6c82	; 0x6c82 <fputc>
    6b4a:	ac 14       	cp	r10, r12
    6b4c:	bd 04       	cpc	r11, r13
    6b4e:	b1 f7       	brne	.-20     	; 0x6b3c <vfprintf+0x29a>
    6b50:	4f cf       	rjmp	.-354    	; 0x69f0 <vfprintf+0x14e>
    6b52:	60 81       	ld	r22, Z
    6b54:	71 81       	ldd	r23, Z+1	; 0x01
    6b56:	07 2e       	mov	r0, r23
    6b58:	00 0c       	add	r0, r0
    6b5a:	88 0b       	sbc	r24, r24
    6b5c:	99 0b       	sbc	r25, r25
    6b5e:	0e 5f       	subi	r16, 0xFE	; 254
    6b60:	1f 4f       	sbci	r17, 0xFF	; 255
    6b62:	92 cf       	rjmp	.-220    	; 0x6a88 <vfprintf+0x1e6>
    6b64:	d3 2c       	mov	r13, r3
    6b66:	e8 94       	clt
    6b68:	d4 f8       	bld	r13, 4
    6b6a:	2a e0       	ldi	r18, 0x0A	; 10
    6b6c:	30 e0       	ldi	r19, 0x00	; 0
    6b6e:	85 37       	cpi	r24, 0x75	; 117
    6b70:	39 f1       	breq	.+78     	; 0x6bc0 <vfprintf+0x31e>
    6b72:	23 2d       	mov	r18, r3
    6b74:	29 7f       	andi	r18, 0xF9	; 249
    6b76:	d2 2e       	mov	r13, r18
    6b78:	8f 36       	cpi	r24, 0x6F	; 111
    6b7a:	01 f1       	breq	.+64     	; 0x6bbc <vfprintf+0x31a>
    6b7c:	48 f4       	brcc	.+18     	; 0x6b90 <vfprintf+0x2ee>
    6b7e:	88 35       	cpi	r24, 0x58	; 88
    6b80:	a9 f0       	breq	.+42     	; 0x6bac <vfprintf+0x30a>
    6b82:	f7 01       	movw	r30, r14
    6b84:	86 81       	ldd	r24, Z+6	; 0x06
    6b86:	97 81       	ldd	r25, Z+7	; 0x07
    6b88:	2b 96       	adiw	r28, 0x0b	; 11
    6b8a:	e2 e1       	ldi	r30, 0x12	; 18
    6b8c:	0c 94 1b 37 	jmp	0x6e36	; 0x6e36 <__epilogue_restores__>
    6b90:	80 37       	cpi	r24, 0x70	; 112
    6b92:	49 f0       	breq	.+18     	; 0x6ba6 <vfprintf+0x304>
    6b94:	88 37       	cpi	r24, 0x78	; 120
    6b96:	a9 f7       	brne	.-22     	; 0x6b82 <vfprintf+0x2e0>
    6b98:	d4 fe       	sbrs	r13, 4
    6b9a:	02 c0       	rjmp	.+4      	; 0x6ba0 <vfprintf+0x2fe>
    6b9c:	68 94       	set
    6b9e:	d2 f8       	bld	r13, 2
    6ba0:	20 e1       	ldi	r18, 0x10	; 16
    6ba2:	30 e0       	ldi	r19, 0x00	; 0
    6ba4:	0d c0       	rjmp	.+26     	; 0x6bc0 <vfprintf+0x31e>
    6ba6:	68 94       	set
    6ba8:	d4 f8       	bld	r13, 4
    6baa:	f6 cf       	rjmp	.-20     	; 0x6b98 <vfprintf+0x2f6>
    6bac:	34 fe       	sbrs	r3, 4
    6bae:	03 c0       	rjmp	.+6      	; 0x6bb6 <vfprintf+0x314>
    6bb0:	82 2f       	mov	r24, r18
    6bb2:	86 60       	ori	r24, 0x06	; 6
    6bb4:	d8 2e       	mov	r13, r24
    6bb6:	20 e1       	ldi	r18, 0x10	; 16
    6bb8:	32 e0       	ldi	r19, 0x02	; 2
    6bba:	02 c0       	rjmp	.+4      	; 0x6bc0 <vfprintf+0x31e>
    6bbc:	28 e0       	ldi	r18, 0x08	; 8
    6bbe:	30 e0       	ldi	r19, 0x00	; 0
    6bc0:	f8 01       	movw	r30, r16
    6bc2:	d7 fe       	sbrs	r13, 7
    6bc4:	0f c0       	rjmp	.+30     	; 0x6be4 <vfprintf+0x342>
    6bc6:	60 81       	ld	r22, Z
    6bc8:	71 81       	ldd	r23, Z+1	; 0x01
    6bca:	82 81       	ldd	r24, Z+2	; 0x02
    6bcc:	93 81       	ldd	r25, Z+3	; 0x03
    6bce:	0c 5f       	subi	r16, 0xFC	; 252
    6bd0:	1f 4f       	sbci	r17, 0xFF	; 255
    6bd2:	a5 01       	movw	r20, r10
    6bd4:	0e 94 71 36 	call	0x6ce2	; 0x6ce2 <__ultoa_invert>
    6bd8:	c8 2e       	mov	r12, r24
    6bda:	ca 18       	sub	r12, r10
    6bdc:	3d 2c       	mov	r3, r13
    6bde:	e8 94       	clt
    6be0:	37 f8       	bld	r3, 7
    6be2:	67 cf       	rjmp	.-306    	; 0x6ab2 <vfprintf+0x210>
    6be4:	60 81       	ld	r22, Z
    6be6:	71 81       	ldd	r23, Z+1	; 0x01
    6be8:	90 e0       	ldi	r25, 0x00	; 0
    6bea:	80 e0       	ldi	r24, 0x00	; 0
    6bec:	0e 5f       	subi	r16, 0xFE	; 254
    6bee:	1f 4f       	sbci	r17, 0xFF	; 255
    6bf0:	f0 cf       	rjmp	.-32     	; 0x6bd2 <vfprintf+0x330>
    6bf2:	42 fc       	sbrc	r4, 2
    6bf4:	02 c0       	rjmp	.+4      	; 0x6bfa <vfprintf+0x358>
    6bf6:	83 94       	inc	r8
    6bf8:	78 cf       	rjmp	.-272    	; 0x6aea <vfprintf+0x248>
    6bfa:	83 94       	inc	r8
    6bfc:	83 94       	inc	r8
    6bfe:	75 cf       	rjmp	.-278    	; 0x6aea <vfprintf+0x248>
    6c00:	84 2d       	mov	r24, r4
    6c02:	86 78       	andi	r24, 0x86	; 134
    6c04:	09 f4       	brne	.+2      	; 0x6c08 <vfprintf+0x366>
    6c06:	71 cf       	rjmp	.-286    	; 0x6aea <vfprintf+0x248>
    6c08:	f6 cf       	rjmp	.-20     	; 0x6bf6 <vfprintf+0x354>
    6c0a:	b7 01       	movw	r22, r14
    6c0c:	80 e2       	ldi	r24, 0x20	; 32
    6c0e:	90 e0       	ldi	r25, 0x00	; 0
    6c10:	0e 94 41 36 	call	0x6c82	; 0x6c82 <fputc>
    6c14:	83 94       	inc	r8
    6c16:	82 14       	cp	r8, r2
    6c18:	c0 f3       	brcs	.-16     	; 0x6c0a <vfprintf+0x368>
    6c1a:	51 2c       	mov	r5, r1
    6c1c:	73 cf       	rjmp	.-282    	; 0x6b04 <vfprintf+0x262>
    6c1e:	52 2c       	mov	r5, r2
    6c20:	58 18       	sub	r5, r8
    6c22:	82 14       	cp	r8, r2
    6c24:	08 f4       	brcc	.+2      	; 0x6c28 <vfprintf+0x386>
    6c26:	6e cf       	rjmp	.-292    	; 0x6b04 <vfprintf+0x262>
    6c28:	f8 cf       	rjmp	.-16     	; 0x6c1a <vfprintf+0x378>
    6c2a:	84 2d       	mov	r24, r4
    6c2c:	86 78       	andi	r24, 0x86	; 134
    6c2e:	09 f4       	brne	.+2      	; 0x6c32 <vfprintf+0x390>
    6c30:	7b cf       	rjmp	.-266    	; 0x6b28 <vfprintf+0x286>
    6c32:	8b e2       	ldi	r24, 0x2B	; 43
    6c34:	41 fe       	sbrs	r4, 1
    6c36:	80 e2       	ldi	r24, 0x20	; 32
    6c38:	47 fc       	sbrc	r4, 7
    6c3a:	8d e2       	ldi	r24, 0x2D	; 45
    6c3c:	b7 01       	movw	r22, r14
    6c3e:	90 e0       	ldi	r25, 0x00	; 0
    6c40:	71 cf       	rjmp	.-286    	; 0x6b24 <vfprintf+0x282>
    6c42:	b7 01       	movw	r22, r14
    6c44:	80 e3       	ldi	r24, 0x30	; 48
    6c46:	90 e0       	ldi	r25, 0x00	; 0
    6c48:	0e 94 41 36 	call	0x6c82	; 0x6c82 <fputc>
    6c4c:	9a 94       	dec	r9
    6c4e:	6c cf       	rjmp	.-296    	; 0x6b28 <vfprintf+0x286>
    6c50:	8f ef       	ldi	r24, 0xFF	; 255
    6c52:	9f ef       	ldi	r25, 0xFF	; 255
    6c54:	99 cf       	rjmp	.-206    	; 0x6b88 <vfprintf+0x2e6>

00006c56 <strnlen_P>:
strnlen_P():
    6c56:	fc 01       	movw	r30, r24
    6c58:	05 90       	lpm	r0, Z+
    6c5a:	61 50       	subi	r22, 0x01	; 1
    6c5c:	70 40       	sbci	r23, 0x00	; 0
    6c5e:	01 10       	cpse	r0, r1
    6c60:	d8 f7       	brcc	.-10     	; 0x6c58 <strnlen_P+0x2>
    6c62:	80 95       	com	r24
    6c64:	90 95       	com	r25
    6c66:	8e 0f       	add	r24, r30
    6c68:	9f 1f       	adc	r25, r31
    6c6a:	08 95       	ret

00006c6c <strnlen>:
strnlen():
    6c6c:	fc 01       	movw	r30, r24
    6c6e:	61 50       	subi	r22, 0x01	; 1
    6c70:	70 40       	sbci	r23, 0x00	; 0
    6c72:	01 90       	ld	r0, Z+
    6c74:	01 10       	cpse	r0, r1
    6c76:	d8 f7       	brcc	.-10     	; 0x6c6e <strnlen+0x2>
    6c78:	80 95       	com	r24
    6c7a:	90 95       	com	r25
    6c7c:	8e 0f       	add	r24, r30
    6c7e:	9f 1f       	adc	r25, r31
    6c80:	08 95       	ret

00006c82 <fputc>:
fputc():
    6c82:	0f 93       	push	r16
    6c84:	1f 93       	push	r17
    6c86:	cf 93       	push	r28
    6c88:	df 93       	push	r29
    6c8a:	18 2f       	mov	r17, r24
    6c8c:	09 2f       	mov	r16, r25
    6c8e:	eb 01       	movw	r28, r22
    6c90:	8b 81       	ldd	r24, Y+3	; 0x03
    6c92:	81 fd       	sbrc	r24, 1
    6c94:	09 c0       	rjmp	.+18     	; 0x6ca8 <fputc+0x26>
    6c96:	1f ef       	ldi	r17, 0xFF	; 255
    6c98:	0f ef       	ldi	r16, 0xFF	; 255
    6c9a:	81 2f       	mov	r24, r17
    6c9c:	90 2f       	mov	r25, r16
    6c9e:	df 91       	pop	r29
    6ca0:	cf 91       	pop	r28
    6ca2:	1f 91       	pop	r17
    6ca4:	0f 91       	pop	r16
    6ca6:	08 95       	ret
    6ca8:	82 ff       	sbrs	r24, 2
    6caa:	14 c0       	rjmp	.+40     	; 0x6cd4 <fputc+0x52>
    6cac:	2e 81       	ldd	r18, Y+6	; 0x06
    6cae:	3f 81       	ldd	r19, Y+7	; 0x07
    6cb0:	8c 81       	ldd	r24, Y+4	; 0x04
    6cb2:	9d 81       	ldd	r25, Y+5	; 0x05
    6cb4:	28 17       	cp	r18, r24
    6cb6:	39 07       	cpc	r19, r25
    6cb8:	3c f4       	brge	.+14     	; 0x6cc8 <fputc+0x46>
    6cba:	e8 81       	ld	r30, Y
    6cbc:	f9 81       	ldd	r31, Y+1	; 0x01
    6cbe:	cf 01       	movw	r24, r30
    6cc0:	01 96       	adiw	r24, 0x01	; 1
    6cc2:	99 83       	std	Y+1, r25	; 0x01
    6cc4:	88 83       	st	Y, r24
    6cc6:	10 83       	st	Z, r17
    6cc8:	8e 81       	ldd	r24, Y+6	; 0x06
    6cca:	9f 81       	ldd	r25, Y+7	; 0x07
    6ccc:	01 96       	adiw	r24, 0x01	; 1
    6cce:	9f 83       	std	Y+7, r25	; 0x07
    6cd0:	8e 83       	std	Y+6, r24	; 0x06
    6cd2:	e3 cf       	rjmp	.-58     	; 0x6c9a <fputc+0x18>
    6cd4:	e8 85       	ldd	r30, Y+8	; 0x08
    6cd6:	f9 85       	ldd	r31, Y+9	; 0x09
    6cd8:	81 2f       	mov	r24, r17
    6cda:	09 95       	icall
    6cdc:	89 2b       	or	r24, r25
    6cde:	a1 f3       	breq	.-24     	; 0x6cc8 <fputc+0x46>
    6ce0:	da cf       	rjmp	.-76     	; 0x6c96 <fputc+0x14>

00006ce2 <__ultoa_invert>:
__ultoa_invert():
    6ce2:	fa 01       	movw	r30, r20
    6ce4:	aa 27       	eor	r26, r26
    6ce6:	28 30       	cpi	r18, 0x08	; 8
    6ce8:	51 f1       	breq	.+84     	; 0x6d3e <__ultoa_invert+0x5c>
    6cea:	20 31       	cpi	r18, 0x10	; 16
    6cec:	81 f1       	breq	.+96     	; 0x6d4e <__ultoa_invert+0x6c>
    6cee:	e8 94       	clt
    6cf0:	6f 93       	push	r22
    6cf2:	6e 7f       	andi	r22, 0xFE	; 254
    6cf4:	6e 5f       	subi	r22, 0xFE	; 254
    6cf6:	7f 4f       	sbci	r23, 0xFF	; 255
    6cf8:	8f 4f       	sbci	r24, 0xFF	; 255
    6cfa:	9f 4f       	sbci	r25, 0xFF	; 255
    6cfc:	af 4f       	sbci	r26, 0xFF	; 255
    6cfe:	b1 e0       	ldi	r27, 0x01	; 1
    6d00:	3e d0       	rcall	.+124    	; 0x6d7e <__ultoa_invert+0x9c>
    6d02:	b4 e0       	ldi	r27, 0x04	; 4
    6d04:	3c d0       	rcall	.+120    	; 0x6d7e <__ultoa_invert+0x9c>
    6d06:	67 0f       	add	r22, r23
    6d08:	78 1f       	adc	r23, r24
    6d0a:	89 1f       	adc	r24, r25
    6d0c:	9a 1f       	adc	r25, r26
    6d0e:	a1 1d       	adc	r26, r1
    6d10:	68 0f       	add	r22, r24
    6d12:	79 1f       	adc	r23, r25
    6d14:	8a 1f       	adc	r24, r26
    6d16:	91 1d       	adc	r25, r1
    6d18:	a1 1d       	adc	r26, r1
    6d1a:	6a 0f       	add	r22, r26
    6d1c:	71 1d       	adc	r23, r1
    6d1e:	81 1d       	adc	r24, r1
    6d20:	91 1d       	adc	r25, r1
    6d22:	a1 1d       	adc	r26, r1
    6d24:	20 d0       	rcall	.+64     	; 0x6d66 <__ultoa_invert+0x84>
    6d26:	09 f4       	brne	.+2      	; 0x6d2a <__ultoa_invert+0x48>
    6d28:	68 94       	set
    6d2a:	3f 91       	pop	r19
    6d2c:	2a e0       	ldi	r18, 0x0A	; 10
    6d2e:	26 9f       	mul	r18, r22
    6d30:	11 24       	eor	r1, r1
    6d32:	30 19       	sub	r19, r0
    6d34:	30 5d       	subi	r19, 0xD0	; 208
    6d36:	31 93       	st	Z+, r19
    6d38:	de f6       	brtc	.-74     	; 0x6cf0 <__ultoa_invert+0xe>
    6d3a:	cf 01       	movw	r24, r30
    6d3c:	08 95       	ret
    6d3e:	46 2f       	mov	r20, r22
    6d40:	47 70       	andi	r20, 0x07	; 7
    6d42:	40 5d       	subi	r20, 0xD0	; 208
    6d44:	41 93       	st	Z+, r20
    6d46:	b3 e0       	ldi	r27, 0x03	; 3
    6d48:	0f d0       	rcall	.+30     	; 0x6d68 <__ultoa_invert+0x86>
    6d4a:	c9 f7       	brne	.-14     	; 0x6d3e <__ultoa_invert+0x5c>
    6d4c:	f6 cf       	rjmp	.-20     	; 0x6d3a <__ultoa_invert+0x58>
    6d4e:	46 2f       	mov	r20, r22
    6d50:	4f 70       	andi	r20, 0x0F	; 15
    6d52:	40 5d       	subi	r20, 0xD0	; 208
    6d54:	4a 33       	cpi	r20, 0x3A	; 58
    6d56:	18 f0       	brcs	.+6      	; 0x6d5e <__ultoa_invert+0x7c>
    6d58:	49 5d       	subi	r20, 0xD9	; 217
    6d5a:	31 fd       	sbrc	r19, 1
    6d5c:	40 52       	subi	r20, 0x20	; 32
    6d5e:	41 93       	st	Z+, r20
    6d60:	02 d0       	rcall	.+4      	; 0x6d66 <__ultoa_invert+0x84>
    6d62:	a9 f7       	brne	.-22     	; 0x6d4e <__ultoa_invert+0x6c>
    6d64:	ea cf       	rjmp	.-44     	; 0x6d3a <__ultoa_invert+0x58>
    6d66:	b4 e0       	ldi	r27, 0x04	; 4
    6d68:	a6 95       	lsr	r26
    6d6a:	97 95       	ror	r25
    6d6c:	87 95       	ror	r24
    6d6e:	77 95       	ror	r23
    6d70:	67 95       	ror	r22
    6d72:	ba 95       	dec	r27
    6d74:	c9 f7       	brne	.-14     	; 0x6d68 <__ultoa_invert+0x86>
    6d76:	00 97       	sbiw	r24, 0x00	; 0
    6d78:	61 05       	cpc	r22, r1
    6d7a:	71 05       	cpc	r23, r1
    6d7c:	08 95       	ret
    6d7e:	9b 01       	movw	r18, r22
    6d80:	ac 01       	movw	r20, r24
    6d82:	0a 2e       	mov	r0, r26
    6d84:	06 94       	lsr	r0
    6d86:	57 95       	ror	r21
    6d88:	47 95       	ror	r20
    6d8a:	37 95       	ror	r19
    6d8c:	27 95       	ror	r18
    6d8e:	ba 95       	dec	r27
    6d90:	c9 f7       	brne	.-14     	; 0x6d84 <__ultoa_invert+0xa2>
    6d92:	62 0f       	add	r22, r18
    6d94:	73 1f       	adc	r23, r19
    6d96:	84 1f       	adc	r24, r20
    6d98:	95 1f       	adc	r25, r21
    6d9a:	a0 1d       	adc	r26, r0
    6d9c:	08 95       	ret

00006d9e <eeprom_read_block>:
eeprom_read_block():
    6d9e:	dc 01       	movw	r26, r24
    6da0:	cb 01       	movw	r24, r22

00006da2 <eeprom_read_blraw>:
    6da2:	fc 01       	movw	r30, r24
    6da4:	f9 99       	sbic	0x1f, 1	; 31
    6da6:	fe cf       	rjmp	.-4      	; 0x6da4 <eeprom_read_blraw+0x2>
    6da8:	06 c0       	rjmp	.+12     	; 0x6db6 <eeprom_read_blraw+0x14>
    6daa:	f2 bd       	out	0x22, r31	; 34
    6dac:	e1 bd       	out	0x21, r30	; 33
    6dae:	f8 9a       	sbi	0x1f, 0	; 31
    6db0:	31 96       	adiw	r30, 0x01	; 1
    6db2:	00 b4       	in	r0, 0x20	; 32
    6db4:	0d 92       	st	X+, r0
    6db6:	41 50       	subi	r20, 0x01	; 1
    6db8:	50 40       	sbci	r21, 0x00	; 0
    6dba:	b8 f7       	brcc	.-18     	; 0x6daa <eeprom_read_blraw+0x8>
    6dbc:	08 95       	ret

00006dbe <eeprom_read_byte>:
eeprom_read_byte():
    6dbe:	f9 99       	sbic	0x1f, 1	; 31
    6dc0:	fe cf       	rjmp	.-4      	; 0x6dbe <eeprom_read_byte>
    6dc2:	92 bd       	out	0x22, r25	; 34
    6dc4:	81 bd       	out	0x21, r24	; 33
    6dc6:	f8 9a       	sbi	0x1f, 0	; 31
    6dc8:	99 27       	eor	r25, r25
    6dca:	80 b5       	in	r24, 0x20	; 32
    6dcc:	08 95       	ret

00006dce <eeprom_write_block>:
eeprom_write_block():
    6dce:	dc 01       	movw	r26, r24
    6dd0:	cb 01       	movw	r24, r22
    6dd2:	03 c0       	rjmp	.+6      	; 0x6dda <eeprom_write_block+0xc>
    6dd4:	2d 91       	ld	r18, X+
    6dd6:	0e 94 f2 36 	call	0x6de4	; 0x6de4 <eeprom_write_r18>
    6dda:	41 50       	subi	r20, 0x01	; 1
    6ddc:	50 40       	sbci	r21, 0x00	; 0
    6dde:	d0 f7       	brcc	.-12     	; 0x6dd4 <eeprom_write_block+0x6>
    6de0:	08 95       	ret

00006de2 <eeprom_write_byte>:
eeprom_write_byte():
    6de2:	26 2f       	mov	r18, r22

00006de4 <eeprom_write_r18>:
    6de4:	f9 99       	sbic	0x1f, 1	; 31
    6de6:	fe cf       	rjmp	.-4      	; 0x6de4 <eeprom_write_r18>
    6de8:	1f ba       	out	0x1f, r1	; 31
    6dea:	92 bd       	out	0x22, r25	; 34
    6dec:	81 bd       	out	0x21, r24	; 33
    6dee:	20 bd       	out	0x20, r18	; 32
    6df0:	0f b6       	in	r0, 0x3f	; 63
    6df2:	f8 94       	cli
    6df4:	fa 9a       	sbi	0x1f, 2	; 31
    6df6:	f9 9a       	sbi	0x1f, 1	; 31
    6df8:	0f be       	out	0x3f, r0	; 63
    6dfa:	01 96       	adiw	r24, 0x01	; 1
    6dfc:	08 95       	ret

00006dfe <__prologue_saves__>:
__prologue_saves__():
/home/jenkins/workspace/avr-gcc-staging/label/debian7-x86_64/gcc-build/avr/avr5/libgcc/../../../../gcc/libgcc/config/avr/lib1funcs.S:2169
    6dfe:	2f 92       	push	r2
/home/jenkins/workspace/avr-gcc-staging/label/debian7-x86_64/gcc-build/avr/avr5/libgcc/../../../../gcc/libgcc/config/avr/lib1funcs.S:2170
    6e00:	3f 92       	push	r3
/home/jenkins/workspace/avr-gcc-staging/label/debian7-x86_64/gcc-build/avr/avr5/libgcc/../../../../gcc/libgcc/config/avr/lib1funcs.S:2171
    6e02:	4f 92       	push	r4
/home/jenkins/workspace/avr-gcc-staging/label/debian7-x86_64/gcc-build/avr/avr5/libgcc/../../../../gcc/libgcc/config/avr/lib1funcs.S:2172
    6e04:	5f 92       	push	r5
/home/jenkins/workspace/avr-gcc-staging/label/debian7-x86_64/gcc-build/avr/avr5/libgcc/../../../../gcc/libgcc/config/avr/lib1funcs.S:2173
    6e06:	6f 92       	push	r6
/home/jenkins/workspace/avr-gcc-staging/label/debian7-x86_64/gcc-build/avr/avr5/libgcc/../../../../gcc/libgcc/config/avr/lib1funcs.S:2174
    6e08:	7f 92       	push	r7
/home/jenkins/workspace/avr-gcc-staging/label/debian7-x86_64/gcc-build/avr/avr5/libgcc/../../../../gcc/libgcc/config/avr/lib1funcs.S:2175
    6e0a:	8f 92       	push	r8
/home/jenkins/workspace/avr-gcc-staging/label/debian7-x86_64/gcc-build/avr/avr5/libgcc/../../../../gcc/libgcc/config/avr/lib1funcs.S:2176
    6e0c:	9f 92       	push	r9
/home/jenkins/workspace/avr-gcc-staging/label/debian7-x86_64/gcc-build/avr/avr5/libgcc/../../../../gcc/libgcc/config/avr/lib1funcs.S:2177
    6e0e:	af 92       	push	r10
/home/jenkins/workspace/avr-gcc-staging/label/debian7-x86_64/gcc-build/avr/avr5/libgcc/../../../../gcc/libgcc/config/avr/lib1funcs.S:2178
    6e10:	bf 92       	push	r11
/home/jenkins/workspace/avr-gcc-staging/label/debian7-x86_64/gcc-build/avr/avr5/libgcc/../../../../gcc/libgcc/config/avr/lib1funcs.S:2179
    6e12:	cf 92       	push	r12
/home/jenkins/workspace/avr-gcc-staging/label/debian7-x86_64/gcc-build/avr/avr5/libgcc/../../../../gcc/libgcc/config/avr/lib1funcs.S:2180
    6e14:	df 92       	push	r13
/home/jenkins/workspace/avr-gcc-staging/label/debian7-x86_64/gcc-build/avr/avr5/libgcc/../../../../gcc/libgcc/config/avr/lib1funcs.S:2181
    6e16:	ef 92       	push	r14
/home/jenkins/workspace/avr-gcc-staging/label/debian7-x86_64/gcc-build/avr/avr5/libgcc/../../../../gcc/libgcc/config/avr/lib1funcs.S:2182
    6e18:	ff 92       	push	r15
/home/jenkins/workspace/avr-gcc-staging/label/debian7-x86_64/gcc-build/avr/avr5/libgcc/../../../../gcc/libgcc/config/avr/lib1funcs.S:2183
    6e1a:	0f 93       	push	r16
/home/jenkins/workspace/avr-gcc-staging/label/debian7-x86_64/gcc-build/avr/avr5/libgcc/../../../../gcc/libgcc/config/avr/lib1funcs.S:2184
    6e1c:	1f 93       	push	r17
/home/jenkins/workspace/avr-gcc-staging/label/debian7-x86_64/gcc-build/avr/avr5/libgcc/../../../../gcc/libgcc/config/avr/lib1funcs.S:2185
    6e1e:	cf 93       	push	r28
/home/jenkins/workspace/avr-gcc-staging/label/debian7-x86_64/gcc-build/avr/avr5/libgcc/../../../../gcc/libgcc/config/avr/lib1funcs.S:2186
    6e20:	df 93       	push	r29
/home/jenkins/workspace/avr-gcc-staging/label/debian7-x86_64/gcc-build/avr/avr5/libgcc/../../../../gcc/libgcc/config/avr/lib1funcs.S:2200
    6e22:	cd b7       	in	r28, 0x3d	; 61
/home/jenkins/workspace/avr-gcc-staging/label/debian7-x86_64/gcc-build/avr/avr5/libgcc/../../../../gcc/libgcc/config/avr/lib1funcs.S:2201
    6e24:	de b7       	in	r29, 0x3e	; 62
/home/jenkins/workspace/avr-gcc-staging/label/debian7-x86_64/gcc-build/avr/avr5/libgcc/../../../../gcc/libgcc/config/avr/lib1funcs.S:2202
    6e26:	ca 1b       	sub	r28, r26
/home/jenkins/workspace/avr-gcc-staging/label/debian7-x86_64/gcc-build/avr/avr5/libgcc/../../../../gcc/libgcc/config/avr/lib1funcs.S:2203
    6e28:	db 0b       	sbc	r29, r27
/home/jenkins/workspace/avr-gcc-staging/label/debian7-x86_64/gcc-build/avr/avr5/libgcc/../../../../gcc/libgcc/config/avr/lib1funcs.S:2204
    6e2a:	0f b6       	in	r0, 0x3f	; 63
/home/jenkins/workspace/avr-gcc-staging/label/debian7-x86_64/gcc-build/avr/avr5/libgcc/../../../../gcc/libgcc/config/avr/lib1funcs.S:2205
    6e2c:	f8 94       	cli
/home/jenkins/workspace/avr-gcc-staging/label/debian7-x86_64/gcc-build/avr/avr5/libgcc/../../../../gcc/libgcc/config/avr/lib1funcs.S:2206
    6e2e:	de bf       	out	0x3e, r29	; 62
/home/jenkins/workspace/avr-gcc-staging/label/debian7-x86_64/gcc-build/avr/avr5/libgcc/../../../../gcc/libgcc/config/avr/lib1funcs.S:2207
    6e30:	0f be       	out	0x3f, r0	; 63
/home/jenkins/workspace/avr-gcc-staging/label/debian7-x86_64/gcc-build/avr/avr5/libgcc/../../../../gcc/libgcc/config/avr/lib1funcs.S:2208
    6e32:	cd bf       	out	0x3d, r28	; 61
/home/jenkins/workspace/avr-gcc-staging/label/debian7-x86_64/gcc-build/avr/avr5/libgcc/../../../../gcc/libgcc/config/avr/lib1funcs.S:2211
    6e34:	09 94       	ijmp

00006e36 <__epilogue_restores__>:
__epilogue_restores__():
/home/jenkins/workspace/avr-gcc-staging/label/debian7-x86_64/gcc-build/avr/avr5/libgcc/../../../../gcc/libgcc/config/avr/lib1funcs.S:2222
    6e36:	2a 88       	ldd	r2, Y+18	; 0x12
/home/jenkins/workspace/avr-gcc-staging/label/debian7-x86_64/gcc-build/avr/avr5/libgcc/../../../../gcc/libgcc/config/avr/lib1funcs.S:2223
    6e38:	39 88       	ldd	r3, Y+17	; 0x11
/home/jenkins/workspace/avr-gcc-staging/label/debian7-x86_64/gcc-build/avr/avr5/libgcc/../../../../gcc/libgcc/config/avr/lib1funcs.S:2224
    6e3a:	48 88       	ldd	r4, Y+16	; 0x10
/home/jenkins/workspace/avr-gcc-staging/label/debian7-x86_64/gcc-build/avr/avr5/libgcc/../../../../gcc/libgcc/config/avr/lib1funcs.S:2225
    6e3c:	5f 84       	ldd	r5, Y+15	; 0x0f
/home/jenkins/workspace/avr-gcc-staging/label/debian7-x86_64/gcc-build/avr/avr5/libgcc/../../../../gcc/libgcc/config/avr/lib1funcs.S:2226
    6e3e:	6e 84       	ldd	r6, Y+14	; 0x0e
/home/jenkins/workspace/avr-gcc-staging/label/debian7-x86_64/gcc-build/avr/avr5/libgcc/../../../../gcc/libgcc/config/avr/lib1funcs.S:2227
    6e40:	7d 84       	ldd	r7, Y+13	; 0x0d
/home/jenkins/workspace/avr-gcc-staging/label/debian7-x86_64/gcc-build/avr/avr5/libgcc/../../../../gcc/libgcc/config/avr/lib1funcs.S:2228
    6e42:	8c 84       	ldd	r8, Y+12	; 0x0c
/home/jenkins/workspace/avr-gcc-staging/label/debian7-x86_64/gcc-build/avr/avr5/libgcc/../../../../gcc/libgcc/config/avr/lib1funcs.S:2229
    6e44:	9b 84       	ldd	r9, Y+11	; 0x0b
/home/jenkins/workspace/avr-gcc-staging/label/debian7-x86_64/gcc-build/avr/avr5/libgcc/../../../../gcc/libgcc/config/avr/lib1funcs.S:2230
    6e46:	aa 84       	ldd	r10, Y+10	; 0x0a
/home/jenkins/workspace/avr-gcc-staging/label/debian7-x86_64/gcc-build/avr/avr5/libgcc/../../../../gcc/libgcc/config/avr/lib1funcs.S:2231
    6e48:	b9 84       	ldd	r11, Y+9	; 0x09
/home/jenkins/workspace/avr-gcc-staging/label/debian7-x86_64/gcc-build/avr/avr5/libgcc/../../../../gcc/libgcc/config/avr/lib1funcs.S:2232
    6e4a:	c8 84       	ldd	r12, Y+8	; 0x08
/home/jenkins/workspace/avr-gcc-staging/label/debian7-x86_64/gcc-build/avr/avr5/libgcc/../../../../gcc/libgcc/config/avr/lib1funcs.S:2233
    6e4c:	df 80       	ldd	r13, Y+7	; 0x07
/home/jenkins/workspace/avr-gcc-staging/label/debian7-x86_64/gcc-build/avr/avr5/libgcc/../../../../gcc/libgcc/config/avr/lib1funcs.S:2234
    6e4e:	ee 80       	ldd	r14, Y+6	; 0x06
/home/jenkins/workspace/avr-gcc-staging/label/debian7-x86_64/gcc-build/avr/avr5/libgcc/../../../../gcc/libgcc/config/avr/lib1funcs.S:2235
    6e50:	fd 80       	ldd	r15, Y+5	; 0x05
/home/jenkins/workspace/avr-gcc-staging/label/debian7-x86_64/gcc-build/avr/avr5/libgcc/../../../../gcc/libgcc/config/avr/lib1funcs.S:2236
    6e52:	0c 81       	ldd	r16, Y+4	; 0x04
/home/jenkins/workspace/avr-gcc-staging/label/debian7-x86_64/gcc-build/avr/avr5/libgcc/../../../../gcc/libgcc/config/avr/lib1funcs.S:2237
    6e54:	1b 81       	ldd	r17, Y+3	; 0x03
/home/jenkins/workspace/avr-gcc-staging/label/debian7-x86_64/gcc-build/avr/avr5/libgcc/../../../../gcc/libgcc/config/avr/lib1funcs.S:2238
    6e56:	aa 81       	ldd	r26, Y+2	; 0x02
/home/jenkins/workspace/avr-gcc-staging/label/debian7-x86_64/gcc-build/avr/avr5/libgcc/../../../../gcc/libgcc/config/avr/lib1funcs.S:2252
    6e58:	b9 81       	ldd	r27, Y+1	; 0x01
/home/jenkins/workspace/avr-gcc-staging/label/debian7-x86_64/gcc-build/avr/avr5/libgcc/../../../../gcc/libgcc/config/avr/lib1funcs.S:2253
    6e5a:	ce 0f       	add	r28, r30
/home/jenkins/workspace/avr-gcc-staging/label/debian7-x86_64/gcc-build/avr/avr5/libgcc/../../../../gcc/libgcc/config/avr/lib1funcs.S:2254
    6e5c:	d1 1d       	adc	r29, r1
/home/jenkins/workspace/avr-gcc-staging/label/debian7-x86_64/gcc-build/avr/avr5/libgcc/../../../../gcc/libgcc/config/avr/lib1funcs.S:2255
    6e5e:	0f b6       	in	r0, 0x3f	; 63
/home/jenkins/workspace/avr-gcc-staging/label/debian7-x86_64/gcc-build/avr/avr5/libgcc/../../../../gcc/libgcc/config/avr/lib1funcs.S:2256
    6e60:	f8 94       	cli
/home/jenkins/workspace/avr-gcc-staging/label/debian7-x86_64/gcc-build/avr/avr5/libgcc/../../../../gcc/libgcc/config/avr/lib1funcs.S:2257
    6e62:	de bf       	out	0x3e, r29	; 62
/home/jenkins/workspace/avr-gcc-staging/label/debian7-x86_64/gcc-build/avr/avr5/libgcc/../../../../gcc/libgcc/config/avr/lib1funcs.S:2258
    6e64:	0f be       	out	0x3f, r0	; 63
/home/jenkins/workspace/avr-gcc-staging/label/debian7-x86_64/gcc-build/avr/avr5/libgcc/../../../../gcc/libgcc/config/avr/lib1funcs.S:2259
    6e66:	cd bf       	out	0x3d, r28	; 61
/home/jenkins/workspace/avr-gcc-staging/label/debian7-x86_64/gcc-build/avr/avr5/libgcc/../../../../gcc/libgcc/config/avr/lib1funcs.S:2260
    6e68:	ed 01       	movw	r28, r26
/home/jenkins/workspace/avr-gcc-staging/label/debian7-x86_64/gcc-build/avr/avr5/libgcc/../../../../gcc/libgcc/config/avr/lib1funcs.S:2263
    6e6a:	08 95       	ret

00006e6c <__subsf3>:
__subsf3():
    6e6c:	50 58       	subi	r21, 0x80	; 128

00006e6e <__addsf3>:
    6e6e:	bb 27       	eor	r27, r27
    6e70:	aa 27       	eor	r26, r26
    6e72:	0e 94 4e 37 	call	0x6e9c	; 0x6e9c <__addsf3x>
    6e76:	0c 94 c8 38 	jmp	0x7190	; 0x7190 <__fp_round>
__addsf3():
    6e7a:	0e 94 ba 38 	call	0x7174	; 0x7174 <__fp_pscA>
    6e7e:	38 f0       	brcs	.+14     	; 0x6e8e <__addsf3+0x20>
    6e80:	0e 94 c1 38 	call	0x7182	; 0x7182 <__fp_pscB>
    6e84:	20 f0       	brcs	.+8      	; 0x6e8e <__addsf3+0x20>
    6e86:	39 f4       	brne	.+14     	; 0x6e96 <__addsf3+0x28>
    6e88:	9f 3f       	cpi	r25, 0xFF	; 255
    6e8a:	19 f4       	brne	.+6      	; 0x6e92 <__addsf3+0x24>
    6e8c:	26 f4       	brtc	.+8      	; 0x6e96 <__addsf3+0x28>
    6e8e:	0c 94 b7 38 	jmp	0x716e	; 0x716e <__fp_nan>
    6e92:	0e f4       	brtc	.+2      	; 0x6e96 <__addsf3+0x28>
    6e94:	e0 95       	com	r30
    6e96:	e7 fb       	bst	r30, 7
    6e98:	0c 94 b1 38 	jmp	0x7162	; 0x7162 <__fp_inf>

00006e9c <__addsf3x>:
__addsf3x():
    6e9c:	e9 2f       	mov	r30, r25
    6e9e:	0e 94 d9 38 	call	0x71b2	; 0x71b2 <__fp_split3>
    6ea2:	58 f3       	brcs	.-42     	; 0x6e7a <__addsf3+0xc>
    6ea4:	ba 17       	cp	r27, r26
    6ea6:	62 07       	cpc	r22, r18
    6ea8:	73 07       	cpc	r23, r19
    6eaa:	84 07       	cpc	r24, r20
    6eac:	95 07       	cpc	r25, r21
    6eae:	20 f0       	brcs	.+8      	; 0x6eb8 <__addsf3x+0x1c>
    6eb0:	79 f4       	brne	.+30     	; 0x6ed0 <__addsf3x+0x34>
    6eb2:	a6 f5       	brtc	.+104    	; 0x6f1c <__addsf3x+0x80>
    6eb4:	0c 94 fb 38 	jmp	0x71f6	; 0x71f6 <__fp_zero>
    6eb8:	0e f4       	brtc	.+2      	; 0x6ebc <__addsf3x+0x20>
    6eba:	e0 95       	com	r30
    6ebc:	0b 2e       	mov	r0, r27
    6ebe:	ba 2f       	mov	r27, r26
    6ec0:	a0 2d       	mov	r26, r0
    6ec2:	0b 01       	movw	r0, r22
    6ec4:	b9 01       	movw	r22, r18
    6ec6:	90 01       	movw	r18, r0
    6ec8:	0c 01       	movw	r0, r24
    6eca:	ca 01       	movw	r24, r20
    6ecc:	a0 01       	movw	r20, r0
    6ece:	11 24       	eor	r1, r1
    6ed0:	ff 27       	eor	r31, r31
    6ed2:	59 1b       	sub	r21, r25
    6ed4:	99 f0       	breq	.+38     	; 0x6efc <__addsf3x+0x60>
    6ed6:	59 3f       	cpi	r21, 0xF9	; 249
    6ed8:	50 f4       	brcc	.+20     	; 0x6eee <__addsf3x+0x52>
    6eda:	50 3e       	cpi	r21, 0xE0	; 224
    6edc:	68 f1       	brcs	.+90     	; 0x6f38 <__addsf3x+0x9c>
    6ede:	1a 16       	cp	r1, r26
    6ee0:	f0 40       	sbci	r31, 0x00	; 0
    6ee2:	a2 2f       	mov	r26, r18
    6ee4:	23 2f       	mov	r18, r19
    6ee6:	34 2f       	mov	r19, r20
    6ee8:	44 27       	eor	r20, r20
    6eea:	58 5f       	subi	r21, 0xF8	; 248
    6eec:	f3 cf       	rjmp	.-26     	; 0x6ed4 <__addsf3x+0x38>
    6eee:	46 95       	lsr	r20
    6ef0:	37 95       	ror	r19
    6ef2:	27 95       	ror	r18
    6ef4:	a7 95       	ror	r26
    6ef6:	f0 40       	sbci	r31, 0x00	; 0
    6ef8:	53 95       	inc	r21
    6efa:	c9 f7       	brne	.-14     	; 0x6eee <__addsf3x+0x52>
    6efc:	7e f4       	brtc	.+30     	; 0x6f1c <__addsf3x+0x80>
    6efe:	1f 16       	cp	r1, r31
    6f00:	ba 0b       	sbc	r27, r26
    6f02:	62 0b       	sbc	r22, r18
    6f04:	73 0b       	sbc	r23, r19
    6f06:	84 0b       	sbc	r24, r20
    6f08:	ba f0       	brmi	.+46     	; 0x6f38 <__addsf3x+0x9c>
    6f0a:	91 50       	subi	r25, 0x01	; 1
    6f0c:	a1 f0       	breq	.+40     	; 0x6f36 <__addsf3x+0x9a>
    6f0e:	ff 0f       	add	r31, r31
    6f10:	bb 1f       	adc	r27, r27
    6f12:	66 1f       	adc	r22, r22
    6f14:	77 1f       	adc	r23, r23
    6f16:	88 1f       	adc	r24, r24
    6f18:	c2 f7       	brpl	.-16     	; 0x6f0a <__addsf3x+0x6e>
    6f1a:	0e c0       	rjmp	.+28     	; 0x6f38 <__addsf3x+0x9c>
    6f1c:	ba 0f       	add	r27, r26
    6f1e:	62 1f       	adc	r22, r18
    6f20:	73 1f       	adc	r23, r19
    6f22:	84 1f       	adc	r24, r20
    6f24:	48 f4       	brcc	.+18     	; 0x6f38 <__addsf3x+0x9c>
    6f26:	87 95       	ror	r24
    6f28:	77 95       	ror	r23
    6f2a:	67 95       	ror	r22
    6f2c:	b7 95       	ror	r27
    6f2e:	f7 95       	ror	r31
    6f30:	9e 3f       	cpi	r25, 0xFE	; 254
    6f32:	08 f0       	brcs	.+2      	; 0x6f36 <__addsf3x+0x9a>
    6f34:	b0 cf       	rjmp	.-160    	; 0x6e96 <__addsf3+0x28>
    6f36:	93 95       	inc	r25
    6f38:	88 0f       	add	r24, r24
    6f3a:	08 f0       	brcs	.+2      	; 0x6f3e <__addsf3x+0xa2>
    6f3c:	99 27       	eor	r25, r25
    6f3e:	ee 0f       	add	r30, r30
    6f40:	97 95       	ror	r25
    6f42:	87 95       	ror	r24
    6f44:	08 95       	ret

00006f46 <__cmpsf2>:
    6f46:	0e 94 8d 38 	call	0x711a	; 0x711a <__fp_cmp>
    6f4a:	08 f4       	brcc	.+2      	; 0x6f4e <__cmpsf2+0x8>
    6f4c:	81 e0       	ldi	r24, 0x01	; 1
    6f4e:	08 95       	ret

00006f50 <__divsf3>:
    6f50:	0e 94 bc 37 	call	0x6f78	; 0x6f78 <__divsf3x>
    6f54:	0c 94 c8 38 	jmp	0x7190	; 0x7190 <__fp_round>
    6f58:	0e 94 c1 38 	call	0x7182	; 0x7182 <__fp_pscB>
    6f5c:	58 f0       	brcs	.+22     	; 0x6f74 <__divsf3+0x24>
    6f5e:	0e 94 ba 38 	call	0x7174	; 0x7174 <__fp_pscA>
    6f62:	40 f0       	brcs	.+16     	; 0x6f74 <__divsf3+0x24>
    6f64:	29 f4       	brne	.+10     	; 0x6f70 <__divsf3+0x20>
    6f66:	5f 3f       	cpi	r21, 0xFF	; 255
__divsf3():
    6f68:	29 f0       	breq	.+10     	; 0x6f74 <__divsf3+0x24>
    6f6a:	0c 94 b1 38 	jmp	0x7162	; 0x7162 <__fp_inf>
    6f6e:	51 11       	cpse	r21, r1
    6f70:	0c 94 fc 38 	jmp	0x71f8	; 0x71f8 <__fp_szero>
    6f74:	0c 94 b7 38 	jmp	0x716e	; 0x716e <__fp_nan>

00006f78 <__divsf3x>:
__divsf3x():
    6f78:	0e 94 d9 38 	call	0x71b2	; 0x71b2 <__fp_split3>
    6f7c:	68 f3       	brcs	.-38     	; 0x6f58 <__divsf3+0x8>

00006f7e <__divsf3_pse>:
    6f7e:	99 23       	and	r25, r25
    6f80:	b1 f3       	breq	.-20     	; 0x6f6e <__divsf3+0x1e>
    6f82:	55 23       	and	r21, r21
    6f84:	91 f3       	breq	.-28     	; 0x6f6a <__divsf3+0x1a>
    6f86:	95 1b       	sub	r25, r21
    6f88:	55 0b       	sbc	r21, r21
    6f8a:	bb 27       	eor	r27, r27
    6f8c:	aa 27       	eor	r26, r26
    6f8e:	62 17       	cp	r22, r18
    6f90:	73 07       	cpc	r23, r19
    6f92:	84 07       	cpc	r24, r20
    6f94:	38 f0       	brcs	.+14     	; 0x6fa4 <__divsf3_pse+0x26>
    6f96:	9f 5f       	subi	r25, 0xFF	; 255
    6f98:	5f 4f       	sbci	r21, 0xFF	; 255
    6f9a:	22 0f       	add	r18, r18
    6f9c:	33 1f       	adc	r19, r19
    6f9e:	44 1f       	adc	r20, r20
    6fa0:	aa 1f       	adc	r26, r26
    6fa2:	a9 f3       	breq	.-22     	; 0x6f8e <__divsf3_pse+0x10>
    6fa4:	35 d0       	rcall	.+106    	; 0x7010 <__divsf3_pse+0x92>
    6fa6:	0e 2e       	mov	r0, r30
    6fa8:	3a f0       	brmi	.+14     	; 0x6fb8 <__divsf3_pse+0x3a>
    6faa:	e0 e8       	ldi	r30, 0x80	; 128
    6fac:	32 d0       	rcall	.+100    	; 0x7012 <__divsf3_pse+0x94>
    6fae:	91 50       	subi	r25, 0x01	; 1
    6fb0:	50 40       	sbci	r21, 0x00	; 0
    6fb2:	e6 95       	lsr	r30
    6fb4:	00 1c       	adc	r0, r0
    6fb6:	ca f7       	brpl	.-14     	; 0x6faa <__divsf3_pse+0x2c>
    6fb8:	2b d0       	rcall	.+86     	; 0x7010 <__divsf3_pse+0x92>
    6fba:	fe 2f       	mov	r31, r30
    6fbc:	29 d0       	rcall	.+82     	; 0x7010 <__divsf3_pse+0x92>
    6fbe:	66 0f       	add	r22, r22
    6fc0:	77 1f       	adc	r23, r23
    6fc2:	88 1f       	adc	r24, r24
    6fc4:	bb 1f       	adc	r27, r27
    6fc6:	26 17       	cp	r18, r22
    6fc8:	37 07       	cpc	r19, r23
    6fca:	48 07       	cpc	r20, r24
    6fcc:	ab 07       	cpc	r26, r27
    6fce:	b0 e8       	ldi	r27, 0x80	; 128
    6fd0:	09 f0       	breq	.+2      	; 0x6fd4 <__divsf3_pse+0x56>
    6fd2:	bb 0b       	sbc	r27, r27
    6fd4:	80 2d       	mov	r24, r0
    6fd6:	bf 01       	movw	r22, r30
    6fd8:	ff 27       	eor	r31, r31
    6fda:	93 58       	subi	r25, 0x83	; 131
    6fdc:	5f 4f       	sbci	r21, 0xFF	; 255
    6fde:	3a f0       	brmi	.+14     	; 0x6fee <__divsf3_pse+0x70>
    6fe0:	9e 3f       	cpi	r25, 0xFE	; 254
    6fe2:	51 05       	cpc	r21, r1
    6fe4:	78 f0       	brcs	.+30     	; 0x7004 <__divsf3_pse+0x86>
    6fe6:	0c 94 b1 38 	jmp	0x7162	; 0x7162 <__fp_inf>
    6fea:	0c 94 fc 38 	jmp	0x71f8	; 0x71f8 <__fp_szero>
    6fee:	5f 3f       	cpi	r21, 0xFF	; 255
    6ff0:	e4 f3       	brlt	.-8      	; 0x6fea <__divsf3_pse+0x6c>
    6ff2:	98 3e       	cpi	r25, 0xE8	; 232
    6ff4:	d4 f3       	brlt	.-12     	; 0x6fea <__divsf3_pse+0x6c>
    6ff6:	86 95       	lsr	r24
    6ff8:	77 95       	ror	r23
    6ffa:	67 95       	ror	r22
    6ffc:	b7 95       	ror	r27
    6ffe:	f7 95       	ror	r31
    7000:	9f 5f       	subi	r25, 0xFF	; 255
    7002:	c9 f7       	brne	.-14     	; 0x6ff6 <__divsf3_pse+0x78>
    7004:	88 0f       	add	r24, r24
    7006:	91 1d       	adc	r25, r1
    7008:	96 95       	lsr	r25
    700a:	87 95       	ror	r24
    700c:	97 f9       	bld	r25, 7
    700e:	08 95       	ret
    7010:	e1 e0       	ldi	r30, 0x01	; 1
    7012:	66 0f       	add	r22, r22
    7014:	77 1f       	adc	r23, r23
    7016:	88 1f       	adc	r24, r24
    7018:	bb 1f       	adc	r27, r27
    701a:	62 17       	cp	r22, r18
    701c:	73 07       	cpc	r23, r19
    701e:	84 07       	cpc	r24, r20
    7020:	ba 07       	cpc	r27, r26
    7022:	20 f0       	brcs	.+8      	; 0x702c <__divsf3_pse+0xae>
    7024:	62 1b       	sub	r22, r18
    7026:	73 0b       	sbc	r23, r19
    7028:	84 0b       	sbc	r24, r20
    702a:	ba 0b       	sbc	r27, r26
    702c:	ee 1f       	adc	r30, r30
    702e:	88 f7       	brcc	.-30     	; 0x7012 <__divsf3_pse+0x94>
    7030:	e0 95       	com	r30
    7032:	08 95       	ret

00007034 <__fixsfsi>:
    7034:	0e 94 21 38 	call	0x7042	; 0x7042 <__fixunssfsi>
    7038:	68 94       	set
    703a:	b1 11       	cpse	r27, r1
    703c:	0c 94 fc 38 	jmp	0x71f8	; 0x71f8 <__fp_szero>
    7040:	08 95       	ret

00007042 <__fixunssfsi>:
    7042:	0e 94 e1 38 	call	0x71c2	; 0x71c2 <__fp_splitA>
    7046:	88 f0       	brcs	.+34     	; 0x706a <__fixunssfsi+0x28>
    7048:	9f 57       	subi	r25, 0x7F	; 127
    704a:	98 f0       	brcs	.+38     	; 0x7072 <__fixunssfsi+0x30>
    704c:	b9 2f       	mov	r27, r25
    704e:	99 27       	eor	r25, r25
    7050:	b7 51       	subi	r27, 0x17	; 23
    7052:	b0 f0       	brcs	.+44     	; 0x7080 <__fixunssfsi+0x3e>
__fixunssfsi():
    7054:	e1 f0       	breq	.+56     	; 0x708e <__fixunssfsi+0x4c>
    7056:	66 0f       	add	r22, r22
    7058:	77 1f       	adc	r23, r23
    705a:	88 1f       	adc	r24, r24
    705c:	99 1f       	adc	r25, r25
    705e:	1a f0       	brmi	.+6      	; 0x7066 <__fixunssfsi+0x24>
    7060:	ba 95       	dec	r27
    7062:	c9 f7       	brne	.-14     	; 0x7056 <__fixunssfsi+0x14>
    7064:	14 c0       	rjmp	.+40     	; 0x708e <__fixunssfsi+0x4c>
    7066:	b1 30       	cpi	r27, 0x01	; 1
    7068:	91 f0       	breq	.+36     	; 0x708e <__fixunssfsi+0x4c>
    706a:	0e 94 fb 38 	call	0x71f6	; 0x71f6 <__fp_zero>
    706e:	b1 e0       	ldi	r27, 0x01	; 1
    7070:	08 95       	ret
    7072:	0c 94 fb 38 	jmp	0x71f6	; 0x71f6 <__fp_zero>
    7076:	67 2f       	mov	r22, r23
    7078:	78 2f       	mov	r23, r24
    707a:	88 27       	eor	r24, r24
    707c:	b8 5f       	subi	r27, 0xF8	; 248
    707e:	39 f0       	breq	.+14     	; 0x708e <__fixunssfsi+0x4c>
    7080:	b9 3f       	cpi	r27, 0xF9	; 249
    7082:	cc f3       	brlt	.-14     	; 0x7076 <__fixunssfsi+0x34>
    7084:	86 95       	lsr	r24
    7086:	77 95       	ror	r23
    7088:	67 95       	ror	r22
    708a:	b3 95       	inc	r27
    708c:	d9 f7       	brne	.-10     	; 0x7084 <__fixunssfsi+0x42>
    708e:	3e f4       	brtc	.+14     	; 0x709e <__fixunssfsi+0x5c>
    7090:	90 95       	com	r25
    7092:	80 95       	com	r24
    7094:	70 95       	com	r23
    7096:	61 95       	neg	r22
    7098:	7f 4f       	sbci	r23, 0xFF	; 255
    709a:	8f 4f       	sbci	r24, 0xFF	; 255
    709c:	9f 4f       	sbci	r25, 0xFF	; 255
    709e:	08 95       	ret

000070a0 <__floatunsisf>:
__floatunsisf():
    70a0:	e8 94       	clt
    70a2:	09 c0       	rjmp	.+18     	; 0x70b6 <__floatsisf+0x12>

000070a4 <__floatsisf>:
    70a4:	97 fb       	bst	r25, 7
    70a6:	3e f4       	brtc	.+14     	; 0x70b6 <__floatsisf+0x12>
    70a8:	90 95       	com	r25
    70aa:	80 95       	com	r24
    70ac:	70 95       	com	r23
    70ae:	61 95       	neg	r22
    70b0:	7f 4f       	sbci	r23, 0xFF	; 255
    70b2:	8f 4f       	sbci	r24, 0xFF	; 255
    70b4:	9f 4f       	sbci	r25, 0xFF	; 255
    70b6:	99 23       	and	r25, r25
    70b8:	a9 f0       	breq	.+42     	; 0x70e4 <__floatsisf+0x40>
    70ba:	f9 2f       	mov	r31, r25
    70bc:	96 e9       	ldi	r25, 0x96	; 150
    70be:	bb 27       	eor	r27, r27
    70c0:	93 95       	inc	r25
    70c2:	f6 95       	lsr	r31
    70c4:	87 95       	ror	r24
    70c6:	77 95       	ror	r23
    70c8:	67 95       	ror	r22
    70ca:	b7 95       	ror	r27
    70cc:	f1 11       	cpse	r31, r1
    70ce:	f8 cf       	rjmp	.-16     	; 0x70c0 <__floatsisf+0x1c>
    70d0:	fa f4       	brpl	.+62     	; 0x7110 <__floatsisf+0x6c>
    70d2:	bb 0f       	add	r27, r27
    70d4:	11 f4       	brne	.+4      	; 0x70da <__floatsisf+0x36>
    70d6:	60 ff       	sbrs	r22, 0
    70d8:	1b c0       	rjmp	.+54     	; 0x7110 <__floatsisf+0x6c>
    70da:	6f 5f       	subi	r22, 0xFF	; 255
    70dc:	7f 4f       	sbci	r23, 0xFF	; 255
    70de:	8f 4f       	sbci	r24, 0xFF	; 255
    70e0:	9f 4f       	sbci	r25, 0xFF	; 255
    70e2:	16 c0       	rjmp	.+44     	; 0x7110 <__floatsisf+0x6c>
    70e4:	88 23       	and	r24, r24
    70e6:	11 f0       	breq	.+4      	; 0x70ec <__floatsisf+0x48>
    70e8:	96 e9       	ldi	r25, 0x96	; 150
    70ea:	11 c0       	rjmp	.+34     	; 0x710e <__floatsisf+0x6a>
    70ec:	77 23       	and	r23, r23
    70ee:	21 f0       	breq	.+8      	; 0x70f8 <__floatsisf+0x54>
    70f0:	9e e8       	ldi	r25, 0x8E	; 142
    70f2:	87 2f       	mov	r24, r23
    70f4:	76 2f       	mov	r23, r22
    70f6:	05 c0       	rjmp	.+10     	; 0x7102 <__floatsisf+0x5e>
    70f8:	66 23       	and	r22, r22
    70fa:	71 f0       	breq	.+28     	; 0x7118 <__floatsisf+0x74>
    70fc:	96 e8       	ldi	r25, 0x86	; 134
    70fe:	86 2f       	mov	r24, r22
    7100:	70 e0       	ldi	r23, 0x00	; 0
    7102:	60 e0       	ldi	r22, 0x00	; 0
    7104:	2a f0       	brmi	.+10     	; 0x7110 <__floatsisf+0x6c>
    7106:	9a 95       	dec	r25
    7108:	66 0f       	add	r22, r22
    710a:	77 1f       	adc	r23, r23
    710c:	88 1f       	adc	r24, r24
    710e:	da f7       	brpl	.-10     	; 0x7106 <__floatsisf+0x62>
    7110:	88 0f       	add	r24, r24
    7112:	96 95       	lsr	r25
    7114:	87 95       	ror	r24
    7116:	97 f9       	bld	r25, 7
    7118:	08 95       	ret

0000711a <__fp_cmp>:
__fp_cmp():
    711a:	99 0f       	add	r25, r25
    711c:	00 08       	sbc	r0, r0
    711e:	55 0f       	add	r21, r21
    7120:	aa 0b       	sbc	r26, r26
    7122:	e0 e8       	ldi	r30, 0x80	; 128
    7124:	fe ef       	ldi	r31, 0xFE	; 254
    7126:	16 16       	cp	r1, r22
    7128:	17 06       	cpc	r1, r23
    712a:	e8 07       	cpc	r30, r24
    712c:	f9 07       	cpc	r31, r25
    712e:	c0 f0       	brcs	.+48     	; 0x7160 <__fp_cmp+0x46>
    7130:	12 16       	cp	r1, r18
    7132:	13 06       	cpc	r1, r19
    7134:	e4 07       	cpc	r30, r20
    7136:	f5 07       	cpc	r31, r21
    7138:	98 f0       	brcs	.+38     	; 0x7160 <__fp_cmp+0x46>
    713a:	62 1b       	sub	r22, r18
    713c:	73 0b       	sbc	r23, r19
    713e:	84 0b       	sbc	r24, r20
    7140:	95 0b       	sbc	r25, r21
    7142:	39 f4       	brne	.+14     	; 0x7152 <__fp_cmp+0x38>
    7144:	0a 26       	eor	r0, r26
    7146:	61 f0       	breq	.+24     	; 0x7160 <__fp_cmp+0x46>
    7148:	23 2b       	or	r18, r19
    714a:	24 2b       	or	r18, r20
    714c:	25 2b       	or	r18, r21
    714e:	21 f4       	brne	.+8      	; 0x7158 <__fp_cmp+0x3e>
    7150:	08 95       	ret
    7152:	0a 26       	eor	r0, r26
    7154:	09 f4       	brne	.+2      	; 0x7158 <__fp_cmp+0x3e>
    7156:	a1 40       	sbci	r26, 0x01	; 1
    7158:	a6 95       	lsr	r26
    715a:	8f ef       	ldi	r24, 0xFF	; 255
    715c:	81 1d       	adc	r24, r1
    715e:	81 1d       	adc	r24, r1
    7160:	08 95       	ret

00007162 <__fp_inf>:
__fp_inf():
    7162:	97 f9       	bld	r25, 7
    7164:	9f 67       	ori	r25, 0x7F	; 127
    7166:	80 e8       	ldi	r24, 0x80	; 128
    7168:	70 e0       	ldi	r23, 0x00	; 0
    716a:	60 e0       	ldi	r22, 0x00	; 0
    716c:	08 95       	ret

0000716e <__fp_nan>:
__fp_nan():
    716e:	9f ef       	ldi	r25, 0xFF	; 255
    7170:	80 ec       	ldi	r24, 0xC0	; 192
    7172:	08 95       	ret

00007174 <__fp_pscA>:
__fp_pscA():
    7174:	00 24       	eor	r0, r0
    7176:	0a 94       	dec	r0
    7178:	16 16       	cp	r1, r22
    717a:	17 06       	cpc	r1, r23
    717c:	18 06       	cpc	r1, r24
    717e:	09 06       	cpc	r0, r25
    7180:	08 95       	ret

00007182 <__fp_pscB>:
__fp_pscB():
    7182:	00 24       	eor	r0, r0
    7184:	0a 94       	dec	r0
    7186:	12 16       	cp	r1, r18
    7188:	13 06       	cpc	r1, r19
    718a:	14 06       	cpc	r1, r20
    718c:	05 06       	cpc	r0, r21
    718e:	08 95       	ret

00007190 <__fp_round>:
__fp_round():
    7190:	09 2e       	mov	r0, r25
    7192:	03 94       	inc	r0
    7194:	00 0c       	add	r0, r0
    7196:	11 f4       	brne	.+4      	; 0x719c <__fp_round+0xc>
    7198:	88 23       	and	r24, r24
    719a:	52 f0       	brmi	.+20     	; 0x71b0 <__fp_round+0x20>
    719c:	bb 0f       	add	r27, r27
    719e:	40 f4       	brcc	.+16     	; 0x71b0 <__fp_round+0x20>
    71a0:	bf 2b       	or	r27, r31
    71a2:	11 f4       	brne	.+4      	; 0x71a8 <__fp_round+0x18>
    71a4:	60 ff       	sbrs	r22, 0
    71a6:	04 c0       	rjmp	.+8      	; 0x71b0 <__fp_round+0x20>
    71a8:	6f 5f       	subi	r22, 0xFF	; 255
    71aa:	7f 4f       	sbci	r23, 0xFF	; 255
    71ac:	8f 4f       	sbci	r24, 0xFF	; 255
    71ae:	9f 4f       	sbci	r25, 0xFF	; 255
    71b0:	08 95       	ret

000071b2 <__fp_split3>:
__fp_split3():
    71b2:	57 fd       	sbrc	r21, 7
    71b4:	90 58       	subi	r25, 0x80	; 128
    71b6:	44 0f       	add	r20, r20
    71b8:	55 1f       	adc	r21, r21
    71ba:	59 f0       	breq	.+22     	; 0x71d2 <__fp_splitA+0x10>
    71bc:	5f 3f       	cpi	r21, 0xFF	; 255
    71be:	71 f0       	breq	.+28     	; 0x71dc <__fp_splitA+0x1a>
    71c0:	47 95       	ror	r20

000071c2 <__fp_splitA>:
    71c2:	88 0f       	add	r24, r24
    71c4:	97 fb       	bst	r25, 7
    71c6:	99 1f       	adc	r25, r25
    71c8:	61 f0       	breq	.+24     	; 0x71e2 <__fp_splitA+0x20>
    71ca:	9f 3f       	cpi	r25, 0xFF	; 255
    71cc:	79 f0       	breq	.+30     	; 0x71ec <__fp_splitA+0x2a>
    71ce:	87 95       	ror	r24
    71d0:	08 95       	ret
    71d2:	12 16       	cp	r1, r18
    71d4:	13 06       	cpc	r1, r19
    71d6:	14 06       	cpc	r1, r20
    71d8:	55 1f       	adc	r21, r21
    71da:	f2 cf       	rjmp	.-28     	; 0x71c0 <__fp_split3+0xe>
    71dc:	46 95       	lsr	r20
    71de:	f1 df       	rcall	.-30     	; 0x71c2 <__fp_splitA>
    71e0:	08 c0       	rjmp	.+16     	; 0x71f2 <__fp_splitA+0x30>
    71e2:	16 16       	cp	r1, r22
    71e4:	17 06       	cpc	r1, r23
    71e6:	18 06       	cpc	r1, r24
    71e8:	99 1f       	adc	r25, r25
    71ea:	f1 cf       	rjmp	.-30     	; 0x71ce <__fp_splitA+0xc>
    71ec:	86 95       	lsr	r24
    71ee:	71 05       	cpc	r23, r1
    71f0:	61 05       	cpc	r22, r1
    71f2:	08 94       	sec
    71f4:	08 95       	ret

000071f6 <__fp_zero>:
__fp_zero():
    71f6:	e8 94       	clt

000071f8 <__fp_szero>:
    71f8:	bb 27       	eor	r27, r27
    71fa:	66 27       	eor	r22, r22
    71fc:	77 27       	eor	r23, r23
    71fe:	cb 01       	movw	r24, r22
    7200:	97 f9       	bld	r25, 7
    7202:	08 95       	ret

00007204 <__gesf2>:
__gesf2():
    7204:	0e 94 8d 38 	call	0x711a	; 0x711a <__fp_cmp>
    7208:	08 f4       	brcc	.+2      	; 0x720c <__gesf2+0x8>
    720a:	8f ef       	ldi	r24, 0xFF	; 255
    720c:	08 95       	ret

0000720e <__mulsf3>:
__mulsf3():
    720e:	0e 94 1a 39 	call	0x7234	; 0x7234 <__mulsf3x>
    7212:	0c 94 c8 38 	jmp	0x7190	; 0x7190 <__fp_round>
    7216:	0e 94 ba 38 	call	0x7174	; 0x7174 <__fp_pscA>
    721a:	38 f0       	brcs	.+14     	; 0x722a <__mulsf3+0x1c>
    721c:	0e 94 c1 38 	call	0x7182	; 0x7182 <__fp_pscB>
    7220:	20 f0       	brcs	.+8      	; 0x722a <__mulsf3+0x1c>
    7222:	95 23       	and	r25, r21
    7224:	11 f0       	breq	.+4      	; 0x722a <__mulsf3+0x1c>
    7226:	0c 94 b1 38 	jmp	0x7162	; 0x7162 <__fp_inf>
    722a:	0c 94 b7 38 	jmp	0x716e	; 0x716e <__fp_nan>
    722e:	11 24       	eor	r1, r1
    7230:	0c 94 fc 38 	jmp	0x71f8	; 0x71f8 <__fp_szero>

00007234 <__mulsf3x>:
__mulsf3x():
    7234:	0e 94 d9 38 	call	0x71b2	; 0x71b2 <__fp_split3>
    7238:	70 f3       	brcs	.-36     	; 0x7216 <__mulsf3+0x8>

0000723a <__mulsf3_pse>:
    723a:	95 9f       	mul	r25, r21
    723c:	c1 f3       	breq	.-16     	; 0x722e <__mulsf3+0x20>
    723e:	95 0f       	add	r25, r21
    7240:	50 e0       	ldi	r21, 0x00	; 0
    7242:	55 1f       	adc	r21, r21
    7244:	62 9f       	mul	r22, r18
    7246:	f0 01       	movw	r30, r0
    7248:	72 9f       	mul	r23, r18
    724a:	bb 27       	eor	r27, r27
    724c:	f0 0d       	add	r31, r0
    724e:	b1 1d       	adc	r27, r1
    7250:	63 9f       	mul	r22, r19
    7252:	aa 27       	eor	r26, r26
    7254:	f0 0d       	add	r31, r0
    7256:	b1 1d       	adc	r27, r1
    7258:	aa 1f       	adc	r26, r26
    725a:	64 9f       	mul	r22, r20
    725c:	66 27       	eor	r22, r22
    725e:	b0 0d       	add	r27, r0
    7260:	a1 1d       	adc	r26, r1
    7262:	66 1f       	adc	r22, r22
    7264:	82 9f       	mul	r24, r18
    7266:	22 27       	eor	r18, r18
    7268:	b0 0d       	add	r27, r0
    726a:	a1 1d       	adc	r26, r1
    726c:	62 1f       	adc	r22, r18
    726e:	73 9f       	mul	r23, r19
    7270:	b0 0d       	add	r27, r0
    7272:	a1 1d       	adc	r26, r1
    7274:	62 1f       	adc	r22, r18
    7276:	83 9f       	mul	r24, r19
    7278:	a0 0d       	add	r26, r0
    727a:	61 1d       	adc	r22, r1
    727c:	22 1f       	adc	r18, r18
    727e:	74 9f       	mul	r23, r20
    7280:	33 27       	eor	r19, r19
    7282:	a0 0d       	add	r26, r0
    7284:	61 1d       	adc	r22, r1
    7286:	23 1f       	adc	r18, r19
    7288:	84 9f       	mul	r24, r20
    728a:	60 0d       	add	r22, r0
    728c:	21 1d       	adc	r18, r1
    728e:	82 2f       	mov	r24, r18
    7290:	76 2f       	mov	r23, r22
    7292:	6a 2f       	mov	r22, r26
    7294:	11 24       	eor	r1, r1
    7296:	9f 57       	subi	r25, 0x7F	; 127
    7298:	50 40       	sbci	r21, 0x00	; 0
    729a:	9a f0       	brmi	.+38     	; 0x72c2 <__mulsf3_pse+0x88>
    729c:	f1 f0       	breq	.+60     	; 0x72da <__mulsf3_pse+0xa0>
    729e:	88 23       	and	r24, r24
    72a0:	4a f0       	brmi	.+18     	; 0x72b4 <__mulsf3_pse+0x7a>
    72a2:	ee 0f       	add	r30, r30
    72a4:	ff 1f       	adc	r31, r31
    72a6:	bb 1f       	adc	r27, r27
    72a8:	66 1f       	adc	r22, r22
    72aa:	77 1f       	adc	r23, r23
    72ac:	88 1f       	adc	r24, r24
    72ae:	91 50       	subi	r25, 0x01	; 1
    72b0:	50 40       	sbci	r21, 0x00	; 0
    72b2:	a9 f7       	brne	.-22     	; 0x729e <__mulsf3_pse+0x64>
    72b4:	9e 3f       	cpi	r25, 0xFE	; 254
    72b6:	51 05       	cpc	r21, r1
    72b8:	80 f0       	brcs	.+32     	; 0x72da <__mulsf3_pse+0xa0>
    72ba:	0c 94 b1 38 	jmp	0x7162	; 0x7162 <__fp_inf>
    72be:	0c 94 fc 38 	jmp	0x71f8	; 0x71f8 <__fp_szero>
    72c2:	5f 3f       	cpi	r21, 0xFF	; 255
    72c4:	e4 f3       	brlt	.-8      	; 0x72be <__mulsf3_pse+0x84>
    72c6:	98 3e       	cpi	r25, 0xE8	; 232
    72c8:	d4 f3       	brlt	.-12     	; 0x72be <__mulsf3_pse+0x84>
    72ca:	86 95       	lsr	r24
    72cc:	77 95       	ror	r23
    72ce:	67 95       	ror	r22
    72d0:	b7 95       	ror	r27
    72d2:	f7 95       	ror	r31
    72d4:	e7 95       	ror	r30
    72d6:	9f 5f       	subi	r25, 0xFF	; 255
    72d8:	c1 f7       	brne	.-16     	; 0x72ca <__mulsf3_pse+0x90>
    72da:	fe 2b       	or	r31, r30
    72dc:	88 0f       	add	r24, r24
    72de:	91 1d       	adc	r25, r1
    72e0:	96 95       	lsr	r25
    72e2:	87 95       	ror	r24
    72e4:	97 f9       	bld	r25, 7
    72e6:	08 95       	ret

000072e8 <__mulsi3>:
/home/jenkins/workspace/avr-gcc-staging/label/debian7-x86_64/gcc-build/avr/avr5/libgcc/../../../../gcc/libgcc/config/avr/lib1funcs.S:648
    72e8:	db 01       	movw	r26, r22
/home/jenkins/workspace/avr-gcc-staging/label/debian7-x86_64/gcc-build/avr/avr5/libgcc/../../../../gcc/libgcc/config/avr/lib1funcs.S:649
    72ea:	8f 93       	push	r24
/home/jenkins/workspace/avr-gcc-staging/label/debian7-x86_64/gcc-build/avr/avr5/libgcc/../../../../gcc/libgcc/config/avr/lib1funcs.S:650
    72ec:	9f 93       	push	r25
/home/jenkins/workspace/avr-gcc-staging/label/debian7-x86_64/gcc-build/avr/avr5/libgcc/../../../../gcc/libgcc/config/avr/lib1funcs.S:651
    72ee:	0e 94 1d 3a 	call	0x743a	; 0x743a <__muluhisi3>
/home/jenkins/workspace/avr-gcc-staging/label/debian7-x86_64/gcc-build/avr/avr5/libgcc/../../../../gcc/libgcc/config/avr/lib1funcs.S:652
    72f2:	bf 91       	pop	r27
/home/jenkins/workspace/avr-gcc-staging/label/debian7-x86_64/gcc-build/avr/avr5/libgcc/../../../../gcc/libgcc/config/avr/lib1funcs.S:653
    72f4:	af 91       	pop	r26
/home/jenkins/workspace/avr-gcc-staging/label/debian7-x86_64/gcc-build/avr/avr5/libgcc/../../../../gcc/libgcc/config/avr/lib1funcs.S:655
    72f6:	a2 9f       	mul	r26, r18
/home/jenkins/workspace/avr-gcc-staging/label/debian7-x86_64/gcc-build/avr/avr5/libgcc/../../../../gcc/libgcc/config/avr/lib1funcs.S:656
    72f8:	80 0d       	add	r24, r0
/home/jenkins/workspace/avr-gcc-staging/label/debian7-x86_64/gcc-build/avr/avr5/libgcc/../../../../gcc/libgcc/config/avr/lib1funcs.S:657
    72fa:	91 1d       	adc	r25, r1
/home/jenkins/workspace/avr-gcc-staging/label/debian7-x86_64/gcc-build/avr/avr5/libgcc/../../../../gcc/libgcc/config/avr/lib1funcs.S:658
    72fc:	a3 9f       	mul	r26, r19
/home/jenkins/workspace/avr-gcc-staging/label/debian7-x86_64/gcc-build/avr/avr5/libgcc/../../../../gcc/libgcc/config/avr/lib1funcs.S:659
    72fe:	90 0d       	add	r25, r0
/home/jenkins/workspace/avr-gcc-staging/label/debian7-x86_64/gcc-build/avr/avr5/libgcc/../../../../gcc/libgcc/config/avr/lib1funcs.S:660
    7300:	b2 9f       	mul	r27, r18
/home/jenkins/workspace/avr-gcc-staging/label/debian7-x86_64/gcc-build/avr/avr5/libgcc/../../../../gcc/libgcc/config/avr/lib1funcs.S:661
    7302:	90 0d       	add	r25, r0
/home/jenkins/workspace/avr-gcc-staging/label/debian7-x86_64/gcc-build/avr/avr5/libgcc/../../../../gcc/libgcc/config/avr/lib1funcs.S:662
    7304:	11 24       	eor	r1, r1
__mulsi3():
/home/jenkins/workspace/avr-gcc-staging/label/debian7-x86_64/gcc-build/avr/avr5/libgcc/../../../../gcc/libgcc/config/avr/lib1funcs.S:663
    7306:	08 95       	ret

00007308 <__udivmodqi4>:
__udivmodqi4():
/home/jenkins/workspace/avr-gcc-staging/label/debian7-x86_64/gcc-build/avr/avr5/libgcc/../../../../gcc/libgcc/config/avr/lib1funcs.S:1346
    7308:	99 1b       	sub	r25, r25
/home/jenkins/workspace/avr-gcc-staging/label/debian7-x86_64/gcc-build/avr/avr5/libgcc/../../../../gcc/libgcc/config/avr/lib1funcs.S:1347
    730a:	79 e0       	ldi	r23, 0x09	; 9
/home/jenkins/workspace/avr-gcc-staging/label/debian7-x86_64/gcc-build/avr/avr5/libgcc/../../../../gcc/libgcc/config/avr/lib1funcs.S:1348
    730c:	04 c0       	rjmp	.+8      	; 0x7316 <__udivmodqi4_ep>

0000730e <__udivmodqi4_loop>:
/home/jenkins/workspace/avr-gcc-staging/label/debian7-x86_64/gcc-build/avr/avr5/libgcc/../../../../gcc/libgcc/config/avr/lib1funcs.S:1350
    730e:	99 1f       	adc	r25, r25
/home/jenkins/workspace/avr-gcc-staging/label/debian7-x86_64/gcc-build/avr/avr5/libgcc/../../../../gcc/libgcc/config/avr/lib1funcs.S:1351
    7310:	96 17       	cp	r25, r22
/home/jenkins/workspace/avr-gcc-staging/label/debian7-x86_64/gcc-build/avr/avr5/libgcc/../../../../gcc/libgcc/config/avr/lib1funcs.S:1352
    7312:	08 f0       	brcs	.+2      	; 0x7316 <__udivmodqi4_ep>
/home/jenkins/workspace/avr-gcc-staging/label/debian7-x86_64/gcc-build/avr/avr5/libgcc/../../../../gcc/libgcc/config/avr/lib1funcs.S:1353
    7314:	96 1b       	sub	r25, r22

00007316 <__udivmodqi4_ep>:
/home/jenkins/workspace/avr-gcc-staging/label/debian7-x86_64/gcc-build/avr/avr5/libgcc/../../../../gcc/libgcc/config/avr/lib1funcs.S:1355
    7316:	88 1f       	adc	r24, r24
/home/jenkins/workspace/avr-gcc-staging/label/debian7-x86_64/gcc-build/avr/avr5/libgcc/../../../../gcc/libgcc/config/avr/lib1funcs.S:1356
    7318:	7a 95       	dec	r23
/home/jenkins/workspace/avr-gcc-staging/label/debian7-x86_64/gcc-build/avr/avr5/libgcc/../../../../gcc/libgcc/config/avr/lib1funcs.S:1357
    731a:	c9 f7       	brne	.-14     	; 0x730e <__udivmodqi4_loop>
/home/jenkins/workspace/avr-gcc-staging/label/debian7-x86_64/gcc-build/avr/avr5/libgcc/../../../../gcc/libgcc/config/avr/lib1funcs.S:1358
    731c:	80 95       	com	r24
/home/jenkins/workspace/avr-gcc-staging/label/debian7-x86_64/gcc-build/avr/avr5/libgcc/../../../../gcc/libgcc/config/avr/lib1funcs.S:1360
    731e:	08 95       	ret

00007320 <__udivmodhi4>:
__udivmodhi4():
/home/jenkins/workspace/avr-gcc-staging/label/debian7-x86_64/gcc-build/avr/avr5/libgcc/../../../../gcc/libgcc/config/avr/lib1funcs.S:1408
    7320:	aa 1b       	sub	r26, r26
/home/jenkins/workspace/avr-gcc-staging/label/debian7-x86_64/gcc-build/avr/avr5/libgcc/../../../../gcc/libgcc/config/avr/lib1funcs.S:1409
    7322:	bb 1b       	sub	r27, r27
/home/jenkins/workspace/avr-gcc-staging/label/debian7-x86_64/gcc-build/avr/avr5/libgcc/../../../../gcc/libgcc/config/avr/lib1funcs.S:1410
    7324:	51 e1       	ldi	r21, 0x11	; 17
/home/jenkins/workspace/avr-gcc-staging/label/debian7-x86_64/gcc-build/avr/avr5/libgcc/../../../../gcc/libgcc/config/avr/lib1funcs.S:1411
    7326:	07 c0       	rjmp	.+14     	; 0x7336 <__udivmodhi4_ep>

00007328 <__udivmodhi4_loop>:
/home/jenkins/workspace/avr-gcc-staging/label/debian7-x86_64/gcc-build/avr/avr5/libgcc/../../../../gcc/libgcc/config/avr/lib1funcs.S:1413
    7328:	aa 1f       	adc	r26, r26
/home/jenkins/workspace/avr-gcc-staging/label/debian7-x86_64/gcc-build/avr/avr5/libgcc/../../../../gcc/libgcc/config/avr/lib1funcs.S:1414
    732a:	bb 1f       	adc	r27, r27
/home/jenkins/workspace/avr-gcc-staging/label/debian7-x86_64/gcc-build/avr/avr5/libgcc/../../../../gcc/libgcc/config/avr/lib1funcs.S:1415
    732c:	a6 17       	cp	r26, r22
/home/jenkins/workspace/avr-gcc-staging/label/debian7-x86_64/gcc-build/avr/avr5/libgcc/../../../../gcc/libgcc/config/avr/lib1funcs.S:1416
    732e:	b7 07       	cpc	r27, r23
/home/jenkins/workspace/avr-gcc-staging/label/debian7-x86_64/gcc-build/avr/avr5/libgcc/../../../../gcc/libgcc/config/avr/lib1funcs.S:1417
    7330:	10 f0       	brcs	.+4      	; 0x7336 <__udivmodhi4_ep>
/home/jenkins/workspace/avr-gcc-staging/label/debian7-x86_64/gcc-build/avr/avr5/libgcc/../../../../gcc/libgcc/config/avr/lib1funcs.S:1418
    7332:	a6 1b       	sub	r26, r22
/home/jenkins/workspace/avr-gcc-staging/label/debian7-x86_64/gcc-build/avr/avr5/libgcc/../../../../gcc/libgcc/config/avr/lib1funcs.S:1419
    7334:	b7 0b       	sbc	r27, r23

00007336 <__udivmodhi4_ep>:
/home/jenkins/workspace/avr-gcc-staging/label/debian7-x86_64/gcc-build/avr/avr5/libgcc/../../../../gcc/libgcc/config/avr/lib1funcs.S:1421
    7336:	88 1f       	adc	r24, r24
/home/jenkins/workspace/avr-gcc-staging/label/debian7-x86_64/gcc-build/avr/avr5/libgcc/../../../../gcc/libgcc/config/avr/lib1funcs.S:1422
    7338:	99 1f       	adc	r25, r25
/home/jenkins/workspace/avr-gcc-staging/label/debian7-x86_64/gcc-build/avr/avr5/libgcc/../../../../gcc/libgcc/config/avr/lib1funcs.S:1423
    733a:	5a 95       	dec	r21
/home/jenkins/workspace/avr-gcc-staging/label/debian7-x86_64/gcc-build/avr/avr5/libgcc/../../../../gcc/libgcc/config/avr/lib1funcs.S:1424
    733c:	a9 f7       	brne	.-22     	; 0x7328 <__udivmodhi4_loop>
/home/jenkins/workspace/avr-gcc-staging/label/debian7-x86_64/gcc-build/avr/avr5/libgcc/../../../../gcc/libgcc/config/avr/lib1funcs.S:1425
    733e:	80 95       	com	r24
/home/jenkins/workspace/avr-gcc-staging/label/debian7-x86_64/gcc-build/avr/avr5/libgcc/../../../../gcc/libgcc/config/avr/lib1funcs.S:1426
    7340:	90 95       	com	r25
/home/jenkins/workspace/avr-gcc-staging/label/debian7-x86_64/gcc-build/avr/avr5/libgcc/../../../../gcc/libgcc/config/avr/lib1funcs.S:1428
    7342:	bc 01       	movw	r22, r24
/home/jenkins/workspace/avr-gcc-staging/label/debian7-x86_64/gcc-build/avr/avr5/libgcc/../../../../gcc/libgcc/config/avr/lib1funcs.S:1430
    7344:	cd 01       	movw	r24, r26
/home/jenkins/workspace/avr-gcc-staging/label/debian7-x86_64/gcc-build/avr/avr5/libgcc/../../../../gcc/libgcc/config/avr/lib1funcs.S:1432
    7346:	08 95       	ret

00007348 <__divmodhi4>:
__divmodhi4():
/home/jenkins/workspace/avr-gcc-staging/label/debian7-x86_64/gcc-build/avr/avr5/libgcc/../../../../gcc/libgcc/config/avr/lib1funcs.S:1440
    7348:	97 fb       	bst	r25, 7
/home/jenkins/workspace/avr-gcc-staging/label/debian7-x86_64/gcc-build/avr/avr5/libgcc/../../../../gcc/libgcc/config/avr/lib1funcs.S:1441
    734a:	07 2e       	mov	r0, r23
/home/jenkins/workspace/avr-gcc-staging/label/debian7-x86_64/gcc-build/avr/avr5/libgcc/../../../../gcc/libgcc/config/avr/lib1funcs.S:1442
    734c:	16 f4       	brtc	.+4      	; 0x7352 <__divmodhi4+0xa>
/home/jenkins/workspace/avr-gcc-staging/label/debian7-x86_64/gcc-build/avr/avr5/libgcc/../../../../gcc/libgcc/config/avr/lib1funcs.S:1443
    734e:	00 94       	com	r0
/home/jenkins/workspace/avr-gcc-staging/label/debian7-x86_64/gcc-build/avr/avr5/libgcc/../../../../gcc/libgcc/config/avr/lib1funcs.S:1444
    7350:	07 d0       	rcall	.+14     	; 0x7360 <__divmodhi4_neg1>
/home/jenkins/workspace/avr-gcc-staging/label/debian7-x86_64/gcc-build/avr/avr5/libgcc/../../../../gcc/libgcc/config/avr/lib1funcs.S:1446
    7352:	77 fd       	sbrc	r23, 7
/home/jenkins/workspace/avr-gcc-staging/label/debian7-x86_64/gcc-build/avr/avr5/libgcc/../../../../gcc/libgcc/config/avr/lib1funcs.S:1447
    7354:	09 d0       	rcall	.+18     	; 0x7368 <__divmodhi4_neg2>
/home/jenkins/workspace/avr-gcc-staging/label/debian7-x86_64/gcc-build/avr/avr5/libgcc/../../../../gcc/libgcc/config/avr/lib1funcs.S:1448
    7356:	0e 94 90 39 	call	0x7320	; 0x7320 <__udivmodhi4>
/home/jenkins/workspace/avr-gcc-staging/label/debian7-x86_64/gcc-build/avr/avr5/libgcc/../../../../gcc/libgcc/config/avr/lib1funcs.S:1449
    735a:	07 fc       	sbrc	r0, 7
/home/jenkins/workspace/avr-gcc-staging/label/debian7-x86_64/gcc-build/avr/avr5/libgcc/../../../../gcc/libgcc/config/avr/lib1funcs.S:1450
    735c:	05 d0       	rcall	.+10     	; 0x7368 <__divmodhi4_neg2>
/home/jenkins/workspace/avr-gcc-staging/label/debian7-x86_64/gcc-build/avr/avr5/libgcc/../../../../gcc/libgcc/config/avr/lib1funcs.S:1451
    735e:	3e f4       	brtc	.+14     	; 0x736e <__divmodhi4_exit>

00007360 <__divmodhi4_neg1>:
/home/jenkins/workspace/avr-gcc-staging/label/debian7-x86_64/gcc-build/avr/avr5/libgcc/../../../../gcc/libgcc/config/avr/lib1funcs.S:1454
    7360:	90 95       	com	r25
/home/jenkins/workspace/avr-gcc-staging/label/debian7-x86_64/gcc-build/avr/avr5/libgcc/../../../../gcc/libgcc/config/avr/lib1funcs.S:1455
    7362:	81 95       	neg	r24
/home/jenkins/workspace/avr-gcc-staging/label/debian7-x86_64/gcc-build/avr/avr5/libgcc/../../../../gcc/libgcc/config/avr/lib1funcs.S:1456
    7364:	9f 4f       	sbci	r25, 0xFF	; 255
/home/jenkins/workspace/avr-gcc-staging/label/debian7-x86_64/gcc-build/avr/avr5/libgcc/../../../../gcc/libgcc/config/avr/lib1funcs.S:1457
    7366:	08 95       	ret

00007368 <__divmodhi4_neg2>:
/home/jenkins/workspace/avr-gcc-staging/label/debian7-x86_64/gcc-build/avr/avr5/libgcc/../../../../gcc/libgcc/config/avr/lib1funcs.S:1460
    7368:	70 95       	com	r23
/home/jenkins/workspace/avr-gcc-staging/label/debian7-x86_64/gcc-build/avr/avr5/libgcc/../../../../gcc/libgcc/config/avr/lib1funcs.S:1461
    736a:	61 95       	neg	r22
/home/jenkins/workspace/avr-gcc-staging/label/debian7-x86_64/gcc-build/avr/avr5/libgcc/../../../../gcc/libgcc/config/avr/lib1funcs.S:1462
    736c:	7f 4f       	sbci	r23, 0xFF	; 255

0000736e <__divmodhi4_exit>:
/home/jenkins/workspace/avr-gcc-staging/label/debian7-x86_64/gcc-build/avr/avr5/libgcc/../../../../gcc/libgcc/config/avr/lib1funcs.S:1464
    736e:	08 95       	ret

00007370 <__udivmodsi4>:
__udivmodsi4():
/home/jenkins/workspace/avr-gcc-staging/label/debian7-x86_64/gcc-build/avr/avr5/libgcc/../../../../gcc/libgcc/config/avr/lib1funcs.S:1638
    7370:	a1 e2       	ldi	r26, 0x21	; 33
/home/jenkins/workspace/avr-gcc-staging/label/debian7-x86_64/gcc-build/avr/avr5/libgcc/../../../../gcc/libgcc/config/avr/lib1funcs.S:1639
    7372:	1a 2e       	mov	r1, r26
/home/jenkins/workspace/avr-gcc-staging/label/debian7-x86_64/gcc-build/avr/avr5/libgcc/../../../../gcc/libgcc/config/avr/lib1funcs.S:1640
    7374:	aa 1b       	sub	r26, r26
/home/jenkins/workspace/avr-gcc-staging/label/debian7-x86_64/gcc-build/avr/avr5/libgcc/../../../../gcc/libgcc/config/avr/lib1funcs.S:1641
    7376:	bb 1b       	sub	r27, r27
/home/jenkins/workspace/avr-gcc-staging/label/debian7-x86_64/gcc-build/avr/avr5/libgcc/../../../../gcc/libgcc/config/avr/lib1funcs.S:1642
    7378:	fd 01       	movw	r30, r26
/home/jenkins/workspace/avr-gcc-staging/label/debian7-x86_64/gcc-build/avr/avr5/libgcc/../../../../gcc/libgcc/config/avr/lib1funcs.S:1644
    737a:	0d c0       	rjmp	.+26     	; 0x7396 <__udivmodsi4_ep>

0000737c <__udivmodsi4_loop>:
/home/jenkins/workspace/avr-gcc-staging/label/debian7-x86_64/gcc-build/avr/avr5/libgcc/../../../../gcc/libgcc/config/avr/lib1funcs.S:1646
    737c:	aa 1f       	adc	r26, r26
/home/jenkins/workspace/avr-gcc-staging/label/debian7-x86_64/gcc-build/avr/avr5/libgcc/../../../../gcc/libgcc/config/avr/lib1funcs.S:1647
    737e:	bb 1f       	adc	r27, r27
/home/jenkins/workspace/avr-gcc-staging/label/debian7-x86_64/gcc-build/avr/avr5/libgcc/../../../../gcc/libgcc/config/avr/lib1funcs.S:1648
    7380:	ee 1f       	adc	r30, r30
/home/jenkins/workspace/avr-gcc-staging/label/debian7-x86_64/gcc-build/avr/avr5/libgcc/../../../../gcc/libgcc/config/avr/lib1funcs.S:1649
    7382:	ff 1f       	adc	r31, r31
/home/jenkins/workspace/avr-gcc-staging/label/debian7-x86_64/gcc-build/avr/avr5/libgcc/../../../../gcc/libgcc/config/avr/lib1funcs.S:1650
    7384:	a2 17       	cp	r26, r18
/home/jenkins/workspace/avr-gcc-staging/label/debian7-x86_64/gcc-build/avr/avr5/libgcc/../../../../gcc/libgcc/config/avr/lib1funcs.S:1651
    7386:	b3 07       	cpc	r27, r19
/home/jenkins/workspace/avr-gcc-staging/label/debian7-x86_64/gcc-build/avr/avr5/libgcc/../../../../gcc/libgcc/config/avr/lib1funcs.S:1652
    7388:	e4 07       	cpc	r30, r20
/home/jenkins/workspace/avr-gcc-staging/label/debian7-x86_64/gcc-build/avr/avr5/libgcc/../../../../gcc/libgcc/config/avr/lib1funcs.S:1653
    738a:	f5 07       	cpc	r31, r21
/home/jenkins/workspace/avr-gcc-staging/label/debian7-x86_64/gcc-build/avr/avr5/libgcc/../../../../gcc/libgcc/config/avr/lib1funcs.S:1654
    738c:	20 f0       	brcs	.+8      	; 0x7396 <__udivmodsi4_ep>
/home/jenkins/workspace/avr-gcc-staging/label/debian7-x86_64/gcc-build/avr/avr5/libgcc/../../../../gcc/libgcc/config/avr/lib1funcs.S:1655
    738e:	a2 1b       	sub	r26, r18
/home/jenkins/workspace/avr-gcc-staging/label/debian7-x86_64/gcc-build/avr/avr5/libgcc/../../../../gcc/libgcc/config/avr/lib1funcs.S:1656
    7390:	b3 0b       	sbc	r27, r19
/home/jenkins/workspace/avr-gcc-staging/label/debian7-x86_64/gcc-build/avr/avr5/libgcc/../../../../gcc/libgcc/config/avr/lib1funcs.S:1657
    7392:	e4 0b       	sbc	r30, r20
/home/jenkins/workspace/avr-gcc-staging/label/debian7-x86_64/gcc-build/avr/avr5/libgcc/../../../../gcc/libgcc/config/avr/lib1funcs.S:1658
    7394:	f5 0b       	sbc	r31, r21

00007396 <__udivmodsi4_ep>:
/home/jenkins/workspace/avr-gcc-staging/label/debian7-x86_64/gcc-build/avr/avr5/libgcc/../../../../gcc/libgcc/config/avr/lib1funcs.S:1660
    7396:	66 1f       	adc	r22, r22
/home/jenkins/workspace/avr-gcc-staging/label/debian7-x86_64/gcc-build/avr/avr5/libgcc/../../../../gcc/libgcc/config/avr/lib1funcs.S:1661
    7398:	77 1f       	adc	r23, r23
/home/jenkins/workspace/avr-gcc-staging/label/debian7-x86_64/gcc-build/avr/avr5/libgcc/../../../../gcc/libgcc/config/avr/lib1funcs.S:1662
    739a:	88 1f       	adc	r24, r24
/home/jenkins/workspace/avr-gcc-staging/label/debian7-x86_64/gcc-build/avr/avr5/libgcc/../../../../gcc/libgcc/config/avr/lib1funcs.S:1663
    739c:	99 1f       	adc	r25, r25
/home/jenkins/workspace/avr-gcc-staging/label/debian7-x86_64/gcc-build/avr/avr5/libgcc/../../../../gcc/libgcc/config/avr/lib1funcs.S:1664
    739e:	1a 94       	dec	r1
/home/jenkins/workspace/avr-gcc-staging/label/debian7-x86_64/gcc-build/avr/avr5/libgcc/../../../../gcc/libgcc/config/avr/lib1funcs.S:1665
    73a0:	69 f7       	brne	.-38     	; 0x737c <__udivmodsi4_loop>
/home/jenkins/workspace/avr-gcc-staging/label/debian7-x86_64/gcc-build/avr/avr5/libgcc/../../../../gcc/libgcc/config/avr/lib1funcs.S:1667
    73a2:	60 95       	com	r22
/home/jenkins/workspace/avr-gcc-staging/label/debian7-x86_64/gcc-build/avr/avr5/libgcc/../../../../gcc/libgcc/config/avr/lib1funcs.S:1668
    73a4:	70 95       	com	r23
/home/jenkins/workspace/avr-gcc-staging/label/debian7-x86_64/gcc-build/avr/avr5/libgcc/../../../../gcc/libgcc/config/avr/lib1funcs.S:1669
    73a6:	80 95       	com	r24
/home/jenkins/workspace/avr-gcc-staging/label/debian7-x86_64/gcc-build/avr/avr5/libgcc/../../../../gcc/libgcc/config/avr/lib1funcs.S:1670
    73a8:	90 95       	com	r25
/home/jenkins/workspace/avr-gcc-staging/label/debian7-x86_64/gcc-build/avr/avr5/libgcc/../../../../gcc/libgcc/config/avr/lib1funcs.S:1672
    73aa:	9b 01       	movw	r18, r22
/home/jenkins/workspace/avr-gcc-staging/label/debian7-x86_64/gcc-build/avr/avr5/libgcc/../../../../gcc/libgcc/config/avr/lib1funcs.S:1674
    73ac:	ac 01       	movw	r20, r24
/home/jenkins/workspace/avr-gcc-staging/label/debian7-x86_64/gcc-build/avr/avr5/libgcc/../../../../gcc/libgcc/config/avr/lib1funcs.S:1676
    73ae:	bd 01       	movw	r22, r26
/home/jenkins/workspace/avr-gcc-staging/label/debian7-x86_64/gcc-build/avr/avr5/libgcc/../../../../gcc/libgcc/config/avr/lib1funcs.S:1678
    73b0:	cf 01       	movw	r24, r30
/home/jenkins/workspace/avr-gcc-staging/label/debian7-x86_64/gcc-build/avr/avr5/libgcc/../../../../gcc/libgcc/config/avr/lib1funcs.S:1680
    73b2:	08 95       	ret

000073b4 <__divmodsi4>:
__divmodsi4():
/home/jenkins/workspace/avr-gcc-staging/label/debian7-x86_64/gcc-build/avr/avr5/libgcc/../../../../gcc/libgcc/config/avr/lib1funcs.S:1686
    73b4:	05 2e       	mov	r0, r21
/home/jenkins/workspace/avr-gcc-staging/label/debian7-x86_64/gcc-build/avr/avr5/libgcc/../../../../gcc/libgcc/config/avr/lib1funcs.S:1687
    73b6:	97 fb       	bst	r25, 7
/home/jenkins/workspace/avr-gcc-staging/label/debian7-x86_64/gcc-build/avr/avr5/libgcc/../../../../gcc/libgcc/config/avr/lib1funcs.S:1688
    73b8:	1e f4       	brtc	.+6      	; 0x73c0 <__divmodsi4+0xc>
/home/jenkins/workspace/avr-gcc-staging/label/debian7-x86_64/gcc-build/avr/avr5/libgcc/../../../../gcc/libgcc/config/avr/lib1funcs.S:1689
    73ba:	00 94       	com	r0
/home/jenkins/workspace/avr-gcc-staging/label/debian7-x86_64/gcc-build/avr/avr5/libgcc/../../../../gcc/libgcc/config/avr/lib1funcs.S:1690
    73bc:	0e 94 f1 39 	call	0x73e2	; 0x73e2 <__negsi2>
/home/jenkins/workspace/avr-gcc-staging/label/debian7-x86_64/gcc-build/avr/avr5/libgcc/../../../../gcc/libgcc/config/avr/lib1funcs.S:1692
    73c0:	57 fd       	sbrc	r21, 7
/home/jenkins/workspace/avr-gcc-staging/label/debian7-x86_64/gcc-build/avr/avr5/libgcc/../../../../gcc/libgcc/config/avr/lib1funcs.S:1693
    73c2:	07 d0       	rcall	.+14     	; 0x73d2 <__divmodsi4_neg2>
/home/jenkins/workspace/avr-gcc-staging/label/debian7-x86_64/gcc-build/avr/avr5/libgcc/../../../../gcc/libgcc/config/avr/lib1funcs.S:1694
    73c4:	0e 94 b8 39 	call	0x7370	; 0x7370 <__udivmodsi4>
/home/jenkins/workspace/avr-gcc-staging/label/debian7-x86_64/gcc-build/avr/avr5/libgcc/../../../../gcc/libgcc/config/avr/lib1funcs.S:1695
    73c8:	07 fc       	sbrc	r0, 7
/home/jenkins/workspace/avr-gcc-staging/label/debian7-x86_64/gcc-build/avr/avr5/libgcc/../../../../gcc/libgcc/config/avr/lib1funcs.S:1696
    73ca:	03 d0       	rcall	.+6      	; 0x73d2 <__divmodsi4_neg2>
/home/jenkins/workspace/avr-gcc-staging/label/debian7-x86_64/gcc-build/avr/avr5/libgcc/../../../../gcc/libgcc/config/avr/lib1funcs.S:1697
    73cc:	4e f4       	brtc	.+18     	; 0x73e0 <__divmodsi4_exit>
/home/jenkins/workspace/avr-gcc-staging/label/debian7-x86_64/gcc-build/avr/avr5/libgcc/../../../../gcc/libgcc/config/avr/lib1funcs.S:1698
    73ce:	0c 94 f1 39 	jmp	0x73e2	; 0x73e2 <__negsi2>

000073d2 <__divmodsi4_neg2>:
/home/jenkins/workspace/avr-gcc-staging/label/debian7-x86_64/gcc-build/avr/avr5/libgcc/../../../../gcc/libgcc/config/avr/lib1funcs.S:1701
    73d2:	50 95       	com	r21
/home/jenkins/workspace/avr-gcc-staging/label/debian7-x86_64/gcc-build/avr/avr5/libgcc/../../../../gcc/libgcc/config/avr/lib1funcs.S:1702
    73d4:	40 95       	com	r20
/home/jenkins/workspace/avr-gcc-staging/label/debian7-x86_64/gcc-build/avr/avr5/libgcc/../../../../gcc/libgcc/config/avr/lib1funcs.S:1703
    73d6:	30 95       	com	r19
/home/jenkins/workspace/avr-gcc-staging/label/debian7-x86_64/gcc-build/avr/avr5/libgcc/../../../../gcc/libgcc/config/avr/lib1funcs.S:1704
    73d8:	21 95       	neg	r18
/home/jenkins/workspace/avr-gcc-staging/label/debian7-x86_64/gcc-build/avr/avr5/libgcc/../../../../gcc/libgcc/config/avr/lib1funcs.S:1705
    73da:	3f 4f       	sbci	r19, 0xFF	; 255
/home/jenkins/workspace/avr-gcc-staging/label/debian7-x86_64/gcc-build/avr/avr5/libgcc/../../../../gcc/libgcc/config/avr/lib1funcs.S:1706
    73dc:	4f 4f       	sbci	r20, 0xFF	; 255
/home/jenkins/workspace/avr-gcc-staging/label/debian7-x86_64/gcc-build/avr/avr5/libgcc/../../../../gcc/libgcc/config/avr/lib1funcs.S:1707
    73de:	5f 4f       	sbci	r21, 0xFF	; 255

000073e0 <__divmodsi4_exit>:
/home/jenkins/workspace/avr-gcc-staging/label/debian7-x86_64/gcc-build/avr/avr5/libgcc/../../../../gcc/libgcc/config/avr/lib1funcs.S:1709
    73e0:	08 95       	ret

000073e2 <__negsi2>:
__negsi2():
/home/jenkins/workspace/avr-gcc-staging/label/debian7-x86_64/gcc-build/avr/avr5/libgcc/../../../../gcc/libgcc/config/avr/lib1funcs.S:1718
    73e2:	90 95       	com	r25
    73e4:	80 95       	com	r24
    73e6:	70 95       	com	r23
    73e8:	61 95       	neg	r22
    73ea:	7f 4f       	sbci	r23, 0xFF	; 255
    73ec:	8f 4f       	sbci	r24, 0xFF	; 255
    73ee:	9f 4f       	sbci	r25, 0xFF	; 255
/home/jenkins/workspace/avr-gcc-staging/label/debian7-x86_64/gcc-build/avr/avr5/libgcc/../../../../gcc/libgcc/config/avr/lib1funcs.S:1719
    73f0:	08 95       	ret

000073f2 <__tablejump2__>:
__tablejump2__():
/home/jenkins/workspace/avr-gcc-staging/label/debian7-x86_64/gcc-build/avr/avr5/libgcc/../../../../gcc/libgcc/config/avr/lib1funcs.S:2296
    73f2:	ee 0f       	add	r30, r30
/home/jenkins/workspace/avr-gcc-staging/label/debian7-x86_64/gcc-build/avr/avr5/libgcc/../../../../gcc/libgcc/config/avr/lib1funcs.S:2297
    73f4:	ff 1f       	adc	r31, r31
/home/jenkins/workspace/avr-gcc-staging/label/debian7-x86_64/gcc-build/avr/avr5/libgcc/../../../../gcc/libgcc/config/avr/lib1funcs.S:2328
    73f6:	05 90       	lpm	r0, Z+
/home/jenkins/workspace/avr-gcc-staging/label/debian7-x86_64/gcc-build/avr/avr5/libgcc/../../../../gcc/libgcc/config/avr/lib1funcs.S:2329
    73f8:	f4 91       	lpm	r31, Z
/home/jenkins/workspace/avr-gcc-staging/label/debian7-x86_64/gcc-build/avr/avr5/libgcc/../../../../gcc/libgcc/config/avr/lib1funcs.S:2330
    73fa:	e0 2d       	mov	r30, r0
/home/jenkins/workspace/avr-gcc-staging/label/debian7-x86_64/gcc-build/avr/avr5/libgcc/../../../../gcc/libgcc/config/avr/lib1funcs.S:2331
    73fc:	09 94       	ijmp

000073fe <__mulhisi3>:
__mulhisi3():
/home/jenkins/workspace/avr-gcc-staging/label/debian7-x86_64/gcc-build/avr/avr5/libgcc/../../../../gcc/libgcc/config/avr/lib1funcs.S:529
    73fe:	0e 94 07 3a 	call	0x740e	; 0x740e <__umulhisi3>
/home/jenkins/workspace/avr-gcc-staging/label/debian7-x86_64/gcc-build/avr/avr5/libgcc/../../../../gcc/libgcc/config/avr/lib1funcs.S:531
    7402:	33 23       	and	r19, r19
/home/jenkins/workspace/avr-gcc-staging/label/debian7-x86_64/gcc-build/avr/avr5/libgcc/../../../../gcc/libgcc/config/avr/lib1funcs.S:532
    7404:	12 f4       	brpl	.+4      	; 0x740a <__mulhisi3+0xc>
/home/jenkins/workspace/avr-gcc-staging/label/debian7-x86_64/gcc-build/avr/avr5/libgcc/../../../../gcc/libgcc/config/avr/lib1funcs.S:533
    7406:	8a 1b       	sub	r24, r26
/home/jenkins/workspace/avr-gcc-staging/label/debian7-x86_64/gcc-build/avr/avr5/libgcc/../../../../gcc/libgcc/config/avr/lib1funcs.S:534
    7408:	9b 0b       	sbc	r25, r27
/home/jenkins/workspace/avr-gcc-staging/label/debian7-x86_64/gcc-build/avr/avr5/libgcc/../../../../gcc/libgcc/config/avr/lib1funcs.S:536
    740a:	0c 94 18 3a 	jmp	0x7430	; 0x7430 <__usmulhisi3_tail>

0000740e <__umulhisi3>:
__umulhisi3():
/home/jenkins/workspace/avr-gcc-staging/label/debian7-x86_64/gcc-build/avr/avr5/libgcc/../../../../gcc/libgcc/config/avr/lib1funcs.S:564
    740e:	a2 9f       	mul	r26, r18
/home/jenkins/workspace/avr-gcc-staging/label/debian7-x86_64/gcc-build/avr/avr5/libgcc/../../../../gcc/libgcc/config/avr/lib1funcs.S:565
    7410:	b0 01       	movw	r22, r0
/home/jenkins/workspace/avr-gcc-staging/label/debian7-x86_64/gcc-build/avr/avr5/libgcc/../../../../gcc/libgcc/config/avr/lib1funcs.S:566
    7412:	b3 9f       	mul	r27, r19
/home/jenkins/workspace/avr-gcc-staging/label/debian7-x86_64/gcc-build/avr/avr5/libgcc/../../../../gcc/libgcc/config/avr/lib1funcs.S:567
    7414:	c0 01       	movw	r24, r0
/home/jenkins/workspace/avr-gcc-staging/label/debian7-x86_64/gcc-build/avr/avr5/libgcc/../../../../gcc/libgcc/config/avr/lib1funcs.S:568
    7416:	a3 9f       	mul	r26, r19
/home/jenkins/workspace/avr-gcc-staging/label/debian7-x86_64/gcc-build/avr/avr5/libgcc/../../../../gcc/libgcc/config/avr/lib1funcs.S:573
    7418:	70 0d       	add	r23, r0
/home/jenkins/workspace/avr-gcc-staging/label/debian7-x86_64/gcc-build/avr/avr5/libgcc/../../../../gcc/libgcc/config/avr/lib1funcs.S:574
    741a:	81 1d       	adc	r24, r1
/home/jenkins/workspace/avr-gcc-staging/label/debian7-x86_64/gcc-build/avr/avr5/libgcc/../../../../gcc/libgcc/config/avr/lib1funcs.S:575
    741c:	11 24       	eor	r1, r1
/home/jenkins/workspace/avr-gcc-staging/label/debian7-x86_64/gcc-build/avr/avr5/libgcc/../../../../gcc/libgcc/config/avr/lib1funcs.S:576
    741e:	91 1d       	adc	r25, r1
/home/jenkins/workspace/avr-gcc-staging/label/debian7-x86_64/gcc-build/avr/avr5/libgcc/../../../../gcc/libgcc/config/avr/lib1funcs.S:580
    7420:	b2 9f       	mul	r27, r18
/home/jenkins/workspace/avr-gcc-staging/label/debian7-x86_64/gcc-build/avr/avr5/libgcc/../../../../gcc/libgcc/config/avr/lib1funcs.S:581
    7422:	70 0d       	add	r23, r0
/home/jenkins/workspace/avr-gcc-staging/label/debian7-x86_64/gcc-build/avr/avr5/libgcc/../../../../gcc/libgcc/config/avr/lib1funcs.S:582
    7424:	81 1d       	adc	r24, r1
/home/jenkins/workspace/avr-gcc-staging/label/debian7-x86_64/gcc-build/avr/avr5/libgcc/../../../../gcc/libgcc/config/avr/lib1funcs.S:583
    7426:	11 24       	eor	r1, r1
/home/jenkins/workspace/avr-gcc-staging/label/debian7-x86_64/gcc-build/avr/avr5/libgcc/../../../../gcc/libgcc/config/avr/lib1funcs.S:584
    7428:	91 1d       	adc	r25, r1
/home/jenkins/workspace/avr-gcc-staging/label/debian7-x86_64/gcc-build/avr/avr5/libgcc/../../../../gcc/libgcc/config/avr/lib1funcs.S:585
    742a:	08 95       	ret

0000742c <__usmulhisi3>:
__usmulhisi3():
/home/jenkins/workspace/avr-gcc-staging/label/debian7-x86_64/gcc-build/avr/avr5/libgcc/../../../../gcc/libgcc/config/avr/lib1funcs.S:545
    742c:	0e 94 07 3a 	call	0x740e	; 0x740e <__umulhisi3>

00007430 <__usmulhisi3_tail>:
__usmulhisi3_tail():
/home/jenkins/workspace/avr-gcc-staging/label/debian7-x86_64/gcc-build/avr/avr5/libgcc/../../../../gcc/libgcc/config/avr/lib1funcs.S:551
    7430:	b7 ff       	sbrs	r27, 7
/home/jenkins/workspace/avr-gcc-staging/label/debian7-x86_64/gcc-build/avr/avr5/libgcc/../../../../gcc/libgcc/config/avr/lib1funcs.S:552
    7432:	08 95       	ret
/home/jenkins/workspace/avr-gcc-staging/label/debian7-x86_64/gcc-build/avr/avr5/libgcc/../../../../gcc/libgcc/config/avr/lib1funcs.S:553
    7434:	82 1b       	sub	r24, r18
/home/jenkins/workspace/avr-gcc-staging/label/debian7-x86_64/gcc-build/avr/avr5/libgcc/../../../../gcc/libgcc/config/avr/lib1funcs.S:554
    7436:	93 0b       	sbc	r25, r19
/home/jenkins/workspace/avr-gcc-staging/label/debian7-x86_64/gcc-build/avr/avr5/libgcc/../../../../gcc/libgcc/config/avr/lib1funcs.S:555
    7438:	08 95       	ret

0000743a <__muluhisi3>:
__muluhisi3():
/home/jenkins/workspace/avr-gcc-staging/label/debian7-x86_64/gcc-build/avr/avr5/libgcc/../../../../gcc/libgcc/config/avr/lib1funcs.S:626
    743a:	0e 94 07 3a 	call	0x740e	; 0x740e <__umulhisi3>
/home/jenkins/workspace/avr-gcc-staging/label/debian7-x86_64/gcc-build/avr/avr5/libgcc/../../../../gcc/libgcc/config/avr/lib1funcs.S:627
    743e:	a5 9f       	mul	r26, r21
/home/jenkins/workspace/avr-gcc-staging/label/debian7-x86_64/gcc-build/avr/avr5/libgcc/../../../../gcc/libgcc/config/avr/lib1funcs.S:628
    7440:	90 0d       	add	r25, r0
/home/jenkins/workspace/avr-gcc-staging/label/debian7-x86_64/gcc-build/avr/avr5/libgcc/../../../../gcc/libgcc/config/avr/lib1funcs.S:629
    7442:	b4 9f       	mul	r27, r20
/home/jenkins/workspace/avr-gcc-staging/label/debian7-x86_64/gcc-build/avr/avr5/libgcc/../../../../gcc/libgcc/config/avr/lib1funcs.S:630
    7444:	90 0d       	add	r25, r0
/home/jenkins/workspace/avr-gcc-staging/label/debian7-x86_64/gcc-build/avr/avr5/libgcc/../../../../gcc/libgcc/config/avr/lib1funcs.S:631
    7446:	a4 9f       	mul	r26, r20
/home/jenkins/workspace/avr-gcc-staging/label/debian7-x86_64/gcc-build/avr/avr5/libgcc/../../../../gcc/libgcc/config/avr/lib1funcs.S:632
    7448:	80 0d       	add	r24, r0
/home/jenkins/workspace/avr-gcc-staging/label/debian7-x86_64/gcc-build/avr/avr5/libgcc/../../../../gcc/libgcc/config/avr/lib1funcs.S:633
    744a:	91 1d       	adc	r25, r1
/home/jenkins/workspace/avr-gcc-staging/label/debian7-x86_64/gcc-build/avr/avr5/libgcc/../../../../gcc/libgcc/config/avr/lib1funcs.S:634
    744c:	11 24       	eor	r1, r1
/home/jenkins/workspace/avr-gcc-staging/label/debian7-x86_64/gcc-build/avr/avr5/libgcc/../../../../gcc/libgcc/config/avr/lib1funcs.S:635
    744e:	08 95       	ret

00007450 <__mulshisi3>:
__mulshisi3():
/home/jenkins/workspace/avr-gcc-staging/label/debian7-x86_64/gcc-build/avr/avr5/libgcc/../../../../gcc/libgcc/config/avr/lib1funcs.S:603
    7450:	b7 ff       	sbrs	r27, 7
/home/jenkins/workspace/avr-gcc-staging/label/debian7-x86_64/gcc-build/avr/avr5/libgcc/../../../../gcc/libgcc/config/avr/lib1funcs.S:605
    7452:	0c 94 1d 3a 	jmp	0x743a	; 0x743a <__muluhisi3>

00007456 <__mulohisi3>:
__mulohisi3():
/home/jenkins/workspace/avr-gcc-staging/label/debian7-x86_64/gcc-build/avr/avr5/libgcc/../../../../gcc/libgcc/config/avr/lib1funcs.S:613
    7456:	0e 94 1d 3a 	call	0x743a	; 0x743a <__muluhisi3>
/home/jenkins/workspace/avr-gcc-staging/label/debian7-x86_64/gcc-build/avr/avr5/libgcc/../../../../gcc/libgcc/config/avr/lib1funcs.S:615
    745a:	82 1b       	sub	r24, r18
/home/jenkins/workspace/avr-gcc-staging/label/debian7-x86_64/gcc-build/avr/avr5/libgcc/../../../../gcc/libgcc/config/avr/lib1funcs.S:616
    745c:	93 0b       	sbc	r25, r19
/home/jenkins/workspace/avr-gcc-staging/label/debian7-x86_64/gcc-build/avr/avr5/libgcc/../../../../gcc/libgcc/config/avr/lib1funcs.S:617
    745e:	08 95       	ret

00007460 <__moddi3>:
__moddi3():
/home/jenkins/workspace/avr-gcc-staging/label/debian7-x86_64/gcc-build/avr/avr5/libgcc/../../../../gcc/libgcc/config/avr/lib1funcs.S:1964
    7460:	68 94       	set
/home/jenkins/workspace/avr-gcc-staging/label/debian7-x86_64/gcc-build/avr/avr5/libgcc/../../../../gcc/libgcc/config/avr/lib1funcs.S:1965
    7462:	01 c0       	rjmp	.+2      	; 0x7466 <__divdi3_moddi3>

00007464 <__divdi3>:
__divdi3():
/home/jenkins/workspace/avr-gcc-staging/label/debian7-x86_64/gcc-build/avr/avr5/libgcc/../../../../gcc/libgcc/config/avr/lib1funcs.S:1972
    7464:	e8 94       	clt

00007466 <__divdi3_moddi3>:
__divdi3_moddi3():
/home/jenkins/workspace/avr-gcc-staging/label/debian7-x86_64/gcc-build/avr/avr5/libgcc/../../../../gcc/libgcc/config/avr/lib1funcs.S:1977
    7466:	f9 2f       	mov	r31, r25
/home/jenkins/workspace/avr-gcc-staging/label/debian7-x86_64/gcc-build/avr/avr5/libgcc/../../../../gcc/libgcc/config/avr/lib1funcs.S:1978
    7468:	f1 2b       	or	r31, r17
/home/jenkins/workspace/avr-gcc-staging/label/debian7-x86_64/gcc-build/avr/avr5/libgcc/../../../../gcc/libgcc/config/avr/lib1funcs.S:1979
    746a:	12 f0       	brmi	.+4      	; 0x7470 <__divdi3_moddi3+0xa>
/home/jenkins/workspace/avr-gcc-staging/label/debian7-x86_64/gcc-build/avr/avr5/libgcc/../../../../gcc/libgcc/config/avr/lib1funcs.S:1981
    746c:	0c 94 64 3a 	jmp	0x74c8	; 0x74c8 <__udivdi3_umoddi3>
/home/jenkins/workspace/avr-gcc-staging/label/debian7-x86_64/gcc-build/avr/avr5/libgcc/../../../../gcc/libgcc/config/avr/lib1funcs.S:1987
    7470:	a0 e0       	ldi	r26, 0x00	; 0
    7472:	b0 e0       	ldi	r27, 0x00	; 0
    7474:	ee e3       	ldi	r30, 0x3E	; 62
    7476:	fa e3       	ldi	r31, 0x3A	; 58
    7478:	0c 94 05 37 	jmp	0x6e0a	; 0x6e0a <__prologue_saves__+0xc>
/home/jenkins/workspace/avr-gcc-staging/label/debian7-x86_64/gcc-build/avr/avr5/libgcc/../../../../gcc/libgcc/config/avr/lib1funcs.S:1991
    747c:	09 2e       	mov	r0, r25
/home/jenkins/workspace/avr-gcc-staging/label/debian7-x86_64/gcc-build/avr/avr5/libgcc/../../../../gcc/libgcc/config/avr/lib1funcs.S:1992
    747e:	05 94       	asr	r0
/home/jenkins/workspace/avr-gcc-staging/label/debian7-x86_64/gcc-build/avr/avr5/libgcc/../../../../gcc/libgcc/config/avr/lib1funcs.S:1997
    7480:	22 f4       	brpl	.+8      	; 0x748a <__divdi3_moddi3+0x24>
/home/jenkins/workspace/avr-gcc-staging/label/debian7-x86_64/gcc-build/avr/avr5/libgcc/../../../../gcc/libgcc/config/avr/lib1funcs.S:2002
    7482:	0e 94 c0 3a 	call	0x7580	; 0x7580 <__negdi2>
/home/jenkins/workspace/avr-gcc-staging/label/debian7-x86_64/gcc-build/avr/avr5/libgcc/../../../../gcc/libgcc/config/avr/lib1funcs.S:2005
    7486:	11 23       	and	r17, r17
/home/jenkins/workspace/avr-gcc-staging/label/debian7-x86_64/gcc-build/avr/avr5/libgcc/../../../../gcc/libgcc/config/avr/lib1funcs.S:2006
    7488:	92 f4       	brpl	.+36     	; 0x74ae <__divdi3_moddi3+0x48>
/home/jenkins/workspace/avr-gcc-staging/label/debian7-x86_64/gcc-build/avr/avr5/libgcc/../../../../gcc/libgcc/config/avr/lib1funcs.S:2007
    748a:	f0 e8       	ldi	r31, 0x80	; 128
/home/jenkins/workspace/avr-gcc-staging/label/debian7-x86_64/gcc-build/avr/avr5/libgcc/../../../../gcc/libgcc/config/avr/lib1funcs.S:2008
    748c:	0f 26       	eor	r0, r31
/home/jenkins/workspace/avr-gcc-staging/label/debian7-x86_64/gcc-build/avr/avr5/libgcc/../../../../gcc/libgcc/config/avr/lib1funcs.S:2010
    748e:	ff ef       	ldi	r31, 0xFF	; 255
/home/jenkins/workspace/avr-gcc-staging/label/debian7-x86_64/gcc-build/avr/avr5/libgcc/../../../../gcc/libgcc/config/avr/lib1funcs.S:2011
    7490:	e0 94       	com	r14
    7492:	f0 94       	com	r15
    7494:	00 95       	com	r16
    7496:	10 95       	com	r17
/home/jenkins/workspace/avr-gcc-staging/label/debian7-x86_64/gcc-build/avr/avr5/libgcc/../../../../gcc/libgcc/config/avr/lib1funcs.S:2012
    7498:	b0 94       	com	r11
    749a:	c0 94       	com	r12
    749c:	d0 94       	com	r13
/home/jenkins/workspace/avr-gcc-staging/label/debian7-x86_64/gcc-build/avr/avr5/libgcc/../../../../gcc/libgcc/config/avr/lib1funcs.S:2013
    749e:	a1 94       	neg	r10
/home/jenkins/workspace/avr-gcc-staging/label/debian7-x86_64/gcc-build/avr/avr5/libgcc/../../../../gcc/libgcc/config/avr/lib1funcs.S:2014
    74a0:	bf 0a       	sbc	r11, r31
    74a2:	cf 0a       	sbc	r12, r31
    74a4:	df 0a       	sbc	r13, r31
/home/jenkins/workspace/avr-gcc-staging/label/debian7-x86_64/gcc-build/avr/avr5/libgcc/../../../../gcc/libgcc/config/avr/lib1funcs.S:2015
    74a6:	ef 0a       	sbc	r14, r31
    74a8:	ff 0a       	sbc	r15, r31
    74aa:	0f 0b       	sbc	r16, r31
    74ac:	1f 0b       	sbc	r17, r31
/home/jenkins/workspace/avr-gcc-staging/label/debian7-x86_64/gcc-build/avr/avr5/libgcc/../../../../gcc/libgcc/config/avr/lib1funcs.S:2018
    74ae:	0e 94 6f 3a 	call	0x74de	; 0x74de <__udivmod64>
/home/jenkins/workspace/avr-gcc-staging/label/debian7-x86_64/gcc-build/avr/avr5/libgcc/../../../../gcc/libgcc/config/avr/lib1funcs.S:2025
    74b2:	07 fc       	sbrc	r0, 7
/home/jenkins/workspace/avr-gcc-staging/label/debian7-x86_64/gcc-build/avr/avr5/libgcc/../../../../gcc/libgcc/config/avr/lib1funcs.S:2027
    74b4:	0e 94 c0 3a 	call	0x7580	; 0x7580 <__negdi2>
/home/jenkins/workspace/avr-gcc-staging/label/debian7-x86_64/gcc-build/avr/avr5/libgcc/../../../../gcc/libgcc/config/avr/lib1funcs.S:2030
    74b8:	cd b7       	in	r28, 0x3d	; 61
    74ba:	de b7       	in	r29, 0x3e	; 62
    74bc:	ec e0       	ldi	r30, 0x0C	; 12
    74be:	0c 94 21 37 	jmp	0x6e42	; 0x6e42 <__epilogue_restores__+0xc>

000074c2 <__umoddi3>:
__umoddi3():
/home/jenkins/workspace/avr-gcc-staging/label/debian7-x86_64/gcc-build/avr/avr5/libgcc/../../../../gcc/libgcc/config/avr/lib1funcs.S:1806
    74c2:	68 94       	set
/home/jenkins/workspace/avr-gcc-staging/label/debian7-x86_64/gcc-build/avr/avr5/libgcc/../../../../gcc/libgcc/config/avr/lib1funcs.S:1807
    74c4:	01 c0       	rjmp	.+2      	; 0x74c8 <__udivdi3_umoddi3>

000074c6 <__udivdi3>:
__udivdi3():
/home/jenkins/workspace/avr-gcc-staging/label/debian7-x86_64/gcc-build/avr/avr5/libgcc/../../../../gcc/libgcc/config/avr/lib1funcs.S:1814
    74c6:	e8 94       	clt

000074c8 <__udivdi3_umoddi3>:
__udivdi3_umoddi3():
/home/jenkins/workspace/avr-gcc-staging/label/debian7-x86_64/gcc-build/avr/avr5/libgcc/../../../../gcc/libgcc/config/avr/lib1funcs.S:1818
    74c8:	8f 92       	push	r8
/home/jenkins/workspace/avr-gcc-staging/label/debian7-x86_64/gcc-build/avr/avr5/libgcc/../../../../gcc/libgcc/config/avr/lib1funcs.S:1819
    74ca:	9f 92       	push	r9
/home/jenkins/workspace/avr-gcc-staging/label/debian7-x86_64/gcc-build/avr/avr5/libgcc/../../../../gcc/libgcc/config/avr/lib1funcs.S:1820
    74cc:	cf 93       	push	r28
/home/jenkins/workspace/avr-gcc-staging/label/debian7-x86_64/gcc-build/avr/avr5/libgcc/../../../../gcc/libgcc/config/avr/lib1funcs.S:1821
    74ce:	df 93       	push	r29
/home/jenkins/workspace/avr-gcc-staging/label/debian7-x86_64/gcc-build/avr/avr5/libgcc/../../../../gcc/libgcc/config/avr/lib1funcs.S:1822
    74d0:	0e 94 6f 3a 	call	0x74de	; 0x74de <__udivmod64>
/home/jenkins/workspace/avr-gcc-staging/label/debian7-x86_64/gcc-build/avr/avr5/libgcc/../../../../gcc/libgcc/config/avr/lib1funcs.S:1823
    74d4:	df 91       	pop	r29
/home/jenkins/workspace/avr-gcc-staging/label/debian7-x86_64/gcc-build/avr/avr5/libgcc/../../../../gcc/libgcc/config/avr/lib1funcs.S:1824
    74d6:	cf 91       	pop	r28
/home/jenkins/workspace/avr-gcc-staging/label/debian7-x86_64/gcc-build/avr/avr5/libgcc/../../../../gcc/libgcc/config/avr/lib1funcs.S:1825
    74d8:	9f 90       	pop	r9
/home/jenkins/workspace/avr-gcc-staging/label/debian7-x86_64/gcc-build/avr/avr5/libgcc/../../../../gcc/libgcc/config/avr/lib1funcs.S:1826
    74da:	8f 90       	pop	r8
/home/jenkins/workspace/avr-gcc-staging/label/debian7-x86_64/gcc-build/avr/avr5/libgcc/../../../../gcc/libgcc/config/avr/lib1funcs.S:1827
    74dc:	08 95       	ret

000074de <__udivmod64>:
__udivmod64():
/home/jenkins/workspace/avr-gcc-staging/label/debian7-x86_64/gcc-build/avr/avr5/libgcc/../../../../gcc/libgcc/config/avr/lib1funcs.S:1842
    74de:	88 24       	eor	r8, r8
/home/jenkins/workspace/avr-gcc-staging/label/debian7-x86_64/gcc-build/avr/avr5/libgcc/../../../../gcc/libgcc/config/avr/lib1funcs.S:1843
    74e0:	99 24       	eor	r9, r9
/home/jenkins/workspace/avr-gcc-staging/label/debian7-x86_64/gcc-build/avr/avr5/libgcc/../../../../gcc/libgcc/config/avr/lib1funcs.S:1844
    74e2:	f4 01       	movw	r30, r8
/home/jenkins/workspace/avr-gcc-staging/label/debian7-x86_64/gcc-build/avr/avr5/libgcc/../../../../gcc/libgcc/config/avr/lib1funcs.S:1845
    74e4:	e4 01       	movw	r28, r8
/home/jenkins/workspace/avr-gcc-staging/label/debian7-x86_64/gcc-build/avr/avr5/libgcc/../../../../gcc/libgcc/config/avr/lib1funcs.S:1846
    74e6:	b0 e4       	ldi	r27, 0x40	; 64
/home/jenkins/workspace/avr-gcc-staging/label/debian7-x86_64/gcc-build/avr/avr5/libgcc/../../../../gcc/libgcc/config/avr/lib1funcs.S:1856
    74e8:	9f 93       	push	r25
/home/jenkins/workspace/avr-gcc-staging/label/debian7-x86_64/gcc-build/avr/avr5/libgcc/../../../../gcc/libgcc/config/avr/lib1funcs.S:1857
    74ea:	aa 27       	eor	r26, r26
/home/jenkins/workspace/avr-gcc-staging/label/debian7-x86_64/gcc-build/avr/avr5/libgcc/../../../../gcc/libgcc/config/avr/lib1funcs.S:1861
    74ec:	9a 15       	cp	r25, r10
    74ee:	8b 04       	cpc	r8, r11
    74f0:	9c 04       	cpc	r9, r12
    74f2:	ed 05       	cpc	r30, r13
/home/jenkins/workspace/avr-gcc-staging/label/debian7-x86_64/gcc-build/avr/avr5/libgcc/../../../../gcc/libgcc/config/avr/lib1funcs.S:1862
    74f4:	fe 05       	cpc	r31, r14
    74f6:	cf 05       	cpc	r28, r15
    74f8:	d0 07       	cpc	r29, r16
    74fa:	a1 07       	cpc	r26, r17
/home/jenkins/workspace/avr-gcc-staging/label/debian7-x86_64/gcc-build/avr/avr5/libgcc/../../../../gcc/libgcc/config/avr/lib1funcs.S:1863
    74fc:	98 f4       	brcc	.+38     	; 0x7524 <__udivmod64+0x46>
/home/jenkins/workspace/avr-gcc-staging/label/debian7-x86_64/gcc-build/avr/avr5/libgcc/../../../../gcc/libgcc/config/avr/lib1funcs.S:1866
    74fe:	ad 2f       	mov	r26, r29
    7500:	dc 2f       	mov	r29, r28
    7502:	cf 2f       	mov	r28, r31
/home/jenkins/workspace/avr-gcc-staging/label/debian7-x86_64/gcc-build/avr/avr5/libgcc/../../../../gcc/libgcc/config/avr/lib1funcs.S:1867
    7504:	fe 2f       	mov	r31, r30
    7506:	e9 2d       	mov	r30, r9
    7508:	98 2c       	mov	r9, r8
    750a:	89 2e       	mov	r8, r25
/home/jenkins/workspace/avr-gcc-staging/label/debian7-x86_64/gcc-build/avr/avr5/libgcc/../../../../gcc/libgcc/config/avr/lib1funcs.S:1868
    750c:	98 2f       	mov	r25, r24
    750e:	87 2f       	mov	r24, r23
    7510:	76 2f       	mov	r23, r22
    7512:	65 2f       	mov	r22, r21
/home/jenkins/workspace/avr-gcc-staging/label/debian7-x86_64/gcc-build/avr/avr5/libgcc/../../../../gcc/libgcc/config/avr/lib1funcs.S:1869
    7514:	54 2f       	mov	r21, r20
    7516:	43 2f       	mov	r20, r19
    7518:	32 2f       	mov	r19, r18
    751a:	22 27       	eor	r18, r18
/home/jenkins/workspace/avr-gcc-staging/label/debian7-x86_64/gcc-build/avr/avr5/libgcc/../../../../gcc/libgcc/config/avr/lib1funcs.S:1872
    751c:	b8 50       	subi	r27, 0x08	; 8
/home/jenkins/workspace/avr-gcc-staging/label/debian7-x86_64/gcc-build/avr/avr5/libgcc/../../../../gcc/libgcc/config/avr/lib1funcs.S:1873
    751e:	31 f7       	brne	.-52     	; 0x74ec <__udivmod64+0xe>
/home/jenkins/workspace/avr-gcc-staging/label/debian7-x86_64/gcc-build/avr/avr5/libgcc/../../../../gcc/libgcc/config/avr/lib1funcs.S:1876
    7520:	bf 91       	pop	r27
/home/jenkins/workspace/avr-gcc-staging/label/debian7-x86_64/gcc-build/avr/avr5/libgcc/../../../../gcc/libgcc/config/avr/lib1funcs.S:1881
    7522:	27 c0       	rjmp	.+78     	; 0x7572 <__udivmod64+0x94>
/home/jenkins/workspace/avr-gcc-staging/label/debian7-x86_64/gcc-build/avr/avr5/libgcc/../../../../gcc/libgcc/config/avr/lib1funcs.S:1884
    7524:	1b 2e       	mov	r1, r27
/home/jenkins/workspace/avr-gcc-staging/label/debian7-x86_64/gcc-build/avr/avr5/libgcc/../../../../gcc/libgcc/config/avr/lib1funcs.S:1887
    7526:	bf 91       	pop	r27
/home/jenkins/workspace/avr-gcc-staging/label/debian7-x86_64/gcc-build/avr/avr5/libgcc/../../../../gcc/libgcc/config/avr/lib1funcs.S:1888
    7528:	bb 27       	eor	r27, r27
/home/jenkins/workspace/avr-gcc-staging/label/debian7-x86_64/gcc-build/avr/avr5/libgcc/../../../../gcc/libgcc/config/avr/lib1funcs.S:1916
    752a:	22 0f       	add	r18, r18
    752c:	33 1f       	adc	r19, r19
    752e:	44 1f       	adc	r20, r20
    7530:	55 1f       	adc	r21, r21
/home/jenkins/workspace/avr-gcc-staging/label/debian7-x86_64/gcc-build/avr/avr5/libgcc/../../../../gcc/libgcc/config/avr/lib1funcs.S:1917
    7532:	66 1f       	adc	r22, r22
    7534:	77 1f       	adc	r23, r23
    7536:	88 1f       	adc	r24, r24
    7538:	99 1f       	adc	r25, r25
/home/jenkins/workspace/avr-gcc-staging/label/debian7-x86_64/gcc-build/avr/avr5/libgcc/../../../../gcc/libgcc/config/avr/lib1funcs.S:1920
    753a:	88 1c       	adc	r8, r8
    753c:	99 1c       	adc	r9, r9
    753e:	ee 1f       	adc	r30, r30
    7540:	ff 1f       	adc	r31, r31
/home/jenkins/workspace/avr-gcc-staging/label/debian7-x86_64/gcc-build/avr/avr5/libgcc/../../../../gcc/libgcc/config/avr/lib1funcs.S:1921
    7542:	cc 1f       	adc	r28, r28
    7544:	dd 1f       	adc	r29, r29
    7546:	aa 1f       	adc	r26, r26
    7548:	bb 1f       	adc	r27, r27
/home/jenkins/workspace/avr-gcc-staging/label/debian7-x86_64/gcc-build/avr/avr5/libgcc/../../../../gcc/libgcc/config/avr/lib1funcs.S:1924
    754a:	8a 14       	cp	r8, r10
    754c:	9b 04       	cpc	r9, r11
    754e:	ec 05       	cpc	r30, r12
    7550:	fd 05       	cpc	r31, r13
/home/jenkins/workspace/avr-gcc-staging/label/debian7-x86_64/gcc-build/avr/avr5/libgcc/../../../../gcc/libgcc/config/avr/lib1funcs.S:1925
    7552:	ce 05       	cpc	r28, r14
    7554:	df 05       	cpc	r29, r15
    7556:	a0 07       	cpc	r26, r16
    7558:	b1 07       	cpc	r27, r17
/home/jenkins/workspace/avr-gcc-staging/label/debian7-x86_64/gcc-build/avr/avr5/libgcc/../../../../gcc/libgcc/config/avr/lib1funcs.S:1927
    755a:	48 f0       	brcs	.+18     	; 0x756e <__udivmod64+0x90>
/home/jenkins/workspace/avr-gcc-staging/label/debian7-x86_64/gcc-build/avr/avr5/libgcc/../../../../gcc/libgcc/config/avr/lib1funcs.S:1930
    755c:	8a 18       	sub	r8, r10
    755e:	9b 08       	sbc	r9, r11
    7560:	ec 09       	sbc	r30, r12
    7562:	fd 09       	sbc	r31, r13
/home/jenkins/workspace/avr-gcc-staging/label/debian7-x86_64/gcc-build/avr/avr5/libgcc/../../../../gcc/libgcc/config/avr/lib1funcs.S:1931
    7564:	ce 09       	sbc	r28, r14
    7566:	df 09       	sbc	r29, r15
    7568:	a0 0b       	sbc	r26, r16
    756a:	b1 0b       	sbc	r27, r17
/home/jenkins/workspace/avr-gcc-staging/label/debian7-x86_64/gcc-build/avr/avr5/libgcc/../../../../gcc/libgcc/config/avr/lib1funcs.S:1935
    756c:	21 60       	ori	r18, 0x01	; 1
/home/jenkins/workspace/avr-gcc-staging/label/debian7-x86_64/gcc-build/avr/avr5/libgcc/../../../../gcc/libgcc/config/avr/lib1funcs.S:1938
    756e:	1a 94       	dec	r1
/home/jenkins/workspace/avr-gcc-staging/label/debian7-x86_64/gcc-build/avr/avr5/libgcc/../../../../gcc/libgcc/config/avr/lib1funcs.S:1939
    7570:	e1 f6       	brne	.-72     	; 0x752a <__udivmod64+0x4c>
/home/jenkins/workspace/avr-gcc-staging/label/debian7-x86_64/gcc-build/avr/avr5/libgcc/../../../../gcc/libgcc/config/avr/lib1funcs.S:1944
    7572:	2e f4       	brtc	.+10     	; 0x757e <__udivmod64+0xa0>
/home/jenkins/workspace/avr-gcc-staging/label/debian7-x86_64/gcc-build/avr/avr5/libgcc/../../../../gcc/libgcc/config/avr/lib1funcs.S:1945
    7574:	94 01       	movw	r18, r8
/home/jenkins/workspace/avr-gcc-staging/label/debian7-x86_64/gcc-build/avr/avr5/libgcc/../../../../gcc/libgcc/config/avr/lib1funcs.S:1946
    7576:	af 01       	movw	r20, r30
/home/jenkins/workspace/avr-gcc-staging/label/debian7-x86_64/gcc-build/avr/avr5/libgcc/../../../../gcc/libgcc/config/avr/lib1funcs.S:1947
    7578:	be 01       	movw	r22, r28
/home/jenkins/workspace/avr-gcc-staging/label/debian7-x86_64/gcc-build/avr/avr5/libgcc/../../../../gcc/libgcc/config/avr/lib1funcs.S:1948
    757a:	cd 01       	movw	r24, r26
/home/jenkins/workspace/avr-gcc-staging/label/debian7-x86_64/gcc-build/avr/avr5/libgcc/../../../../gcc/libgcc/config/avr/lib1funcs.S:1950
    757c:	00 0c       	add	r0, r0
/home/jenkins/workspace/avr-gcc-staging/label/debian7-x86_64/gcc-build/avr/avr5/libgcc/../../../../gcc/libgcc/config/avr/lib1funcs.S:1952
    757e:	08 95       	ret

00007580 <__negdi2>:
__negdi2():
/home/jenkins/workspace/avr-gcc-staging/label/debian7-x86_64/gcc-build/avr/avr5/libgcc/../../../../gcc/libgcc/config/avr/lib1funcs.S:2117
    7580:	60 95       	com	r22
    7582:	70 95       	com	r23
    7584:	80 95       	com	r24
    7586:	90 95       	com	r25
/home/jenkins/workspace/avr-gcc-staging/label/debian7-x86_64/gcc-build/avr/avr5/libgcc/../../../../gcc/libgcc/config/avr/lib1funcs.S:2118
    7588:	30 95       	com	r19
    758a:	40 95       	com	r20
    758c:	50 95       	com	r21
/home/jenkins/workspace/avr-gcc-staging/label/debian7-x86_64/gcc-build/avr/avr5/libgcc/../../../../gcc/libgcc/config/avr/lib1funcs.S:2119
    758e:	21 95       	neg	r18
/home/jenkins/workspace/avr-gcc-staging/label/debian7-x86_64/gcc-build/avr/avr5/libgcc/../../../../gcc/libgcc/config/avr/lib1funcs.S:2120
    7590:	3f 4f       	sbci	r19, 0xFF	; 255
    7592:	4f 4f       	sbci	r20, 0xFF	; 255
    7594:	5f 4f       	sbci	r21, 0xFF	; 255
/home/jenkins/workspace/avr-gcc-staging/label/debian7-x86_64/gcc-build/avr/avr5/libgcc/../../../../gcc/libgcc/config/avr/lib1funcs.S:2121
    7596:	6f 4f       	sbci	r22, 0xFF	; 255
    7598:	7f 4f       	sbci	r23, 0xFF	; 255
    759a:	8f 4f       	sbci	r24, 0xFF	; 255
    759c:	9f 4f       	sbci	r25, 0xFF	; 255
/home/jenkins/workspace/avr-gcc-staging/label/debian7-x86_64/gcc-build/avr/avr5/libgcc/../../../../gcc/libgcc/config/avr/lib1funcs.S:2122
    759e:	08 95       	ret

000075a0 <__ashldi3>:
__ashldi3():
/home/jenkins/workspace/avr-gcc-staging/label/debian7-x86_64/gcc-build/avr/avr5/libgcc/../../../../gcc/libgcc/config/avr/lib1funcs.S:3169
    75a0:	00 2e       	mov	r0, r16
/home/jenkins/workspace/avr-gcc-staging/label/debian7-x86_64/gcc-build/avr/avr5/libgcc/../../../../gcc/libgcc/config/avr/lib1funcs.S:3170
    75a2:	08 30       	cpi	r16, 0x08	; 8
/home/jenkins/workspace/avr-gcc-staging/label/debian7-x86_64/gcc-build/avr/avr5/libgcc/../../../../gcc/libgcc/config/avr/lib1funcs.S:3171
    75a4:	90 f0       	brcs	.+36     	; 0x75ca <__ashldi3+0x2a>
/home/jenkins/workspace/avr-gcc-staging/label/debian7-x86_64/gcc-build/avr/avr5/libgcc/../../../../gcc/libgcc/config/avr/lib1funcs.S:3172
    75a6:	98 2f       	mov	r25, r24
/home/jenkins/workspace/avr-gcc-staging/label/debian7-x86_64/gcc-build/avr/avr5/libgcc/../../../../gcc/libgcc/config/avr/lib1funcs.S:3173
    75a8:	87 2f       	mov	r24, r23
/home/jenkins/workspace/avr-gcc-staging/label/debian7-x86_64/gcc-build/avr/avr5/libgcc/../../../../gcc/libgcc/config/avr/lib1funcs.S:3174
    75aa:	76 2f       	mov	r23, r22
/home/jenkins/workspace/avr-gcc-staging/label/debian7-x86_64/gcc-build/avr/avr5/libgcc/../../../../gcc/libgcc/config/avr/lib1funcs.S:3175
    75ac:	65 2f       	mov	r22, r21
/home/jenkins/workspace/avr-gcc-staging/label/debian7-x86_64/gcc-build/avr/avr5/libgcc/../../../../gcc/libgcc/config/avr/lib1funcs.S:3176
    75ae:	54 2f       	mov	r21, r20
/home/jenkins/workspace/avr-gcc-staging/label/debian7-x86_64/gcc-build/avr/avr5/libgcc/../../../../gcc/libgcc/config/avr/lib1funcs.S:3177
    75b0:	43 2f       	mov	r20, r19
/home/jenkins/workspace/avr-gcc-staging/label/debian7-x86_64/gcc-build/avr/avr5/libgcc/../../../../gcc/libgcc/config/avr/lib1funcs.S:3178
    75b2:	32 2f       	mov	r19, r18
/home/jenkins/workspace/avr-gcc-staging/label/debian7-x86_64/gcc-build/avr/avr5/libgcc/../../../../gcc/libgcc/config/avr/lib1funcs.S:3179
    75b4:	22 27       	eor	r18, r18
/home/jenkins/workspace/avr-gcc-staging/label/debian7-x86_64/gcc-build/avr/avr5/libgcc/../../../../gcc/libgcc/config/avr/lib1funcs.S:3180
    75b6:	08 50       	subi	r16, 0x08	; 8
/home/jenkins/workspace/avr-gcc-staging/label/debian7-x86_64/gcc-build/avr/avr5/libgcc/../../../../gcc/libgcc/config/avr/lib1funcs.S:3181
    75b8:	f4 cf       	rjmp	.-24     	; 0x75a2 <__ashldi3+0x2>
/home/jenkins/workspace/avr-gcc-staging/label/debian7-x86_64/gcc-build/avr/avr5/libgcc/../../../../gcc/libgcc/config/avr/lib1funcs.S:3182
    75ba:	22 0f       	add	r18, r18
/home/jenkins/workspace/avr-gcc-staging/label/debian7-x86_64/gcc-build/avr/avr5/libgcc/../../../../gcc/libgcc/config/avr/lib1funcs.S:3183
    75bc:	33 1f       	adc	r19, r19
/home/jenkins/workspace/avr-gcc-staging/label/debian7-x86_64/gcc-build/avr/avr5/libgcc/../../../../gcc/libgcc/config/avr/lib1funcs.S:3184
    75be:	44 1f       	adc	r20, r20
/home/jenkins/workspace/avr-gcc-staging/label/debian7-x86_64/gcc-build/avr/avr5/libgcc/../../../../gcc/libgcc/config/avr/lib1funcs.S:3185
    75c0:	55 1f       	adc	r21, r21
/home/jenkins/workspace/avr-gcc-staging/label/debian7-x86_64/gcc-build/avr/avr5/libgcc/../../../../gcc/libgcc/config/avr/lib1funcs.S:3186
    75c2:	66 1f       	adc	r22, r22
/home/jenkins/workspace/avr-gcc-staging/label/debian7-x86_64/gcc-build/avr/avr5/libgcc/../../../../gcc/libgcc/config/avr/lib1funcs.S:3187
    75c4:	77 1f       	adc	r23, r23
/home/jenkins/workspace/avr-gcc-staging/label/debian7-x86_64/gcc-build/avr/avr5/libgcc/../../../../gcc/libgcc/config/avr/lib1funcs.S:3188
    75c6:	88 1f       	adc	r24, r24
/home/jenkins/workspace/avr-gcc-staging/label/debian7-x86_64/gcc-build/avr/avr5/libgcc/../../../../gcc/libgcc/config/avr/lib1funcs.S:3189
    75c8:	99 1f       	adc	r25, r25
/home/jenkins/workspace/avr-gcc-staging/label/debian7-x86_64/gcc-build/avr/avr5/libgcc/../../../../gcc/libgcc/config/avr/lib1funcs.S:3190
    75ca:	0a 95       	dec	r16
/home/jenkins/workspace/avr-gcc-staging/label/debian7-x86_64/gcc-build/avr/avr5/libgcc/../../../../gcc/libgcc/config/avr/lib1funcs.S:3191
    75cc:	b2 f7       	brpl	.-20     	; 0x75ba <__ashldi3+0x1a>
/home/jenkins/workspace/avr-gcc-staging/label/debian7-x86_64/gcc-build/avr/avr5/libgcc/../../../../gcc/libgcc/config/avr/lib1funcs.S:3192
    75ce:	00 2d       	mov	r16, r0
/home/jenkins/workspace/avr-gcc-staging/label/debian7-x86_64/gcc-build/avr/avr5/libgcc/../../../../gcc/libgcc/config/avr/lib1funcs.S:3193
    75d0:	08 95       	ret

000075d2 <strcpy>:
strcpy():
    75d2:	fb 01       	movw	r30, r22
    75d4:	dc 01       	movw	r26, r24
    75d6:	01 90       	ld	r0, Z+
    75d8:	0d 92       	st	X+, r0
    75da:	00 20       	and	r0, r0
    75dc:	e1 f7       	brne	.-8      	; 0x75d6 <strcpy+0x4>
    75de:	08 95       	ret

000075e0 <strncpy>:
strncpy():
    75e0:	fb 01       	movw	r30, r22
    75e2:	dc 01       	movw	r26, r24
    75e4:	41 50       	subi	r20, 0x01	; 1
    75e6:	50 40       	sbci	r21, 0x00	; 0
    75e8:	48 f0       	brcs	.+18     	; 0x75fc <strncpy+0x1c>
    75ea:	01 90       	ld	r0, Z+
    75ec:	0d 92       	st	X+, r0
    75ee:	00 20       	and	r0, r0
    75f0:	c9 f7       	brne	.-14     	; 0x75e4 <strncpy+0x4>
    75f2:	01 c0       	rjmp	.+2      	; 0x75f6 <strncpy+0x16>
    75f4:	1d 92       	st	X+, r1
    75f6:	41 50       	subi	r20, 0x01	; 1
    75f8:	50 40       	sbci	r21, 0x00	; 0
    75fa:	e0 f7       	brcc	.-8      	; 0x75f4 <strncpy+0x14>
    75fc:	08 95       	ret

000075fe <sprintf>:
sprintf():
    75fe:	ae e0       	ldi	r26, 0x0E	; 14
    7600:	b0 e0       	ldi	r27, 0x00	; 0
    7602:	e5 e0       	ldi	r30, 0x05	; 5
    7604:	fb e3       	ldi	r31, 0x3B	; 59
    7606:	0c 94 0d 37 	jmp	0x6e1a	; 0x6e1a <__prologue_saves__+0x1c>
    760a:	0d 89       	ldd	r16, Y+21	; 0x15
    760c:	1e 89       	ldd	r17, Y+22	; 0x16
    760e:	86 e0       	ldi	r24, 0x06	; 6
    7610:	8c 83       	std	Y+4, r24	; 0x04
    7612:	1a 83       	std	Y+2, r17	; 0x02
    7614:	09 83       	std	Y+1, r16	; 0x01
    7616:	8f ef       	ldi	r24, 0xFF	; 255
    7618:	9f e7       	ldi	r25, 0x7F	; 127
    761a:	9e 83       	std	Y+6, r25	; 0x06
    761c:	8d 83       	std	Y+5, r24	; 0x05
    761e:	ae 01       	movw	r20, r28
    7620:	47 5e       	subi	r20, 0xE7	; 231
    7622:	5f 4f       	sbci	r21, 0xFF	; 255
    7624:	6f 89       	ldd	r22, Y+23	; 0x17
    7626:	78 8d       	ldd	r23, Y+24	; 0x18
    7628:	ce 01       	movw	r24, r28
    762a:	01 96       	adiw	r24, 0x01	; 1
    762c:	0e 94 51 34 	call	0x68a2	; 0x68a2 <vfprintf>
    7630:	2f 81       	ldd	r18, Y+7	; 0x07
    7632:	38 85       	ldd	r19, Y+8	; 0x08
    7634:	02 0f       	add	r16, r18
    7636:	13 1f       	adc	r17, r19
    7638:	f8 01       	movw	r30, r16
    763a:	10 82       	st	Z, r1
    763c:	2e 96       	adiw	r28, 0x0e	; 14
    763e:	e4 e0       	ldi	r30, 0x04	; 4
    7640:	0c 94 29 37 	jmp	0x6e52	; 0x6e52 <__epilogue_restores__+0x1c>

00007644 <__do_global_dtors>:
__do_global_dtors():
/home/jenkins/workspace/avr-gcc-staging/label/debian7-x86_64/gcc-build/avr/avr5/libgcc/../../../../gcc/libgcc/config/avr/lib1funcs.S:2496
    7644:	11 e0       	ldi	r17, 0x01	; 1
/home/jenkins/workspace/avr-gcc-staging/label/debian7-x86_64/gcc-build/avr/avr5/libgcc/../../../../gcc/libgcc/config/avr/lib1funcs.S:2497
    7646:	cc e7       	ldi	r28, 0x7C	; 124
/home/jenkins/workspace/avr-gcc-staging/label/debian7-x86_64/gcc-build/avr/avr5/libgcc/../../../../gcc/libgcc/config/avr/lib1funcs.S:2498
    7648:	d1 e0       	ldi	r29, 0x01	; 1
/home/jenkins/workspace/avr-gcc-staging/label/debian7-x86_64/gcc-build/avr/avr5/libgcc/../../../../gcc/libgcc/config/avr/lib1funcs.S:2502
    764a:	04 c0       	rjmp	.+8      	; 0x7654 <__do_global_dtors+0x10>
/home/jenkins/workspace/avr-gcc-staging/label/debian7-x86_64/gcc-build/avr/avr5/libgcc/../../../../gcc/libgcc/config/avr/lib1funcs.S:2508
    764c:	fe 01       	movw	r30, r28
/home/jenkins/workspace/avr-gcc-staging/label/debian7-x86_64/gcc-build/avr/avr5/libgcc/../../../../gcc/libgcc/config/avr/lib1funcs.S:2509
    764e:	0e 94 f9 39 	call	0x73f2	; 0x73f2 <__tablejump2__>
/home/jenkins/workspace/avr-gcc-staging/label/debian7-x86_64/gcc-build/avr/avr5/libgcc/../../../../gcc/libgcc/config/avr/lib1funcs.S:2510
    7652:	21 96       	adiw	r28, 0x01	; 1
/home/jenkins/workspace/avr-gcc-staging/label/debian7-x86_64/gcc-build/avr/avr5/libgcc/../../../../gcc/libgcc/config/avr/lib1funcs.S:2515
    7654:	cd 37       	cpi	r28, 0x7D	; 125
/home/jenkins/workspace/avr-gcc-staging/label/debian7-x86_64/gcc-build/avr/avr5/libgcc/../../../../gcc/libgcc/config/avr/lib1funcs.S:2516
    7656:	d1 07       	cpc	r29, r17
/home/jenkins/workspace/avr-gcc-staging/label/debian7-x86_64/gcc-build/avr/avr5/libgcc/../../../../gcc/libgcc/config/avr/lib1funcs.S:2521
    7658:	c9 f7       	brne	.-14     	; 0x764c <__do_global_dtors+0x8>
/home/jenkins/workspace/avr-gcc-staging/label/debian7-x86_64/gcc-build/avr/avr5/libgcc/../../../../gcc/libgcc/config/avr/lib1funcs.S:2278
    765a:	f8 94       	cli

0000765c <__stop_program>:
__stop_program():
/home/jenkins/workspace/avr-gcc-staging/label/debian7-x86_64/gcc-build/avr/avr5/libgcc/../../../../gcc/libgcc/config/avr/lib1funcs.S:2280
    765c:	ff cf       	rjmp	.-2      	; 0x765c <__stop_program>
