
/home/jgalera/.cache/arduino/sketches/85E86EB66F45355D5E750D67146DA2C0/usdx_plus_orange.ino.elf:     file format elf32-avr


Disassembly of section .text:

00000000 <__vectors>:
__vectors():
       0:	0c 94 7c 01 	jmp	0x2f8	; 0x2f8 <__ctors_end>
       4:	0c 94 a4 01 	jmp	0x348	; 0x348 <__bad_interrupt>
       8:	0c 94 a4 01 	jmp	0x348	; 0x348 <__bad_interrupt>
       c:	0c 94 a4 01 	jmp	0x348	; 0x348 <__bad_interrupt>
      10:	0c 94 a4 01 	jmp	0x348	; 0x348 <__bad_interrupt>
      14:	0c 94 7b 22 	jmp	0x44f6	; 0x44f6 <__vector_5>
      18:	0c 94 a4 01 	jmp	0x348	; 0x348 <__bad_interrupt>
      1c:	0c 94 54 22 	jmp	0x44a8	; 0x44a8 <__vector_7>
      20:	0c 94 a4 01 	jmp	0x348	; 0x348 <__bad_interrupt>
      24:	0c 94 a4 01 	jmp	0x348	; 0x348 <__bad_interrupt>
      28:	0c 94 a4 01 	jmp	0x348	; 0x348 <__bad_interrupt>
      2c:	0c 94 a4 01 	jmp	0x348	; 0x348 <__bad_interrupt>
      30:	0c 94 a4 01 	jmp	0x348	; 0x348 <__bad_interrupt>
      34:	0c 94 a4 01 	jmp	0x348	; 0x348 <__bad_interrupt>
      38:	0c 94 a4 01 	jmp	0x348	; 0x348 <__bad_interrupt>
      3c:	0c 94 a4 01 	jmp	0x348	; 0x348 <__bad_interrupt>
      40:	0c 94 b2 21 	jmp	0x4364	; 0x4364 <__vector_16>
      44:	0c 94 a4 01 	jmp	0x348	; 0x348 <__bad_interrupt>
      48:	0c 94 22 22 	jmp	0x4444	; 0x4444 <__vector_18>
      4c:	0c 94 fc 21 	jmp	0x43f8	; 0x43f8 <__vector_19>
      50:	0c 94 a4 01 	jmp	0x348	; 0x348 <__bad_interrupt>
      54:	0c 94 a4 01 	jmp	0x348	; 0x348 <__bad_interrupt>
      58:	0c 94 a4 01 	jmp	0x348	; 0x348 <__bad_interrupt>
      5c:	0c 94 a4 01 	jmp	0x348	; 0x348 <__bad_interrupt>
      60:	0c 94 a4 01 	jmp	0x348	; 0x348 <__bad_interrupt>
      64:	0c 94 a4 01 	jmp	0x348	; 0x348 <__bad_interrupt>

00000068 <__trampolines_end>:
__trampolines_start():
      68:	45 41       	sbci	r20, 0x15	; 21
      6a:	37 4c       	sbci	r19, 0xC7	; 199
      6c:	4a 59       	subi	r20, 0x9A	; 154
	...

0000006f <printlabel(unsigned char, unsigned char, __FlashStringHelper const*)::__c>:
      6f:	3a 20 00                                            : .

00000072 <_ZZ11paramActionhhE3__c__23_>:
      72:	42 61 63 6b 6c 69 67 68 74 00                       Backlight.

0000007c <_ZZ11paramActionhhE3__c__22_>:
      7c:	49 51 20 50 68 61 73 65 00                          IQ Phase.

00000085 <_ZZ11paramActionhhE3__c__21_>:
      85:	52 65 66 20 66 72 65 71 00                          Ref freq.

0000008e <_ZZ11paramActionhhE3__c__20_>:
      8e:	50 41 20 42 69 61 73 20 6d 61 78 00                 PA Bias max.

0000009a <_ZZ11paramActionhhE3__c__19_>:
      9a:	50 41 20 42 69 61 73 20 6d 69 6e 00                 PA Bias min.

000000a6 <_ZZ11paramActionhhE3__c__18_>:
      a6:	4e 6f 69 73 65 20 47 61 74 65 00                    Noise Gate.

000000b1 <_ZZ11paramActionhhE3__c__17_>:
      b1:	56 4f 58 00                                         VOX.

000000b5 <_ZZ11paramActionhhE3__c__16_>:
      b5:	50 72 61 63 74 69 63 65 00                          Practice.

000000be <_ZZ11paramActionhhE3__c__15_>:
      be:	4b 65 79 65 72 20 53 77 61 70 00                    Keyer Swap.

000000c9 <_ZZ11paramActionhhE3__c__14_>:
      c9:	4b 65 79 65 72 20 4d 6f 64 65 00                    Keyer Mode.

000000d4 <_ZZ11paramActionhhE3__c__13_>:
      d4:	4b 65 79 65 72 20 53 70 65 65 64 00                 Keyer Speed.

000000e0 <_ZZ11paramActionhhE3__c__12_>:
      e0:	53 65 6d 69 20 51 53 4b 00                          Semi QSK.

000000e9 <_ZZ11paramActionhhE3__c__11_>:
      e9:	43 57 20 44 65 63 6f 64 65 72 00                    CW Decoder.

000000f4 <_ZZ11paramActionhhE3__c__10_>:
      f4:	53 2d 6d 65 74 65 72 00                             S-meter.

000000fc <paramAction(unsigned char, unsigned char)::__c>:
      fc:	41 54 54 32 00                                      ATT2.

00000101 <paramAction(unsigned char, unsigned char)::__c>:
     101:	41 54 54 00                                         ATT.

00000105 <paramAction(unsigned char, unsigned char)::__c>:
     105:	4e 52 00                                            NR.

00000108 <paramAction(unsigned char, unsigned char)::__c>:
     108:	41 47 43 00                                         AGC.

0000010c <paramAction(unsigned char, unsigned char)::__c>:
     10c:	52 49 54 00                                         RIT.

00000110 <paramAction(unsigned char, unsigned char)::__c>:
     110:	56 46 4f 20 4d 6f 64 65 00                          VFO Mode.

00000119 <paramAction(unsigned char, unsigned char)::__c>:
     119:	54 75 6e 65 20 52 61 74 65 00                       Tune Rate.

00000123 <paramAction(unsigned char, unsigned char)::__c>:
     123:	42 61 6e 64 00                                      Band.

00000128 <paramAction(unsigned char, unsigned char)::__c>:
     128:	46 69 6c 74 65 72 20 42 57 00                       Filter BW.

00000132 <paramAction(unsigned char, unsigned char)::__c>:
     132:	4d 6f 64 65 00                                      Mode.

00000137 <paramAction(unsigned char, unsigned char)::__c>:
     137:	56 6f 6c 75 6d 65 00                                Volume.

0000013e <ramp>:
     13e:	ff fe fc f9 f5 ef e9 e2 d9 d0 c6 bb b0 a4 98 8b     ................
     14e:	7f 73 66 5a 4e 43 38 2e 25 1c 15 0f 09 05 02 00     .sfZNC8.%.......

0000015e <lcd_blanks()::__c>:
     15e:	20 20 20 20 20 20 20 20 00                                  .

00000167 <_ZZ5setupE3__c__11_>:
     167:	43 68 65 63 6b 20 50 54 54 2f 6b 65 79 00           Check PTT/key.

00000175 <_ZZ5setupE3__c__10_>:
     175:	52 65 73 65 74 20 73 65 74 74 69 6e 67 73 2e 2e     Reset settings..
	...

00000186 <setup::__c>:
     186:	42 45 52 5f 69 32 63 00                             BER_i2c.

0000018e <setup::__c>:
     18e:	56 61 64 63 31 00                                   Vadc1.

00000194 <setup::__c>:
     194:	56 61 64 63 30 00                                   Vadc0.

0000019a <setup::__c>:
     19a:	56 61 64 63 32 00                                   Vadc2.

000001a0 <setup::__c>:
     1a0:	56 61 76 63 63 00                                   Vavcc.

000001a6 <setup::__c>:
     1a6:	56 33 2e 33 00                                      V3.3.

000001ab <setup::__c>:
     1ab:	56 35 2e 30 00                                      V5.0.

000001b0 <setup::__c>:
     1b0:	31 2e 30 33 78 00                                   1.03x.

000001b6 <setup::__c>:
     1b6:	20 52 00                                             R.

000001b9 <fonts>:
     1b9:	08 04 0a 05 0a 04 08 00 00 00 00 00 00 00 00 00     ................
     1c9:	10 10 10 10 10 10 10 10 10 10 14 14 14 14 14 14     ................
     1d9:	10 10 15 15 15 15 15 15 0c 12 1e 12 12 00 00 00     ................
     1e9:	1c 12 1c 12 1c 00 00 00 00 00 00 00 00 00 00 00     ................

000001f9 <smeter(int)::__c>:
     1f9:	64 42 6d 20 00                                      dBm .

000001fe <powerDown()::__c>:
     1fe:	50 6f 77 65 72 2d 6f 66 66 20 37 33 20 3a 2d 29     Power-off 73 :-)
	...

0000020f <display_vfo(long)::__c>:
     20f:	52 49 54 20 00                                      RIT .

00000214 <port_to_mode_PGM>:
     214:	00 00 00 00 24 00 27 00 2a 00                       ....$.'.*.

0000021e <port_to_output_PGM>:
     21e:	00 00 00 00 25 00 28 00 2b 00                       ....%.(.+.

00000228 <port_to_input_PGM>:
     228:	00 00 00 00 23 00 26 00 29 00                       ....#.&.).

00000232 <digital_pin_to_port_PGM>:
     232:	04 04 04 04 04 04 04 04 02 02 02 02 02 02 03 03     ................
     242:	03 03 03 03 02 02 03                                .......

00000249 <digital_pin_to_bit_mask_PGM>:
     249:	01 02 04 08 10 20 40 80 01 02 04 08 10 20 01 02     ..... @...... ..
     259:	04 08 10 20 40 80 40                                ... @.@

00000260 <digital_pin_to_timer_PGM>:
     260:	00 00 00 09 00 03 02 00 00 04 05 08 00 00 00 00     ................
     270:	00 00 00 00 00 00 00                                .......

00000277 <m2c>:
     277:	7e 20 45 54 49 41 4e 4d 53 55 52 57 44 4b 47 4f     ~ ETIANMSURWDKGO
     287:	48 56 46 2a 4c 2a 50 4a 42 58 43 59 5a 51 2a 2a     HVF*L*PJBXCYZQ**
     297:	35 34 53 33 2a 2a 2a 32 2a 2a 2b 2a 2a 2a 4a 31     54S3***2**+***J1
     2a7:	36 3d 2f 2a 2a 2a 48 2a 37 2a 47 2a 38 2a 39 30     6=/***H*7*G*8*90
     2b7:	2a 2a 2a 2a 2a 2a 2a 2a 2a 2a 2a 2a 3f 5f 2a 2a     ************?_**
     2c7:	2a 2a 22 2a 2a 2e 2a 2a 2a 2a 40 2a 2a 2a 27 2a     **"**.****@***'*
     2d7:	2a 2d 2a 2a 2a 2a 2a 2a 2a 2a 3b 21 2a 29 2a 2a     *-********;!*)**
     2e7:	2a 2a 2a 2c 2a 2a 2a 2a 3a 2a 2a 2a 2a 00 00        ***,****:****..

000002f6 <__ctors_start>:
__ctors_start():
     2f6:	c3 22       	and	r12, r19

000002f8 <__ctors_end>:
__dtors_end():
     2f8:	11 24       	eor	r1, r1
     2fa:	1f be       	out	0x3f, r1	; 63
     2fc:	cf ef       	ldi	r28, 0xFF	; 255
     2fe:	d8 e0       	ldi	r29, 0x08	; 8
     300:	de bf       	out	0x3e, r29	; 62
     302:	cd bf       	out	0x3d, r28	; 61

00000304 <__do_copy_data>:
__do_copy_data():
/home/jenkins/workspace/avr-gcc-staging/label/debian7-x86_64/gcc-build/avr/avr5/libgcc/../../../../gcc/libgcc/config/avr/lib1funcs.S:2409
     304:	13 e0       	ldi	r17, 0x03	; 3
/home/jenkins/workspace/avr-gcc-staging/label/debian7-x86_64/gcc-build/avr/avr5/libgcc/../../../../gcc/libgcc/config/avr/lib1funcs.S:2410
     306:	a0 e0       	ldi	r26, 0x00	; 0
/home/jenkins/workspace/avr-gcc-staging/label/debian7-x86_64/gcc-build/avr/avr5/libgcc/../../../../gcc/libgcc/config/avr/lib1funcs.S:2411
     308:	b1 e0       	ldi	r27, 0x01	; 1
/home/jenkins/workspace/avr-gcc-staging/label/debian7-x86_64/gcc-build/avr/avr5/libgcc/../../../../gcc/libgcc/config/avr/lib1funcs.S:2412
     30a:	e4 e2       	ldi	r30, 0x24	; 36
/home/jenkins/workspace/avr-gcc-staging/label/debian7-x86_64/gcc-build/avr/avr5/libgcc/../../../../gcc/libgcc/config/avr/lib1funcs.S:2413
     30c:	f6 e7       	ldi	r31, 0x76	; 118
/home/jenkins/workspace/avr-gcc-staging/label/debian7-x86_64/gcc-build/avr/avr5/libgcc/../../../../gcc/libgcc/config/avr/lib1funcs.S:2414
     30e:	02 c0       	rjmp	.+4      	; 0x314 <__do_copy_data+0x10>
/home/jenkins/workspace/avr-gcc-staging/label/debian7-x86_64/gcc-build/avr/avr5/libgcc/../../../../gcc/libgcc/config/avr/lib1funcs.S:2417
     310:	05 90       	lpm	r0, Z+
/home/jenkins/workspace/avr-gcc-staging/label/debian7-x86_64/gcc-build/avr/avr5/libgcc/../../../../gcc/libgcc/config/avr/lib1funcs.S:2422
     312:	0d 92       	st	X+, r0
/home/jenkins/workspace/avr-gcc-staging/label/debian7-x86_64/gcc-build/avr/avr5/libgcc/../../../../gcc/libgcc/config/avr/lib1funcs.S:2424
     314:	a4 3d       	cpi	r26, 0xD4	; 212
/home/jenkins/workspace/avr-gcc-staging/label/debian7-x86_64/gcc-build/avr/avr5/libgcc/../../../../gcc/libgcc/config/avr/lib1funcs.S:2425
     316:	b1 07       	cpc	r27, r17
/home/jenkins/workspace/avr-gcc-staging/label/debian7-x86_64/gcc-build/avr/avr5/libgcc/../../../../gcc/libgcc/config/avr/lib1funcs.S:2426
     318:	d9 f7       	brne	.-10     	; 0x310 <__do_copy_data+0xc>

0000031a <__do_clear_bss>:
__do_clear_bss():
/home/jenkins/workspace/avr-gcc-staging/label/debian7-x86_64/gcc-build/avr/avr5/libgcc/../../../../gcc/libgcc/config/avr/lib1funcs.S:2441
     31a:	26 e0       	ldi	r18, 0x06	; 6
/home/jenkins/workspace/avr-gcc-staging/label/debian7-x86_64/gcc-build/avr/avr5/libgcc/../../../../gcc/libgcc/config/avr/lib1funcs.S:2442
     31c:	a4 ed       	ldi	r26, 0xD4	; 212
/home/jenkins/workspace/avr-gcc-staging/label/debian7-x86_64/gcc-build/avr/avr5/libgcc/../../../../gcc/libgcc/config/avr/lib1funcs.S:2443
     31e:	b3 e0       	ldi	r27, 0x03	; 3
/home/jenkins/workspace/avr-gcc-staging/label/debian7-x86_64/gcc-build/avr/avr5/libgcc/../../../../gcc/libgcc/config/avr/lib1funcs.S:2444
     320:	01 c0       	rjmp	.+2      	; 0x324 <.do_clear_bss_start>

00000322 <.do_clear_bss_loop>:
/home/jenkins/workspace/avr-gcc-staging/label/debian7-x86_64/gcc-build/avr/avr5/libgcc/../../../../gcc/libgcc/config/avr/lib1funcs.S:2446
     322:	1d 92       	st	X+, r1

00000324 <.do_clear_bss_start>:
/home/jenkins/workspace/avr-gcc-staging/label/debian7-x86_64/gcc-build/avr/avr5/libgcc/../../../../gcc/libgcc/config/avr/lib1funcs.S:2448
     324:	a5 3d       	cpi	r26, 0xD5	; 213
/home/jenkins/workspace/avr-gcc-staging/label/debian7-x86_64/gcc-build/avr/avr5/libgcc/../../../../gcc/libgcc/config/avr/lib1funcs.S:2449
     326:	b2 07       	cpc	r27, r18
/home/jenkins/workspace/avr-gcc-staging/label/debian7-x86_64/gcc-build/avr/avr5/libgcc/../../../../gcc/libgcc/config/avr/lib1funcs.S:2450
     328:	e1 f7       	brne	.-8      	; 0x322 <.do_clear_bss_loop>

0000032a <__do_global_ctors>:
__do_global_ctors():
/home/jenkins/workspace/avr-gcc-staging/label/debian7-x86_64/gcc-build/avr/avr5/libgcc/../../../../gcc/libgcc/config/avr/lib1funcs.S:2466
     32a:	11 e0       	ldi	r17, 0x01	; 1
/home/jenkins/workspace/avr-gcc-staging/label/debian7-x86_64/gcc-build/avr/avr5/libgcc/../../../../gcc/libgcc/config/avr/lib1funcs.S:2467
     32c:	cc e7       	ldi	r28, 0x7C	; 124
/home/jenkins/workspace/avr-gcc-staging/label/debian7-x86_64/gcc-build/avr/avr5/libgcc/../../../../gcc/libgcc/config/avr/lib1funcs.S:2468
     32e:	d1 e0       	ldi	r29, 0x01	; 1
/home/jenkins/workspace/avr-gcc-staging/label/debian7-x86_64/gcc-build/avr/avr5/libgcc/../../../../gcc/libgcc/config/avr/lib1funcs.S:2472
     330:	04 c0       	rjmp	.+8      	; 0x33a <__do_global_ctors+0x10>
/home/jenkins/workspace/avr-gcc-staging/label/debian7-x86_64/gcc-build/avr/avr5/libgcc/../../../../gcc/libgcc/config/avr/lib1funcs.S:2474
     332:	21 97       	sbiw	r28, 0x01	; 1
/home/jenkins/workspace/avr-gcc-staging/label/debian7-x86_64/gcc-build/avr/avr5/libgcc/../../../../gcc/libgcc/config/avr/lib1funcs.S:2480
     334:	fe 01       	movw	r30, r28
/home/jenkins/workspace/avr-gcc-staging/label/debian7-x86_64/gcc-build/avr/avr5/libgcc/../../../../gcc/libgcc/config/avr/lib1funcs.S:2481
     336:	0e 94 e7 39 	call	0x73ce	; 0x73ce <__tablejump2__>
/home/jenkins/workspace/avr-gcc-staging/label/debian7-x86_64/gcc-build/avr/avr5/libgcc/../../../../gcc/libgcc/config/avr/lib1funcs.S:2483
     33a:	cb 37       	cpi	r28, 0x7B	; 123
/home/jenkins/workspace/avr-gcc-staging/label/debian7-x86_64/gcc-build/avr/avr5/libgcc/../../../../gcc/libgcc/config/avr/lib1funcs.S:2484
     33c:	d1 07       	cpc	r29, r17
/home/jenkins/workspace/avr-gcc-staging/label/debian7-x86_64/gcc-build/avr/avr5/libgcc/../../../../gcc/libgcc/config/avr/lib1funcs.S:2489
     33e:	c9 f7       	brne	.-14     	; 0x332 <__do_global_ctors+0x8>
     340:	0e 94 04 23 	call	0x4608	; 0x4608 <main>
     344:	0c 94 10 3b 	jmp	0x7620	; 0x7620 <_exit>

00000348 <__bad_interrupt>:
__vector_22():
     348:	0c 94 00 00 	jmp	0	; 0x0 <__vectors>

0000034c <I2C::SendByte(unsigned char) [clone .constprop.32]>:
_ZN3I2C8SendByteEh.constprop.32():
/home/jgalera/develop/arduino/usdx/usdx_plus_orange/src/hardware/soft_i2c.h:84
    I2C_SDA_LO();                                                              \
  }                                                                            \
  I2C_SCL_HI();                                                                \
  I2C_SCL_LO();
  inline void SendByte(uint8_t data) {
    SendBit(data, 1 << 7);
     34c:	87 ff       	sbrs	r24, 7
     34e:	76 c0       	rjmp	.+236    	; 0x43c <__LOCK_REGION_LENGTH__+0x3c>
     350:	3c 98       	cbi	0x07, 4	; 7
     352:	3d 98       	cbi	0x07, 5	; 7
	...
     35c:	3d 9a       	sbi	0x07, 5	; 7
	...
/home/jgalera/develop/arduino/usdx/usdx_plus_orange/src/hardware/soft_i2c.h:85
    SendBit(data, 1 << 6);
     366:	86 ff       	sbrs	r24, 6
     368:	6b c0       	rjmp	.+214    	; 0x440 <__LOCK_REGION_LENGTH__+0x40>
     36a:	3c 98       	cbi	0x07, 4	; 7
     36c:	3d 98       	cbi	0x07, 5	; 7
	...
     376:	3d 9a       	sbi	0x07, 5	; 7
	...
/home/jgalera/develop/arduino/usdx/usdx_plus_orange/src/hardware/soft_i2c.h:86
    SendBit(data, 1 << 5);
     380:	85 ff       	sbrs	r24, 5
     382:	60 c0       	rjmp	.+192    	; 0x444 <__LOCK_REGION_LENGTH__+0x44>
     384:	3c 98       	cbi	0x07, 4	; 7
     386:	3d 98       	cbi	0x07, 5	; 7
	...
     390:	3d 9a       	sbi	0x07, 5	; 7
	...
/home/jgalera/develop/arduino/usdx/usdx_plus_orange/src/hardware/soft_i2c.h:87
    SendBit(data, 1 << 4);
     39a:	84 ff       	sbrs	r24, 4
     39c:	55 c0       	rjmp	.+170    	; 0x448 <__LOCK_REGION_LENGTH__+0x48>
     39e:	3c 98       	cbi	0x07, 4	; 7
     3a0:	3d 98       	cbi	0x07, 5	; 7
	...
     3aa:	3d 9a       	sbi	0x07, 5	; 7
	...
/home/jgalera/develop/arduino/usdx/usdx_plus_orange/src/hardware/soft_i2c.h:88
    SendBit(data, 1 << 3);
     3b4:	83 ff       	sbrs	r24, 3
     3b6:	4a c0       	rjmp	.+148    	; 0x44c <__LOCK_REGION_LENGTH__+0x4c>
     3b8:	3c 98       	cbi	0x07, 4	; 7
     3ba:	3d 98       	cbi	0x07, 5	; 7
	...
     3c4:	3d 9a       	sbi	0x07, 5	; 7
	...
/home/jgalera/develop/arduino/usdx/usdx_plus_orange/src/hardware/soft_i2c.h:89
    SendBit(data, 1 << 2);
     3ce:	82 ff       	sbrs	r24, 2
     3d0:	3f c0       	rjmp	.+126    	; 0x450 <__LOCK_REGION_LENGTH__+0x50>
     3d2:	3c 98       	cbi	0x07, 4	; 7
     3d4:	3d 98       	cbi	0x07, 5	; 7
	...
     3de:	3d 9a       	sbi	0x07, 5	; 7
	...
/home/jgalera/develop/arduino/usdx/usdx_plus_orange/src/hardware/soft_i2c.h:90
    SendBit(data, 1 << 1);
     3e8:	81 ff       	sbrs	r24, 1
     3ea:	34 c0       	rjmp	.+104    	; 0x454 <__LOCK_REGION_LENGTH__+0x54>
     3ec:	3c 98       	cbi	0x07, 4	; 7
     3ee:	3d 98       	cbi	0x07, 5	; 7
	...
     3f8:	3d 9a       	sbi	0x07, 5	; 7
	...
/home/jgalera/develop/arduino/usdx/usdx_plus_orange/src/hardware/soft_i2c.h:91
    SendBit(data, 1 << 0);
     402:	80 ff       	sbrs	r24, 0
     404:	29 c0       	rjmp	.+82     	; 0x458 <__LOCK_REGION_LENGTH__+0x58>
     406:	3c 98       	cbi	0x07, 4	; 7
     408:	3d 98       	cbi	0x07, 5	; 7
	...
     412:	3d 9a       	sbi	0x07, 5	; 7
	...
/home/jgalera/develop/arduino/usdx/usdx_plus_orange/src/hardware/soft_i2c.h:92
    I2C_SDA_HI(); // recv ACK
     41c:	3c 98       	cbi	0x07, 4	; 7
	...
/home/jgalera/develop/arduino/usdx/usdx_plus_orange/src/hardware/soft_i2c.h:94
    DELAY(I2C_DELAY);
    I2C_SCL_HI();
     426:	3d 98       	cbi	0x07, 5	; 7
	...
/home/jgalera/develop/arduino/usdx/usdx_plus_orange/src/hardware/soft_i2c.h:95
    I2C_SCL_LO();
     430:	3d 9a       	sbi	0x07, 5	; 7
	...
/home/jgalera/develop/arduino/usdx/usdx_plus_orange/src/hardware/soft_i2c.h:96
  }
     43a:	08 95       	ret
/home/jgalera/develop/arduino/usdx/usdx_plus_orange/src/hardware/soft_i2c.h:84
    I2C_SDA_LO();                                                              \
  }                                                                            \
  I2C_SCL_HI();                                                                \
  I2C_SCL_LO();
  inline void SendByte(uint8_t data) {
    SendBit(data, 1 << 7);
     43c:	3c 9a       	sbi	0x07, 4	; 7
     43e:	89 cf       	rjmp	.-238    	; 0x352 <I2C::SendByte(unsigned char) [clone .constprop.32]+0x6>
/home/jgalera/develop/arduino/usdx/usdx_plus_orange/src/hardware/soft_i2c.h:85
    SendBit(data, 1 << 6);
     440:	3c 9a       	sbi	0x07, 4	; 7
     442:	94 cf       	rjmp	.-216    	; 0x36c <I2C::SendByte(unsigned char) [clone .constprop.32]+0x20>
/home/jgalera/develop/arduino/usdx/usdx_plus_orange/src/hardware/soft_i2c.h:86
    SendBit(data, 1 << 5);
     444:	3c 9a       	sbi	0x07, 4	; 7
     446:	9f cf       	rjmp	.-194    	; 0x386 <I2C::SendByte(unsigned char) [clone .constprop.32]+0x3a>
/home/jgalera/develop/arduino/usdx/usdx_plus_orange/src/hardware/soft_i2c.h:87
    SendBit(data, 1 << 4);
     448:	3c 9a       	sbi	0x07, 4	; 7
     44a:	aa cf       	rjmp	.-172    	; 0x3a0 <I2C::SendByte(unsigned char) [clone .constprop.32]+0x54>
/home/jgalera/develop/arduino/usdx/usdx_plus_orange/src/hardware/soft_i2c.h:88
    SendBit(data, 1 << 3);
     44c:	3c 9a       	sbi	0x07, 4	; 7
     44e:	b5 cf       	rjmp	.-150    	; 0x3ba <I2C::SendByte(unsigned char) [clone .constprop.32]+0x6e>
/home/jgalera/develop/arduino/usdx/usdx_plus_orange/src/hardware/soft_i2c.h:89
    SendBit(data, 1 << 2);
     450:	3c 9a       	sbi	0x07, 4	; 7
     452:	c0 cf       	rjmp	.-128    	; 0x3d4 <I2C::SendByte(unsigned char) [clone .constprop.32]+0x88>
/home/jgalera/develop/arduino/usdx/usdx_plus_orange/src/hardware/soft_i2c.h:90
    SendBit(data, 1 << 1);
     454:	3c 9a       	sbi	0x07, 4	; 7
     456:	cb cf       	rjmp	.-106    	; 0x3ee <I2C::SendByte(unsigned char) [clone .constprop.32]+0xa2>
/home/jgalera/develop/arduino/usdx/usdx_plus_orange/src/hardware/soft_i2c.h:91
    SendBit(data, 1 << 0);
     458:	3c 9a       	sbi	0x07, 4	; 7
     45a:	d6 cf       	rjmp	.-84     	; 0x408 <__LOCK_REGION_LENGTH__+0x8>

0000045c <SI5351::freq_calc_fast(int) [clone .constprop.29]>:
_ZN6SI535114freq_calc_fastEi.constprop.29():
/home/jgalera/develop/arduino/usdx/usdx_plus_orange/src/driver/si5351.h:44
   * @brief Fast Frequency Calculation.
   * Updates PLL registers for small frequency deviations (modulation).
   * @param df Frequency deviation in Hz.
   */
  inline void FAST
  freq_calc_fast(int16_t df) // note: relies on cached variables: _msb128,
     45c:	2f 92       	push	r2
     45e:	3f 92       	push	r3
     460:	4f 92       	push	r4
     462:	5f 92       	push	r5
     464:	6f 92       	push	r6
     466:	7f 92       	push	r7
     468:	8f 92       	push	r8
     46a:	9f 92       	push	r9
     46c:	af 92       	push	r10
     46e:	bf 92       	push	r11
     470:	cf 92       	push	r12
     472:	df 92       	push	r13
     474:	ef 92       	push	r14
     476:	ff 92       	push	r15
     478:	0f 93       	push	r16
     47a:	1f 93       	push	r17
     47c:	cf 93       	push	r28
     47e:	df 93       	push	r29
     480:	00 d0       	rcall	.+0      	; 0x482 <SI5351::freq_calc_fast(int) [clone .constprop.29]+0x26>
     482:	00 d0       	rcall	.+0      	; 0x484 <SI5351::freq_calc_fast(int) [clone .constprop.29]+0x28>
     484:	cd b7       	in	r28, 0x3d	; 61
     486:	de b7       	in	r29, 0x3e	; 62
/home/jgalera/develop/arduino/usdx/usdx_plus_orange/src/driver/si5351.h:49
                             // _msa128min512, _div, _fout, fxtal
  {
#define _MSC 0x10000
    uint32_t msb128 =
        _msb128 + ((int64_t)(_div * (int32_t)df) * _MSC * 128) / fxtal;
     488:	20 91 c3 06 	lds	r18, 0x06C3	; 0x8006c3 <si5351+0x7>
     48c:	30 91 c4 06 	lds	r19, 0x06C4	; 0x8006c4 <si5351+0x8>
     490:	40 91 c5 06 	lds	r20, 0x06C5	; 0x8006c5 <si5351+0x9>
     494:	50 91 c6 06 	lds	r21, 0x06C6	; 0x8006c6 <si5351+0xa>
     498:	29 83       	std	Y+1, r18	; 0x01
     49a:	3a 83       	std	Y+2, r19	; 0x02
     49c:	4b 83       	std	Y+3, r20	; 0x03
     49e:	5c 83       	std	Y+4, r21	; 0x04
     4a0:	20 91 c0 06 	lds	r18, 0x06C0	; 0x8006c0 <si5351+0x4>
     4a4:	c0 90 cf 06 	lds	r12, 0x06CF	; 0x8006cf <si5351+0x13>
     4a8:	d0 90 d0 06 	lds	r13, 0x06D0	; 0x8006d0 <si5351+0x14>
     4ac:	e0 90 d1 06 	lds	r14, 0x06D1	; 0x8006d1 <si5351+0x15>
     4b0:	f0 90 d2 06 	lds	r15, 0x06D2	; 0x8006d2 <si5351+0x16>
     4b4:	30 e0       	ldi	r19, 0x00	; 0
     4b6:	dc 01       	movw	r26, r24
     4b8:	0e 94 04 3a 	call	0x7408	; 0x7408 <__usmulhisi3>
     4bc:	4b 01       	movw	r8, r22
     4be:	5c 01       	movw	r10, r24
     4c0:	bb 0c       	add	r11, r11
     4c2:	88 08       	sbc	r8, r8
     4c4:	98 2c       	mov	r9, r8
     4c6:	54 01       	movw	r10, r8
     4c8:	9b 01       	movw	r18, r22
     4ca:	ac 01       	movw	r20, r24
     4cc:	68 2d       	mov	r22, r8
     4ce:	78 2d       	mov	r23, r8
     4d0:	88 2d       	mov	r24, r8
     4d2:	98 2d       	mov	r25, r8
     4d4:	07 e1       	ldi	r16, 0x17	; 23
     4d6:	0e 94 be 3a 	call	0x757c	; 0x757c <__ashldi3>
     4da:	56 01       	movw	r10, r12
     4dc:	67 01       	movw	r12, r14
     4de:	e1 2c       	mov	r14, r1
     4e0:	f1 2c       	mov	r15, r1
     4e2:	00 e0       	ldi	r16, 0x00	; 0
     4e4:	10 e0       	ldi	r17, 0x00	; 0
     4e6:	0e 94 20 3a 	call	0x7440	; 0x7440 <__divdi3>
     4ea:	49 01       	movw	r8, r18
     4ec:	5a 01       	movw	r10, r20
     4ee:	49 80       	ldd	r4, Y+1	; 0x01
     4f0:	5a 80       	ldd	r5, Y+2	; 0x02
     4f2:	6b 80       	ldd	r6, Y+3	; 0x03
     4f4:	7c 80       	ldd	r7, Y+4	; 0x04
     4f6:	48 0c       	add	r4, r8
     4f8:	59 1c       	adc	r5, r9
     4fa:	6a 1c       	adc	r6, r10
     4fc:	7b 1c       	adc	r7, r11
/home/jgalera/develop/arduino/usdx/usdx_plus_orange/src/driver/si5351.h:52

    uint16_t msp1 =
        _msa128min512 + msb128 / _MSC; // = 128 * _msa + msb128 / _MSC - 512;
     4fe:	80 91 c1 06 	lds	r24, 0x06C1	; 0x8006c1 <si5351+0x5>
     502:	90 91 c2 06 	lds	r25, 0x06C2	; 0x8006c2 <si5351+0x6>
     506:	86 0d       	add	r24, r6
     508:	97 1d       	adc	r25, r7
/home/jgalera/develop/arduino/usdx/usdx_plus_orange/src/driver/si5351.h:57
    uint16_t msp2 =
        msb128; // = msb128 % _MSC;  assuming MSC is covering exact uint16_t so
                // the mod operation can dissapear (and the upper BB2 byte) // =
                // msb128 - msb128/_MSC * _MSC;
    pll_regs[4] = BB0(msp1);
     50a:	80 93 cb 06 	sts	0x06CB, r24	; 0x8006cb <si5351+0xf>
/home/jgalera/develop/arduino/usdx/usdx_plus_orange/src/driver/si5351.h:58
    pll_regs[5] =
     50e:	80 e1       	ldi	r24, 0x10	; 16
     510:	80 93 cc 06 	sts	0x06CC, r24	; 0x8006cc <si5351+0x10>
/home/jgalera/develop/arduino/usdx/usdx_plus_orange/src/driver/si5351.h:63
        ((_MSC & 0xF0000) >>
         (16 - 4)) /*|BB2(msp2)*/; // top nibble MUST be same as top nibble of
                                   // _MSC !  assuming that BB2(msp2) is always
                                   // 0 -> so reg is constant
    pll_regs[6] = BB1(msp2);
     514:	85 2d       	mov	r24, r5
     516:	99 27       	eor	r25, r25
     518:	80 93 cd 06 	sts	0x06CD, r24	; 0x8006cd <si5351+0x11>
/home/jgalera/develop/arduino/usdx/usdx_plus_orange/src/driver/si5351.h:64
    pll_regs[7] = BB0(msp2);
     51c:	40 92 ce 06 	sts	0x06CE, r4	; 0x8006ce <si5351+0x12>
/home/jgalera/develop/arduino/usdx/usdx_plus_orange/src/driver/si5351.h:65
  }
     520:	0f 90       	pop	r0
     522:	0f 90       	pop	r0
     524:	0f 90       	pop	r0
     526:	0f 90       	pop	r0
     528:	df 91       	pop	r29
     52a:	cf 91       	pop	r28
     52c:	1f 91       	pop	r17
     52e:	0f 91       	pop	r16
     530:	ff 90       	pop	r15
     532:	ef 90       	pop	r14
     534:	df 90       	pop	r13
     536:	cf 90       	pop	r12
     538:	bf 90       	pop	r11
     53a:	af 90       	pop	r10
     53c:	9f 90       	pop	r9
     53e:	8f 90       	pop	r8
     540:	7f 90       	pop	r7
     542:	6f 90       	pop	r6
     544:	5f 90       	pop	r5
     546:	4f 90       	pop	r4
     548:	3f 90       	pop	r3
     54a:	2f 90       	pop	r2
     54c:	08 95       	ret

0000054e <printsym(bool) [clone .constprop.9]>:
_Z8printsymb.constprop.9():
/home/jgalera/develop/arduino/usdx/usdx_plus_orange/src/dsp/dsp.cpp:519
volatile uint32_t _amp32 = 0;
char out[] = "                ";
volatile uint8_t cw_event = false;

void printsym(bool submit = true) {
  if (sym < 128) {
     54e:	e0 91 18 06 	lds	r30, 0x0618	; 0x800618 <sym>
     552:	e7 fd       	sbrc	r30, 7
     554:	16 c0       	rjmp	.+44     	; 0x582 <printsym(bool) [clone .constprop.9]+0x34>
/home/jgalera/develop/arduino/usdx/usdx_plus_orange/src/dsp/dsp.cpp:520
    char ch = pgm_read_byte_near(m2c + sym);
     556:	f0 e0       	ldi	r31, 0x00	; 0
     558:	e9 58       	subi	r30, 0x89	; 137
     55a:	fd 4f       	sbci	r31, 0xFD	; 253
     55c:	e4 91       	lpm	r30, Z
/home/jgalera/develop/arduino/usdx/usdx_plus_orange/src/dsp/dsp.cpp:521
    if (ch != '*') {
     55e:	ea 32       	cpi	r30, 0x2A	; 42
     560:	81 f0       	breq	.+32     	; 0x582 <printsym(bool) [clone .constprop.9]+0x34>
/home/jgalera/develop/arduino/usdx/usdx_plus_orange/src/dsp/dsp.cpp:523
#ifdef CW_INTERMEDIATE
      out[15] = ch;
     562:	e0 93 dd 01 	sts	0x01DD, r30	; 0x8001dd <out+0xf>
/home/jgalera/develop/arduino/usdx/usdx_plus_orange/src/dsp/dsp.cpp:524
      cw_event = true;
     566:	81 e0       	ldi	r24, 0x01	; 1
     568:	80 93 17 06 	sts	0x0617, r24	; 0x800617 <cw_event>
     56c:	ee ec       	ldi	r30, 0xCE	; 206
     56e:	f1 e0       	ldi	r31, 0x01	; 1
/home/jgalera/develop/arduino/usdx/usdx_plus_orange/src/dsp/dsp.cpp:527
      if (submit) {
        for (int i = 0; i != 15; i++) {
          out[i] = out[i + 1];
     570:	81 81       	ldd	r24, Z+1	; 0x01
     572:	81 93       	st	Z+, r24
/home/jgalera/develop/arduino/usdx/usdx_plus_orange/src/dsp/dsp.cpp:526
    if (ch != '*') {
#ifdef CW_INTERMEDIATE
      out[15] = ch;
      cw_event = true;
      if (submit) {
        for (int i = 0; i != 15; i++) {
     574:	81 e0       	ldi	r24, 0x01	; 1
     576:	ed 3d       	cpi	r30, 0xDD	; 221
     578:	f8 07       	cpc	r31, r24
     57a:	d1 f7       	brne	.-12     	; 0x570 <printsym(bool) [clone .constprop.9]+0x22>
/home/jgalera/develop/arduino/usdx/usdx_plus_orange/src/dsp/dsp.cpp:529
          out[i] = out[i + 1];
        }
        out[15] = ' ';
     57c:	80 e2       	ldi	r24, 0x20	; 32
     57e:	80 93 dd 01 	sts	0x01DD, r24	; 0x8001dd <out+0xf>
/home/jgalera/develop/arduino/usdx/usdx_plus_orange/src/dsp/dsp.cpp:541
      cw_event = true; // update LCD
#endif
    }
  }
  if (submit)
    sym = 1;
     582:	81 e0       	ldi	r24, 0x01	; 1
     584:	80 93 18 06 	sts	0x0618, r24	; 0x800618 <sym>
/home/jgalera/develop/arduino/usdx/usdx_plus_orange/src/dsp/dsp.cpp:542
}
     588:	08 95       	ret

0000058a <turnOffPWM>:
turnOffPWM():
/home/jgalera/.arduino15/packages/MiniCore/hardware/avr/3.1.1/cores/MCUdude_corefiles/wiring_digital.c:77
//
//static inline void turnOffPWM(uint8_t timer) __attribute__ ((always_inline));
//static inline void turnOffPWM(uint8_t timer)
static void turnOffPWM(uint8_t timer)
{
  switch (timer)
     58a:	84 30       	cpi	r24, 0x04	; 4
     58c:	81 f0       	breq	.+32     	; 0x5ae <turnOffPWM+0x24>
     58e:	28 f4       	brcc	.+10     	; 0x59a <turnOffPWM+0x10>
     590:	82 30       	cpi	r24, 0x02	; 2
     592:	e9 f0       	breq	.+58     	; 0x5ce <turnOffPWM+0x44>
     594:	83 30       	cpi	r24, 0x03	; 3
     596:	f9 f0       	breq	.+62     	; 0x5d6 <turnOffPWM+0x4c>
     598:	08 95       	ret
     59a:	88 30       	cpi	r24, 0x08	; 8
     59c:	71 f0       	breq	.+28     	; 0x5ba <turnOffPWM+0x30>
     59e:	89 30       	cpi	r24, 0x09	; 9
     5a0:	91 f0       	breq	.+36     	; 0x5c6 <turnOffPWM+0x3c>
     5a2:	85 30       	cpi	r24, 0x05	; 5
     5a4:	b9 f4       	brne	.+46     	; 0x5d4 <turnOffPWM+0x4a>
/home/jgalera/.arduino15/packages/MiniCore/hardware/avr/3.1.1/cores/MCUdude_corefiles/wiring_digital.c:87
        TCCR1A &= ~_BV(COM1A1);
        break;
    #endif
    #if defined(TCCR1A) && defined(COM1B1)
      case TIMER1B:
        TCCR1A &= ~_BV(COM1B1);
     5a6:	80 91 80 00 	lds	r24, 0x0080	; 0x800080 <__DATA_REGION_ORIGIN__+0x20>
     5aa:	8f 7d       	andi	r24, 0xDF	; 223
     5ac:	03 c0       	rjmp	.+6      	; 0x5b4 <turnOffPWM+0x2a>
/home/jgalera/.arduino15/packages/MiniCore/hardware/avr/3.1.1/cores/MCUdude_corefiles/wiring_digital.c:82
  switch (timer)
  {
    // Timer1
    #if defined(TCCR1A) && defined(COM1A1)
      case TIMER1A:
        TCCR1A &= ~_BV(COM1A1);
     5ae:	80 91 80 00 	lds	r24, 0x0080	; 0x800080 <__DATA_REGION_ORIGIN__+0x20>
     5b2:	8f 77       	andi	r24, 0x7F	; 127
/home/jgalera/.arduino15/packages/MiniCore/hardware/avr/3.1.1/cores/MCUdude_corefiles/wiring_digital.c:87
        break;
    #endif
    #if defined(TCCR1A) && defined(COM1B1)
      case TIMER1B:
        TCCR1A &= ~_BV(COM1B1);
     5b4:	80 93 80 00 	sts	0x0080, r24	; 0x800080 <__DATA_REGION_ORIGIN__+0x20>
     5b8:	08 95       	ret
/home/jgalera/.arduino15/packages/MiniCore/hardware/avr/3.1.1/cores/MCUdude_corefiles/wiring_digital.c:104
        TCCR2 &= ~_BV(COM21);
        break;
    #endif
    #if defined(TCCR2A) && defined(COM2A1)
      case TIMER2A:
        TCCR2A &= ~_BV(COM2A1);
     5ba:	80 91 b0 00 	lds	r24, 0x00B0	; 0x8000b0 <__DATA_REGION_ORIGIN__+0x50>
     5be:	8f 77       	andi	r24, 0x7F	; 127
/home/jgalera/.arduino15/packages/MiniCore/hardware/avr/3.1.1/cores/MCUdude_corefiles/wiring_digital.c:109
        break;
    #endif
    #if defined(TCCR2A) && defined(COM2B1)
      case TIMER2B:
        TCCR2A &= ~_BV(COM2B1);
     5c0:	80 93 b0 00 	sts	0x00B0, r24	; 0x8000b0 <__DATA_REGION_ORIGIN__+0x50>
     5c4:	08 95       	ret
     5c6:	80 91 b0 00 	lds	r24, 0x00B0	; 0x8000b0 <__DATA_REGION_ORIGIN__+0x50>
     5ca:	8f 7d       	andi	r24, 0xDF	; 223
     5cc:	f9 cf       	rjmp	.-14     	; 0x5c0 <turnOffPWM+0x36>
/home/jgalera/.arduino15/packages/MiniCore/hardware/avr/3.1.1/cores/MCUdude_corefiles/wiring_digital.c:176
        TCCR0 &= ~_BV(COM01);
        break;
    #endif
    #if defined(TCCR0A) && defined(COM0A1)
      case TIMER0A:
        TCCR0A &= ~_BV(COM0A1);
     5ce:	84 b5       	in	r24, 0x24	; 36
     5d0:	8f 77       	andi	r24, 0x7F	; 127
/home/jgalera/.arduino15/packages/MiniCore/hardware/avr/3.1.1/cores/MCUdude_corefiles/wiring_digital.c:181
        break;
    #endif
    #if defined(TCCR0A) && defined(COM0B1)
      case TIMER0B:
        TCCR0A &= ~_BV(COM0B1);
     5d2:	84 bd       	out	0x24, r24	; 36
/home/jgalera/.arduino15/packages/MiniCore/hardware/avr/3.1.1/cores/MCUdude_corefiles/wiring_digital.c:185
        break;
    #endif
  }
}
     5d4:	08 95       	ret
/home/jgalera/.arduino15/packages/MiniCore/hardware/avr/3.1.1/cores/MCUdude_corefiles/wiring_digital.c:181
        TCCR0A &= ~_BV(COM0A1);
        break;
    #endif
    #if defined(TCCR0A) && defined(COM0B1)
      case TIMER0B:
        TCCR0A &= ~_BV(COM0B1);
     5d6:	84 b5       	in	r24, 0x24	; 36
     5d8:	8f 7d       	andi	r24, 0xDF	; 223
     5da:	fb cf       	rjmp	.-10     	; 0x5d2 <turnOffPWM+0x48>

000005dc <digitalRead>:
digitalRead():
/home/jgalera/.arduino15/packages/MiniCore/hardware/avr/3.1.1/cores/MCUdude_corefiles/wiring_digital.c:215

  SREG = oldSREG;
}

int digitalRead(uint8_t pin)
{
     5dc:	cf 93       	push	r28
     5de:	df 93       	push	r29
/home/jgalera/.arduino15/packages/MiniCore/hardware/avr/3.1.1/cores/MCUdude_corefiles/wiring_digital.c:216
  uint8_t timer = digitalPinToTimer(pin);
     5e0:	28 2f       	mov	r18, r24
     5e2:	30 e0       	ldi	r19, 0x00	; 0
     5e4:	f9 01       	movw	r30, r18
     5e6:	e0 5a       	subi	r30, 0xA0	; 160
     5e8:	fd 4f       	sbci	r31, 0xFD	; 253
     5ea:	84 91       	lpm	r24, Z
/home/jgalera/.arduino15/packages/MiniCore/hardware/avr/3.1.1/cores/MCUdude_corefiles/wiring_digital.c:217
  uint8_t bit = digitalPinToBitMask(pin);
     5ec:	f9 01       	movw	r30, r18
     5ee:	e7 5b       	subi	r30, 0xB7	; 183
     5f0:	fd 4f       	sbci	r31, 0xFD	; 253
     5f2:	d4 91       	lpm	r29, Z
/home/jgalera/.arduino15/packages/MiniCore/hardware/avr/3.1.1/cores/MCUdude_corefiles/wiring_digital.c:218
  uint8_t port = digitalPinToPort(pin);
     5f4:	f9 01       	movw	r30, r18
     5f6:	ee 5c       	subi	r30, 0xCE	; 206
     5f8:	fd 4f       	sbci	r31, 0xFD	; 253
     5fa:	c4 91       	lpm	r28, Z
/home/jgalera/.arduino15/packages/MiniCore/hardware/avr/3.1.1/cores/MCUdude_corefiles/wiring_digital.c:220

  if (port == NOT_A_PIN) return LOW;
     5fc:	cc 23       	and	r28, r28
     5fe:	a1 f0       	breq	.+40     	; 0x628 <digitalRead+0x4c>
/home/jgalera/.arduino15/packages/MiniCore/hardware/avr/3.1.1/cores/MCUdude_corefiles/wiring_digital.c:224

  // If the pin that support PWM output, we need to turn it off
  // before getting a digital reading.
  if (timer != NOT_ON_TIMER) turnOffPWM(timer);
     600:	81 11       	cpse	r24, r1
     602:	0e 94 c5 02 	call	0x58a	; 0x58a <turnOffPWM>
/home/jgalera/.arduino15/packages/MiniCore/hardware/avr/3.1.1/cores/MCUdude_corefiles/wiring_digital.c:226

  if (*portInputRegister(port) & bit) return HIGH;
     606:	ec 2f       	mov	r30, r28
     608:	f0 e0       	ldi	r31, 0x00	; 0
     60a:	ee 0f       	add	r30, r30
     60c:	ff 1f       	adc	r31, r31
     60e:	e8 5d       	subi	r30, 0xD8	; 216
     610:	fd 4f       	sbci	r31, 0xFD	; 253
     612:	a5 91       	lpm	r26, Z+
     614:	b4 91       	lpm	r27, Z
     616:	ec 91       	ld	r30, X
     618:	ed 23       	and	r30, r29
     61a:	81 e0       	ldi	r24, 0x01	; 1
     61c:	90 e0       	ldi	r25, 0x00	; 0
     61e:	09 f4       	brne	.+2      	; 0x622 <digitalRead+0x46>
     620:	80 e0       	ldi	r24, 0x00	; 0
/home/jgalera/.arduino15/packages/MiniCore/hardware/avr/3.1.1/cores/MCUdude_corefiles/wiring_digital.c:228
  return LOW;
}
     622:	df 91       	pop	r29
     624:	cf 91       	pop	r28
     626:	08 95       	ret
/home/jgalera/.arduino15/packages/MiniCore/hardware/avr/3.1.1/cores/MCUdude_corefiles/wiring_digital.c:220
{
  uint8_t timer = digitalPinToTimer(pin);
  uint8_t bit = digitalPinToBitMask(pin);
  uint8_t port = digitalPinToPort(pin);

  if (port == NOT_A_PIN) return LOW;
     628:	80 e0       	ldi	r24, 0x00	; 0
     62a:	90 e0       	ldi	r25, 0x00	; 0
     62c:	fa cf       	rjmp	.-12     	; 0x622 <digitalRead+0x46>

0000062e <digitalWrite>:
digitalWrite():
/home/jgalera/.arduino15/packages/MiniCore/hardware/avr/3.1.1/cores/MCUdude_corefiles/wiring_digital.c:188
    #endif
  }
}

void digitalWrite(uint8_t pin, uint8_t val)
{
     62e:	1f 93       	push	r17
     630:	cf 93       	push	r28
     632:	df 93       	push	r29
/home/jgalera/.arduino15/packages/MiniCore/hardware/avr/3.1.1/cores/MCUdude_corefiles/wiring_digital.c:189
  uint8_t timer = digitalPinToTimer(pin);
     634:	28 2f       	mov	r18, r24
     636:	30 e0       	ldi	r19, 0x00	; 0
     638:	f9 01       	movw	r30, r18
     63a:	e0 5a       	subi	r30, 0xA0	; 160
     63c:	fd 4f       	sbci	r31, 0xFD	; 253
     63e:	84 91       	lpm	r24, Z
/home/jgalera/.arduino15/packages/MiniCore/hardware/avr/3.1.1/cores/MCUdude_corefiles/wiring_digital.c:190
  uint8_t bit = digitalPinToBitMask(pin);
     640:	f9 01       	movw	r30, r18
     642:	e7 5b       	subi	r30, 0xB7	; 183
     644:	fd 4f       	sbci	r31, 0xFD	; 253
     646:	d4 91       	lpm	r29, Z
/home/jgalera/.arduino15/packages/MiniCore/hardware/avr/3.1.1/cores/MCUdude_corefiles/wiring_digital.c:191
  uint8_t port = digitalPinToPort(pin);
     648:	f9 01       	movw	r30, r18
     64a:	ee 5c       	subi	r30, 0xCE	; 206
     64c:	fd 4f       	sbci	r31, 0xFD	; 253
     64e:	c4 91       	lpm	r28, Z
/home/jgalera/.arduino15/packages/MiniCore/hardware/avr/3.1.1/cores/MCUdude_corefiles/wiring_digital.c:194
  volatile uint8_t *out;

  if (port == NOT_A_PIN) return;
     650:	cc 23       	and	r28, r28
     652:	a9 f0       	breq	.+42     	; 0x67e <digitalWrite+0x50>
     654:	16 2f       	mov	r17, r22
/home/jgalera/.arduino15/packages/MiniCore/hardware/avr/3.1.1/cores/MCUdude_corefiles/wiring_digital.c:198

  // If the pin that support PWM output, we need to turn it off
  // before doing a digital write.
  if (timer != NOT_ON_TIMER) turnOffPWM(timer);
     656:	81 11       	cpse	r24, r1
     658:	0e 94 c5 02 	call	0x58a	; 0x58a <turnOffPWM>
/home/jgalera/.arduino15/packages/MiniCore/hardware/avr/3.1.1/cores/MCUdude_corefiles/wiring_digital.c:200

  out = portOutputRegister(port);
     65c:	ec 2f       	mov	r30, r28
     65e:	f0 e0       	ldi	r31, 0x00	; 0
     660:	ee 0f       	add	r30, r30
     662:	ff 1f       	adc	r31, r31
     664:	e2 5e       	subi	r30, 0xE2	; 226
     666:	fd 4f       	sbci	r31, 0xFD	; 253
     668:	a5 91       	lpm	r26, Z+
     66a:	b4 91       	lpm	r27, Z
/home/jgalera/.arduino15/packages/MiniCore/hardware/avr/3.1.1/cores/MCUdude_corefiles/wiring_digital.c:202

  uint8_t oldSREG = SREG;
     66c:	8f b7       	in	r24, 0x3f	; 63
/home/jgalera/.arduino15/packages/MiniCore/hardware/avr/3.1.1/cores/MCUdude_corefiles/wiring_digital.c:203
  cli();
     66e:	f8 94       	cli
/home/jgalera/.arduino15/packages/MiniCore/hardware/avr/3.1.1/cores/MCUdude_corefiles/wiring_digital.c:206

  if (val == LOW) {
    *out &= ~bit;
     670:	ec 91       	ld	r30, X
/home/jgalera/.arduino15/packages/MiniCore/hardware/avr/3.1.1/cores/MCUdude_corefiles/wiring_digital.c:205
  out = portOutputRegister(port);

  uint8_t oldSREG = SREG;
  cli();

  if (val == LOW) {
     672:	11 11       	cpse	r17, r1
     674:	08 c0       	rjmp	.+16     	; 0x686 <digitalWrite+0x58>
/home/jgalera/.arduino15/packages/MiniCore/hardware/avr/3.1.1/cores/MCUdude_corefiles/wiring_digital.c:206
    *out &= ~bit;
     676:	d0 95       	com	r29
     678:	de 23       	and	r29, r30
/home/jgalera/.arduino15/packages/MiniCore/hardware/avr/3.1.1/cores/MCUdude_corefiles/wiring_digital.c:208
  } else {
    *out |= bit;
     67a:	dc 93       	st	X, r29
/home/jgalera/.arduino15/packages/MiniCore/hardware/avr/3.1.1/cores/MCUdude_corefiles/wiring_digital.c:211
  }

  SREG = oldSREG;
     67c:	8f bf       	out	0x3f, r24	; 63
/home/jgalera/.arduino15/packages/MiniCore/hardware/avr/3.1.1/cores/MCUdude_corefiles/wiring_digital.c:212
}
     67e:	df 91       	pop	r29
     680:	cf 91       	pop	r28
     682:	1f 91       	pop	r17
     684:	08 95       	ret
/home/jgalera/.arduino15/packages/MiniCore/hardware/avr/3.1.1/cores/MCUdude_corefiles/wiring_digital.c:208
  cli();

  if (val == LOW) {
    *out &= ~bit;
  } else {
    *out |= bit;
     686:	de 2b       	or	r29, r30
     688:	f8 cf       	rjmp	.-16     	; 0x67a <digitalWrite+0x4c>

0000068a <pinMode>:
pinMode():
/home/jgalera/.arduino15/packages/MiniCore/hardware/avr/3.1.1/cores/MCUdude_corefiles/wiring_digital.c:30
#define ARDUINO_MAIN
#include "wiring_private.h"
#include "pins_arduino.h"

void pinMode(uint8_t pin, uint8_t mode)
{
     68a:	cf 93       	push	r28
     68c:	df 93       	push	r29
/home/jgalera/.arduino15/packages/MiniCore/hardware/avr/3.1.1/cores/MCUdude_corefiles/wiring_digital.c:31
  uint8_t bit = digitalPinToBitMask(pin);
     68e:	90 e0       	ldi	r25, 0x00	; 0
     690:	fc 01       	movw	r30, r24
     692:	e7 5b       	subi	r30, 0xB7	; 183
     694:	fd 4f       	sbci	r31, 0xFD	; 253
     696:	24 91       	lpm	r18, Z
/home/jgalera/.arduino15/packages/MiniCore/hardware/avr/3.1.1/cores/MCUdude_corefiles/wiring_digital.c:32
  uint8_t port = digitalPinToPort(pin);
     698:	8e 5c       	subi	r24, 0xCE	; 206
     69a:	9d 4f       	sbci	r25, 0xFD	; 253
     69c:	fc 01       	movw	r30, r24
     69e:	84 91       	lpm	r24, Z
/home/jgalera/.arduino15/packages/MiniCore/hardware/avr/3.1.1/cores/MCUdude_corefiles/wiring_digital.c:35
  volatile uint8_t *reg, *out;

  if (port == NOT_A_PIN) return;
     6a0:	88 23       	and	r24, r24
     6a2:	c9 f0       	breq	.+50     	; 0x6d6 <pinMode+0x4c>
/home/jgalera/.arduino15/packages/MiniCore/hardware/avr/3.1.1/cores/MCUdude_corefiles/wiring_digital.c:38

  // JWS: can I let the optimizer do this?
  reg = portModeRegister(port);
     6a4:	90 e0       	ldi	r25, 0x00	; 0
     6a6:	88 0f       	add	r24, r24
     6a8:	99 1f       	adc	r25, r25
     6aa:	fc 01       	movw	r30, r24
     6ac:	ec 5e       	subi	r30, 0xEC	; 236
     6ae:	fd 4f       	sbci	r31, 0xFD	; 253
     6b0:	a5 91       	lpm	r26, Z+
     6b2:	b4 91       	lpm	r27, Z
/home/jgalera/.arduino15/packages/MiniCore/hardware/avr/3.1.1/cores/MCUdude_corefiles/wiring_digital.c:39
  out = portOutputRegister(port);
     6b4:	fc 01       	movw	r30, r24
     6b6:	e2 5e       	subi	r30, 0xE2	; 226
     6b8:	fd 4f       	sbci	r31, 0xFD	; 253
     6ba:	c5 91       	lpm	r28, Z+
     6bc:	d4 91       	lpm	r29, Z
/home/jgalera/.arduino15/packages/MiniCore/hardware/avr/3.1.1/cores/MCUdude_corefiles/wiring_digital.c:41

  if (mode == INPUT) { 
     6be:	61 11       	cpse	r22, r1
     6c0:	0d c0       	rjmp	.+26     	; 0x6dc <pinMode+0x52>
/home/jgalera/.arduino15/packages/MiniCore/hardware/avr/3.1.1/cores/MCUdude_corefiles/wiring_digital.c:42
    uint8_t oldSREG = SREG;
     6c2:	9f b7       	in	r25, 0x3f	; 63
/home/jgalera/.arduino15/packages/MiniCore/hardware/avr/3.1.1/cores/MCUdude_corefiles/wiring_digital.c:43
    cli();
     6c4:	f8 94       	cli
/home/jgalera/.arduino15/packages/MiniCore/hardware/avr/3.1.1/cores/MCUdude_corefiles/wiring_digital.c:44
    *reg &= ~bit;
     6c6:	8c 91       	ld	r24, X
     6c8:	20 95       	com	r18
     6ca:	82 23       	and	r24, r18
     6cc:	8c 93       	st	X, r24
/home/jgalera/.arduino15/packages/MiniCore/hardware/avr/3.1.1/cores/MCUdude_corefiles/wiring_digital.c:45
    *out &= ~bit;
     6ce:	88 81       	ld	r24, Y
     6d0:	28 23       	and	r18, r24
/home/jgalera/.arduino15/packages/MiniCore/hardware/avr/3.1.1/cores/MCUdude_corefiles/wiring_digital.c:51
    SREG = oldSREG;
  } else if (mode == INPUT_PULLUP) {
    uint8_t oldSREG = SREG;
    cli();
    *reg &= ~bit;
    *out |= bit;
     6d2:	28 83       	st	Y, r18
/home/jgalera/.arduino15/packages/MiniCore/hardware/avr/3.1.1/cores/MCUdude_corefiles/wiring_digital.c:52
    SREG = oldSREG;
     6d4:	9f bf       	out	0x3f, r25	; 63
/home/jgalera/.arduino15/packages/MiniCore/hardware/avr/3.1.1/cores/MCUdude_corefiles/wiring_digital.c:59
    uint8_t oldSREG = SREG;
    cli();
    *reg |= bit;
    SREG = oldSREG;
  }
}
     6d6:	df 91       	pop	r29
     6d8:	cf 91       	pop	r28
     6da:	08 95       	ret
/home/jgalera/.arduino15/packages/MiniCore/hardware/avr/3.1.1/cores/MCUdude_corefiles/wiring_digital.c:47
    uint8_t oldSREG = SREG;
    cli();
    *reg &= ~bit;
    *out &= ~bit;
    SREG = oldSREG;
  } else if (mode == INPUT_PULLUP) {
     6dc:	62 30       	cpi	r22, 0x02	; 2
     6de:	51 f4       	brne	.+20     	; 0x6f4 <pinMode+0x6a>
/home/jgalera/.arduino15/packages/MiniCore/hardware/avr/3.1.1/cores/MCUdude_corefiles/wiring_digital.c:48
    uint8_t oldSREG = SREG;
     6e0:	9f b7       	in	r25, 0x3f	; 63
/home/jgalera/.arduino15/packages/MiniCore/hardware/avr/3.1.1/cores/MCUdude_corefiles/wiring_digital.c:49
    cli();
     6e2:	f8 94       	cli
/home/jgalera/.arduino15/packages/MiniCore/hardware/avr/3.1.1/cores/MCUdude_corefiles/wiring_digital.c:50
    *reg &= ~bit;
     6e4:	3c 91       	ld	r19, X
     6e6:	82 2f       	mov	r24, r18
     6e8:	80 95       	com	r24
     6ea:	83 23       	and	r24, r19
     6ec:	8c 93       	st	X, r24
/home/jgalera/.arduino15/packages/MiniCore/hardware/avr/3.1.1/cores/MCUdude_corefiles/wiring_digital.c:51
    *out |= bit;
     6ee:	e8 81       	ld	r30, Y
     6f0:	2e 2b       	or	r18, r30
     6f2:	ef cf       	rjmp	.-34     	; 0x6d2 <pinMode+0x48>
/home/jgalera/.arduino15/packages/MiniCore/hardware/avr/3.1.1/cores/MCUdude_corefiles/wiring_digital.c:54
    SREG = oldSREG;
  } else {
    uint8_t oldSREG = SREG;
     6f4:	8f b7       	in	r24, 0x3f	; 63
/home/jgalera/.arduino15/packages/MiniCore/hardware/avr/3.1.1/cores/MCUdude_corefiles/wiring_digital.c:55
    cli();
     6f6:	f8 94       	cli
/home/jgalera/.arduino15/packages/MiniCore/hardware/avr/3.1.1/cores/MCUdude_corefiles/wiring_digital.c:56
    *reg |= bit;
     6f8:	ec 91       	ld	r30, X
     6fa:	2e 2b       	or	r18, r30
     6fc:	2c 93       	st	X, r18
/home/jgalera/.arduino15/packages/MiniCore/hardware/avr/3.1.1/cores/MCUdude_corefiles/wiring_digital.c:57
    SREG = oldSREG;
     6fe:	8f bf       	out	0x3f, r24	; 63
     700:	ea cf       	rjmp	.-44     	; 0x6d6 <pinMode+0x4c>

00000702 <analogRead>:
analogRead():
/home/jgalera/.arduino15/packages/MiniCore/hardware/avr/3.1.1/cores/MCUdude_corefiles/wiring_analog.c:49
int analogRead(uint8_t pin)
{

// Macro located in the pins_arduino.h file
#ifdef analogPinToChannel
  pin = analogPinToChannel(pin);
     702:	88 30       	cpi	r24, 0x08	; 8
     704:	20 f0       	brcs	.+8      	; 0x70e <analogRead+0xc>
     706:	8d 30       	cpi	r24, 0x0D	; 13
     708:	08 f4       	brcc	.+2      	; 0x70c <analogRead+0xa>
     70a:	8d e0       	ldi	r24, 0x0D	; 13
     70c:	8e 50       	subi	r24, 0x0E	; 14
/home/jgalera/.arduino15/packages/MiniCore/hardware/avr/3.1.1/cores/MCUdude_corefiles/wiring_analog.c:68
  
  // set the analog reference (high two bits of ADMUX) and select the
  // channel (low 4 bits).  this also sets ADLAR (left-adjust result)
  // to 0 (the default).
#if defined(ADMUX)
  ADMUX = (analog_reference << 6) | (pin & 0x07);
     70e:	87 70       	andi	r24, 0x07	; 7
     710:	80 64       	ori	r24, 0x40	; 64
     712:	80 93 7c 00 	sts	0x007C, r24	; 0x80007c <__DATA_REGION_ORIGIN__+0x1c>
/home/jgalera/.arduino15/packages/MiniCore/hardware/avr/3.1.1/cores/MCUdude_corefiles/wiring_analog.c:76
  // without a delay, we seem to read from the wrong channel
  //delay(1);

#if defined(ADCSRA) && defined(ADC)
  // start the conversion
  ADCSRA |= _BV(ADSC);
     716:	80 91 7a 00 	lds	r24, 0x007A	; 0x80007a <__DATA_REGION_ORIGIN__+0x1a>
     71a:	80 64       	ori	r24, 0x40	; 64
     71c:	80 93 7a 00 	sts	0x007A, r24	; 0x80007a <__DATA_REGION_ORIGIN__+0x1a>
/home/jgalera/.arduino15/packages/MiniCore/hardware/avr/3.1.1/cores/MCUdude_corefiles/wiring_analog.c:79

  // ADSC is cleared when the conversion finishes
  while (ADCSRA & _BV(ADSC)) {};
     720:	80 91 7a 00 	lds	r24, 0x007A	; 0x80007a <__DATA_REGION_ORIGIN__+0x1a>
     724:	86 fd       	sbrc	r24, 6
     726:	fc cf       	rjmp	.-8      	; 0x720 <analogRead+0x1e>
/home/jgalera/.arduino15/packages/MiniCore/hardware/avr/3.1.1/cores/MCUdude_corefiles/wiring_analog.c:83

  // ADC macro takes care of reading ADC register.
 	// avr-gcc implements the proper reading order: ADCL is read first.
 	return ADC;
     728:	80 91 78 00 	lds	r24, 0x0078	; 0x800078 <__DATA_REGION_ORIGIN__+0x18>
     72c:	90 91 79 00 	lds	r25, 0x0079	; 0x800079 <__DATA_REGION_ORIGIN__+0x19>
/home/jgalera/.arduino15/packages/MiniCore/hardware/avr/3.1.1/cores/MCUdude_corefiles/wiring_analog.c:87
#else
  return 0;
#endif
}
     730:	08 95       	ret

00000732 <delayMicroseconds>:
delayMicroseconds():
/home/jgalera/.arduino15/packages/MiniCore/hardware/avr/3.1.1/cores/MCUdude_corefiles/wiring.c:624
  if (us <= 1) return; //  = 3 cycles, (4 when true)

  // the following loop takes 1/4 of a microsecond (4 cycles)
  // per iteration, so execute it four times for each microsecond of
  // delay requested.
  us <<= 2; // x4 us, = 4 cycles
     732:	88 0f       	add	r24, r24
     734:	99 1f       	adc	r25, r25
     736:	88 0f       	add	r24, r24
     738:	99 1f       	adc	r25, r25
/home/jgalera/.arduino15/packages/MiniCore/hardware/avr/3.1.1/cores/MCUdude_corefiles/wiring.c:629

  // account for the time taken in the preceeding commands.
  // we just burned 19 (21) cycles above, remove 5, (5*4=20)
  // to 2nd us is at least 8 so we can substract 5
  us -= 5; // = 2 cycles,
     73a:	05 97       	sbiw	r24, 0x05	; 5
/home/jgalera/.arduino15/packages/MiniCore/hardware/avr/3.1.1/cores/MCUdude_corefiles/wiring.c:929
  us >>= 2; // us div 4, = 4 cycles

#endif

  // busy wait
  __asm__ __volatile__ (
     73c:	01 97       	sbiw	r24, 0x01	; 1
     73e:	f1 f7       	brne	.-4      	; 0x73c <delayMicroseconds+0xa>
/home/jgalera/.arduino15/packages/MiniCore/hardware/avr/3.1.1/cores/MCUdude_corefiles/wiring.c:939
    "   brne 1b"                     // 2 cycles
    : /* no outputs */
    : "w" (us)
  );
  // return = 4 cycles
}
     740:	08 95       	ret

00000742 <micros>:
micros():
/home/jgalera/.arduino15/packages/MiniCore/hardware/avr/3.1.1/cores/MCUdude_corefiles/wiring.c:237
  unsigned char f; // temporary storage for millis fraction counter
  unsigned char q = 0; // record whether an overflow is flagged
#endif
  // t will be the number where the timer0 counter stopped
  uint8_t t;
  uint8_t oldSREG = SREG;
     742:	3f b7       	in	r19, 0x3f	; 63
/home/jgalera/.arduino15/packages/MiniCore/hardware/avr/3.1.1/cores/MCUdude_corefiles/wiring.c:240

  // Stop all interrupts
  cli();
     744:	f8 94       	cli
/home/jgalera/.arduino15/packages/MiniCore/hardware/avr/3.1.1/cores/MCUdude_corefiles/wiring.c:247
#ifdef CORRECT_EXACT_MICROS
  // combine exact millisec and 8usec counters
  m = timer0_millis;
  f = timer0_fract;
#else
  m = timer0_overflow_count;
     746:	80 91 13 06 	lds	r24, 0x0613	; 0x800613 <timer0_overflow_count>
     74a:	90 91 14 06 	lds	r25, 0x0614	; 0x800614 <timer0_overflow_count+0x1>
     74e:	a0 91 15 06 	lds	r26, 0x0615	; 0x800615 <timer0_overflow_count+0x2>
     752:	b0 91 16 06 	lds	r27, 0x0616	; 0x800616 <timer0_overflow_count+0x3>
/home/jgalera/.arduino15/packages/MiniCore/hardware/avr/3.1.1/cores/MCUdude_corefiles/wiring.c:252
#endif

  // TCNT0 : The Timer Counter Register
#if defined(TCNT0)
  t = TCNT0;
     756:	26 b5       	in	r18, 0x26	; 38
/home/jgalera/.arduino15/packages/MiniCore/hardware/avr/3.1.1/cores/MCUdude_corefiles/wiring.c:261
  #error TIMER 0 not defined
#endif

  // Timer0 Interrupt Flag Register
#ifdef TIFR0
  if ((TIFR0 & _BV(TOV0)) && (t < 255))
     758:	a8 9b       	sbis	0x15, 0	; 21
     75a:	05 c0       	rjmp	.+10     	; 0x766 <micros+0x24>
     75c:	2f 3f       	cpi	r18, 0xFF	; 255
     75e:	19 f0       	breq	.+6      	; 0x766 <micros+0x24>
/home/jgalera/.arduino15/packages/MiniCore/hardware/avr/3.1.1/cores/MCUdude_corefiles/wiring.c:263
#ifndef CORRECT_EXACT_MICROS
    m++;
     760:	01 96       	adiw	r24, 0x01	; 1
     762:	a1 1d       	adc	r26, r1
     764:	b1 1d       	adc	r27, r1
/home/jgalera/.arduino15/packages/MiniCore/hardware/avr/3.1.1/cores/MCUdude_corefiles/wiring.c:276
#else
    q = 1;
#endif
#endif
  // Restore SREG
  SREG = oldSREG;
     766:	3f bf       	out	0x3f, r19	; 63
/home/jgalera/.arduino15/packages/MiniCore/hardware/avr/3.1.1/cores/MCUdude_corefiles/wiring.c:292
      ((t * MICROSECONDS_PER_TIMER0_OVERFLOW) >> 8);
  return q ? m + MICROSECONDS_PER_TIMER0_OVERFLOW : m;
#elif 1
  /* All power-of-two Megahertz frequencies enter here, as well as 12.8 MHz.
     We only end up here if right shift before multiplication is exact. */
  return ((m << 8) + t) * (MICROSECONDS_PER_TIMER0_OVERFLOW >> 8);
     768:	ba 2f       	mov	r27, r26
     76a:	a9 2f       	mov	r26, r25
     76c:	98 2f       	mov	r25, r24
     76e:	88 27       	eor	r24, r24
     770:	bc 01       	movw	r22, r24
     772:	cd 01       	movw	r24, r26
     774:	62 0f       	add	r22, r18
     776:	71 1d       	adc	r23, r1
     778:	81 1d       	adc	r24, r1
     77a:	91 1d       	adc	r25, r1
     77c:	42 e0       	ldi	r20, 0x02	; 2
     77e:	66 0f       	add	r22, r22
     780:	77 1f       	adc	r23, r23
     782:	88 1f       	adc	r24, r24
     784:	99 1f       	adc	r25, r25
     786:	4a 95       	dec	r20
     788:	d1 f7       	brne	.-12     	; 0x77e <micros+0x3c>
/home/jgalera/.arduino15/packages/MiniCore/hardware/avr/3.1.1/cores/MCUdude_corefiles/wiring.c:393
  // m & t are multiplied by 4 (since it was already multiplied by 256)
  // t is multiplied by 4
  return ((m << 8) + t) * (64 / clockCyclesPerMicrosecond());
#endif
#endif // 0
}
     78a:	08 95       	ret

0000078c <delay>:
delay():
/home/jgalera/.arduino15/packages/MiniCore/hardware/avr/3.1.1/cores/MCUdude_corefiles/wiring.c:396

void delay(unsigned long ms)
{
     78c:	8f 92       	push	r8
     78e:	9f 92       	push	r9
     790:	af 92       	push	r10
     792:	bf 92       	push	r11
     794:	cf 92       	push	r12
     796:	df 92       	push	r13
     798:	ef 92       	push	r14
     79a:	ff 92       	push	r15
     79c:	6b 01       	movw	r12, r22
     79e:	7c 01       	movw	r14, r24
/home/jgalera/.arduino15/packages/MiniCore/hardware/avr/3.1.1/cores/MCUdude_corefiles/wiring.c:397
  unsigned long start = micros();
     7a0:	0e 94 a1 03 	call	0x742	; 0x742 <micros>
     7a4:	4b 01       	movw	r8, r22
     7a6:	5c 01       	movw	r10, r24
/home/jgalera/.arduino15/packages/MiniCore/hardware/avr/3.1.1/cores/MCUdude_corefiles/wiring.c:401

  while (ms > 0UL) {
    yield();
    while (ms > 0UL && (micros() - start) >= 1000UL) {
     7a8:	c1 14       	cp	r12, r1
     7aa:	d1 04       	cpc	r13, r1
     7ac:	e1 04       	cpc	r14, r1
     7ae:	f1 04       	cpc	r15, r1
     7b0:	b9 f0       	breq	.+46     	; 0x7e0 <delay+0x54>
     7b2:	0e 94 a1 03 	call	0x742	; 0x742 <micros>
     7b6:	68 19       	sub	r22, r8
     7b8:	79 09       	sbc	r23, r9
     7ba:	8a 09       	sbc	r24, r10
     7bc:	9b 09       	sbc	r25, r11
     7be:	68 3e       	cpi	r22, 0xE8	; 232
     7c0:	73 40       	sbci	r23, 0x03	; 3
     7c2:	81 05       	cpc	r24, r1
     7c4:	91 05       	cpc	r25, r1
     7c6:	80 f3       	brcs	.-32     	; 0x7a8 <delay+0x1c>
/home/jgalera/.arduino15/packages/MiniCore/hardware/avr/3.1.1/cores/MCUdude_corefiles/wiring.c:402
      ms--;
     7c8:	21 e0       	ldi	r18, 0x01	; 1
     7ca:	c2 1a       	sub	r12, r18
     7cc:	d1 08       	sbc	r13, r1
     7ce:	e1 08       	sbc	r14, r1
     7d0:	f1 08       	sbc	r15, r1
/home/jgalera/.arduino15/packages/MiniCore/hardware/avr/3.1.1/cores/MCUdude_corefiles/wiring.c:403
      start += 1000UL;
     7d2:	88 ee       	ldi	r24, 0xE8	; 232
     7d4:	88 0e       	add	r8, r24
     7d6:	83 e0       	ldi	r24, 0x03	; 3
     7d8:	98 1e       	adc	r9, r24
     7da:	a1 1c       	adc	r10, r1
     7dc:	b1 1c       	adc	r11, r1
     7de:	e4 cf       	rjmp	.-56     	; 0x7a8 <delay+0x1c>
/home/jgalera/.arduino15/packages/MiniCore/hardware/avr/3.1.1/cores/MCUdude_corefiles/wiring.c:406
    }
  }
}
     7e0:	ff 90       	pop	r15
     7e2:	ef 90       	pop	r14
     7e4:	df 90       	pop	r13
     7e6:	cf 90       	pop	r12
     7e8:	bf 90       	pop	r11
     7ea:	af 90       	pop	r10
     7ec:	9f 90       	pop	r9
     7ee:	8f 90       	pop	r8
     7f0:	08 95       	ret

000007f2 <millis>:
millis():
/home/jgalera/.arduino15/packages/MiniCore/hardware/avr/3.1.1/cores/MCUdude_corefiles/wiring.c:218
}

unsigned long millis()
{
  unsigned long m;
  uint8_t oldSREG = SREG;
     7f2:	2f b7       	in	r18, 0x3f	; 63
/home/jgalera/.arduino15/packages/MiniCore/hardware/avr/3.1.1/cores/MCUdude_corefiles/wiring.c:222

  // disable interrupts while we read timer0_millis or we might get an
  // inconsistent value (e.g. in the middle of a write to timer0_millis)
  cli();
     7f4:	f8 94       	cli
/home/jgalera/.arduino15/packages/MiniCore/hardware/avr/3.1.1/cores/MCUdude_corefiles/wiring.c:223
  m = timer0_millis;
     7f6:	60 91 0f 06 	lds	r22, 0x060F	; 0x80060f <timer0_millis>
     7fa:	70 91 10 06 	lds	r23, 0x0610	; 0x800610 <timer0_millis+0x1>
     7fe:	80 91 11 06 	lds	r24, 0x0611	; 0x800611 <timer0_millis+0x2>
     802:	90 91 12 06 	lds	r25, 0x0612	; 0x800612 <timer0_millis+0x3>
/home/jgalera/.arduino15/packages/MiniCore/hardware/avr/3.1.1/cores/MCUdude_corefiles/wiring.c:224
  SREG = oldSREG;
     806:	2f bf       	out	0x3f, r18	; 63
/home/jgalera/.arduino15/packages/MiniCore/hardware/avr/3.1.1/cores/MCUdude_corefiles/wiring.c:227

  return m;
}
     808:	08 95       	ret

0000080a <Print::print(char)>:
_ZN5Print5printEc():
/home/jgalera/.arduino15/packages/MiniCore/hardware/avr/3.1.1/cores/MCUdude_corefiles/Print.cpp:69
  return write(str);
}

size_t Print::print(char c)
{
  return write(c);
     80a:	dc 01       	movw	r26, r24
     80c:	ed 91       	ld	r30, X+
     80e:	fc 91       	ld	r31, X
     810:	01 90       	ld	r0, Z+
     812:	f0 81       	ld	r31, Z
     814:	e0 2d       	mov	r30, r0
     816:	09 94       	ijmp

00000818 <Print::write(unsigned char const*, unsigned int)>:
_ZN5Print5writeEPKhj():
/home/jgalera/.arduino15/packages/MiniCore/hardware/avr/3.1.1/cores/MCUdude_corefiles/Print.cpp:35

// Public Methods //////////////////////////////////////////////////////////////

/* default implementation: may be overridden */
size_t Print::write(const uint8_t *buffer, size_t size)
{
     818:	af 92       	push	r10
     81a:	bf 92       	push	r11
     81c:	cf 92       	push	r12
     81e:	df 92       	push	r13
     820:	ef 92       	push	r14
     822:	ff 92       	push	r15
     824:	0f 93       	push	r16
     826:	1f 93       	push	r17
     828:	cf 93       	push	r28
     82a:	df 93       	push	r29
     82c:	6c 01       	movw	r12, r24
     82e:	7b 01       	movw	r14, r22
     830:	8b 01       	movw	r16, r22
     832:	04 0f       	add	r16, r20
     834:	15 1f       	adc	r17, r21
     836:	eb 01       	movw	r28, r22
     838:	5e 01       	movw	r10, r28
     83a:	ae 18       	sub	r10, r14
     83c:	bf 08       	sbc	r11, r15
/home/jgalera/.arduino15/packages/MiniCore/hardware/avr/3.1.1/cores/MCUdude_corefiles/Print.cpp:37
  size_t n = 0;
  while (size--) {
     83e:	c0 17       	cp	r28, r16
     840:	d1 07       	cpc	r29, r17
     842:	59 f0       	breq	.+22     	; 0x85a <Print::write(unsigned char const*, unsigned int)+0x42>
/home/jgalera/.arduino15/packages/MiniCore/hardware/avr/3.1.1/cores/MCUdude_corefiles/Print.cpp:38
    if (write(*buffer++)) n++;
     844:	69 91       	ld	r22, Y+
     846:	d6 01       	movw	r26, r12
     848:	ed 91       	ld	r30, X+
     84a:	fc 91       	ld	r31, X
     84c:	01 90       	ld	r0, Z+
     84e:	f0 81       	ld	r31, Z
     850:	e0 2d       	mov	r30, r0
     852:	c6 01       	movw	r24, r12
     854:	09 95       	icall
     856:	89 2b       	or	r24, r25
     858:	79 f7       	brne	.-34     	; 0x838 <Print::write(unsigned char const*, unsigned int)+0x20>
/home/jgalera/.arduino15/packages/MiniCore/hardware/avr/3.1.1/cores/MCUdude_corefiles/Print.cpp:42
    else break;
  }
  return n;
}
     85a:	c5 01       	movw	r24, r10
     85c:	df 91       	pop	r29
     85e:	cf 91       	pop	r28
     860:	1f 91       	pop	r17
     862:	0f 91       	pop	r16
     864:	ff 90       	pop	r15
     866:	ef 90       	pop	r14
     868:	df 90       	pop	r13
     86a:	cf 90       	pop	r12
     86c:	bf 90       	pop	r11
     86e:	af 90       	pop	r10
     870:	08 95       	ret

00000872 <HardwareSerial::availableForWrite()>:
_ZN14HardwareSerial17availableForWriteEv():
/home/jgalera/.arduino15/packages/MiniCore/hardware/avr/3.1.1/cores/MCUdude_corefiles/HardwareSerial.cpp:195
{
  tx_buffer_index_t head;
  tx_buffer_index_t tail;

  TX_BUFFER_ATOMIC {
    head = _tx_buffer_head;
     872:	fc 01       	movw	r30, r24
     874:	53 8d       	ldd	r21, Z+27	; 0x1b
/home/jgalera/.arduino15/packages/MiniCore/hardware/avr/3.1.1/cores/MCUdude_corefiles/HardwareSerial.cpp:196
    tail = _tx_buffer_tail;
     876:	44 8d       	ldd	r20, Z+28	; 0x1c
     878:	25 2f       	mov	r18, r21
     87a:	30 e0       	ldi	r19, 0x00	; 0
     87c:	84 2f       	mov	r24, r20
     87e:	90 e0       	ldi	r25, 0x00	; 0
/home/jgalera/.arduino15/packages/MiniCore/hardware/avr/3.1.1/cores/MCUdude_corefiles/HardwareSerial.cpp:198
  }
  if (head >= tail) return SERIAL_TX_BUFFER_SIZE - 1 - head + tail;
     880:	82 1b       	sub	r24, r18
     882:	93 0b       	sbc	r25, r19
     884:	54 17       	cp	r21, r20
     886:	10 f0       	brcs	.+4      	; 0x88c <HardwareSerial::availableForWrite()+0x1a>
     888:	cf 96       	adiw	r24, 0x3f	; 63
     88a:	08 95       	ret
/home/jgalera/.arduino15/packages/MiniCore/hardware/avr/3.1.1/cores/MCUdude_corefiles/HardwareSerial.cpp:199
  return tail - head - 1;
     88c:	01 97       	sbiw	r24, 0x01	; 1
/home/jgalera/.arduino15/packages/MiniCore/hardware/avr/3.1.1/cores/MCUdude_corefiles/HardwareSerial.cpp:200
}
     88e:	08 95       	ret

00000890 <HardwareSerial::read()>:
_ZN14HardwareSerial4readEv():
/home/jgalera/.arduino15/packages/MiniCore/hardware/avr/3.1.1/cores/MCUdude_corefiles/HardwareSerial.cpp:178
    return _rx_buffer[_rx_buffer_tail];
  }
}

int HardwareSerial::read(void)
{
     890:	fc 01       	movw	r30, r24
/home/jgalera/.arduino15/packages/MiniCore/hardware/avr/3.1.1/cores/MCUdude_corefiles/HardwareSerial.cpp:180
  // if the head isn't ahead of the tail, we don't have any characters
  if (_rx_buffer_head == _rx_buffer_tail) {
     892:	91 8d       	ldd	r25, Z+25	; 0x19
     894:	82 8d       	ldd	r24, Z+26	; 0x1a
     896:	98 17       	cp	r25, r24
     898:	61 f0       	breq	.+24     	; 0x8b2 <HardwareSerial::read()+0x22>
/home/jgalera/.arduino15/packages/MiniCore/hardware/avr/3.1.1/cores/MCUdude_corefiles/HardwareSerial.cpp:183
    return -1;
  } else {
    unsigned char c = _rx_buffer[_rx_buffer_tail];
     89a:	a2 8d       	ldd	r26, Z+26	; 0x1a
     89c:	ae 0f       	add	r26, r30
     89e:	bf 2f       	mov	r27, r31
     8a0:	b1 1d       	adc	r27, r1
     8a2:	5d 96       	adiw	r26, 0x1d	; 29
     8a4:	8c 91       	ld	r24, X
/home/jgalera/.arduino15/packages/MiniCore/hardware/avr/3.1.1/cores/MCUdude_corefiles/HardwareSerial.cpp:184
    _rx_buffer_tail = (rx_buffer_index_t)(_rx_buffer_tail + 1) % SERIAL_RX_BUFFER_SIZE;
     8a6:	92 8d       	ldd	r25, Z+26	; 0x1a
     8a8:	9f 5f       	subi	r25, 0xFF	; 255
     8aa:	9f 73       	andi	r25, 0x3F	; 63
     8ac:	92 8f       	std	Z+26, r25	; 0x1a
/home/jgalera/.arduino15/packages/MiniCore/hardware/avr/3.1.1/cores/MCUdude_corefiles/HardwareSerial.cpp:185
    return c;
     8ae:	90 e0       	ldi	r25, 0x00	; 0
     8b0:	08 95       	ret
/home/jgalera/.arduino15/packages/MiniCore/hardware/avr/3.1.1/cores/MCUdude_corefiles/HardwareSerial.cpp:181

int HardwareSerial::read(void)
{
  // if the head isn't ahead of the tail, we don't have any characters
  if (_rx_buffer_head == _rx_buffer_tail) {
    return -1;
     8b2:	8f ef       	ldi	r24, 0xFF	; 255
     8b4:	9f ef       	ldi	r25, 0xFF	; 255
/home/jgalera/.arduino15/packages/MiniCore/hardware/avr/3.1.1/cores/MCUdude_corefiles/HardwareSerial.cpp:187
  } else {
    unsigned char c = _rx_buffer[_rx_buffer_tail];
    _rx_buffer_tail = (rx_buffer_index_t)(_rx_buffer_tail + 1) % SERIAL_RX_BUFFER_SIZE;
    return c;
  }
}
     8b6:	08 95       	ret

000008b8 <HardwareSerial::peek()>:
_ZN14HardwareSerial4peekEv():
/home/jgalera/.arduino15/packages/MiniCore/hardware/avr/3.1.1/cores/MCUdude_corefiles/HardwareSerial.cpp:169
{
  return ((unsigned int)(SERIAL_RX_BUFFER_SIZE + _rx_buffer_head - _rx_buffer_tail)) % SERIAL_RX_BUFFER_SIZE;
}

int HardwareSerial::peek(void)
{
     8b8:	fc 01       	movw	r30, r24
/home/jgalera/.arduino15/packages/MiniCore/hardware/avr/3.1.1/cores/MCUdude_corefiles/HardwareSerial.cpp:170
  if (_rx_buffer_head == _rx_buffer_tail) {
     8ba:	91 8d       	ldd	r25, Z+25	; 0x19
     8bc:	82 8d       	ldd	r24, Z+26	; 0x1a
     8be:	98 17       	cp	r25, r24
     8c0:	31 f0       	breq	.+12     	; 0x8ce <HardwareSerial::peek()+0x16>
/home/jgalera/.arduino15/packages/MiniCore/hardware/avr/3.1.1/cores/MCUdude_corefiles/HardwareSerial.cpp:173
    return -1;
  } else {
    return _rx_buffer[_rx_buffer_tail];
     8c2:	82 8d       	ldd	r24, Z+26	; 0x1a
     8c4:	e8 0f       	add	r30, r24
     8c6:	f1 1d       	adc	r31, r1
     8c8:	85 8d       	ldd	r24, Z+29	; 0x1d
     8ca:	90 e0       	ldi	r25, 0x00	; 0
     8cc:	08 95       	ret
/home/jgalera/.arduino15/packages/MiniCore/hardware/avr/3.1.1/cores/MCUdude_corefiles/HardwareSerial.cpp:171
}

int HardwareSerial::peek(void)
{
  if (_rx_buffer_head == _rx_buffer_tail) {
    return -1;
     8ce:	8f ef       	ldi	r24, 0xFF	; 255
     8d0:	9f ef       	ldi	r25, 0xFF	; 255
/home/jgalera/.arduino15/packages/MiniCore/hardware/avr/3.1.1/cores/MCUdude_corefiles/HardwareSerial.cpp:175
  } else {
    return _rx_buffer[_rx_buffer_tail];
  }
}
     8d2:	08 95       	ret

000008d4 <HardwareSerial::available()>:
_ZN14HardwareSerial9availableEv():
/home/jgalera/.arduino15/packages/MiniCore/hardware/avr/3.1.1/cores/MCUdude_corefiles/HardwareSerial.cpp:164
  // clear any received data
  _rx_buffer_head = _rx_buffer_tail;
}

int HardwareSerial::available(void)
{
     8d4:	fc 01       	movw	r30, r24
/home/jgalera/.arduino15/packages/MiniCore/hardware/avr/3.1.1/cores/MCUdude_corefiles/HardwareSerial.cpp:165
  return ((unsigned int)(SERIAL_RX_BUFFER_SIZE + _rx_buffer_head - _rx_buffer_tail)) % SERIAL_RX_BUFFER_SIZE;
     8d6:	91 8d       	ldd	r25, Z+25	; 0x19
     8d8:	22 8d       	ldd	r18, Z+26	; 0x1a
     8da:	89 2f       	mov	r24, r25
     8dc:	90 e0       	ldi	r25, 0x00	; 0
     8de:	80 5c       	subi	r24, 0xC0	; 192
     8e0:	9f 4f       	sbci	r25, 0xFF	; 255
     8e2:	82 1b       	sub	r24, r18
     8e4:	91 09       	sbc	r25, r1
/home/jgalera/.arduino15/packages/MiniCore/hardware/avr/3.1.1/cores/MCUdude_corefiles/HardwareSerial.cpp:166
}
     8e6:	8f 73       	andi	r24, 0x3F	; 63
     8e8:	99 27       	eor	r25, r25
     8ea:	08 95       	ret

000008ec <Serial0_available()>:
_Z17Serial0_availablev():
/home/jgalera/.arduino15/packages/MiniCore/hardware/avr/3.1.1/cores/MCUdude_corefiles/HardwareSerial0.cpp:76
#endif

// Function that can be weakly referenced by serialEventRun to prevent
// pulling in this file if it's not otherwise used.
bool Serial0_available() {
  return Serial.available();
     8ec:	8a e1       	ldi	r24, 0x1A	; 26
     8ee:	96 e0       	ldi	r25, 0x06	; 6
     8f0:	0e 94 6a 04 	call	0x8d4	; 0x8d4 <HardwareSerial::available()>
     8f4:	21 e0       	ldi	r18, 0x01	; 1
     8f6:	89 2b       	or	r24, r25
     8f8:	09 f4       	brne	.+2      	; 0x8fc <Serial0_available()+0x10>
     8fa:	20 e0       	ldi	r18, 0x00	; 0
/home/jgalera/.arduino15/packages/MiniCore/hardware/avr/3.1.1/cores/MCUdude_corefiles/HardwareSerial0.cpp:77
}
     8fc:	82 2f       	mov	r24, r18
     8fe:	08 95       	ret

00000900 <HardwareSerial::_tx_udr_empty_irq()>:
_ZN14HardwareSerial17_tx_udr_empty_irqEv():
/home/jgalera/.arduino15/packages/MiniCore/hardware/avr/3.1.1/cores/MCUdude_corefiles/HardwareSerial.cpp:90
#endif

// Actual interrupt handlers //////////////////////////////////////////////////////////////

void HardwareSerial::_tx_udr_empty_irq(void)
{
     900:	fc 01       	movw	r30, r24
/home/jgalera/.arduino15/packages/MiniCore/hardware/avr/3.1.1/cores/MCUdude_corefiles/HardwareSerial.cpp:93
  // If interrupts are enabled, there must be more data in the output
  // buffer. Send the next byte
  unsigned char c = _tx_buffer[_tx_buffer_tail];
     902:	a4 8d       	ldd	r26, Z+28	; 0x1c
     904:	a8 0f       	add	r26, r24
     906:	b9 2f       	mov	r27, r25
     908:	b1 1d       	adc	r27, r1
     90a:	a3 5a       	subi	r26, 0xA3	; 163
     90c:	bf 4f       	sbci	r27, 0xFF	; 255
     90e:	2c 91       	ld	r18, X
/home/jgalera/.arduino15/packages/MiniCore/hardware/avr/3.1.1/cores/MCUdude_corefiles/HardwareSerial.cpp:94
  _tx_buffer_tail = (_tx_buffer_tail + 1) % SERIAL_TX_BUFFER_SIZE;
     910:	84 8d       	ldd	r24, Z+28	; 0x1c
     912:	90 e0       	ldi	r25, 0x00	; 0
     914:	01 96       	adiw	r24, 0x01	; 1
     916:	8f 73       	andi	r24, 0x3F	; 63
     918:	99 27       	eor	r25, r25
     91a:	84 8f       	std	Z+28, r24	; 0x1c
/home/jgalera/.arduino15/packages/MiniCore/hardware/avr/3.1.1/cores/MCUdude_corefiles/HardwareSerial.cpp:96

  *_udr = c;
     91c:	a6 89       	ldd	r26, Z+22	; 0x16
     91e:	b7 89       	ldd	r27, Z+23	; 0x17
     920:	2c 93       	st	X, r18
/home/jgalera/.arduino15/packages/MiniCore/hardware/avr/3.1.1/cores/MCUdude_corefiles/HardwareSerial.cpp:104
  // location". This makes sure flush() won't return until the bytes
  // actually got written. Other r/w bits are preserved, and zeroes
  // written to the rest.

  #ifdef MPCM0
    *_ucsra = ((*_ucsra) & ((1 << U2X0) | (1 << MPCM0))) | (1 << TXC0);
     922:	a0 89       	ldd	r26, Z+16	; 0x10
     924:	b1 89       	ldd	r27, Z+17	; 0x11
     926:	8c 91       	ld	r24, X
     928:	83 70       	andi	r24, 0x03	; 3
     92a:	80 64       	ori	r24, 0x40	; 64
     92c:	8c 93       	st	X, r24
/home/jgalera/.arduino15/packages/MiniCore/hardware/avr/3.1.1/cores/MCUdude_corefiles/HardwareSerial.cpp:109
  #else
    *_ucsra = ((*_ucsra) & ((1 << U2X0) | (1 << TXC0)));
  #endif

  if (_tx_buffer_head == _tx_buffer_tail) {
     92e:	93 8d       	ldd	r25, Z+27	; 0x1b
     930:	84 8d       	ldd	r24, Z+28	; 0x1c
     932:	98 13       	cpse	r25, r24
     934:	06 c0       	rjmp	.+12     	; 0x942 <HardwareSerial::_tx_udr_empty_irq()+0x42>
/home/jgalera/.arduino15/packages/MiniCore/hardware/avr/3.1.1/cores/MCUdude_corefiles/HardwareSerial.cpp:111
    // Buffer empty, so disable interrupts
    *_ucsrb &= ~_BV(UDRIE0);
     936:	02 88       	ldd	r0, Z+18	; 0x12
     938:	f3 89       	ldd	r31, Z+19	; 0x13
     93a:	e0 2d       	mov	r30, r0
     93c:	80 81       	ld	r24, Z
     93e:	8f 7d       	andi	r24, 0xDF	; 223
     940:	80 83       	st	Z, r24
/home/jgalera/.arduino15/packages/MiniCore/hardware/avr/3.1.1/cores/MCUdude_corefiles/HardwareSerial.cpp:113
  }
}
     942:	08 95       	ret

00000944 <HardwareSerial::write(unsigned char)>:
_ZN14HardwareSerial5writeEh():
/home/jgalera/.arduino15/packages/MiniCore/hardware/avr/3.1.1/cores/MCUdude_corefiles/HardwareSerial.cpp:223
  // If we get here, nothing is queued anymore (DRIE is disabled) and
  // the hardware finished tranmission (TXC is set).
}

size_t HardwareSerial::write(uint8_t c)
{
     944:	ef 92       	push	r14
     946:	ff 92       	push	r15
     948:	0f 93       	push	r16
     94a:	1f 93       	push	r17
     94c:	cf 93       	push	r28
     94e:	df 93       	push	r29
     950:	ec 01       	movw	r28, r24
/home/jgalera/.arduino15/packages/MiniCore/hardware/avr/3.1.1/cores/MCUdude_corefiles/HardwareSerial.cpp:224
  _written = true;
     952:	81 e0       	ldi	r24, 0x01	; 1
     954:	88 8f       	std	Y+24, r24	; 0x18
/home/jgalera/.arduino15/packages/MiniCore/hardware/avr/3.1.1/cores/MCUdude_corefiles/HardwareSerial.cpp:229
  // If the buffer and the data register is empty, just write the byte
  // to the data register and be done. This shortcut helps
  // significantly improve the effective datarate at high (>
  // 500kbit/s) bitrates, where interrupt overhead becomes a slowdown.
  if (_tx_buffer_head == _tx_buffer_tail && bit_is_set(*_ucsra, UDRE0)) {
     956:	9b 8d       	ldd	r25, Y+27	; 0x1b
     958:	8c 8d       	ldd	r24, Y+28	; 0x1c
     95a:	98 13       	cpse	r25, r24
     95c:	1a c0       	rjmp	.+52     	; 0x992 <HardwareSerial::write(unsigned char)+0x4e>
     95e:	e8 89       	ldd	r30, Y+16	; 0x10
     960:	f9 89       	ldd	r31, Y+17	; 0x11
     962:	80 81       	ld	r24, Z
     964:	85 ff       	sbrs	r24, 5
     966:	15 c0       	rjmp	.+42     	; 0x992 <HardwareSerial::write(unsigned char)+0x4e>
/home/jgalera/.arduino15/packages/MiniCore/hardware/avr/3.1.1/cores/MCUdude_corefiles/HardwareSerial.cpp:238
    // So writing UDR must happen first.
    // Writing UDR and clearing TC must be done atomically, otherwise
    // interrupts might delay the TXC clear so the byte written to UDR
    // is transmitted (setting TXC) before clearing TXC. Then TXC will
    // be cleared when no bytes are left, causing flush() to hang
    ATOMIC_BLOCK(ATOMIC_RESTORESTATE) {
     968:	9f b7       	in	r25, 0x3f	; 63
__iCliRetVal():
/home/jgalera/.arduino15/packages/arduino/tools/avr-gcc/7.3.0-atmel3.6.1-arduino7/avr/include/util/atomic.h:50
    return 1;
}

static __inline__ uint8_t __iCliRetVal(void)
{
    cli();
     96a:	f8 94       	cli
_ZN14HardwareSerial5writeEh():
/home/jgalera/.arduino15/packages/MiniCore/hardware/avr/3.1.1/cores/MCUdude_corefiles/HardwareSerial.cpp:239
      *_udr = c;
     96c:	ee 89       	ldd	r30, Y+22	; 0x16
     96e:	ff 89       	ldd	r31, Y+23	; 0x17
     970:	60 83       	st	Z, r22
/home/jgalera/.arduino15/packages/MiniCore/hardware/avr/3.1.1/cores/MCUdude_corefiles/HardwareSerial.cpp:241
      #ifdef MPCM0
        *_ucsra = ((*_ucsra) & ((1 << U2X0) | (1 << MPCM0))) | (1 << TXC0);
     972:	e8 89       	ldd	r30, Y+16	; 0x10
     974:	f9 89       	ldd	r31, Y+17	; 0x11
     976:	80 81       	ld	r24, Z
     978:	83 70       	andi	r24, 0x03	; 3
     97a:	80 64       	ori	r24, 0x40	; 64
/home/jgalera/.arduino15/packages/MiniCore/hardware/avr/3.1.1/cores/MCUdude_corefiles/HardwareSerial.cpp:271
  // make atomic to prevent execution of ISR between setting the
  // head pointer and setting the interrupt flag resulting in buffer
  // retransmission
  ATOMIC_BLOCK(ATOMIC_RESTORESTATE) {
    _tx_buffer_head = i;
    *_ucsrb |= _BV(UDRIE0);
     97c:	80 83       	st	Z, r24
__iRestore():
/home/jgalera/.arduino15/packages/arduino/tools/avr-gcc/7.3.0-atmel3.6.1-arduino7/avr/include/util/atomic.h:70
    (void)__s;
}

static __inline__ void __iRestore(const  uint8_t *__s)
{
    SREG = *__s;
     97e:	9f bf       	out	0x3f, r25	; 63
_ZN14HardwareSerial5writeEh():
/home/jgalera/.arduino15/packages/MiniCore/hardware/avr/3.1.1/cores/MCUdude_corefiles/HardwareSerial.cpp:275
  }
  
  return 1;
}
     980:	81 e0       	ldi	r24, 0x01	; 1
     982:	90 e0       	ldi	r25, 0x00	; 0
     984:	df 91       	pop	r29
     986:	cf 91       	pop	r28
     988:	1f 91       	pop	r17
     98a:	0f 91       	pop	r16
     98c:	ff 90       	pop	r15
     98e:	ef 90       	pop	r14
     990:	08 95       	ret
     992:	f6 2e       	mov	r15, r22
/home/jgalera/.arduino15/packages/MiniCore/hardware/avr/3.1.1/cores/MCUdude_corefiles/HardwareSerial.cpp:248
        *_ucsra = ((*_ucsra) & ((1 << U2X0) | (1 << TXC0)));
      #endif
    }
    return 1;
  }
  tx_buffer_index_t i = (_tx_buffer_head + 1) % SERIAL_TX_BUFFER_SIZE;
     994:	0b 8d       	ldd	r16, Y+27	; 0x1b
     996:	10 e0       	ldi	r17, 0x00	; 0
     998:	0f 5f       	subi	r16, 0xFF	; 255
     99a:	1f 4f       	sbci	r17, 0xFF	; 255
     99c:	0f 73       	andi	r16, 0x3F	; 63
     99e:	11 27       	eor	r17, r17
     9a0:	e0 2e       	mov	r14, r16
/home/jgalera/.arduino15/packages/MiniCore/hardware/avr/3.1.1/cores/MCUdude_corefiles/HardwareSerial.cpp:252

  // If the output buffer is full, there's nothing for it other than to 
  // wait for the interrupt handler to empty it a bit
  while (i == _tx_buffer_tail) {
     9a2:	8c 8d       	ldd	r24, Y+28	; 0x1c
     9a4:	8e 11       	cpse	r24, r14
     9a6:	0c c0       	rjmp	.+24     	; 0x9c0 <HardwareSerial::write(unsigned char)+0x7c>
/home/jgalera/.arduino15/packages/MiniCore/hardware/avr/3.1.1/cores/MCUdude_corefiles/HardwareSerial.cpp:253
    if (bit_is_clear(SREG, SREG_I)) {
     9a8:	0f b6       	in	r0, 0x3f	; 63
     9aa:	07 fc       	sbrc	r0, 7
     9ac:	fa cf       	rjmp	.-12     	; 0x9a2 <HardwareSerial::write(unsigned char)+0x5e>
/home/jgalera/.arduino15/packages/MiniCore/hardware/avr/3.1.1/cores/MCUdude_corefiles/HardwareSerial.cpp:258
      // Interrupts are disabled, so we'll have to poll the data
      // register empty flag ourselves. If it is set, pretend an
      // interrupt has happened and call the handler to free up
      // space for us.
      if(bit_is_set(*_ucsra, UDRE0))
     9ae:	e8 89       	ldd	r30, Y+16	; 0x10
     9b0:	f9 89       	ldd	r31, Y+17	; 0x11
     9b2:	80 81       	ld	r24, Z
     9b4:	85 ff       	sbrs	r24, 5
     9b6:	f5 cf       	rjmp	.-22     	; 0x9a2 <HardwareSerial::write(unsigned char)+0x5e>
/home/jgalera/.arduino15/packages/MiniCore/hardware/avr/3.1.1/cores/MCUdude_corefiles/HardwareSerial.cpp:259
        _tx_udr_empty_irq();
     9b8:	ce 01       	movw	r24, r28
     9ba:	0e 94 80 04 	call	0x900	; 0x900 <HardwareSerial::_tx_udr_empty_irq()>
     9be:	f1 cf       	rjmp	.-30     	; 0x9a2 <HardwareSerial::write(unsigned char)+0x5e>
/home/jgalera/.arduino15/packages/MiniCore/hardware/avr/3.1.1/cores/MCUdude_corefiles/HardwareSerial.cpp:265
    } else {
      // nop, the interrupt handler will free up space for us
    }
  }

  _tx_buffer[_tx_buffer_head] = c;
     9c0:	eb 8d       	ldd	r30, Y+27	; 0x1b
     9c2:	ec 0f       	add	r30, r28
     9c4:	fd 2f       	mov	r31, r29
     9c6:	f1 1d       	adc	r31, r1
     9c8:	e3 5a       	subi	r30, 0xA3	; 163
     9ca:	ff 4f       	sbci	r31, 0xFF	; 255
     9cc:	f0 82       	st	Z, r15
/home/jgalera/.arduino15/packages/MiniCore/hardware/avr/3.1.1/cores/MCUdude_corefiles/HardwareSerial.cpp:269
  // make atomic to prevent execution of ISR between setting the
  // head pointer and setting the interrupt flag resulting in buffer
  // retransmission
  ATOMIC_BLOCK(ATOMIC_RESTORESTATE) {
     9ce:	9f b7       	in	r25, 0x3f	; 63
__iCliRetVal():
/home/jgalera/.arduino15/packages/arduino/tools/avr-gcc/7.3.0-atmel3.6.1-arduino7/avr/include/util/atomic.h:50
    return 1;
}

static __inline__ uint8_t __iCliRetVal(void)
{
    cli();
     9d0:	f8 94       	cli
_ZN14HardwareSerial5writeEh():
/home/jgalera/.arduino15/packages/MiniCore/hardware/avr/3.1.1/cores/MCUdude_corefiles/HardwareSerial.cpp:270
    _tx_buffer_head = i;
     9d2:	0b 8f       	std	Y+27, r16	; 0x1b
/home/jgalera/.arduino15/packages/MiniCore/hardware/avr/3.1.1/cores/MCUdude_corefiles/HardwareSerial.cpp:271
    *_ucsrb |= _BV(UDRIE0);
     9d4:	ea 89       	ldd	r30, Y+18	; 0x12
     9d6:	fb 89       	ldd	r31, Y+19	; 0x13
     9d8:	80 81       	ld	r24, Z
     9da:	80 62       	ori	r24, 0x20	; 32
     9dc:	cf cf       	rjmp	.-98     	; 0x97c <HardwareSerial::write(unsigned char)+0x38>

000009de <HardwareSerial::flush()>:
_ZN14HardwareSerial5flushEv():
/home/jgalera/.arduino15/packages/MiniCore/hardware/avr/3.1.1/cores/MCUdude_corefiles/HardwareSerial.cpp:203
  if (head >= tail) return SERIAL_TX_BUFFER_SIZE - 1 - head + tail;
  return tail - head - 1;
}

void HardwareSerial::flush()
{
     9de:	cf 93       	push	r28
     9e0:	df 93       	push	r29
     9e2:	ec 01       	movw	r28, r24
/home/jgalera/.arduino15/packages/MiniCore/hardware/avr/3.1.1/cores/MCUdude_corefiles/HardwareSerial.cpp:207
  // If we have never written a byte, no need to flush. This special
  // case is needed since there is no way to force the TXC (transmit
  // complete) bit to 1 during initialization
  if (!_written)
     9e4:	88 8d       	ldd	r24, Y+24	; 0x18
     9e6:	88 23       	and	r24, r24
     9e8:	b9 f0       	breq	.+46     	; 0xa18 <HardwareSerial::flush()+0x3a>
/home/jgalera/.arduino15/packages/MiniCore/hardware/avr/3.1.1/cores/MCUdude_corefiles/HardwareSerial.cpp:210
    return;

  while (bit_is_set(*_ucsrb, UDRIE0) || bit_is_clear(*_ucsra, TXC0)) {
     9ea:	aa 89       	ldd	r26, Y+18	; 0x12
     9ec:	bb 89       	ldd	r27, Y+19	; 0x13
     9ee:	e8 89       	ldd	r30, Y+16	; 0x10
     9f0:	f9 89       	ldd	r31, Y+17	; 0x11
     9f2:	8c 91       	ld	r24, X
     9f4:	85 fd       	sbrc	r24, 5
     9f6:	03 c0       	rjmp	.+6      	; 0x9fe <HardwareSerial::flush()+0x20>
     9f8:	80 81       	ld	r24, Z
     9fa:	86 fd       	sbrc	r24, 6
     9fc:	0d c0       	rjmp	.+26     	; 0xa18 <HardwareSerial::flush()+0x3a>
/home/jgalera/.arduino15/packages/MiniCore/hardware/avr/3.1.1/cores/MCUdude_corefiles/HardwareSerial.cpp:211
    if (bit_is_clear(SREG, SREG_I) && bit_is_set(*_ucsrb, UDRIE0))
     9fe:	0f b6       	in	r0, 0x3f	; 63
     a00:	07 fc       	sbrc	r0, 7
     a02:	f7 cf       	rjmp	.-18     	; 0x9f2 <HardwareSerial::flush()+0x14>
     a04:	8c 91       	ld	r24, X
     a06:	85 ff       	sbrs	r24, 5
     a08:	f2 cf       	rjmp	.-28     	; 0x9ee <HardwareSerial::flush()+0x10>
/home/jgalera/.arduino15/packages/MiniCore/hardware/avr/3.1.1/cores/MCUdude_corefiles/HardwareSerial.cpp:215
      // Interrupts are globally disabled, but the DR empty
      // interrupt should be enabled, so poll the DR empty flag to
      // prevent deadlock
      if (bit_is_set(*_ucsra, UDRE0))
     a0a:	80 81       	ld	r24, Z
     a0c:	85 ff       	sbrs	r24, 5
     a0e:	ed cf       	rjmp	.-38     	; 0x9ea <HardwareSerial::flush()+0xc>
/home/jgalera/.arduino15/packages/MiniCore/hardware/avr/3.1.1/cores/MCUdude_corefiles/HardwareSerial.cpp:216
        _tx_udr_empty_irq();
     a10:	ce 01       	movw	r24, r28
     a12:	0e 94 80 04 	call	0x900	; 0x900 <HardwareSerial::_tx_udr_empty_irq()>
     a16:	e9 cf       	rjmp	.-46     	; 0x9ea <HardwareSerial::flush()+0xc>
/home/jgalera/.arduino15/packages/MiniCore/hardware/avr/3.1.1/cores/MCUdude_corefiles/HardwareSerial.cpp:220
  }
  // If we get here, nothing is queued anymore (DRIE is disabled) and
  // the hardware finished tranmission (TXC is set).
}
     a18:	df 91       	pop	r29
     a1a:	cf 91       	pop	r28
     a1c:	08 95       	ret

00000a1e <I2C::stop() [clone .isra.3]>:
_ZN3I2C4stopEv.isra.6():
/home/jgalera/develop/arduino/usdx/usdx_plus_orange/src/hardware/soft_i2c.h:64
#endif
    I2C_SCL_LO();
    I2C_SDA_HI();
  }
  inline void stop() {
    I2C_SDA_LO(); // ensure SDA is LO so STOP-condition can be initiated by
     a1e:	3c 9a       	sbi	0x07, 4	; 7
/home/jgalera/develop/arduino/usdx/usdx_plus_orange/src/hardware/soft_i2c.h:67
                  // pulling SCL HI (in case of ACK it SDA was already LO, but
                  // for a delayed ACK or NACK it is not!)
    I2C_SCL_HI();
     a20:	3d 98       	cbi	0x07, 5	; 7
	...
/home/jgalera/develop/arduino/usdx/usdx_plus_orange/src/hardware/soft_i2c.h:68
    I2C_SDA_HI();
     a2a:	3c 98       	cbi	0x07, 4	; 7
/home/jgalera/develop/arduino/usdx/usdx_plus_orange/src/hardware/soft_i2c.h:69
    I2C_DDR &=
     a2c:	87 b1       	in	r24, 0x07	; 7
     a2e:	8f 7c       	andi	r24, 0xCF	; 207
     a30:	87 b9       	out	0x07, r24	; 7
_ZN3I2C7suspendEv.isra.5():
/home/jgalera/develop/arduino/usdx/usdx_plus_orange/src/hardware/soft_i2c.h:135
#ifdef LCD_RS_PORTIO
    I2C_PORT &= ~I2C_SDA; // pin sharing SDA/LCD_RS mitigation
#endif
  }
  inline void suspend() {
    I2C_SDA_LO(); // pin sharing SDA/LCD_RS: pin sharing SDA/LCD_RS: pull-down
     a32:	3c 9a       	sbi	0x07, 4	; 7
_ZN3I2C4stopEv.isra.6():
/home/jgalera/develop/arduino/usdx/usdx_plus_orange/src/hardware/soft_i2c.h:74
    I2C_DDR &=
        ~(I2C_SDA | I2C_SCL); // prepare for a start: pull-up both SDA, SCL
#ifndef RS_HIGH_ON_IDLE
    suspend();
#endif
  }
     a34:	08 95       	ret

00000a36 <I2C::start() [clone .isra.1]>:
_ZN3I2C5startEv.isra.4():
/home/jgalera/develop/arduino/usdx/usdx_plus_orange/src/hardware/soft_i2c.h:60
#ifdef RS_HIGH_ON_IDLE
    I2C_SDA_LO();
#else
    resume(); // prepare for I2C
#endif
    I2C_SCL_LO();
     a36:	3d 9a       	sbi	0x07, 5	; 7
	...
/home/jgalera/develop/arduino/usdx/usdx_plus_orange/src/hardware/soft_i2c.h:61
    I2C_SDA_HI();
     a40:	3c 98       	cbi	0x07, 4	; 7
/home/jgalera/develop/arduino/usdx/usdx_plus_orange/src/hardware/soft_i2c.h:62
  }
     a42:	08 95       	ret

00000a44 <SI5351::SendPLLRegisterBulk() [clone .constprop.28]>:
_ZN6SI535119SendPLLRegisterBulkEv.constprop.28():
/home/jgalera/develop/arduino/usdx/usdx_plus_orange/src/driver/si5351.h:67

  inline void SendPLLRegisterBulk() {
     a44:	cf 93       	push	r28
     a46:	df 93       	push	r29
/home/jgalera/develop/arduino/usdx/usdx_plus_orange/src/driver/si5351.h:68
    i2c.start();
     a48:	0e 94 1b 05 	call	0xa36	; 0xa36 <I2C::start() [clone .isra.1]>
/home/jgalera/develop/arduino/usdx/usdx_plus_orange/src/driver/si5351.h:69
    i2c.SendByte(SI5351_ADDR << 1);
     a4c:	80 ec       	ldi	r24, 0xC0	; 192
     a4e:	0e 94 a6 01 	call	0x34c	; 0x34c <I2C::SendByte(unsigned char) [clone .constprop.32]>
/home/jgalera/develop/arduino/usdx/usdx_plus_orange/src/driver/si5351.h:70
    i2c.SendByte(26 + 0 * 8 + 4); // Write to PLLA
     a52:	8e e1       	ldi	r24, 0x1E	; 30
     a54:	0e 94 a6 01 	call	0x34c	; 0x34c <I2C::SendByte(unsigned char) [clone .constprop.32]>
/home/jgalera/develop/arduino/usdx/usdx_plus_orange/src/driver/si5351.h:71
    i2c.SendByte(pll_regs[4]);
     a58:	cc eb       	ldi	r28, 0xBC	; 188
     a5a:	d6 e0       	ldi	r29, 0x06	; 6
     a5c:	8f 85       	ldd	r24, Y+15	; 0x0f
     a5e:	0e 94 a6 01 	call	0x34c	; 0x34c <I2C::SendByte(unsigned char) [clone .constprop.32]>
/home/jgalera/develop/arduino/usdx/usdx_plus_orange/src/driver/si5351.h:72
    i2c.SendByte(pll_regs[5]);
     a62:	88 89       	ldd	r24, Y+16	; 0x10
     a64:	0e 94 a6 01 	call	0x34c	; 0x34c <I2C::SendByte(unsigned char) [clone .constprop.32]>
/home/jgalera/develop/arduino/usdx/usdx_plus_orange/src/driver/si5351.h:73
    i2c.SendByte(pll_regs[6]);
     a68:	89 89       	ldd	r24, Y+17	; 0x11
     a6a:	0e 94 a6 01 	call	0x34c	; 0x34c <I2C::SendByte(unsigned char) [clone .constprop.32]>
/home/jgalera/develop/arduino/usdx/usdx_plus_orange/src/driver/si5351.h:74
    i2c.SendByte(pll_regs[7]);
     a6e:	8a 89       	ldd	r24, Y+18	; 0x12
     a70:	0e 94 a6 01 	call	0x34c	; 0x34c <I2C::SendByte(unsigned char) [clone .constprop.32]>
/home/jgalera/develop/arduino/usdx/usdx_plus_orange/src/driver/si5351.h:76
    i2c.stop();
  }
     a74:	df 91       	pop	r29
     a76:	cf 91       	pop	r28
/home/jgalera/develop/arduino/usdx/usdx_plus_orange/src/driver/si5351.h:75
    i2c.SendByte(26 + 0 * 8 + 4); // Write to PLLA
    i2c.SendByte(pll_regs[4]);
    i2c.SendByte(pll_regs[5]);
    i2c.SendByte(pll_regs[6]);
    i2c.SendByte(pll_regs[7]);
    i2c.stop();
     a78:	0c 94 0f 05 	jmp	0xa1e	; 0xa1e <I2C::stop() [clone .isra.3]>

00000a7c <IOExpander16::SendRegister(unsigned char, unsigned char) [clone .isra.6]>:
_ZN12IOExpander1612SendRegisterEhh.isra.6():
/home/jgalera/develop/arduino/usdx/usdx_plus_orange/src/hardware/io_expander.cpp:70
#define IOEXP16_ADDR 0x24
#endif
#ifdef LPF_SWITCHING_DL2MAN_USDX_REV3
#define IOEXP16_ADDR 0x20
#endif
  void SendRegister(uint8_t reg, uint8_t val) {
     a7c:	cf 93       	push	r28
     a7e:	df 93       	push	r29
     a80:	d8 2f       	mov	r29, r24
     a82:	c6 2f       	mov	r28, r22
beginTransmission():
/home/jgalera/develop/arduino/usdx/usdx_plus_orange/src/hardware/soft_i2c.h:141
                  // LCD_RS; QCXLiquidCrystal require this for any operation
  }

  void begin() {};
  void beginTransmission(uint8_t addr) {
    start();
     a84:	0e 94 1b 05 	call	0xa36	; 0xa36 <I2C::start() [clone .isra.1]>
/home/jgalera/develop/arduino/usdx/usdx_plus_orange/src/hardware/soft_i2c.h:142
    SendByte(addr << 1);
     a88:	80 e4       	ldi	r24, 0x40	; 64
     a8a:	0e 94 a6 01 	call	0x34c	; 0x34c <I2C::SendByte(unsigned char) [clone .constprop.32]>
_ZN3I2C5writeEh():
/home/jgalera/develop/arduino/usdx/usdx_plus_orange/src/hardware/soft_i2c.h:145
  };
  bool write(uint8_t byte) {
    SendByte(byte);
     a8e:	8d 2f       	mov	r24, r29
     a90:	0e 94 a6 01 	call	0x34c	; 0x34c <I2C::SendByte(unsigned char) [clone .constprop.32]>
     a94:	8c 2f       	mov	r24, r28
     a96:	0e 94 a6 01 	call	0x34c	; 0x34c <I2C::SendByte(unsigned char) [clone .constprop.32]>
_ZN12IOExpander1612SendRegisterEhh.isra.6():
/home/jgalera/develop/arduino/usdx/usdx_plus_orange/src/hardware/io_expander.cpp:76
    i2c.begin();
    i2c.beginTransmission(IOEXP16_ADDR);
    i2c.write(reg);
    i2c.write(val);
    i2c.endTransmission();
  }
     a9a:	df 91       	pop	r29
     a9c:	cf 91       	pop	r28
_ZN3I2C15endTransmissionEv():
/home/jgalera/develop/arduino/usdx/usdx_plus_orange/src/hardware/soft_i2c.h:149
    return 1;
  };
  uint8_t endTransmission() {
    stop();
     a9e:	0c 94 0f 05 	jmp	0xa1e	; 0xa1e <I2C::stop() [clone .isra.3]>

00000aa2 <IOExpander16::write(unsigned int) [clone .isra.7]>:
_ZN12IOExpander165writeEj.isra.7():
/home/jgalera/develop/arduino/usdx/usdx_plus_orange/src/hardware/io_expander.cpp:78
  void init() { write(0U); }
  void write(uint16_t data) {
     aa2:	cf 93       	push	r28
     aa4:	df 93       	push	r29
     aa6:	d8 2f       	mov	r29, r24
     aa8:	c9 2f       	mov	r28, r25
/home/jgalera/develop/arduino/usdx/usdx_plus_orange/src/hardware/io_expander.cpp:79
    SendRegister(0x07, 0xff);
     aaa:	6f ef       	ldi	r22, 0xFF	; 255
     aac:	87 e0       	ldi	r24, 0x07	; 7
     aae:	0e 94 3e 05 	call	0xa7c	; 0xa7c <IOExpander16::SendRegister(unsigned char, unsigned char) [clone .isra.6]>
/home/jgalera/develop/arduino/usdx/usdx_plus_orange/src/hardware/io_expander.cpp:80
    SendRegister(0x06, 0xff); /*Common last!*/
     ab2:	6f ef       	ldi	r22, 0xFF	; 255
     ab4:	86 e0       	ldi	r24, 0x06	; 6
     ab6:	0e 94 3e 05 	call	0xa7c	; 0xa7c <IOExpander16::SendRegister(unsigned char, unsigned char) [clone .isra.6]>
/home/jgalera/develop/arduino/usdx/usdx_plus_orange/src/hardware/io_expander.cpp:81
    SendRegister(0x02, data);
     aba:	6d 2f       	mov	r22, r29
     abc:	82 e0       	ldi	r24, 0x02	; 2
     abe:	0e 94 3e 05 	call	0xa7c	; 0xa7c <IOExpander16::SendRegister(unsigned char, unsigned char) [clone .isra.6]>
/home/jgalera/develop/arduino/usdx/usdx_plus_orange/src/hardware/io_expander.cpp:82
    SendRegister(0x06, 0x00); /*Common first!*/
     ac2:	60 e0       	ldi	r22, 0x00	; 0
     ac4:	86 e0       	ldi	r24, 0x06	; 6
     ac6:	0e 94 3e 05 	call	0xa7c	; 0xa7c <IOExpander16::SendRegister(unsigned char, unsigned char) [clone .isra.6]>
/home/jgalera/develop/arduino/usdx/usdx_plus_orange/src/hardware/io_expander.cpp:83
    SendRegister(0x03, data >> 8);
     aca:	6c 2f       	mov	r22, r28
     acc:	83 e0       	ldi	r24, 0x03	; 3
     ace:	0e 94 3e 05 	call	0xa7c	; 0xa7c <IOExpander16::SendRegister(unsigned char, unsigned char) [clone .isra.6]>
/home/jgalera/develop/arduino/usdx/usdx_plus_orange/src/hardware/io_expander.cpp:84
    SendRegister(0x07, 0x00);
     ad2:	60 e0       	ldi	r22, 0x00	; 0
     ad4:	87 e0       	ldi	r24, 0x07	; 7
/home/jgalera/develop/arduino/usdx/usdx_plus_orange/src/hardware/io_expander.cpp:85
  }
     ad6:	df 91       	pop	r29
     ad8:	cf 91       	pop	r28
/home/jgalera/develop/arduino/usdx/usdx_plus_orange/src/hardware/io_expander.cpp:84
    SendRegister(0x07, 0xff);
    SendRegister(0x06, 0xff); /*Common last!*/
    SendRegister(0x02, data);
    SendRegister(0x06, 0x00); /*Common first!*/
    SendRegister(0x03, data >> 8);
    SendRegister(0x07, 0x00);
     ada:	0c 94 3e 05 	jmp	0xa7c	; 0xa7c <IOExpander16::SendRegister(unsigned char, unsigned char) [clone .isra.6]>

00000ade <adc_start(unsigned char, bool, unsigned long)>:
_Z9adc_starthbm():
/home/jgalera/develop/arduino/usdx/usdx_plus_orange/src/hal/hal.cpp:16
    y++;
  return y;
}

void adc_start(uint8_t adcpin, bool ref1v1, uint32_t fs) {
  DIDR0 |= (1 << adcpin);   // disable digital input
     ade:	90 91 7e 00 	lds	r25, 0x007E	; 0x80007e <__DATA_REGION_ORIGIN__+0x1e>
     ae2:	e1 e0       	ldi	r30, 0x01	; 1
     ae4:	f0 e0       	ldi	r31, 0x00	; 0
     ae6:	08 2e       	mov	r0, r24
     ae8:	01 c0       	rjmp	.+2      	; 0xaec <adc_start(unsigned char, bool, unsigned long)+0xe>
     aea:	ee 0f       	add	r30, r30
     aec:	0a 94       	dec	r0
     aee:	ea f7       	brpl	.-6      	; 0xaea <adc_start(unsigned char, bool, unsigned long)+0xc>
     af0:	9e 2b       	or	r25, r30
     af2:	90 93 7e 00 	sts	0x007E, r25	; 0x80007e <__DATA_REGION_ORIGIN__+0x1e>
/home/jgalera/develop/arduino/usdx/usdx_plus_orange/src/hal/hal.cpp:17
  ADCSRA = 0;               // clear ADCSRA register
     af6:	10 92 7a 00 	sts	0x007A, r1	; 0x80007a <__DATA_REGION_ORIGIN__+0x1a>
/home/jgalera/develop/arduino/usdx/usdx_plus_orange/src/hal/hal.cpp:18
  ADCSRB = 0;               // clear ADCSRB register
     afa:	10 92 7b 00 	sts	0x007B, r1	; 0x80007b <__DATA_REGION_ORIGIN__+0x1b>
/home/jgalera/develop/arduino/usdx/usdx_plus_orange/src/hal/hal.cpp:19
  ADMUX = 0;                // clear ADMUX register
     afe:	10 92 7c 00 	sts	0x007C, r1	; 0x80007c <__DATA_REGION_ORIGIN__+0x1c>
/home/jgalera/develop/arduino/usdx/usdx_plus_orange/src/hal/hal.cpp:20
  ADMUX |= (adcpin & 0x0f); // set analog input pin
     b02:	90 91 7c 00 	lds	r25, 0x007C	; 0x80007c <__DATA_REGION_ORIGIN__+0x1c>
     b06:	89 2b       	or	r24, r25
     b08:	80 93 7c 00 	sts	0x007C, r24	; 0x80007c <__DATA_REGION_ORIGIN__+0x1c>
/home/jgalera/develop/arduino/usdx/usdx_plus_orange/src/hal/hal.cpp:21
  ADMUX |= ((ref1v1) ? (1 << REFS1) : 0) |
     b0c:	80 91 7c 00 	lds	r24, 0x007C	; 0x80007c <__DATA_REGION_ORIGIN__+0x1c>
     b10:	90 e4       	ldi	r25, 0x40	; 64
     b12:	61 11       	cpse	r22, r1
     b14:	90 ec       	ldi	r25, 0xC0	; 192
     b16:	89 2b       	or	r24, r25
     b18:	80 93 7c 00 	sts	0x007C, r24	; 0x80007c <__DATA_REGION_ORIGIN__+0x1c>
/home/jgalera/develop/arduino/usdx/usdx_plus_orange/src/hal/hal.cpp:25
           (1 << REFS0); // If reflvl == true, set AREF=1.1V (Internal ref);
                         // otherwise AREF=AVCC=(5V)
  ADCSRA |=
      ((uint8_t)log2((uint8_t)(F_CPU / 13 / fs))) &
     b1c:	61 eb       	ldi	r22, 0xB1	; 177
     b1e:	77 ec       	ldi	r23, 0xC7	; 199
     b20:	82 e1       	ldi	r24, 0x12	; 18
     b22:	90 e0       	ldi	r25, 0x00	; 0
     b24:	0e 94 a6 39 	call	0x734c	; 0x734c <__udivmodsi4>
/home/jgalera/develop/arduino/usdx/usdx_plus_orange/src/core/core.cpp:120
  last_state = (_digitalRead(ROT_B) << 1) | _digitalRead(ROT_A);
  interrupts();
}

uint8_t log2(uint16_t x) {
  uint8_t y = 0;
     b28:	80 e0       	ldi	r24, 0x00	; 0
log2():
/home/jgalera/develop/arduino/usdx/usdx_plus_orange/src/core/core.cpp:121
  for (; x >>= 1;)
     b2a:	36 95       	lsr	r19
     b2c:	27 95       	ror	r18
     b2e:	21 15       	cp	r18, r1
     b30:	31 05       	cpc	r19, r1
     b32:	11 f0       	breq	.+4      	; 0xb38 <adc_start(unsigned char, bool, unsigned long)+0x5a>
/home/jgalera/develop/arduino/usdx/usdx_plus_orange/src/core/core.cpp:122
    y++;
     b34:	8f 5f       	subi	r24, 0xFF	; 255
     b36:	f9 cf       	rjmp	.-14     	; 0xb2a <adc_start(unsigned char, bool, unsigned long)+0x4c>
_Z9adc_starthbm():
/home/jgalera/develop/arduino/usdx/usdx_plus_orange/src/hal/hal.cpp:24
  ADMUX = 0;                // clear ADMUX register
  ADMUX |= (adcpin & 0x0f); // set analog input pin
  ADMUX |= ((ref1v1) ? (1 << REFS1) : 0) |
           (1 << REFS0); // If reflvl == true, set AREF=1.1V (Internal ref);
                         // otherwise AREF=AVCC=(5V)
  ADCSRA |=
     b38:	90 91 7a 00 	lds	r25, 0x007A	; 0x80007a <__DATA_REGION_ORIGIN__+0x1a>
     b3c:	87 70       	andi	r24, 0x07	; 7
     b3e:	89 2b       	or	r24, r25
     b40:	80 93 7a 00 	sts	0x007A, r24	; 0x80007a <__DATA_REGION_ORIGIN__+0x1a>
/home/jgalera/develop/arduino/usdx/usdx_plus_orange/src/hal/hal.cpp:30
      ((uint8_t)log2((uint8_t)(F_CPU / 13 / fs))) &
      0x07; // ADC Prescaler (for normal conversions non-auto-triggered): ADPS =
            // log2(F_CPU / 13 / Fs) - 1; ADSP=0..7 resulting in resp.
            // conversion rate of 1536, 768, 384, 192, 96, 48, 24, 12 kHz
  // ADCSRA |= (1 << ADIE);  // enable interrupts when measurement complete
  ADCSRA |= (1 << ADEN); // enable ADC
     b44:	80 91 7a 00 	lds	r24, 0x007A	; 0x80007a <__DATA_REGION_ORIGIN__+0x1a>
     b48:	80 68       	ori	r24, 0x80	; 128
     b4a:	80 93 7a 00 	sts	0x007A, r24	; 0x80007a <__DATA_REGION_ORIGIN__+0x1a>
/home/jgalera/develop/arduino/usdx/usdx_plus_orange/src/hal/hal.cpp:39
  //  integrity, therefore Idle sleep is better alternative (keeping clkIO as an
  //  active clock domain)
  set_sleep_mode(SLEEP_MODE_IDLE);
  sleep_enable();
#endif
}
     b4e:	08 95       	ret

00000b50 <sdr_rx_07()>:
_Z15sdr_rx_common_qv():
/home/jgalera/develop/arduino/usdx/usdx_plus_orange/src/dsp/dsp.cpp:1305
// */

static int16_t ozi1, ozi2;

inline int16_t sdr_rx_common_q() {
  ADMUX = admux[0];
     b50:	80 91 ea 05 	lds	r24, 0x05EA	; 0x8005ea <admux>
     b54:	80 93 7c 00 	sts	0x007C, r24	; 0x80007c <__DATA_REGION_ORIGIN__+0x1c>
/home/jgalera/develop/arduino/usdx/usdx_plus_orange/src/dsp/dsp.cpp:1306
  ADCSRA |= (1 << ADSC);
     b58:	ea e7       	ldi	r30, 0x7A	; 122
     b5a:	f0 e0       	ldi	r31, 0x00	; 0
     b5c:	80 81       	ld	r24, Z
     b5e:	80 64       	ori	r24, 0x40	; 64
     b60:	80 83       	st	Z, r24
/home/jgalera/develop/arduino/usdx/usdx_plus_orange/src/dsp/dsp.cpp:1307
  int16_t ac = ADC - 511;
     b62:	20 91 78 00 	lds	r18, 0x0078	; 0x800078 <__DATA_REGION_ORIGIN__+0x18>
     b66:	30 91 79 00 	lds	r19, 0x0079	; 0x800079 <__DATA_REGION_ORIGIN__+0x19>
     b6a:	2f 5f       	subi	r18, 0xFF	; 255
     b6c:	31 40       	sbci	r19, 0x01	; 1
_Z9sdr_rx_07v():
/home/jgalera/develop/arduino/usdx/usdx_plus_orange/src/dsp/dsp.cpp:1294
  q_s0zb1 = q_s0zb0;
  q_s0zb0 = ac;
}
void sdr_rx_07() {
  int16_t ac = sdr_rx_common_q();
  func_ptr = sdr_rx_00;
     b6e:	8f ee       	ldi	r24, 0xEF	; 239
     b70:	97 e0       	ldi	r25, 0x07	; 7
     b72:	90 93 bf 05 	sts	0x05BF, r25	; 0x8005bf <func_ptr+0x1>
     b76:	80 93 be 05 	sts	0x05BE, r24	; 0x8005be <func_ptr>
/home/jgalera/develop/arduino/usdx/usdx_plus_orange/src/dsp/dsp.cpp:1295
  int16_t q_s1za0 = (ac + (q_s0za1 + q_s0zb0) * 3 + q_s0zb1) >> M_SR;
     b7a:	80 91 96 05 	lds	r24, 0x0596	; 0x800596 <q_s0za1>
     b7e:	90 91 97 05 	lds	r25, 0x0597	; 0x800597 <q_s0za1+0x1>
     b82:	40 91 94 05 	lds	r20, 0x0594	; 0x800594 <q_s0zb0>
     b86:	50 91 95 05 	lds	r21, 0x0595	; 0x800595 <q_s0zb0+0x1>
     b8a:	48 0f       	add	r20, r24
     b8c:	59 1f       	adc	r21, r25
     b8e:	ca 01       	movw	r24, r20
     b90:	88 0f       	add	r24, r24
     b92:	99 1f       	adc	r25, r25
     b94:	84 0f       	add	r24, r20
     b96:	95 1f       	adc	r25, r21
     b98:	82 0f       	add	r24, r18
     b9a:	93 1f       	adc	r25, r19
     b9c:	40 91 92 05 	lds	r20, 0x0592	; 0x800592 <q_s0zb1>
     ba0:	50 91 93 05 	lds	r21, 0x0593	; 0x800593 <q_s0zb1+0x1>
     ba4:	84 0f       	add	r24, r20
     ba6:	95 1f       	adc	r25, r21
     ba8:	95 95       	asr	r25
     baa:	87 95       	ror	r24
/home/jgalera/develop/arduino/usdx/usdx_plus_orange/src/dsp/dsp.cpp:1296
  q_s0za1 = ac;
     bac:	30 93 97 05 	sts	0x0597, r19	; 0x800597 <q_s0za1+0x1>
     bb0:	20 93 96 05 	sts	0x0596, r18	; 0x800596 <q_s0za1>
/home/jgalera/develop/arduino/usdx/usdx_plus_orange/src/dsp/dsp.cpp:1297
  q_ac2 = (q_s1za0 + (q_s1za1 + q_s1zb0) * 3 + q_s1zb1);
     bb4:	20 91 90 05 	lds	r18, 0x0590	; 0x800590 <q_s1za1>
     bb8:	30 91 91 05 	lds	r19, 0x0591	; 0x800591 <q_s1za1+0x1>
     bbc:	40 91 8e 05 	lds	r20, 0x058E	; 0x80058e <q_s1zb0>
     bc0:	50 91 8f 05 	lds	r21, 0x058F	; 0x80058f <q_s1zb0+0x1>
     bc4:	42 0f       	add	r20, r18
     bc6:	53 1f       	adc	r21, r19
     bc8:	9a 01       	movw	r18, r20
     bca:	22 0f       	add	r18, r18
     bcc:	33 1f       	adc	r19, r19
     bce:	24 0f       	add	r18, r20
     bd0:	35 1f       	adc	r19, r21
     bd2:	28 0f       	add	r18, r24
     bd4:	39 1f       	adc	r19, r25
     bd6:	40 91 8c 05 	lds	r20, 0x058C	; 0x80058c <q_s1zb1>
     bda:	50 91 8d 05 	lds	r21, 0x058D	; 0x80058d <q_s1zb1+0x1>
     bde:	24 0f       	add	r18, r20
     be0:	35 1f       	adc	r19, r21
     be2:	30 93 8b 05 	sts	0x058B, r19	; 0x80058b <q_ac2+0x1>
     be6:	20 93 8a 05 	sts	0x058A, r18	; 0x80058a <q_ac2>
/home/jgalera/develop/arduino/usdx/usdx_plus_orange/src/dsp/dsp.cpp:1298
  q_s1za1 = q_s1za0;
     bea:	90 93 91 05 	sts	0x0591, r25	; 0x800591 <q_s1za1+0x1>
     bee:	80 93 90 05 	sts	0x0590, r24	; 0x800590 <q_s1za1>
/home/jgalera/develop/arduino/usdx/usdx_plus_orange/src/dsp/dsp.cpp:1299
}
     bf2:	08 95       	ret

00000bf4 <sdr_rx_05()>:
_Z15sdr_rx_common_qv():
/home/jgalera/develop/arduino/usdx/usdx_plus_orange/src/dsp/dsp.cpp:1305
// */

static int16_t ozi1, ozi2;

inline int16_t sdr_rx_common_q() {
  ADMUX = admux[0];
     bf4:	80 91 ea 05 	lds	r24, 0x05EA	; 0x8005ea <admux>
     bf8:	80 93 7c 00 	sts	0x007C, r24	; 0x80007c <__DATA_REGION_ORIGIN__+0x1c>
/home/jgalera/develop/arduino/usdx/usdx_plus_orange/src/dsp/dsp.cpp:1306
  ADCSRA |= (1 << ADSC);
     bfc:	ea e7       	ldi	r30, 0x7A	; 122
     bfe:	f0 e0       	ldi	r31, 0x00	; 0
     c00:	80 81       	ld	r24, Z
     c02:	80 64       	ori	r24, 0x40	; 64
     c04:	80 83       	st	Z, r24
/home/jgalera/develop/arduino/usdx/usdx_plus_orange/src/dsp/dsp.cpp:1307
  int16_t ac = ADC - 511;
     c06:	80 91 78 00 	lds	r24, 0x0078	; 0x800078 <__DATA_REGION_ORIGIN__+0x18>
     c0a:	90 91 79 00 	lds	r25, 0x0079	; 0x800079 <__DATA_REGION_ORIGIN__+0x19>
_Z9sdr_rx_05v():
/home/jgalera/develop/arduino/usdx/usdx_plus_orange/src/dsp/dsp.cpp:1288
  q_s1zb0 = (ac + (q_s0za1 + q_s0zb0) * 3 + q_s0zb1) >> M_SR;
  q_s0za1 = ac;
}
void sdr_rx_05() {
  int16_t ac = sdr_rx_common_q();
  func_ptr = sdr_rx_06;
     c0e:	2d e7       	ldi	r18, 0x7D	; 125
     c10:	36 e0       	ldi	r19, 0x06	; 6
     c12:	30 93 bf 05 	sts	0x05BF, r19	; 0x8005bf <func_ptr+0x1>
     c16:	20 93 be 05 	sts	0x05BE, r18	; 0x8005be <func_ptr>
/home/jgalera/develop/arduino/usdx/usdx_plus_orange/src/dsp/dsp.cpp:1289
  q_s0zb1 = q_s0zb0;
     c1a:	20 91 94 05 	lds	r18, 0x0594	; 0x800594 <q_s0zb0>
     c1e:	30 91 95 05 	lds	r19, 0x0595	; 0x800595 <q_s0zb0+0x1>
     c22:	30 93 93 05 	sts	0x0593, r19	; 0x800593 <q_s0zb1+0x1>
     c26:	20 93 92 05 	sts	0x0592, r18	; 0x800592 <q_s0zb1>
_Z15sdr_rx_common_qv():
/home/jgalera/develop/arduino/usdx/usdx_plus_orange/src/dsp/dsp.cpp:1307
static int16_t ozi1, ozi2;

inline int16_t sdr_rx_common_q() {
  ADMUX = admux[0];
  ADCSRA |= (1 << ADSC);
  int16_t ac = ADC - 511;
     c2a:	8f 5f       	subi	r24, 0xFF	; 255
     c2c:	91 40       	sbci	r25, 0x01	; 1
_Z9sdr_rx_05v():
/home/jgalera/develop/arduino/usdx/usdx_plus_orange/src/dsp/dsp.cpp:1290
}
void sdr_rx_05() {
  int16_t ac = sdr_rx_common_q();
  func_ptr = sdr_rx_06;
  q_s0zb1 = q_s0zb0;
  q_s0zb0 = ac;
     c2e:	90 93 95 05 	sts	0x0595, r25	; 0x800595 <q_s0zb0+0x1>
     c32:	80 93 94 05 	sts	0x0594, r24	; 0x800594 <q_s0zb0>
/home/jgalera/develop/arduino/usdx/usdx_plus_orange/src/dsp/dsp.cpp:1291
}
     c36:	08 95       	ret

00000c38 <sdr_rx_03()>:
_Z15sdr_rx_common_qv():
/home/jgalera/develop/arduino/usdx/usdx_plus_orange/src/dsp/dsp.cpp:1305
// */

static int16_t ozi1, ozi2;

inline int16_t sdr_rx_common_q() {
  ADMUX = admux[0];
     c38:	80 91 ea 05 	lds	r24, 0x05EA	; 0x8005ea <admux>
     c3c:	80 93 7c 00 	sts	0x007C, r24	; 0x80007c <__DATA_REGION_ORIGIN__+0x1c>
/home/jgalera/develop/arduino/usdx/usdx_plus_orange/src/dsp/dsp.cpp:1306
  ADCSRA |= (1 << ADSC);
     c40:	ea e7       	ldi	r30, 0x7A	; 122
     c42:	f0 e0       	ldi	r31, 0x00	; 0
     c44:	80 81       	ld	r24, Z
     c46:	80 64       	ori	r24, 0x40	; 64
     c48:	80 83       	st	Z, r24
/home/jgalera/develop/arduino/usdx/usdx_plus_orange/src/dsp/dsp.cpp:1307
  int16_t ac = ADC - 511;
     c4a:	20 91 78 00 	lds	r18, 0x0078	; 0x800078 <__DATA_REGION_ORIGIN__+0x18>
     c4e:	30 91 79 00 	lds	r19, 0x0079	; 0x800079 <__DATA_REGION_ORIGIN__+0x19>
     c52:	2f 5f       	subi	r18, 0xFF	; 255
     c54:	31 40       	sbci	r19, 0x01	; 1
_Z9sdr_rx_03v():
/home/jgalera/develop/arduino/usdx/usdx_plus_orange/src/dsp/dsp.cpp:1281
  q_s0zb1 = q_s0zb0;
  q_s0zb0 = ac;
}
void sdr_rx_03() {
  int16_t ac = sdr_rx_common_q();
  func_ptr = sdr_rx_04;
     c56:	8e ee       	ldi	r24, 0xEE	; 238
     c58:	96 e0       	ldi	r25, 0x06	; 6
     c5a:	90 93 bf 05 	sts	0x05BF, r25	; 0x8005bf <func_ptr+0x1>
     c5e:	80 93 be 05 	sts	0x05BE, r24	; 0x8005be <func_ptr>
/home/jgalera/develop/arduino/usdx/usdx_plus_orange/src/dsp/dsp.cpp:1282
  q_s1zb1 = q_s1zb0;
     c62:	80 91 8e 05 	lds	r24, 0x058E	; 0x80058e <q_s1zb0>
     c66:	90 91 8f 05 	lds	r25, 0x058F	; 0x80058f <q_s1zb0+0x1>
     c6a:	90 93 8d 05 	sts	0x058D, r25	; 0x80058d <q_s1zb1+0x1>
     c6e:	80 93 8c 05 	sts	0x058C, r24	; 0x80058c <q_s1zb1>
/home/jgalera/develop/arduino/usdx/usdx_plus_orange/src/dsp/dsp.cpp:1283
  q_s1zb0 = (ac + (q_s0za1 + q_s0zb0) * 3 + q_s0zb1) >> M_SR;
     c72:	80 91 96 05 	lds	r24, 0x0596	; 0x800596 <q_s0za1>
     c76:	90 91 97 05 	lds	r25, 0x0597	; 0x800597 <q_s0za1+0x1>
     c7a:	40 91 94 05 	lds	r20, 0x0594	; 0x800594 <q_s0zb0>
     c7e:	50 91 95 05 	lds	r21, 0x0595	; 0x800595 <q_s0zb0+0x1>
     c82:	48 0f       	add	r20, r24
     c84:	59 1f       	adc	r21, r25
     c86:	ca 01       	movw	r24, r20
     c88:	88 0f       	add	r24, r24
     c8a:	99 1f       	adc	r25, r25
     c8c:	84 0f       	add	r24, r20
     c8e:	95 1f       	adc	r25, r21
     c90:	82 0f       	add	r24, r18
     c92:	93 1f       	adc	r25, r19
     c94:	40 91 92 05 	lds	r20, 0x0592	; 0x800592 <q_s0zb1>
     c98:	50 91 93 05 	lds	r21, 0x0593	; 0x800593 <q_s0zb1+0x1>
     c9c:	84 0f       	add	r24, r20
     c9e:	95 1f       	adc	r25, r21
     ca0:	95 95       	asr	r25
     ca2:	87 95       	ror	r24
     ca4:	90 93 8f 05 	sts	0x058F, r25	; 0x80058f <q_s1zb0+0x1>
     ca8:	80 93 8e 05 	sts	0x058E, r24	; 0x80058e <q_s1zb0>
/home/jgalera/develop/arduino/usdx/usdx_plus_orange/src/dsp/dsp.cpp:1284
  q_s0za1 = ac;
     cac:	30 93 97 05 	sts	0x0597, r19	; 0x800597 <q_s0za1+0x1>
     cb0:	20 93 96 05 	sts	0x0596, r18	; 0x800596 <q_s0za1>
/home/jgalera/develop/arduino/usdx/usdx_plus_orange/src/dsp/dsp.cpp:1285
}
     cb4:	08 95       	ret

00000cb6 <sdr_rx_01()>:
_Z15sdr_rx_common_qv():
/home/jgalera/develop/arduino/usdx/usdx_plus_orange/src/dsp/dsp.cpp:1305
// */

static int16_t ozi1, ozi2;

inline int16_t sdr_rx_common_q() {
  ADMUX = admux[0];
     cb6:	80 91 ea 05 	lds	r24, 0x05EA	; 0x8005ea <admux>
     cba:	80 93 7c 00 	sts	0x007C, r24	; 0x80007c <__DATA_REGION_ORIGIN__+0x1c>
/home/jgalera/develop/arduino/usdx/usdx_plus_orange/src/dsp/dsp.cpp:1306
  ADCSRA |= (1 << ADSC);
     cbe:	ea e7       	ldi	r30, 0x7A	; 122
     cc0:	f0 e0       	ldi	r31, 0x00	; 0
     cc2:	80 81       	ld	r24, Z
     cc4:	80 64       	ori	r24, 0x40	; 64
     cc6:	80 83       	st	Z, r24
/home/jgalera/develop/arduino/usdx/usdx_plus_orange/src/dsp/dsp.cpp:1307
  int16_t ac = ADC - 511;
     cc8:	80 91 78 00 	lds	r24, 0x0078	; 0x800078 <__DATA_REGION_ORIGIN__+0x18>
     ccc:	90 91 79 00 	lds	r25, 0x0079	; 0x800079 <__DATA_REGION_ORIGIN__+0x19>
_Z9sdr_rx_01v():
/home/jgalera/develop/arduino/usdx/usdx_plus_orange/src/dsp/dsp.cpp:1275
  i_s0zb1 = i_s0zb0;
  i_s0zb0 = ac;
}
void sdr_rx_01() {
  int16_t ac = sdr_rx_common_q();
  func_ptr = sdr_rx_02;
     cd0:	2e e7       	ldi	r18, 0x7E	; 126
     cd2:	37 e0       	ldi	r19, 0x07	; 7
     cd4:	30 93 bf 05 	sts	0x05BF, r19	; 0x8005bf <func_ptr+0x1>
     cd8:	20 93 be 05 	sts	0x05BE, r18	; 0x8005be <func_ptr>
/home/jgalera/develop/arduino/usdx/usdx_plus_orange/src/dsp/dsp.cpp:1276
  q_s0zb1 = q_s0zb0;
     cdc:	20 91 94 05 	lds	r18, 0x0594	; 0x800594 <q_s0zb0>
     ce0:	30 91 95 05 	lds	r19, 0x0595	; 0x800595 <q_s0zb0+0x1>
     ce4:	30 93 93 05 	sts	0x0593, r19	; 0x800593 <q_s0zb1+0x1>
     ce8:	20 93 92 05 	sts	0x0592, r18	; 0x800592 <q_s0zb1>
_Z15sdr_rx_common_qv():
/home/jgalera/develop/arduino/usdx/usdx_plus_orange/src/dsp/dsp.cpp:1307
static int16_t ozi1, ozi2;

inline int16_t sdr_rx_common_q() {
  ADMUX = admux[0];
  ADCSRA |= (1 << ADSC);
  int16_t ac = ADC - 511;
     cec:	8f 5f       	subi	r24, 0xFF	; 255
     cee:	91 40       	sbci	r25, 0x01	; 1
_Z9sdr_rx_01v():
/home/jgalera/develop/arduino/usdx/usdx_plus_orange/src/dsp/dsp.cpp:1277
}
void sdr_rx_01() {
  int16_t ac = sdr_rx_common_q();
  func_ptr = sdr_rx_02;
  q_s0zb1 = q_s0zb0;
  q_s0zb0 = ac;
     cf0:	90 93 95 05 	sts	0x0595, r25	; 0x800595 <q_s0zb0+0x1>
     cf4:	80 93 94 05 	sts	0x0594, r24	; 0x800594 <q_s0zb0>
/home/jgalera/develop/arduino/usdx/usdx_plus_orange/src/dsp/dsp.cpp:1278
}
     cf8:	08 95       	ret

00000cfa <sdr_rx_06()>:
_Z9sdr_rx_06v():
/home/jgalera/develop/arduino/usdx/usdx_plus_orange/src/dsp/dsp.cpp:1312
  int16_t ac = ADC - 511;
  return ac;
}

inline int16_t sdr_rx_common_i() {
  ADMUX = admux[1];
     cfa:	80 91 eb 05 	lds	r24, 0x05EB	; 0x8005eb <admux+0x1>
     cfe:	80 93 7c 00 	sts	0x007C, r24	; 0x80007c <__DATA_REGION_ORIGIN__+0x1c>
/home/jgalera/develop/arduino/usdx/usdx_plus_orange/src/dsp/dsp.cpp:1313
  ADCSRA |= (1 << ADSC);
     d02:	80 91 7a 00 	lds	r24, 0x007A	; 0x80007a <__DATA_REGION_ORIGIN__+0x1a>
     d06:	80 64       	ori	r24, 0x40	; 64
     d08:	80 93 7a 00 	sts	0x007A, r24	; 0x80007a <__DATA_REGION_ORIGIN__+0x1a>
/home/jgalera/develop/arduino/usdx/usdx_plus_orange/src/dsp/dsp.cpp:1314
  int16_t adc = ADC - 511;
     d0c:	20 91 78 00 	lds	r18, 0x0078	; 0x800078 <__DATA_REGION_ORIGIN__+0x18>
     d10:	30 91 79 00 	lds	r19, 0x0079	; 0x800079 <__DATA_REGION_ORIGIN__+0x19>
     d14:	2f 5f       	subi	r18, 0xFF	; 255
     d16:	31 40       	sbci	r19, 0x01	; 1
/home/jgalera/develop/arduino/usdx/usdx_plus_orange/src/dsp/dsp.cpp:1316
  static int16_t prev_adc;
  int16_t ac = (prev_adc + adc) / 2;
     d18:	80 91 84 05 	lds	r24, 0x0584	; 0x800584 <sdr_rx_common_i()::prev_adc>
     d1c:	90 91 85 05 	lds	r25, 0x0585	; 0x800585 <sdr_rx_common_i()::prev_adc+0x1>
     d20:	82 0f       	add	r24, r18
     d22:	93 1f       	adc	r25, r19
     d24:	97 fd       	sbrc	r25, 7
     d26:	01 96       	adiw	r24, 0x01	; 1
     d28:	95 95       	asr	r25
     d2a:	87 95       	ror	r24
/home/jgalera/develop/arduino/usdx/usdx_plus_orange/src/dsp/dsp.cpp:1317
  prev_adc = adc;
     d2c:	30 93 85 05 	sts	0x0585, r19	; 0x800585 <sdr_rx_common_i()::prev_adc+0x1>
     d30:	20 93 84 05 	sts	0x0584, r18	; 0x800584 <sdr_rx_common_i()::prev_adc>
/home/jgalera/develop/arduino/usdx/usdx_plus_orange/src/dsp/dsp.cpp:1319
#ifdef AF_OUT
  if (_init) {
     d34:	20 91 ef 05 	lds	r18, 0x05EF	; 0x8005ef <_init>
     d38:	21 11       	cpse	r18, r1
     d3a:	40 c0       	rjmp	.+128    	; 0xdbc <sdr_rx_06()+0xc2>
     d3c:	40 91 80 05 	lds	r20, 0x0580	; 0x800580 <ozi1>
     d40:	50 91 81 05 	lds	r21, 0x0581	; 0x800581 <ozi1+0x1>
     d44:	60 91 7e 05 	lds	r22, 0x057E	; 0x80057e <ozi2>
     d48:	70 91 7f 05 	lds	r23, 0x057F	; 0x80057f <ozi2+0x1>
     d4c:	64 0f       	add	r22, r20
     d4e:	75 1f       	adc	r23, r21
     d50:	9b 01       	movw	r18, r22
     d52:	35 95       	asr	r19
     d54:	27 95       	ror	r18
     d56:	35 95       	asr	r19
     d58:	27 95       	ror	r18
     d5a:	35 95       	asr	r19
     d5c:	27 95       	ror	r18
     d5e:	35 95       	asr	r19
     d60:	27 95       	ror	r18
     d62:	35 95       	asr	r19
     d64:	27 95       	ror	r18
     d66:	20 58       	subi	r18, 0x80	; 128
     d68:	3f 4f       	sbci	r19, 0xFF	; 255
     d6a:	2f 3f       	cpi	r18, 0xFF	; 255
     d6c:	31 05       	cpc	r19, r1
     d6e:	09 f0       	breq	.+2      	; 0xd72 <sdr_rx_06()+0x78>
     d70:	7c f5       	brge	.+94     	; 0xdd0 <sdr_rx_06()+0xd6>
     d72:	37 fd       	sbrc	r19, 7
     d74:	31 c0       	rjmp	.+98     	; 0xdd8 <sdr_rx_06()+0xde>
/home/jgalera/develop/arduino/usdx/usdx_plus_orange/src/dsp/dsp.cpp:1324
    ocomb = 0;
    ozi1 = 0;
    ozi2 = 0;
  } // hack
  ozi2 = ozi1 + ozi2; // Integrator section
     d76:	70 93 7f 05 	sts	0x057F, r23	; 0x80057f <ozi2+0x1>
     d7a:	60 93 7e 05 	sts	0x057E, r22	; 0x80057e <ozi2>
/home/jgalera/develop/arduino/usdx/usdx_plus_orange/src/dsp/dsp.cpp:1325
  ozi1 = ocomb + ozi1;
     d7e:	60 91 82 05 	lds	r22, 0x0582	; 0x800582 <ocomb>
     d82:	70 91 83 05 	lds	r23, 0x0583	; 0x800583 <ocomb+0x1>
     d86:	46 0f       	add	r20, r22
     d88:	57 1f       	adc	r21, r23
     d8a:	50 93 81 05 	sts	0x0581, r21	; 0x800581 <ozi1+0x1>
     d8e:	40 93 80 05 	sts	0x0580, r20	; 0x800580 <ozi1>
/home/jgalera/develop/arduino/usdx/usdx_plus_orange/src/dsp/dsp.cpp:1326
  OCR1AL = min(max((ozi2 >> 5) + 128, 0), 255);
     d92:	20 93 88 00 	sts	0x0088, r18	; 0x800088 <__DATA_REGION_ORIGIN__+0x28>
/home/jgalera/develop/arduino/usdx/usdx_plus_orange/src/dsp/dsp.cpp:1269
  i_s1zb0 = (ac + (i_s0za1 + i_s0zb0) * 3 + i_s0zb1) >> M_SR;
  i_s0za1 = ac;
}
void sdr_rx_06() {
  int16_t ac = sdr_rx_common_i();
  func_ptr = sdr_rx_07;
     d96:	28 ea       	ldi	r18, 0xA8	; 168
     d98:	35 e0       	ldi	r19, 0x05	; 5
     d9a:	30 93 bf 05 	sts	0x05BF, r19	; 0x8005bf <func_ptr+0x1>
     d9e:	20 93 be 05 	sts	0x05BE, r18	; 0x8005be <func_ptr>
/home/jgalera/develop/arduino/usdx/usdx_plus_orange/src/dsp/dsp.cpp:1270
  i_s0zb1 = i_s0zb0;
     da2:	20 91 88 05 	lds	r18, 0x0588	; 0x800588 <i_s0zb0>
     da6:	30 91 89 05 	lds	r19, 0x0589	; 0x800589 <i_s0zb0+0x1>
     daa:	30 93 87 05 	sts	0x0587, r19	; 0x800587 <i_s0zb1+0x1>
     dae:	20 93 86 05 	sts	0x0586, r18	; 0x800586 <i_s0zb1>
/home/jgalera/develop/arduino/usdx/usdx_plus_orange/src/dsp/dsp.cpp:1271
  i_s0zb0 = ac;
     db2:	90 93 89 05 	sts	0x0589, r25	; 0x800589 <i_s0zb0+0x1>
     db6:	80 93 88 05 	sts	0x0588, r24	; 0x800588 <i_s0zb0>
/home/jgalera/develop/arduino/usdx/usdx_plus_orange/src/dsp/dsp.cpp:1272
}
     dba:	08 95       	ret
/home/jgalera/develop/arduino/usdx/usdx_plus_orange/src/dsp/dsp.cpp:1320
  static int16_t prev_adc;
  int16_t ac = (prev_adc + adc) / 2;
  prev_adc = adc;
#ifdef AF_OUT
  if (_init) {
    ocomb = 0;
     dbc:	10 92 83 05 	sts	0x0583, r1	; 0x800583 <ocomb+0x1>
     dc0:	10 92 82 05 	sts	0x0582, r1	; 0x800582 <ocomb>
     dc4:	20 e8       	ldi	r18, 0x80	; 128
     dc6:	70 e0       	ldi	r23, 0x00	; 0
     dc8:	60 e0       	ldi	r22, 0x00	; 0
     dca:	50 e0       	ldi	r21, 0x00	; 0
     dcc:	40 e0       	ldi	r20, 0x00	; 0
     dce:	d3 cf       	rjmp	.-90     	; 0xd76 <sdr_rx_06()+0x7c>
     dd0:	2f ef       	ldi	r18, 0xFF	; 255
     dd2:	30 e0       	ldi	r19, 0x00	; 0
     dd4:	37 ff       	sbrs	r19, 7
     dd6:	cf cf       	rjmp	.-98     	; 0xd76 <sdr_rx_06()+0x7c>
     dd8:	20 e0       	ldi	r18, 0x00	; 0
     dda:	cd cf       	rjmp	.-102    	; 0xd76 <sdr_rx_06()+0x7c>

00000ddc <sdr_rx_04()>:
_Z9sdr_rx_04v():
/home/jgalera/develop/arduino/usdx/usdx_plus_orange/src/dsp/dsp.cpp:1312
  int16_t ac = ADC - 511;
  return ac;
}

inline int16_t sdr_rx_common_i() {
  ADMUX = admux[1];
     ddc:	80 91 eb 05 	lds	r24, 0x05EB	; 0x8005eb <admux+0x1>
     de0:	80 93 7c 00 	sts	0x007C, r24	; 0x80007c <__DATA_REGION_ORIGIN__+0x1c>
/home/jgalera/develop/arduino/usdx/usdx_plus_orange/src/dsp/dsp.cpp:1313
  ADCSRA |= (1 << ADSC);
     de4:	80 91 7a 00 	lds	r24, 0x007A	; 0x80007a <__DATA_REGION_ORIGIN__+0x1a>
     de8:	80 64       	ori	r24, 0x40	; 64
     dea:	80 93 7a 00 	sts	0x007A, r24	; 0x80007a <__DATA_REGION_ORIGIN__+0x1a>
/home/jgalera/develop/arduino/usdx/usdx_plus_orange/src/dsp/dsp.cpp:1314
  int16_t adc = ADC - 511;
     dee:	40 91 78 00 	lds	r20, 0x0078	; 0x800078 <__DATA_REGION_ORIGIN__+0x18>
     df2:	50 91 79 00 	lds	r21, 0x0079	; 0x800079 <__DATA_REGION_ORIGIN__+0x19>
     df6:	4f 5f       	subi	r20, 0xFF	; 255
     df8:	51 40       	sbci	r21, 0x01	; 1
/home/jgalera/develop/arduino/usdx/usdx_plus_orange/src/dsp/dsp.cpp:1316
  static int16_t prev_adc;
  int16_t ac = (prev_adc + adc) / 2;
     dfa:	80 91 84 05 	lds	r24, 0x0584	; 0x800584 <sdr_rx_common_i()::prev_adc>
     dfe:	90 91 85 05 	lds	r25, 0x0585	; 0x800585 <sdr_rx_common_i()::prev_adc+0x1>
     e02:	84 0f       	add	r24, r20
     e04:	95 1f       	adc	r25, r21
     e06:	97 fd       	sbrc	r25, 7
     e08:	01 96       	adiw	r24, 0x01	; 1
     e0a:	9c 01       	movw	r18, r24
     e0c:	35 95       	asr	r19
     e0e:	27 95       	ror	r18
/home/jgalera/develop/arduino/usdx/usdx_plus_orange/src/dsp/dsp.cpp:1317
  prev_adc = adc;
     e10:	50 93 85 05 	sts	0x0585, r21	; 0x800585 <sdr_rx_common_i()::prev_adc+0x1>
     e14:	40 93 84 05 	sts	0x0584, r20	; 0x800584 <sdr_rx_common_i()::prev_adc>
/home/jgalera/develop/arduino/usdx/usdx_plus_orange/src/dsp/dsp.cpp:1319
#ifdef AF_OUT
  if (_init) {
     e18:	80 91 ef 05 	lds	r24, 0x05EF	; 0x8005ef <_init>
     e1c:	81 11       	cpse	r24, r1
     e1e:	5e c0       	rjmp	.+188    	; 0xedc <sdr_rx_04()+0x100>
     e20:	40 91 80 05 	lds	r20, 0x0580	; 0x800580 <ozi1>
     e24:	50 91 81 05 	lds	r21, 0x0581	; 0x800581 <ozi1+0x1>
     e28:	60 91 7e 05 	lds	r22, 0x057E	; 0x80057e <ozi2>
     e2c:	70 91 7f 05 	lds	r23, 0x057F	; 0x80057f <ozi2+0x1>
     e30:	64 0f       	add	r22, r20
     e32:	75 1f       	adc	r23, r21
     e34:	cb 01       	movw	r24, r22
     e36:	95 95       	asr	r25
     e38:	87 95       	ror	r24
     e3a:	95 95       	asr	r25
     e3c:	87 95       	ror	r24
     e3e:	95 95       	asr	r25
     e40:	87 95       	ror	r24
     e42:	95 95       	asr	r25
     e44:	87 95       	ror	r24
     e46:	95 95       	asr	r25
     e48:	87 95       	ror	r24
     e4a:	80 58       	subi	r24, 0x80	; 128
     e4c:	9f 4f       	sbci	r25, 0xFF	; 255
     e4e:	8f 3f       	cpi	r24, 0xFF	; 255
     e50:	91 05       	cpc	r25, r1
     e52:	11 f0       	breq	.+4      	; 0xe58 <sdr_rx_04()+0x7c>
     e54:	0c f0       	brlt	.+2      	; 0xe58 <sdr_rx_04()+0x7c>
     e56:	4c c0       	rjmp	.+152    	; 0xef0 <sdr_rx_04()+0x114>
     e58:	97 fd       	sbrc	r25, 7
     e5a:	4e c0       	rjmp	.+156    	; 0xef8 <sdr_rx_04()+0x11c>
/home/jgalera/develop/arduino/usdx/usdx_plus_orange/src/dsp/dsp.cpp:1324
    ocomb = 0;
    ozi1 = 0;
    ozi2 = 0;
  } // hack
  ozi2 = ozi1 + ozi2; // Integrator section
     e5c:	70 93 7f 05 	sts	0x057F, r23	; 0x80057f <ozi2+0x1>
     e60:	60 93 7e 05 	sts	0x057E, r22	; 0x80057e <ozi2>
/home/jgalera/develop/arduino/usdx/usdx_plus_orange/src/dsp/dsp.cpp:1325
  ozi1 = ocomb + ozi1;
     e64:	60 91 82 05 	lds	r22, 0x0582	; 0x800582 <ocomb>
     e68:	70 91 83 05 	lds	r23, 0x0583	; 0x800583 <ocomb+0x1>
     e6c:	46 0f       	add	r20, r22
     e6e:	57 1f       	adc	r21, r23
     e70:	50 93 81 05 	sts	0x0581, r21	; 0x800581 <ozi1+0x1>
     e74:	40 93 80 05 	sts	0x0580, r20	; 0x800580 <ozi1>
/home/jgalera/develop/arduino/usdx/usdx_plus_orange/src/dsp/dsp.cpp:1326
  OCR1AL = min(max((ozi2 >> 5) + 128, 0), 255);
     e78:	80 93 88 00 	sts	0x0088, r24	; 0x800088 <__DATA_REGION_ORIGIN__+0x28>
/home/jgalera/develop/arduino/usdx/usdx_plus_orange/src/dsp/dsp.cpp:1262
  i_s0zb1 = i_s0zb0;
  i_s0zb0 = ac;
}
void sdr_rx_04() {
  int16_t ac = sdr_rx_common_i();
  func_ptr = sdr_rx_05;
     e7c:	8a ef       	ldi	r24, 0xFA	; 250
     e7e:	95 e0       	ldi	r25, 0x05	; 5
     e80:	90 93 bf 05 	sts	0x05BF, r25	; 0x8005bf <func_ptr+0x1>
     e84:	80 93 be 05 	sts	0x05BE, r24	; 0x8005be <func_ptr>
/home/jgalera/develop/arduino/usdx/usdx_plus_orange/src/dsp/dsp.cpp:1263
  i_s1zb1 = i_s1zb0;
     e88:	80 91 7c 05 	lds	r24, 0x057C	; 0x80057c <i_s1zb0>
     e8c:	90 91 7d 05 	lds	r25, 0x057D	; 0x80057d <i_s1zb0+0x1>
     e90:	90 93 7b 05 	sts	0x057B, r25	; 0x80057b <i_s1zb1+0x1>
     e94:	80 93 7a 05 	sts	0x057A, r24	; 0x80057a <i_s1zb1>
/home/jgalera/develop/arduino/usdx/usdx_plus_orange/src/dsp/dsp.cpp:1264
  i_s1zb0 = (ac + (i_s0za1 + i_s0zb0) * 3 + i_s0zb1) >> M_SR;
     e98:	80 91 78 05 	lds	r24, 0x0578	; 0x800578 <i_s0za1>
     e9c:	90 91 79 05 	lds	r25, 0x0579	; 0x800579 <i_s0za1+0x1>
     ea0:	40 91 88 05 	lds	r20, 0x0588	; 0x800588 <i_s0zb0>
     ea4:	50 91 89 05 	lds	r21, 0x0589	; 0x800589 <i_s0zb0+0x1>
     ea8:	48 0f       	add	r20, r24
     eaa:	59 1f       	adc	r21, r25
     eac:	ca 01       	movw	r24, r20
     eae:	88 0f       	add	r24, r24
     eb0:	99 1f       	adc	r25, r25
     eb2:	84 0f       	add	r24, r20
     eb4:	95 1f       	adc	r25, r21
     eb6:	82 0f       	add	r24, r18
     eb8:	93 1f       	adc	r25, r19
     eba:	40 91 86 05 	lds	r20, 0x0586	; 0x800586 <i_s0zb1>
     ebe:	50 91 87 05 	lds	r21, 0x0587	; 0x800587 <i_s0zb1+0x1>
     ec2:	84 0f       	add	r24, r20
     ec4:	95 1f       	adc	r25, r21
     ec6:	95 95       	asr	r25
     ec8:	87 95       	ror	r24
     eca:	90 93 7d 05 	sts	0x057D, r25	; 0x80057d <i_s1zb0+0x1>
     ece:	80 93 7c 05 	sts	0x057C, r24	; 0x80057c <i_s1zb0>
/home/jgalera/develop/arduino/usdx/usdx_plus_orange/src/dsp/dsp.cpp:1265
  i_s0za1 = ac;
     ed2:	30 93 79 05 	sts	0x0579, r19	; 0x800579 <i_s0za1+0x1>
     ed6:	20 93 78 05 	sts	0x0578, r18	; 0x800578 <i_s0za1>
/home/jgalera/develop/arduino/usdx/usdx_plus_orange/src/dsp/dsp.cpp:1266
}
     eda:	08 95       	ret
/home/jgalera/develop/arduino/usdx/usdx_plus_orange/src/dsp/dsp.cpp:1320
  static int16_t prev_adc;
  int16_t ac = (prev_adc + adc) / 2;
  prev_adc = adc;
#ifdef AF_OUT
  if (_init) {
    ocomb = 0;
     edc:	10 92 83 05 	sts	0x0583, r1	; 0x800583 <ocomb+0x1>
     ee0:	10 92 82 05 	sts	0x0582, r1	; 0x800582 <ocomb>
     ee4:	80 e8       	ldi	r24, 0x80	; 128
     ee6:	70 e0       	ldi	r23, 0x00	; 0
     ee8:	60 e0       	ldi	r22, 0x00	; 0
     eea:	50 e0       	ldi	r21, 0x00	; 0
     eec:	40 e0       	ldi	r20, 0x00	; 0
     eee:	b6 cf       	rjmp	.-148    	; 0xe5c <sdr_rx_04()+0x80>
     ef0:	8f ef       	ldi	r24, 0xFF	; 255
     ef2:	90 e0       	ldi	r25, 0x00	; 0
     ef4:	97 ff       	sbrs	r25, 7
     ef6:	b2 cf       	rjmp	.-156    	; 0xe5c <sdr_rx_04()+0x80>
     ef8:	80 e0       	ldi	r24, 0x00	; 0
     efa:	b0 cf       	rjmp	.-160    	; 0xe5c <sdr_rx_04()+0x80>

00000efc <sdr_rx_02()>:
_Z9sdr_rx_02v():
/home/jgalera/develop/arduino/usdx/usdx_plus_orange/src/dsp/dsp.cpp:1312
  int16_t ac = ADC - 511;
  return ac;
}

inline int16_t sdr_rx_common_i() {
  ADMUX = admux[1];
     efc:	80 91 eb 05 	lds	r24, 0x05EB	; 0x8005eb <admux+0x1>
     f00:	80 93 7c 00 	sts	0x007C, r24	; 0x80007c <__DATA_REGION_ORIGIN__+0x1c>
/home/jgalera/develop/arduino/usdx/usdx_plus_orange/src/dsp/dsp.cpp:1313
  ADCSRA |= (1 << ADSC);
     f04:	80 91 7a 00 	lds	r24, 0x007A	; 0x80007a <__DATA_REGION_ORIGIN__+0x1a>
     f08:	80 64       	ori	r24, 0x40	; 64
     f0a:	80 93 7a 00 	sts	0x007A, r24	; 0x80007a <__DATA_REGION_ORIGIN__+0x1a>
/home/jgalera/develop/arduino/usdx/usdx_plus_orange/src/dsp/dsp.cpp:1314
  int16_t adc = ADC - 511;
     f0e:	20 91 78 00 	lds	r18, 0x0078	; 0x800078 <__DATA_REGION_ORIGIN__+0x18>
     f12:	30 91 79 00 	lds	r19, 0x0079	; 0x800079 <__DATA_REGION_ORIGIN__+0x19>
     f16:	2f 5f       	subi	r18, 0xFF	; 255
     f18:	31 40       	sbci	r19, 0x01	; 1
/home/jgalera/develop/arduino/usdx/usdx_plus_orange/src/dsp/dsp.cpp:1316
  static int16_t prev_adc;
  int16_t ac = (prev_adc + adc) / 2;
     f1a:	80 91 84 05 	lds	r24, 0x0584	; 0x800584 <sdr_rx_common_i()::prev_adc>
     f1e:	90 91 85 05 	lds	r25, 0x0585	; 0x800585 <sdr_rx_common_i()::prev_adc+0x1>
     f22:	82 0f       	add	r24, r18
     f24:	93 1f       	adc	r25, r19
     f26:	97 fd       	sbrc	r25, 7
     f28:	01 96       	adiw	r24, 0x01	; 1
     f2a:	95 95       	asr	r25
     f2c:	87 95       	ror	r24
/home/jgalera/develop/arduino/usdx/usdx_plus_orange/src/dsp/dsp.cpp:1317
  prev_adc = adc;
     f2e:	30 93 85 05 	sts	0x0585, r19	; 0x800585 <sdr_rx_common_i()::prev_adc+0x1>
     f32:	20 93 84 05 	sts	0x0584, r18	; 0x800584 <sdr_rx_common_i()::prev_adc>
/home/jgalera/develop/arduino/usdx/usdx_plus_orange/src/dsp/dsp.cpp:1319
#ifdef AF_OUT
  if (_init) {
     f36:	20 91 ef 05 	lds	r18, 0x05EF	; 0x8005ef <_init>
     f3a:	21 11       	cpse	r18, r1
     f3c:	40 c0       	rjmp	.+128    	; 0xfbe <sdr_rx_02()+0xc2>
     f3e:	40 91 80 05 	lds	r20, 0x0580	; 0x800580 <ozi1>
     f42:	50 91 81 05 	lds	r21, 0x0581	; 0x800581 <ozi1+0x1>
     f46:	60 91 7e 05 	lds	r22, 0x057E	; 0x80057e <ozi2>
     f4a:	70 91 7f 05 	lds	r23, 0x057F	; 0x80057f <ozi2+0x1>
     f4e:	64 0f       	add	r22, r20
     f50:	75 1f       	adc	r23, r21
     f52:	9b 01       	movw	r18, r22
     f54:	35 95       	asr	r19
     f56:	27 95       	ror	r18
     f58:	35 95       	asr	r19
     f5a:	27 95       	ror	r18
     f5c:	35 95       	asr	r19
     f5e:	27 95       	ror	r18
     f60:	35 95       	asr	r19
     f62:	27 95       	ror	r18
     f64:	35 95       	asr	r19
     f66:	27 95       	ror	r18
     f68:	20 58       	subi	r18, 0x80	; 128
     f6a:	3f 4f       	sbci	r19, 0xFF	; 255
     f6c:	2f 3f       	cpi	r18, 0xFF	; 255
     f6e:	31 05       	cpc	r19, r1
     f70:	09 f0       	breq	.+2      	; 0xf74 <sdr_rx_02()+0x78>
     f72:	7c f5       	brge	.+94     	; 0xfd2 <sdr_rx_02()+0xd6>
     f74:	37 fd       	sbrc	r19, 7
     f76:	31 c0       	rjmp	.+98     	; 0xfda <sdr_rx_02()+0xde>
/home/jgalera/develop/arduino/usdx/usdx_plus_orange/src/dsp/dsp.cpp:1324
    ocomb = 0;
    ozi1 = 0;
    ozi2 = 0;
  } // hack
  ozi2 = ozi1 + ozi2; // Integrator section
     f78:	70 93 7f 05 	sts	0x057F, r23	; 0x80057f <ozi2+0x1>
     f7c:	60 93 7e 05 	sts	0x057E, r22	; 0x80057e <ozi2>
/home/jgalera/develop/arduino/usdx/usdx_plus_orange/src/dsp/dsp.cpp:1325
  ozi1 = ocomb + ozi1;
     f80:	60 91 82 05 	lds	r22, 0x0582	; 0x800582 <ocomb>
     f84:	70 91 83 05 	lds	r23, 0x0583	; 0x800583 <ocomb+0x1>
     f88:	46 0f       	add	r20, r22
     f8a:	57 1f       	adc	r21, r23
     f8c:	50 93 81 05 	sts	0x0581, r21	; 0x800581 <ozi1+0x1>
     f90:	40 93 80 05 	sts	0x0580, r20	; 0x800580 <ozi1>
/home/jgalera/develop/arduino/usdx/usdx_plus_orange/src/dsp/dsp.cpp:1326
  OCR1AL = min(max((ozi2 >> 5) + 128, 0), 255);
     f94:	20 93 88 00 	sts	0x0088, r18	; 0x800088 <__DATA_REGION_ORIGIN__+0x28>
/home/jgalera/develop/arduino/usdx/usdx_plus_orange/src/dsp/dsp.cpp:1256
  i_s1za1 = i_s1za0;
  process(ac2, q_ac2);
}
void sdr_rx_02() {
  int16_t ac = sdr_rx_common_i();
  func_ptr = sdr_rx_03;
     f98:	2c e1       	ldi	r18, 0x1C	; 28
     f9a:	36 e0       	ldi	r19, 0x06	; 6
     f9c:	30 93 bf 05 	sts	0x05BF, r19	; 0x8005bf <func_ptr+0x1>
     fa0:	20 93 be 05 	sts	0x05BE, r18	; 0x8005be <func_ptr>
/home/jgalera/develop/arduino/usdx/usdx_plus_orange/src/dsp/dsp.cpp:1257
  i_s0zb1 = i_s0zb0;
     fa4:	20 91 88 05 	lds	r18, 0x0588	; 0x800588 <i_s0zb0>
     fa8:	30 91 89 05 	lds	r19, 0x0589	; 0x800589 <i_s0zb0+0x1>
     fac:	30 93 87 05 	sts	0x0587, r19	; 0x800587 <i_s0zb1+0x1>
     fb0:	20 93 86 05 	sts	0x0586, r18	; 0x800586 <i_s0zb1>
/home/jgalera/develop/arduino/usdx/usdx_plus_orange/src/dsp/dsp.cpp:1258
  i_s0zb0 = ac;
     fb4:	90 93 89 05 	sts	0x0589, r25	; 0x800589 <i_s0zb0+0x1>
     fb8:	80 93 88 05 	sts	0x0588, r24	; 0x800588 <i_s0zb0>
/home/jgalera/develop/arduino/usdx/usdx_plus_orange/src/dsp/dsp.cpp:1259
}
     fbc:	08 95       	ret
/home/jgalera/develop/arduino/usdx/usdx_plus_orange/src/dsp/dsp.cpp:1320
  static int16_t prev_adc;
  int16_t ac = (prev_adc + adc) / 2;
  prev_adc = adc;
#ifdef AF_OUT
  if (_init) {
    ocomb = 0;
     fbe:	10 92 83 05 	sts	0x0583, r1	; 0x800583 <ocomb+0x1>
     fc2:	10 92 82 05 	sts	0x0582, r1	; 0x800582 <ocomb>
     fc6:	20 e8       	ldi	r18, 0x80	; 128
     fc8:	70 e0       	ldi	r23, 0x00	; 0
     fca:	60 e0       	ldi	r22, 0x00	; 0
     fcc:	50 e0       	ldi	r21, 0x00	; 0
     fce:	40 e0       	ldi	r20, 0x00	; 0
     fd0:	d3 cf       	rjmp	.-90     	; 0xf78 <sdr_rx_02()+0x7c>
     fd2:	2f ef       	ldi	r18, 0xFF	; 255
     fd4:	30 e0       	ldi	r19, 0x00	; 0
     fd6:	37 ff       	sbrs	r19, 7
     fd8:	cf cf       	rjmp	.-98     	; 0xf78 <sdr_rx_02()+0x7c>
     fda:	20 e0       	ldi	r18, 0x00	; 0
     fdc:	cd cf       	rjmp	.-102    	; 0xf78 <sdr_rx_02()+0x7c>

00000fde <sdr_rx_00()>:
_Z9sdr_rx_00v():
/home/jgalera/develop/arduino/usdx/usdx_plus_orange/src/dsp/dsp.cpp:1245

static int16_t i_s0za1, i_s0zb0, i_s0zb1, i_s1za1, i_s1zb0, i_s1zb1;
static int16_t q_s0za1, q_s0zb0, q_s0zb1, q_s1za1, q_s1zb0, q_s1zb1, q_ac2;

#define M_SR 1 // CIC N=3
void sdr_rx_00() {
     fde:	4f 92       	push	r4
     fe0:	5f 92       	push	r5
     fe2:	6f 92       	push	r6
     fe4:	7f 92       	push	r7
     fe6:	8f 92       	push	r8
     fe8:	9f 92       	push	r9
     fea:	af 92       	push	r10
     fec:	bf 92       	push	r11
     fee:	cf 92       	push	r12
     ff0:	df 92       	push	r13
     ff2:	ef 92       	push	r14
     ff4:	ff 92       	push	r15
     ff6:	0f 93       	push	r16
     ff8:	1f 93       	push	r17
     ffa:	cf 93       	push	r28
     ffc:	df 93       	push	r29
sdr_rx_common_i():
/home/jgalera/develop/arduino/usdx/usdx_plus_orange/src/dsp/dsp.cpp:1312
  int16_t ac = ADC - 511;
  return ac;
}

inline int16_t sdr_rx_common_i() {
  ADMUX = admux[1];
     ffe:	80 91 eb 05 	lds	r24, 0x05EB	; 0x8005eb <admux+0x1>
    1002:	80 93 7c 00 	sts	0x007C, r24	; 0x80007c <__DATA_REGION_ORIGIN__+0x1c>
/home/jgalera/develop/arduino/usdx/usdx_plus_orange/src/dsp/dsp.cpp:1313
  ADCSRA |= (1 << ADSC);
    1006:	80 91 7a 00 	lds	r24, 0x007A	; 0x80007a <__DATA_REGION_ORIGIN__+0x1a>
    100a:	80 64       	ori	r24, 0x40	; 64
    100c:	80 93 7a 00 	sts	0x007A, r24	; 0x80007a <__DATA_REGION_ORIGIN__+0x1a>
/home/jgalera/develop/arduino/usdx/usdx_plus_orange/src/dsp/dsp.cpp:1314
  int16_t adc = ADC - 511;
    1010:	40 91 78 00 	lds	r20, 0x0078	; 0x800078 <__DATA_REGION_ORIGIN__+0x18>
    1014:	50 91 79 00 	lds	r21, 0x0079	; 0x800079 <__DATA_REGION_ORIGIN__+0x19>
    1018:	4f 5f       	subi	r20, 0xFF	; 255
    101a:	51 40       	sbci	r21, 0x01	; 1
/home/jgalera/develop/arduino/usdx/usdx_plus_orange/src/dsp/dsp.cpp:1316
  static int16_t prev_adc;
  int16_t ac = (prev_adc + adc) / 2;
    101c:	80 91 84 05 	lds	r24, 0x0584	; 0x800584 <sdr_rx_common_i()::prev_adc>
    1020:	90 91 85 05 	lds	r25, 0x0585	; 0x800585 <sdr_rx_common_i()::prev_adc+0x1>
    1024:	84 0f       	add	r24, r20
    1026:	95 1f       	adc	r25, r21
    1028:	97 fd       	sbrc	r25, 7
    102a:	01 96       	adiw	r24, 0x01	; 1
    102c:	9c 01       	movw	r18, r24
    102e:	35 95       	asr	r19
    1030:	27 95       	ror	r18
/home/jgalera/develop/arduino/usdx/usdx_plus_orange/src/dsp/dsp.cpp:1317
  prev_adc = adc;
    1032:	50 93 85 05 	sts	0x0585, r21	; 0x800585 <sdr_rx_common_i()::prev_adc+0x1>
    1036:	40 93 84 05 	sts	0x0584, r20	; 0x800584 <sdr_rx_common_i()::prev_adc>
/home/jgalera/develop/arduino/usdx/usdx_plus_orange/src/dsp/dsp.cpp:1319
#ifdef AF_OUT
  if (_init) {
    103a:	80 91 ef 05 	lds	r24, 0x05EF	; 0x8005ef <_init>
    103e:	81 11       	cpse	r24, r1
    1040:	dd c2       	rjmp	.+1466   	; 0x15fc <sdr_rx_00()+0x61e>
    1042:	e0 91 80 05 	lds	r30, 0x0580	; 0x800580 <ozi1>
    1046:	f0 91 81 05 	lds	r31, 0x0581	; 0x800581 <ozi1+0x1>
    104a:	60 91 7e 05 	lds	r22, 0x057E	; 0x80057e <ozi2>
    104e:	70 91 7f 05 	lds	r23, 0x057F	; 0x80057f <ozi2+0x1>
    1052:	6e 0f       	add	r22, r30
    1054:	7f 1f       	adc	r23, r31
    1056:	cb 01       	movw	r24, r22
    1058:	95 95       	asr	r25
    105a:	87 95       	ror	r24
    105c:	95 95       	asr	r25
    105e:	87 95       	ror	r24
    1060:	95 95       	asr	r25
    1062:	87 95       	ror	r24
    1064:	95 95       	asr	r25
    1066:	87 95       	ror	r24
    1068:	95 95       	asr	r25
    106a:	87 95       	ror	r24
    106c:	80 58       	subi	r24, 0x80	; 128
    106e:	9f 4f       	sbci	r25, 0xFF	; 255
    1070:	8f 3f       	cpi	r24, 0xFF	; 255
    1072:	91 05       	cpc	r25, r1
    1074:	11 f0       	breq	.+4      	; 0x107a <sdr_rx_00()+0x9c>
    1076:	0c f0       	brlt	.+2      	; 0x107a <sdr_rx_00()+0x9c>
    1078:	77 c3       	rjmp	.+1774   	; 0x1768 <sdr_rx_00()+0x78a>
    107a:	97 fd       	sbrc	r25, 7
    107c:	b1 c3       	rjmp	.+1890   	; 0x17e0 <sdr_rx_00()+0x802>
/home/jgalera/develop/arduino/usdx/usdx_plus_orange/src/dsp/dsp.cpp:1324
    ocomb = 0;
    ozi1 = 0;
    ozi2 = 0;
  } // hack
  ozi2 = ozi1 + ozi2; // Integrator section
    107e:	70 93 7f 05 	sts	0x057F, r23	; 0x80057f <ozi2+0x1>
    1082:	60 93 7e 05 	sts	0x057E, r22	; 0x80057e <ozi2>
/home/jgalera/develop/arduino/usdx/usdx_plus_orange/src/dsp/dsp.cpp:1325
  ozi1 = ocomb + ozi1;
    1086:	40 91 82 05 	lds	r20, 0x0582	; 0x800582 <ocomb>
    108a:	50 91 83 05 	lds	r21, 0x0583	; 0x800583 <ocomb+0x1>
    108e:	4e 0f       	add	r20, r30
    1090:	5f 1f       	adc	r21, r31
    1092:	50 93 81 05 	sts	0x0581, r21	; 0x800581 <ozi1+0x1>
    1096:	40 93 80 05 	sts	0x0580, r20	; 0x800580 <ozi1>
/home/jgalera/develop/arduino/usdx/usdx_plus_orange/src/dsp/dsp.cpp:1326
  OCR1AL = min(max((ozi2 >> 5) + 128, 0), 255);
    109a:	80 93 88 00 	sts	0x0088, r24	; 0x800088 <__DATA_REGION_ORIGIN__+0x28>
_Z9sdr_rx_00v():
/home/jgalera/develop/arduino/usdx/usdx_plus_orange/src/dsp/dsp.cpp:1247
static int16_t q_s0za1, q_s0zb0, q_s0zb1, q_s1za1, q_s1zb0, q_s1zb1, q_ac2;

#define M_SR 1 // CIC N=3
void sdr_rx_00() {
  int16_t ac = sdr_rx_common_i();
  func_ptr = sdr_rx_01;
    109e:	8b e5       	ldi	r24, 0x5B	; 91
    10a0:	96 e0       	ldi	r25, 0x06	; 6
    10a2:	90 93 bf 05 	sts	0x05BF, r25	; 0x8005bf <func_ptr+0x1>
    10a6:	80 93 be 05 	sts	0x05BE, r24	; 0x8005be <func_ptr>
/home/jgalera/develop/arduino/usdx/usdx_plus_orange/src/dsp/dsp.cpp:1248
  int16_t i_s1za0 = (ac + (i_s0za1 + i_s0zb0) * 3 + i_s0zb1) >> M_SR;
    10aa:	80 91 78 05 	lds	r24, 0x0578	; 0x800578 <i_s0za1>
    10ae:	90 91 79 05 	lds	r25, 0x0579	; 0x800579 <i_s0za1+0x1>
    10b2:	40 91 88 05 	lds	r20, 0x0588	; 0x800588 <i_s0zb0>
    10b6:	50 91 89 05 	lds	r21, 0x0589	; 0x800589 <i_s0zb0+0x1>
    10ba:	48 0f       	add	r20, r24
    10bc:	59 1f       	adc	r21, r25
    10be:	ca 01       	movw	r24, r20
    10c0:	88 0f       	add	r24, r24
    10c2:	99 1f       	adc	r25, r25
    10c4:	84 0f       	add	r24, r20
    10c6:	95 1f       	adc	r25, r21
    10c8:	82 0f       	add	r24, r18
    10ca:	93 1f       	adc	r25, r19
    10cc:	40 91 86 05 	lds	r20, 0x0586	; 0x800586 <i_s0zb1>
    10d0:	50 91 87 05 	lds	r21, 0x0587	; 0x800587 <i_s0zb1+0x1>
    10d4:	84 0f       	add	r24, r20
    10d6:	95 1f       	adc	r25, r21
    10d8:	95 95       	asr	r25
    10da:	87 95       	ror	r24
/home/jgalera/develop/arduino/usdx/usdx_plus_orange/src/dsp/dsp.cpp:1249
  i_s0za1 = ac;
    10dc:	30 93 79 05 	sts	0x0579, r19	; 0x800579 <i_s0za1+0x1>
    10e0:	20 93 78 05 	sts	0x0578, r18	; 0x800578 <i_s0za1>
/home/jgalera/develop/arduino/usdx/usdx_plus_orange/src/dsp/dsp.cpp:1250
  int16_t ac2 = (i_s1za0 + (i_s1za1 + i_s1zb0) * 3 + i_s1zb1);
    10e4:	60 90 76 05 	lds	r6, 0x0576	; 0x800576 <i_s1za1>
    10e8:	70 90 77 05 	lds	r7, 0x0577	; 0x800577 <i_s1za1+0x1>
    10ec:	20 91 7c 05 	lds	r18, 0x057C	; 0x80057c <i_s1zb0>
    10f0:	30 91 7d 05 	lds	r19, 0x057D	; 0x80057d <i_s1zb0+0x1>
    10f4:	26 0d       	add	r18, r6
    10f6:	37 1d       	adc	r19, r7
    10f8:	39 01       	movw	r6, r18
    10fa:	66 0c       	add	r6, r6
    10fc:	77 1c       	adc	r7, r7
    10fe:	62 0e       	add	r6, r18
    1100:	73 1e       	adc	r7, r19
    1102:	68 0e       	add	r6, r24
    1104:	79 1e       	adc	r7, r25
    1106:	20 91 7a 05 	lds	r18, 0x057A	; 0x80057a <i_s1zb1>
    110a:	30 91 7b 05 	lds	r19, 0x057B	; 0x80057b <i_s1zb1+0x1>
    110e:	62 0e       	add	r6, r18
    1110:	73 1e       	adc	r7, r19
/home/jgalera/develop/arduino/usdx/usdx_plus_orange/src/dsp/dsp.cpp:1251
  i_s1za1 = i_s1za0;
    1112:	90 93 77 05 	sts	0x0577, r25	; 0x800577 <i_s1za1+0x1>
    1116:	80 93 76 05 	sts	0x0576, r24	; 0x800576 <i_s1za1>
/home/jgalera/develop/arduino/usdx/usdx_plus_orange/src/dsp/dsp.cpp:1252
  process(ac2, q_ac2);
    111a:	60 91 8a 05 	lds	r22, 0x058A	; 0x80058a <q_ac2>
    111e:	70 91 8b 05 	lds	r23, 0x058B	; 0x80058b <q_ac2+0x1>
process():
/home/jgalera/develop/arduino/usdx/usdx_plus_orange/src/dsp/dsp.cpp:1168
  } // UDR0 = (uint8_t)(ac3 + 128);   // from:
    // https://www.xanthium.in/how-to-avr-atmega328p-microcontroller-usart-uart-embedded-programming-avrgcc
#endif // CAT_STREAMING
#ifdef AF_OUT
  static int16_t ozd1, ozd2; // Output stage
  if (_init) {
    1122:	80 91 ef 05 	lds	r24, 0x05EF	; 0x8005ef <_init>
    1126:	81 11       	cpse	r24, r1
    1128:	54 c2       	rjmp	.+1192   	; 0x15d2 <sdr_rx_00()+0x5f4>
    112a:	80 91 74 05 	lds	r24, 0x0574	; 0x800574 <process(int, int)::ac3>
    112e:	90 91 75 05 	lds	r25, 0x0575	; 0x800575 <process(int, int)::ac3+0x1>
    1132:	20 91 72 05 	lds	r18, 0x0572	; 0x800572 <process(int, int)::ozd1>
    1136:	30 91 73 05 	lds	r19, 0x0573	; 0x800573 <process(int, int)::ozd1+0x1>
    113a:	ac 01       	movw	r20, r24
    113c:	42 1b       	sub	r20, r18
    113e:	53 0b       	sbc	r21, r19
    1140:	9a 01       	movw	r18, r20
    1142:	40 91 70 05 	lds	r20, 0x0570	; 0x800570 <process(int, int)::ozd2>
    1146:	50 91 71 05 	lds	r21, 0x0571	; 0x800571 <process(int, int)::ozd2+0x1>
    114a:	d9 01       	movw	r26, r18
    114c:	a4 1b       	sub	r26, r20
    114e:	b5 0b       	sbc	r27, r21
    1150:	ad 01       	movw	r20, r26
/home/jgalera/develop/arduino/usdx/usdx_plus_orange/src/dsp/dsp.cpp:1176
    ozd2 = 0;
    _init = 0;
  } // hack: on first sample init accumlators of further stages (to prevent
    // instability)
  int16_t od1 = ac3 - ozd1; // Comb section
  ocomb = od1 - ozd2;
    1152:	50 93 83 05 	sts	0x0583, r21	; 0x800583 <ocomb+0x1>
    1156:	40 93 82 05 	sts	0x0582, r20	; 0x800582 <ocomb>
/home/jgalera/develop/arduino/usdx/usdx_plus_orange/src/dsp/dsp.cpp:1180
#endif // AF_OUT
#define OUTLET 1
#ifdef OUTLET
  if (tc++ == 0) // prevent recursion
    115a:	40 91 6f 05 	lds	r20, 0x056F	; 0x80056f <tc>
    115e:	54 2f       	mov	r21, r20
    1160:	4f 5f       	subi	r20, 0xFF	; 255
    1162:	40 93 6f 05 	sts	0x056F, r20	; 0x80056f <tc>
    1166:	51 11       	cpse	r21, r1
    1168:	07 c0       	rjmp	.+14     	; 0x1178 <sdr_rx_00()+0x19a>
/home/jgalera/develop/arduino/usdx/usdx_plus_orange/src/dsp/dsp.cpp:1182
#endif
    interrupts(); // hack, since slow_dsp process exceeds rx sample-time, allow
    116a:	78 94       	sei
    116c:	80 91 74 05 	lds	r24, 0x0574	; 0x800574 <process(int, int)::ac3>
    1170:	90 91 75 05 	lds	r25, 0x0575	; 0x800575 <process(int, int)::ac3+0x1>
    1174:	40 91 6f 05 	lds	r20, 0x056F	; 0x80056f <tc>
/home/jgalera/develop/arduino/usdx/usdx_plus_orange/src/dsp/dsp.cpp:1186
                  // subsequent 7 interrupts for further rx sampling while
                  // processing, prevent nested interrupts with tc
#ifdef AF_OUT
  ozd2 = od1;
    1178:	30 93 71 05 	sts	0x0571, r19	; 0x800571 <process(int, int)::ozd2+0x1>
    117c:	20 93 70 05 	sts	0x0570, r18	; 0x800570 <process(int, int)::ozd2>
/home/jgalera/develop/arduino/usdx/usdx_plus_orange/src/dsp/dsp.cpp:1187
  ozd1 = ac3;
    1180:	90 93 73 05 	sts	0x0573, r25	; 0x800573 <process(int, int)::ozd1+0x1>
    1184:	80 93 72 05 	sts	0x0572, r24	; 0x800572 <process(int, int)::ozd1>
/home/jgalera/develop/arduino/usdx/usdx_plus_orange/src/dsp/dsp.cpp:1191
#endif // AF_OUT
  int16_t qh;
  {
    q_ac2 >>= att2;       // digital gain control
    1188:	80 91 72 01 	lds	r24, 0x0172	; 0x800172 <att2>
    118c:	02 c0       	rjmp	.+4      	; 0x1192 <sdr_rx_00()+0x1b4>
    118e:	75 95       	asr	r23
    1190:	67 95       	ror	r22
    1192:	8a 95       	dec	r24
    1194:	e2 f7       	brpl	.-8      	; 0x118e <sdr_rx_00()+0x1b0>
/home/jgalera/develop/arduino/usdx/usdx_plus_orange/src/dsp/dsp.cpp:1196
    static int16_t v[14]; // Process Q (down-sampled) samples
    // Hilbert transform, BasicDSP model:  outi= fir(inl,  0, 0, 0, 0, 0,  0, 0,
    // 1,   0, 0,   0, 0,  0, 0, 0, 0); outq = fir(inr, 2, 0, 8, 0, 21, 0, 79,
    // 0, -79, 0, -21, 0, -8, 0, -2, 0) / 128;
    qh = ((v[0] - q_ac2) + (v[2] - v[12]) * 4) / 64 +
    1196:	c0 90 57 05 	lds	r12, 0x0557	; 0x800557 <process(int, int)::v+0x4>
    119a:	d0 90 58 05 	lds	r13, 0x0558	; 0x800558 <process(int, int)::v+0x5>
    119e:	a0 90 6b 05 	lds	r10, 0x056B	; 0x80056b <process(int, int)::v+0x18>
    11a2:	b0 90 6c 05 	lds	r11, 0x056C	; 0x80056c <process(int, int)::v+0x19>
/home/jgalera/develop/arduino/usdx/usdx_plus_orange/src/dsp/dsp.cpp:1197
         ((v[4] - v[10]) + (v[6] - v[8])) / 8 +
    11a6:	e0 90 5b 05 	lds	r14, 0x055B	; 0x80055b <process(int, int)::v+0x8>
    11aa:	f0 90 5c 05 	lds	r15, 0x055C	; 0x80055c <process(int, int)::v+0x9>
    11ae:	a0 91 67 05 	lds	r26, 0x0567	; 0x800567 <process(int, int)::v+0x14>
    11b2:	b0 91 68 05 	lds	r27, 0x0568	; 0x800568 <process(int, int)::v+0x15>
    11b6:	f7 01       	movw	r30, r14
    11b8:	ea 1b       	sub	r30, r26
    11ba:	fb 0b       	sbc	r31, r27
    11bc:	00 91 5f 05 	lds	r16, 0x055F	; 0x80055f <process(int, int)::v+0xc>
    11c0:	10 91 60 05 	lds	r17, 0x0560	; 0x800560 <process(int, int)::v+0xd>
    11c4:	c0 91 63 05 	lds	r28, 0x0563	; 0x800563 <process(int, int)::v+0x10>
    11c8:	d0 91 64 05 	lds	r29, 0x0564	; 0x800564 <process(int, int)::v+0x11>
    11cc:	98 01       	movw	r18, r16
    11ce:	2c 1b       	sub	r18, r28
    11d0:	3d 0b       	sbc	r19, r29
/home/jgalera/develop/arduino/usdx/usdx_plus_orange/src/dsp/dsp.cpp:1196
    q_ac2 >>= att2;       // digital gain control
    static int16_t v[14]; // Process Q (down-sampled) samples
    // Hilbert transform, BasicDSP model:  outi= fir(inl,  0, 0, 0, 0, 0,  0, 0,
    // 1,   0, 0,   0, 0,  0, 0, 0, 0); outq = fir(inr, 2, 0, 8, 0, 21, 0, 79,
    // 0, -79, 0, -21, 0, -8, 0, -2, 0) / 128;
    qh = ((v[0] - q_ac2) + (v[2] - v[12]) * 4) / 64 +
    11d2:	80 90 53 05 	lds	r8, 0x0553	; 0x800553 <process(int, int)::v>
    11d6:	90 90 54 05 	lds	r9, 0x0554	; 0x800554 <process(int, int)::v+0x1>
    11da:	86 1a       	sub	r8, r22
    11dc:	97 0a       	sbc	r9, r23
    11de:	c6 01       	movw	r24, r12
    11e0:	8a 19       	sub	r24, r10
    11e2:	9b 09       	sbc	r25, r11
    11e4:	88 0f       	add	r24, r24
    11e6:	99 1f       	adc	r25, r25
    11e8:	88 0f       	add	r24, r24
    11ea:	99 1f       	adc	r25, r25
    11ec:	88 0e       	add	r8, r24
    11ee:	99 1e       	adc	r9, r25
    11f0:	97 fe       	sbrs	r9, 7
    11f2:	03 c0       	rjmp	.+6      	; 0x11fa <sdr_rx_00()+0x21c>
    11f4:	5f e3       	ldi	r21, 0x3F	; 63
    11f6:	85 0e       	add	r8, r21
    11f8:	91 1c       	adc	r9, r1
    11fa:	08 2c       	mov	r0, r8
    11fc:	89 2c       	mov	r8, r9
    11fe:	00 0c       	add	r0, r0
    1200:	88 1c       	adc	r8, r8
    1202:	99 08       	sbc	r9, r9
    1204:	00 0c       	add	r0, r0
    1206:	88 1c       	adc	r8, r8
    1208:	99 1c       	adc	r9, r9
/home/jgalera/develop/arduino/usdx/usdx_plus_orange/src/dsp/dsp.cpp:1197
         ((v[4] - v[10]) + (v[6] - v[8])) / 8 +
    120a:	cf 01       	movw	r24, r30
    120c:	82 0f       	add	r24, r18
    120e:	93 1f       	adc	r25, r19
    1210:	97 fd       	sbrc	r25, 7
    1212:	07 96       	adiw	r24, 0x07	; 7
    1214:	95 95       	asr	r25
    1216:	87 95       	ror	r24
    1218:	95 95       	asr	r25
    121a:	87 95       	ror	r24
    121c:	95 95       	asr	r25
    121e:	87 95       	ror	r24
/home/jgalera/develop/arduino/usdx/usdx_plus_orange/src/dsp/dsp.cpp:1196
    q_ac2 >>= att2;       // digital gain control
    static int16_t v[14]; // Process Q (down-sampled) samples
    // Hilbert transform, BasicDSP model:  outi= fir(inl,  0, 0, 0, 0, 0,  0, 0,
    // 1,   0, 0,   0, 0,  0, 0, 0, 0); outq = fir(inr, 2, 0, 8, 0, 21, 0, 79,
    // 0, -79, 0, -21, 0, -8, 0, -2, 0) / 128;
    qh = ((v[0] - q_ac2) + (v[2] - v[12]) * 4) / 64 +
    1220:	88 0e       	add	r8, r24
    1222:	99 1e       	adc	r9, r25
/home/jgalera/develop/arduino/usdx/usdx_plus_orange/src/dsp/dsp.cpp:1198
         ((v[4] - v[10]) + (v[6] - v[8])) / 8 +
         ((v[4] - v[10]) * 5 - (v[6] - v[8])) / 128 +
    1224:	cf 01       	movw	r24, r30
    1226:	88 0f       	add	r24, r24
    1228:	99 1f       	adc	r25, r25
    122a:	88 0f       	add	r24, r24
    122c:	99 1f       	adc	r25, r25
    122e:	8e 0f       	add	r24, r30
    1230:	9f 1f       	adc	r25, r31
    1232:	82 1b       	sub	r24, r18
    1234:	93 0b       	sbc	r25, r19
    1236:	97 ff       	sbrs	r25, 7
    1238:	02 c0       	rjmp	.+4      	; 0x123e <sdr_rx_00()+0x260>
    123a:	81 58       	subi	r24, 0x81	; 129
    123c:	9f 4f       	sbci	r25, 0xFF	; 255
    123e:	88 0f       	add	r24, r24
    1240:	89 2f       	mov	r24, r25
    1242:	88 1f       	adc	r24, r24
    1244:	99 0b       	sbc	r25, r25
/home/jgalera/develop/arduino/usdx/usdx_plus_orange/src/dsp/dsp.cpp:1197
    static int16_t v[14]; // Process Q (down-sampled) samples
    // Hilbert transform, BasicDSP model:  outi= fir(inl,  0, 0, 0, 0, 0,  0, 0,
    // 1,   0, 0,   0, 0,  0, 0, 0, 0); outq = fir(inr, 2, 0, 8, 0, 21, 0, 79,
    // 0, -79, 0, -21, 0, -8, 0, -2, 0) / 128;
    qh = ((v[0] - q_ac2) + (v[2] - v[12]) * 4) / 64 +
         ((v[4] - v[10]) + (v[6] - v[8])) / 8 +
    1246:	88 0d       	add	r24, r8
    1248:	99 1d       	adc	r25, r9
/home/jgalera/develop/arduino/usdx/usdx_plus_orange/src/dsp/dsp.cpp:1199
         ((v[4] - v[10]) * 5 - (v[6] - v[8])) / 128 +
         (v[6] - v[8]) /
    124a:	37 ff       	sbrs	r19, 7
    124c:	02 c0       	rjmp	.+4      	; 0x1252 <sdr_rx_00()+0x274>
    124e:	2f 5f       	subi	r18, 0xFF	; 255
    1250:	3f 4f       	sbci	r19, 0xFF	; 255
    1252:	35 95       	asr	r19
    1254:	27 95       	ror	r18
/home/jgalera/develop/arduino/usdx/usdx_plus_orange/src/dsp/dsp.cpp:1196
    q_ac2 >>= att2;       // digital gain control
    static int16_t v[14]; // Process Q (down-sampled) samples
    // Hilbert transform, BasicDSP model:  outi= fir(inl,  0, 0, 0, 0, 0,  0, 0,
    // 1,   0, 0,   0, 0,  0, 0, 0, 0); outq = fir(inr, 2, 0, 8, 0, 21, 0, 79,
    // 0, -79, 0, -21, 0, -8, 0, -2, 0) / 128;
    qh = ((v[0] - q_ac2) + (v[2] - v[12]) * 4) / 64 +
    1256:	28 0f       	add	r18, r24
    1258:	39 1f       	adc	r19, r25
/home/jgalera/develop/arduino/usdx/usdx_plus_orange/src/dsp/dsp.cpp:1207
                // transform require 4 additional bits)
    // qh = ((v[0] - q_ac2) * 2 + (v[2] - v[12]) * 8 + (v[4] - v[10]) * 21 +
    // (v[6] - v[8]) * 15) / 128 + (v[6] - v[8]) / 2; // Hilbert transform, 40dB
    // side-band rejection in 400..1900Hz (@4kSPS) when used in image-rejection
    // scenario; (Hilbert transform require 5 additional bits)
    v[0] = v[1];
    125a:	80 91 55 05 	lds	r24, 0x0555	; 0x800555 <process(int, int)::v+0x2>
    125e:	90 91 56 05 	lds	r25, 0x0556	; 0x800556 <process(int, int)::v+0x3>
    1262:	90 93 54 05 	sts	0x0554, r25	; 0x800554 <process(int, int)::v+0x1>
    1266:	80 93 53 05 	sts	0x0553, r24	; 0x800553 <process(int, int)::v>
/home/jgalera/develop/arduino/usdx/usdx_plus_orange/src/dsp/dsp.cpp:1208
    v[1] = v[2];
    126a:	d0 92 56 05 	sts	0x0556, r13	; 0x800556 <process(int, int)::v+0x3>
    126e:	c0 92 55 05 	sts	0x0555, r12	; 0x800555 <process(int, int)::v+0x2>
/home/jgalera/develop/arduino/usdx/usdx_plus_orange/src/dsp/dsp.cpp:1209
    v[2] = v[3];
    1272:	80 91 59 05 	lds	r24, 0x0559	; 0x800559 <process(int, int)::v+0x6>
    1276:	90 91 5a 05 	lds	r25, 0x055A	; 0x80055a <process(int, int)::v+0x7>
    127a:	90 93 58 05 	sts	0x0558, r25	; 0x800558 <process(int, int)::v+0x5>
    127e:	80 93 57 05 	sts	0x0557, r24	; 0x800557 <process(int, int)::v+0x4>
/home/jgalera/develop/arduino/usdx/usdx_plus_orange/src/dsp/dsp.cpp:1210
    v[3] = v[4];
    1282:	f0 92 5a 05 	sts	0x055A, r15	; 0x80055a <process(int, int)::v+0x7>
    1286:	e0 92 59 05 	sts	0x0559, r14	; 0x800559 <process(int, int)::v+0x6>
/home/jgalera/develop/arduino/usdx/usdx_plus_orange/src/dsp/dsp.cpp:1211
    v[4] = v[5];
    128a:	80 91 5d 05 	lds	r24, 0x055D	; 0x80055d <process(int, int)::v+0xa>
    128e:	90 91 5e 05 	lds	r25, 0x055E	; 0x80055e <process(int, int)::v+0xb>
    1292:	90 93 5c 05 	sts	0x055C, r25	; 0x80055c <process(int, int)::v+0x9>
    1296:	80 93 5b 05 	sts	0x055B, r24	; 0x80055b <process(int, int)::v+0x8>
/home/jgalera/develop/arduino/usdx/usdx_plus_orange/src/dsp/dsp.cpp:1212
    v[5] = v[6];
    129a:	10 93 5e 05 	sts	0x055E, r17	; 0x80055e <process(int, int)::v+0xb>
    129e:	00 93 5d 05 	sts	0x055D, r16	; 0x80055d <process(int, int)::v+0xa>
/home/jgalera/develop/arduino/usdx/usdx_plus_orange/src/dsp/dsp.cpp:1213
    v[6] = v[7];
    12a2:	80 91 61 05 	lds	r24, 0x0561	; 0x800561 <process(int, int)::v+0xe>
    12a6:	90 91 62 05 	lds	r25, 0x0562	; 0x800562 <process(int, int)::v+0xf>
    12aa:	90 93 60 05 	sts	0x0560, r25	; 0x800560 <process(int, int)::v+0xd>
    12ae:	80 93 5f 05 	sts	0x055F, r24	; 0x80055f <process(int, int)::v+0xc>
/home/jgalera/develop/arduino/usdx/usdx_plus_orange/src/dsp/dsp.cpp:1214
    v[7] = v[8];
    12b2:	d0 93 62 05 	sts	0x0562, r29	; 0x800562 <process(int, int)::v+0xf>
    12b6:	c0 93 61 05 	sts	0x0561, r28	; 0x800561 <process(int, int)::v+0xe>
/home/jgalera/develop/arduino/usdx/usdx_plus_orange/src/dsp/dsp.cpp:1215
    v[8] = v[9];
    12ba:	80 91 65 05 	lds	r24, 0x0565	; 0x800565 <process(int, int)::v+0x12>
    12be:	90 91 66 05 	lds	r25, 0x0566	; 0x800566 <process(int, int)::v+0x13>
    12c2:	90 93 64 05 	sts	0x0564, r25	; 0x800564 <process(int, int)::v+0x11>
    12c6:	80 93 63 05 	sts	0x0563, r24	; 0x800563 <process(int, int)::v+0x10>
/home/jgalera/develop/arduino/usdx/usdx_plus_orange/src/dsp/dsp.cpp:1216
    v[9] = v[10];
    12ca:	b0 93 66 05 	sts	0x0566, r27	; 0x800566 <process(int, int)::v+0x13>
    12ce:	a0 93 65 05 	sts	0x0565, r26	; 0x800565 <process(int, int)::v+0x12>
/home/jgalera/develop/arduino/usdx/usdx_plus_orange/src/dsp/dsp.cpp:1217
    v[10] = v[11];
    12d2:	80 91 69 05 	lds	r24, 0x0569	; 0x800569 <process(int, int)::v+0x16>
    12d6:	90 91 6a 05 	lds	r25, 0x056A	; 0x80056a <process(int, int)::v+0x17>
    12da:	90 93 68 05 	sts	0x0568, r25	; 0x800568 <process(int, int)::v+0x15>
    12de:	80 93 67 05 	sts	0x0567, r24	; 0x800567 <process(int, int)::v+0x14>
/home/jgalera/develop/arduino/usdx/usdx_plus_orange/src/dsp/dsp.cpp:1218
    v[11] = v[12];
    12e2:	b0 92 6a 05 	sts	0x056A, r11	; 0x80056a <process(int, int)::v+0x17>
    12e6:	a0 92 69 05 	sts	0x0569, r10	; 0x800569 <process(int, int)::v+0x16>
/home/jgalera/develop/arduino/usdx/usdx_plus_orange/src/dsp/dsp.cpp:1219
    v[12] = v[13];
    12ea:	80 91 6d 05 	lds	r24, 0x056D	; 0x80056d <process(int, int)::v+0x1a>
    12ee:	90 91 6e 05 	lds	r25, 0x056E	; 0x80056e <process(int, int)::v+0x1b>
    12f2:	90 93 6c 05 	sts	0x056C, r25	; 0x80056c <process(int, int)::v+0x19>
    12f6:	80 93 6b 05 	sts	0x056B, r24	; 0x80056b <process(int, int)::v+0x18>
/home/jgalera/develop/arduino/usdx/usdx_plus_orange/src/dsp/dsp.cpp:1220
    v[13] = q_ac2;
    12fa:	70 93 6e 05 	sts	0x056E, r23	; 0x80056e <process(int, int)::v+0x1b>
    12fe:	60 93 6d 05 	sts	0x056D, r22	; 0x80056d <process(int, int)::v+0x1a>
/home/jgalera/develop/arduino/usdx/usdx_plus_orange/src/dsp/dsp.cpp:1222
  }
  i_ac2 >>= att2;      // digital gain control
    1302:	80 91 72 01 	lds	r24, 0x0172	; 0x800172 <att2>
    1306:	02 c0       	rjmp	.+4      	; 0x130c <sdr_rx_00()+0x32e>
    1308:	75 94       	asr	r7
    130a:	67 94       	ror	r6
    130c:	8a 95       	dec	r24
    130e:	e2 f7       	brpl	.-8      	; 0x1308 <sdr_rx_00()+0x32a>
/home/jgalera/develop/arduino/usdx/usdx_plus_orange/src/dsp/dsp.cpp:1224
  static int16_t v[7]; // Post processing I and Q (down-sampled) results
  i = i_ac2;
    1310:	70 92 ca 05 	sts	0x05CA, r7	; 0x8005ca <i+0x1>
    1314:	60 92 c9 05 	sts	0x05C9, r6	; 0x8005c9 <i>
/home/jgalera/develop/arduino/usdx/usdx_plus_orange/src/dsp/dsp.cpp:1225
  q = q_ac2; // tbd: this can be more efficient
    1318:	70 93 52 05 	sts	0x0552, r23	; 0x800552 <q+0x1>
    131c:	60 93 51 05 	sts	0x0551, r22	; 0x800551 <q>
/home/jgalera/develop/arduino/usdx/usdx_plus_orange/src/dsp/dsp.cpp:1226
  int16_t i = v[0];
    1320:	e0 91 43 05 	lds	r30, 0x0543	; 0x800543 <process(int, int)::v>
    1324:	f0 91 44 05 	lds	r31, 0x0544	; 0x800544 <process(int, int)::v+0x1>
/home/jgalera/develop/arduino/usdx/usdx_plus_orange/src/dsp/dsp.cpp:1227
  v[0] = v[1];
    1328:	80 91 45 05 	lds	r24, 0x0545	; 0x800545 <process(int, int)::v+0x2>
    132c:	90 91 46 05 	lds	r25, 0x0546	; 0x800546 <process(int, int)::v+0x3>
    1330:	90 93 44 05 	sts	0x0544, r25	; 0x800544 <process(int, int)::v+0x1>
    1334:	80 93 43 05 	sts	0x0543, r24	; 0x800543 <process(int, int)::v>
/home/jgalera/develop/arduino/usdx/usdx_plus_orange/src/dsp/dsp.cpp:1228
  v[1] = v[2];
    1338:	80 91 47 05 	lds	r24, 0x0547	; 0x800547 <process(int, int)::v+0x4>
    133c:	90 91 48 05 	lds	r25, 0x0548	; 0x800548 <process(int, int)::v+0x5>
    1340:	90 93 46 05 	sts	0x0546, r25	; 0x800546 <process(int, int)::v+0x3>
    1344:	80 93 45 05 	sts	0x0545, r24	; 0x800545 <process(int, int)::v+0x2>
/home/jgalera/develop/arduino/usdx/usdx_plus_orange/src/dsp/dsp.cpp:1229
  v[2] = v[3];
    1348:	80 91 49 05 	lds	r24, 0x0549	; 0x800549 <process(int, int)::v+0x6>
    134c:	90 91 4a 05 	lds	r25, 0x054A	; 0x80054a <process(int, int)::v+0x7>
    1350:	90 93 48 05 	sts	0x0548, r25	; 0x800548 <process(int, int)::v+0x5>
    1354:	80 93 47 05 	sts	0x0547, r24	; 0x800547 <process(int, int)::v+0x4>
/home/jgalera/develop/arduino/usdx/usdx_plus_orange/src/dsp/dsp.cpp:1230
  v[3] = v[4];
    1358:	80 91 4b 05 	lds	r24, 0x054B	; 0x80054b <process(int, int)::v+0x8>
    135c:	90 91 4c 05 	lds	r25, 0x054C	; 0x80054c <process(int, int)::v+0x9>
    1360:	90 93 4a 05 	sts	0x054A, r25	; 0x80054a <process(int, int)::v+0x7>
    1364:	80 93 49 05 	sts	0x0549, r24	; 0x800549 <process(int, int)::v+0x6>
/home/jgalera/develop/arduino/usdx/usdx_plus_orange/src/dsp/dsp.cpp:1231
  v[4] = v[5];
    1368:	80 91 4d 05 	lds	r24, 0x054D	; 0x80054d <process(int, int)::v+0xa>
    136c:	90 91 4e 05 	lds	r25, 0x054E	; 0x80054e <process(int, int)::v+0xb>
    1370:	90 93 4c 05 	sts	0x054C, r25	; 0x80054c <process(int, int)::v+0x9>
    1374:	80 93 4b 05 	sts	0x054B, r24	; 0x80054b <process(int, int)::v+0x8>
/home/jgalera/develop/arduino/usdx/usdx_plus_orange/src/dsp/dsp.cpp:1232
  v[5] = v[6];
    1378:	80 91 4f 05 	lds	r24, 0x054F	; 0x80054f <process(int, int)::v+0xc>
    137c:	90 91 50 05 	lds	r25, 0x0550	; 0x800550 <process(int, int)::v+0xd>
    1380:	90 93 4e 05 	sts	0x054E, r25	; 0x80054e <process(int, int)::v+0xb>
    1384:	80 93 4d 05 	sts	0x054D, r24	; 0x80054d <process(int, int)::v+0xa>
/home/jgalera/develop/arduino/usdx/usdx_plus_orange/src/dsp/dsp.cpp:1233
  v[6] = i_ac2;            // Delay to match Hilbert transform on Q branch
    1388:	70 92 50 05 	sts	0x0550, r7	; 0x800550 <process(int, int)::v+0xd>
    138c:	60 92 4f 05 	sts	0x054F, r6	; 0x80054f <process(int, int)::v+0xc>
/home/jgalera/develop/arduino/usdx/usdx_plus_orange/src/dsp/dsp.cpp:1234
  ac3 = slow_dsp(-i - qh); // inverting I and Q helps dampening a feedback-loop
    1390:	f1 95       	neg	r31
    1392:	e1 95       	neg	r30
    1394:	f1 09       	sbc	r31, r1
    1396:	e2 1b       	sub	r30, r18
    1398:	f3 0b       	sbc	r31, r19
slow_dsp():
/home/jgalera/develop/arduino/usdx/usdx_plus_orange/src/dsp/dsp.cpp:1031
volatile uint32_t _absavg256 = 0;
volatile int16_t i, q;

inline int16_t slow_dsp(int16_t ac) {
  static uint8_t absavg256cnt;
  if (!(absavg256cnt--)) {
    139a:	90 91 42 05 	lds	r25, 0x0542	; 0x800542 <slow_dsp(int)::absavg256cnt>
    139e:	cf ef       	ldi	r28, 0xFF	; 255
    13a0:	c9 0f       	add	r28, r25
    13a2:	c0 93 42 05 	sts	0x0542, r28	; 0x800542 <slow_dsp(int)::absavg256cnt>
    13a6:	c0 90 3e 05 	lds	r12, 0x053E	; 0x80053e <absavg256>
    13aa:	d0 90 3f 05 	lds	r13, 0x053F	; 0x80053f <absavg256+0x1>
    13ae:	e0 90 40 05 	lds	r14, 0x0540	; 0x800540 <absavg256+0x2>
    13b2:	f0 90 41 05 	lds	r15, 0x0541	; 0x800541 <absavg256+0x3>
    13b6:	91 11       	cpse	r25, r1
    13b8:	73 c0       	rjmp	.+230    	; 0x14a0 <sdr_rx_00()+0x4c2>
/home/jgalera/develop/arduino/usdx/usdx_plus_orange/src/dsp/dsp.cpp:1032
    _absavg256 = absavg256;
    13ba:	c0 92 de 05 	sts	0x05DE, r12	; 0x8005de <_absavg256>
    13be:	d0 92 df 05 	sts	0x05DF, r13	; 0x8005df <_absavg256+0x1>
    13c2:	e0 92 e0 05 	sts	0x05E0, r14	; 0x8005e0 <_absavg256+0x2>
    13c6:	f0 92 e1 05 	sts	0x05E1, r15	; 0x8005e1 <_absavg256+0x3>
/home/jgalera/develop/arduino/usdx/usdx_plus_orange/src/dsp/dsp.cpp:1033
    absavg256 = 0;
    13ca:	10 92 3e 05 	sts	0x053E, r1	; 0x80053e <absavg256>
    13ce:	10 92 3f 05 	sts	0x053F, r1	; 0x80053f <absavg256+0x1>
    13d2:	10 92 40 05 	sts	0x0540, r1	; 0x800540 <absavg256+0x2>
    13d6:	10 92 41 05 	sts	0x0541, r1	; 0x800541 <absavg256+0x3>
/home/jgalera/develop/arduino/usdx/usdx_plus_orange/src/dsp/dsp.cpp:1037
  } else
    absavg256 += abs(ac);

  if (mode == AM) {
    13da:	80 91 cd 01 	lds	r24, 0x01CD	; 0x8001cd <mode>
    13de:	84 30       	cpi	r24, 0x04	; 4
    13e0:	09 f4       	brne	.+2      	; 0x13e4 <sdr_rx_00()+0x406>
    13e2:	76 c0       	rjmp	.+236    	; 0x14d0 <sdr_rx_00()+0x4f2>
/home/jgalera/develop/arduino/usdx/usdx_plus_orange/src/dsp/dsp.cpp:1044
    {
      static int16_t dc; // DC decoupling
      dc += (ac - dc) / 2;
      ac = ac - dc;
    }
  } else if (mode == FM) {
    13e4:	80 91 cd 01 	lds	r24, 0x01CD	; 0x8001cd <mode>
    13e8:	83 30       	cpi	r24, 0x03	; 3
    13ea:	09 f4       	brne	.+2      	; 0x13ee <sdr_rx_00()+0x410>
    13ec:	c2 c1       	rjmp	.+900    	; 0x1772 <sdr_rx_00()+0x794>
/home/jgalera/develop/arduino/usdx/usdx_plus_orange/src/dsp/dsp.cpp:1062
    ac = ac >> (16 - volume);
  } else if (agc == 1) {
    ac = process_agc_fast(ac);
    ac = ac >> (16 - volume);
#else
  if (agc == 1) {
    13ee:	80 91 6a 01 	lds	r24, 0x016A	; 0x80016a <agc>
    13f2:	81 30       	cpi	r24, 0x01	; 1
    13f4:	09 f4       	brne	.+2      	; 0x13f8 <sdr_rx_00()+0x41a>
    13f6:	b4 c0       	rjmp	.+360    	; 0x1560 <sdr_rx_00()+0x582>
/home/jgalera/develop/arduino/usdx/usdx_plus_orange/src/dsp/dsp.cpp:1068
    ac = process_agc_fast(ac);
    ac = ac >> (16 - volume);
#endif //! FAST_AGC
  } else {
    // ac = ac >> (16-volume);
    if (volume <= 13) // if no AGC allow volume control to boost weak signals
    13f8:	80 91 b3 01 	lds	r24, 0x01B3	; 0x8001b3 <volume>
    13fc:	8e 30       	cpi	r24, 0x0E	; 14
    13fe:	0c f4       	brge	.+2      	; 0x1402 <sdr_rx_00()+0x424>
    1400:	07 c1       	rjmp	.+526    	; 0x1610 <sdr_rx_00()+0x632>
/home/jgalera/develop/arduino/usdx/usdx_plus_orange/src/dsp/dsp.cpp:1071
      ac = ac >> (13 - volume);
    else
      ac = ac << (volume - 13);
    1402:	80 91 b3 01 	lds	r24, 0x01B3	; 0x8001b3 <volume>
    1406:	8d 50       	subi	r24, 0x0D	; 13
    1408:	02 c0       	rjmp	.+4      	; 0x140e <sdr_rx_00()+0x430>
    140a:	ee 0f       	add	r30, r30
    140c:	ff 1f       	adc	r31, r31
    140e:	8a 95       	dec	r24
    1410:	e2 f7       	brpl	.-8      	; 0x140a <sdr_rx_00()+0x42c>
/home/jgalera/develop/arduino/usdx/usdx_plus_orange/src/dsp/dsp.cpp:1073
  }
  if (nr)
    1412:	80 91 c5 01 	lds	r24, 0x01C5	; 0x8001c5 <nr>
    1416:	81 11       	cpse	r24, r1
    1418:	0d c1       	rjmp	.+538    	; 0x1634 <sdr_rx_00()+0x656>
/home/jgalera/develop/arduino/usdx/usdx_plus_orange/src/dsp/dsp.cpp:1076
    ac = process_nr(ac);

  if (filt)
    141a:	80 91 f1 05 	lds	r24, 0x05F1	; 0x8005f1 <filt>
    141e:	81 11       	cpse	r24, r1
    1420:	29 c1       	rjmp	.+594    	; 0x1674 <sdr_rx_00()+0x696>
    1422:	c0 90 36 05 	lds	r12, 0x0536	; 0x800536 <amp32>
    1426:	d0 90 37 05 	lds	r13, 0x0537	; 0x800537 <amp32+0x1>
    142a:	e0 90 38 05 	lds	r14, 0x0538	; 0x800538 <amp32+0x2>
    142e:	f0 90 39 05 	lds	r15, 0x0539	; 0x800539 <amp32+0x3>
/home/jgalera/develop/arduino/usdx/usdx_plus_orange/src/dsp/dsp.cpp:1080
    ac = filt_var(ac);

#ifdef CW_DECODER
  if (!(absavg256cnt % 64)) {
    1432:	cf 73       	andi	r28, 0x3F	; 63
    1434:	09 f0       	breq	.+2      	; 0x1438 <sdr_rx_00()+0x45a>
    1436:	b7 c1       	rjmp	.+878    	; 0x17a6 <sdr_rx_00()+0x7c8>
/home/jgalera/develop/arduino/usdx/usdx_plus_orange/src/dsp/dsp.cpp:1081
    _amp32 = amp32;
    1438:	c0 92 d2 05 	sts	0x05D2, r12	; 0x8005d2 <_amp32>
    143c:	d0 92 d3 05 	sts	0x05D3, r13	; 0x8005d3 <_amp32+0x1>
    1440:	e0 92 d4 05 	sts	0x05D4, r14	; 0x8005d4 <_amp32+0x2>
    1444:	f0 92 d5 05 	sts	0x05D5, r15	; 0x8005d5 <_amp32+0x3>
/home/jgalera/develop/arduino/usdx/usdx_plus_orange/src/dsp/dsp.cpp:1082
    amp32 = 0;
    1448:	10 92 36 05 	sts	0x0536, r1	; 0x800536 <amp32>
    144c:	10 92 37 05 	sts	0x0537, r1	; 0x800537 <amp32+0x1>
    1450:	10 92 38 05 	sts	0x0538, r1	; 0x800538 <amp32+0x2>
    1454:	10 92 39 05 	sts	0x0539, r1	; 0x800539 <amp32+0x3>
process():
/home/jgalera/develop/arduino/usdx/usdx_plus_orange/src/dsp/dsp.cpp:1234
  v[2] = v[3];
  v[3] = v[4];
  v[4] = v[5];
  v[5] = v[6];
  v[6] = i_ac2;            // Delay to match Hilbert transform on Q branch
  ac3 = slow_dsp(-i - qh); // inverting I and Q helps dampening a feedback-loop
    1458:	e1 15       	cp	r30, r1
    145a:	b2 e0       	ldi	r27, 0x02	; 2
    145c:	fb 07       	cpc	r31, r27
    145e:	14 f0       	brlt	.+4      	; 0x1464 <sdr_rx_00()+0x486>
    1460:	ef ef       	ldi	r30, 0xFF	; 255
    1462:	f1 e0       	ldi	r31, 0x01	; 1
    1464:	e1 15       	cp	r30, r1
    1466:	2e ef       	ldi	r18, 0xFE	; 254
    1468:	f2 07       	cpc	r31, r18
    146a:	14 f4       	brge	.+4      	; 0x1470 <sdr_rx_00()+0x492>
    146c:	e0 e0       	ldi	r30, 0x00	; 0
    146e:	fe ef       	ldi	r31, 0xFE	; 254
    1470:	f0 93 75 05 	sts	0x0575, r31	; 0x800575 <process(int, int)::ac3+0x1>
    1474:	e0 93 74 05 	sts	0x0574, r30	; 0x800574 <process(int, int)::ac3>
/home/jgalera/develop/arduino/usdx/usdx_plus_orange/src/dsp/dsp.cpp:1237
                           // between PWM out and ADC inputs
#ifdef OUTLET
  tc--;
    1478:	41 50       	subi	r20, 0x01	; 1
    147a:	40 93 6f 05 	sts	0x056F, r20	; 0x80056f <tc>
_Z9sdr_rx_00v():
/home/jgalera/develop/arduino/usdx/usdx_plus_orange/src/dsp/dsp.cpp:1253
  int16_t i_s1za0 = (ac + (i_s0za1 + i_s0zb0) * 3 + i_s0zb1) >> M_SR;
  i_s0za1 = ac;
  int16_t ac2 = (i_s1za0 + (i_s1za1 + i_s1zb0) * 3 + i_s1zb1);
  i_s1za1 = i_s1za0;
  process(ac2, q_ac2);
}
    147e:	df 91       	pop	r29
    1480:	cf 91       	pop	r28
    1482:	1f 91       	pop	r17
    1484:	0f 91       	pop	r16
    1486:	ff 90       	pop	r15
    1488:	ef 90       	pop	r14
    148a:	df 90       	pop	r13
    148c:	cf 90       	pop	r12
    148e:	bf 90       	pop	r11
    1490:	af 90       	pop	r10
    1492:	9f 90       	pop	r9
    1494:	8f 90       	pop	r8
    1496:	7f 90       	pop	r7
    1498:	6f 90       	pop	r6
    149a:	5f 90       	pop	r5
    149c:	4f 90       	pop	r4
    149e:	08 95       	ret
slow_dsp():
/home/jgalera/develop/arduino/usdx/usdx_plus_orange/src/dsp/dsp.cpp:1035
  static uint8_t absavg256cnt;
  if (!(absavg256cnt--)) {
    _absavg256 = absavg256;
    absavg256 = 0;
  } else
    absavg256 += abs(ac);
    14a0:	cf 01       	movw	r24, r30
    14a2:	f7 fd       	sbrc	r31, 7
    14a4:	98 c1       	rjmp	.+816    	; 0x17d6 <sdr_rx_00()+0x7f8>
    14a6:	09 2e       	mov	r0, r25
    14a8:	00 0c       	add	r0, r0
    14aa:	aa 0b       	sbc	r26, r26
    14ac:	bb 0b       	sbc	r27, r27
    14ae:	8c 0d       	add	r24, r12
    14b0:	9d 1d       	adc	r25, r13
    14b2:	ae 1d       	adc	r26, r14
    14b4:	bf 1d       	adc	r27, r15
    14b6:	80 93 3e 05 	sts	0x053E, r24	; 0x80053e <absavg256>
    14ba:	90 93 3f 05 	sts	0x053F, r25	; 0x80053f <absavg256+0x1>
    14be:	a0 93 40 05 	sts	0x0540, r26	; 0x800540 <absavg256+0x2>
    14c2:	b0 93 41 05 	sts	0x0541, r27	; 0x800541 <absavg256+0x3>
/home/jgalera/develop/arduino/usdx/usdx_plus_orange/src/dsp/dsp.cpp:1037

  if (mode == AM) {
    14c6:	80 91 cd 01 	lds	r24, 0x01CD	; 0x8001cd <mode>
    14ca:	84 30       	cpi	r24, 0x04	; 4
    14cc:	09 f0       	breq	.+2      	; 0x14d0 <sdr_rx_00()+0x4f2>
    14ce:	8a cf       	rjmp	.-236    	; 0x13e4 <sdr_rx_00()+0x406>
/home/jgalera/develop/arduino/usdx/usdx_plus_orange/src/dsp/dsp.cpp:1038
    ac = magn(i, q);
    14d0:	20 91 c9 05 	lds	r18, 0x05C9	; 0x8005c9 <i>
    14d4:	30 91 ca 05 	lds	r19, 0x05CA	; 0x8005ca <i+0x1>
    14d8:	80 91 51 05 	lds	r24, 0x0551	; 0x800551 <q>
    14dc:	90 91 52 05 	lds	r25, 0x0552	; 0x800552 <q+0x1>
    14e0:	37 ff       	sbrs	r19, 7
    14e2:	03 c0       	rjmp	.+6      	; 0x14ea <sdr_rx_00()+0x50c>
    14e4:	31 95       	neg	r19
    14e6:	21 95       	neg	r18
    14e8:	31 09       	sbc	r19, r1
    14ea:	97 ff       	sbrs	r25, 7
    14ec:	03 c0       	rjmp	.+6      	; 0x14f4 <sdr_rx_00()+0x516>
    14ee:	91 95       	neg	r25
    14f0:	81 95       	neg	r24
    14f2:	91 09       	sbc	r25, r1
    14f4:	82 17       	cp	r24, r18
    14f6:	93 07       	cpc	r25, r19
    14f8:	0c f4       	brge	.+2      	; 0x14fc <sdr_rx_00()+0x51e>
    14fa:	74 c1       	rjmp	.+744    	; 0x17e4 <sdr_rx_00()+0x806>
    14fc:	80 91 51 05 	lds	r24, 0x0551	; 0x800551 <q>
    1500:	90 91 52 05 	lds	r25, 0x0552	; 0x800552 <q+0x1>
    1504:	e0 91 c9 05 	lds	r30, 0x05C9	; 0x8005c9 <i>
    1508:	f0 91 ca 05 	lds	r31, 0x05CA	; 0x8005ca <i+0x1>
    150c:	f7 ff       	sbrs	r31, 7
    150e:	03 c0       	rjmp	.+6      	; 0x1516 <sdr_rx_00()+0x538>
    1510:	f1 95       	neg	r31
    1512:	e1 95       	neg	r30
    1514:	f1 09       	sbc	r31, r1
    1516:	f5 95       	asr	r31
    1518:	e7 95       	ror	r30
    151a:	f5 95       	asr	r31
    151c:	e7 95       	ror	r30
    151e:	97 ff       	sbrs	r25, 7
    1520:	03 c0       	rjmp	.+6      	; 0x1528 <sdr_rx_00()+0x54a>
    1522:	91 95       	neg	r25
    1524:	81 95       	neg	r24
    1526:	91 09       	sbc	r25, r1
    1528:	e8 0f       	add	r30, r24
    152a:	f9 1f       	adc	r31, r25
/home/jgalera/develop/arduino/usdx/usdx_plus_orange/src/dsp/dsp.cpp:1041
    {
      static int16_t dc; // DC decoupling
      dc += (ac - dc) / 2;
    152c:	80 91 3c 05 	lds	r24, 0x053C	; 0x80053c <slow_dsp(int)::dc>
    1530:	90 91 3d 05 	lds	r25, 0x053D	; 0x80053d <slow_dsp(int)::dc+0x1>
    1534:	9f 01       	movw	r18, r30
    1536:	28 1b       	sub	r18, r24
    1538:	39 0b       	sbc	r19, r25
    153a:	37 ff       	sbrs	r19, 7
    153c:	02 c0       	rjmp	.+4      	; 0x1542 <sdr_rx_00()+0x564>
    153e:	2f 5f       	subi	r18, 0xFF	; 255
    1540:	3f 4f       	sbci	r19, 0xFF	; 255
    1542:	35 95       	asr	r19
    1544:	27 95       	ror	r18
    1546:	28 0f       	add	r18, r24
    1548:	39 1f       	adc	r19, r25
    154a:	30 93 3d 05 	sts	0x053D, r19	; 0x80053d <slow_dsp(int)::dc+0x1>
    154e:	20 93 3c 05 	sts	0x053C, r18	; 0x80053c <slow_dsp(int)::dc>
/home/jgalera/develop/arduino/usdx/usdx_plus_orange/src/dsp/dsp.cpp:1042
      ac = ac - dc;
    1552:	e2 1b       	sub	r30, r18
    1554:	f3 0b       	sbc	r31, r19
/home/jgalera/develop/arduino/usdx/usdx_plus_orange/src/dsp/dsp.cpp:1062
    ac = ac >> (16 - volume);
  } else if (agc == 1) {
    ac = process_agc_fast(ac);
    ac = ac >> (16 - volume);
#else
  if (agc == 1) {
    1556:	80 91 6a 01 	lds	r24, 0x016A	; 0x80016a <agc>
    155a:	81 30       	cpi	r24, 0x01	; 1
    155c:	09 f0       	breq	.+2      	; 0x1560 <sdr_rx_00()+0x582>
    155e:	4c cf       	rjmp	.-360    	; 0x13f8 <sdr_rx_00()+0x41a>
process_agc_fast():
/home/jgalera/develop/arduino/usdx/usdx_plus_orange/src/dsp/dsp.cpp:775
// range is x1 to x31 = 30dB approx. Decay time is fine (about 1s) but attack
// time is much slower than I like. For weak/medium signals it aims to keep the
// sample value between 1024 and 2048.
static int16_t gain = 1024;
inline int16_t process_agc_fast(int16_t in) {
  int16_t out = (gain >= 1024) ? (gain >> 10) * in : in;
    1560:	80 91 68 01 	lds	r24, 0x0168	; 0x800168 <gain>
    1564:	90 91 69 01 	lds	r25, 0x0169	; 0x800169 <gain+0x1>
    1568:	81 15       	cp	r24, r1
    156a:	64 e0       	ldi	r22, 0x04	; 4
    156c:	96 07       	cpc	r25, r22
    156e:	74 f0       	brlt	.+28     	; 0x158c <sdr_rx_00()+0x5ae>
    1570:	9c 01       	movw	r18, r24
    1572:	23 2f       	mov	r18, r19
    1574:	33 0f       	add	r19, r19
    1576:	33 0b       	sbc	r19, r19
    1578:	25 95       	asr	r18
    157a:	25 95       	asr	r18
    157c:	df 01       	movw	r26, r30
    157e:	a2 9f       	mul	r26, r18
    1580:	f0 01       	movw	r30, r0
    1582:	a3 9f       	mul	r26, r19
    1584:	f0 0d       	add	r31, r0
    1586:	b2 9f       	mul	r27, r18
    1588:	f0 0d       	add	r31, r0
    158a:	11 24       	eor	r1, r1
/home/jgalera/develop/arduino/usdx/usdx_plus_orange/src/dsp/dsp.cpp:776
  int16_t accum = (1 - abs(out >> 10));
    158c:	2f 2f       	mov	r18, r31
    158e:	25 95       	asr	r18
    1590:	25 95       	asr	r18
    1592:	3f 2f       	mov	r19, r31
    1594:	33 0f       	add	r19, r19
    1596:	33 0b       	sbc	r19, r19
    1598:	37 fd       	sbrc	r19, 7
    159a:	e2 c1       	rjmp	.+964    	; 0x1960 <sdr_rx_00()+0x982>
    159c:	61 e0       	ldi	r22, 0x01	; 1
    159e:	70 e0       	ldi	r23, 0x00	; 0
    15a0:	db 01       	movw	r26, r22
    15a2:	a2 1b       	sub	r26, r18
    15a4:	b3 0b       	sbc	r27, r19
/home/jgalera/develop/arduino/usdx/usdx_plus_orange/src/dsp/dsp.cpp:777
  if ((INT16_MAX - gain) > accum)
    15a6:	6f ef       	ldi	r22, 0xFF	; 255
    15a8:	7f e7       	ldi	r23, 0x7F	; 127
    15aa:	68 1b       	sub	r22, r24
    15ac:	79 0b       	sbc	r23, r25
    15ae:	a6 17       	cp	r26, r22
    15b0:	b7 07       	cpc	r27, r23
    15b2:	34 f4       	brge	.+12     	; 0x15c0 <sdr_rx_00()+0x5e2>
/home/jgalera/develop/arduino/usdx/usdx_plus_orange/src/dsp/dsp.cpp:778
    gain = gain + accum;
    15b4:	8a 0f       	add	r24, r26
    15b6:	9b 1f       	adc	r25, r27
    15b8:	90 93 69 01 	sts	0x0169, r25	; 0x800169 <gain+0x1>
    15bc:	80 93 68 01 	sts	0x0168, r24	; 0x800168 <gain>
/home/jgalera/develop/arduino/usdx/usdx_plus_orange/src/dsp/dsp.cpp:779
  if (gain < 1)
    15c0:	18 16       	cp	r1, r24
    15c2:	19 06       	cpc	r1, r25
    15c4:	0c f0       	brlt	.+2      	; 0x15c8 <sdr_rx_00()+0x5ea>
    15c6:	c5 c1       	rjmp	.+906    	; 0x1952 <sdr_rx_00()+0x974>
slow_dsp():
/home/jgalera/develop/arduino/usdx/usdx_plus_orange/src/dsp/dsp.cpp:1064
    ac = process_agc_fast(ac);
    ac = ac >> (16 - volume);
#else
  if (agc == 1) {
    ac = process_agc_fast(ac);
    ac = ac >> (16 - volume);
    15c8:	20 91 b3 01 	lds	r18, 0x01B3	; 0x8001b3 <volume>
    15cc:	80 e1       	ldi	r24, 0x10	; 16
    15ce:	90 e0       	ldi	r25, 0x00	; 0
    15d0:	23 c0       	rjmp	.+70     	; 0x1618 <sdr_rx_00()+0x63a>
process():
/home/jgalera/develop/arduino/usdx/usdx_plus_orange/src/dsp/dsp.cpp:1169
    // https://www.xanthium.in/how-to-avr-atmega328p-microcontroller-usart-uart-embedded-programming-avrgcc
#endif // CAT_STREAMING
#ifdef AF_OUT
  static int16_t ozd1, ozd2; // Output stage
  if (_init) {
    ac3 = 0;
    15d2:	10 92 75 05 	sts	0x0575, r1	; 0x800575 <process(int, int)::ac3+0x1>
    15d6:	10 92 74 05 	sts	0x0574, r1	; 0x800574 <process(int, int)::ac3>
/home/jgalera/develop/arduino/usdx/usdx_plus_orange/src/dsp/dsp.cpp:1170
    ozd1 = 0;
    15da:	10 92 73 05 	sts	0x0573, r1	; 0x800573 <process(int, int)::ozd1+0x1>
    15de:	10 92 72 05 	sts	0x0572, r1	; 0x800572 <process(int, int)::ozd1>
/home/jgalera/develop/arduino/usdx/usdx_plus_orange/src/dsp/dsp.cpp:1171
    ozd2 = 0;
    15e2:	10 92 71 05 	sts	0x0571, r1	; 0x800571 <process(int, int)::ozd2+0x1>
    15e6:	10 92 70 05 	sts	0x0570, r1	; 0x800570 <process(int, int)::ozd2>
/home/jgalera/develop/arduino/usdx/usdx_plus_orange/src/dsp/dsp.cpp:1172
    _init = 0;
    15ea:	10 92 ef 05 	sts	0x05EF, r1	; 0x8005ef <_init>
    15ee:	50 e0       	ldi	r21, 0x00	; 0
    15f0:	40 e0       	ldi	r20, 0x00	; 0
    15f2:	30 e0       	ldi	r19, 0x00	; 0
    15f4:	20 e0       	ldi	r18, 0x00	; 0
    15f6:	90 e0       	ldi	r25, 0x00	; 0
    15f8:	80 e0       	ldi	r24, 0x00	; 0
    15fa:	ab cd       	rjmp	.-1194   	; 0x1152 <sdr_rx_00()+0x174>
sdr_rx_common_i():
/home/jgalera/develop/arduino/usdx/usdx_plus_orange/src/dsp/dsp.cpp:1320
  static int16_t prev_adc;
  int16_t ac = (prev_adc + adc) / 2;
  prev_adc = adc;
#ifdef AF_OUT
  if (_init) {
    ocomb = 0;
    15fc:	10 92 83 05 	sts	0x0583, r1	; 0x800583 <ocomb+0x1>
    1600:	10 92 82 05 	sts	0x0582, r1	; 0x800582 <ocomb>
    1604:	80 e8       	ldi	r24, 0x80	; 128
    1606:	70 e0       	ldi	r23, 0x00	; 0
    1608:	60 e0       	ldi	r22, 0x00	; 0
    160a:	f0 e0       	ldi	r31, 0x00	; 0
    160c:	e0 e0       	ldi	r30, 0x00	; 0
    160e:	37 cd       	rjmp	.-1426   	; 0x107e <sdr_rx_00()+0xa0>
slow_dsp():
/home/jgalera/develop/arduino/usdx/usdx_plus_orange/src/dsp/dsp.cpp:1069
    ac = ac >> (16 - volume);
#endif //! FAST_AGC
  } else {
    // ac = ac >> (16-volume);
    if (volume <= 13) // if no AGC allow volume control to boost weak signals
      ac = ac >> (13 - volume);
    1610:	20 91 b3 01 	lds	r18, 0x01B3	; 0x8001b3 <volume>
    1614:	8d e0       	ldi	r24, 0x0D	; 13
    1616:	90 e0       	ldi	r25, 0x00	; 0
    1618:	82 1b       	sub	r24, r18
    161a:	91 09       	sbc	r25, r1
    161c:	27 fd       	sbrc	r18, 7
    161e:	93 95       	inc	r25
    1620:	02 c0       	rjmp	.+4      	; 0x1626 <sdr_rx_00()+0x648>
    1622:	f5 95       	asr	r31
    1624:	e7 95       	ror	r30
    1626:	8a 95       	dec	r24
    1628:	e2 f7       	brpl	.-8      	; 0x1622 <sdr_rx_00()+0x644>
/home/jgalera/develop/arduino/usdx/usdx_plus_orange/src/dsp/dsp.cpp:1073
    else
      ac = ac << (volume - 13);
  }
  if (nr)
    162a:	80 91 c5 01 	lds	r24, 0x01C5	; 0x8001c5 <nr>
    162e:	88 23       	and	r24, r24
    1630:	09 f4       	brne	.+2      	; 0x1634 <sdr_rx_00()+0x656>
    1632:	f3 ce       	rjmp	.-538    	; 0x141a <sdr_rx_00()+0x43c>
process_nr():
/home/jgalera/develop/arduino/usdx/usdx_plus_orange/src/dsp/dsp.cpp:858
  return ea1;
}

inline int16_t process_nr(int16_t in) {
  static int16_t ea1;
  ea1 = EA(ea1, in, 1 << (nr - 1));
    1634:	00 91 22 05 	lds	r16, 0x0522	; 0x800522 <process_nr(int)::ea1>
    1638:	10 91 23 05 	lds	r17, 0x0523	; 0x800523 <process_nr(int)::ea1+0x1>
    163c:	20 91 c5 01 	lds	r18, 0x01C5	; 0x8001c5 <nr>
    1640:	cf 01       	movw	r24, r30
    1642:	80 1b       	sub	r24, r16
    1644:	91 0b       	sbc	r25, r17
    1646:	21 50       	subi	r18, 0x01	; 1
    1648:	33 0b       	sbc	r19, r19
    164a:	61 e0       	ldi	r22, 0x01	; 1
    164c:	70 e0       	ldi	r23, 0x00	; 0
    164e:	02 c0       	rjmp	.+4      	; 0x1654 <sdr_rx_00()+0x676>
    1650:	66 0f       	add	r22, r22
    1652:	77 1f       	adc	r23, r23
    1654:	2a 95       	dec	r18
    1656:	e2 f7       	brpl	.-8      	; 0x1650 <sdr_rx_00()+0x672>
    1658:	0e 94 92 39 	call	0x7324	; 0x7324 <__divmodhi4>
    165c:	fb 01       	movw	r30, r22
    165e:	e0 0f       	add	r30, r16
    1660:	f1 1f       	adc	r31, r17
    1662:	f0 93 23 05 	sts	0x0523, r31	; 0x800523 <process_nr(int)::ea1+0x1>
    1666:	e0 93 22 05 	sts	0x0522, r30	; 0x800522 <process_nr(int)::ea1>
slow_dsp():
/home/jgalera/develop/arduino/usdx/usdx_plus_orange/src/dsp/dsp.cpp:1076
      ac = ac << (volume - 13);
  }
  if (nr)
    ac = process_nr(ac);

  if (filt)
    166a:	80 91 f1 05 	lds	r24, 0x05F1	; 0x8005f1 <filt>
    166e:	88 23       	and	r24, r24
    1670:	09 f4       	brne	.+2      	; 0x1674 <sdr_rx_00()+0x696>
    1672:	d7 ce       	rjmp	.-594    	; 0x1422 <sdr_rx_00()+0x444>
filt_var():
/home/jgalera/develop/arduino/usdx/usdx_plus_orange/src/dsp/dsp.cpp:872
{
  static int16_t za1, za2;
  static int16_t zb0, zb1, zb2;
  static int16_t zc0, zc1, zc2;

  if (filt < 4) { // for SSB filters
    1674:	80 91 f1 05 	lds	r24, 0x05F1	; 0x8005f1 <filt>
    1678:	e0 90 2e 05 	lds	r14, 0x052E	; 0x80052e <filt_var(int)::zb1>
    167c:	f0 90 2f 05 	lds	r15, 0x052F	; 0x80052f <filt_var(int)::zb1+0x1>
    1680:	c0 90 32 05 	lds	r12, 0x0532	; 0x800532 <filt_var(int)::za1>
    1684:	d0 90 33 05 	lds	r13, 0x0533	; 0x800533 <filt_var(int)::za1+0x1>
    1688:	84 30       	cpi	r24, 0x04	; 4
    168a:	08 f0       	brcs	.+2      	; 0x168e <sdr_rx_00()+0x6b0>
    168c:	b4 c0       	rjmp	.+360    	; 0x17f6 <sdr_rx_00()+0x818>
/home/jgalera/develop/arduino/usdx/usdx_plus_orange/src/dsp/dsp.cpp:882
    //    zz2=zz1;
    //    zz1=za0;
    // After correction, this filter still introduced almost 6dB attenuation, so
    // I adjusted the coefficients
    static int16_t zz1, zz2;
    zz2 = zz1;
    168e:	80 91 34 05 	lds	r24, 0x0534	; 0x800534 <filt_var(int)::zz1>
    1692:	90 91 35 05 	lds	r25, 0x0535	; 0x800535 <filt_var(int)::zz1+0x1>
/home/jgalera/develop/arduino/usdx/usdx_plus_orange/src/dsp/dsp.cpp:883
    zz1 = za0;
    1696:	f0 93 35 05 	sts	0x0535, r31	; 0x800535 <filt_var(int)::zz1+0x1>
    169a:	e0 93 34 05 	sts	0x0534, r30	; 0x800534 <filt_var(int)::zz1>
/home/jgalera/develop/arduino/usdx/usdx_plus_orange/src/dsp/dsp.cpp:884
    za0 = ((((za0 - zz2) << 5) - ((za0 - zz2) << 1)) +
    169e:	df 01       	movw	r26, r30
    16a0:	a8 1b       	sub	r26, r24
    16a2:	b9 0b       	sbc	r27, r25
/home/jgalera/develop/arduino/usdx/usdx_plus_orange/src/dsp/dsp.cpp:885
           (((zz1) << 4) + ((zz1) << 3) + zz1)) >>
    16a4:	9f 01       	movw	r18, r30
    16a6:	22 95       	swap	r18
    16a8:	32 95       	swap	r19
    16aa:	30 7f       	andi	r19, 0xF0	; 240
    16ac:	32 27       	eor	r19, r18
    16ae:	20 7f       	andi	r18, 0xF0	; 240
    16b0:	32 27       	eor	r19, r18
    16b2:	cf 01       	movw	r24, r30
    16b4:	88 0f       	add	r24, r24
    16b6:	99 1f       	adc	r25, r25
    16b8:	88 0f       	add	r24, r24
    16ba:	99 1f       	adc	r25, r25
    16bc:	88 0f       	add	r24, r24
    16be:	99 1f       	adc	r25, r25
    16c0:	28 0f       	add	r18, r24
    16c2:	39 1f       	adc	r19, r25
    16c4:	2e 0f       	add	r18, r30
    16c6:	3f 1f       	adc	r19, r31
/home/jgalera/develop/arduino/usdx/usdx_plus_orange/src/dsp/dsp.cpp:884
    // After correction, this filter still introduced almost 6dB attenuation, so
    // I adjusted the coefficients
    static int16_t zz1, zz2;
    zz2 = zz1;
    zz1 = za0;
    za0 = ((((za0 - zz2) << 5) - ((za0 - zz2) << 1)) +
    16c8:	8e e1       	ldi	r24, 0x1E	; 30
    16ca:	90 e0       	ldi	r25, 0x00	; 0
    16cc:	a8 9f       	mul	r26, r24
    16ce:	f0 01       	movw	r30, r0
    16d0:	a9 9f       	mul	r26, r25
    16d2:	f0 0d       	add	r31, r0
    16d4:	b8 9f       	mul	r27, r24
    16d6:	f0 0d       	add	r31, r0
    16d8:	11 24       	eor	r1, r1
    16da:	2e 0f       	add	r18, r30
    16dc:	3f 1f       	adc	r19, r31
    16de:	35 95       	asr	r19
    16e0:	27 95       	ror	r18
    16e2:	35 95       	asr	r19
    16e4:	27 95       	ror	r18
    16e6:	35 95       	asr	r19
    16e8:	27 95       	ror	r18
    16ea:	35 95       	asr	r19
    16ec:	27 95       	ror	r18
    16ee:	35 95       	asr	r19
    16f0:	27 95       	ror	r18
/home/jgalera/develop/arduino/usdx/usdx_plus_orange/src/dsp/dsp.cpp:888
           (((zz1) << 4) + ((zz1) << 3) + zz1)) >>
          5; // 300-Hz

    switch (filt) {
    16f2:	80 91 f1 05 	lds	r24, 0x05F1	; 0x8005f1 <filt>
    16f6:	82 30       	cpi	r24, 0x02	; 2
    16f8:	09 f4       	brne	.+2      	; 0x16fc <sdr_rx_00()+0x71e>
    16fa:	57 c2       	rjmp	.+1198   	; 0x1baa <sdr_rx_00()+0xbcc>
    16fc:	83 30       	cpi	r24, 0x03	; 3
    16fe:	09 f4       	brne	.+2      	; 0x1702 <sdr_rx_00()+0x724>
    1700:	3e c2       	rjmp	.+1148   	; 0x1b7e <sdr_rx_00()+0xba0>
    1702:	81 30       	cpi	r24, 0x01	; 1
    1704:	09 f4       	brne	.+2      	; 0x1708 <sdr_rx_00()+0x72a>
    1706:	fb c1       	rjmp	.+1014   	; 0x1afe <sdr_rx_00()+0xb20>
    1708:	a0 91 2a 05 	lds	r26, 0x052A	; 0x80052a <filt_var(int)::zb0>
    170c:	b0 91 2b 05 	lds	r27, 0x052B	; 0x80052b <filt_var(int)::zb0+0x1>
/home/jgalera/develop/arduino/usdx/usdx_plus_orange/src/dsp/dsp.cpp:902
    case 3:
      zb0 = ((za0 + 2 * za1 + za2) >> 1) - ((zb2 << 2) >> 4);
      break; // 0-1800Hz  elliptic
    }

    switch (filt) {
    1710:	80 91 f1 05 	lds	r24, 0x05F1	; 0x8005f1 <filt>
    1714:	00 91 28 05 	lds	r16, 0x0528	; 0x800528 <filt_var(int)::zc1>
    1718:	10 91 29 05 	lds	r17, 0x0529	; 0x800529 <filt_var(int)::zc1+0x1>
    171c:	82 30       	cpi	r24, 0x02	; 2
    171e:	09 f4       	brne	.+2      	; 0x1722 <sdr_rx_00()+0x744>
    1720:	cd c1       	rjmp	.+922    	; 0x1abc <sdr_rx_00()+0xade>
    1722:	83 30       	cpi	r24, 0x03	; 3
    1724:	09 f4       	brne	.+2      	; 0x1728 <sdr_rx_00()+0x74a>
    1726:	a8 c1       	rjmp	.+848    	; 0x1a78 <sdr_rx_00()+0xa9a>
    1728:	81 30       	cpi	r24, 0x01	; 1
    172a:	09 f4       	brne	.+2      	; 0x172e <sdr_rx_00()+0x750>
    172c:	69 c1       	rjmp	.+722    	; 0x1a00 <sdr_rx_00()+0xa22>
    172e:	e0 91 24 05 	lds	r30, 0x0524	; 0x800524 <filt_var(int)::zc0>
    1732:	f0 91 25 05 	lds	r31, 0x0525	; 0x800525 <filt_var(int)::zc0+0x1>
/home/jgalera/develop/arduino/usdx/usdx_plus_orange/src/dsp/dsp.cpp:916
    case 3:
      zc0 = ((zb0 + 2 * zb1 + zb2) >> 2) - ((zc2 << 2) >> 4);
      break; // 0-1800Hz  elliptic
    }

    zc2 = zc1;
    1736:	10 93 27 05 	sts	0x0527, r17	; 0x800527 <filt_var(int)::zc2+0x1>
    173a:	00 93 26 05 	sts	0x0526, r16	; 0x800526 <filt_var(int)::zc2>
/home/jgalera/develop/arduino/usdx/usdx_plus_orange/src/dsp/dsp.cpp:917
    zc1 = zc0;
    173e:	f0 93 29 05 	sts	0x0529, r31	; 0x800529 <filt_var(int)::zc1+0x1>
    1742:	e0 93 28 05 	sts	0x0528, r30	; 0x800528 <filt_var(int)::zc1>
/home/jgalera/develop/arduino/usdx/usdx_plus_orange/src/dsp/dsp.cpp:919

    zb2 = zb1;
    1746:	f0 92 2d 05 	sts	0x052D, r15	; 0x80052d <filt_var(int)::zb2+0x1>
    174a:	e0 92 2c 05 	sts	0x052C, r14	; 0x80052c <filt_var(int)::zb2>
/home/jgalera/develop/arduino/usdx/usdx_plus_orange/src/dsp/dsp.cpp:920
    zb1 = zb0;
    174e:	b0 93 2f 05 	sts	0x052F, r27	; 0x80052f <filt_var(int)::zb1+0x1>
    1752:	a0 93 2e 05 	sts	0x052E, r26	; 0x80052e <filt_var(int)::zb1>
/home/jgalera/develop/arduino/usdx/usdx_plus_orange/src/dsp/dsp.cpp:922

    za2 = za1;
    1756:	d0 92 31 05 	sts	0x0531, r13	; 0x800531 <filt_var(int)::za2+0x1>
    175a:	c0 92 30 05 	sts	0x0530, r12	; 0x800530 <filt_var(int)::za2>
/home/jgalera/develop/arduino/usdx/usdx_plus_orange/src/dsp/dsp.cpp:923
    za1 = za0;
    175e:	30 93 33 05 	sts	0x0533, r19	; 0x800533 <filt_var(int)::za1+0x1>
    1762:	20 93 32 05 	sts	0x0532, r18	; 0x800532 <filt_var(int)::za1>
    1766:	5d ce       	rjmp	.-838    	; 0x1422 <sdr_rx_00()+0x444>
    1768:	8f ef       	ldi	r24, 0xFF	; 255
    176a:	90 e0       	ldi	r25, 0x00	; 0
    176c:	97 ff       	sbrs	r25, 7
    176e:	87 cc       	rjmp	.-1778   	; 0x107e <sdr_rx_00()+0xa0>
    1770:	37 c0       	rjmp	.+110    	; 0x17e0 <sdr_rx_00()+0x802>
slow_dsp():
/home/jgalera/develop/arduino/usdx/usdx_plus_orange/src/dsp/dsp.cpp:1046
      dc += (ac - dc) / 2;
      ac = ac - dc;
    }
  } else if (mode == FM) {
    static int16_t zi;
    ac = ((ac + i) * zi); // -qh = ac + i
    1772:	80 91 c9 05 	lds	r24, 0x05C9	; 0x8005c9 <i>
    1776:	90 91 ca 05 	lds	r25, 0x05CA	; 0x8005ca <i+0x1>
    177a:	8e 0f       	add	r24, r30
    177c:	9f 1f       	adc	r25, r31
    177e:	20 91 3a 05 	lds	r18, 0x053A	; 0x80053a <slow_dsp(int)::zi>
    1782:	30 91 3b 05 	lds	r19, 0x053B	; 0x80053b <slow_dsp(int)::zi+0x1>
    1786:	82 9f       	mul	r24, r18
    1788:	f0 01       	movw	r30, r0
    178a:	83 9f       	mul	r24, r19
    178c:	f0 0d       	add	r31, r0
    178e:	92 9f       	mul	r25, r18
    1790:	f0 0d       	add	r31, r0
    1792:	11 24       	eor	r1, r1
/home/jgalera/develop/arduino/usdx/usdx_plus_orange/src/dsp/dsp.cpp:1047
    zi = i;
    1794:	80 91 c9 05 	lds	r24, 0x05C9	; 0x8005c9 <i>
    1798:	90 91 ca 05 	lds	r25, 0x05CA	; 0x8005ca <i+0x1>
    179c:	90 93 3b 05 	sts	0x053B, r25	; 0x80053b <slow_dsp(int)::zi+0x1>
    17a0:	80 93 3a 05 	sts	0x053A, r24	; 0x80053a <slow_dsp(int)::zi>
    17a4:	24 ce       	rjmp	.-952    	; 0x13ee <sdr_rx_00()+0x410>
/home/jgalera/develop/arduino/usdx/usdx_plus_orange/src/dsp/dsp.cpp:1084
#ifdef CW_DECODER
  if (!(absavg256cnt % 64)) {
    _amp32 = amp32;
    amp32 = 0;
  } else
    amp32 += abs(ac);
    17a6:	cf 01       	movw	r24, r30
    17a8:	f7 ff       	sbrs	r31, 7
    17aa:	04 c0       	rjmp	.+8      	; 0x17b4 <sdr_rx_00()+0x7d6>
    17ac:	88 27       	eor	r24, r24
    17ae:	99 27       	eor	r25, r25
    17b0:	8e 1b       	sub	r24, r30
    17b2:	9f 0b       	sbc	r25, r31
    17b4:	09 2e       	mov	r0, r25
    17b6:	00 0c       	add	r0, r0
    17b8:	aa 0b       	sbc	r26, r26
    17ba:	bb 0b       	sbc	r27, r27
    17bc:	8c 0d       	add	r24, r12
    17be:	9d 1d       	adc	r25, r13
    17c0:	ae 1d       	adc	r26, r14
    17c2:	bf 1d       	adc	r27, r15
    17c4:	80 93 36 05 	sts	0x0536, r24	; 0x800536 <amp32>
    17c8:	90 93 37 05 	sts	0x0537, r25	; 0x800537 <amp32+0x1>
    17cc:	a0 93 38 05 	sts	0x0538, r26	; 0x800538 <amp32+0x2>
    17d0:	b0 93 39 05 	sts	0x0539, r27	; 0x800539 <amp32+0x3>
    17d4:	41 ce       	rjmp	.-894    	; 0x1458 <sdr_rx_00()+0x47a>
/home/jgalera/develop/arduino/usdx/usdx_plus_orange/src/dsp/dsp.cpp:1035
  static uint8_t absavg256cnt;
  if (!(absavg256cnt--)) {
    _absavg256 = absavg256;
    absavg256 = 0;
  } else
    absavg256 += abs(ac);
    17d6:	88 27       	eor	r24, r24
    17d8:	99 27       	eor	r25, r25
    17da:	8e 1b       	sub	r24, r30
    17dc:	9f 0b       	sbc	r25, r31
    17de:	63 ce       	rjmp	.-826    	; 0x14a6 <sdr_rx_00()+0x4c8>
    17e0:	80 e0       	ldi	r24, 0x00	; 0
    17e2:	4d cc       	rjmp	.-1894   	; 0x107e <sdr_rx_00()+0xa0>
/home/jgalera/develop/arduino/usdx/usdx_plus_orange/src/dsp/dsp.cpp:1038

  if (mode == AM) {
    ac = magn(i, q);
    17e4:	80 91 c9 05 	lds	r24, 0x05C9	; 0x8005c9 <i>
    17e8:	90 91 ca 05 	lds	r25, 0x05CA	; 0x8005ca <i+0x1>
    17ec:	e0 91 51 05 	lds	r30, 0x0551	; 0x800551 <q>
    17f0:	f0 91 52 05 	lds	r31, 0x0552	; 0x800552 <q+0x1>
    17f4:	8b ce       	rjmp	.-746    	; 0x150c <sdr_rx_00()+0x52e>
filt_var():
/home/jgalera/develop/arduino/usdx/usdx_plus_orange/src/dsp/dsp.cpp:965
      }
    }
    if (cw_tone == 1)
#endif
    {
      switch (filt) {
    17f6:	80 91 f1 05 	lds	r24, 0x05F1	; 0x8005f1 <filt>
    17fa:	85 30       	cpi	r24, 0x05	; 5
    17fc:	09 f4       	brne	.+2      	; 0x1800 <sdr_rx_00()+0x822>
    17fe:	f0 c1       	rjmp	.+992    	; 0x1be0 <sdr_rx_00()+0xc02>
    1800:	08 f4       	brcc	.+2      	; 0x1804 <sdr_rx_00()+0x826>
    1802:	ee c0       	rjmp	.+476    	; 0x19e0 <sdr_rx_00()+0xa02>
    1804:	86 30       	cpi	r24, 0x06	; 6
    1806:	09 f4       	brne	.+2      	; 0x180a <sdr_rx_00()+0x82c>
    1808:	af c0       	rjmp	.+350    	; 0x1968 <sdr_rx_00()+0x98a>
/home/jgalera/develop/arduino/usdx/usdx_plus_orange/src/dsp/dsp.cpp:976
        break; // 600Hz+-100Hz
      case 6:
        zb0 = (0 * za0 + 1 * za1 + 0 * za2) + (110L * zb1 - 62L * zb2) / 64;
        break; // 600Hz+-50Hz
      case 7:
        zb0 = (0 * za0 + 1 * za1 + 0 * za2) + (110L * zb1 - 61L * zb2) / 64;
    180a:	20 91 2c 05 	lds	r18, 0x052C	; 0x80052c <filt_var(int)::zb2>
    180e:	30 91 2d 05 	lds	r19, 0x052D	; 0x80052d <filt_var(int)::zb2+0x1>
    1812:	a3 ec       	ldi	r26, 0xC3	; 195
    1814:	bf ef       	ldi	r27, 0xFF	; 255
/home/jgalera/develop/arduino/usdx/usdx_plus_orange/src/dsp/dsp.cpp:965
      }
    }
    if (cw_tone == 1)
#endif
    {
      switch (filt) {
    1816:	87 30       	cpi	r24, 0x07	; 7
    1818:	09 f0       	breq	.+2      	; 0x181c <sdr_rx_00()+0x83e>
    181a:	ef c1       	rjmp	.+990    	; 0x1bfa <sdr_rx_00()+0xc1c>
/home/jgalera/develop/arduino/usdx/usdx_plus_orange/src/dsp/dsp.cpp:976
        break; // 600Hz+-100Hz
      case 6:
        zb0 = (0 * za0 + 1 * za1 + 0 * za2) + (110L * zb1 - 62L * zb2) / 64;
        break; // 600Hz+-50Hz
      case 7:
        zb0 = (0 * za0 + 1 * za1 + 0 * za2) + (110L * zb1 - 61L * zb2) / 64;
    181c:	0e 94 ed 39 	call	0x73da	; 0x73da <__mulhisi3>
    1820:	4b 01       	movw	r8, r22
    1822:	5c 01       	movw	r10, r24
    1824:	2e e6       	ldi	r18, 0x6E	; 110
    1826:	30 e0       	ldi	r19, 0x00	; 0
    1828:	d7 01       	movw	r26, r14
    182a:	0e 94 04 3a 	call	0x7408	; 0x7408 <__usmulhisi3>
    182e:	95 01       	movw	r18, r10
    1830:	84 01       	movw	r16, r8
    1832:	06 0f       	add	r16, r22
    1834:	17 1f       	adc	r17, r23
    1836:	28 1f       	adc	r18, r24
    1838:	39 1f       	adc	r19, r25
    183a:	37 ff       	sbrs	r19, 7
    183c:	04 c0       	rjmp	.+8      	; 0x1846 <sdr_rx_00()+0x868>
    183e:	01 5c       	subi	r16, 0xC1	; 193
    1840:	1f 4f       	sbci	r17, 0xFF	; 255
    1842:	2f 4f       	sbci	r18, 0xFF	; 255
    1844:	3f 4f       	sbci	r19, 0xFF	; 255
    1846:	56 e0       	ldi	r21, 0x06	; 6
    1848:	35 95       	asr	r19
    184a:	27 95       	ror	r18
    184c:	17 95       	ror	r17
    184e:	07 95       	ror	r16
    1850:	5a 95       	dec	r21
    1852:	d1 f7       	brne	.-12     	; 0x1848 <sdr_rx_00()+0x86a>
    1854:	0c 0d       	add	r16, r12
    1856:	1d 1d       	adc	r17, r13
    1858:	10 93 2b 05 	sts	0x052B, r17	; 0x80052b <filt_var(int)::zb0+0x1>
    185c:	00 93 2a 05 	sts	0x052A, r16	; 0x80052a <filt_var(int)::zb0>
/home/jgalera/develop/arduino/usdx/usdx_plus_orange/src/dsp/dsp.cpp:980
        break; // 600Hz+-18Hz
      }

      switch (filt) {
    1860:	80 91 f1 05 	lds	r24, 0x05F1	; 0x8005f1 <filt>
    1864:	a0 90 28 05 	lds	r10, 0x0528	; 0x800528 <filt_var(int)::zc1>
    1868:	b0 90 29 05 	lds	r11, 0x0529	; 0x800529 <filt_var(int)::zc1+0x1>
    186c:	85 30       	cpi	r24, 0x05	; 5
    186e:	09 f4       	brne	.+2      	; 0x1872 <sdr_rx_00()+0x894>
    1870:	c9 c1       	rjmp	.+914    	; 0x1c04 <sdr_rx_00()+0xc26>
    1872:	08 f4       	brcc	.+2      	; 0x1876 <sdr_rx_00()+0x898>
    1874:	80 c0       	rjmp	.+256    	; 0x1976 <sdr_rx_00()+0x998>
    1876:	86 30       	cpi	r24, 0x06	; 6
    1878:	09 f4       	brne	.+2      	; 0x187c <sdr_rx_00()+0x89e>
    187a:	f9 c1       	rjmp	.+1010   	; 0x1c6e <sdr_rx_00()+0xc90>
    187c:	87 30       	cpi	r24, 0x07	; 7
    187e:	09 f0       	breq	.+2      	; 0x1882 <sdr_rx_00()+0x8a4>
    1880:	f1 c1       	rjmp	.+994    	; 0x1c64 <sdr_rx_00()+0xc86>
/home/jgalera/develop/arduino/usdx/usdx_plus_orange/src/dsp/dsp.cpp:991
        break; // 600Hz+-100Hz
      case 6:
        zc0 = (zb0 - 2 * zb1 + zb2) / 16 + (113L * zc1 - 62L * zc2) / 64;
        break; // 600Hz+-50Hz
      case 7:
        zc0 = (zb0 - 2 * zb1 + zb2) / 32 + (112L * zc1 - 62L * zc2) / 64;
    1882:	c7 01       	movw	r24, r14
    1884:	88 0f       	add	r24, r24
    1886:	99 1f       	adc	r25, r25
    1888:	b8 01       	movw	r22, r16
    188a:	68 1b       	sub	r22, r24
    188c:	79 0b       	sbc	r23, r25
    188e:	80 90 2c 05 	lds	r8, 0x052C	; 0x80052c <filt_var(int)::zb2>
    1892:	90 90 2d 05 	lds	r9, 0x052D	; 0x80052d <filt_var(int)::zb2+0x1>
    1896:	86 0e       	add	r8, r22
    1898:	97 1e       	adc	r9, r23
    189a:	97 fe       	sbrs	r9, 7
    189c:	03 c0       	rjmp	.+6      	; 0x18a4 <sdr_rx_00()+0x8c6>
    189e:	8f e1       	ldi	r24, 0x1F	; 31
    18a0:	88 0e       	add	r8, r24
    18a2:	91 1c       	adc	r9, r1
    18a4:	95 94       	asr	r9
    18a6:	87 94       	ror	r8
    18a8:	95 94       	asr	r9
    18aa:	87 94       	ror	r8
    18ac:	95 94       	asr	r9
    18ae:	87 94       	ror	r8
    18b0:	95 94       	asr	r9
    18b2:	87 94       	ror	r8
    18b4:	95 94       	asr	r9
    18b6:	87 94       	ror	r8
    18b8:	20 91 26 05 	lds	r18, 0x0526	; 0x800526 <filt_var(int)::zc2>
    18bc:	30 91 27 05 	lds	r19, 0x0527	; 0x800527 <filt_var(int)::zc2+0x1>
    18c0:	a2 ec       	ldi	r26, 0xC2	; 194
    18c2:	bf ef       	ldi	r27, 0xFF	; 255
    18c4:	0e 94 ed 39 	call	0x73da	; 0x73da <__mulhisi3>
    18c8:	2b 01       	movw	r4, r22
    18ca:	3c 01       	movw	r6, r24
    18cc:	20 e7       	ldi	r18, 0x70	; 112
    18ce:	30 e0       	ldi	r19, 0x00	; 0
    18d0:	d5 01       	movw	r26, r10
    18d2:	0e 94 04 3a 	call	0x7408	; 0x7408 <__usmulhisi3>
    18d6:	46 0e       	add	r4, r22
    18d8:	57 1e       	adc	r5, r23
    18da:	68 1e       	adc	r6, r24
    18dc:	79 1e       	adc	r7, r25
    18de:	77 fe       	sbrs	r7, 7
    18e0:	05 c0       	rjmp	.+10     	; 0x18ec <sdr_rx_00()+0x90e>
    18e2:	af e3       	ldi	r26, 0x3F	; 63
    18e4:	4a 0e       	add	r4, r26
    18e6:	51 1c       	adc	r5, r1
    18e8:	61 1c       	adc	r6, r1
    18ea:	71 1c       	adc	r7, r1
    18ec:	c3 01       	movw	r24, r6
    18ee:	b2 01       	movw	r22, r4
    18f0:	26 e0       	ldi	r18, 0x06	; 6
    18f2:	95 95       	asr	r25
    18f4:	87 95       	ror	r24
    18f6:	77 95       	ror	r23
    18f8:	67 95       	ror	r22
    18fa:	2a 95       	dec	r18
    18fc:	d1 f7       	brne	.-12     	; 0x18f2 <sdr_rx_00()+0x914>
    18fe:	68 0d       	add	r22, r8
    1900:	79 1d       	adc	r23, r9
    1902:	70 93 25 05 	sts	0x0525, r23	; 0x800525 <filt_var(int)::zc0+0x1>
    1906:	60 93 24 05 	sts	0x0524, r22	; 0x800524 <filt_var(int)::zc0>
/home/jgalera/develop/arduino/usdx/usdx_plus_orange/src/dsp/dsp.cpp:995
        break; // 600Hz+-18Hz
      }
    }
    zc2 = zc1;
    190a:	b0 92 27 05 	sts	0x0527, r11	; 0x800527 <filt_var(int)::zc2+0x1>
    190e:	a0 92 26 05 	sts	0x0526, r10	; 0x800526 <filt_var(int)::zc2>
/home/jgalera/develop/arduino/usdx/usdx_plus_orange/src/dsp/dsp.cpp:996
    zc1 = zc0;
    1912:	70 93 29 05 	sts	0x0529, r23	; 0x800529 <filt_var(int)::zc1+0x1>
    1916:	60 93 28 05 	sts	0x0528, r22	; 0x800528 <filt_var(int)::zc1>
/home/jgalera/develop/arduino/usdx/usdx_plus_orange/src/dsp/dsp.cpp:998

    zb2 = zb1;
    191a:	f0 92 2d 05 	sts	0x052D, r15	; 0x80052d <filt_var(int)::zb2+0x1>
    191e:	e0 92 2c 05 	sts	0x052C, r14	; 0x80052c <filt_var(int)::zb2>
/home/jgalera/develop/arduino/usdx/usdx_plus_orange/src/dsp/dsp.cpp:999
    zb1 = zb0;
    1922:	10 93 2f 05 	sts	0x052F, r17	; 0x80052f <filt_var(int)::zb1+0x1>
    1926:	00 93 2e 05 	sts	0x052E, r16	; 0x80052e <filt_var(int)::zb1>
/home/jgalera/develop/arduino/usdx/usdx_plus_orange/src/dsp/dsp.cpp:1001

    za2 = za1;
    192a:	d0 92 31 05 	sts	0x0531, r13	; 0x800531 <filt_var(int)::za2+0x1>
    192e:	c0 92 30 05 	sts	0x0530, r12	; 0x800530 <filt_var(int)::za2>
/home/jgalera/develop/arduino/usdx/usdx_plus_orange/src/dsp/dsp.cpp:1002
    za1 = za0;
    1932:	f0 93 33 05 	sts	0x0533, r31	; 0x800533 <filt_var(int)::za1+0x1>
    1936:	e0 93 32 05 	sts	0x0532, r30	; 0x800532 <filt_var(int)::za1>
/home/jgalera/develop/arduino/usdx/usdx_plus_orange/src/dsp/dsp.cpp:1005

    // return zc0 / 64; // compensate the 64x front-end gain
    return zc0 / 8; // compensate the front-end gain
    193a:	77 ff       	sbrs	r23, 7
    193c:	02 c0       	rjmp	.+4      	; 0x1942 <sdr_rx_00()+0x964>
    193e:	69 5f       	subi	r22, 0xF9	; 249
    1940:	7f 4f       	sbci	r23, 0xFF	; 255
    1942:	fb 01       	movw	r30, r22
    1944:	f5 95       	asr	r31
    1946:	e7 95       	ror	r30
    1948:	f5 95       	asr	r31
    194a:	e7 95       	ror	r30
    194c:	f5 95       	asr	r31
    194e:	e7 95       	ror	r30
    1950:	68 cd       	rjmp	.-1328   	; 0x1422 <sdr_rx_00()+0x444>
process_agc_fast():
/home/jgalera/develop/arduino/usdx/usdx_plus_orange/src/dsp/dsp.cpp:780
  int16_t out = (gain >= 1024) ? (gain >> 10) * in : in;
  int16_t accum = (1 - abs(out >> 10));
  if ((INT16_MAX - gain) > accum)
    gain = gain + accum;
  if (gain < 1)
    gain = 1;
    1952:	81 e0       	ldi	r24, 0x01	; 1
    1954:	90 e0       	ldi	r25, 0x00	; 0
    1956:	90 93 69 01 	sts	0x0169, r25	; 0x800169 <gain+0x1>
    195a:	80 93 68 01 	sts	0x0168, r24	; 0x800168 <gain>
    195e:	34 ce       	rjmp	.-920    	; 0x15c8 <sdr_rx_00()+0x5ea>
/home/jgalera/develop/arduino/usdx/usdx_plus_orange/src/dsp/dsp.cpp:776
// time is much slower than I like. For weak/medium signals it aims to keep the
// sample value between 1024 and 2048.
static int16_t gain = 1024;
inline int16_t process_agc_fast(int16_t in) {
  int16_t out = (gain >= 1024) ? (gain >> 10) * in : in;
  int16_t accum = (1 - abs(out >> 10));
    1960:	31 95       	neg	r19
    1962:	21 95       	neg	r18
    1964:	31 09       	sbc	r19, r1
    1966:	1a ce       	rjmp	.-972    	; 0x159c <sdr_rx_00()+0x5be>
filt_var():
/home/jgalera/develop/arduino/usdx/usdx_plus_orange/src/dsp/dsp.cpp:973
        break; // 600Hz+-250Hz
      case 5:
        zb0 = (0 * za0 + 1 * za1 + 0 * za2) + (113L * zb1 - 60L * zb2) / 64;
        break; // 600Hz+-100Hz
      case 6:
        zb0 = (0 * za0 + 1 * za1 + 0 * za2) + (110L * zb1 - 62L * zb2) / 64;
    1968:	20 91 2c 05 	lds	r18, 0x052C	; 0x80052c <filt_var(int)::zb2>
    196c:	30 91 2d 05 	lds	r19, 0x052D	; 0x80052d <filt_var(int)::zb2+0x1>
    1970:	a2 ec       	ldi	r26, 0xC2	; 194
    1972:	bf ef       	ldi	r27, 0xFF	; 255
    1974:	53 cf       	rjmp	.-346    	; 0x181c <sdr_rx_00()+0x83e>
/home/jgalera/develop/arduino/usdx/usdx_plus_orange/src/dsp/dsp.cpp:980
      case 7:
        zb0 = (0 * za0 + 1 * za1 + 0 * za2) + (110L * zb1 - 61L * zb2) / 64;
        break; // 600Hz+-18Hz
      }

      switch (filt) {
    1976:	84 30       	cpi	r24, 0x04	; 4
    1978:	09 f0       	breq	.+2      	; 0x197c <sdr_rx_00()+0x99e>
    197a:	74 c1       	rjmp	.+744    	; 0x1c64 <sdr_rx_00()+0xc86>
/home/jgalera/develop/arduino/usdx/usdx_plus_orange/src/dsp/dsp.cpp:982
      case 4:
        zc0 = (zb0 - 2 * zb1 + zb2) / 1 + (95L * zc1 - 52L * zc2) / 64;
    197c:	20 91 26 05 	lds	r18, 0x0526	; 0x800526 <filt_var(int)::zc2>
    1980:	30 91 27 05 	lds	r19, 0x0527	; 0x800527 <filt_var(int)::zc2+0x1>
    1984:	ac ec       	ldi	r26, 0xCC	; 204
    1986:	bf ef       	ldi	r27, 0xFF	; 255
    1988:	0e 94 ed 39 	call	0x73da	; 0x73da <__mulhisi3>
    198c:	2b 01       	movw	r4, r22
    198e:	3c 01       	movw	r6, r24
    1990:	2f e5       	ldi	r18, 0x5F	; 95
    1992:	30 e0       	ldi	r19, 0x00	; 0
    1994:	d5 01       	movw	r26, r10
    1996:	0e 94 04 3a 	call	0x7408	; 0x7408 <__usmulhisi3>
    199a:	46 0e       	add	r4, r22
    199c:	57 1e       	adc	r5, r23
    199e:	68 1e       	adc	r6, r24
    19a0:	79 1e       	adc	r7, r25
    19a2:	77 fe       	sbrs	r7, 7
    19a4:	05 c0       	rjmp	.+10     	; 0x19b0 <sdr_rx_00()+0x9d2>
    19a6:	bf e3       	ldi	r27, 0x3F	; 63
    19a8:	4b 0e       	add	r4, r27
    19aa:	51 1c       	adc	r5, r1
    19ac:	61 1c       	adc	r6, r1
    19ae:	71 1c       	adc	r7, r1
    19b0:	d6 e0       	ldi	r29, 0x06	; 6
    19b2:	75 94       	asr	r7
    19b4:	67 94       	ror	r6
    19b6:	57 94       	ror	r5
    19b8:	47 94       	ror	r4
    19ba:	da 95       	dec	r29
    19bc:	d1 f7       	brne	.-12     	; 0x19b2 <sdr_rx_00()+0x9d4>
    19be:	c7 01       	movw	r24, r14
    19c0:	88 0f       	add	r24, r24
    19c2:	99 1f       	adc	r25, r25
    19c4:	98 01       	movw	r18, r16
    19c6:	28 1b       	sub	r18, r24
    19c8:	39 0b       	sbc	r19, r25
    19ca:	c9 01       	movw	r24, r18
    19cc:	20 91 2c 05 	lds	r18, 0x052C	; 0x80052c <filt_var(int)::zb2>
    19d0:	30 91 2d 05 	lds	r19, 0x052D	; 0x80052d <filt_var(int)::zb2+0x1>
    19d4:	82 0f       	add	r24, r18
    19d6:	93 1f       	adc	r25, r19
    19d8:	bc 01       	movw	r22, r24
    19da:	64 0d       	add	r22, r4
    19dc:	75 1d       	adc	r23, r5
    19de:	91 cf       	rjmp	.-222    	; 0x1902 <sdr_rx_00()+0x924>
/home/jgalera/develop/arduino/usdx/usdx_plus_orange/src/dsp/dsp.cpp:965
      }
    }
    if (cw_tone == 1)
#endif
    {
      switch (filt) {
    19e0:	84 30       	cpi	r24, 0x04	; 4
    19e2:	09 f0       	breq	.+2      	; 0x19e6 <sdr_rx_00()+0xa08>
    19e4:	0a c1       	rjmp	.+532    	; 0x1bfa <sdr_rx_00()+0xc1c>
/home/jgalera/develop/arduino/usdx/usdx_plus_orange/src/dsp/dsp.cpp:967
      case 4:
        zb0 = (0 * za0 + 1 * za1 + 0 * za2) + (114L * zb1 - 57L * zb2) / 64;
    19e6:	20 91 2c 05 	lds	r18, 0x052C	; 0x80052c <filt_var(int)::zb2>
    19ea:	30 91 2d 05 	lds	r19, 0x052D	; 0x80052d <filt_var(int)::zb2+0x1>
    19ee:	a7 ec       	ldi	r26, 0xC7	; 199
    19f0:	bf ef       	ldi	r27, 0xFF	; 255
    19f2:	0e 94 ed 39 	call	0x73da	; 0x73da <__mulhisi3>
    19f6:	4b 01       	movw	r8, r22
    19f8:	5c 01       	movw	r10, r24
    19fa:	22 e7       	ldi	r18, 0x72	; 114
    19fc:	30 e0       	ldi	r19, 0x00	; 0
    19fe:	14 cf       	rjmp	.-472    	; 0x1828 <sdr_rx_00()+0x84a>
/home/jgalera/develop/arduino/usdx/usdx_plus_orange/src/dsp/dsp.cpp:906

    switch (filt) {
    case 1:
      zc0 =
          ((zb0 + 2 * zb1 + zb2) >> 1) -
          ((((zc1 << 4) + (zc1 << 1)) + ((zc2 << 3) + (zc2 << 1) + zc2)) >> 4);
    1a00:	80 91 26 05 	lds	r24, 0x0526	; 0x800526 <filt_var(int)::zc2>
    1a04:	90 91 27 05 	lds	r25, 0x0527	; 0x800527 <filt_var(int)::zc2+0x1>
/home/jgalera/develop/arduino/usdx/usdx_plus_orange/src/dsp/dsp.cpp:905
    }

    switch (filt) {
    case 1:
      zc0 =
          ((zb0 + 2 * zb1 + zb2) >> 1) -
    1a08:	f7 01       	movw	r30, r14
    1a0a:	ee 0f       	add	r30, r30
    1a0c:	ff 1f       	adc	r31, r31
    1a0e:	ea 0f       	add	r30, r26
    1a10:	fb 1f       	adc	r31, r27
    1a12:	60 91 2c 05 	lds	r22, 0x052C	; 0x80052c <filt_var(int)::zb2>
    1a16:	70 91 2d 05 	lds	r23, 0x052D	; 0x80052d <filt_var(int)::zb2+0x1>
    1a1a:	e6 0f       	add	r30, r22
    1a1c:	f7 1f       	adc	r31, r23
    1a1e:	f5 95       	asr	r31
    1a20:	e7 95       	ror	r30
/home/jgalera/develop/arduino/usdx/usdx_plus_orange/src/dsp/dsp.cpp:906
          ((((zc1 << 4) + (zc1 << 1)) + ((zc2 << 3) + (zc2 << 1) + zc2)) >> 4);
    1a22:	5c 01       	movw	r10, r24
    1a24:	aa 0c       	add	r10, r10
    1a26:	bb 1c       	adc	r11, r11
    1a28:	aa 0c       	add	r10, r10
    1a2a:	bb 1c       	adc	r11, r11
    1a2c:	aa 0c       	add	r10, r10
    1a2e:	bb 1c       	adc	r11, r11
    1a30:	bc 01       	movw	r22, r24
    1a32:	66 0f       	add	r22, r22
    1a34:	77 1f       	adc	r23, r23
    1a36:	6a 0d       	add	r22, r10
    1a38:	7b 1d       	adc	r23, r11
    1a3a:	68 0f       	add	r22, r24
    1a3c:	79 1f       	adc	r23, r25
    1a3e:	58 01       	movw	r10, r16
    1a40:	aa 0c       	add	r10, r10
    1a42:	bb 1c       	adc	r11, r11
    1a44:	c8 01       	movw	r24, r16
    1a46:	82 95       	swap	r24
    1a48:	92 95       	swap	r25
    1a4a:	90 7f       	andi	r25, 0xF0	; 240
    1a4c:	98 27       	eor	r25, r24
    1a4e:	80 7f       	andi	r24, 0xF0	; 240
    1a50:	98 27       	eor	r25, r24
    1a52:	a8 0e       	add	r10, r24
    1a54:	b9 1e       	adc	r11, r25
    1a56:	a6 0e       	add	r10, r22
    1a58:	b7 1e       	adc	r11, r23
/home/jgalera/develop/arduino/usdx/usdx_plus_orange/src/dsp/dsp.cpp:909
      break; // 0-2900Hz filter, second biquad section
    case 2:
      zc0 = ((zb0 + 2 * zb1 + zb2) >> 2) - (((zc1 << 2) + (zc2 << 3)) >> 4);
    1a5a:	b5 94       	asr	r11
    1a5c:	a7 94       	ror	r10
    1a5e:	b5 94       	asr	r11
    1a60:	a7 94       	ror	r10
    1a62:	b5 94       	asr	r11
    1a64:	a7 94       	ror	r10
    1a66:	b5 94       	asr	r11
    1a68:	a7 94       	ror	r10
    1a6a:	ea 19       	sub	r30, r10
    1a6c:	fb 09       	sbc	r31, r11
/home/jgalera/develop/arduino/usdx/usdx_plus_orange/src/dsp/dsp.cpp:912
      break; // 0-2400Hz filter, second biquad section
    case 3:
      zc0 = ((zb0 + 2 * zb1 + zb2) >> 2) - ((zc2 << 2) >> 4);
    1a6e:	f0 93 25 05 	sts	0x0525, r31	; 0x800525 <filt_var(int)::zc0+0x1>
    1a72:	e0 93 24 05 	sts	0x0524, r30	; 0x800524 <filt_var(int)::zc0>
    1a76:	5f ce       	rjmp	.-834    	; 0x1736 <sdr_rx_00()+0x758>
    1a78:	f7 01       	movw	r30, r14
    1a7a:	ee 0f       	add	r30, r30
    1a7c:	ff 1f       	adc	r31, r31
    1a7e:	ea 0f       	add	r30, r26
    1a80:	fb 1f       	adc	r31, r27
    1a82:	80 91 2c 05 	lds	r24, 0x052C	; 0x80052c <filt_var(int)::zb2>
    1a86:	90 91 2d 05 	lds	r25, 0x052D	; 0x80052d <filt_var(int)::zb2+0x1>
    1a8a:	e8 0f       	add	r30, r24
    1a8c:	f9 1f       	adc	r31, r25
    1a8e:	f5 95       	asr	r31
    1a90:	e7 95       	ror	r30
    1a92:	f5 95       	asr	r31
    1a94:	e7 95       	ror	r30
    1a96:	80 91 26 05 	lds	r24, 0x0526	; 0x800526 <filt_var(int)::zc2>
    1a9a:	90 91 27 05 	lds	r25, 0x0527	; 0x800527 <filt_var(int)::zc2+0x1>
    1a9e:	88 0f       	add	r24, r24
    1aa0:	99 1f       	adc	r25, r25
    1aa2:	88 0f       	add	r24, r24
    1aa4:	99 1f       	adc	r25, r25
    1aa6:	95 95       	asr	r25
    1aa8:	87 95       	ror	r24
    1aaa:	95 95       	asr	r25
    1aac:	87 95       	ror	r24
    1aae:	95 95       	asr	r25
    1ab0:	87 95       	ror	r24
    1ab2:	95 95       	asr	r25
    1ab4:	87 95       	ror	r24
    1ab6:	e8 1b       	sub	r30, r24
    1ab8:	f9 0b       	sbc	r31, r25
    1aba:	d9 cf       	rjmp	.-78     	; 0x1a6e <sdr_rx_00()+0xa90>
/home/jgalera/develop/arduino/usdx/usdx_plus_orange/src/dsp/dsp.cpp:909
      zc0 =
          ((zb0 + 2 * zb1 + zb2) >> 1) -
          ((((zc1 << 4) + (zc1 << 1)) + ((zc2 << 3) + (zc2 << 1) + zc2)) >> 4);
      break; // 0-2900Hz filter, second biquad section
    case 2:
      zc0 = ((zb0 + 2 * zb1 + zb2) >> 2) - (((zc1 << 2) + (zc2 << 3)) >> 4);
    1abc:	f7 01       	movw	r30, r14
    1abe:	ee 0f       	add	r30, r30
    1ac0:	ff 1f       	adc	r31, r31
    1ac2:	ea 0f       	add	r30, r26
    1ac4:	fb 1f       	adc	r31, r27
    1ac6:	80 91 2c 05 	lds	r24, 0x052C	; 0x80052c <filt_var(int)::zb2>
    1aca:	90 91 2d 05 	lds	r25, 0x052D	; 0x80052d <filt_var(int)::zb2+0x1>
    1ace:	e8 0f       	add	r30, r24
    1ad0:	f9 1f       	adc	r31, r25
    1ad2:	f5 95       	asr	r31
    1ad4:	e7 95       	ror	r30
    1ad6:	f5 95       	asr	r31
    1ad8:	e7 95       	ror	r30
    1ada:	a0 90 26 05 	lds	r10, 0x0526	; 0x800526 <filt_var(int)::zc2>
    1ade:	b0 90 27 05 	lds	r11, 0x0527	; 0x800527 <filt_var(int)::zc2+0x1>
    1ae2:	aa 0c       	add	r10, r10
    1ae4:	bb 1c       	adc	r11, r11
    1ae6:	aa 0c       	add	r10, r10
    1ae8:	bb 1c       	adc	r11, r11
    1aea:	aa 0c       	add	r10, r10
    1aec:	bb 1c       	adc	r11, r11
    1aee:	c8 01       	movw	r24, r16
    1af0:	88 0f       	add	r24, r24
    1af2:	99 1f       	adc	r25, r25
    1af4:	88 0f       	add	r24, r24
    1af6:	99 1f       	adc	r25, r25
    1af8:	a8 0e       	add	r10, r24
    1afa:	b9 1e       	adc	r11, r25
    1afc:	ae cf       	rjmp	.-164    	; 0x1a5a <sdr_rx_00()+0xa7c>
/home/jgalera/develop/arduino/usdx/usdx_plus_orange/src/dsp/dsp.cpp:891
          5; // 300-Hz

    switch (filt) {
    case 1:
      zb0 = ((za0 + 2 * za1 + za2) >> 1) - ((((zb1 << 3) + (zb1 << 2) + zb1) +
                                             ((zb2 << 3) + (zb2 << 1) + zb2)) >>
    1afe:	e0 91 2c 05 	lds	r30, 0x052C	; 0x80052c <filt_var(int)::zb2>
    1b02:	f0 91 2d 05 	lds	r31, 0x052D	; 0x80052d <filt_var(int)::zb2+0x1>
/home/jgalera/develop/arduino/usdx/usdx_plus_orange/src/dsp/dsp.cpp:890
           (((zz1) << 4) + ((zz1) << 3) + zz1)) >>
          5; // 300-Hz

    switch (filt) {
    case 1:
      zb0 = ((za0 + 2 * za1 + za2) >> 1) - ((((zb1 << 3) + (zb1 << 2) + zb1) +
    1b06:	d6 01       	movw	r26, r12
    1b08:	aa 0f       	add	r26, r26
    1b0a:	bb 1f       	adc	r27, r27
    1b0c:	a2 0f       	add	r26, r18
    1b0e:	b3 1f       	adc	r27, r19
    1b10:	80 91 30 05 	lds	r24, 0x0530	; 0x800530 <filt_var(int)::za2>
    1b14:	90 91 31 05 	lds	r25, 0x0531	; 0x800531 <filt_var(int)::za2+0x1>
    1b18:	a8 0f       	add	r26, r24
    1b1a:	b9 1f       	adc	r27, r25
    1b1c:	b5 95       	asr	r27
    1b1e:	a7 95       	ror	r26
    1b20:	b7 01       	movw	r22, r14
    1b22:	66 0f       	add	r22, r22
    1b24:	77 1f       	adc	r23, r23
    1b26:	66 0f       	add	r22, r22
    1b28:	77 1f       	adc	r23, r23
    1b2a:	c7 01       	movw	r24, r14
    1b2c:	88 0f       	add	r24, r24
    1b2e:	99 1f       	adc	r25, r25
    1b30:	88 0f       	add	r24, r24
    1b32:	99 1f       	adc	r25, r25
    1b34:	88 0f       	add	r24, r24
    1b36:	99 1f       	adc	r25, r25
    1b38:	86 0f       	add	r24, r22
    1b3a:	97 1f       	adc	r25, r23
    1b3c:	8e 0d       	add	r24, r14
    1b3e:	9f 1d       	adc	r25, r15
/home/jgalera/develop/arduino/usdx/usdx_plus_orange/src/dsp/dsp.cpp:891
                                             ((zb2 << 3) + (zb2 << 1) + zb2)) >>
    1b40:	bf 01       	movw	r22, r30
    1b42:	66 0f       	add	r22, r22
    1b44:	77 1f       	adc	r23, r23
    1b46:	66 0f       	add	r22, r22
    1b48:	77 1f       	adc	r23, r23
    1b4a:	66 0f       	add	r22, r22
    1b4c:	77 1f       	adc	r23, r23
    1b4e:	8f 01       	movw	r16, r30
    1b50:	00 0f       	add	r16, r16
    1b52:	11 1f       	adc	r17, r17
    1b54:	60 0f       	add	r22, r16
    1b56:	71 1f       	adc	r23, r17
    1b58:	6e 0f       	add	r22, r30
    1b5a:	7f 1f       	adc	r23, r31
/home/jgalera/develop/arduino/usdx/usdx_plus_orange/src/dsp/dsp.cpp:895
                                            4);
      break; // 0-2900Hz filter, first biquad section
    case 2:
      zb0 = ((za0 + 2 * za1 + za2) >> 1) - (((zb1 << 1) + (zb2 << 3)) >> 4);
    1b5c:	86 0f       	add	r24, r22
    1b5e:	97 1f       	adc	r25, r23
/home/jgalera/develop/arduino/usdx/usdx_plus_orange/src/dsp/dsp.cpp:898
      break; // 0-2400Hz filter, first biquad section
    case 3:
      zb0 = ((za0 + 2 * za1 + za2) >> 1) - ((zb2 << 2) >> 4);
    1b60:	95 95       	asr	r25
    1b62:	87 95       	ror	r24
    1b64:	95 95       	asr	r25
    1b66:	87 95       	ror	r24
    1b68:	95 95       	asr	r25
    1b6a:	87 95       	ror	r24
    1b6c:	95 95       	asr	r25
    1b6e:	87 95       	ror	r24
    1b70:	a8 1b       	sub	r26, r24
    1b72:	b9 0b       	sbc	r27, r25
    1b74:	b0 93 2b 05 	sts	0x052B, r27	; 0x80052b <filt_var(int)::zb0+0x1>
    1b78:	a0 93 2a 05 	sts	0x052A, r26	; 0x80052a <filt_var(int)::zb0>
    1b7c:	c9 cd       	rjmp	.-1134   	; 0x1710 <sdr_rx_00()+0x732>
    1b7e:	d6 01       	movw	r26, r12
    1b80:	aa 0f       	add	r26, r26
    1b82:	bb 1f       	adc	r27, r27
    1b84:	a2 0f       	add	r26, r18
    1b86:	b3 1f       	adc	r27, r19
    1b88:	80 91 30 05 	lds	r24, 0x0530	; 0x800530 <filt_var(int)::za2>
    1b8c:	90 91 31 05 	lds	r25, 0x0531	; 0x800531 <filt_var(int)::za2+0x1>
    1b90:	a8 0f       	add	r26, r24
    1b92:	b9 1f       	adc	r27, r25
    1b94:	b5 95       	asr	r27
    1b96:	a7 95       	ror	r26
    1b98:	80 91 2c 05 	lds	r24, 0x052C	; 0x80052c <filt_var(int)::zb2>
    1b9c:	90 91 2d 05 	lds	r25, 0x052D	; 0x80052d <filt_var(int)::zb2+0x1>
    1ba0:	88 0f       	add	r24, r24
    1ba2:	99 1f       	adc	r25, r25
    1ba4:	88 0f       	add	r24, r24
    1ba6:	99 1f       	adc	r25, r25
    1ba8:	db cf       	rjmp	.-74     	; 0x1b60 <sdr_rx_00()+0xb82>
/home/jgalera/develop/arduino/usdx/usdx_plus_orange/src/dsp/dsp.cpp:895
      zb0 = ((za0 + 2 * za1 + za2) >> 1) - ((((zb1 << 3) + (zb1 << 2) + zb1) +
                                             ((zb2 << 3) + (zb2 << 1) + zb2)) >>
                                            4);
      break; // 0-2900Hz filter, first biquad section
    case 2:
      zb0 = ((za0 + 2 * za1 + za2) >> 1) - (((zb1 << 1) + (zb2 << 3)) >> 4);
    1baa:	d6 01       	movw	r26, r12
    1bac:	aa 0f       	add	r26, r26
    1bae:	bb 1f       	adc	r27, r27
    1bb0:	a2 0f       	add	r26, r18
    1bb2:	b3 1f       	adc	r27, r19
    1bb4:	80 91 30 05 	lds	r24, 0x0530	; 0x800530 <filt_var(int)::za2>
    1bb8:	90 91 31 05 	lds	r25, 0x0531	; 0x800531 <filt_var(int)::za2+0x1>
    1bbc:	a8 0f       	add	r26, r24
    1bbe:	b9 1f       	adc	r27, r25
    1bc0:	b5 95       	asr	r27
    1bc2:	a7 95       	ror	r26
    1bc4:	80 91 2c 05 	lds	r24, 0x052C	; 0x80052c <filt_var(int)::zb2>
    1bc8:	90 91 2d 05 	lds	r25, 0x052D	; 0x80052d <filt_var(int)::zb2+0x1>
    1bcc:	88 0f       	add	r24, r24
    1bce:	99 1f       	adc	r25, r25
    1bd0:	88 0f       	add	r24, r24
    1bd2:	99 1f       	adc	r25, r25
    1bd4:	88 0f       	add	r24, r24
    1bd6:	99 1f       	adc	r25, r25
    1bd8:	b7 01       	movw	r22, r14
    1bda:	66 0f       	add	r22, r22
    1bdc:	77 1f       	adc	r23, r23
    1bde:	be cf       	rjmp	.-132    	; 0x1b5c <sdr_rx_00()+0xb7e>
/home/jgalera/develop/arduino/usdx/usdx_plus_orange/src/dsp/dsp.cpp:970
      switch (filt) {
      case 4:
        zb0 = (0 * za0 + 1 * za1 + 0 * za2) + (114L * zb1 - 57L * zb2) / 64;
        break; // 600Hz+-250Hz
      case 5:
        zb0 = (0 * za0 + 1 * za1 + 0 * za2) + (113L * zb1 - 60L * zb2) / 64;
    1be0:	20 91 2c 05 	lds	r18, 0x052C	; 0x80052c <filt_var(int)::zb2>
    1be4:	30 91 2d 05 	lds	r19, 0x052D	; 0x80052d <filt_var(int)::zb2+0x1>
    1be8:	a4 ec       	ldi	r26, 0xC4	; 196
    1bea:	bf ef       	ldi	r27, 0xFF	; 255
    1bec:	0e 94 ed 39 	call	0x73da	; 0x73da <__mulhisi3>
    1bf0:	4b 01       	movw	r8, r22
    1bf2:	5c 01       	movw	r10, r24
    1bf4:	21 e7       	ldi	r18, 0x71	; 113
    1bf6:	30 e0       	ldi	r19, 0x00	; 0
    1bf8:	17 ce       	rjmp	.-978    	; 0x1828 <sdr_rx_00()+0x84a>
    1bfa:	00 91 2a 05 	lds	r16, 0x052A	; 0x80052a <filt_var(int)::zb0>
    1bfe:	10 91 2b 05 	lds	r17, 0x052B	; 0x80052b <filt_var(int)::zb0+0x1>
    1c02:	2e ce       	rjmp	.-932    	; 0x1860 <sdr_rx_00()+0x882>
/home/jgalera/develop/arduino/usdx/usdx_plus_orange/src/dsp/dsp.cpp:985
      switch (filt) {
      case 4:
        zc0 = (zb0 - 2 * zb1 + zb2) / 1 + (95L * zc1 - 52L * zc2) / 64;
        break; // 600Hz+-250Hz
      case 5:
        zc0 = (zb0 - 2 * zb1 + zb2) / 4 + (106L * zc1 - 59L * zc2) / 64;
    1c04:	c7 01       	movw	r24, r14
    1c06:	88 0f       	add	r24, r24
    1c08:	99 1f       	adc	r25, r25
    1c0a:	b8 01       	movw	r22, r16
    1c0c:	68 1b       	sub	r22, r24
    1c0e:	79 0b       	sbc	r23, r25
    1c10:	80 90 2c 05 	lds	r8, 0x052C	; 0x80052c <filt_var(int)::zb2>
    1c14:	90 90 2d 05 	lds	r9, 0x052D	; 0x80052d <filt_var(int)::zb2+0x1>
    1c18:	86 0e       	add	r8, r22
    1c1a:	97 1e       	adc	r9, r23
    1c1c:	97 fe       	sbrs	r9, 7
    1c1e:	03 c0       	rjmp	.+6      	; 0x1c26 <sdr_rx_00()+0xc48>
    1c20:	33 e0       	ldi	r19, 0x03	; 3
    1c22:	83 0e       	add	r8, r19
    1c24:	91 1c       	adc	r9, r1
    1c26:	95 94       	asr	r9
    1c28:	87 94       	ror	r8
    1c2a:	95 94       	asr	r9
    1c2c:	87 94       	ror	r8
    1c2e:	20 91 26 05 	lds	r18, 0x0526	; 0x800526 <filt_var(int)::zc2>
    1c32:	30 91 27 05 	lds	r19, 0x0527	; 0x800527 <filt_var(int)::zc2+0x1>
    1c36:	a5 ec       	ldi	r26, 0xC5	; 197
    1c38:	bf ef       	ldi	r27, 0xFF	; 255
    1c3a:	0e 94 ed 39 	call	0x73da	; 0x73da <__mulhisi3>
    1c3e:	2b 01       	movw	r4, r22
    1c40:	3c 01       	movw	r6, r24
    1c42:	2a e6       	ldi	r18, 0x6A	; 106
    1c44:	30 e0       	ldi	r19, 0x00	; 0
    1c46:	d5 01       	movw	r26, r10
    1c48:	0e 94 04 3a 	call	0x7408	; 0x7408 <__usmulhisi3>
    1c4c:	46 0e       	add	r4, r22
    1c4e:	57 1e       	adc	r5, r23
    1c50:	68 1e       	adc	r6, r24
    1c52:	79 1e       	adc	r7, r25
    1c54:	77 fe       	sbrs	r7, 7
    1c56:	4a ce       	rjmp	.-876    	; 0x18ec <sdr_rx_00()+0x90e>
    1c58:	5f e3       	ldi	r21, 0x3F	; 63
    1c5a:	45 0e       	add	r4, r21
    1c5c:	51 1c       	adc	r5, r1
    1c5e:	61 1c       	adc	r6, r1
    1c60:	71 1c       	adc	r7, r1
    1c62:	44 ce       	rjmp	.-888    	; 0x18ec <sdr_rx_00()+0x90e>
    1c64:	60 91 24 05 	lds	r22, 0x0524	; 0x800524 <filt_var(int)::zc0>
    1c68:	70 91 25 05 	lds	r23, 0x0525	; 0x800525 <filt_var(int)::zc0+0x1>
    1c6c:	4e ce       	rjmp	.-868    	; 0x190a <sdr_rx_00()+0x92c>
/home/jgalera/develop/arduino/usdx/usdx_plus_orange/src/dsp/dsp.cpp:988
        break; // 600Hz+-100Hz
      case 6:
        zc0 = (zb0 - 2 * zb1 + zb2) / 16 + (113L * zc1 - 62L * zc2) / 64;
    1c6e:	c7 01       	movw	r24, r14
    1c70:	88 0f       	add	r24, r24
    1c72:	99 1f       	adc	r25, r25
    1c74:	b8 01       	movw	r22, r16
    1c76:	68 1b       	sub	r22, r24
    1c78:	79 0b       	sbc	r23, r25
    1c7a:	80 90 2c 05 	lds	r8, 0x052C	; 0x80052c <filt_var(int)::zb2>
    1c7e:	90 90 2d 05 	lds	r9, 0x052D	; 0x80052d <filt_var(int)::zb2+0x1>
    1c82:	86 0e       	add	r8, r22
    1c84:	97 1e       	adc	r9, r23
    1c86:	97 fe       	sbrs	r9, 7
    1c88:	03 c0       	rjmp	.+6      	; 0x1c90 <sdr_rx_00()+0xcb2>
    1c8a:	6f e0       	ldi	r22, 0x0F	; 15
    1c8c:	86 0e       	add	r8, r22
    1c8e:	91 1c       	adc	r9, r1
    1c90:	95 94       	asr	r9
    1c92:	87 94       	ror	r8
    1c94:	95 94       	asr	r9
    1c96:	87 94       	ror	r8
    1c98:	95 94       	asr	r9
    1c9a:	87 94       	ror	r8
    1c9c:	95 94       	asr	r9
    1c9e:	87 94       	ror	r8
    1ca0:	20 91 26 05 	lds	r18, 0x0526	; 0x800526 <filt_var(int)::zc2>
    1ca4:	30 91 27 05 	lds	r19, 0x0527	; 0x800527 <filt_var(int)::zc2+0x1>
    1ca8:	a2 ec       	ldi	r26, 0xC2	; 194
    1caa:	bf ef       	ldi	r27, 0xFF	; 255
    1cac:	0e 94 ed 39 	call	0x73da	; 0x73da <__mulhisi3>
    1cb0:	2b 01       	movw	r4, r22
    1cb2:	3c 01       	movw	r6, r24
    1cb4:	21 e7       	ldi	r18, 0x71	; 113
    1cb6:	30 e0       	ldi	r19, 0x00	; 0
    1cb8:	d5 01       	movw	r26, r10
    1cba:	0e 94 04 3a 	call	0x7408	; 0x7408 <__usmulhisi3>
    1cbe:	46 0e       	add	r4, r22
    1cc0:	57 1e       	adc	r5, r23
    1cc2:	68 1e       	adc	r6, r24
    1cc4:	79 1e       	adc	r7, r25
    1cc6:	77 fe       	sbrs	r7, 7
    1cc8:	11 ce       	rjmp	.-990    	; 0x18ec <sdr_rx_00()+0x90e>
    1cca:	7f e3       	ldi	r23, 0x3F	; 63
    1ccc:	47 0e       	add	r4, r23
    1cce:	51 1c       	adc	r5, r1
    1cd0:	61 1c       	adc	r6, r1
    1cd2:	71 1c       	adc	r7, r1
    1cd4:	0b ce       	rjmp	.-1002   	; 0x18ec <sdr_rx_00()+0x90e>

00001cd6 <delayWithKeySense(unsigned long)>:
_Z17delayWithKeySensem():
/home/jgalera/develop/arduino/usdx/usdx_plus_orange/src/dsp/dsp.cpp:436
                           "*****;!*)*****,****:****";

#ifdef CW_MESSAGE
#define MENU_STR 1

uint8_t delayWithKeySense(uint32_t ms) {
    1cd6:	cf 92       	push	r12
    1cd8:	df 92       	push	r13
    1cda:	ef 92       	push	r14
    1cdc:	ff 92       	push	r15
    1cde:	6b 01       	movw	r12, r22
    1ce0:	7c 01       	movw	r14, r24
/home/jgalera/develop/arduino/usdx/usdx_plus_orange/src/dsp/dsp.cpp:437
  uint32_t event = millis() + ms;
    1ce2:	0e 94 f9 03 	call	0x7f2	; 0x7f2 <millis>
    1ce6:	c6 0e       	add	r12, r22
    1ce8:	d7 1e       	adc	r13, r23
    1cea:	e8 1e       	adc	r14, r24
    1cec:	f9 1e       	adc	r15, r25
/home/jgalera/develop/arduino/usdx/usdx_plus_orange/src/dsp/dsp.cpp:438
  for (; millis() < event;) {
    1cee:	0e 94 f9 03 	call	0x7f2	; 0x7f2 <millis>
    1cf2:	6c 15       	cp	r22, r12
    1cf4:	7d 05       	cpc	r23, r13
    1cf6:	8e 05       	cpc	r24, r14
    1cf8:	9f 05       	cpc	r25, r15
    1cfa:	c0 f4       	brcc	.+48     	; 0x1d2c <delayWithKeySense(unsigned long)+0x56>
/home/jgalera/develop/arduino/usdx/usdx_plus_orange/src/dsp/dsp.cpp:439
    wdt_reset();
    1cfc:	a8 95       	wdr
/home/jgalera/develop/arduino/usdx/usdx_plus_orange/src/dsp/dsp.cpp:440
    if (inv ^ digitalRead(BUTTONS) || !digitalRead(DAH) || !digitalRead(DIT)) {
    1cfe:	81 e1       	ldi	r24, 0x11	; 17
    1d00:	0e 94 ee 02 	call	0x5dc	; 0x5dc <digitalRead>
    1d04:	01 97       	sbiw	r24, 0x01	; 1
    1d06:	29 f4       	brne	.+10     	; 0x1d12 <delayWithKeySense(unsigned long)+0x3c>
    1d08:	8c e0       	ldi	r24, 0x0C	; 12
    1d0a:	0e 94 ee 02 	call	0x5dc	; 0x5dc <digitalRead>
    1d0e:	89 2b       	or	r24, r25
    1d10:	39 f4       	brne	.+14     	; 0x1d20 <delayWithKeySense(unsigned long)+0x4a>
/home/jgalera/develop/arduino/usdx/usdx_plus_orange/src/dsp/dsp.cpp:441
      for (; inv ^ digitalRead(BUTTONS);)
    1d12:	81 e1       	ldi	r24, 0x11	; 17
    1d14:	0e 94 ee 02 	call	0x5dc	; 0x5dc <digitalRead>
    1d18:	01 97       	sbiw	r24, 0x01	; 1
    1d1a:	71 f0       	breq	.+28     	; 0x1d38 <delayWithKeySense(unsigned long)+0x62>
/home/jgalera/develop/arduino/usdx/usdx_plus_orange/src/dsp/dsp.cpp:442
        wdt_reset(); // wait until buttons released
    1d1c:	a8 95       	wdr
    1d1e:	f9 cf       	rjmp	.-14     	; 0x1d12 <delayWithKeySense(unsigned long)+0x3c>
/home/jgalera/develop/arduino/usdx/usdx_plus_orange/src/dsp/dsp.cpp:440

uint8_t delayWithKeySense(uint32_t ms) {
  uint32_t event = millis() + ms;
  for (; millis() < event;) {
    wdt_reset();
    if (inv ^ digitalRead(BUTTONS) || !digitalRead(DAH) || !digitalRead(DIT)) {
    1d20:	8d e0       	ldi	r24, 0x0D	; 13
    1d22:	0e 94 ee 02 	call	0x5dc	; 0x5dc <digitalRead>
    1d26:	89 2b       	or	r24, r25
    1d28:	11 f7       	brne	.-60     	; 0x1cee <delayWithKeySense(unsigned long)+0x18>
    1d2a:	f3 cf       	rjmp	.-26     	; 0x1d12 <delayWithKeySense(unsigned long)+0x3c>
/home/jgalera/develop/arduino/usdx/usdx_plus_orange/src/dsp/dsp.cpp:446
      for (; inv ^ digitalRead(BUTTONS);)
        wdt_reset(); // wait until buttons released
      return 1;      // stop when button/key pressed
    }
  }
  return 0;
    1d2c:	80 e0       	ldi	r24, 0x00	; 0
/home/jgalera/develop/arduino/usdx/usdx_plus_orange/src/dsp/dsp.cpp:447
}
    1d2e:	ff 90       	pop	r15
    1d30:	ef 90       	pop	r14
    1d32:	df 90       	pop	r13
    1d34:	cf 90       	pop	r12
    1d36:	08 95       	ret
/home/jgalera/develop/arduino/usdx/usdx_plus_orange/src/dsp/dsp.cpp:441
uint8_t delayWithKeySense(uint32_t ms) {
  uint32_t event = millis() + ms;
  for (; millis() < event;) {
    wdt_reset();
    if (inv ^ digitalRead(BUTTONS) || !digitalRead(DAH) || !digitalRead(DIT)) {
      for (; inv ^ digitalRead(BUTTONS);)
    1d38:	81 e0       	ldi	r24, 0x01	; 1
    1d3a:	f9 cf       	rjmp	.-14     	; 0x1d2e <delayWithKeySense(unsigned long)+0x58>

00001d3c <dsp_tx_fm()>:
_Z9dsp_tx_fmv():
/home/jgalera/develop/arduino/usdx/usdx_plus_orange/src/dsp/dsp.cpp:397
  in = max(0, min(255, (in + AM_BASE)));
  amp = in; // lut[in];
}

void dsp_tx_fm() {       // jitter dependent things first
  ADCSRA |= (1 << ADSC); // start next ADC conversion (trigger ADC interrupt if
    1d3c:	ea e7       	ldi	r30, 0x7A	; 122
    1d3e:	f0 e0       	ldi	r31, 0x00	; 0
    1d40:	80 81       	ld	r24, Z
    1d42:	80 64       	ori	r24, 0x40	; 64
    1d44:	80 83       	st	Z, r24
/home/jgalera/develop/arduino/usdx/usdx_plus_orange/src/dsp/dsp.cpp:399
                         // ADIE flag is set)
  OCR1BL = lut[255]; // submit amplitude to PWM register (actually this is done
    1d46:	80 91 10 05 	lds	r24, 0x0510	; 0x800510 <lut+0xff>
    1d4a:	80 93 8a 00 	sts	0x008A, r24	; 0x80008a <__DATA_REGION_ORIGIN__+0x2a>
/home/jgalera/develop/arduino/usdx/usdx_plus_orange/src/dsp/dsp.cpp:402
                     // in advance (about 140us) of phase-change, so that
                     // phase-delays in key-shaping circuit filter can settle)
  si5351.SendPLLRegisterBulk(); // submit frequency registers to SI5351 over
    1d4e:	0e 94 22 05 	call	0xa44	; 0xa44 <SI5351::SendPLLRegisterBulk() [clone .constprop.28]>
/home/jgalera/develop/arduino/usdx/usdx_plus_orange/src/dsp/dsp.cpp:406
                                // 731kbit/s I2C (transfer takes 64/731 = 88us,
                                // then PLL-loopfilter probably needs 50us to
                                // stabalize)
  int16_t adc = ADC - 512; // current ADC sample 10-bits analog input, NOTE:
    1d52:	80 91 78 00 	lds	r24, 0x0078	; 0x800078 <__DATA_REGION_ORIGIN__+0x18>
    1d56:	90 91 79 00 	lds	r25, 0x0079	; 0x800079 <__DATA_REGION_ORIGIN__+0x19>
/home/jgalera/develop/arduino/usdx/usdx_plus_orange/src/dsp/dsp.cpp:409
                           // first ADCL, then ADCH
  int16_t in = (adc >> MIC_ATTEN);
  in = in << (drive);
    1d5a:	20 91 6b 01 	lds	r18, 0x016B	; 0x80016b <drive>
/home/jgalera/develop/arduino/usdx/usdx_plus_orange/src/dsp/dsp.cpp:406
                     // phase-delays in key-shaping circuit filter can settle)
  si5351.SendPLLRegisterBulk(); // submit frequency registers to SI5351 over
                                // 731kbit/s I2C (transfer takes 64/731 = 88us,
                                // then PLL-loopfilter probably needs 50us to
                                // stabalize)
  int16_t adc = ADC - 512; // current ADC sample 10-bits analog input, NOTE:
    1d5e:	92 50       	subi	r25, 0x02	; 2
/home/jgalera/develop/arduino/usdx/usdx_plus_orange/src/dsp/dsp.cpp:411
                           // first ADCL, then ADCH
  int16_t in = (adc >> MIC_ATTEN);
  in = in << (drive);
  int16_t df = in;
  si5351.freq_calc_fast(df); // calculate SI5351 registers based on frequency
    1d60:	02 c0       	rjmp	.+4      	; 0x1d66 <dsp_tx_fm()+0x2a>
    1d62:	88 0f       	add	r24, r24
    1d64:	99 1f       	adc	r25, r25
    1d66:	2a 95       	dec	r18
    1d68:	e2 f7       	brpl	.-8      	; 0x1d62 <dsp_tx_fm()+0x26>
    1d6a:	0c 94 2e 02 	jmp	0x45c	; 0x45c <SI5351::freq_calc_fast(int) [clone .constprop.29]>

00001d6e <dsp_tx_am()>:
_Z9dsp_tx_amv():
/home/jgalera/develop/arduino/usdx/usdx_plus_orange/src/dsp/dsp.cpp:381

  process_minsky();
  OCR1AL = (p_sin >> (8 + (16 - volume))) + 128;
}

void dsp_tx_am() {       // jitter dependent things first
    1d6e:	cf 93       	push	r28
    1d70:	df 93       	push	r29
    1d72:	00 d0       	rcall	.+0      	; 0x1d74 <dsp_tx_am()+0x6>
    1d74:	00 d0       	rcall	.+0      	; 0x1d76 <dsp_tx_am()+0x8>
    1d76:	00 d0       	rcall	.+0      	; 0x1d78 <dsp_tx_am()+0xa>
    1d78:	cd b7       	in	r28, 0x3d	; 61
    1d7a:	de b7       	in	r29, 0x3e	; 62
/home/jgalera/develop/arduino/usdx/usdx_plus_orange/src/dsp/dsp.cpp:382
  ADCSRA |= (1 << ADSC); // start next ADC conversion (trigger ADC interrupt if
    1d7c:	80 91 7a 00 	lds	r24, 0x007A	; 0x80007a <__DATA_REGION_ORIGIN__+0x1a>
    1d80:	80 64       	ori	r24, 0x40	; 64
    1d82:	80 93 7a 00 	sts	0x007A, r24	; 0x80007a <__DATA_REGION_ORIGIN__+0x1a>
/home/jgalera/develop/arduino/usdx/usdx_plus_orange/src/dsp/dsp.cpp:384
                         // ADIE flag is set)
  OCR1BL = amp; // submit amplitude to PWM register (actually this is done in
    1d86:	80 91 10 04 	lds	r24, 0x0410	; 0x800410 <amp>
    1d8a:	80 93 8a 00 	sts	0x008A, r24	; 0x80008a <__DATA_REGION_ORIGIN__+0x2a>
/home/jgalera/develop/arduino/usdx/usdx_plus_orange/src/dsp/dsp.cpp:387
                // advance (about 140us) of phase-change, so that phase-delays
                // in key-shaping circuit filter can settle)
  int16_t adc = ADC - 512; // current ADC sample 10-bits analog input, NOTE:
    1d8e:	80 91 78 00 	lds	r24, 0x0078	; 0x800078 <__DATA_REGION_ORIGIN__+0x18>
    1d92:	90 91 79 00 	lds	r25, 0x0079	; 0x800079 <__DATA_REGION_ORIGIN__+0x19>
/home/jgalera/develop/arduino/usdx/usdx_plus_orange/src/dsp/dsp.cpp:390
                           // first ADCL, then ADCH
  int16_t in = (adc >> MIC_ATTEN);
  in = in << (drive - 4);
    1d96:	20 91 6b 01 	lds	r18, 0x016B	; 0x80016b <drive>
/home/jgalera/develop/arduino/usdx/usdx_plus_orange/src/dsp/dsp.cpp:387
  ADCSRA |= (1 << ADSC); // start next ADC conversion (trigger ADC interrupt if
                         // ADIE flag is set)
  OCR1BL = amp; // submit amplitude to PWM register (actually this is done in
                // advance (about 140us) of phase-change, so that phase-delays
                // in key-shaping circuit filter can settle)
  int16_t adc = ADC - 512; // current ADC sample 10-bits analog input, NOTE:
    1d9a:	92 50       	subi	r25, 0x02	; 2
/home/jgalera/develop/arduino/usdx/usdx_plus_orange/src/dsp/dsp.cpp:390
                           // first ADCL, then ADCH
  int16_t in = (adc >> MIC_ATTEN);
  in = in << (drive - 4);
    1d9c:	24 50       	subi	r18, 0x04	; 4
    1d9e:	33 0b       	sbc	r19, r19
    1da0:	02 c0       	rjmp	.+4      	; 0x1da6 <dsp_tx_am()+0x38>
    1da2:	88 0f       	add	r24, r24
    1da4:	99 1f       	adc	r25, r25
    1da6:	2a 95       	dec	r18
    1da8:	e2 f7       	brpl	.-8      	; 0x1da2 <dsp_tx_am()+0x34>
/home/jgalera/develop/arduino/usdx/usdx_plus_orange/src/dsp/dsp.cpp:392
#define AM_BASE 32
  in = max(0, min(255, (in + AM_BASE)));
    1daa:	80 96       	adiw	r24, 0x20	; 32
    1dac:	9e 83       	std	Y+6, r25	; 0x06
    1dae:	8d 83       	std	Y+5, r24	; 0x05
    1db0:	2f ef       	ldi	r18, 0xFF	; 255
    1db2:	30 e0       	ldi	r19, 0x00	; 0
    1db4:	3c 83       	std	Y+4, r19	; 0x04
    1db6:	2b 83       	std	Y+3, r18	; 0x03
/home/jgalera/.arduino15/packages/MiniCore/hardware/avr/3.1.1/cores/MCUdude_corefiles/Arduino.h:315
		return x > 0 ? x : -x;
	}

	template<class T, class L>
	auto min(const T& a, const L& b) -> decltype((b < a) ? b : a) {
		return (b < a) ? b : a;
    1db8:	fe 01       	movw	r30, r28
_Z3minIiiEDTqultfp0_fp_fp0_fp_ERKT_RKT0_():
    1dba:	8f 3f       	cpi	r24, 0xFF	; 255
    1dbc:	91 05       	cpc	r25, r1
    1dbe:	b4 f0       	brlt	.+44     	; 0x1dec <dsp_tx_am()+0x7e>
_Z9dsp_tx_amv():
    1dc0:	33 96       	adiw	r30, 0x03	; 3
/home/jgalera/develop/arduino/usdx/usdx_plus_orange/src/dsp/dsp.cpp:392
    1dc2:	1a 82       	std	Y+2, r1	; 0x02
    1dc4:	19 82       	std	Y+1, r1	; 0x01
_Z3maxIiiEDTqultfp0_fp_fp0_fp_ERKT_RKT0_():
/home/jgalera/.arduino15/packages/MiniCore/hardware/avr/3.1.1/cores/MCUdude_corefiles/Arduino.h:320
	}

	template<class T, class L>
	auto max(const T& a, const L& b) -> decltype((b < a) ? b : a) {
		return (a < b) ? b : a;
    1dc6:	80 81       	ld	r24, Z
    1dc8:	91 81       	ldd	r25, Z+1	; 0x01
    1dca:	18 16       	cp	r1, r24
    1dcc:	19 06       	cpc	r1, r25
    1dce:	14 f0       	brlt	.+4      	; 0x1dd4 <dsp_tx_am()+0x66>
_Z9dsp_tx_amv():
    1dd0:	fe 01       	movw	r30, r28
    1dd2:	31 96       	adiw	r30, 0x01	; 1
/home/jgalera/develop/arduino/usdx/usdx_plus_orange/src/dsp/dsp.cpp:392
    1dd4:	80 81       	ld	r24, Z
/home/jgalera/develop/arduino/usdx/usdx_plus_orange/src/dsp/dsp.cpp:393
  amp = in; // lut[in];
    1dd6:	80 93 10 04 	sts	0x0410, r24	; 0x800410 <amp>
/home/jgalera/develop/arduino/usdx/usdx_plus_orange/src/dsp/dsp.cpp:394
}
    1dda:	26 96       	adiw	r28, 0x06	; 6
    1ddc:	0f b6       	in	r0, 0x3f	; 63
    1dde:	f8 94       	cli
    1de0:	de bf       	out	0x3e, r29	; 62
    1de2:	0f be       	out	0x3f, r0	; 63
    1de4:	cd bf       	out	0x3d, r28	; 61
    1de6:	df 91       	pop	r29
    1de8:	cf 91       	pop	r28
    1dea:	08 95       	ret
/home/jgalera/.arduino15/packages/MiniCore/hardware/avr/3.1.1/cores/MCUdude_corefiles/Arduino.h:315
		return x > 0 ? x : -x;
	}

	template<class T, class L>
	auto min(const T& a, const L& b) -> decltype((b < a) ? b : a) {
		return (b < a) ? b : a;
    1dec:	35 96       	adiw	r30, 0x05	; 5
    1dee:	e9 cf       	rjmp	.-46     	; 0x1dc2 <dsp_tx_am()+0x54>

00001df0 <dsp_tx_cw()>:
_Z9dsp_tx_cwv():
/home/jgalera/develop/arduino/usdx/usdx_plus_orange/src/dsp/dsp.cpp:366
    56,  46,  37,  28,  21,  15,  9,   5,   2}; // raised-cosine(i) = 255 *
                                                // sq(cos(HALF_PI * i/32))

void dummy() {}

void dsp_tx_cw() { // jitter dependent things first
    1df0:	cf 92       	push	r12
    1df2:	df 92       	push	r13
    1df4:	ef 92       	push	r14
    1df6:	ff 92       	push	r15
    1df8:	cf 93       	push	r28
    1dfa:	df 93       	push	r29
/home/jgalera/develop/arduino/usdx/usdx_plus_orange/src/dsp/dsp.cpp:368
#ifdef KEY_CLICK
  if (OCR1BL < lut[255]) { // check if already ramped up: ramp up of amplitude
    1dfc:	90 91 8a 00 	lds	r25, 0x008A	; 0x80008a <__DATA_REGION_ORIGIN__+0x2a>
    1e00:	80 91 10 05 	lds	r24, 0x0510	; 0x800510 <lut+0xff>
    1e04:	98 17       	cp	r25, r24
    1e06:	98 f4       	brcc	.+38     	; 0x1e2e <dsp_tx_cw()+0x3e>
/home/jgalera/develop/arduino/usdx/usdx_plus_orange/src/dsp/dsp.cpp:369
    for (uint16_t i = 31; i != 0; i--) { // soft rising slope against key-clicks
    1e08:	cf e1       	ldi	r28, 0x1F	; 31
    1e0a:	d0 e0       	ldi	r29, 0x00	; 0
/home/jgalera/develop/arduino/usdx/usdx_plus_orange/src/dsp/dsp.cpp:370
      OCR1BL = lut[pgm_read_byte_near(&ramp[i - 1])];
    1e0c:	21 97       	sbiw	r28, 0x01	; 1
    1e0e:	fe 01       	movw	r30, r28
    1e10:	e2 5c       	subi	r30, 0xC2	; 194
    1e12:	fe 4f       	sbci	r31, 0xFE	; 254
    1e14:	e4 91       	lpm	r30, Z
    1e16:	f0 e0       	ldi	r31, 0x00	; 0
    1e18:	ef 5e       	subi	r30, 0xEF	; 239
    1e1a:	fb 4f       	sbci	r31, 0xFB	; 251
    1e1c:	80 81       	ld	r24, Z
    1e1e:	80 93 8a 00 	sts	0x008A, r24	; 0x80008a <__DATA_REGION_ORIGIN__+0x2a>
/home/jgalera/develop/arduino/usdx/usdx_plus_orange/src/dsp/dsp.cpp:371
      delayMicroseconds(60);
    1e22:	8c e3       	ldi	r24, 0x3C	; 60
    1e24:	90 e0       	ldi	r25, 0x00	; 0
    1e26:	0e 94 99 03 	call	0x732	; 0x732 <delayMicroseconds>
/home/jgalera/develop/arduino/usdx/usdx_plus_orange/src/dsp/dsp.cpp:369
void dummy() {}

void dsp_tx_cw() { // jitter dependent things first
#ifdef KEY_CLICK
  if (OCR1BL < lut[255]) { // check if already ramped up: ramp up of amplitude
    for (uint16_t i = 31; i != 0; i--) { // soft rising slope against key-clicks
    1e2a:	20 97       	sbiw	r28, 0x00	; 0
    1e2c:	79 f7       	brne	.-34     	; 0x1e0c <dsp_tx_cw()+0x1c>
/home/jgalera/develop/arduino/usdx/usdx_plus_orange/src/dsp/dsp.cpp:375
      OCR1BL = lut[pgm_read_byte_near(&ramp[i - 1])];
      delayMicroseconds(60);
    }
  }
#endif // KEY_CLICK
  OCR1BL = lut[255];
    1e2e:	80 91 10 05 	lds	r24, 0x0510	; 0x800510 <lut+0xff>
    1e32:	80 93 8a 00 	sts	0x008A, r24	; 0x80008a <__DATA_REGION_ORIGIN__+0x2a>
process_minsky():
/home/jgalera/develop/arduino/usdx/usdx_plus_orange/src/dsp/dsp.cpp:351
inline void
process_minsky() // Minsky circle sample [source:
                 // https://www.cl.cam.ac.uk/~am21/hakmemc.html, ITEM 149]:
                 // p_sin+=n_cos*2*PI*f/fs; n_cos-=p_sin*2*PI*f/fs;
{
  int16_t alpha = (int32_t)tones[cw_tone] * 51 / F_SAMP_TX;
    1e36:	e0 91 b2 01 	lds	r30, 0x01B2	; 0x8001b2 <cw_tone>
    1e3a:	84 e0       	ldi	r24, 0x04	; 4
    1e3c:	e8 9f       	mul	r30, r24
    1e3e:	f0 01       	movw	r30, r0
    1e40:	11 24       	eor	r1, r1
    1e42:	e4 5b       	subi	r30, 0xB4	; 180
    1e44:	fd 4f       	sbci	r31, 0xFD	; 253
    1e46:	20 81       	ld	r18, Z
    1e48:	31 81       	ldd	r19, Z+1	; 0x01
    1e4a:	42 81       	ldd	r20, Z+2	; 0x02
    1e4c:	53 81       	ldd	r21, Z+3	; 0x03
    1e4e:	a3 e3       	ldi	r26, 0x33	; 51
    1e50:	b0 e0       	ldi	r27, 0x00	; 0
    1e52:	0e 94 0b 3a 	call	0x7416	; 0x7416 <__muluhisi3>
    1e56:	20 ec       	ldi	r18, 0xC0	; 192
    1e58:	32 e1       	ldi	r19, 0x12	; 18
    1e5a:	40 e0       	ldi	r20, 0x00	; 0
    1e5c:	50 e0       	ldi	r21, 0x00	; 0
    1e5e:	0e 94 c8 39 	call	0x7390	; 0x7390 <__divmodsi4>
    1e62:	69 01       	movw	r12, r18
/home/jgalera/develop/arduino/usdx/usdx_plus_orange/src/dsp/dsp.cpp:352
  p_sin += (int32_t)alpha * n_cos >> 8;
    1e64:	a0 91 66 01 	lds	r26, 0x0166	; 0x800166 <n_cos>
    1e68:	b0 91 67 01 	lds	r27, 0x0167	; 0x800167 <n_cos+0x1>
    1e6c:	40 91 0e 04 	lds	r20, 0x040E	; 0x80040e <p_sin>
    1e70:	50 91 0f 04 	lds	r21, 0x040F	; 0x80040f <p_sin+0x1>
    1e74:	96 01       	movw	r18, r12
    1e76:	0e 94 ed 39 	call	0x73da	; 0x73da <__mulhisi3>
    1e7a:	67 2f       	mov	r22, r23
    1e7c:	78 2f       	mov	r23, r24
    1e7e:	89 2f       	mov	r24, r25
    1e80:	99 27       	eor	r25, r25
    1e82:	87 fd       	sbrc	r24, 7
    1e84:	9a 95       	dec	r25
    1e86:	64 0f       	add	r22, r20
    1e88:	75 1f       	adc	r23, r21
    1e8a:	70 93 0f 04 	sts	0x040F, r23	; 0x80040f <p_sin+0x1>
    1e8e:	60 93 0e 04 	sts	0x040E, r22	; 0x80040e <p_sin>
/home/jgalera/develop/arduino/usdx/usdx_plus_orange/src/dsp/dsp.cpp:353
  n_cos -= (int32_t)alpha * p_sin >> 8;
    1e92:	a0 91 0e 04 	lds	r26, 0x040E	; 0x80040e <p_sin>
    1e96:	b0 91 0f 04 	lds	r27, 0x040F	; 0x80040f <p_sin+0x1>
    1e9a:	40 91 66 01 	lds	r20, 0x0166	; 0x800166 <n_cos>
    1e9e:	50 91 67 01 	lds	r21, 0x0167	; 0x800167 <n_cos+0x1>
    1ea2:	0e 94 ed 39 	call	0x73da	; 0x73da <__mulhisi3>
    1ea6:	67 2f       	mov	r22, r23
    1ea8:	78 2f       	mov	r23, r24
    1eaa:	89 2f       	mov	r24, r25
    1eac:	99 27       	eor	r25, r25
    1eae:	87 fd       	sbrc	r24, 7
    1eb0:	9a 95       	dec	r25
    1eb2:	46 1b       	sub	r20, r22
    1eb4:	57 0b       	sbc	r21, r23
    1eb6:	50 93 67 01 	sts	0x0167, r21	; 0x800167 <n_cos+0x1>
    1eba:	40 93 66 01 	sts	0x0166, r20	; 0x800166 <n_cos>
_Z9dsp_tx_cwv():
/home/jgalera/develop/arduino/usdx/usdx_plus_orange/src/dsp/dsp.cpp:378
  }
#endif // KEY_CLICK
  OCR1BL = lut[255];

  process_minsky();
  OCR1AL = (p_sin >> (8 + (16 - volume))) + 128;
    1ebe:	80 91 0e 04 	lds	r24, 0x040E	; 0x80040e <p_sin>
    1ec2:	90 91 0f 04 	lds	r25, 0x040F	; 0x80040f <p_sin+0x1>
    1ec6:	40 91 b3 01 	lds	r20, 0x01B3	; 0x8001b3 <volume>
    1eca:	28 e1       	ldi	r18, 0x18	; 24
    1ecc:	30 e0       	ldi	r19, 0x00	; 0
    1ece:	24 1b       	sub	r18, r20
    1ed0:	31 09       	sbc	r19, r1
    1ed2:	47 fd       	sbrc	r20, 7
    1ed4:	33 95       	inc	r19
    1ed6:	02 c0       	rjmp	.+4      	; 0x1edc <dsp_tx_cw()+0xec>
    1ed8:	95 95       	asr	r25
    1eda:	87 95       	ror	r24
    1edc:	2a 95       	dec	r18
    1ede:	e2 f7       	brpl	.-8      	; 0x1ed8 <dsp_tx_cw()+0xe8>
    1ee0:	80 58       	subi	r24, 0x80	; 128
    1ee2:	80 93 88 00 	sts	0x0088, r24	; 0x800088 <__DATA_REGION_ORIGIN__+0x28>
/home/jgalera/develop/arduino/usdx/usdx_plus_orange/src/dsp/dsp.cpp:379
}
    1ee6:	df 91       	pop	r29
    1ee8:	cf 91       	pop	r28
    1eea:	ff 90       	pop	r15
    1eec:	ef 90       	pop	r14
    1eee:	df 90       	pop	r13
    1ef0:	cf 90       	pop	r12
    1ef2:	08 95       	ret

00001ef4 <dummy()>:
_Z5dummyv():
/home/jgalera/develop/arduino/usdx/usdx_plus_orange/src/dsp/dsp.cpp:364
    255, 254, 252, 249, 245, 239, 233, 226, 217, 208, 198,
    187, 176, 164, 152, 139, 127, 115, 102, 90,  78,  67,
    56,  46,  37,  28,  21,  15,  9,   5,   2}; // raised-cosine(i) = 255 *
                                                // sq(cos(HALF_PI * i/32))

void dummy() {}
    1ef4:	08 95       	ret

00001ef6 <ssb(int)>:
_Z3ssbi():
/home/jgalera/develop/arduino/usdx/usdx_plus_orange/src/dsp/dsp.cpp:141
volatile uint8_t drive = 2; // hmm.. drive>2 impacts cpu load..why?

volatile uint8_t quad = 0;
volatile bool dig_mode = false;

inline int16_t ssb(int16_t in) {
    1ef6:	0f 93       	push	r16
    1ef8:	1f 93       	push	r17
    1efa:	cf 93       	push	r28
    1efc:	df 93       	push	r29
    1efe:	ec ee       	ldi	r30, 0xEC	; 236
    1f00:	f3 e0       	ldi	r31, 0x03	; 3
    1f02:	2a e0       	ldi	r18, 0x0A	; 10
    1f04:	34 e0       	ldi	r19, 0x04	; 4
/home/jgalera/develop/arduino/usdx/usdx_plus_orange/src/dsp/dsp.cpp:148

  int16_t i, q;
  uint8_t j;
  static int16_t v[16];
  for (j = 0; j != 15; j++)
    v[j] = v[j + 1];
    1f06:	42 81       	ldd	r20, Z+2	; 0x02
    1f08:	53 81       	ldd	r21, Z+3	; 0x03
    1f0a:	41 93       	st	Z+, r20
    1f0c:	51 93       	st	Z+, r21
/home/jgalera/develop/arduino/usdx/usdx_plus_orange/src/dsp/dsp.cpp:147
  static int16_t dc, z1;

  int16_t i, q;
  uint8_t j;
  static int16_t v[16];
  for (j = 0; j != 15; j++)
    1f0e:	2e 17       	cp	r18, r30
    1f10:	3f 07       	cpc	r19, r31
    1f12:	c9 f7       	brne	.-14     	; 0x1f06 <ssb(int)+0x10>
/home/jgalera/develop/arduino/usdx/usdx_plus_orange/src/dsp/dsp.cpp:152
    v[j] = v[j + 1];
#ifdef MORE_MIC_GAIN
  // #define DIG_MODE  // optimization for digital modes: for super flat TX
  // spectrum, (only down < 100Hz to cut-off DC components)
  if (dig_mode) {
    1f14:	20 91 c2 05 	lds	r18, 0x05C2	; 0x8005c2 <dig_mode>
    1f18:	e0 91 ea 03 	lds	r30, 0x03EA	; 0x8003ea <ssb(int)::dc>
    1f1c:	f0 91 eb 03 	lds	r31, 0x03EB	; 0x8003eb <ssb(int)::dc+0x1>
    1f20:	22 23       	and	r18, r18
    1f22:	09 f4       	brne	.+2      	; 0x1f26 <ssb(int)+0x30>
    1f24:	50 c1       	rjmp	.+672    	; 0x21c6 <ssb(int)+0x2d0>
/home/jgalera/develop/arduino/usdx/usdx_plus_orange/src/dsp/dsp.cpp:154
    int16_t ac = in;
    dc = (ac + (7) * dc) / (7 + 1); // hpf: slow average
    1f26:	47 e0       	ldi	r20, 0x07	; 7
    1f28:	4e 9f       	mul	r20, r30
    1f2a:	90 01       	movw	r18, r0
    1f2c:	4f 9f       	mul	r20, r31
    1f2e:	30 0d       	add	r19, r0
    1f30:	11 24       	eor	r1, r1
    1f32:	28 0f       	add	r18, r24
    1f34:	39 1f       	adc	r19, r25
    1f36:	37 ff       	sbrs	r19, 7
    1f38:	02 c0       	rjmp	.+4      	; 0x1f3e <ssb(int)+0x48>
    1f3a:	29 5f       	subi	r18, 0xF9	; 249
    1f3c:	3f 4f       	sbci	r19, 0xFF	; 255
    1f3e:	d3 e0       	ldi	r29, 0x03	; 3
    1f40:	35 95       	asr	r19
    1f42:	27 95       	ror	r18
    1f44:	da 95       	dec	r29
    1f46:	e1 f7       	brne	.-8      	; 0x1f40 <ssb(int)+0x4a>
    1f48:	30 93 eb 03 	sts	0x03EB, r19	; 0x8003eb <ssb(int)::dc+0x1>
    1f4c:	20 93 ea 03 	sts	0x03EA, r18	; 0x8003ea <ssb(int)::dc>
/home/jgalera/develop/arduino/usdx/usdx_plus_orange/src/dsp/dsp.cpp:155
    v[15] = (ac - dc) /
    1f50:	82 1b       	sub	r24, r18
    1f52:	93 0b       	sbc	r25, r19
    1f54:	97 fd       	sbrc	r25, 7
    1f56:	01 96       	adiw	r24, 0x01	; 1
    1f58:	95 95       	asr	r25
    1f5a:	87 95       	ror	r24
    1f5c:	90 93 0b 04 	sts	0x040B, r25	; 0x80040b <ssb(int)::v+0x1f>
    1f60:	80 93 0a 04 	sts	0x040A, r24	; 0x80040a <ssb(int)::v+0x1e>
/home/jgalera/develop/arduino/usdx/usdx_plus_orange/src/dsp/dsp.cpp:164
    ac = ac + z1;        // lpf
    z1 = (in - (2) * z1) / (2 + 1); // lpf: notch at Fs/2 (alias rejecting)
    dc = (ac + (2) * dc) / (2 + 1); // hpf: slow average
    v[15] = (ac - dc);              // hpf (dc decoupling)
  }
  i = v[7] *
    1f64:	80 91 fa 03 	lds	r24, 0x03FA	; 0x8003fa <ssb(int)::v+0xe>
    1f68:	90 91 fb 03 	lds	r25, 0x03FB	; 0x8003fb <ssb(int)::v+0xf>
    1f6c:	fc 01       	movw	r30, r24
    1f6e:	ee 0f       	add	r30, r30
    1f70:	ff 1f       	adc	r31, r31
/home/jgalera/develop/arduino/usdx/usdx_plus_orange/src/dsp/dsp.cpp:168
      2; // 6dB gain for i, q  (to prevent quanitization issues in hilbert
         // transformer and phase calculation, corrected for magnitude calc)
  q = ((((v[0] - v[14]) << 1) + ((v[2] - v[12]) << 3) +
        (((v[4] - v[10]) << 4) + ((v[4] - v[10]) << 2) + (v[4] - v[10])) +
    1f72:	a0 91 f4 03 	lds	r26, 0x03F4	; 0x8003f4 <ssb(int)::v+0x8>
    1f76:	b0 91 f5 03 	lds	r27, 0x03F5	; 0x8003f5 <ssb(int)::v+0x9>
    1f7a:	40 91 00 04 	lds	r20, 0x0400	; 0x800400 <ssb(int)::v+0x14>
    1f7e:	50 91 01 04 	lds	r21, 0x0401	; 0x800401 <ssb(int)::v+0x15>
    1f82:	a4 1b       	sub	r26, r20
    1f84:	b5 0b       	sbc	r27, r21
/home/jgalera/develop/arduino/usdx/usdx_plus_orange/src/dsp/dsp.cpp:169
        ((v[6] - v[8]) << 4)) >>
    1f86:	40 91 f8 03 	lds	r20, 0x03F8	; 0x8003f8 <ssb(int)::v+0xc>
    1f8a:	50 91 f9 03 	lds	r21, 0x03F9	; 0x8003f9 <ssb(int)::v+0xd>
    1f8e:	60 91 fc 03 	lds	r22, 0x03FC	; 0x8003fc <ssb(int)::v+0x10>
    1f92:	70 91 fd 03 	lds	r23, 0x03FD	; 0x8003fd <ssb(int)::v+0x11>
    1f96:	46 1b       	sub	r20, r22
    1f98:	57 0b       	sbc	r21, r23
/home/jgalera/develop/arduino/usdx/usdx_plus_orange/src/dsp/dsp.cpp:167
    v[15] = (ac - dc);              // hpf (dc decoupling)
  }
  i = v[7] *
      2; // 6dB gain for i, q  (to prevent quanitization issues in hilbert
         // transformer and phase calculation, corrected for magnitude calc)
  q = ((((v[0] - v[14]) << 1) + ((v[2] - v[12]) << 3) +
    1f9a:	20 91 ec 03 	lds	r18, 0x03EC	; 0x8003ec <ssb(int)::v>
    1f9e:	30 91 ed 03 	lds	r19, 0x03ED	; 0x8003ed <ssb(int)::v+0x1>
    1fa2:	60 91 08 04 	lds	r22, 0x0408	; 0x800408 <ssb(int)::v+0x1c>
    1fa6:	70 91 09 04 	lds	r23, 0x0409	; 0x800409 <ssb(int)::v+0x1d>
    1faa:	26 1b       	sub	r18, r22
    1fac:	37 0b       	sbc	r19, r23
    1fae:	22 0f       	add	r18, r18
    1fb0:	33 1f       	adc	r19, r19
    1fb2:	60 91 f0 03 	lds	r22, 0x03F0	; 0x8003f0 <ssb(int)::v+0x4>
    1fb6:	70 91 f1 03 	lds	r23, 0x03F1	; 0x8003f1 <ssb(int)::v+0x5>
    1fba:	c0 91 04 04 	lds	r28, 0x0404	; 0x800404 <ssb(int)::v+0x18>
    1fbe:	d0 91 05 04 	lds	r29, 0x0405	; 0x800405 <ssb(int)::v+0x19>
    1fc2:	6c 1b       	sub	r22, r28
    1fc4:	7d 0b       	sbc	r23, r29
    1fc6:	13 e0       	ldi	r17, 0x03	; 3
    1fc8:	66 0f       	add	r22, r22
    1fca:	77 1f       	adc	r23, r23
    1fcc:	1a 95       	dec	r17
    1fce:	e1 f7       	brne	.-8      	; 0x1fc8 <ssb(int)+0xd2>
    1fd0:	26 0f       	add	r18, r22
    1fd2:	37 1f       	adc	r19, r23
/home/jgalera/develop/arduino/usdx/usdx_plus_orange/src/dsp/dsp.cpp:168
        (((v[4] - v[10]) << 4) + ((v[4] - v[10]) << 2) + (v[4] - v[10])) +
    1fd4:	bd 01       	movw	r22, r26
    1fd6:	04 e0       	ldi	r16, 0x04	; 4
    1fd8:	66 0f       	add	r22, r22
    1fda:	77 1f       	adc	r23, r23
    1fdc:	0a 95       	dec	r16
    1fde:	e1 f7       	brne	.-8      	; 0x1fd8 <ssb(int)+0xe2>
    1fe0:	ed 01       	movw	r28, r26
    1fe2:	cc 0f       	add	r28, r28
    1fe4:	dd 1f       	adc	r29, r29
    1fe6:	cc 0f       	add	r28, r28
    1fe8:	dd 1f       	adc	r29, r29
    1fea:	6c 0f       	add	r22, r28
    1fec:	7d 1f       	adc	r23, r29
    1fee:	6a 0f       	add	r22, r26
    1ff0:	7b 1f       	adc	r23, r27
/home/jgalera/develop/arduino/usdx/usdx_plus_orange/src/dsp/dsp.cpp:167
    v[15] = (ac - dc);              // hpf (dc decoupling)
  }
  i = v[7] *
      2; // 6dB gain for i, q  (to prevent quanitization issues in hilbert
         // transformer and phase calculation, corrected for magnitude calc)
  q = ((((v[0] - v[14]) << 1) + ((v[2] - v[12]) << 3) +
    1ff2:	26 0f       	add	r18, r22
    1ff4:	37 1f       	adc	r19, r23
/home/jgalera/develop/arduino/usdx/usdx_plus_orange/src/dsp/dsp.cpp:169
        (((v[4] - v[10]) << 4) + ((v[4] - v[10]) << 2) + (v[4] - v[10])) +
        ((v[6] - v[8]) << 4)) >>
    1ff6:	ba 01       	movw	r22, r20
    1ff8:	04 e0       	ldi	r16, 0x04	; 4
    1ffa:	66 0f       	add	r22, r22
    1ffc:	77 1f       	adc	r23, r23
    1ffe:	0a 95       	dec	r16
    2000:	e1 f7       	brne	.-8      	; 0x1ffa <ssb(int)+0x104>
/home/jgalera/develop/arduino/usdx/usdx_plus_orange/src/dsp/dsp.cpp:168
  }
  i = v[7] *
      2; // 6dB gain for i, q  (to prevent quanitization issues in hilbert
         // transformer and phase calculation, corrected for magnitude calc)
  q = ((((v[0] - v[14]) << 1) + ((v[2] - v[12]) << 3) +
        (((v[4] - v[10]) << 4) + ((v[4] - v[10]) << 2) + (v[4] - v[10])) +
    2002:	26 0f       	add	r18, r22
    2004:	37 1f       	adc	r19, r23
/home/jgalera/develop/arduino/usdx/usdx_plus_orange/src/dsp/dsp.cpp:169
        ((v[6] - v[8]) << 4)) >>
    2006:	66 e0       	ldi	r22, 0x06	; 6
    2008:	35 95       	asr	r19
    200a:	27 95       	ror	r18
    200c:	6a 95       	dec	r22
    200e:	e1 f7       	brne	.-8      	; 0x2008 <ssb(int)+0x112>
/home/jgalera/develop/arduino/usdx/usdx_plus_orange/src/dsp/dsp.cpp:167
    v[15] = (ac - dc);              // hpf (dc decoupling)
  }
  i = v[7] *
      2; // 6dB gain for i, q  (to prevent quanitization issues in hilbert
         // transformer and phase calculation, corrected for magnitude calc)
  q = ((((v[0] - v[14]) << 1) + ((v[2] - v[12]) << 3) +
    2010:	24 0f       	add	r18, r20
    2012:	35 1f       	adc	r19, r21
/home/jgalera/develop/arduino/usdx/usdx_plus_orange/src/dsp/dsp.cpp:175
       6) +
      (v[6] - v[8]); // Hilbert transform, 40dB side-band rejection in
                     // 400..1900Hz (@4kSPS) when used in image-rejection
                     // scenario; (Hilbert transform require 5 additional bits)

  uint16_t _amp = magn(i / 2, q / 2); // -6dB gain (correction)
    2014:	bc 01       	movw	r22, r24
    2016:	97 ff       	sbrs	r25, 7
    2018:	03 c0       	rjmp	.+6      	; 0x2020 <ssb(int)+0x12a>
    201a:	71 95       	neg	r23
    201c:	61 95       	neg	r22
    201e:	71 09       	sbc	r23, r1
    2020:	a9 01       	movw	r20, r18
    2022:	37 ff       	sbrs	r19, 7
    2024:	02 c0       	rjmp	.+4      	; 0x202a <ssb(int)+0x134>
    2026:	4f 5f       	subi	r20, 0xFF	; 255
    2028:	5f 4f       	sbci	r21, 0xFF	; 255
    202a:	55 95       	asr	r21
    202c:	47 95       	ror	r20
    202e:	57 ff       	sbrs	r21, 7
    2030:	03 c0       	rjmp	.+6      	; 0x2038 <ssb(int)+0x142>
    2032:	51 95       	neg	r21
    2034:	41 95       	neg	r20
    2036:	51 09       	sbc	r21, r1
    2038:	46 17       	cp	r20, r22
    203a:	57 07       	cpc	r21, r23
    203c:	0c f0       	brlt	.+2      	; 0x2040 <ssb(int)+0x14a>
    203e:	ec c0       	rjmp	.+472    	; 0x2218 <ssb(int)+0x322>
    2040:	c9 01       	movw	r24, r18
    2042:	37 fd       	sbrc	r19, 7
    2044:	07 96       	adiw	r24, 0x07	; 7
    2046:	a3 e0       	ldi	r26, 0x03	; 3
    2048:	95 95       	asr	r25
    204a:	87 95       	ror	r24
    204c:	aa 95       	dec	r26
    204e:	e1 f7       	brne	.-8      	; 0x2048 <ssb(int)+0x152>
    2050:	97 ff       	sbrs	r25, 7
    2052:	03 c0       	rjmp	.+6      	; 0x205a <ssb(int)+0x164>
    2054:	91 95       	neg	r25
    2056:	81 95       	neg	r24
    2058:	91 09       	sbc	r25, r1
    205a:	86 0f       	add	r24, r22
    205c:	97 1f       	adc	r25, r23
/home/jgalera/develop/arduino/usdx/usdx_plus_orange/src/dsp/dsp.cpp:196

  uint16_t _amp = magn(i, q);
#endif                                // MORE_MIC_GAIN

#ifdef CARRIER_COMPLETELY_OFF_ON_LOW
  _vox(_amp > vox_thresh);
    205e:	40 91 6c 01 	lds	r20, 0x016C	; 0x80016c <vox_thresh>
_vox():
/home/jgalera/develop/arduino/usdx/usdx_plus_orange/src/dsp/dsp.cpp:65
 * @brief VOX (Voice Operated Exchange) Logic.
 * Controls the PTT (Push-To-Talk) based on audio amplitude.
 * @param trigger True if amplitude exceeds threshold.
 */
inline void _vox(bool trigger) {
  if (trigger) {
    2062:	48 17       	cp	r20, r24
    2064:	19 06       	cpc	r1, r25
    2066:	08 f0       	brcs	.+2      	; 0x206a <ssb(int)+0x174>
    2068:	e9 c0       	rjmp	.+466    	; 0x223c <ssb(int)+0x346>
/home/jgalera/develop/arduino/usdx/usdx_plus_orange/src/dsp/dsp.cpp:66
    tx = (tx) ? 254 : 255; // hangtime = 255 / 4402 = 58ms (the time that TX at
    206a:	40 91 0b 06 	lds	r20, 0x060B	; 0x80060b <tx>
    206e:	44 23       	and	r20, r20
    2070:	09 f4       	brne	.+2      	; 0x2074 <ssb(int)+0x17e>
    2072:	e2 c0       	rjmp	.+452    	; 0x2238 <ssb(int)+0x342>
_Z3ssbi():
    2074:	4e ef       	ldi	r20, 0xFE	; 254
_vox():
/home/jgalera/develop/arduino/usdx/usdx_plus_orange/src/dsp/dsp.cpp:72
                           // least stays on when not triggered again). tx ==
                           // 255 when triggered first, 254 follows for
                           // subsequent triggers, until tx is off.
  } else {
    if (tx)
      tx--;
    2076:	40 93 0b 06 	sts	0x060B, r20	; 0x80060b <tx>
_Z3ssbi():
/home/jgalera/develop/arduino/usdx/usdx_plus_orange/src/dsp/dsp.cpp:201
  _vox(_amp > vox_thresh);
#else
  if (vox)
    _vox(_amp > vox_thresh);
#endif
  _amp = _amp << (drive);
    207a:	40 91 6b 01 	lds	r20, 0x016B	; 0x80016b <drive>
    207e:	02 c0       	rjmp	.+4      	; 0x2084 <ssb(int)+0x18e>
    2080:	88 0f       	add	r24, r24
    2082:	99 1f       	adc	r25, r25
    2084:	4a 95       	dec	r20
    2086:	e2 f7       	brpl	.-8      	; 0x2080 <ssb(int)+0x18a>
/home/jgalera/develop/arduino/usdx/usdx_plus_orange/src/dsp/dsp.cpp:203
  _amp = ((_amp > 255) || (drive == 8))
             ? 255
    2088:	8f 3f       	cpi	r24, 0xFF	; 255
    208a:	91 05       	cpc	r25, r1
    208c:	09 f0       	breq	.+2      	; 0x2090 <ssb(int)+0x19a>
    208e:	20 f4       	brcc	.+8      	; 0x2098 <ssb(int)+0x1a2>
/home/jgalera/develop/arduino/usdx/usdx_plus_orange/src/dsp/dsp.cpp:202
#else
  if (vox)
    _vox(_amp > vox_thresh);
#endif
  _amp = _amp << (drive);
  _amp = ((_amp > 255) || (drive == 8))
    2090:	40 91 6b 01 	lds	r20, 0x016B	; 0x80016b <drive>
    2094:	48 30       	cpi	r20, 0x08	; 8
    2096:	11 f4       	brne	.+4      	; 0x209c <ssb(int)+0x1a6>
/home/jgalera/develop/arduino/usdx/usdx_plus_orange/src/dsp/dsp.cpp:203
             ? 255
    2098:	8f ef       	ldi	r24, 0xFF	; 255
    209a:	90 e0       	ldi	r25, 0x00	; 0
/home/jgalera/develop/arduino/usdx/usdx_plus_orange/src/dsp/dsp.cpp:205
             : _amp; // clip or when drive=8 use max output
  amp = (tx) ? lut[_amp] : 0;
    209c:	40 91 0b 06 	lds	r20, 0x060B	; 0x80060b <tx>
    20a0:	44 23       	and	r20, r20
    20a2:	09 f4       	brne	.+2      	; 0x20a6 <ssb(int)+0x1b0>
    20a4:	d4 c0       	rjmp	.+424    	; 0x224e <ssb(int)+0x358>
    20a6:	8f 5e       	subi	r24, 0xEF	; 239
    20a8:	9b 4f       	sbci	r25, 0xFB	; 251
    20aa:	dc 01       	movw	r26, r24
    20ac:	8c 91       	ld	r24, X
    20ae:	80 93 10 04 	sts	0x0410, r24	; 0x800410 <amp>
arctan3():
/home/jgalera/develop/arduino/usdx/usdx_plus_orange/src/dsp/dsp.cpp:113
      z // derived from (5) [1]   note that atan2 can overflow easily so keep
        // _UA low
  // #define _atan2(z)  (_UA/8 + _UA/24 - _UA/24 * z) * z  //derived from (7)
  // [1]
  int16_t r;
  if (abs(q) > abs(i))
    20b2:	e9 01       	movw	r28, r18
    20b4:	37 ff       	sbrs	r19, 7
    20b6:	04 c0       	rjmp	.+8      	; 0x20c0 <ssb(int)+0x1ca>
    20b8:	cc 27       	eor	r28, r28
    20ba:	dd 27       	eor	r29, r29
    20bc:	c2 1b       	sub	r28, r18
    20be:	d3 0b       	sbc	r29, r19
    20c0:	8f 01       	movw	r16, r30
    20c2:	f7 ff       	sbrs	r31, 7
    20c4:	04 c0       	rjmp	.+8      	; 0x20ce <ssb(int)+0x1d8>
    20c6:	00 27       	eor	r16, r16
    20c8:	11 27       	eor	r17, r17
    20ca:	0e 1b       	sub	r16, r30
    20cc:	1f 0b       	sbc	r17, r31
    20ce:	0c 17       	cp	r16, r28
    20d0:	1d 07       	cpc	r17, r29
    20d2:	0c f0       	brlt	.+2      	; 0x20d6 <ssb(int)+0x1e0>
    20d4:	be c0       	rjmp	.+380    	; 0x2252 <ssb(int)+0x35c>
/home/jgalera/develop/arduino/usdx/usdx_plus_orange/src/dsp/dsp.cpp:114
    r = _UA / 4 - _atan2(abs(i) / abs(q)); // arctan(z) = 90-arctan(1/z)
    20d6:	45 ee       	ldi	r20, 0xE5	; 229
    20d8:	40 03       	mulsu	r20, r16
    20da:	c0 01       	movw	r24, r0
    20dc:	41 9f       	mul	r20, r17
    20de:	90 0d       	add	r25, r0
    20e0:	11 24       	eor	r1, r1
    20e2:	be 01       	movw	r22, r28
    20e4:	0e 94 92 39 	call	0x7324	; 0x7324 <__divmodhi4>
    20e8:	6a 59       	subi	r22, 0x9A	; 154
    20ea:	7f 4f       	sbci	r23, 0xFF	; 255
    20ec:	60 9f       	mul	r22, r16
    20ee:	c0 01       	movw	r24, r0
    20f0:	61 9f       	mul	r22, r17
    20f2:	90 0d       	add	r25, r0
    20f4:	70 9f       	mul	r23, r16
    20f6:	90 0d       	add	r25, r0
    20f8:	11 24       	eor	r1, r1
    20fa:	be 01       	movw	r22, r28
    20fc:	0e 94 92 39 	call	0x7324	; 0x7324 <__divmodhi4>
    2100:	86 e9       	ldi	r24, 0x96	; 150
    2102:	90 e0       	ldi	r25, 0x00	; 0
    2104:	ac 01       	movw	r20, r24
    2106:	46 1b       	sub	r20, r22
    2108:	57 0b       	sbc	r21, r23
    210a:	ba 01       	movw	r22, r20
/home/jgalera/develop/arduino/usdx/usdx_plus_orange/src/dsp/dsp.cpp:117
  else
    r = (i == 0) ? 0 : _atan2(abs(q) / abs(i)); // arctan(z)
  r = (i < 0) ? _UA / 2 - r : r;                // arctan(-z) = -arctan(z)
    210c:	f7 ff       	sbrs	r31, 7
    210e:	06 c0       	rjmp	.+12     	; 0x211c <ssb(int)+0x226>
    2110:	8c e2       	ldi	r24, 0x2C	; 44
    2112:	91 e0       	ldi	r25, 0x01	; 1
    2114:	dc 01       	movw	r26, r24
    2116:	a6 1b       	sub	r26, r22
    2118:	b7 0b       	sbc	r27, r23
    211a:	bd 01       	movw	r22, r26
/home/jgalera/develop/arduino/usdx/usdx_plus_orange/src/dsp/dsp.cpp:118
  return (q < 0) ? -r : r;                      // arctan(-z) = -arctan(z)
    211c:	37 ff       	sbrs	r19, 7
    211e:	03 c0       	rjmp	.+6      	; 0x2126 <ssb(int)+0x230>
    2120:	71 95       	neg	r23
    2122:	61 95       	neg	r22
    2124:	71 09       	sbc	r23, r1
_Z3ssbi():
/home/jgalera/develop/arduino/usdx/usdx_plus_orange/src/dsp/dsp.cpp:210
  amp = (tx) ? lut[_amp] : 0;

  static int16_t prev_phase;
  int16_t phase = arctan3(q, i);

  int16_t dp = phase - prev_phase; // phase difference and restriction
    2126:	80 91 e6 03 	lds	r24, 0x03E6	; 0x8003e6 <ssb(int)::prev_phase>
    212a:	90 91 e7 03 	lds	r25, 0x03E7	; 0x8003e7 <ssb(int)::prev_phase+0x1>
    212e:	9b 01       	movw	r18, r22
    2130:	28 1b       	sub	r18, r24
    2132:	39 0b       	sbc	r19, r25
/home/jgalera/develop/arduino/usdx/usdx_plus_orange/src/dsp/dsp.cpp:211
  prev_phase = phase;
    2134:	70 93 e7 03 	sts	0x03E7, r23	; 0x8003e7 <ssb(int)::prev_phase+0x1>
    2138:	60 93 e6 03 	sts	0x03E6, r22	; 0x8003e6 <ssb(int)::prev_phase>
/home/jgalera/develop/arduino/usdx/usdx_plus_orange/src/dsp/dsp.cpp:213

  if (dp < 0)
    213c:	37 ff       	sbrs	r19, 7
    213e:	02 c0       	rjmp	.+4      	; 0x2144 <ssb(int)+0x24e>
/home/jgalera/develop/arduino/usdx/usdx_plus_orange/src/dsp/dsp.cpp:214
    dp = dp + _UA; // make negative phase shifts positive: prevents negative
    2140:	28 5a       	subi	r18, 0xA8	; 168
    2142:	3d 4f       	sbci	r19, 0xFD	; 253
/home/jgalera/develop/arduino/usdx/usdx_plus_orange/src/dsp/dsp.cpp:224
    quad = !quad;
  }
#endif

#ifdef MAX_DP
  if (dp > MAX_DP) { // dp should be less than half unit-angle in order to keep
    2144:	80 91 f1 05 	lds	r24, 0x05F1	; 0x8005f1 <filt>
    2148:	88 23       	and	r24, r24
    214a:	09 f4       	brne	.+2      	; 0x214e <ssb(int)+0x258>
    214c:	9e c0       	rjmp	.+316    	; 0x228a <ssb(int)+0x394>
    214e:	80 91 f1 05 	lds	r24, 0x05F1	; 0x8005f1 <filt>
    2152:	83 30       	cpi	r24, 0x03	; 3
    2154:	09 f0       	breq	.+2      	; 0x2158 <ssb(int)+0x262>
    2156:	9c c0       	rjmp	.+312    	; 0x2290 <ssb(int)+0x39a>
    2158:	86 e9       	ldi	r24, 0x96	; 150
    215a:	90 e0       	ldi	r25, 0x00	; 0
    215c:	82 17       	cp	r24, r18
    215e:	93 07       	cpc	r25, r19
    2160:	14 f5       	brge	.+68     	; 0x21a6 <ssb(int)+0x2b0>
/home/jgalera/develop/arduino/usdx/usdx_plus_orange/src/dsp/dsp.cpp:226
                     // frequencies below F_SAMP_TX/2
    prev_phase = phase - (dp - MAX_DP); // substract restdp
    2162:	80 91 f1 05 	lds	r24, 0x05F1	; 0x8005f1 <filt>
    2166:	88 23       	and	r24, r24
    2168:	09 f4       	brne	.+2      	; 0x216c <ssb(int)+0x276>
    216a:	95 c0       	rjmp	.+298    	; 0x2296 <ssb(int)+0x3a0>
    216c:	80 91 f1 05 	lds	r24, 0x05F1	; 0x8005f1 <filt>
    2170:	83 30       	cpi	r24, 0x03	; 3
    2172:	09 f0       	breq	.+2      	; 0x2176 <ssb(int)+0x280>
    2174:	93 c0       	rjmp	.+294    	; 0x229c <ssb(int)+0x3a6>
    2176:	86 e9       	ldi	r24, 0x96	; 150
    2178:	90 e0       	ldi	r25, 0x00	; 0
    217a:	28 1b       	sub	r18, r24
    217c:	39 0b       	sbc	r19, r25
    217e:	62 1b       	sub	r22, r18
    2180:	73 0b       	sbc	r23, r19
    2182:	70 93 e7 03 	sts	0x03E7, r23	; 0x8003e7 <ssb(int)::prev_phase+0x1>
    2186:	60 93 e6 03 	sts	0x03E6, r22	; 0x8003e6 <ssb(int)::prev_phase>
/home/jgalera/develop/arduino/usdx/usdx_plus_orange/src/dsp/dsp.cpp:227
    dp = MAX_DP;
    218a:	80 91 f1 05 	lds	r24, 0x05F1	; 0x8005f1 <filt>
    218e:	28 e5       	ldi	r18, 0x58	; 88
    2190:	32 e0       	ldi	r19, 0x02	; 2
    2192:	88 23       	and	r24, r24
    2194:	41 f0       	breq	.+16     	; 0x21a6 <ssb(int)+0x2b0>
    2196:	80 91 f1 05 	lds	r24, 0x05F1	; 0x8005f1 <filt>
    219a:	26 e9       	ldi	r18, 0x96	; 150
    219c:	30 e0       	ldi	r19, 0x00	; 0
    219e:	83 30       	cpi	r24, 0x03	; 3
    21a0:	11 f0       	breq	.+4      	; 0x21a6 <ssb(int)+0x2b0>
    21a2:	2c e2       	ldi	r18, 0x2C	; 44
    21a4:	31 e0       	ldi	r19, 0x01	; 1
/home/jgalera/develop/arduino/usdx/usdx_plus_orange/src/dsp/dsp.cpp:230
  }
#endif
  if (mode == USB)
    21a6:	80 91 cd 01 	lds	r24, 0x01CD	; 0x8001cd <mode>
    21aa:	81 30       	cpi	r24, 0x01	; 1
    21ac:	09 f0       	breq	.+2      	; 0x21b0 <ssb(int)+0x2ba>
    21ae:	79 c0       	rjmp	.+242    	; 0x22a2 <ssb(int)+0x3ac>
/home/jgalera/develop/arduino/usdx/usdx_plus_orange/src/dsp/dsp.cpp:233
    return dp *
           (F_SAMP_TX /
            _UA); // calculate frequency-difference based on phase-difference
    21b0:	c9 01       	movw	r24, r18
    21b2:	23 e0       	ldi	r18, 0x03	; 3
    21b4:	88 0f       	add	r24, r24
    21b6:	99 1f       	adc	r25, r25
    21b8:	2a 95       	dec	r18
    21ba:	e1 f7       	brne	.-8      	; 0x21b4 <ssb(int)+0x2be>
/home/jgalera/develop/arduino/usdx/usdx_plus_orange/src/dsp/dsp.cpp:236
  else
    return dp * (-F_SAMP_TX / _UA);
}
    21bc:	df 91       	pop	r29
    21be:	cf 91       	pop	r28
    21c0:	1f 91       	pop	r17
    21c2:	0f 91       	pop	r16
    21c4:	08 95       	ret
/home/jgalera/develop/arduino/usdx/usdx_plus_orange/src/dsp/dsp.cpp:158
    int16_t ac = in;
    dc = (ac + (7) * dc) / (7 + 1); // hpf: slow average
    v[15] = (ac - dc) /
            2; // hpf (dc decoupling)  (-6dB gain to compensate for DC-noise)
  } else {
    int16_t ac = in * 2; //   6dB gain (justified since lpf/hpf is losing -3dB)
    21c6:	9c 01       	movw	r18, r24
    21c8:	22 0f       	add	r18, r18
    21ca:	33 1f       	adc	r19, r19
/home/jgalera/develop/arduino/usdx/usdx_plus_orange/src/dsp/dsp.cpp:159
    ac = ac + z1;        // lpf
    21cc:	40 91 e8 03 	lds	r20, 0x03E8	; 0x8003e8 <ssb(int)::z1>
    21d0:	50 91 e9 03 	lds	r21, 0x03E9	; 0x8003e9 <ssb(int)::z1+0x1>
    21d4:	24 0f       	add	r18, r20
    21d6:	35 1f       	adc	r19, r21
/home/jgalera/develop/arduino/usdx/usdx_plus_orange/src/dsp/dsp.cpp:160
    z1 = (in - (2) * z1) / (2 + 1); // lpf: notch at Fs/2 (alias rejecting)
    21d8:	44 0f       	add	r20, r20
    21da:	55 1f       	adc	r21, r21
    21dc:	84 1b       	sub	r24, r20
    21de:	95 0b       	sbc	r25, r21
    21e0:	c3 e0       	ldi	r28, 0x03	; 3
    21e2:	d0 e0       	ldi	r29, 0x00	; 0
    21e4:	be 01       	movw	r22, r28
    21e6:	0e 94 92 39 	call	0x7324	; 0x7324 <__divmodhi4>
    21ea:	70 93 e9 03 	sts	0x03E9, r23	; 0x8003e9 <ssb(int)::z1+0x1>
    21ee:	60 93 e8 03 	sts	0x03E8, r22	; 0x8003e8 <ssb(int)::z1>
/home/jgalera/develop/arduino/usdx/usdx_plus_orange/src/dsp/dsp.cpp:161
    dc = (ac + (2) * dc) / (2 + 1); // hpf: slow average
    21f2:	cf 01       	movw	r24, r30
    21f4:	88 0f       	add	r24, r24
    21f6:	99 1f       	adc	r25, r25
    21f8:	82 0f       	add	r24, r18
    21fa:	93 1f       	adc	r25, r19
    21fc:	be 01       	movw	r22, r28
    21fe:	0e 94 92 39 	call	0x7324	; 0x7324 <__divmodhi4>
    2202:	70 93 eb 03 	sts	0x03EB, r23	; 0x8003eb <ssb(int)::dc+0x1>
    2206:	60 93 ea 03 	sts	0x03EA, r22	; 0x8003ea <ssb(int)::dc>
/home/jgalera/develop/arduino/usdx/usdx_plus_orange/src/dsp/dsp.cpp:162
    v[15] = (ac - dc);              // hpf (dc decoupling)
    220a:	26 1b       	sub	r18, r22
    220c:	37 0b       	sbc	r19, r23
    220e:	30 93 0b 04 	sts	0x040B, r19	; 0x80040b <ssb(int)::v+0x1f>
    2212:	20 93 0a 04 	sts	0x040A, r18	; 0x80040a <ssb(int)::v+0x1e>
    2216:	a6 ce       	rjmp	.-692    	; 0x1f64 <ssb(int)+0x6e>
/home/jgalera/develop/arduino/usdx/usdx_plus_orange/src/dsp/dsp.cpp:175
       6) +
      (v[6] - v[8]); // Hilbert transform, 40dB side-band rejection in
                     // 400..1900Hz (@4kSPS) when used in image-rejection
                     // scenario; (Hilbert transform require 5 additional bits)

  uint16_t _amp = magn(i / 2, q / 2); // -6dB gain (correction)
    2218:	cf 01       	movw	r24, r30
    221a:	f7 fd       	sbrc	r31, 7
    221c:	07 96       	adiw	r24, 0x07	; 7
    221e:	63 e0       	ldi	r22, 0x03	; 3
    2220:	95 95       	asr	r25
    2222:	87 95       	ror	r24
    2224:	6a 95       	dec	r22
    2226:	e1 f7       	brne	.-8      	; 0x2220 <ssb(int)+0x32a>
    2228:	97 ff       	sbrs	r25, 7
    222a:	03 c0       	rjmp	.+6      	; 0x2232 <ssb(int)+0x33c>
    222c:	91 95       	neg	r25
    222e:	81 95       	neg	r24
    2230:	91 09       	sbc	r25, r1
    2232:	84 0f       	add	r24, r20
    2234:	95 1f       	adc	r25, r21
    2236:	13 cf       	rjmp	.-474    	; 0x205e <ssb(int)+0x168>
/home/jgalera/develop/arduino/usdx/usdx_plus_orange/src/dsp/dsp.cpp:66
 * Controls the PTT (Push-To-Talk) based on audio amplitude.
 * @param trigger True if amplitude exceeds threshold.
 */
inline void _vox(bool trigger) {
  if (trigger) {
    tx = (tx) ? 254 : 255; // hangtime = 255 / 4402 = 58ms (the time that TX at
    2238:	4f ef       	ldi	r20, 0xFF	; 255
    223a:	1d cf       	rjmp	.-454    	; 0x2076 <ssb(int)+0x180>
_vox():
/home/jgalera/develop/arduino/usdx/usdx_plus_orange/src/dsp/dsp.cpp:71
                           // least stays on when not triggered again). tx ==
                           // 255 when triggered first, 254 follows for
                           // subsequent triggers, until tx is off.
  } else {
    if (tx)
    223c:	40 91 0b 06 	lds	r20, 0x060B	; 0x80060b <tx>
    2240:	44 23       	and	r20, r20
    2242:	09 f4       	brne	.+2      	; 0x2246 <ssb(int)+0x350>
    2244:	1a cf       	rjmp	.-460    	; 0x207a <ssb(int)+0x184>
/home/jgalera/develop/arduino/usdx/usdx_plus_orange/src/dsp/dsp.cpp:72
      tx--;
    2246:	40 91 0b 06 	lds	r20, 0x060B	; 0x80060b <tx>
    224a:	41 50       	subi	r20, 0x01	; 1
    224c:	14 cf       	rjmp	.-472    	; 0x2076 <ssb(int)+0x180>
_Z3ssbi():
/home/jgalera/develop/arduino/usdx/usdx_plus_orange/src/dsp/dsp.cpp:205
#endif
  _amp = _amp << (drive);
  _amp = ((_amp > 255) || (drive == 8))
             ? 255
             : _amp; // clip or when drive=8 use max output
  amp = (tx) ? lut[_amp] : 0;
    224e:	80 e0       	ldi	r24, 0x00	; 0
    2250:	2e cf       	rjmp	.-420    	; 0x20ae <ssb(int)+0x1b8>
/home/jgalera/develop/arduino/usdx/usdx_plus_orange/src/dsp/dsp.cpp:116
  // [1]
  int16_t r;
  if (abs(q) > abs(i))
    r = _UA / 4 - _atan2(abs(i) / abs(q)); // arctan(z) = 90-arctan(1/z)
  else
    r = (i == 0) ? 0 : _atan2(abs(q) / abs(i)); // arctan(z)
    2252:	70 e0       	ldi	r23, 0x00	; 0
    2254:	60 e0       	ldi	r22, 0x00	; 0
arctan3():
    2256:	30 97       	sbiw	r30, 0x00	; 0
    2258:	09 f4       	brne	.+2      	; 0x225c <ssb(int)+0x366>
    225a:	60 cf       	rjmp	.-320    	; 0x211c <ssb(int)+0x226>
    225c:	45 ee       	ldi	r20, 0xE5	; 229
    225e:	be 01       	movw	r22, r28
    2260:	46 03       	mulsu	r20, r22
    2262:	c0 01       	movw	r24, r0
    2264:	47 9f       	mul	r20, r23
    2266:	90 0d       	add	r25, r0
    2268:	11 24       	eor	r1, r1
    226a:	b8 01       	movw	r22, r16
    226c:	0e 94 92 39 	call	0x7324	; 0x7324 <__divmodhi4>
    2270:	6a 59       	subi	r22, 0x9A	; 154
    2272:	7f 4f       	sbci	r23, 0xFF	; 255
    2274:	6c 9f       	mul	r22, r28
    2276:	c0 01       	movw	r24, r0
    2278:	6d 9f       	mul	r22, r29
    227a:	90 0d       	add	r25, r0
    227c:	7c 9f       	mul	r23, r28
    227e:	90 0d       	add	r25, r0
    2280:	11 24       	eor	r1, r1
    2282:	b8 01       	movw	r22, r16
    2284:	0e 94 92 39 	call	0x7324	; 0x7324 <__divmodhi4>
    2288:	41 cf       	rjmp	.-382    	; 0x210c <ssb(int)+0x216>
_Z3ssbi():
/home/jgalera/develop/arduino/usdx/usdx_plus_orange/src/dsp/dsp.cpp:224
    quad = !quad;
  }
#endif

#ifdef MAX_DP
  if (dp > MAX_DP) { // dp should be less than half unit-angle in order to keep
    228a:	88 e5       	ldi	r24, 0x58	; 88
    228c:	92 e0       	ldi	r25, 0x02	; 2
    228e:	66 cf       	rjmp	.-308    	; 0x215c <ssb(int)+0x266>
    2290:	8c e2       	ldi	r24, 0x2C	; 44
    2292:	91 e0       	ldi	r25, 0x01	; 1
    2294:	63 cf       	rjmp	.-314    	; 0x215c <ssb(int)+0x266>
/home/jgalera/develop/arduino/usdx/usdx_plus_orange/src/dsp/dsp.cpp:226
                     // frequencies below F_SAMP_TX/2
    prev_phase = phase - (dp - MAX_DP); // substract restdp
    2296:	88 e5       	ldi	r24, 0x58	; 88
    2298:	92 e0       	ldi	r25, 0x02	; 2
    229a:	6f cf       	rjmp	.-290    	; 0x217a <ssb(int)+0x284>
    229c:	8c e2       	ldi	r24, 0x2C	; 44
    229e:	91 e0       	ldi	r25, 0x01	; 1
    22a0:	6c cf       	rjmp	.-296    	; 0x217a <ssb(int)+0x284>
/home/jgalera/develop/arduino/usdx/usdx_plus_orange/src/dsp/dsp.cpp:235
  if (mode == USB)
    return dp *
           (F_SAMP_TX /
            _UA); // calculate frequency-difference based on phase-difference
  else
    return dp * (-F_SAMP_TX / _UA);
    22a2:	48 ef       	ldi	r20, 0xF8	; 248
    22a4:	42 03       	mulsu	r20, r18
    22a6:	c0 01       	movw	r24, r0
    22a8:	43 9f       	mul	r20, r19
    22aa:	90 0d       	add	r25, r0
    22ac:	11 24       	eor	r1, r1
    22ae:	86 cf       	rjmp	.-244    	; 0x21bc <ssb(int)+0x2c6>

000022b0 <Print::flush()>:
_ZN5Print5flushEv():
/home/jgalera/.arduino15/packages/MiniCore/hardware/avr/3.1.1/cores/MCUdude_corefiles/Print.h:65

    // default to zero, meaning "a single write may block"
    // should be overriden by subclasses with buffering
    virtual int availableForWrite() { return 0; }

    virtual void flush() { /* Empty implementation for backward compatibility */ }
    22b0:	08 95       	ret

000022b2 <Print::availableForWrite()>:
_ZN5Print17availableForWriteEv():
/home/jgalera/.arduino15/packages/MiniCore/hardware/avr/3.1.1/cores/MCUdude_corefiles/Print.h:63
      return write((const uint8_t *)buffer, size);
    }

    // default to zero, meaning "a single write may block"
    // should be overriden by subclasses with buffering
    virtual int availableForWrite() { return 0; }
    22b2:	90 e0       	ldi	r25, 0x00	; 0
    22b4:	80 e0       	ldi	r24, 0x00	; 0
    22b6:	08 95       	ret

000022b8 <LCD::nib(unsigned char) [clone .isra.2]>:
_ZN3LCD3preEv():
/home/jgalera/develop/arduino/usdx/usdx_plus_orange/src/driver/display.h:107
        PORTC |= 1 << 2;
        DDRC |= 1 << 2;
      }
    UCSR0B &= ~((1 << RXEN0) | (1 << TXEN0));
#endif
    noInterrupts();
    22b8:	f8 94       	cli
_ZN3LCD3nibEh.isra.2():
/home/jgalera/develop/arduino/usdx/usdx_plus_orange/src/driver/display.h:157
    return 1;
  }
#else
  void nib(uint8_t b) {
    pre();
    PORTD = LCD_PREP_NIBBLE(b);
    22ba:	9b b1       	in	r25, 0x0b	; 11
    22bc:	90 7f       	andi	r25, 0xF0	; 240
    22be:	90 61       	ori	r25, 0x10	; 16
    22c0:	89 2b       	or	r24, r25
    22c2:	8b b9       	out	0x0b, r24	; 11
/home/jgalera/develop/arduino/usdx/usdx_plus_orange/src/driver/display.h:158
    delayMicroseconds(4);
    22c4:	84 e0       	ldi	r24, 0x04	; 4
    22c6:	90 e0       	ldi	r25, 0x00	; 0
    22c8:	0e 94 99 03 	call	0x732	; 0x732 <delayMicroseconds>
/home/jgalera/develop/arduino/usdx/usdx_plus_orange/src/driver/display.h:159
    LCD_EN_LO();
    22cc:	5c 98       	cbi	0x0b, 4	; 11
_ZN3LCD4postEv.isra.1():
/home/jgalera/develop/arduino/usdx/usdx_plus_orange/src/driver/display.h:110
    UCSR0B &= ~((1 << RXEN0) | (1 << TXEN0));
#endif
    noInterrupts();
  }
  void post() {
    if (backlight)
    22ce:	80 91 65 01 	lds	r24, 0x0165	; 0x800165 <backlight>
    22d2:	88 23       	and	r24, r24
    22d4:	31 f0       	breq	.+12     	; 0x22e2 <LCD::nib(unsigned char) [clone .isra.2]+0x2a>
/home/jgalera/develop/arduino/usdx/usdx_plus_orange/src/driver/display.h:111
      PORTD |= 0x08;
    22d6:	5b 9a       	sbi	0x0b, 3	; 11
/home/jgalera/develop/arduino/usdx/usdx_plus_orange/src/driver/display.h:121
    if (!vox)
      if (cat_active) {
        PORTC &= ~(1 << 2);
      }
#endif
    interrupts();
    22d8:	78 94       	sei
_ZN3LCD3nibEh.isra.2():
/home/jgalera/develop/arduino/usdx/usdx_plus_orange/src/driver/display.h:161
    pre();
    PORTD = LCD_PREP_NIBBLE(b);
    delayMicroseconds(4);
    LCD_EN_LO();
    post();
    delayMicroseconds(60);
    22da:	8c e3       	ldi	r24, 0x3C	; 60
    22dc:	90 e0       	ldi	r25, 0x00	; 0
    22de:	0c 94 99 03 	jmp	0x732	; 0x732 <delayMicroseconds>
_ZN3LCD4postEv.isra.1():
/home/jgalera/develop/arduino/usdx/usdx_plus_orange/src/driver/display.h:113
  }
  void post() {
    if (backlight)
      PORTD |= 0x08;
    else
      PORTD &= ~0x08;
    22e2:	5b 98       	cbi	0x0b, 3	; 11
    22e4:	f9 cf       	rjmp	.-14     	; 0x22d8 <LCD::nib(unsigned char) [clone .isra.2]+0x20>

000022e6 <LCD::cmd(unsigned char) [clone .isra.3] [clone .lto_priv.35]>:
_ZN3LCD3cmdEh.isra.3.lto_priv.35():
/home/jgalera/develop/arduino/usdx/usdx_plus_orange/src/driver/display.h:163
    delayMicroseconds(4);
    LCD_EN_LO();
    post();
    delayMicroseconds(60);
  }
  void cmd(uint8_t b) {
    22e6:	cf 93       	push	r28
    22e8:	c8 2f       	mov	r28, r24
/home/jgalera/develop/arduino/usdx/usdx_plus_orange/src/driver/display.h:164
    nib(b >> 4);
    22ea:	82 95       	swap	r24
    22ec:	8f 70       	andi	r24, 0x0F	; 15
    22ee:	0e 94 5c 11 	call	0x22b8	; 0x22b8 <LCD::nib(unsigned char) [clone .isra.2]>
/home/jgalera/develop/arduino/usdx/usdx_plus_orange/src/driver/display.h:165
    nib(b & 0xf);
    22f2:	8c 2f       	mov	r24, r28
    22f4:	8f 70       	andi	r24, 0x0F	; 15
/home/jgalera/develop/arduino/usdx/usdx_plus_orange/src/driver/display.h:166
  }
    22f6:	cf 91       	pop	r28
/home/jgalera/develop/arduino/usdx/usdx_plus_orange/src/driver/display.h:165
    post();
    delayMicroseconds(60);
  }
  void cmd(uint8_t b) {
    nib(b >> 4);
    nib(b & 0xf);
    22f8:	0c 94 5c 11 	jmp	0x22b8	; 0x22b8 <LCD::nib(unsigned char) [clone .isra.2]>

000022fc <LCD::noCursor() [clone .isra.5]>:
_ZN3LCD8noCursorEv.isra.6():
/home/jgalera/develop/arduino/usdx/usdx_plus_orange/src/driver/display.h:193
  }
#else
  void setCursor(uint8_t x, uint8_t y) { cmd(0x80 | (x + y * 0x40)); }
#endif
  void cursor() { cmd(0x0e); }
  void noCursor() { cmd(0x0c); }
    22fc:	8c e0       	ldi	r24, 0x0C	; 12
    22fe:	0c 94 73 11 	jmp	0x22e6	; 0x22e6 <LCD::cmd(unsigned char) [clone .isra.3] [clone .lto_priv.35]>

00002302 <build_lut()>:
_Z9build_lutv():
/home/jgalera/develop/arduino/usdx/usdx_plus_orange/src/core/core.cpp:904
  lcd_blanks();
  delay(1500);
  wdt_reset();
}

void build_lut() {
    2302:	0f 93       	push	r16
    2304:	1f 93       	push	r17
    2306:	cf 93       	push	r28
    2308:	df 93       	push	r29
/home/jgalera/develop/arduino/usdx/usdx_plus_orange/src/core/core.cpp:906
  for (uint16_t i = 0; i != 256; i++)
    lut[i] = (i * (pwm_max - pwm_min)) / 255 + pwm_min;
    230a:	40 91 e1 03 	lds	r20, 0x03E1	; 0x8003e1 <pwm_min>
    230e:	c0 91 02 01 	lds	r28, 0x0102	; 0x800102 <pwm_max>
    2312:	c4 1b       	sub	r28, r20
    2314:	dd 0b       	sbc	r29, r29
    2316:	e1 e1       	ldi	r30, 0x11	; 17
    2318:	f4 e0       	ldi	r31, 0x04	; 4
    231a:	30 e0       	ldi	r19, 0x00	; 0
    231c:	20 e0       	ldi	r18, 0x00	; 0
    231e:	0f ef       	ldi	r16, 0xFF	; 255
    2320:	10 e0       	ldi	r17, 0x00	; 0
    2322:	c9 01       	movw	r24, r18
    2324:	b8 01       	movw	r22, r16
    2326:	0e 94 7e 39 	call	0x72fc	; 0x72fc <__udivmodhi4>
    232a:	64 0f       	add	r22, r20
    232c:	61 93       	st	Z+, r22
    232e:	2c 0f       	add	r18, r28
    2330:	3d 1f       	adc	r19, r29
/home/jgalera/develop/arduino/usdx/usdx_plus_orange/src/core/core.cpp:905
  delay(1500);
  wdt_reset();
}

void build_lut() {
  for (uint16_t i = 0; i != 256; i++)
    2332:	85 e0       	ldi	r24, 0x05	; 5
    2334:	e1 31       	cpi	r30, 0x11	; 17
    2336:	f8 07       	cpc	r31, r24
    2338:	a1 f7       	brne	.-24     	; 0x2322 <build_lut()+0x20>
/home/jgalera/develop/arduino/usdx/usdx_plus_orange/src/core/core.cpp:907
    lut[i] = (i * (pwm_max - pwm_min)) / 255 + pwm_min;
}
    233a:	df 91       	pop	r29
    233c:	cf 91       	pop	r28
    233e:	1f 91       	pop	r17
    2340:	0f 91       	pop	r16
    2342:	08 95       	ret

00002344 <stepsize_showcursor()>:
_Z19stepsize_showcursorv():
/home/jgalera/develop/arduino/usdx/usdx_plus_orange/src/core/core.cpp:588
  }
  change = true;
}

void stepsize_showcursor() {
  lcd.setCursor(stepsize + 1, 1);
    2344:	80 91 c7 01 	lds	r24, 0x01C7	; 0x8001c7 <stepsize>
_ZN3LCD9setCursorEhh.isra.4():
/home/jgalera/develop/arduino/usdx/usdx_plus_orange/src/driver/display.h:190
#ifdef CONDENSED
  void setCursor(uint8_t x, uint8_t y) {
    cmd(0x80 | (x + (uint8_t[]){0x00, 0x40, 0x00 + 20, 0x40 + 20}[y]));
  }
#else
  void setCursor(uint8_t x, uint8_t y) { cmd(0x80 | (x + y * 0x40)); }
    2348:	8f 5b       	subi	r24, 0xBF	; 191
    234a:	80 68       	ori	r24, 0x80	; 128
    234c:	0e 94 73 11 	call	0x22e6	; 0x22e6 <LCD::cmd(unsigned char) [clone .isra.3] [clone .lto_priv.35]>
_ZN3LCD6cursorEv.isra.5():
/home/jgalera/develop/arduino/usdx/usdx_plus_orange/src/driver/display.h:192
#endif
  void cursor() { cmd(0x0e); }
    2350:	8e e0       	ldi	r24, 0x0E	; 14
    2352:	0c 94 73 11 	jmp	0x22e6	; 0x22e6 <LCD::cmd(unsigned char) [clone .isra.3] [clone .lto_priv.35]>

00002356 <dec2()>:
_Z4dec2v():
/home/jgalera/develop/arduino/usdx/usdx_plus_orange/src/dsp/dsp.cpp:688
  filteredstatebefore = filteredstate;
}

#else // OLD_CW

void dec2() {
    2356:	8f 92       	push	r8
    2358:	9f 92       	push	r9
    235a:	af 92       	push	r10
    235c:	bf 92       	push	r11
    235e:	cf 92       	push	r12
    2360:	df 92       	push	r13
    2362:	ef 92       	push	r14
    2364:	ff 92       	push	r15
/home/jgalera/develop/arduino/usdx/usdx_plus_orange/src/dsp/dsp.cpp:689
  if (filteredstate != filteredstatebefore) { // then we do want to have some
    2366:	f0 90 cb 05 	lds	r15, 0x05CB	; 0x8005cb <filteredstate>
    236a:	80 91 21 05 	lds	r24, 0x0521	; 0x800521 <filteredstatebefore>
    236e:	f8 16       	cp	r15, r24
    2370:	09 f4       	brne	.+2      	; 0x2374 <dec2()+0x1e>
    2372:	7e c0       	rjmp	.+252    	; 0x2470 <dec2()+0x11a>
/home/jgalera/develop/arduino/usdx/usdx_plus_orange/src/dsp/dsp.cpp:691
                                              // durations on high and low
    if (menumode == 0) {
    2374:	80 91 06 06 	lds	r24, 0x0606	; 0x800606 <menumode>
    2378:	81 11       	cpse	r24, r1
    237a:	0f c0       	rjmp	.+30     	; 0x239a <dec2()+0x44>
/home/jgalera/develop/arduino/usdx/usdx_plus_orange/src/dsp/dsp.cpp:692
      lcd.noCursor();
    237c:	0e 94 7e 11 	call	0x22fc	; 0x22fc <LCD::noCursor() [clone .isra.5]>
_ZN3LCD9setCursorEhh():
/home/jgalera/develop/arduino/usdx/usdx_plus_orange/src/driver/display.h:190
#ifdef CONDENSED
  void setCursor(uint8_t x, uint8_t y) {
    cmd(0x80 | (x + (uint8_t[]){0x00, 0x40, 0x00 + 20, 0x40 + 20}[y]));
  }
#else
  void setCursor(uint8_t x, uint8_t y) { cmd(0x80 | (x + y * 0x40)); }
    2380:	8f ec       	ldi	r24, 0xCF	; 207
    2382:	0e 94 73 11 	call	0x22e6	; 0x22e6 <LCD::cmd(unsigned char) [clone .isra.3] [clone .lto_priv.35]>
_Z4dec2v():
/home/jgalera/develop/arduino/usdx/usdx_plus_orange/src/dsp/dsp.cpp:694
      lcd.setCursor(15, 1);
      lcd.print((filteredstate) ? 'R' : ' ');
    2386:	62 e5       	ldi	r22, 0x52	; 82
    2388:	f1 10       	cpse	r15, r1
    238a:	01 c0       	rjmp	.+2      	; 0x238e <dec2()+0x38>
    238c:	60 e2       	ldi	r22, 0x20	; 32
    238e:	87 eb       	ldi	r24, 0xB7	; 183
    2390:	96 e0       	ldi	r25, 0x06	; 6
    2392:	0e 94 05 04 	call	0x80a	; 0x80a <Print::print(char)>
/home/jgalera/develop/arduino/usdx/usdx_plus_orange/src/dsp/dsp.cpp:695
      stepsize_showcursor();
    2396:	0e 94 a2 11 	call	0x2344	; 0x2344 <stepsize_showcursor()>
    239a:	80 90 11 05 	lds	r8, 0x0511	; 0x800511 <hightimesavg>
    239e:	90 90 12 05 	lds	r9, 0x0512	; 0x800512 <hightimesavg+0x1>
    23a2:	a0 90 13 05 	lds	r10, 0x0513	; 0x800513 <hightimesavg+0x2>
    23a6:	b0 90 14 05 	lds	r11, 0x0514	; 0x800514 <hightimesavg+0x3>
/home/jgalera/develop/arduino/usdx/usdx_plus_orange/src/dsp/dsp.cpp:698
    }

    if (filteredstate == HIGH) {
    23aa:	80 91 cb 05 	lds	r24, 0x05CB	; 0x8005cb <filteredstate>
    23ae:	88 23       	and	r24, r24
    23b0:	09 f4       	brne	.+2      	; 0x23b4 <dec2()+0x5e>
    23b2:	94 c0       	rjmp	.+296    	; 0x24dc <dec2()+0x186>
/home/jgalera/develop/arduino/usdx/usdx_plus_orange/src/dsp/dsp.cpp:699
      starttimehigh = millis();
    23b4:	0e 94 f9 03 	call	0x7f2	; 0x7f2 <millis>
    23b8:	60 93 1d 05 	sts	0x051D, r22	; 0x80051d <starttimehigh>
    23bc:	70 93 1e 05 	sts	0x051E, r23	; 0x80051e <starttimehigh+0x1>
    23c0:	80 93 1f 05 	sts	0x051F, r24	; 0x80051f <starttimehigh+0x2>
    23c4:	90 93 20 05 	sts	0x0520, r25	; 0x800520 <starttimehigh+0x3>
/home/jgalera/develop/arduino/usdx/usdx_plus_orange/src/dsp/dsp.cpp:700
      lowduration = (millis() - startttimelow);
    23c8:	0e 94 f9 03 	call	0x7f2	; 0x7f2 <millis>
    23cc:	c0 90 19 05 	lds	r12, 0x0519	; 0x800519 <startttimelow>
    23d0:	d0 90 1a 05 	lds	r13, 0x051A	; 0x80051a <startttimelow+0x1>
    23d4:	e0 90 1b 05 	lds	r14, 0x051B	; 0x80051b <startttimelow+0x2>
    23d8:	f0 90 1c 05 	lds	r15, 0x051C	; 0x80051c <startttimelow+0x3>
    23dc:	9b 01       	movw	r18, r22
    23de:	ac 01       	movw	r20, r24
    23e0:	2c 19       	sub	r18, r12
    23e2:	3d 09       	sbc	r19, r13
    23e4:	4e 09       	sbc	r20, r14
    23e6:	5f 09       	sbc	r21, r15
    23e8:	69 01       	movw	r12, r18
    23ea:	7a 01       	movw	r14, r20
    23ec:	c0 92 15 05 	sts	0x0515, r12	; 0x800515 <lowduration>
    23f0:	d0 92 16 05 	sts	0x0516, r13	; 0x800516 <lowduration+0x1>
    23f4:	e0 92 17 05 	sts	0x0517, r14	; 0x800517 <lowduration+0x2>
    23f8:	f0 92 18 05 	sts	0x0518, r15	; 0x800518 <lowduration+0x3>
/home/jgalera/develop/arduino/usdx/usdx_plus_orange/src/dsp/dsp.cpp:703
      // highduration = 0;

      if ((sym > 1) &&
    23fc:	80 91 18 06 	lds	r24, 0x0618	; 0x800618 <sym>
    2400:	82 30       	cpi	r24, 0x02	; 2
    2402:	30 f1       	brcs	.+76     	; 0x2450 <dec2()+0xfa>
/home/jgalera/develop/arduino/usdx/usdx_plus_orange/src/dsp/dsp.cpp:705
          lowduration >
              (hightimesavg *
    2404:	d5 01       	movw	r26, r10
    2406:	c4 01       	movw	r24, r8
    2408:	88 0f       	add	r24, r24
    240a:	99 1f       	adc	r25, r25
    240c:	aa 1f       	adc	r26, r26
    240e:	bb 1f       	adc	r27, r27
/home/jgalera/develop/arduino/usdx/usdx_plus_orange/src/dsp/dsp.cpp:703
    if (filteredstate == HIGH) {
      starttimehigh = millis();
      lowduration = (millis() - startttimelow);
      // highduration = 0;

      if ((sym > 1) &&
    2410:	8c 15       	cp	r24, r12
    2412:	9d 05       	cpc	r25, r13
    2414:	ae 05       	cpc	r26, r14
    2416:	bf 05       	cpc	r27, r15
    2418:	d8 f4       	brcc	.+54     	; 0x2450 <dec2()+0xfa>
/home/jgalera/develop/arduino/usdx/usdx_plus_orange/src/dsp/dsp.cpp:708
          lowduration >
              (hightimesavg *
               2) /* && lowduration < hightimesavg*(5*lacktime)*/) { // letter
                                                                     // space
        printsym();
    241a:	0e 94 a7 02 	call	0x54e	; 0x54e <printsym(bool) [clone .constprop.9]>
/home/jgalera/develop/arduino/usdx/usdx_plus_orange/src/dsp/dsp.cpp:709
        wpm = (1200 / hightimesavg * 4 / 3);
    241e:	60 eb       	ldi	r22, 0xB0	; 176
    2420:	74 e0       	ldi	r23, 0x04	; 4
    2422:	80 e0       	ldi	r24, 0x00	; 0
    2424:	90 e0       	ldi	r25, 0x00	; 0
    2426:	a5 01       	movw	r20, r10
    2428:	94 01       	movw	r18, r8
    242a:	0e 94 a6 39 	call	0x734c	; 0x734c <__udivmodsi4>
    242e:	ca 01       	movw	r24, r20
    2430:	b9 01       	movw	r22, r18
    2432:	a2 e0       	ldi	r26, 0x02	; 2
    2434:	66 0f       	add	r22, r22
    2436:	77 1f       	adc	r23, r23
    2438:	88 1f       	adc	r24, r24
    243a:	99 1f       	adc	r25, r25
    243c:	aa 95       	dec	r26
    243e:	d1 f7       	brne	.-12     	; 0x2434 <dec2()+0xde>
    2440:	23 e0       	ldi	r18, 0x03	; 3
    2442:	30 e0       	ldi	r19, 0x00	; 0
    2444:	40 e0       	ldi	r20, 0x00	; 0
    2446:	50 e0       	ldi	r21, 0x00	; 0
    2448:	0e 94 a6 39 	call	0x734c	; 0x734c <__udivmodsi4>
    244c:	20 93 71 01 	sts	0x0171, r18	; 0x800171 <wpm>
/home/jgalera/develop/arduino/usdx/usdx_plus_orange/src/dsp/dsp.cpp:713
        // if(lowduration >= hightimesavg*(5)){ sym=1; printsym(); } // (print
        // additional space) word space
      }
      if (lowduration >= hightimesavg * (5)) {
    2450:	a5 e0       	ldi	r26, 0x05	; 5
    2452:	b0 e0       	ldi	r27, 0x00	; 0
    2454:	a5 01       	movw	r20, r10
    2456:	94 01       	movw	r18, r8
    2458:	0e 94 0b 3a 	call	0x7416	; 0x7416 <__muluhisi3>
    245c:	c6 16       	cp	r12, r22
    245e:	d7 06       	cpc	r13, r23
    2460:	e8 06       	cpc	r14, r24
    2462:	f9 06       	cpc	r15, r25
    2464:	28 f0       	brcs	.+10     	; 0x2470 <dec2()+0x11a>
/home/jgalera/develop/arduino/usdx/usdx_plus_orange/src/dsp/dsp.cpp:714
        sym = 1;
    2466:	81 e0       	ldi	r24, 0x01	; 1
    2468:	80 93 18 06 	sts	0x0618, r24	; 0x800618 <sym>
/home/jgalera/develop/arduino/usdx/usdx_plus_orange/src/dsp/dsp.cpp:715
        printsym();
    246c:	0e 94 a7 02 	call	0x54e	; 0x54e <printsym(bool) [clone .constprop.9]>
/home/jgalera/develop/arduino/usdx/usdx_plus_orange/src/dsp/dsp.cpp:743
#endif
      }
    }
  }

  if (((millis() - startttimelow) > hightimesavg * (6)) && (sym > 1)) {
    2470:	0e 94 f9 03 	call	0x7f2	; 0x7f2 <millis>
    2474:	c0 90 19 05 	lds	r12, 0x0519	; 0x800519 <startttimelow>
    2478:	d0 90 1a 05 	lds	r13, 0x051A	; 0x80051a <startttimelow+0x1>
    247c:	e0 90 1b 05 	lds	r14, 0x051B	; 0x80051b <startttimelow+0x2>
    2480:	f0 90 1c 05 	lds	r15, 0x051C	; 0x80051c <startttimelow+0x3>
    2484:	9b 01       	movw	r18, r22
    2486:	ac 01       	movw	r20, r24
    2488:	2c 19       	sub	r18, r12
    248a:	3d 09       	sbc	r19, r13
    248c:	4e 09       	sbc	r20, r14
    248e:	5f 09       	sbc	r21, r15
    2490:	69 01       	movw	r12, r18
    2492:	7a 01       	movw	r14, r20
    2494:	20 91 11 05 	lds	r18, 0x0511	; 0x800511 <hightimesavg>
    2498:	30 91 12 05 	lds	r19, 0x0512	; 0x800512 <hightimesavg+0x1>
    249c:	40 91 13 05 	lds	r20, 0x0513	; 0x800513 <hightimesavg+0x2>
    24a0:	50 91 14 05 	lds	r21, 0x0514	; 0x800514 <hightimesavg+0x3>
    24a4:	a6 e0       	ldi	r26, 0x06	; 6
    24a6:	b0 e0       	ldi	r27, 0x00	; 0
    24a8:	0e 94 0b 3a 	call	0x7416	; 0x7416 <__muluhisi3>
    24ac:	6c 15       	cp	r22, r12
    24ae:	7d 05       	cpc	r23, r13
    24b0:	8e 05       	cpc	r24, r14
    24b2:	9f 05       	cpc	r25, r15
    24b4:	30 f4       	brcc	.+12     	; 0x24c2 <dec2()+0x16c>
    24b6:	80 91 18 06 	lds	r24, 0x0618	; 0x800618 <sym>
    24ba:	82 30       	cpi	r24, 0x02	; 2
    24bc:	10 f0       	brcs	.+4      	; 0x24c2 <dec2()+0x16c>
/home/jgalera/develop/arduino/usdx/usdx_plus_orange/src/dsp/dsp.cpp:744
    printsym(); // write if no more letters
    24be:	0e 94 a7 02 	call	0x54e	; 0x54e <printsym(bool) [clone .constprop.9]>
/home/jgalera/develop/arduino/usdx/usdx_plus_orange/src/dsp/dsp.cpp:747
  }

  filteredstatebefore = filteredstate;
    24c2:	80 91 cb 05 	lds	r24, 0x05CB	; 0x8005cb <filteredstate>
    24c6:	80 93 21 05 	sts	0x0521, r24	; 0x800521 <filteredstatebefore>
/home/jgalera/develop/arduino/usdx/usdx_plus_orange/src/dsp/dsp.cpp:748
}
    24ca:	ff 90       	pop	r15
    24cc:	ef 90       	pop	r14
    24ce:	df 90       	pop	r13
    24d0:	cf 90       	pop	r12
    24d2:	bf 90       	pop	r11
    24d4:	af 90       	pop	r10
    24d6:	9f 90       	pop	r9
    24d8:	8f 90       	pop	r8
    24da:	08 95       	ret
/home/jgalera/develop/arduino/usdx/usdx_plus_orange/src/dsp/dsp.cpp:720
        printsym();
      } // (print additional space) word space
    }

    if (filteredstate == LOW) {
      startttimelow = millis();
    24dc:	0e 94 f9 03 	call	0x7f2	; 0x7f2 <millis>
    24e0:	60 93 19 05 	sts	0x0519, r22	; 0x800519 <startttimelow>
    24e4:	70 93 1a 05 	sts	0x051A, r23	; 0x80051a <startttimelow+0x1>
    24e8:	80 93 1b 05 	sts	0x051B, r24	; 0x80051b <startttimelow+0x2>
    24ec:	90 93 1c 05 	sts	0x051C, r25	; 0x80051c <startttimelow+0x3>
/home/jgalera/develop/arduino/usdx/usdx_plus_orange/src/dsp/dsp.cpp:721
      highduration = (millis() - starttimehigh);
    24f0:	0e 94 f9 03 	call	0x7f2	; 0x7f2 <millis>
    24f4:	c0 90 1d 05 	lds	r12, 0x051D	; 0x80051d <starttimehigh>
    24f8:	d0 90 1e 05 	lds	r13, 0x051E	; 0x80051e <starttimehigh+0x1>
    24fc:	e0 90 1f 05 	lds	r14, 0x051F	; 0x80051f <starttimehigh+0x2>
    2500:	f0 90 20 05 	lds	r15, 0x0520	; 0x800520 <starttimehigh+0x3>
    2504:	9b 01       	movw	r18, r22
    2506:	ac 01       	movw	r20, r24
    2508:	2c 19       	sub	r18, r12
    250a:	3d 09       	sbc	r19, r13
    250c:	4e 09       	sbc	r20, r14
    250e:	5f 09       	sbc	r21, r15
    2510:	69 01       	movw	r12, r18
    2512:	7a 01       	movw	r14, r20
/home/jgalera/develop/arduino/usdx/usdx_plus_orange/src/dsp/dsp.cpp:723
      // lowduration = 0;
      if (highduration < (2 * hightimesavg) || hightimesavg == 0) {
    2514:	d5 01       	movw	r26, r10
    2516:	c4 01       	movw	r24, r8
    2518:	88 0f       	add	r24, r24
    251a:	99 1f       	adc	r25, r25
    251c:	aa 1f       	adc	r26, r26
    251e:	bb 1f       	adc	r27, r27
    2520:	c8 16       	cp	r12, r24
    2522:	d9 06       	cpc	r13, r25
    2524:	ea 06       	cpc	r14, r26
    2526:	fb 06       	cpc	r15, r27
    2528:	20 f0       	brcs	.+8      	; 0x2532 <dec2()+0x1dc>
    252a:	89 28       	or	r8, r9
    252c:	8a 28       	or	r8, r10
    252e:	8b 28       	or	r8, r11
    2530:	a1 f4       	brne	.+40     	; 0x255a <dec2()+0x204>
/home/jgalera/develop/arduino/usdx/usdx_plus_orange/src/dsp/dsp.cpp:724
        hightimesavg = (highduration + hightimesavg + hightimesavg) /
    2532:	bc 01       	movw	r22, r24
    2534:	cd 01       	movw	r24, r26
    2536:	6c 0d       	add	r22, r12
    2538:	7d 1d       	adc	r23, r13
    253a:	8e 1d       	adc	r24, r14
    253c:	9f 1d       	adc	r25, r15
    253e:	23 e0       	ldi	r18, 0x03	; 3
    2540:	30 e0       	ldi	r19, 0x00	; 0
    2542:	40 e0       	ldi	r20, 0x00	; 0
    2544:	50 e0       	ldi	r21, 0x00	; 0
    2546:	0e 94 a6 39 	call	0x734c	; 0x734c <__udivmodsi4>
    254a:	20 93 11 05 	sts	0x0511, r18	; 0x800511 <hightimesavg>
    254e:	30 93 12 05 	sts	0x0512, r19	; 0x800512 <hightimesavg+0x1>
    2552:	40 93 13 05 	sts	0x0513, r20	; 0x800513 <hightimesavg+0x2>
    2556:	50 93 14 05 	sts	0x0514, r21	; 0x800514 <hightimesavg+0x3>
/home/jgalera/develop/arduino/usdx/usdx_plus_orange/src/dsp/dsp.cpp:727
                       3; // now we know avg dit time (rolling 3 avg)
      }
      if (highduration > (5 * hightimesavg)) {
    255a:	20 91 11 05 	lds	r18, 0x0511	; 0x800511 <hightimesavg>
    255e:	30 91 12 05 	lds	r19, 0x0512	; 0x800512 <hightimesavg+0x1>
    2562:	40 91 13 05 	lds	r20, 0x0513	; 0x800513 <hightimesavg+0x2>
    2566:	50 91 14 05 	lds	r21, 0x0514	; 0x800514 <hightimesavg+0x3>
    256a:	a5 e0       	ldi	r26, 0x05	; 5
    256c:	b0 e0       	ldi	r27, 0x00	; 0
    256e:	0e 94 0b 3a 	call	0x7416	; 0x7416 <__muluhisi3>
    2572:	6c 15       	cp	r22, r12
    2574:	7d 05       	cpc	r23, r13
    2576:	8e 05       	cpc	r24, r14
    2578:	9f 05       	cpc	r25, r15
    257a:	80 f4       	brcc	.+32     	; 0x259c <dec2()+0x246>
/home/jgalera/develop/arduino/usdx/usdx_plus_orange/src/dsp/dsp.cpp:728
        hightimesavg = highduration / 3; // if speed decrease fast ..
    257c:	c7 01       	movw	r24, r14
    257e:	b6 01       	movw	r22, r12
    2580:	23 e0       	ldi	r18, 0x03	; 3
    2582:	30 e0       	ldi	r19, 0x00	; 0
    2584:	40 e0       	ldi	r20, 0x00	; 0
    2586:	50 e0       	ldi	r21, 0x00	; 0
    2588:	0e 94 a6 39 	call	0x734c	; 0x734c <__udivmodsi4>
    258c:	20 93 11 05 	sts	0x0511, r18	; 0x800511 <hightimesavg>
    2590:	30 93 12 05 	sts	0x0512, r19	; 0x800512 <hightimesavg+0x1>
    2594:	40 93 13 05 	sts	0x0513, r20	; 0x800513 <hightimesavg+0x2>
    2598:	50 93 14 05 	sts	0x0514, r21	; 0x800514 <hightimesavg+0x3>
/home/jgalera/develop/arduino/usdx/usdx_plus_orange/src/dsp/dsp.cpp:732
        // hightimesavg = highduration+hightimesavg;     // if speed decrease
        // fast ..
      }
      if (highduration > (hightimesavg / 2)) {
    259c:	40 91 11 05 	lds	r20, 0x0511	; 0x800511 <hightimesavg>
    25a0:	50 91 12 05 	lds	r21, 0x0512	; 0x800512 <hightimesavg+0x1>
    25a4:	60 91 13 05 	lds	r22, 0x0513	; 0x800513 <hightimesavg+0x2>
    25a8:	70 91 14 05 	lds	r23, 0x0514	; 0x800514 <hightimesavg+0x3>
    25ac:	db 01       	movw	r26, r22
    25ae:	ca 01       	movw	r24, r20
    25b0:	b6 95       	lsr	r27
    25b2:	a7 95       	ror	r26
    25b4:	97 95       	ror	r25
    25b6:	87 95       	ror	r24
    25b8:	8c 15       	cp	r24, r12
    25ba:	9d 05       	cpc	r25, r13
    25bc:	ae 05       	cpc	r26, r14
    25be:	bf 05       	cpc	r27, r15
    25c0:	08 f0       	brcs	.+2      	; 0x25c4 <dec2()+0x26e>
    25c2:	56 cf       	rjmp	.-340    	; 0x2470 <dec2()+0x11a>
/home/jgalera/develop/arduino/usdx/usdx_plus_orange/src/dsp/dsp.cpp:733
        sym = (sym << 1) |
    25c4:	80 91 18 06 	lds	r24, 0x0618	; 0x800618 <sym>
    25c8:	90 e0       	ldi	r25, 0x00	; 0
    25ca:	88 0f       	add	r24, r24
    25cc:	99 1f       	adc	r25, r25
/home/jgalera/develop/arduino/usdx/usdx_plus_orange/src/dsp/dsp.cpp:734
              (highduration > (hightimesavg * 2)); // dit (0) or dash (1)
    25ce:	44 0f       	add	r20, r20
    25d0:	55 1f       	adc	r21, r21
    25d2:	66 1f       	adc	r22, r22
    25d4:	77 1f       	adc	r23, r23
    25d6:	21 e0       	ldi	r18, 0x01	; 1
    25d8:	4c 15       	cp	r20, r12
    25da:	5d 05       	cpc	r21, r13
    25dc:	6e 05       	cpc	r22, r14
    25de:	7f 05       	cpc	r23, r15
    25e0:	08 f0       	brcs	.+2      	; 0x25e4 <dec2()+0x28e>
    25e2:	20 e0       	ldi	r18, 0x00	; 0
/home/jgalera/develop/arduino/usdx/usdx_plus_orange/src/dsp/dsp.cpp:733
        hightimesavg = highduration / 3; // if speed decrease fast ..
        // hightimesavg = highduration+hightimesavg;     // if speed decrease
        // fast ..
      }
      if (highduration > (hightimesavg / 2)) {
        sym = (sym << 1) |
    25e4:	82 2b       	or	r24, r18
    25e6:	80 93 18 06 	sts	0x0618, r24	; 0x800618 <sym>
    25ea:	42 cf       	rjmp	.-380    	; 0x2470 <dec2()+0x11a>

000025ec <stepsize_change(signed char)>:
_Z15stepsize_changea():
/home/jgalera/develop/arduino/usdx/usdx_plus_orange/src/core/core.cpp:593
  lcd.cursor();
}

void stepsize_change(int8_t val) {
  stepsize += val;
    25ec:	90 91 c7 01 	lds	r25, 0x01C7	; 0x8001c7 <stepsize>
    25f0:	98 0f       	add	r25, r24
    25f2:	90 93 c7 01 	sts	0x01C7, r25	; 0x8001c7 <stepsize>
/home/jgalera/develop/arduino/usdx/usdx_plus_orange/src/core/core.cpp:594
  if (stepsize < STEP_1M)
    25f6:	90 91 c7 01 	lds	r25, 0x01C7	; 0x8001c7 <stepsize>
    25fa:	91 11       	cpse	r25, r1
    25fc:	03 c0       	rjmp	.+6      	; 0x2604 <stepsize_change(signed char)+0x18>
/home/jgalera/develop/arduino/usdx/usdx_plus_orange/src/core/core.cpp:595
    stepsize = STEP_10;
    25fe:	98 e0       	ldi	r25, 0x08	; 8
    2600:	90 93 c7 01 	sts	0x01C7, r25	; 0x8001c7 <stepsize>
/home/jgalera/develop/arduino/usdx/usdx_plus_orange/src/core/core.cpp:596
  if (stepsize > STEP_10)
    2604:	90 91 c7 01 	lds	r25, 0x01C7	; 0x8001c7 <stepsize>
    2608:	99 30       	cpi	r25, 0x09	; 9
    260a:	18 f0       	brcs	.+6      	; 0x2612 <stepsize_change(signed char)+0x26>
/home/jgalera/develop/arduino/usdx/usdx_plus_orange/src/core/core.cpp:597
    stepsize = STEP_1M;
    260c:	91 e0       	ldi	r25, 0x01	; 1
    260e:	90 93 c7 01 	sts	0x01C7, r25	; 0x8001c7 <stepsize>
/home/jgalera/develop/arduino/usdx/usdx_plus_orange/src/core/core.cpp:598
  if (stepsize == STEP_10k || stepsize == STEP_500k)
    2612:	90 91 c7 01 	lds	r25, 0x01C7	; 0x8001c7 <stepsize>
    2616:	94 30       	cpi	r25, 0x04	; 4
    2618:	21 f0       	breq	.+8      	; 0x2622 <stepsize_change(signed char)+0x36>
    261a:	90 91 c7 01 	lds	r25, 0x01C7	; 0x8001c7 <stepsize>
    261e:	92 30       	cpi	r25, 0x02	; 2
    2620:	29 f4       	brne	.+10     	; 0x262c <stepsize_change(signed char)+0x40>
/home/jgalera/develop/arduino/usdx/usdx_plus_orange/src/core/core.cpp:599
    stepsize += val;
    2622:	90 91 c7 01 	lds	r25, 0x01C7	; 0x8001c7 <stepsize>
    2626:	89 0f       	add	r24, r25
    2628:	80 93 c7 01 	sts	0x01C7, r24	; 0x8001c7 <stepsize>
/home/jgalera/develop/arduino/usdx/usdx_plus_orange/src/core/core.cpp:600
  stepsize_showcursor();
    262c:	0c 94 a2 11 	jmp	0x2344	; 0x2344 <stepsize_showcursor()>

00002630 <update_PaddleLatch()>:
_Z18update_PaddleLatchv():
/home/jgalera/develop/arduino/usdx/usdx_plus_orange/src/core/core.cpp:36
                            : 0;
  }
  return digitalRead(pin);
}
#else
uint8_t _digitalRead(uint8_t pin) { return digitalRead(pin); }
    2630:	8d e0       	ldi	r24, 0x0D	; 13
    2632:	0e 94 ee 02 	call	0x5dc	; 0x5dc <digitalRead>
/home/jgalera/develop/arduino/usdx/usdx_plus_orange/src/core/core.cpp:55
                     // in line 43.

int debounce;

void update_PaddleLatch() {
  if (_digitalRead(DIT) == LOW) {
    2636:	81 11       	cpse	r24, r1
    2638:	0a c0       	rjmp	.+20     	; 0x264e <update_PaddleLatch()+0x1e>
/home/jgalera/develop/arduino/usdx/usdx_plus_orange/src/core/core.cpp:56
    keyerControl |= keyer_swap ? DAH_L : DIT_L;
    263a:	80 91 f7 05 	lds	r24, 0x05F7	; 0x8005f7 <keyer_swap>
    263e:	91 e0       	ldi	r25, 0x01	; 1
    2640:	81 11       	cpse	r24, r1
    2642:	92 e0       	ldi	r25, 0x02	; 2
    2644:	80 91 04 06 	lds	r24, 0x0604	; 0x800604 <keyerControl>
    2648:	89 2b       	or	r24, r25
    264a:	80 93 04 06 	sts	0x0604, r24	; 0x800604 <keyerControl>
_digitalRead():
/home/jgalera/develop/arduino/usdx/usdx_plus_orange/src/core/core.cpp:36
                            : 0;
  }
  return digitalRead(pin);
}
#else
uint8_t _digitalRead(uint8_t pin) { return digitalRead(pin); }
    264e:	8c e0       	ldi	r24, 0x0C	; 12
    2650:	0e 94 ee 02 	call	0x5dc	; 0x5dc <digitalRead>
_Z18update_PaddleLatchv():
/home/jgalera/develop/arduino/usdx/usdx_plus_orange/src/core/core.cpp:58

void update_PaddleLatch() {
  if (_digitalRead(DIT) == LOW) {
    keyerControl |= keyer_swap ? DAH_L : DIT_L;
  }
  if (_digitalRead(DAH) == LOW) {
    2654:	81 11       	cpse	r24, r1
    2656:	0a c0       	rjmp	.+20     	; 0x266c <update_PaddleLatch()+0x3c>
/home/jgalera/develop/arduino/usdx/usdx_plus_orange/src/core/core.cpp:59
    keyerControl |= keyer_swap ? DIT_L : DAH_L;
    2658:	80 91 f7 05 	lds	r24, 0x05F7	; 0x8005f7 <keyer_swap>
    265c:	92 e0       	ldi	r25, 0x02	; 2
    265e:	81 11       	cpse	r24, r1
    2660:	91 e0       	ldi	r25, 0x01	; 1
    2662:	80 91 04 06 	lds	r24, 0x0604	; 0x800604 <keyerControl>
    2666:	89 2b       	or	r24, r25
    2668:	80 93 04 06 	sts	0x0604, r24	; 0x800604 <keyerControl>
/home/jgalera/develop/arduino/usdx/usdx_plus_orange/src/core/core.cpp:61
  }
}
    266c:	08 95       	ret

0000266e <LCD::pre() [clone .isra.14]>:
_ZN3LCD3preEv.isra.14():
/home/jgalera/develop/arduino/usdx/usdx_plus_orange/src/driver/display.h:95
    nib((b), true);
    Wire.endTransmission();
    return 1;
  }
#else
  void pre() {
    266e:	0f 93       	push	r16
    2670:	1f 93       	push	r17
/home/jgalera/develop/arduino/usdx/usdx_plus_orange/src/driver/display.h:97
#ifdef _SERIAL
    if (!vox)
    2672:	80 91 0d 06 	lds	r24, 0x060D	; 0x80060d <vox>
    2676:	81 11       	cpse	r24, r1
    2678:	1b c0       	rjmp	.+54     	; 0x26b0 <LCD::pre() [clone .isra.14]+0x42>
/home/jgalera/develop/arduino/usdx/usdx_plus_orange/src/driver/display.h:98
      if (cat_active) {
    267a:	80 91 c1 05 	lds	r24, 0x05C1	; 0x8005c1 <cat_active>
    267e:	88 23       	and	r24, r24
    2680:	b9 f0       	breq	.+46     	; 0x26b0 <LCD::pre() [clone .isra.14]+0x42>
/home/jgalera/develop/arduino/usdx/usdx_plus_orange/src/driver/display.h:99
        Serial.flush();
    2682:	8a e1       	ldi	r24, 0x1A	; 26
    2684:	96 e0       	ldi	r25, 0x06	; 6
    2686:	0e 94 ef 04 	call	0x9de	; 0x9de <HardwareSerial::flush()>
/home/jgalera/develop/arduino/usdx/usdx_plus_orange/src/driver/display.h:100
        for (; millis() < rxend_event;)
    268a:	0e 94 f9 03 	call	0x7f2	; 0x7f2 <millis>
    268e:	00 91 b9 05 	lds	r16, 0x05B9	; 0x8005b9 <rxend_event>
    2692:	10 91 ba 05 	lds	r17, 0x05BA	; 0x8005ba <rxend_event+0x1>
    2696:	20 91 bb 05 	lds	r18, 0x05BB	; 0x8005bb <rxend_event+0x2>
    269a:	30 91 bc 05 	lds	r19, 0x05BC	; 0x8005bc <rxend_event+0x3>
    269e:	60 17       	cp	r22, r16
    26a0:	71 07       	cpc	r23, r17
    26a2:	82 07       	cpc	r24, r18
    26a4:	93 07       	cpc	r25, r19
    26a6:	10 f4       	brcc	.+4      	; 0x26ac <LCD::pre() [clone .isra.14]+0x3e>
/home/jgalera/develop/arduino/usdx/usdx_plus_orange/src/driver/display.h:101
          wdt_reset();
    26a8:	a8 95       	wdr
    26aa:	ef cf       	rjmp	.-34     	; 0x268a <LCD::pre() [clone .isra.14]+0x1c>
/home/jgalera/develop/arduino/usdx/usdx_plus_orange/src/driver/display.h:102
        PORTC |= 1 << 2;
    26ac:	42 9a       	sbi	0x08, 2	; 8
/home/jgalera/develop/arduino/usdx/usdx_plus_orange/src/driver/display.h:103
        DDRC |= 1 << 2;
    26ae:	3a 9a       	sbi	0x07, 2	; 7
/home/jgalera/develop/arduino/usdx/usdx_plus_orange/src/driver/display.h:105
      }
    UCSR0B &= ~((1 << RXEN0) | (1 << TXEN0));
    26b0:	80 91 c1 00 	lds	r24, 0x00C1	; 0x8000c1 <__DATA_REGION_ORIGIN__+0x61>
    26b4:	87 7e       	andi	r24, 0xE7	; 231
    26b6:	80 93 c1 00 	sts	0x00C1, r24	; 0x8000c1 <__DATA_REGION_ORIGIN__+0x61>
/home/jgalera/develop/arduino/usdx/usdx_plus_orange/src/driver/display.h:107
#endif
    noInterrupts();
    26ba:	f8 94       	cli
/home/jgalera/develop/arduino/usdx/usdx_plus_orange/src/driver/display.h:108
  }
    26bc:	1f 91       	pop	r17
    26be:	0f 91       	pop	r16
    26c0:	08 95       	ret

000026c2 <SI5351::SendRegister(unsigned char, unsigned char*, unsigned char) [clone .isra.7]>:
_ZN6SI535112SendRegisterEhPhh.isra.7():
/home/jgalera/develop/arduino/usdx/usdx_plus_orange/src/driver/si5351.h:110
    i2c.SendByte(pll_regs[7]);
    i2c.stop();
  }
#endif               // !NEW_TX

  void SendRegister(uint8_t reg, uint8_t *data, uint8_t n) {
    26c2:	ff 92       	push	r15
    26c4:	0f 93       	push	r16
    26c6:	1f 93       	push	r17
    26c8:	cf 93       	push	r28
    26ca:	df 93       	push	r29
    26cc:	c8 2f       	mov	r28, r24
    26ce:	f6 2e       	mov	r15, r22
    26d0:	07 2f       	mov	r16, r23
    26d2:	14 2f       	mov	r17, r20
/home/jgalera/develop/arduino/usdx/usdx_plus_orange/src/driver/si5351.h:111
    i2c.start();
    26d4:	0e 94 1b 05 	call	0xa36	; 0xa36 <I2C::start() [clone .isra.1]>
/home/jgalera/develop/arduino/usdx/usdx_plus_orange/src/driver/si5351.h:112
    i2c.SendByte(SI5351_ADDR << 1);
    26d8:	80 ec       	ldi	r24, 0xC0	; 192
    26da:	0e 94 a6 01 	call	0x34c	; 0x34c <I2C::SendByte(unsigned char) [clone .constprop.32]>
/home/jgalera/develop/arduino/usdx/usdx_plus_orange/src/driver/si5351.h:113
    i2c.SendByte(reg);
    26de:	8c 2f       	mov	r24, r28
    26e0:	0e 94 a6 01 	call	0x34c	; 0x34c <I2C::SendByte(unsigned char) [clone .constprop.32]>
    26e4:	cf 2d       	mov	r28, r15
    26e6:	d0 2f       	mov	r29, r16
/home/jgalera/develop/arduino/usdx/usdx_plus_orange/src/driver/si5351.h:114
    while (n--)
    26e8:	11 50       	subi	r17, 0x01	; 1
    26ea:	20 f0       	brcs	.+8      	; 0x26f4 <SI5351::SendRegister(unsigned char, unsigned char*, unsigned char) [clone .isra.7]+0x32>
/home/jgalera/develop/arduino/usdx/usdx_plus_orange/src/driver/si5351.h:115
      i2c.SendByte(*data++);
    26ec:	89 91       	ld	r24, Y+
    26ee:	0e 94 a6 01 	call	0x34c	; 0x34c <I2C::SendByte(unsigned char) [clone .constprop.32]>
    26f2:	fa cf       	rjmp	.-12     	; 0x26e8 <SI5351::SendRegister(unsigned char, unsigned char*, unsigned char) [clone .isra.7]+0x26>
/home/jgalera/develop/arduino/usdx/usdx_plus_orange/src/driver/si5351.h:117
    i2c.stop();
  }
    26f4:	df 91       	pop	r29
    26f6:	cf 91       	pop	r28
    26f8:	1f 91       	pop	r17
    26fa:	0f 91       	pop	r16
    26fc:	ff 90       	pop	r15
/home/jgalera/develop/arduino/usdx/usdx_plus_orange/src/driver/si5351.h:116
    i2c.start();
    i2c.SendByte(SI5351_ADDR << 1);
    i2c.SendByte(reg);
    while (n--)
      i2c.SendByte(*data++);
    i2c.stop();
    26fe:	0c 94 0f 05 	jmp	0xa1e	; 0xa1e <I2C::stop() [clone .isra.3]>

00002702 <SI5351::SendRegister(unsigned char, unsigned char) [clone .isra.11]>:
_ZN6SI535112SendRegisterEhh.isra.8():
/home/jgalera/develop/arduino/usdx/usdx_plus_orange/src/driver/si5351.h:118
  }
  void SendRegister(uint8_t reg, uint8_t val) { SendRegister(reg, &val, 1); }
    2702:	cf 93       	push	r28
    2704:	df 93       	push	r29
    2706:	1f 92       	push	r1
    2708:	cd b7       	in	r28, 0x3d	; 61
    270a:	de b7       	in	r29, 0x3e	; 62
    270c:	69 83       	std	Y+1, r22	; 0x01
    270e:	41 e0       	ldi	r20, 0x01	; 1
    2710:	be 01       	movw	r22, r28
    2712:	6f 5f       	subi	r22, 0xFF	; 255
    2714:	7f 4f       	sbci	r23, 0xFF	; 255
    2716:	0e 94 61 13 	call	0x26c2	; 0x26c2 <SI5351::SendRegister(unsigned char, unsigned char*, unsigned char) [clone .isra.7]>
    271a:	0f 90       	pop	r0
    271c:	df 91       	pop	r29
    271e:	cf 91       	pop	r28
    2720:	08 95       	ret

00002722 <dsp_tx()>:
_Z6dsp_txv():
/home/jgalera/develop/arduino/usdx/usdx_plus_orange/src/dsp/dsp.cpp:247
// This is the ADC ISR, issued with sample-rate via timer1 compb interrupt.
// It performs in real-time the ADC sampling, calculation of SSB
// phase-differences, calculation of SI5351 frequency registers and send the
// registers to SI5351 over I2C.
static int16_t _adc;
void dsp_tx() {  // jitter dependent things first
    2722:	cf 93       	push	r28
    2724:	df 93       	push	r29
/home/jgalera/develop/arduino/usdx/usdx_plus_orange/src/dsp/dsp.cpp:251
#ifdef MULTI_ADC // SSB with multiple ADC conversions:
  int16_t adc;   // current ADC sample 10-bits analog input, NOTE: first ADCL,
                 // then ADCH
  adc = ADC;
    2726:	c0 91 78 00 	lds	r28, 0x0078	; 0x800078 <__DATA_REGION_ORIGIN__+0x18>
    272a:	d0 91 79 00 	lds	r29, 0x0079	; 0x800079 <__DATA_REGION_ORIGIN__+0x19>
/home/jgalera/develop/arduino/usdx/usdx_plus_orange/src/dsp/dsp.cpp:252
  ADCSRA |= (1 << ADSC);
    272e:	80 91 7a 00 	lds	r24, 0x007A	; 0x80007a <__DATA_REGION_ORIGIN__+0x1a>
    2732:	80 64       	ori	r24, 0x40	; 64
    2734:	80 93 7a 00 	sts	0x007A, r24	; 0x80007a <__DATA_REGION_ORIGIN__+0x1a>
/home/jgalera/develop/arduino/usdx/usdx_plus_orange/src/dsp/dsp.cpp:256
  // OCR1BL = amp;                        // submit amplitude to PWM register
  // (actually this is done in advance (about 140us) of phase-change, so that
  // phase-delays in key-shaping circuit filter can settle)
  si5351.SendPLLRegisterBulk(); // submit frequency registers to SI5351 over
    2738:	0e 94 22 05 	call	0xa44	; 0xa44 <SI5351::SendPLLRegisterBulk() [clone .constprop.28]>
/home/jgalera/develop/arduino/usdx/usdx_plus_orange/src/dsp/dsp.cpp:277
      18, (quad)
              ? 0x1f
              : 0x0f); // Invert/non-invert CLK2 in case of a huge phase-change
#endif
#endif          // QUAD
  OCR1BL = amp; // submit amplitude to PWM register (takes about 1/32125 =
    273c:	80 91 10 04 	lds	r24, 0x0410	; 0x800410 <amp>
    2740:	80 93 8a 00 	sts	0x008A, r24	; 0x80008a <__DATA_REGION_ORIGIN__+0x2a>
/home/jgalera/develop/arduino/usdx/usdx_plus_orange/src/dsp/dsp.cpp:280
                // 31us+/-31us to propagate) -> amplitude-phase-alignment error
                // is about 30-50us
  adc += ADC;
    2744:	80 91 78 00 	lds	r24, 0x0078	; 0x800078 <__DATA_REGION_ORIGIN__+0x18>
    2748:	90 91 79 00 	lds	r25, 0x0079	; 0x800079 <__DATA_REGION_ORIGIN__+0x19>
    274c:	c8 0f       	add	r28, r24
    274e:	d9 1f       	adc	r29, r25
/home/jgalera/develop/arduino/usdx/usdx_plus_orange/src/dsp/dsp.cpp:281
  ADCSRA |=
    2750:	80 91 7a 00 	lds	r24, 0x007A	; 0x80007a <__DATA_REGION_ORIGIN__+0x1a>
    2754:	80 64       	ori	r24, 0x40	; 64
    2756:	80 93 7a 00 	sts	0x007A, r24	; 0x80007a <__DATA_REGION_ORIGIN__+0x1a>
/home/jgalera/develop/arduino/usdx/usdx_plus_orange/src/dsp/dsp.cpp:285
      (1 << ADSC); // causes RFI on QCX-SSB units (not on units with direct
                   // biasing); ENABLE this line when using direct biasing!!
  int16_t df =
      ssb(_adc >> MIC_ATTEN); // convert analog input into phase-shifts (carrier
    275a:	80 91 0c 04 	lds	r24, 0x040C	; 0x80040c <_adc>
    275e:	90 91 0d 04 	lds	r25, 0x040D	; 0x80040d <_adc+0x1>
    2762:	0e 94 7b 0f 	call	0x1ef6	; 0x1ef6 <ssb(int)>
/home/jgalera/develop/arduino/usdx/usdx_plus_orange/src/dsp/dsp.cpp:287
                              // out by periodic frequency shifts)
  adc += ADC;
    2766:	20 91 78 00 	lds	r18, 0x0078	; 0x800078 <__DATA_REGION_ORIGIN__+0x18>
    276a:	30 91 79 00 	lds	r19, 0x0079	; 0x800079 <__DATA_REGION_ORIGIN__+0x19>
    276e:	c2 0f       	add	r28, r18
    2770:	d3 1f       	adc	r29, r19
/home/jgalera/develop/arduino/usdx/usdx_plus_orange/src/dsp/dsp.cpp:288
  ADCSRA |= (1 << ADSC);
    2772:	20 91 7a 00 	lds	r18, 0x007A	; 0x80007a <__DATA_REGION_ORIGIN__+0x1a>
    2776:	20 64       	ori	r18, 0x40	; 64
    2778:	20 93 7a 00 	sts	0x007A, r18	; 0x80007a <__DATA_REGION_ORIGIN__+0x1a>
/home/jgalera/develop/arduino/usdx/usdx_plus_orange/src/dsp/dsp.cpp:289
  si5351.freq_calc_fast(df); // calculate SI5351 registers based on frequency
    277c:	0e 94 2e 02 	call	0x45c	; 0x45c <SI5351::freq_calc_fast(int) [clone .constprop.29]>
/home/jgalera/develop/arduino/usdx/usdx_plus_orange/src/dsp/dsp.cpp:291
                             // shift and carrier frequency
  adc += ADC;
    2780:	20 91 78 00 	lds	r18, 0x0078	; 0x800078 <__DATA_REGION_ORIGIN__+0x18>
    2784:	30 91 79 00 	lds	r19, 0x0079	; 0x800079 <__DATA_REGION_ORIGIN__+0x19>
/home/jgalera/develop/arduino/usdx/usdx_plus_orange/src/dsp/dsp.cpp:292
  ADCSRA |= (1 << ADSC);
    2788:	90 91 7a 00 	lds	r25, 0x007A	; 0x80007a <__DATA_REGION_ORIGIN__+0x1a>
    278c:	90 64       	ori	r25, 0x40	; 64
    278e:	90 93 7a 00 	sts	0x007A, r25	; 0x80007a <__DATA_REGION_ORIGIN__+0x1a>
/home/jgalera/develop/arduino/usdx/usdx_plus_orange/src/dsp/dsp.cpp:291
                              // out by periodic frequency shifts)
  adc += ADC;
  ADCSRA |= (1 << ADSC);
  si5351.freq_calc_fast(df); // calculate SI5351 registers based on frequency
                             // shift and carrier frequency
  adc += ADC;
    2792:	ce 01       	movw	r24, r28
    2794:	82 0f       	add	r24, r18
    2796:	93 1f       	adc	r25, r19
/home/jgalera/develop/arduino/usdx/usdx_plus_orange/src/dsp/dsp.cpp:295
  ADCSRA |= (1 << ADSC);
  //_adc = (adc/4 - 512);
#define AF_BIAS 32
  _adc = (adc / 4 -
    2798:	97 fd       	sbrc	r25, 7
    279a:	03 96       	adiw	r24, 0x03	; 3
    279c:	95 95       	asr	r25
    279e:	87 95       	ror	r24
    27a0:	95 95       	asr	r25
    27a2:	87 95       	ror	r24
    27a4:	80 5e       	subi	r24, 0xE0	; 224
    27a6:	91 40       	sbci	r25, 0x01	; 1
    27a8:	90 93 0d 04 	sts	0x040D, r25	; 0x80040d <_adc+0x1>
    27ac:	80 93 0c 04 	sts	0x040C, r24	; 0x80040c <_adc>
/home/jgalera/develop/arduino/usdx/usdx_plus_orange/src/dsp/dsp.cpp:322
  si5351.freq_calc_fast(df); // calculate SI5351 registers based on frequency
                             // shift and carrier frequency
#endif

#ifdef CARRIER_COMPLETELY_OFF_ON_LOW
  if (tx == 1) {
    27b0:	80 91 0b 06 	lds	r24, 0x060B	; 0x80060b <tx>
    27b4:	81 30       	cpi	r24, 0x01	; 1
    27b6:	31 f4       	brne	.+12     	; 0x27c4 <dsp_tx()+0xa2>
/home/jgalera/develop/arduino/usdx/usdx_plus_orange/src/dsp/dsp.cpp:323
    OCR1BL = 0;
    27b8:	10 92 8a 00 	sts	0x008A, r1	; 0x80008a <__DATA_REGION_ORIGIN__+0x2a>
/home/jgalera/develop/arduino/usdx/usdx_plus_orange/src/dsp/dsp.cpp:324
    si5351.SendRegister(SI_CLK_OE, TX0RX0);
    27bc:	6f ef       	ldi	r22, 0xFF	; 255
    27be:	83 e0       	ldi	r24, 0x03	; 3
    27c0:	0e 94 81 13 	call	0x2702	; 0x2702 <SI5351::SendRegister(unsigned char, unsigned char) [clone .isra.11]>
/home/jgalera/develop/arduino/usdx/usdx_plus_orange/src/dsp/dsp.cpp:326
  } // disable carrier
  if (tx == 255) {
    27c4:	80 91 0b 06 	lds	r24, 0x060B	; 0x80060b <tx>
    27c8:	8f 3f       	cpi	r24, 0xFF	; 255
    27ca:	31 f4       	brne	.+12     	; 0x27d8 <dsp_tx()+0xb6>
/home/jgalera/develop/arduino/usdx/usdx_plus_orange/src/dsp/dsp.cpp:327
    si5351.SendRegister(SI_CLK_OE, TX1RX0);
    27cc:	6b ef       	ldi	r22, 0xFB	; 251
    27ce:	83 e0       	ldi	r24, 0x03	; 3
/home/jgalera/develop/arduino/usdx/usdx_plus_orange/src/dsp/dsp.cpp:336
#ifdef MOX_ENABLE
  if (!mox)
    return;
  OCR1AL = (adc << (mox - 1)) + 128; // TX audio monitoring
#endif
}
    27d0:	df 91       	pop	r29
    27d2:	cf 91       	pop	r28
/home/jgalera/develop/arduino/usdx/usdx_plus_orange/src/dsp/dsp.cpp:327
  if (tx == 1) {
    OCR1BL = 0;
    si5351.SendRegister(SI_CLK_OE, TX0RX0);
  } // disable carrier
  if (tx == 255) {
    si5351.SendRegister(SI_CLK_OE, TX1RX0);
    27d4:	0c 94 81 13 	jmp	0x2702	; 0x2702 <SI5351::SendRegister(unsigned char, unsigned char) [clone .isra.11]>
/home/jgalera/develop/arduino/usdx/usdx_plus_orange/src/dsp/dsp.cpp:336
#ifdef MOX_ENABLE
  if (!mox)
    return;
  OCR1AL = (adc << (mox - 1)) + 128; // TX audio monitoring
#endif
}
    27d8:	df 91       	pop	r29
    27da:	cf 91       	pop	r28
    27dc:	08 95       	ret

000027de <switch_rxtx(unsigned char)>:
_Z11switch_rxtxh():
/home/jgalera/develop/arduino/usdx/usdx_plus_orange/src/core/core.cpp:307
volatile int16_t _centiGain = 0;
uint8_t txdelay = 0;
uint8_t semi_qsk = false;
uint32_t semi_qsk_timeout = 0;

void switch_rxtx(uint8_t tx_enable) {
    27de:	cf 93       	push	r28
    27e0:	df 93       	push	r29
    27e2:	c8 2f       	mov	r28, r24
/home/jgalera/develop/arduino/usdx/usdx_plus_orange/src/core/core.cpp:308
  TIMSK2 &= ~(1 << OCIE2A);
    27e4:	80 91 70 00 	lds	r24, 0x0070	; 0x800070 <__DATA_REGION_ORIGIN__+0x10>
    27e8:	8d 7f       	andi	r24, 0xFD	; 253
    27ea:	80 93 70 00 	sts	0x0070, r24	; 0x800070 <__DATA_REGION_ORIGIN__+0x10>
/home/jgalera/develop/arduino/usdx/usdx_plus_orange/src/core/core.cpp:309
  delayMicroseconds(20);
    27ee:	84 e1       	ldi	r24, 0x14	; 20
    27f0:	90 e0       	ldi	r25, 0x00	; 0
    27f2:	0e 94 99 03 	call	0x732	; 0x732 <delayMicroseconds>
/home/jgalera/develop/arduino/usdx/usdx_plus_orange/src/core/core.cpp:310
  noInterrupts();
    27f6:	f8 94       	cli
/home/jgalera/develop/arduino/usdx/usdx_plus_orange/src/core/core.cpp:330
      interrupts();
      delay(F_MCU / 16000000 * txdelay);
      noInterrupts();
    }
#endif
  tx = tx_enable;
    27f8:	c0 93 0b 06 	sts	0x060B, r28	; 0x80060b <tx>
/home/jgalera/develop/arduino/usdx/usdx_plus_orange/src/core/core.cpp:331
  if (tx_enable) {
    27fc:	cc 23       	and	r28, r28
    27fe:	09 f4       	brne	.+2      	; 0x2802 <switch_rxtx(unsigned char)+0x24>
    2800:	6a c0       	rjmp	.+212    	; 0x28d6 <switch_rxtx(unsigned char)+0xf8>
/home/jgalera/develop/arduino/usdx/usdx_plus_orange/src/core/core.cpp:332
    _centiGain = centiGain;
    2802:	80 91 00 01 	lds	r24, 0x0100	; 0x800100 <__data_start>
    2806:	90 91 01 01 	lds	r25, 0x0101	; 0x800101 <__data_start+0x1>
    280a:	90 93 e0 03 	sts	0x03E0, r25	; 0x8003e0 <_centiGain+0x1>
    280e:	80 93 df 03 	sts	0x03DF, r24	; 0x8003df <_centiGain>
/home/jgalera/develop/arduino/usdx/usdx_plus_orange/src/core/core.cpp:334
#ifdef SEMI_QSK
    semi_qsk_timeout = 0;
    2812:	10 92 07 06 	sts	0x0607, r1	; 0x800607 <semi_qsk_timeout>
    2816:	10 92 08 06 	sts	0x0608, r1	; 0x800608 <semi_qsk_timeout+0x1>
    281a:	10 92 09 06 	sts	0x0609, r1	; 0x800609 <semi_qsk_timeout+0x2>
    281e:	10 92 0a 06 	sts	0x060A, r1	; 0x80060a <semi_qsk_timeout+0x3>
/home/jgalera/develop/arduino/usdx/usdx_plus_orange/src/core/core.cpp:336
#endif
    switch (mode) {
    2822:	80 91 cd 01 	lds	r24, 0x01CD	; 0x8001cd <mode>
    2826:	82 30       	cpi	r24, 0x02	; 2
    2828:	09 f4       	brne	.+2      	; 0x282c <switch_rxtx(unsigned char)+0x4e>
    282a:	4c c0       	rjmp	.+152    	; 0x28c4 <switch_rxtx(unsigned char)+0xe6>
    282c:	08 f4       	brcc	.+2      	; 0x2830 <switch_rxtx(unsigned char)+0x52>
    282e:	43 c0       	rjmp	.+134    	; 0x28b6 <switch_rxtx(unsigned char)+0xd8>
    2830:	83 30       	cpi	r24, 0x03	; 3
    2832:	09 f4       	brne	.+2      	; 0x2836 <switch_rxtx(unsigned char)+0x58>
    2834:	4d c0       	rjmp	.+154    	; 0x28d0 <switch_rxtx(unsigned char)+0xf2>
    2836:	84 30       	cpi	r24, 0x04	; 4
    2838:	09 f4       	brne	.+2      	; 0x283c <switch_rxtx(unsigned char)+0x5e>
    283a:	47 c0       	rjmp	.+142    	; 0x28ca <switch_rxtx(unsigned char)+0xec>
/home/jgalera/develop/arduino/usdx/usdx_plus_orange/src/core/core.cpp:375
    }
  }
  if ((!dsp_cap) && (!tx_enable) && vox)
    func_ptr = dummy;

  interrupts();
    283c:	78 94       	sei
/home/jgalera/develop/arduino/usdx/usdx_plus_orange/src/core/core.cpp:376
  if (tx_enable)
    283e:	cc 23       	and	r28, r28
    2840:	09 f4       	brne	.+2      	; 0x2844 <switch_rxtx(unsigned char)+0x66>
    2842:	93 c0       	rjmp	.+294    	; 0x296a <switch_rxtx(unsigned char)+0x18c>
/home/jgalera/develop/arduino/usdx/usdx_plus_orange/src/core/core.cpp:377
    ADMUX = admux[2];
    2844:	80 91 ec 05 	lds	r24, 0x05EC	; 0x8005ec <admux+0x2>
    2848:	80 93 7c 00 	sts	0x007C, r24	; 0x80007c <__DATA_REGION_ORIGIN__+0x1c>
/home/jgalera/develop/arduino/usdx/usdx_plus_orange/src/core/core.cpp:380
  else
    _init = 1;
  rx_state = 0;
    284c:	10 92 c0 05 	sts	0x05C0, r1	; 0x8005c0 <rx_state>
/home/jgalera/develop/arduino/usdx/usdx_plus_orange/src/core/core.cpp:382
#ifdef CW_DECODER
  if ((cwdec) && (mode == CW)) {
    2850:	80 91 cc 01 	lds	r24, 0x01CC	; 0x8001cc <cwdec>
    2854:	88 23       	and	r24, r24
    2856:	61 f0       	breq	.+24     	; 0x2870 <switch_rxtx(unsigned char)+0x92>
    2858:	80 91 cd 01 	lds	r24, 0x01CD	; 0x8001cd <mode>
    285c:	82 30       	cpi	r24, 0x02	; 2
    285e:	41 f4       	brne	.+16     	; 0x2870 <switch_rxtx(unsigned char)+0x92>
/home/jgalera/develop/arduino/usdx/usdx_plus_orange/src/core/core.cpp:383
    filteredstate = tx_enable;
    2860:	81 e0       	ldi	r24, 0x01	; 1
    2862:	c1 11       	cpse	r28, r1
    2864:	01 c0       	rjmp	.+2      	; 0x2868 <switch_rxtx(unsigned char)+0x8a>
    2866:	80 e0       	ldi	r24, 0x00	; 0
    2868:	80 93 cb 05 	sts	0x05CB, r24	; 0x8005cb <filteredstate>
/home/jgalera/develop/arduino/usdx/usdx_plus_orange/src/core/core.cpp:384
    dec2();
    286c:	0e 94 ab 11 	call	0x2356	; 0x2356 <dec2()>
/home/jgalera/develop/arduino/usdx/usdx_plus_orange/src/core/core.cpp:388
  }
#endif

  if (tx_enable) {
    2870:	cc 23       	and	r28, r28
    2872:	09 f4       	brne	.+2      	; 0x2876 <switch_rxtx(unsigned char)+0x98>
    2874:	c5 c0       	rjmp	.+394    	; 0x2a00 <switch_rxtx(unsigned char)+0x222>
/home/jgalera/develop/arduino/usdx/usdx_plus_orange/src/core/core.cpp:389
    if (practice) {
    2876:	80 91 e2 03 	lds	r24, 0x03E2	; 0x8003e2 <practice>
/home/jgalera/develop/arduino/usdx/usdx_plus_orange/src/core/core.cpp:390
      digitalWrite(RX, LOW);
    287a:	60 e0       	ldi	r22, 0x00	; 0
/home/jgalera/develop/arduino/usdx/usdx_plus_orange/src/core/core.cpp:389
    dec2();
  }
#endif

  if (tx_enable) {
    if (practice) {
    287c:	88 23       	and	r24, r24
    287e:	09 f4       	brne	.+2      	; 0x2882 <switch_rxtx(unsigned char)+0xa4>
    2880:	78 c0       	rjmp	.+240    	; 0x2972 <switch_rxtx(unsigned char)+0x194>
/home/jgalera/develop/arduino/usdx/usdx_plus_orange/src/core/core.cpp:390
      digitalWrite(RX, LOW);
    2882:	88 e0       	ldi	r24, 0x08	; 8
    2884:	0e 94 17 03 	call	0x62e	; 0x62e <digitalWrite>
_ZN3LCD9setCursorEhh():
/home/jgalera/develop/arduino/usdx/usdx_plus_orange/src/driver/display.h:190
#ifdef CONDENSED
  void setCursor(uint8_t x, uint8_t y) {
    cmd(0x80 | (x + (uint8_t[]){0x00, 0x40, 0x00 + 20, 0x40 + 20}[y]));
  }
#else
  void setCursor(uint8_t x, uint8_t y) { cmd(0x80 | (x + y * 0x40)); }
    2888:	8f ec       	ldi	r24, 0xCF	; 207
    288a:	0e 94 73 11 	call	0x22e6	; 0x22e6 <LCD::cmd(unsigned char) [clone .isra.3] [clone .lto_priv.35]>
_Z11switch_rxtxh():
/home/jgalera/develop/arduino/usdx/usdx_plus_orange/src/core/core.cpp:392
      lcd.setCursor(15, 1);
      lcd.print('P');
    288e:	60 e5       	ldi	r22, 0x50	; 80
    2890:	87 eb       	ldi	r24, 0xB7	; 183
    2892:	96 e0       	ldi	r25, 0x06	; 6
    2894:	0e 94 05 04 	call	0x80a	; 0x80a <Print::print(char)>
/home/jgalera/develop/arduino/usdx/usdx_plus_orange/src/core/core.cpp:393
      si5351.SendRegister(SI_CLK_OE, TX0RX0);
    2898:	6f ef       	ldi	r22, 0xFF	; 255
    289a:	83 e0       	ldi	r24, 0x03	; 3
    289c:	0e 94 81 13 	call	0x2702	; 0x2702 <SI5351::SendRegister(unsigned char, unsigned char) [clone .isra.11]>
/home/jgalera/develop/arduino/usdx/usdx_plus_orange/src/core/core.cpp:481
      if (cat_active) {
        DDRC |= (1 << 2);
      }
#endif
  }
  OCR2A = ((F_CPU / 64) / ((tx_enable) ? F_SAMP_TX : F_SAMP_RX)) - 1;
    28a0:	83 e3       	ldi	r24, 0x33	; 51
    28a2:	80 93 b3 00 	sts	0x00B3, r24	; 0x8000b3 <__DATA_REGION_ORIGIN__+0x53>
/home/jgalera/develop/arduino/usdx/usdx_plus_orange/src/core/core.cpp:482
  TIMSK2 |= (1 << OCIE2A);
    28a6:	80 91 70 00 	lds	r24, 0x0070	; 0x800070 <__DATA_REGION_ORIGIN__+0x10>
    28aa:	82 60       	ori	r24, 0x02	; 2
    28ac:	80 93 70 00 	sts	0x0070, r24	; 0x800070 <__DATA_REGION_ORIGIN__+0x10>
/home/jgalera/develop/arduino/usdx/usdx_plus_orange/src/core/core.cpp:483
}
    28b0:	df 91       	pop	r29
    28b2:	cf 91       	pop	r28
    28b4:	08 95       	ret
/home/jgalera/develop/arduino/usdx/usdx_plus_orange/src/core/core.cpp:339
    semi_qsk_timeout = 0;
#endif
    switch (mode) {
    case USB:
    case LSB:
      func_ptr = dsp_tx;
    28b6:	81 e9       	ldi	r24, 0x91	; 145
    28b8:	93 e1       	ldi	r25, 0x13	; 19
/home/jgalera/develop/arduino/usdx/usdx_plus_orange/src/core/core.cpp:363
#endif
#endif
      if (semi_qsk)
        func_ptr = dummy;
      else
        func_ptr = sdr_rx_00;
    28ba:	90 93 bf 05 	sts	0x05BF, r25	; 0x8005bf <func_ptr+0x1>
    28be:	80 93 be 05 	sts	0x05BE, r24	; 0x8005be <func_ptr>
    28c2:	bc cf       	rjmp	.-136    	; 0x283c <switch_rxtx(unsigned char)+0x5e>
/home/jgalera/develop/arduino/usdx/usdx_plus_orange/src/core/core.cpp:342
    case USB:
    case LSB:
      func_ptr = dsp_tx;
      break;
    case CW:
      func_ptr = dsp_tx_cw;
    28c4:	88 ef       	ldi	r24, 0xF8	; 248
    28c6:	9e e0       	ldi	r25, 0x0E	; 14
    28c8:	f8 cf       	rjmp	.-16     	; 0x28ba <switch_rxtx(unsigned char)+0xdc>
/home/jgalera/develop/arduino/usdx/usdx_plus_orange/src/core/core.cpp:345
      break;
    case AM:
      func_ptr = dsp_tx_am;
    28ca:	87 eb       	ldi	r24, 0xB7	; 183
    28cc:	9e e0       	ldi	r25, 0x0E	; 14
    28ce:	f5 cf       	rjmp	.-22     	; 0x28ba <switch_rxtx(unsigned char)+0xdc>
/home/jgalera/develop/arduino/usdx/usdx_plus_orange/src/core/core.cpp:348
      break;
    case FM:
      func_ptr = dsp_tx_fm;
    28d0:	8e e9       	ldi	r24, 0x9E	; 158
    28d2:	9e e0       	ldi	r25, 0x0E	; 14
    28d4:	f2 cf       	rjmp	.-28     	; 0x28ba <switch_rxtx(unsigned char)+0xdc>
/home/jgalera/develop/arduino/usdx/usdx_plus_orange/src/core/core.cpp:352
      break;
    }
  } else {
    if ((mode == CW) && (!(semi_qsk_timeout))) {
    28d6:	80 91 cd 01 	lds	r24, 0x01CD	; 0x8001cd <mode>
    28da:	82 30       	cpi	r24, 0x02	; 2
    28dc:	91 f5       	brne	.+100    	; 0x2942 <switch_rxtx(unsigned char)+0x164>
    28de:	80 91 07 06 	lds	r24, 0x0607	; 0x800607 <semi_qsk_timeout>
    28e2:	90 91 08 06 	lds	r25, 0x0608	; 0x800608 <semi_qsk_timeout+0x1>
    28e6:	a0 91 09 06 	lds	r26, 0x0609	; 0x800609 <semi_qsk_timeout+0x2>
    28ea:	b0 91 0a 06 	lds	r27, 0x060A	; 0x80060a <semi_qsk_timeout+0x3>
    28ee:	89 2b       	or	r24, r25
    28f0:	8a 2b       	or	r24, r26
    28f2:	8b 2b       	or	r24, r27
    28f4:	31 f5       	brne	.+76     	; 0x2942 <switch_rxtx(unsigned char)+0x164>
/home/jgalera/develop/arduino/usdx/usdx_plus_orange/src/core/core.cpp:355
#ifdef SEMI_QSK
#ifdef KEYER
      semi_qsk_timeout = millis() + ditTime * 8;
    28f6:	0e 94 f9 03 	call	0x7f2	; 0x7f2 <millis>
    28fa:	ab 01       	movw	r20, r22
    28fc:	bc 01       	movw	r22, r24
    28fe:	80 91 fc 05 	lds	r24, 0x05FC	; 0x8005fc <ditTime>
    2902:	90 91 fd 05 	lds	r25, 0x05FD	; 0x8005fd <ditTime+0x1>
    2906:	a0 91 fe 05 	lds	r26, 0x05FE	; 0x8005fe <ditTime+0x2>
    290a:	b0 91 ff 05 	lds	r27, 0x05FF	; 0x8005ff <ditTime+0x3>
    290e:	23 e0       	ldi	r18, 0x03	; 3
    2910:	88 0f       	add	r24, r24
    2912:	99 1f       	adc	r25, r25
    2914:	aa 1f       	adc	r26, r26
    2916:	bb 1f       	adc	r27, r27
    2918:	2a 95       	dec	r18
    291a:	d1 f7       	brne	.-12     	; 0x2910 <switch_rxtx(unsigned char)+0x132>
    291c:	84 0f       	add	r24, r20
    291e:	95 1f       	adc	r25, r21
    2920:	a6 1f       	adc	r26, r22
    2922:	b7 1f       	adc	r27, r23
    2924:	80 93 07 06 	sts	0x0607, r24	; 0x800607 <semi_qsk_timeout>
    2928:	90 93 08 06 	sts	0x0608, r25	; 0x800608 <semi_qsk_timeout+0x1>
    292c:	a0 93 09 06 	sts	0x0609, r26	; 0x800609 <semi_qsk_timeout+0x2>
    2930:	b0 93 0a 06 	sts	0x060A, r27	; 0x80060a <semi_qsk_timeout+0x3>
/home/jgalera/develop/arduino/usdx/usdx_plus_orange/src/core/core.cpp:360
#else
      semi_qsk_timeout = millis() + 8 * 8;
#endif
#endif
      if (semi_qsk)
    2934:	80 91 e3 03 	lds	r24, 0x03E3	; 0x8003e3 <semi_qsk>
    2938:	81 11       	cpse	r24, r1
    293a:	14 c0       	rjmp	.+40     	; 0x2964 <switch_rxtx(unsigned char)+0x186>
/home/jgalera/develop/arduino/usdx/usdx_plus_orange/src/core/core.cpp:363
        func_ptr = dummy;
      else
        func_ptr = sdr_rx_00;
    293c:	8f ee       	ldi	r24, 0xEF	; 239
    293e:	97 e0       	ldi	r25, 0x07	; 7
    2940:	bc cf       	rjmp	.-136    	; 0x28ba <switch_rxtx(unsigned char)+0xdc>
/home/jgalera/develop/arduino/usdx/usdx_plus_orange/src/core/core.cpp:365
    } else {
      centiGain = _centiGain;
    2942:	80 91 df 03 	lds	r24, 0x03DF	; 0x8003df <_centiGain>
    2946:	90 91 e0 03 	lds	r25, 0x03E0	; 0x8003e0 <_centiGain+0x1>
    294a:	90 93 01 01 	sts	0x0101, r25	; 0x800101 <__data_start+0x1>
    294e:	80 93 00 01 	sts	0x0100, r24	; 0x800100 <__data_start>
/home/jgalera/develop/arduino/usdx/usdx_plus_orange/src/core/core.cpp:367
#ifdef SEMI_QSK
      semi_qsk_timeout = 0;
    2952:	10 92 07 06 	sts	0x0607, r1	; 0x800607 <semi_qsk_timeout>
    2956:	10 92 08 06 	sts	0x0608, r1	; 0x800608 <semi_qsk_timeout+0x1>
    295a:	10 92 09 06 	sts	0x0609, r1	; 0x800609 <semi_qsk_timeout+0x2>
    295e:	10 92 0a 06 	sts	0x060A, r1	; 0x80060a <semi_qsk_timeout+0x3>
    2962:	ec cf       	rjmp	.-40     	; 0x293c <switch_rxtx(unsigned char)+0x15e>
/home/jgalera/develop/arduino/usdx/usdx_plus_orange/src/core/core.cpp:361
#else
      semi_qsk_timeout = millis() + 8 * 8;
#endif
#endif
      if (semi_qsk)
        func_ptr = dummy;
    2964:	8a e7       	ldi	r24, 0x7A	; 122
    2966:	9f e0       	ldi	r25, 0x0F	; 15
    2968:	a8 cf       	rjmp	.-176    	; 0x28ba <switch_rxtx(unsigned char)+0xdc>
/home/jgalera/develop/arduino/usdx/usdx_plus_orange/src/core/core.cpp:379

  interrupts();
  if (tx_enable)
    ADMUX = admux[2];
  else
    _init = 1;
    296a:	81 e0       	ldi	r24, 0x01	; 1
    296c:	80 93 ef 05 	sts	0x05EF, r24	; 0x8005ef <_init>
    2970:	6d cf       	rjmp	.-294    	; 0x284c <switch_rxtx(unsigned char)+0x6e>
/home/jgalera/develop/arduino/usdx/usdx_plus_orange/src/core/core.cpp:395
      digitalWrite(RX, LOW);
      lcd.setCursor(15, 1);
      lcd.print('P');
      si5351.SendRegister(SI_CLK_OE, TX0RX0);
    } else {
      digitalWrite(RX, LOW);
    2972:	88 e0       	ldi	r24, 0x08	; 8
    2974:	0e 94 17 03 	call	0x62e	; 0x62e <digitalWrite>
_ZN3LCD9setCursorEhh():
/home/jgalera/develop/arduino/usdx/usdx_plus_orange/src/driver/display.h:190
    2978:	8f ec       	ldi	r24, 0xCF	; 207
    297a:	0e 94 73 11 	call	0x22e6	; 0x22e6 <LCD::cmd(unsigned char) [clone .isra.3] [clone .lto_priv.35]>
_Z11switch_rxtxh():
/home/jgalera/develop/arduino/usdx/usdx_plus_orange/src/core/core.cpp:403
#endif
#ifdef PTX
      digitalWrite(PTX, HIGH);
#endif
      lcd.setCursor(15, 1);
      lcd.print('T');
    297e:	64 e5       	ldi	r22, 0x54	; 84
    2980:	87 eb       	ldi	r24, 0xB7	; 183
    2982:	96 e0       	ldi	r25, 0x06	; 6
    2984:	0e 94 05 04 	call	0x80a	; 0x80a <Print::print(char)>
/home/jgalera/develop/arduino/usdx/usdx_plus_orange/src/core/core.cpp:404
      if (mode == CW) {
    2988:	80 91 cd 01 	lds	r24, 0x01CD	; 0x8001cd <mode>
    298c:	82 30       	cpi	r24, 0x02	; 2
    298e:	79 f5       	brne	.+94     	; 0x29ee <switch_rxtx(unsigned char)+0x210>
/home/jgalera/develop/arduino/usdx/usdx_plus_orange/src/core/core.cpp:405
        si5351.freq_calc_fast(-cw_offset);
    2990:	80 91 e6 05 	lds	r24, 0x05E6	; 0x8005e6 <cw_offset>
    2994:	90 91 e7 05 	lds	r25, 0x05E7	; 0x8005e7 <cw_offset+0x1>
    2998:	a0 91 e8 05 	lds	r26, 0x05E8	; 0x8005e8 <cw_offset+0x2>
    299c:	b0 91 e9 05 	lds	r27, 0x05E9	; 0x8005e9 <cw_offset+0x3>
    29a0:	91 95       	neg	r25
    29a2:	81 95       	neg	r24
    29a4:	91 09       	sbc	r25, r1
/home/jgalera/develop/arduino/usdx/usdx_plus_orange/src/core/core.cpp:410
        si5351.SendPLLRegisterBulk();
      }
#ifdef RIT_ENABLE
      else if (rit) {
        si5351.freq_calc_fast(0);
    29a6:	0e 94 2e 02 	call	0x45c	; 0x45c <SI5351::freq_calc_fast(int) [clone .constprop.29]>
/home/jgalera/develop/arduino/usdx/usdx_plus_orange/src/core/core.cpp:411
        si5351.SendPLLRegisterBulk();
    29aa:	0e 94 22 05 	call	0xa44	; 0xa44 <SI5351::SendPLLRegisterBulk() [clone .constprop.28]>
/home/jgalera/develop/arduino/usdx/usdx_plus_orange/src/core/core.cpp:414
      }
#endif
      si5351.SendRegister(SI_CLK_OE, TX1RX0);
    29ae:	6b ef       	ldi	r22, 0xFB	; 251
    29b0:	83 e0       	ldi	r24, 0x03	; 3
    29b2:	0e 94 81 13 	call	0x2702	; 0x2702 <SI5351::SendRegister(unsigned char, unsigned char) [clone .isra.11]>
/home/jgalera/develop/arduino/usdx/usdx_plus_orange/src/core/core.cpp:415
      OCR1AL = 0x80;
    29b6:	80 e8       	ldi	r24, 0x80	; 128
    29b8:	80 93 88 00 	sts	0x0088, r24	; 0x800088 <__DATA_REGION_ORIGIN__+0x28>
/home/jgalera/develop/arduino/usdx/usdx_plus_orange/src/core/core.cpp:416
      if ((!mox) && (mode != CW))
    29bc:	80 91 de 03 	lds	r24, 0x03DE	; 0x8003de <mox>
    29c0:	81 11       	cpse	r24, r1
    29c2:	09 c0       	rjmp	.+18     	; 0x29d6 <switch_rxtx(unsigned char)+0x1f8>
    29c4:	80 91 cd 01 	lds	r24, 0x01CD	; 0x8001cd <mode>
    29c8:	82 30       	cpi	r24, 0x02	; 2
    29ca:	29 f0       	breq	.+10     	; 0x29d6 <switch_rxtx(unsigned char)+0x1f8>
/home/jgalera/develop/arduino/usdx/usdx_plus_orange/src/core/core.cpp:417
        TCCR1A &= ~(1 << COM1A1);
    29cc:	80 91 80 00 	lds	r24, 0x0080	; 0x800080 <__DATA_REGION_ORIGIN__+0x20>
    29d0:	8f 77       	andi	r24, 0x7F	; 127
    29d2:	80 93 80 00 	sts	0x0080, r24	; 0x800080 <__DATA_REGION_ORIGIN__+0x20>
/home/jgalera/develop/arduino/usdx/usdx_plus_orange/src/core/core.cpp:418
      TCCR1A |= (1 << COM1B1);
    29d6:	80 91 80 00 	lds	r24, 0x0080	; 0x800080 <__DATA_REGION_ORIGIN__+0x20>
    29da:	80 62       	ori	r24, 0x20	; 32
    29dc:	80 93 80 00 	sts	0x0080, r24	; 0x800080 <__DATA_REGION_ORIGIN__+0x20>
/home/jgalera/develop/arduino/usdx/usdx_plus_orange/src/core/core.cpp:420
#ifdef _SERIAL
      if (cat_active) {
    29e0:	80 91 c1 05 	lds	r24, 0x05C1	; 0x8005c1 <cat_active>
    29e4:	88 23       	and	r24, r24
    29e6:	09 f4       	brne	.+2      	; 0x29ea <switch_rxtx(unsigned char)+0x20c>
    29e8:	5b cf       	rjmp	.-330    	; 0x28a0 <switch_rxtx(unsigned char)+0xc2>
/home/jgalera/develop/arduino/usdx/usdx_plus_orange/src/core/core.cpp:421
        DDRC &= ~(1 << 2);
    29ea:	3a 98       	cbi	0x07, 2	; 7
    29ec:	59 cf       	rjmp	.-334    	; 0x28a0 <switch_rxtx(unsigned char)+0xc2>
/home/jgalera/develop/arduino/usdx/usdx_plus_orange/src/core/core.cpp:409
      if (mode == CW) {
        si5351.freq_calc_fast(-cw_offset);
        si5351.SendPLLRegisterBulk();
      }
#ifdef RIT_ENABLE
      else if (rit) {
    29ee:	80 91 f2 05 	lds	r24, 0x05F2	; 0x8005f2 <rit>
    29f2:	90 91 f3 05 	lds	r25, 0x05F3	; 0x8005f3 <rit+0x1>
    29f6:	89 2b       	or	r24, r25
    29f8:	d1 f2       	breq	.-76     	; 0x29ae <switch_rxtx(unsigned char)+0x1d0>
/home/jgalera/develop/arduino/usdx/usdx_plus_orange/src/core/core.cpp:410
        si5351.freq_calc_fast(0);
    29fa:	90 e0       	ldi	r25, 0x00	; 0
    29fc:	80 e0       	ldi	r24, 0x00	; 0
    29fe:	d3 cf       	rjmp	.-90     	; 0x29a6 <switch_rxtx(unsigned char)+0x1c8>
/home/jgalera/develop/arduino/usdx/usdx_plus_orange/src/core/core.cpp:427
      }
#endif
    }
  } else {
#ifdef KEY_CLICK
    if (OCR1BL != 0) {
    2a00:	80 91 8a 00 	lds	r24, 0x008A	; 0x80008a <__DATA_REGION_ORIGIN__+0x2a>
    2a04:	88 23       	and	r24, r24
    2a06:	a1 f0       	breq	.+40     	; 0x2a30 <switch_rxtx(unsigned char)+0x252>
    2a08:	ce e3       	ldi	r28, 0x3E	; 62
    2a0a:	d1 e0       	ldi	r29, 0x01	; 1
/home/jgalera/develop/arduino/usdx/usdx_plus_orange/src/core/core.cpp:429
      for (uint16_t i = 0; i != 31; i++) {
        OCR1BL = lut[pgm_read_byte_near(&ramp[i])];
    2a0c:	fe 01       	movw	r30, r28
    2a0e:	84 91       	lpm	r24, Z
    2a10:	e8 2f       	mov	r30, r24
    2a12:	f0 e0       	ldi	r31, 0x00	; 0
    2a14:	ef 5e       	subi	r30, 0xEF	; 239
    2a16:	fb 4f       	sbci	r31, 0xFB	; 251
    2a18:	80 81       	ld	r24, Z
    2a1a:	80 93 8a 00 	sts	0x008A, r24	; 0x80008a <__DATA_REGION_ORIGIN__+0x2a>
/home/jgalera/develop/arduino/usdx/usdx_plus_orange/src/core/core.cpp:430
        delayMicroseconds(60);
    2a1e:	8c e3       	ldi	r24, 0x3C	; 60
    2a20:	90 e0       	ldi	r25, 0x00	; 0
    2a22:	0e 94 99 03 	call	0x732	; 0x732 <delayMicroseconds>
    2a26:	21 96       	adiw	r28, 0x01	; 1
/home/jgalera/develop/arduino/usdx/usdx_plus_orange/src/core/core.cpp:428
#endif
    }
  } else {
#ifdef KEY_CLICK
    if (OCR1BL != 0) {
      for (uint16_t i = 0; i != 31; i++) {
    2a28:	f1 e0       	ldi	r31, 0x01	; 1
    2a2a:	cd 35       	cpi	r28, 0x5D	; 93
    2a2c:	df 07       	cpc	r29, r31
    2a2e:	71 f7       	brne	.-36     	; 0x2a0c <switch_rxtx(unsigned char)+0x22e>
/home/jgalera/develop/arduino/usdx/usdx_plus_orange/src/core/core.cpp:434
        OCR1BL = lut[pgm_read_byte_near(&ramp[i])];
        delayMicroseconds(60);
      }
    }
#endif
    TCCR1A |= (1 << COM1A1);
    2a30:	80 91 80 00 	lds	r24, 0x0080	; 0x800080 <__DATA_REGION_ORIGIN__+0x20>
    2a34:	80 68       	ori	r24, 0x80	; 128
    2a36:	80 93 80 00 	sts	0x0080, r24	; 0x800080 <__DATA_REGION_ORIGIN__+0x20>
/home/jgalera/develop/arduino/usdx/usdx_plus_orange/src/core/core.cpp:435
    TCCR1A &= ~(1 << COM1B1);
    2a3a:	80 91 80 00 	lds	r24, 0x0080	; 0x800080 <__DATA_REGION_ORIGIN__+0x20>
    2a3e:	8f 7d       	andi	r24, 0xDF	; 223
    2a40:	80 93 80 00 	sts	0x0080, r24	; 0x800080 <__DATA_REGION_ORIGIN__+0x20>
/home/jgalera/develop/arduino/usdx/usdx_plus_orange/src/core/core.cpp:436
    digitalWrite(KEY_OUT, LOW);
    2a44:	60 e0       	ldi	r22, 0x00	; 0
    2a46:	8a e0       	ldi	r24, 0x0A	; 10
    2a48:	0e 94 17 03 	call	0x62e	; 0x62e <digitalWrite>
/home/jgalera/develop/arduino/usdx/usdx_plus_orange/src/core/core.cpp:437
    OCR1BL = 0;
    2a4c:	10 92 8a 00 	sts	0x008A, r1	; 0x80008a <__DATA_REGION_ORIGIN__+0x2a>
/home/jgalera/develop/arduino/usdx/usdx_plus_orange/src/core/core.cpp:446
    si5351.SendRegister(17, 0x0f);
#else
    si5351.SendRegister(18, 0x0f);
#endif
#endif
    si5351.SendRegister(SI_CLK_OE, TX0RX1);
    2a50:	6c ef       	ldi	r22, 0xFC	; 252
    2a52:	83 e0       	ldi	r24, 0x03	; 3
    2a54:	0e 94 81 13 	call	0x2702	; 0x2702 <SI5351::SendRegister(unsigned char, unsigned char) [clone .isra.11]>
/home/jgalera/develop/arduino/usdx/usdx_plus_orange/src/core/core.cpp:448
#ifdef SEMI_QSK
    if ((!semi_qsk_timeout) || (!semi_qsk))
    2a58:	80 91 07 06 	lds	r24, 0x0607	; 0x800607 <semi_qsk_timeout>
    2a5c:	90 91 08 06 	lds	r25, 0x0608	; 0x800608 <semi_qsk_timeout+0x1>
    2a60:	a0 91 09 06 	lds	r26, 0x0609	; 0x800609 <semi_qsk_timeout+0x2>
    2a64:	b0 91 0a 06 	lds	r27, 0x060A	; 0x80060a <semi_qsk_timeout+0x3>
    2a68:	89 2b       	or	r24, r25
    2a6a:	8a 2b       	or	r24, r26
    2a6c:	8b 2b       	or	r24, r27
    2a6e:	21 f0       	breq	.+8      	; 0x2a78 <switch_rxtx(unsigned char)+0x29a>
    2a70:	80 91 e3 03 	lds	r24, 0x03E3	; 0x8003e3 <semi_qsk>
    2a74:	81 11       	cpse	r24, r1
    2a76:	09 c0       	rjmp	.+18     	; 0x2a8a <switch_rxtx(unsigned char)+0x2ac>
/home/jgalera/develop/arduino/usdx/usdx_plus_orange/src/core/core.cpp:451
#endif
    {
      digitalWrite(RX, !(att == 2));
    2a78:	80 91 ed 05 	lds	r24, 0x05ED	; 0x8005ed <att>
    2a7c:	61 e0       	ldi	r22, 0x01	; 1
    2a7e:	82 30       	cpi	r24, 0x02	; 2
    2a80:	09 f4       	brne	.+2      	; 0x2a84 <switch_rxtx(unsigned char)+0x2a6>
    2a82:	60 e0       	ldi	r22, 0x00	; 0
    2a84:	88 e0       	ldi	r24, 0x08	; 8
    2a86:	0e 94 17 03 	call	0x62e	; 0x62e <digitalWrite>
/home/jgalera/develop/arduino/usdx/usdx_plus_orange/src/core/core.cpp:460
#ifdef PTX
      digitalWrite(PTX, LOW);
#endif
    }
#ifdef RIT_ENABLE
    si5351.freq_calc_fast(rit);
    2a8a:	80 91 f2 05 	lds	r24, 0x05F2	; 0x8005f2 <rit>
    2a8e:	90 91 f3 05 	lds	r25, 0x05F3	; 0x8005f3 <rit+0x1>
    2a92:	0e 94 2e 02 	call	0x45c	; 0x45c <SI5351::freq_calc_fast(int) [clone .constprop.29]>
/home/jgalera/develop/arduino/usdx/usdx_plus_orange/src/core/core.cpp:461
    si5351.SendPLLRegisterBulk();
    2a96:	0e 94 22 05 	call	0xa44	; 0xa44 <SI5351::SendPLLRegisterBulk() [clone .constprop.28]>
_ZN3LCD9setCursorEhh():
/home/jgalera/develop/arduino/usdx/usdx_plus_orange/src/driver/display.h:190
    2a9a:	8f ec       	ldi	r24, 0xCF	; 207
    2a9c:	0e 94 73 11 	call	0x22e6	; 0x22e6 <LCD::cmd(unsigned char) [clone .isra.3] [clone .lto_priv.35]>
_Z11switch_rxtxh():
/home/jgalera/develop/arduino/usdx/usdx_plus_orange/src/core/core.cpp:473
      show_banner();
      lcd.print("                ");
    }
#endif
    lcd.setCursor(15, 1);
    lcd.print((vox) ? 'V' : 'R');
    2aa0:	80 91 0d 06 	lds	r24, 0x060D	; 0x80060d <vox>
    2aa4:	62 e5       	ldi	r22, 0x52	; 82
    2aa6:	81 11       	cpse	r24, r1
    2aa8:	66 e5       	ldi	r22, 0x56	; 86
    2aaa:	87 eb       	ldi	r24, 0xB7	; 183
    2aac:	96 e0       	ldi	r25, 0x06	; 6
    2aae:	0e 94 05 04 	call	0x80a	; 0x80a <Print::print(char)>
/home/jgalera/develop/arduino/usdx/usdx_plus_orange/src/core/core.cpp:475
#ifdef _SERIAL
    if (!vox)
    2ab2:	80 91 0d 06 	lds	r24, 0x060D	; 0x80060d <vox>
    2ab6:	81 11       	cpse	r24, r1
    2ab8:	04 c0       	rjmp	.+8      	; 0x2ac2 <switch_rxtx(unsigned char)+0x2e4>
/home/jgalera/develop/arduino/usdx/usdx_plus_orange/src/core/core.cpp:476
      if (cat_active) {
    2aba:	80 91 c1 05 	lds	r24, 0x05C1	; 0x8005c1 <cat_active>
    2abe:	81 11       	cpse	r24, r1
/home/jgalera/develop/arduino/usdx/usdx_plus_orange/src/core/core.cpp:477
        DDRC |= (1 << 2);
    2ac0:	3a 9a       	sbi	0x07, 2	; 7
/home/jgalera/develop/arduino/usdx/usdx_plus_orange/src/core/core.cpp:481
      }
#endif
  }
  OCR2A = ((F_CPU / 64) / ((tx_enable) ? F_SAMP_TX : F_SAMP_RX)) - 1;
    2ac2:	83 e0       	ldi	r24, 0x03	; 3
    2ac4:	ee ce       	rjmp	.-548    	; 0x28a2 <switch_rxtx(unsigned char)+0xc4>

00002ac6 <SI5351::ms(signed char, unsigned long, unsigned long, unsigned char, unsigned char, unsigned int, unsigned char) [clone .constprop.27]>:
_ZN6SI53512msEammhhjh.constprop.27():
/home/jgalera/develop/arduino/usdx/usdx_plus_orange/src/driver/si5351.h:134
    MS3 = 3,
    MS4 = 4,
    MS5 = 5
  };

  void ms(int8_t n, uint32_t div_nom, uint32_t div_denom, uint8_t pll = PLLA,
    2ac6:	2f 92       	push	r2
    2ac8:	3f 92       	push	r3
    2aca:	4f 92       	push	r4
    2acc:	5f 92       	push	r5
    2ace:	6f 92       	push	r6
    2ad0:	7f 92       	push	r7
    2ad2:	8f 92       	push	r8
    2ad4:	9f 92       	push	r9
    2ad6:	af 92       	push	r10
    2ad8:	bf 92       	push	r11
    2ada:	cf 92       	push	r12
    2adc:	df 92       	push	r13
    2ade:	ef 92       	push	r14
    2ae0:	ff 92       	push	r15
    2ae2:	0f 93       	push	r16
    2ae4:	1f 93       	push	r17
    2ae6:	cf 93       	push	r28
    2ae8:	df 93       	push	r29
    2aea:	cd b7       	in	r28, 0x3d	; 61
    2aec:	de b7       	in	r29, 0x3e	; 62
    2aee:	64 97       	sbiw	r28, 0x14	; 20
    2af0:	0f b6       	in	r0, 0x3f	; 63
    2af2:	f8 94       	cli
    2af4:	de bf       	out	0x3e, r29	; 62
    2af6:	0f be       	out	0x3f, r0	; 63
    2af8:	cd bf       	out	0x3d, r28	; 61
    2afa:	89 8b       	std	Y+17, r24	; 0x11
    2afc:	48 01       	movw	r8, r16
    2afe:	59 01       	movw	r10, r18
    2b00:	fb 8a       	std	Y+19, r15	; 0x13
    2b02:	ea 8a       	std	Y+18, r14	; 0x12
    2b04:	cc 8a       	std	Y+20, r12	; 0x14
    2b06:	cb 01       	movw	r24, r22
    2b08:	ba 01       	movw	r22, r20
    2b0a:	a9 01       	movw	r20, r18
    2b0c:	98 01       	movw	r18, r16
    2b0e:	0e 94 a6 39 	call	0x734c	; 0x734c <__udivmodsi4>
    2b12:	29 01       	movw	r4, r18
/home/jgalera/develop/arduino/usdx/usdx_plus_orange/src/driver/si5351.h:138
          uint8_t _int = 0, uint16_t phase = 0, uint8_t rdiv = 0) {
    uint16_t msa;
    uint32_t msb, msc, msp1, msp2, msp3;
    msa = div_nom / div_denom; // integer part: msa must be in range 15..90 for
    2b14:	19 01       	movw	r2, r18
/home/jgalera/develop/arduino/usdx/usdx_plus_orange/src/driver/si5351.h:140
                               // PLL, 8+1/1048575..900 for MS
    if (msa == 4)
    2b16:	24 30       	cpi	r18, 0x04	; 4
    2b18:	31 05       	cpc	r19, r1
    2b1a:	09 f4       	brne	.+2      	; 0x2b1e <SI5351::ms(signed char, unsigned long, unsigned long, unsigned char, unsigned char, unsigned int, unsigned char) [clone .constprop.27]+0x58>
    2b1c:	97 c0       	rjmp	.+302    	; 0x2c4c <SI5351::ms(signed char, unsigned long, unsigned long, unsigned char, unsigned char, unsigned int, unsigned char) [clone .constprop.27]+0x186>
/home/jgalera/develop/arduino/usdx/usdx_plus_orange/src/driver/si5351.h:145
      _int = 1; // To satisfy the MSx_INT=1 requirement of AN619, section 4.1.3
                // which basically says that for MS divider a value of 4 and
                // integer mode must be used
    msb = (_int) ? 0
                 : (((uint64_t)(div_nom % div_denom) * _MSC) /
    2b1e:	9b 01       	movw	r18, r22
    2b20:	ac 01       	movw	r20, r24
    2b22:	60 e0       	ldi	r22, 0x00	; 0
    2b24:	70 e0       	ldi	r23, 0x00	; 0
    2b26:	80 e0       	ldi	r24, 0x00	; 0
    2b28:	90 e0       	ldi	r25, 0x00	; 0
    2b2a:	00 e1       	ldi	r16, 0x10	; 16
    2b2c:	0e 94 be 3a 	call	0x757c	; 0x757c <__ashldi3>
    2b30:	f9 01       	movw	r30, r18
    2b32:	75 01       	movw	r14, r10
    2b34:	64 01       	movw	r12, r8
    2b36:	00 e0       	ldi	r16, 0x00	; 0
    2b38:	10 e0       	ldi	r17, 0x00	; 0
    2b3a:	98 01       	movw	r18, r16
    2b3c:	89 86       	std	Y+9, r8	; 0x09
    2b3e:	da 86       	std	Y+10, r13	; 0x0a
    2b40:	ab 86       	std	Y+11, r10	; 0x0b
    2b42:	fc 86       	std	Y+12, r15	; 0x0c
    2b44:	0d 87       	std	Y+13, r16	; 0x0d
    2b46:	1e 87       	std	Y+14, r17	; 0x0e
    2b48:	2f 87       	std	Y+15, r18	; 0x0f
    2b4a:	38 8b       	std	Y+16, r19	; 0x10
    2b4c:	54 01       	movw	r10, r8
    2b4e:	67 01       	movw	r12, r14
    2b50:	e1 2c       	mov	r14, r1
    2b52:	f1 2c       	mov	r15, r1
    2b54:	00 e0       	ldi	r16, 0x00	; 0
    2b56:	10 e0       	ldi	r17, 0x00	; 0
    2b58:	9f 01       	movw	r18, r30
    2b5a:	0e 94 51 3a 	call	0x74a2	; 0x74a2 <__udivdi3>
/home/jgalera/develop/arduino/usdx/usdx_plus_orange/src/driver/si5351.h:144
                               // PLL, 8+1/1048575..900 for MS
    if (msa == 4)
      _int = 1; // To satisfy the MSx_INT=1 requirement of AN619, section 4.1.3
                // which basically says that for MS divider a value of 4 and
                // integer mode must be used
    msb = (_int) ? 0
    2b5e:	a3 2f       	mov	r26, r19
    2b60:	f4 2f       	mov	r31, r20
    2b62:	e5 2f       	mov	r30, r21
    2b64:	42 2f       	mov	r20, r18
    2b66:	5a 2f       	mov	r21, r26
    2b68:	6f 2f       	mov	r22, r31
    2b6a:	7e 2f       	mov	r23, r30
/home/jgalera/develop/arduino/usdx/usdx_plus_orange/src/driver/si5351.h:147
                 : (((uint64_t)(div_nom % div_denom) * _MSC) /
                    div_denom); // fractional part
    msc = (_int) ? 1 : _MSC;
    2b6c:	c1 2c       	mov	r12, r1
    2b6e:	d1 2c       	mov	r13, r1
    2b70:	76 01       	movw	r14, r12
    2b72:	e3 94       	inc	r14
/home/jgalera/develop/arduino/usdx/usdx_plus_orange/src/driver/si5351.h:148
    msp1 = 128 * msa + 128 * msb / msc - 512;
    2b74:	cb 01       	movw	r24, r22
    2b76:	ba 01       	movw	r22, r20
    2b78:	27 e0       	ldi	r18, 0x07	; 7
    2b7a:	66 0f       	add	r22, r22
    2b7c:	77 1f       	adc	r23, r23
    2b7e:	88 1f       	adc	r24, r24
    2b80:	99 1f       	adc	r25, r25
    2b82:	2a 95       	dec	r18
    2b84:	d1 f7       	brne	.-12     	; 0x2b7a <SI5351::ms(signed char, unsigned long, unsigned long, unsigned char, unsigned char, unsigned int, unsigned char) [clone .constprop.27]+0xb4>
    2b86:	a7 01       	movw	r20, r14
    2b88:	96 01       	movw	r18, r12
    2b8a:	0e 94 a6 39 	call	0x734c	; 0x734c <__udivmodsi4>
    2b8e:	42 01       	movw	r8, r4
    2b90:	96 94       	lsr	r9
    2b92:	98 2c       	mov	r9, r8
    2b94:	88 24       	eor	r8, r8
    2b96:	97 94       	ror	r9
    2b98:	87 94       	ror	r8
    2b9a:	b1 2c       	mov	r11, r1
    2b9c:	a1 2c       	mov	r10, r1
    2b9e:	02 e0       	ldi	r16, 0x02	; 2
    2ba0:	90 1a       	sub	r9, r16
    2ba2:	a1 08       	sbc	r10, r1
    2ba4:	b1 08       	sbc	r11, r1
    2ba6:	28 0d       	add	r18, r8
    2ba8:	39 1d       	adc	r19, r9
    2baa:	4a 1d       	adc	r20, r10
    2bac:	5b 1d       	adc	r21, r11
/home/jgalera/develop/arduino/usdx/usdx_plus_orange/src/driver/si5351.h:151
    msp2 = 128 * msb - 128 * msb / msc * msc;
    msp3 = msc;
    uint8_t ms_reg2 = BB2(msp1) | (rdiv << 4) | ((msa == 4) * 0x0C);
    2bae:	bc 89       	ldd	r27, Y+20	; 0x14
    2bb0:	a0 e1       	ldi	r26, 0x10	; 16
    2bb2:	ba 9f       	mul	r27, r26
    2bb4:	f0 01       	movw	r30, r0
    2bb6:	11 24       	eor	r1, r1
    2bb8:	84 2e       	mov	r8, r20
    2bba:	8e 2a       	or	r8, r30
    2bbc:	e4 e0       	ldi	r30, 0x04	; 4
    2bbe:	2e 16       	cp	r2, r30
    2bc0:	31 04       	cpc	r3, r1
    2bc2:	09 f0       	breq	.+2      	; 0x2bc6 <SI5351::ms(signed char, unsigned long, unsigned long, unsigned char, unsigned char, unsigned int, unsigned char) [clone .constprop.27]+0x100>
    2bc4:	4c c0       	rjmp	.+152    	; 0x2c5e <SI5351::ms(signed char, unsigned long, unsigned long, unsigned char, unsigned char, unsigned int, unsigned char) [clone .constprop.27]+0x198>
    2bc6:	ec e0       	ldi	r30, 0x0C	; 12
/home/jgalera/develop/arduino/usdx/usdx_plus_orange/src/driver/si5351.h:155
    uint8_t ms_regs[8] = {BB1(msp3), BB0(msp3),
                          ms_reg2,   BB1(msp1),
                          BB0(msp1), BB2(((msp3 & 0x0F0000) << 4) | msp2),
                          BB1(msp2), BB0(msp2)};
    2bc8:	19 82       	std	Y+1, r1	; 0x01
    2bca:	ca 82       	std	Y+2, r12	; 0x02
/home/jgalera/develop/arduino/usdx/usdx_plus_orange/src/driver/si5351.h:151
                    div_denom); // fractional part
    msc = (_int) ? 1 : _MSC;
    msp1 = 128 * msa + 128 * msb / msc - 512;
    msp2 = 128 * msb - 128 * msb / msc * msc;
    msp3 = msc;
    uint8_t ms_reg2 = BB2(msp1) | (rdiv << 4) | ((msa == 4) * 0x0C);
    2bcc:	8e 2a       	or	r8, r30
/home/jgalera/develop/arduino/usdx/usdx_plus_orange/src/driver/si5351.h:155
    uint8_t ms_regs[8] = {BB1(msp3), BB0(msp3),
                          ms_reg2,   BB1(msp1),
                          BB0(msp1), BB2(((msp3 & 0x0F0000) << 4) | msp2),
                          BB1(msp2), BB0(msp2)};
    2bce:	8b 82       	std	Y+3, r8	; 0x03
    2bd0:	3c 83       	std	Y+4, r19	; 0x04
    2bd2:	2d 83       	std	Y+5, r18	; 0x05
/home/jgalera/develop/arduino/usdx/usdx_plus_orange/src/driver/si5351.h:154
    msp2 = 128 * msb - 128 * msb / msc * msc;
    msp3 = msc;
    uint8_t ms_reg2 = BB2(msp1) | (rdiv << 4) | ((msa == 4) * 0x0C);
    uint8_t ms_regs[8] = {BB1(msp3), BB0(msp3),
                          ms_reg2,   BB1(msp1),
                          BB0(msp1), BB2(((msp3 & 0x0F0000) << 4) | msp2),
    2bd4:	94 e0       	ldi	r25, 0x04	; 4
    2bd6:	cc 0c       	add	r12, r12
    2bd8:	dd 1c       	adc	r13, r13
    2bda:	ee 1c       	adc	r14, r14
    2bdc:	ff 1c       	adc	r15, r15
    2bde:	9a 95       	dec	r25
    2be0:	d1 f7       	brne	.-12     	; 0x2bd6 <SI5351::ms(signed char, unsigned long, unsigned long, unsigned char, unsigned char, unsigned int, unsigned char) [clone .constprop.27]+0x110>
    2be2:	e8 2a       	or	r14, r24
/home/jgalera/develop/arduino/usdx/usdx_plus_orange/src/driver/si5351.h:155
                          BB1(msp2), BB0(msp2)};
    2be4:	ee 82       	std	Y+6, r14	; 0x06
    2be6:	7f 83       	std	Y+7, r23	; 0x07
    2be8:	68 87       	std	Y+8, r22	; 0x08
/home/jgalera/develop/arduino/usdx/usdx_plus_orange/src/driver/si5351.h:157

    SendRegister(n * 8 + 42, ms_regs, 8); // Write to MSx
    2bea:	48 e0       	ldi	r20, 0x08	; 8
    2bec:	be 01       	movw	r22, r28
    2bee:	6f 5f       	subi	r22, 0xFF	; 255
    2bf0:	7f 4f       	sbci	r23, 0xFF	; 255
    2bf2:	89 89       	ldd	r24, Y+17	; 0x11
    2bf4:	88 0f       	add	r24, r24
    2bf6:	88 0f       	add	r24, r24
    2bf8:	88 0f       	add	r24, r24
    2bfa:	86 5d       	subi	r24, 0xD6	; 214
    2bfc:	0e 94 61 13 	call	0x26c2	; 0x26c2 <SI5351::SendRegister(unsigned char, unsigned char*, unsigned char) [clone .isra.7]>
    2c00:	61 2f       	mov	r22, r17
    2c02:	62 95       	swap	r22
    2c04:	66 0f       	add	r22, r22
    2c06:	66 0f       	add	r22, r22
    2c08:	60 7c       	andi	r22, 0xC0	; 192
/home/jgalera/develop/arduino/usdx/usdx_plus_orange/src/driver/si5351.h:158
    if (n < 0) {
    2c0a:	c9 88       	ldd	r12, Y+17	; 0x11
    2c0c:	c7 fe       	sbrs	r12, 7
    2c0e:	29 c0       	rjmp	.+82     	; 0x2c62 <SI5351::ms(signed char, unsigned long, unsigned long, unsigned char, unsigned char, unsigned int, unsigned char) [clone .constprop.27]+0x19c>
/home/jgalera/develop/arduino/usdx/usdx_plus_orange/src/driver/si5351.h:160
      SendRegister(n + 16 + 8,
                   0x80 |
    2c10:	60 68       	ori	r22, 0x80	; 128
/home/jgalera/develop/arduino/usdx/usdx_plus_orange/src/driver/si5351.h:159
                          BB0(msp1), BB2(((msp3 & 0x0F0000) << 4) | msp2),
                          BB1(msp2), BB0(msp2)};

    SendRegister(n * 8 + 42, ms_regs, 8); // Write to MSx
    if (n < 0) {
      SendRegister(n + 16 + 8,
    2c12:	8c 2d       	mov	r24, r12
    2c14:	88 5e       	subi	r24, 0xE8	; 232
/home/jgalera/develop/arduino/usdx/usdx_plus_orange/src/driver/si5351.h:168
      SendRegister(
          n + 16,
          ((pll) * 0x20) | 0x0C | 3 |
              (0x40 * _int)); // MSx CLKn: 0x0C=PLLA,0x2C=PLLB local msynth;
                              // 3=8mA; 0x40=MSx_INT; 0x80=CLKx_PDN
      SendRegister(n + 165,
    2c16:	0e 94 81 13 	call	0x2702	; 0x2702 <SI5351::SendRegister(unsigned char, unsigned char) [clone .isra.11]>
/home/jgalera/develop/arduino/usdx/usdx_plus_orange/src/driver/si5351.h:173
                   (!_int) * phase * msa /
                       90); // when using: make sure to configure MS in
                            // fractional-mode, perform reset afterwards
    }
  }
    2c1a:	64 96       	adiw	r28, 0x14	; 20
    2c1c:	0f b6       	in	r0, 0x3f	; 63
    2c1e:	f8 94       	cli
    2c20:	de bf       	out	0x3e, r29	; 62
    2c22:	0f be       	out	0x3f, r0	; 63
    2c24:	cd bf       	out	0x3d, r28	; 61
    2c26:	df 91       	pop	r29
    2c28:	cf 91       	pop	r28
    2c2a:	1f 91       	pop	r17
    2c2c:	0f 91       	pop	r16
    2c2e:	ff 90       	pop	r15
    2c30:	ef 90       	pop	r14
    2c32:	df 90       	pop	r13
    2c34:	cf 90       	pop	r12
    2c36:	bf 90       	pop	r11
    2c38:	af 90       	pop	r10
    2c3a:	9f 90       	pop	r9
    2c3c:	8f 90       	pop	r8
    2c3e:	7f 90       	pop	r7
    2c40:	6f 90       	pop	r6
    2c42:	5f 90       	pop	r5
    2c44:	4f 90       	pop	r4
    2c46:	3f 90       	pop	r3
    2c48:	2f 90       	pop	r2
    2c4a:	08 95       	ret
/home/jgalera/develop/arduino/usdx/usdx_plus_orange/src/driver/si5351.h:144
                               // PLL, 8+1/1048575..900 for MS
    if (msa == 4)
      _int = 1; // To satisfy the MSx_INT=1 requirement of AN619, section 4.1.3
                // which basically says that for MS divider a value of 4 and
                // integer mode must be used
    msb = (_int) ? 0
    2c4c:	40 e0       	ldi	r20, 0x00	; 0
    2c4e:	50 e0       	ldi	r21, 0x00	; 0
    2c50:	ba 01       	movw	r22, r20
/home/jgalera/develop/arduino/usdx/usdx_plus_orange/src/driver/si5351.h:141
    uint16_t msa;
    uint32_t msb, msc, msp1, msp2, msp3;
    msa = div_nom / div_denom; // integer part: msa must be in range 15..90 for
                               // PLL, 8+1/1048575..900 for MS
    if (msa == 4)
      _int = 1; // To satisfy the MSx_INT=1 requirement of AN619, section 4.1.3
    2c52:	11 e0       	ldi	r17, 0x01	; 1
/home/jgalera/develop/arduino/usdx/usdx_plus_orange/src/driver/si5351.h:147
                // which basically says that for MS divider a value of 4 and
                // integer mode must be used
    msb = (_int) ? 0
                 : (((uint64_t)(div_nom % div_denom) * _MSC) /
                    div_denom); // fractional part
    msc = (_int) ? 1 : _MSC;
    2c54:	c1 2c       	mov	r12, r1
    2c56:	d1 2c       	mov	r13, r1
    2c58:	76 01       	movw	r14, r12
    2c5a:	c3 94       	inc	r12
    2c5c:	8b cf       	rjmp	.-234    	; 0x2b74 <SI5351::ms(signed char, unsigned long, unsigned long, unsigned char, unsigned char, unsigned int, unsigned char) [clone .constprop.27]+0xae>
/home/jgalera/develop/arduino/usdx/usdx_plus_orange/src/driver/si5351.h:151
    msp1 = 128 * msa + 128 * msb / msc - 512;
    msp2 = 128 * msb - 128 * msb / msc * msc;
    msp3 = msc;
    uint8_t ms_reg2 = BB2(msp1) | (rdiv << 4) | ((msa == 4) * 0x0C);
    2c5e:	e0 e0       	ldi	r30, 0x00	; 0
    2c60:	b3 cf       	rjmp	.-154    	; 0x2bc8 <SI5351::ms(signed char, unsigned long, unsigned long, unsigned char, unsigned char, unsigned int, unsigned char) [clone .constprop.27]+0x102>
/home/jgalera/develop/arduino/usdx/usdx_plus_orange/src/driver/si5351.h:165
                   0x80 |
                       (0x40 * _int)); // MSNx PLLn: 0x40=FBA_INT; 0x80=CLKn_PDN
    } else {
      SendRegister(
          n + 16,
          ((pll) * 0x20) | 0x0C | 3 |
    2c62:	6f 60       	ori	r22, 0x0F	; 15
/home/jgalera/develop/arduino/usdx/usdx_plus_orange/src/driver/si5351.h:163
    if (n < 0) {
      SendRegister(n + 16 + 8,
                   0x80 |
                       (0x40 * _int)); // MSNx PLLn: 0x40=FBA_INT; 0x80=CLKn_PDN
    } else {
      SendRegister(
    2c64:	89 89       	ldd	r24, Y+17	; 0x11
    2c66:	80 5f       	subi	r24, 0xF0	; 240
    2c68:	0e 94 81 13 	call	0x2702	; 0x2702 <SI5351::SendRegister(unsigned char, unsigned char) [clone .isra.11]>
/home/jgalera/develop/arduino/usdx/usdx_plus_orange/src/driver/si5351.h:169
          n + 16,
          ((pll) * 0x20) | 0x0C | 3 |
              (0x40 * _int)); // MSx CLKn: 0x0C=PLLA,0x2C=PLLB local msynth;
                              // 3=8mA; 0x40=MSx_INT; 0x80=CLKx_PDN
      SendRegister(n + 165,
                   (!_int) * phase * msa /
    2c6c:	ea 88       	ldd	r14, Y+18	; 0x12
    2c6e:	fb 88       	ldd	r15, Y+19	; 0x13
    2c70:	e4 9c       	mul	r14, r4
    2c72:	a0 01       	movw	r20, r0
    2c74:	e5 9c       	mul	r14, r5
    2c76:	50 0d       	add	r21, r0
    2c78:	f4 9c       	mul	r15, r4
    2c7a:	50 0d       	add	r21, r0
    2c7c:	11 24       	eor	r1, r1
    2c7e:	21 e0       	ldi	r18, 0x01	; 1
    2c80:	12 27       	eor	r17, r18
    2c82:	21 2f       	mov	r18, r17
    2c84:	30 e0       	ldi	r19, 0x00	; 0
    2c86:	42 9f       	mul	r20, r18
    2c88:	c0 01       	movw	r24, r0
    2c8a:	43 9f       	mul	r20, r19
    2c8c:	90 0d       	add	r25, r0
    2c8e:	52 9f       	mul	r21, r18
    2c90:	90 0d       	add	r25, r0
    2c92:	11 24       	eor	r1, r1
    2c94:	6a e5       	ldi	r22, 0x5A	; 90
    2c96:	70 e0       	ldi	r23, 0x00	; 0
    2c98:	0e 94 7e 39 	call	0x72fc	; 0x72fc <__udivmodhi4>
/home/jgalera/develop/arduino/usdx/usdx_plus_orange/src/driver/si5351.h:168
      SendRegister(
          n + 16,
          ((pll) * 0x20) | 0x0C | 3 |
              (0x40 * _int)); // MSx CLKn: 0x0C=PLLA,0x2C=PLLB local msynth;
                              // 3=8mA; 0x40=MSx_INT; 0x80=CLKx_PDN
      SendRegister(n + 165,
    2c9c:	89 89       	ldd	r24, Y+17	; 0x11
    2c9e:	8b 55       	subi	r24, 0x5B	; 91
    2ca0:	ba cf       	rjmp	.-140    	; 0x2c16 <SI5351::ms(signed char, unsigned long, unsigned long, unsigned char, unsigned char, unsigned int, unsigned char) [clone .constprop.27]+0x150>

00002ca2 <SI5351::freq(long, unsigned int, unsigned int) [clone .constprop.26]>:
_ZN6SI53514freqEljj.constprop.26():
/home/jgalera/develop/arduino/usdx/usdx_plus_orange/src/driver/si5351.h:186

  void oe(uint8_t mask) {
    SendRegister(3, ~mask);
  } // output-enable mask: CLK2=4; CLK1=2; CLK0=1

  void freq(int32_t fout, uint16_t i,
    2ca2:	2f 92       	push	r2
    2ca4:	3f 92       	push	r3
    2ca6:	4f 92       	push	r4
    2ca8:	5f 92       	push	r5
    2caa:	6f 92       	push	r6
    2cac:	7f 92       	push	r7
    2cae:	8f 92       	push	r8
    2cb0:	9f 92       	push	r9
    2cb2:	af 92       	push	r10
    2cb4:	bf 92       	push	r11
    2cb6:	cf 92       	push	r12
    2cb8:	df 92       	push	r13
    2cba:	ef 92       	push	r14
    2cbc:	ff 92       	push	r15
    2cbe:	0f 93       	push	r16
    2cc0:	1f 93       	push	r17
    2cc2:	cf 93       	push	r28
    2cc4:	df 93       	push	r29
    2cc6:	cd b7       	in	r28, 0x3d	; 61
    2cc8:	de b7       	in	r29, 0x3e	; 62
    2cca:	60 97       	sbiw	r28, 0x10	; 16
    2ccc:	0f b6       	in	r0, 0x3f	; 63
    2cce:	f8 94       	cli
    2cd0:	de bf       	out	0x3e, r29	; 62
    2cd2:	0f be       	out	0x3f, r0	; 63
    2cd4:	cd bf       	out	0x3d, r28	; 61
    2cd6:	4b 01       	movw	r8, r22
    2cd8:	5c 01       	movw	r10, r24
    2cda:	49 87       	std	Y+9, r20	; 0x09
    2cdc:	5a 83       	std	Y+2, r21	; 0x02
    2cde:	29 83       	std	Y+1, r18	; 0x01
    2ce0:	3b 83       	std	Y+3, r19	; 0x03
/home/jgalera/develop/arduino/usdx/usdx_plus_orange/src/driver/si5351.h:189
            uint16_t q) { // Set a CLK0,1,2 to fout Hz with phase i, q (on PLLA)
    uint8_t rdiv = 0;     // CLK pin sees fout/(2^rdiv)
    if (fout > 300000000) {
    2ce2:	21 e0       	ldi	r18, 0x01	; 1
    2ce4:	82 16       	cp	r8, r18
    2ce6:	23 ea       	ldi	r18, 0xA3	; 163
    2ce8:	92 06       	cpc	r9, r18
    2cea:	21 ee       	ldi	r18, 0xE1	; 225
    2cec:	a2 06       	cpc	r10, r18
    2cee:	21 e1       	ldi	r18, 0x11	; 17
    2cf0:	b2 06       	cpc	r11, r18
    2cf2:	dc f0       	brlt	.+54     	; 0x2d2a <SI5351::freq(long, unsigned int, unsigned int) [clone .constprop.26]+0x88>
/home/jgalera/develop/arduino/usdx/usdx_plus_orange/src/driver/si5351.h:190
      i /= 3;
    2cf4:	23 e0       	ldi	r18, 0x03	; 3
    2cf6:	30 e0       	ldi	r19, 0x00	; 0
    2cf8:	ca 01       	movw	r24, r20
    2cfa:	b9 01       	movw	r22, r18
    2cfc:	0e 94 7e 39 	call	0x72fc	; 0x72fc <__udivmodhi4>
    2d00:	69 87       	std	Y+9, r22	; 0x09
    2d02:	7a 83       	std	Y+2, r23	; 0x02
/home/jgalera/develop/arduino/usdx/usdx_plus_orange/src/driver/si5351.h:191
      q /= 3;
    2d04:	89 81       	ldd	r24, Y+1	; 0x01
    2d06:	9b 81       	ldd	r25, Y+3	; 0x03
    2d08:	b9 01       	movw	r22, r18
    2d0a:	0e 94 7e 39 	call	0x72fc	; 0x72fc <__udivmodhi4>
    2d0e:	69 83       	std	Y+1, r22	; 0x01
    2d10:	7b 83       	std	Y+3, r23	; 0x03
/home/jgalera/develop/arduino/usdx/usdx_plus_orange/src/driver/si5351.h:192
      fout /= 3;
    2d12:	c5 01       	movw	r24, r10
    2d14:	b4 01       	movw	r22, r8
    2d16:	23 e0       	ldi	r18, 0x03	; 3
    2d18:	30 e0       	ldi	r19, 0x00	; 0
    2d1a:	40 e0       	ldi	r20, 0x00	; 0
    2d1c:	50 e0       	ldi	r21, 0x00	; 0
    2d1e:	0e 94 c8 39 	call	0x7390	; 0x7390 <__divmodsi4>
    2d22:	49 01       	movw	r8, r18
    2d24:	5a 01       	movw	r10, r20
/home/jgalera/develop/arduino/usdx/usdx_plus_orange/src/driver/si5351.h:188
    SendRegister(3, ~mask);
  } // output-enable mask: CLK2=4; CLK1=2; CLK0=1

  void freq(int32_t fout, uint16_t i,
            uint16_t q) { // Set a CLK0,1,2 to fout Hz with phase i, q (on PLLA)
    uint8_t rdiv = 0;     // CLK pin sees fout/(2^rdiv)
    2d26:	18 86       	std	Y+8, r1	; 0x08
    2d28:	11 c0       	rjmp	.+34     	; 0x2d4c <SI5351::freq(long, unsigned int, unsigned int) [clone .constprop.26]+0xaa>
/home/jgalera/develop/arduino/usdx/usdx_plus_orange/src/driver/si5351.h:194
    if (fout > 300000000) {
      i /= 3;
      q /= 3;
      fout /= 3;
    } // for higher freqs, use 3rd harmonic
    if (fout < 500000) {
    2d2a:	60 e2       	ldi	r22, 0x20	; 32
    2d2c:	86 16       	cp	r8, r22
    2d2e:	61 ea       	ldi	r22, 0xA1	; 161
    2d30:	96 06       	cpc	r9, r22
    2d32:	67 e0       	ldi	r22, 0x07	; 7
    2d34:	a6 06       	cpc	r10, r22
    2d36:	b1 04       	cpc	r11, r1
    2d38:	b4 f7       	brge	.-20     	; 0x2d26 <SI5351::freq(long, unsigned int, unsigned int) [clone .constprop.26]+0x84>
/home/jgalera/develop/arduino/usdx/usdx_plus_orange/src/driver/si5351.h:196
      rdiv = 7;
      fout *= 128;
    2d3a:	47 e0       	ldi	r20, 0x07	; 7
    2d3c:	88 0c       	add	r8, r8
    2d3e:	99 1c       	adc	r9, r9
    2d40:	aa 1c       	adc	r10, r10
    2d42:	bb 1c       	adc	r11, r11
    2d44:	4a 95       	dec	r20
    2d46:	d1 f7       	brne	.-12     	; 0x2d3c <SI5351::freq(long, unsigned int, unsigned int) [clone .constprop.26]+0x9a>
/home/jgalera/develop/arduino/usdx/usdx_plus_orange/src/driver/si5351.h:195
      i /= 3;
      q /= 3;
      fout /= 3;
    } // for higher freqs, use 3rd harmonic
    if (fout < 500000) {
      rdiv = 7;
    2d48:	77 e0       	ldi	r23, 0x07	; 7
    2d4a:	78 87       	std	Y+8, r23	; 0x08
/home/jgalera/develop/arduino/usdx/usdx_plus_orange/src/driver/si5351.h:199
      fout *= 128;
    } // Divide by 128 for fout 4..500kHz
    uint16_t d;
    if (fout < 30000000)
    2d4c:	80 e8       	ldi	r24, 0x80	; 128
    2d4e:	88 16       	cp	r8, r24
    2d50:	83 ec       	ldi	r24, 0xC3	; 195
    2d52:	98 06       	cpc	r9, r24
    2d54:	89 ec       	ldi	r24, 0xC9	; 201
    2d56:	a8 06       	cpc	r10, r24
    2d58:	81 e0       	ldi	r24, 0x01	; 1
    2d5a:	b8 06       	cpc	r11, r24
    2d5c:	cc f4       	brge	.+50     	; 0x2d90 <SI5351::freq(long, unsigned int, unsigned int) [clone .constprop.26]+0xee>
/home/jgalera/develop/arduino/usdx/usdx_plus_orange/src/driver/si5351.h:200
      d = (16 * fxtal) / fout;
    2d5e:	60 91 cf 06 	lds	r22, 0x06CF	; 0x8006cf <si5351+0x13>
    2d62:	70 91 d0 06 	lds	r23, 0x06D0	; 0x8006d0 <si5351+0x14>
    2d66:	80 91 d1 06 	lds	r24, 0x06D1	; 0x8006d1 <si5351+0x15>
    2d6a:	90 91 d2 06 	lds	r25, 0x06D2	; 0x8006d2 <si5351+0x16>
/home/jgalera/develop/arduino/usdx/usdx_plus_orange/src/driver/si5351.h:203
    else
      d = (32 * fxtal) / fout; // Integer part  .. maybe 44?
    if (fout < 3500000)
    2d6e:	a0 ee       	ldi	r26, 0xE0	; 224
    2d70:	8a 16       	cp	r8, r26
    2d72:	a7 e6       	ldi	r26, 0x67	; 103
    2d74:	9a 06       	cpc	r9, r26
    2d76:	a5 e3       	ldi	r26, 0x35	; 53
    2d78:	aa 06       	cpc	r10, r26
    2d7a:	b1 04       	cpc	r11, r1
    2d7c:	0c f4       	brge	.+2      	; 0x2d80 <SI5351::freq(long, unsigned int, unsigned int) [clone .constprop.26]+0xde>
    2d7e:	45 c1       	rjmp	.+650    	; 0x300a <SI5351::freq(long, unsigned int, unsigned int) [clone .constprop.26]+0x368>
/home/jgalera/develop/arduino/usdx/usdx_plus_orange/src/driver/si5351.h:200
      rdiv = 7;
      fout *= 128;
    } // Divide by 128 for fout 4..500kHz
    uint16_t d;
    if (fout < 30000000)
      d = (16 * fxtal) / fout;
    2d80:	24 e0       	ldi	r18, 0x04	; 4
    2d82:	66 0f       	add	r22, r22
    2d84:	77 1f       	adc	r23, r23
    2d86:	88 1f       	adc	r24, r24
    2d88:	99 1f       	adc	r25, r25
    2d8a:	2a 95       	dec	r18
    2d8c:	d1 f7       	brne	.-12     	; 0x2d82 <SI5351::freq(long, unsigned int, unsigned int) [clone .constprop.26]+0xe0>
    2d8e:	49 c1       	rjmp	.+658    	; 0x3022 <SI5351::freq(long, unsigned int, unsigned int) [clone .constprop.26]+0x380>
/home/jgalera/develop/arduino/usdx/usdx_plus_orange/src/driver/si5351.h:202
    else
      d = (32 * fxtal) / fout; // Integer part  .. maybe 44?
    2d90:	60 91 cf 06 	lds	r22, 0x06CF	; 0x8006cf <si5351+0x13>
    2d94:	70 91 d0 06 	lds	r23, 0x06D0	; 0x8006d0 <si5351+0x14>
    2d98:	80 91 d1 06 	lds	r24, 0x06D1	; 0x8006d1 <si5351+0x15>
    2d9c:	90 91 d2 06 	lds	r25, 0x06D2	; 0x8006d2 <si5351+0x16>
    2da0:	35 e0       	ldi	r19, 0x05	; 5
    2da2:	66 0f       	add	r22, r22
    2da4:	77 1f       	adc	r23, r23
    2da6:	88 1f       	adc	r24, r24
    2da8:	99 1f       	adc	r25, r25
    2daa:	3a 95       	dec	r19
    2dac:	d1 f7       	brne	.-12     	; 0x2da2 <SI5351::freq(long, unsigned int, unsigned int) [clone .constprop.26]+0x100>
    2dae:	a5 01       	movw	r20, r10
    2db0:	94 01       	movw	r18, r8
    2db2:	0e 94 a6 39 	call	0x734c	; 0x734c <__udivmodsi4>
    2db6:	19 01       	movw	r2, r18
/home/jgalera/develop/arduino/usdx/usdx_plus_orange/src/driver/si5351.h:206
    if (fout < 3500000)
      d = (7 * fxtal) / fout; // PLL at 189MHz to cover 160m (freq>1.48MHz) when
                              // using 27MHz crystal
    if (fout > 140000000)
    2db8:	b1 e0       	ldi	r27, 0x01	; 1
    2dba:	8b 16       	cp	r8, r27
    2dbc:	bb e3       	ldi	r27, 0x3B	; 59
    2dbe:	9b 06       	cpc	r9, r27
    2dc0:	b8 e5       	ldi	r27, 0x58	; 88
    2dc2:	ab 06       	cpc	r10, r27
    2dc4:	b8 e0       	ldi	r27, 0x08	; 8
    2dc6:	bb 06       	cpc	r11, r27
    2dc8:	0c f0       	brlt	.+2      	; 0x2dcc <SI5351::freq(long, unsigned int, unsigned int) [clone .constprop.26]+0x12a>
    2dca:	31 c1       	rjmp	.+610    	; 0x302e <SI5351::freq(long, unsigned int, unsigned int) [clone .constprop.26]+0x38c>
/home/jgalera/develop/arduino/usdx/usdx_plus_orange/src/driver/si5351.h:208
      d = 4; // for f=140..300MHz; AN619; 4.1.3, this implies integer mode
    if (d % 2)
    2dcc:	20 fe       	sbrs	r2, 0
    2dce:	03 c0       	rjmp	.+6      	; 0x2dd6 <SI5351::freq(long, unsigned int, unsigned int) [clone .constprop.26]+0x134>
/home/jgalera/develop/arduino/usdx/usdx_plus_orange/src/driver/si5351.h:209
      d++; // even numbers preferred for divider (AN619 p.4 and p.6)
    2dd0:	2f ef       	ldi	r18, 0xFF	; 255
    2dd2:	22 1a       	sub	r2, r18
    2dd4:	32 0a       	sbc	r3, r18
/home/jgalera/develop/arduino/usdx/usdx_plus_orange/src/driver/si5351.h:210
    if ((d * (fout - 5000) / fxtal) != (d * (fout + 5000) / fxtal))
    2dd6:	d1 01       	movw	r26, r2
    2dd8:	a5 01       	movw	r20, r10
    2dda:	94 01       	movw	r18, r8
    2ddc:	28 58       	subi	r18, 0x88	; 136
    2dde:	33 41       	sbci	r19, 0x13	; 19
    2de0:	41 09       	sbc	r20, r1
    2de2:	51 09       	sbc	r21, r1
    2de4:	0e 94 0b 3a 	call	0x7416	; 0x7416 <__muluhisi3>
    2de8:	6b 01       	movw	r12, r22
    2dea:	7c 01       	movw	r14, r24
    2dec:	20 91 cf 06 	lds	r18, 0x06CF	; 0x8006cf <si5351+0x13>
    2df0:	30 91 d0 06 	lds	r19, 0x06D0	; 0x8006d0 <si5351+0x14>
    2df4:	40 91 d1 06 	lds	r20, 0x06D1	; 0x8006d1 <si5351+0x15>
    2df8:	50 91 d2 06 	lds	r21, 0x06D2	; 0x8006d2 <si5351+0x16>
    2dfc:	40 90 cf 06 	lds	r4, 0x06CF	; 0x8006cf <si5351+0x13>
    2e00:	50 90 d0 06 	lds	r5, 0x06D0	; 0x8006d0 <si5351+0x14>
    2e04:	60 90 d1 06 	lds	r6, 0x06D1	; 0x8006d1 <si5351+0x15>
    2e08:	70 90 d2 06 	lds	r7, 0x06D2	; 0x8006d2 <si5351+0x16>
    2e0c:	4c 82       	std	Y+4, r4	; 0x04
    2e0e:	5d 82       	std	Y+5, r5	; 0x05
    2e10:	6e 82       	std	Y+6, r6	; 0x06
    2e12:	7f 82       	std	Y+7, r7	; 0x07
    2e14:	0e 94 a6 39 	call	0x734c	; 0x734c <__udivmodsi4>
    2e18:	29 01       	movw	r4, r18
    2e1a:	3a 01       	movw	r6, r20
    2e1c:	91 01       	movw	r18, r2
    2e1e:	a0 e1       	ldi	r26, 0x10	; 16
    2e20:	b7 e2       	ldi	r27, 0x27	; 39
    2e22:	0e 94 f5 39 	call	0x73ea	; 0x73ea <__umulhisi3>
    2e26:	6c 0d       	add	r22, r12
    2e28:	7d 1d       	adc	r23, r13
    2e2a:	8e 1d       	adc	r24, r14
    2e2c:	9f 1d       	adc	r25, r15
    2e2e:	2c 81       	ldd	r18, Y+4	; 0x04
    2e30:	3d 81       	ldd	r19, Y+5	; 0x05
    2e32:	4e 81       	ldd	r20, Y+6	; 0x06
    2e34:	5f 81       	ldd	r21, Y+7	; 0x07
    2e36:	0e 94 a6 39 	call	0x734c	; 0x734c <__udivmodsi4>
    2e3a:	42 16       	cp	r4, r18
    2e3c:	53 06       	cpc	r5, r19
    2e3e:	64 06       	cpc	r6, r20
    2e40:	75 06       	cpc	r7, r21
    2e42:	19 f0       	breq	.+6      	; 0x2e4a <SI5351::freq(long, unsigned int, unsigned int) [clone .constprop.26]+0x1a8>
/home/jgalera/develop/arduino/usdx/usdx_plus_orange/src/driver/si5351.h:211
      d += 2; // Test if multiplier remains same for freq deviation +/- 5kHz, if
    2e44:	22 e0       	ldi	r18, 0x02	; 2
    2e46:	22 0e       	add	r2, r18
    2e48:	31 1c       	adc	r3, r1
/home/jgalera/develop/arduino/usdx/usdx_plus_orange/src/driver/si5351.h:213
              // not use different divider to make same
    uint32_t fvcoa = d * fout; // Variable PLLA VCO frequency at integer
    2e4a:	d1 01       	movw	r26, r2
    2e4c:	a5 01       	movw	r20, r10
    2e4e:	94 01       	movw	r18, r8
    2e50:	0e 94 0b 3a 	call	0x7416	; 0x7416 <__muluhisi3>
    2e54:	2b 01       	movw	r4, r22
    2e56:	3c 01       	movw	r6, r24
/home/jgalera/develop/arduino/usdx/usdx_plus_orange/src/driver/si5351.h:215
                               // multiple of fout at around 27MHz*16 = 432MHz
    ms(MSNA, fvcoa, fxtal);    // PLLA in fractional mode
    2e58:	00 91 cf 06 	lds	r16, 0x06CF	; 0x8006cf <si5351+0x13>
    2e5c:	10 91 d0 06 	lds	r17, 0x06D0	; 0x8006d0 <si5351+0x14>
    2e60:	20 91 d1 06 	lds	r18, 0x06D1	; 0x8006d1 <si5351+0x15>
    2e64:	30 91 d2 06 	lds	r19, 0x06D2	; 0x8006d2 <si5351+0x16>
    2e68:	c1 2c       	mov	r12, r1
    2e6a:	f1 2c       	mov	r15, r1
    2e6c:	e1 2c       	mov	r14, r1
    2e6e:	bc 01       	movw	r22, r24
    2e70:	a2 01       	movw	r20, r4
    2e72:	8e ef       	ldi	r24, 0xFE	; 254
    2e74:	0e 94 63 15 	call	0x2ac6	; 0x2ac6 <SI5351::ms(signed char, unsigned long, unsigned long, unsigned char, unsigned char, unsigned int, unsigned char) [clone .constprop.27]>
/home/jgalera/develop/arduino/usdx/usdx_plus_orange/src/driver/si5351.h:217
    // ms(MSNB, fvcoa, fxtal);
    ms(MS0, fvcoa, fout, PLLA, 0, i,
    2e78:	c8 84       	ldd	r12, Y+8	; 0x08
    2e7a:	e9 84       	ldd	r14, Y+9	; 0x09
    2e7c:	fa 80       	ldd	r15, Y+2	; 0x02
    2e7e:	95 01       	movw	r18, r10
    2e80:	84 01       	movw	r16, r8
    2e82:	b3 01       	movw	r22, r6
    2e84:	a2 01       	movw	r20, r4
    2e86:	80 e0       	ldi	r24, 0x00	; 0
    2e88:	0e 94 63 15 	call	0x2ac6	; 0x2ac6 <SI5351::ms(signed char, unsigned long, unsigned long, unsigned char, unsigned char, unsigned int, unsigned char) [clone .constprop.27]>
/home/jgalera/develop/arduino/usdx/usdx_plus_orange/src/driver/si5351.h:220
       rdiv); // Multisynth stage with integer divider but in frac mode due to
              // phase setting
    ms(MS1, fvcoa, fout, PLLA, 0, q, rdiv);
    2e8c:	c8 84       	ldd	r12, Y+8	; 0x08
    2e8e:	e9 80       	ldd	r14, Y+1	; 0x01
    2e90:	fb 80       	ldd	r15, Y+3	; 0x03
    2e92:	95 01       	movw	r18, r10
    2e94:	b3 01       	movw	r22, r6
    2e96:	a2 01       	movw	r20, r4
    2e98:	81 e0       	ldi	r24, 0x01	; 1
    2e9a:	0e 94 63 15 	call	0x2ac6	; 0x2ac6 <SI5351::ms(signed char, unsigned long, unsigned long, unsigned char, unsigned char, unsigned int, unsigned char) [clone .constprop.27]>
/home/jgalera/develop/arduino/usdx/usdx_plus_orange/src/driver/si5351.h:224
#ifdef F_CLK2
    freqb(F_CLK2);
#else
    ms(MS2, fvcoa, fout, PLLA, 0, 0, rdiv);
    2e9e:	c8 84       	ldd	r12, Y+8	; 0x08
    2ea0:	f1 2c       	mov	r15, r1
    2ea2:	e1 2c       	mov	r14, r1
    2ea4:	95 01       	movw	r18, r10
    2ea6:	b3 01       	movw	r22, r6
    2ea8:	a2 01       	movw	r20, r4
    2eaa:	82 e0       	ldi	r24, 0x02	; 2
    2eac:	0e 94 63 15 	call	0x2ac6	; 0x2ac6 <SI5351::ms(signed char, unsigned long, unsigned long, unsigned char, unsigned char, unsigned int, unsigned char) [clone .constprop.27]>
/home/jgalera/develop/arduino/usdx/usdx_plus_orange/src/driver/si5351.h:226
#endif
    if (iqmsa != (((int8_t)i - (int8_t)q) * ((int16_t)(fvcoa / fout)) / 90)) {
    2eb0:	69 85       	ldd	r22, Y+9	; 0x09
    2eb2:	06 2e       	mov	r0, r22
    2eb4:	00 0c       	add	r0, r0
    2eb6:	77 0b       	sbc	r23, r23
    2eb8:	89 81       	ldd	r24, Y+1	; 0x01
    2eba:	68 1b       	sub	r22, r24
    2ebc:	71 09       	sbc	r23, r1
    2ebe:	87 fd       	sbrc	r24, 7
    2ec0:	73 95       	inc	r23
    2ec2:	7d 83       	std	Y+5, r23	; 0x05
    2ec4:	6c 83       	std	Y+4, r22	; 0x04
    2ec6:	c3 01       	movw	r24, r6
    2ec8:	b2 01       	movw	r22, r4
    2eca:	a5 01       	movw	r20, r10
    2ecc:	94 01       	movw	r18, r8
    2ece:	0e 94 a6 39 	call	0x734c	; 0x734c <__udivmodsi4>
    2ed2:	ac 81       	ldd	r26, Y+4	; 0x04
    2ed4:	bd 81       	ldd	r27, Y+5	; 0x05
    2ed6:	a2 9f       	mul	r26, r18
    2ed8:	c0 01       	movw	r24, r0
    2eda:	a3 9f       	mul	r26, r19
    2edc:	90 0d       	add	r25, r0
    2ede:	b2 9f       	mul	r27, r18
    2ee0:	90 0d       	add	r25, r0
    2ee2:	11 24       	eor	r1, r1
    2ee4:	6a e5       	ldi	r22, 0x5A	; 90
    2ee6:	70 e0       	ldi	r23, 0x00	; 0
    2ee8:	0e 94 92 39 	call	0x7324	; 0x7324 <__divmodhi4>
    2eec:	80 91 d3 06 	lds	r24, 0x06D3	; 0x8006d3 <si5351+0x17>
    2ef0:	90 91 d4 06 	lds	r25, 0x06D4	; 0x8006d4 <si5351+0x18>
    2ef4:	86 17       	cp	r24, r22
    2ef6:	97 07       	cpc	r25, r23
    2ef8:	41 f0       	breq	.+16     	; 0x2f0a <SI5351::freq(long, unsigned int, unsigned int) [clone .constprop.26]+0x268>
/home/jgalera/develop/arduino/usdx/usdx_plus_orange/src/driver/si5351.h:227
      iqmsa = ((int8_t)i - (int8_t)q) * ((int16_t)(fvcoa / fout)) / 90;
    2efa:	70 93 d4 06 	sts	0x06D4, r23	; 0x8006d4 <si5351+0x18>
    2efe:	60 93 d3 06 	sts	0x06D3, r22	; 0x8006d3 <si5351+0x17>
_ZN6SI53515resetEv.isra.9():
/home/jgalera/develop/arduino/usdx/usdx_plus_orange/src/driver/si5351.h:180
  void phase(int8_t n, uint32_t div_nom, uint32_t div_denom, uint16_t phase) {
    SendRegister(n + 165, phase * (div_nom / div_denom) / 90);
  } // when using: make sure to configure MS in fractional-mode!, perform reset
    // afterwards

  void reset() { SendRegister(177, 0xA0); } // 0x20 reset PLLA; 0x80 reset PLLB
    2f02:	60 ea       	ldi	r22, 0xA0	; 160
    2f04:	81 eb       	ldi	r24, 0xB1	; 177
    2f06:	0e 94 81 13 	call	0x2702	; 0x2702 <SI5351::SendRegister(unsigned char, unsigned char) [clone .isra.11]>
_ZN6SI53512oeEh.isra.10():
/home/jgalera/develop/arduino/usdx/usdx_plus_orange/src/driver/si5351.h:183

  void oe(uint8_t mask) {
    SendRegister(3, ~mask);
    2f0a:	6c ef       	ldi	r22, 0xFC	; 252
    2f0c:	83 e0       	ldi	r24, 0x03	; 3
    2f0e:	0e 94 81 13 	call	0x2702	; 0x2702 <SI5351::SendRegister(unsigned char, unsigned char) [clone .isra.11]>
_ZN6SI53514freqEljj.constprop.26():
/home/jgalera/develop/arduino/usdx/usdx_plus_orange/src/driver/si5351.h:248
        F_DEV); // Td = 1/(4 * Fdev) phase-shift
                // https://tj-lab.org/2020/08/27/si5351%e5%8d%98%e4%bd%93%e3%81%a73mhz%e4%bb%a5%e4%b8%8b%e3%81%ae%e7%9b%b4%e4%ba%a4%e4%bf%a1%e5%8f%b7%e3%82%92%e5%87%ba%e5%8a%9b%e3%81%99%e3%82%8b/
    ms(MS1, fvcoa, fout, PLLA, 0, 0, rdiv);
    oe(0b00000011); // output enable CLK0, CLK1
#endif
    _fout = fout; // cache
    2f12:	80 92 bc 06 	sts	0x06BC, r8	; 0x8006bc <si5351>
    2f16:	90 92 bd 06 	sts	0x06BD, r9	; 0x8006bd <si5351+0x1>
    2f1a:	a0 92 be 06 	sts	0x06BE, r10	; 0x8006be <si5351+0x2>
    2f1e:	b0 92 bf 06 	sts	0x06BF, r11	; 0x8006bf <si5351+0x3>
/home/jgalera/develop/arduino/usdx/usdx_plus_orange/src/driver/si5351.h:249
    _div = d;
    2f22:	20 92 c0 06 	sts	0x06C0, r2	; 0x8006c0 <si5351+0x4>
/home/jgalera/develop/arduino/usdx/usdx_plus_orange/src/driver/si5351.h:250
    _msa128min512 = fvcoa / fxtal * 128 - 512;
    2f26:	20 91 cf 06 	lds	r18, 0x06CF	; 0x8006cf <si5351+0x13>
    2f2a:	30 91 d0 06 	lds	r19, 0x06D0	; 0x8006d0 <si5351+0x14>
    2f2e:	40 91 d1 06 	lds	r20, 0x06D1	; 0x8006d1 <si5351+0x15>
    2f32:	50 91 d2 06 	lds	r21, 0x06D2	; 0x8006d2 <si5351+0x16>
    2f36:	c3 01       	movw	r24, r6
    2f38:	b2 01       	movw	r22, r4
    2f3a:	0e 94 a6 39 	call	0x734c	; 0x734c <__udivmodsi4>
    2f3e:	24 50       	subi	r18, 0x04	; 4
    2f40:	31 09       	sbc	r19, r1
    2f42:	41 09       	sbc	r20, r1
    2f44:	5e 4f       	sbci	r21, 0xFE	; 254
    2f46:	36 95       	lsr	r19
    2f48:	32 2f       	mov	r19, r18
    2f4a:	22 27       	eor	r18, r18
    2f4c:	37 95       	ror	r19
    2f4e:	27 95       	ror	r18
    2f50:	30 93 c2 06 	sts	0x06C2, r19	; 0x8006c2 <si5351+0x6>
    2f54:	20 93 c1 06 	sts	0x06C1, r18	; 0x8006c1 <si5351+0x5>
/home/jgalera/develop/arduino/usdx/usdx_plus_orange/src/driver/si5351.h:251
    _msb128 = ((uint64_t)(fvcoa % fxtal) * _MSC * 128) / fxtal;
    2f58:	20 91 cf 06 	lds	r18, 0x06CF	; 0x8006cf <si5351+0x13>
    2f5c:	30 91 d0 06 	lds	r19, 0x06D0	; 0x8006d0 <si5351+0x14>
    2f60:	40 91 d1 06 	lds	r20, 0x06D1	; 0x8006d1 <si5351+0x15>
    2f64:	50 91 d2 06 	lds	r21, 0x06D2	; 0x8006d2 <si5351+0x16>
    2f68:	c0 90 cf 06 	lds	r12, 0x06CF	; 0x8006cf <si5351+0x13>
    2f6c:	d0 90 d0 06 	lds	r13, 0x06D0	; 0x8006d0 <si5351+0x14>
    2f70:	e0 90 d1 06 	lds	r14, 0x06D1	; 0x8006d1 <si5351+0x15>
    2f74:	f0 90 d2 06 	lds	r15, 0x06D2	; 0x8006d2 <si5351+0x16>
    2f78:	c3 01       	movw	r24, r6
    2f7a:	b2 01       	movw	r22, r4
    2f7c:	0e 94 a6 39 	call	0x734c	; 0x734c <__udivmodsi4>
    2f80:	2b 01       	movw	r4, r22
    2f82:	3c 01       	movw	r6, r24
    2f84:	81 2c       	mov	r8, r1
    2f86:	91 2c       	mov	r9, r1
    2f88:	54 01       	movw	r10, r8
    2f8a:	69 87       	std	Y+9, r22	; 0x09
    2f8c:	5a 86       	std	Y+10, r5	; 0x0a
    2f8e:	8b 87       	std	Y+11, r24	; 0x0b
    2f90:	7c 86       	std	Y+12, r7	; 0x0c
    2f92:	8d 86       	std	Y+13, r8	; 0x0d
    2f94:	9e 86       	std	Y+14, r9	; 0x0e
    2f96:	af 86       	std	Y+15, r10	; 0x0f
    2f98:	b8 8a       	std	Y+16, r11	; 0x10
    2f9a:	9b 01       	movw	r18, r22
    2f9c:	ac 01       	movw	r20, r24
    2f9e:	60 e0       	ldi	r22, 0x00	; 0
    2fa0:	70 e0       	ldi	r23, 0x00	; 0
    2fa2:	80 e0       	ldi	r24, 0x00	; 0
    2fa4:	90 e0       	ldi	r25, 0x00	; 0
    2fa6:	07 e1       	ldi	r16, 0x17	; 23
    2fa8:	0e 94 be 3a 	call	0x757c	; 0x757c <__ashldi3>
    2fac:	2a 83       	std	Y+2, r18	; 0x02
    2fae:	39 83       	std	Y+1, r19	; 0x01
    2fb0:	56 01       	movw	r10, r12
    2fb2:	67 01       	movw	r12, r14
    2fb4:	e1 2c       	mov	r14, r1
    2fb6:	f1 2c       	mov	r15, r1
    2fb8:	00 e0       	ldi	r16, 0x00	; 0
    2fba:	10 e0       	ldi	r17, 0x00	; 0
    2fbc:	2a 81       	ldd	r18, Y+2	; 0x02
    2fbe:	39 81       	ldd	r19, Y+1	; 0x01
    2fc0:	0e 94 51 3a 	call	0x74a2	; 0x74a2 <__udivdi3>
    2fc4:	c9 01       	movw	r24, r18
    2fc6:	da 01       	movw	r26, r20
    2fc8:	80 93 c3 06 	sts	0x06C3, r24	; 0x8006c3 <si5351+0x7>
    2fcc:	90 93 c4 06 	sts	0x06C4, r25	; 0x8006c4 <si5351+0x8>
    2fd0:	a0 93 c5 06 	sts	0x06C5, r26	; 0x8006c5 <si5351+0x9>
    2fd4:	b0 93 c6 06 	sts	0x06C6, r27	; 0x8006c6 <si5351+0xa>
/home/jgalera/develop/arduino/usdx/usdx_plus_orange/src/driver/si5351.h:253
    //_mod = fvcoa % fxtal;
  }
    2fd8:	60 96       	adiw	r28, 0x10	; 16
    2fda:	0f b6       	in	r0, 0x3f	; 63
    2fdc:	f8 94       	cli
    2fde:	de bf       	out	0x3e, r29	; 62
    2fe0:	0f be       	out	0x3f, r0	; 63
    2fe2:	cd bf       	out	0x3d, r28	; 61
    2fe4:	df 91       	pop	r29
    2fe6:	cf 91       	pop	r28
    2fe8:	1f 91       	pop	r17
    2fea:	0f 91       	pop	r16
    2fec:	ff 90       	pop	r15
    2fee:	ef 90       	pop	r14
    2ff0:	df 90       	pop	r13
    2ff2:	cf 90       	pop	r12
    2ff4:	bf 90       	pop	r11
    2ff6:	af 90       	pop	r10
    2ff8:	9f 90       	pop	r9
    2ffa:	8f 90       	pop	r8
    2ffc:	7f 90       	pop	r7
    2ffe:	6f 90       	pop	r6
    3000:	5f 90       	pop	r5
    3002:	4f 90       	pop	r4
    3004:	3f 90       	pop	r3
    3006:	2f 90       	pop	r2
    3008:	08 95       	ret
/home/jgalera/develop/arduino/usdx/usdx_plus_orange/src/driver/si5351.h:204
    if (fout < 30000000)
      d = (16 * fxtal) / fout;
    else
      d = (32 * fxtal) / fout; // Integer part  .. maybe 44?
    if (fout < 3500000)
      d = (7 * fxtal) / fout; // PLL at 189MHz to cover 160m (freq>1.48MHz) when
    300a:	20 91 cf 06 	lds	r18, 0x06CF	; 0x8006cf <si5351+0x13>
    300e:	30 91 d0 06 	lds	r19, 0x06D0	; 0x8006d0 <si5351+0x14>
    3012:	40 91 d1 06 	lds	r20, 0x06D1	; 0x8006d1 <si5351+0x15>
    3016:	50 91 d2 06 	lds	r21, 0x06D2	; 0x8006d2 <si5351+0x16>
    301a:	a7 e0       	ldi	r26, 0x07	; 7
    301c:	b0 e0       	ldi	r27, 0x00	; 0
    301e:	0e 94 0b 3a 	call	0x7416	; 0x7416 <__muluhisi3>
/home/jgalera/develop/arduino/usdx/usdx_plus_orange/src/driver/si5351.h:200
      rdiv = 7;
      fout *= 128;
    } // Divide by 128 for fout 4..500kHz
    uint16_t d;
    if (fout < 30000000)
      d = (16 * fxtal) / fout;
    3022:	a5 01       	movw	r20, r10
    3024:	94 01       	movw	r18, r8
    3026:	0e 94 a6 39 	call	0x734c	; 0x734c <__udivmodsi4>
    302a:	19 01       	movw	r2, r18
    302c:	cf ce       	rjmp	.-610    	; 0x2dcc <SI5351::freq(long, unsigned int, unsigned int) [clone .constprop.26]+0x12a>
/home/jgalera/develop/arduino/usdx/usdx_plus_orange/src/driver/si5351.h:207
      d = (32 * fxtal) / fout; // Integer part  .. maybe 44?
    if (fout < 3500000)
      d = (7 * fxtal) / fout; // PLL at 189MHz to cover 160m (freq>1.48MHz) when
                              // using 27MHz crystal
    if (fout > 140000000)
      d = 4; // for f=140..300MHz; AN619; 4.1.3, this implies integer mode
    302e:	94 e0       	ldi	r25, 0x04	; 4
    3030:	29 2e       	mov	r2, r25
    3032:	31 2c       	mov	r3, r1
    3034:	cb ce       	rjmp	.-618    	; 0x2dcc <SI5351::freq(long, unsigned int, unsigned int) [clone .constprop.26]+0x12a>

00003036 <SI5351::powerDown() [clone .isra.12]>:
_ZN6SI53519powerDownEv.isra.12():
/home/jgalera/develop/arduino/usdx/usdx_plus_orange/src/driver/si5351.h:277
    i2c.SendByte((SI5351_ADDR << 1) | 1);
    uint8_t data = i2c.RecvByte(true);
    i2c.stop();
    return data;
  }
  void powerDown() {
    3036:	cf 93       	push	r28
/home/jgalera/develop/arduino/usdx/usdx_plus_orange/src/driver/si5351.h:278
    SendRegister(3, 0b11111111); // Disable all CLK outputs
    3038:	6f ef       	ldi	r22, 0xFF	; 255
    303a:	83 e0       	ldi	r24, 0x03	; 3
    303c:	0e 94 81 13 	call	0x2702	; 0x2702 <SI5351::SendRegister(unsigned char, unsigned char) [clone .isra.11]>
/home/jgalera/develop/arduino/usdx/usdx_plus_orange/src/driver/si5351.h:279
    SendRegister(
    3040:	60 e1       	ldi	r22, 0x10	; 16
    3042:	88 e1       	ldi	r24, 0x18	; 24
    3044:	0e 94 81 13 	call	0x2702	; 0x2702 <SI5351::SendRegister(unsigned char, unsigned char) [clone .isra.11]>
/home/jgalera/develop/arduino/usdx/usdx_plus_orange/src/driver/si5351.h:290
                     // 0v whilst it was disabled, suddenly generating a 5vpp
                     // waveform, which is “added to” the 0v filtered PWM output
                     // and causing the output fets to be driven with the full
                     // 5v pp.", see:
                     // https://forum.dl2man.de/viewtopic.php?t=146&p=1307#p1307
    SendRegister(25, 0b00000000); // Disable state: LOW state when disabled
    3048:	60 e0       	ldi	r22, 0x00	; 0
    304a:	89 e1       	ldi	r24, 0x19	; 25
    304c:	0e 94 81 13 	call	0x2702	; 0x2702 <SI5351::SendRegister(unsigned char, unsigned char) [clone .isra.11]>
    3050:	c0 e1       	ldi	r28, 0x10	; 16
/home/jgalera/develop/arduino/usdx/usdx_plus_orange/src/driver/si5351.h:292
    for (int addr = 16; addr != 24; addr++)
      SendRegister(addr, 0b10000000); // Conserve power when output is disabled
    3052:	60 e8       	ldi	r22, 0x80	; 128
    3054:	8c 2f       	mov	r24, r28
    3056:	0e 94 81 13 	call	0x2702	; 0x2702 <SI5351::SendRegister(unsigned char, unsigned char) [clone .isra.11]>
    305a:	cf 5f       	subi	r28, 0xFF	; 255
/home/jgalera/develop/arduino/usdx/usdx_plus_orange/src/driver/si5351.h:291
                     // waveform, which is “added to” the 0v filtered PWM output
                     // and causing the output fets to be driven with the full
                     // 5v pp.", see:
                     // https://forum.dl2man.de/viewtopic.php?t=146&p=1307#p1307
    SendRegister(25, 0b00000000); // Disable state: LOW state when disabled
    for (int addr = 16; addr != 24; addr++)
    305c:	c8 31       	cpi	r28, 0x18	; 24
    305e:	c9 f7       	brne	.-14     	; 0x3052 <SI5351::powerDown() [clone .isra.12]+0x1c>
/home/jgalera/develop/arduino/usdx/usdx_plus_orange/src/driver/si5351.h:293
      SendRegister(addr, 0b10000000); // Conserve power when output is disabled
    SendRegister(187, 0);             // Disable fanout (power-safe)
    3060:	60 e0       	ldi	r22, 0x00	; 0
    3062:	8b eb       	ldi	r24, 0xBB	; 187
    3064:	0e 94 81 13 	call	0x2702	; 0x2702 <SI5351::SendRegister(unsigned char, unsigned char) [clone .isra.11]>
/home/jgalera/develop/arduino/usdx/usdx_plus_orange/src/driver/si5351.h:295
    // To initialise things as they should:
    SendRegister(149, 0);          // Disable spread spectrum enable
    3068:	60 e0       	ldi	r22, 0x00	; 0
    306a:	85 e9       	ldi	r24, 0x95	; 149
    306c:	0e 94 81 13 	call	0x2702	; 0x2702 <SI5351::SendRegister(unsigned char, unsigned char) [clone .isra.11]>
/home/jgalera/develop/arduino/usdx/usdx_plus_orange/src/driver/si5351.h:296
    SendRegister(183, 0b11010010); // Internal CL = 10 pF (default)
    3070:	62 ed       	ldi	r22, 0xD2	; 210
    3072:	87 eb       	ldi	r24, 0xB7	; 183
/home/jgalera/develop/arduino/usdx/usdx_plus_orange/src/driver/si5351.h:297
  }
    3074:	cf 91       	pop	r28
/home/jgalera/develop/arduino/usdx/usdx_plus_orange/src/driver/si5351.h:296
    for (int addr = 16; addr != 24; addr++)
      SendRegister(addr, 0b10000000); // Conserve power when output is disabled
    SendRegister(187, 0);             // Disable fanout (power-safe)
    // To initialise things as they should:
    SendRegister(149, 0);          // Disable spread spectrum enable
    SendRegister(183, 0b11010010); // Internal CL = 10 pF (default)
    3076:	0c 94 81 13 	jmp	0x2702	; 0x2702 <SI5351::SendRegister(unsigned char, unsigned char) [clone .isra.11]>

0000307a <I2C::RecvBit(unsigned char) [clone .isra.2]>:
_ZN3I2C7RecvBitEh.isra.2():
/home/jgalera/develop/arduino/usdx/usdx_plus_orange/src/hardware/soft_i2c.h:98
    DELAY(I2C_DELAY);
    I2C_SCL_HI();
    I2C_SCL_LO();
  }
  inline uint8_t RecvBit(uint8_t mask) {
    I2C_SCL_HI();
    307a:	3d 98       	cbi	0x07, 5	; 7
	...
    3084:	21 e6       	ldi	r18, 0x61	; 97
    3086:	3a ee       	ldi	r19, 0xEA	; 234
/home/jgalera/develop/arduino/usdx/usdx_plus_orange/src/hardware/soft_i2c.h:100
    uint16_t i = 60000;
    for (; !(I2C_SCL_GET()) && i; i--)
    3088:	35 99       	sbic	0x06, 5	; 6
    308a:	03 c0       	rjmp	.+6      	; 0x3092 <I2C::RecvBit(unsigned char) [clone .isra.2]+0x18>
    308c:	21 50       	subi	r18, 0x01	; 1
    308e:	31 09       	sbc	r19, r1
    3090:	d9 f7       	brne	.-10     	; 0x3088 <I2C::RecvBit(unsigned char) [clone .isra.2]+0xe>
/home/jgalera/develop/arduino/usdx/usdx_plus_orange/src/hardware/soft_i2c.h:104
      ; // wait util slave release SCL to HIGH (meaning data valid), or timeout
        // at 3ms
    // if(!i){ lcd.setCursor(0, 1); lcd.print(F("E07 I2C timeout")); }
    uint8_t data = I2C_SDA_GET();
    3092:	96 b1       	in	r25, 0x06	; 6
    3094:	90 71       	andi	r25, 0x10	; 16
/home/jgalera/develop/arduino/usdx/usdx_plus_orange/src/hardware/soft_i2c.h:105
    I2C_SCL_LO();
    3096:	3d 9a       	sbi	0x07, 5	; 7
	...
/home/jgalera/develop/arduino/usdx/usdx_plus_orange/src/hardware/soft_i2c.h:106
    return (data) ? mask : 0;
    30a0:	91 11       	cpse	r25, r1
    30a2:	01 c0       	rjmp	.+2      	; 0x30a6 <I2C::RecvBit(unsigned char) [clone .isra.2]+0x2c>
    30a4:	80 e0       	ldi	r24, 0x00	; 0
/home/jgalera/develop/arduino/usdx/usdx_plus_orange/src/hardware/soft_i2c.h:107
  }
    30a6:	08 95       	ret

000030a8 <LCD::post() [clone .isra.1] [clone .lto_priv.37]>:
_ZN3LCD4postEv.isra.1.lto_priv.37():
/home/jgalera/develop/arduino/usdx/usdx_plus_orange/src/driver/display.h:110
    UCSR0B &= ~((1 << RXEN0) | (1 << TXEN0));
#endif
    noInterrupts();
  }
  void post() {
    if (backlight)
    30a8:	80 91 65 01 	lds	r24, 0x0165	; 0x800165 <backlight>
    30ac:	88 23       	and	r24, r24
    30ae:	81 f0       	breq	.+32     	; 0x30d0 <LCD::post() [clone .isra.1] [clone .lto_priv.37]+0x28>
/home/jgalera/develop/arduino/usdx/usdx_plus_orange/src/driver/display.h:111
      PORTD |= 0x08;
    30b0:	5b 9a       	sbi	0x0b, 3	; 11
/home/jgalera/develop/arduino/usdx/usdx_plus_orange/src/driver/display.h:115
    else
      PORTD &= ~0x08;
#ifdef _SERIAL
    UCSR0B |= (1 << RXEN0) | (1 << TXEN0);
    30b2:	80 91 c1 00 	lds	r24, 0x00C1	; 0x8000c1 <__DATA_REGION_ORIGIN__+0x61>
    30b6:	88 61       	ori	r24, 0x18	; 24
    30b8:	80 93 c1 00 	sts	0x00C1, r24	; 0x8000c1 <__DATA_REGION_ORIGIN__+0x61>
/home/jgalera/develop/arduino/usdx/usdx_plus_orange/src/driver/display.h:116
    if (!vox)
    30bc:	80 91 0d 06 	lds	r24, 0x060D	; 0x80060d <vox>
    30c0:	81 11       	cpse	r24, r1
    30c2:	04 c0       	rjmp	.+8      	; 0x30cc <LCD::post() [clone .isra.1] [clone .lto_priv.37]+0x24>
/home/jgalera/develop/arduino/usdx/usdx_plus_orange/src/driver/display.h:117
      if (cat_active) {
    30c4:	80 91 c1 05 	lds	r24, 0x05C1	; 0x8005c1 <cat_active>
    30c8:	81 11       	cpse	r24, r1
/home/jgalera/develop/arduino/usdx/usdx_plus_orange/src/driver/display.h:118
        PORTC &= ~(1 << 2);
    30ca:	42 98       	cbi	0x08, 2	; 8
/home/jgalera/develop/arduino/usdx/usdx_plus_orange/src/driver/display.h:121
      }
#endif
    interrupts();
    30cc:	78 94       	sei
/home/jgalera/develop/arduino/usdx/usdx_plus_orange/src/driver/display.h:122
  }
    30ce:	08 95       	ret
/home/jgalera/develop/arduino/usdx/usdx_plus_orange/src/driver/display.h:113
  }
  void post() {
    if (backlight)
      PORTD |= 0x08;
    else
      PORTD &= ~0x08;
    30d0:	5b 98       	cbi	0x0b, 3	; 11
    30d2:	ef cf       	rjmp	.-34     	; 0x30b2 <LCD::post() [clone .isra.1] [clone .lto_priv.37]+0xa>

000030d4 <LCD::nib(unsigned char) [clone .isra.15]>:
_ZN3LCD3nibEh.isra.15():
/home/jgalera/develop/arduino/usdx/usdx_plus_orange/src/driver/display.h:155
    post();
    delayMicroseconds(60);
    return 1;
  }
#else
  void nib(uint8_t b) {
    30d4:	cf 93       	push	r28
    30d6:	c8 2f       	mov	r28, r24
/home/jgalera/develop/arduino/usdx/usdx_plus_orange/src/driver/display.h:156
    pre();
    30d8:	0e 94 37 13 	call	0x266e	; 0x266e <LCD::pre() [clone .isra.14]>
/home/jgalera/develop/arduino/usdx/usdx_plus_orange/src/driver/display.h:157
    PORTD = LCD_PREP_NIBBLE(b);
    30dc:	8b b1       	in	r24, 0x0b	; 11
    30de:	80 7f       	andi	r24, 0xF0	; 240
    30e0:	80 61       	ori	r24, 0x10	; 16
    30e2:	8c 2b       	or	r24, r28
    30e4:	8b b9       	out	0x0b, r24	; 11
/home/jgalera/develop/arduino/usdx/usdx_plus_orange/src/driver/display.h:158
    delayMicroseconds(4);
    30e6:	84 e0       	ldi	r24, 0x04	; 4
    30e8:	90 e0       	ldi	r25, 0x00	; 0
    30ea:	0e 94 99 03 	call	0x732	; 0x732 <delayMicroseconds>
/home/jgalera/develop/arduino/usdx/usdx_plus_orange/src/driver/display.h:159
    LCD_EN_LO();
    30ee:	5c 98       	cbi	0x0b, 4	; 11
/home/jgalera/develop/arduino/usdx/usdx_plus_orange/src/driver/display.h:160
    post();
    30f0:	0e 94 54 18 	call	0x30a8	; 0x30a8 <LCD::post() [clone .isra.1] [clone .lto_priv.37]>
/home/jgalera/develop/arduino/usdx/usdx_plus_orange/src/driver/display.h:161
    delayMicroseconds(60);
    30f4:	8c e3       	ldi	r24, 0x3C	; 60
    30f6:	90 e0       	ldi	r25, 0x00	; 0
/home/jgalera/develop/arduino/usdx/usdx_plus_orange/src/driver/display.h:162
  }
    30f8:	cf 91       	pop	r28
/home/jgalera/develop/arduino/usdx/usdx_plus_orange/src/driver/display.h:161
    pre();
    PORTD = LCD_PREP_NIBBLE(b);
    delayMicroseconds(4);
    LCD_EN_LO();
    post();
    delayMicroseconds(60);
    30fa:	0c 94 99 03 	jmp	0x732	; 0x732 <delayMicroseconds>

000030fe <LCD::cmd(unsigned char) [clone .isra.16]>:
_ZN3LCD3cmdEh.isra.16():
/home/jgalera/develop/arduino/usdx/usdx_plus_orange/src/driver/display.h:163
  }
  void cmd(uint8_t b) {
    30fe:	cf 93       	push	r28
    3100:	c8 2f       	mov	r28, r24
/home/jgalera/develop/arduino/usdx/usdx_plus_orange/src/driver/display.h:164
    nib(b >> 4);
    3102:	82 95       	swap	r24
    3104:	8f 70       	andi	r24, 0x0F	; 15
    3106:	0e 94 6a 18 	call	0x30d4	; 0x30d4 <LCD::nib(unsigned char) [clone .isra.15]>
/home/jgalera/develop/arduino/usdx/usdx_plus_orange/src/driver/display.h:165
    nib(b & 0xf);
    310a:	8c 2f       	mov	r24, r28
    310c:	8f 70       	andi	r24, 0x0F	; 15
/home/jgalera/develop/arduino/usdx/usdx_plus_orange/src/driver/display.h:166
  }
    310e:	cf 91       	pop	r28
/home/jgalera/develop/arduino/usdx/usdx_plus_orange/src/driver/display.h:165
    post();
    delayMicroseconds(60);
  }
  void cmd(uint8_t b) {
    nib(b >> 4);
    nib(b & 0xf);
    3110:	0c 94 6a 18 	jmp	0x30d4	; 0x30d4 <LCD::nib(unsigned char) [clone .isra.15]>

00003114 <LCD::write(unsigned char)>:
_ZN3LCD5writeEh():
/home/jgalera/develop/arduino/usdx/usdx_plus_orange/src/driver/display.h:167
  }
  size_t write(uint8_t b) {
    3114:	cf 93       	push	r28
    3116:	c6 2f       	mov	r28, r22
/home/jgalera/develop/arduino/usdx/usdx_plus_orange/src/driver/display.h:168
    pre();
    3118:	0e 94 37 13 	call	0x266e	; 0x266e <LCD::pre() [clone .isra.14]>
/home/jgalera/develop/arduino/usdx/usdx_plus_orange/src/driver/display.h:169
    uint8_t nibh = LCD_PREP_NIBBLE(b >> 4);
    311c:	8b b1       	in	r24, 0x0b	; 11
    311e:	80 7f       	andi	r24, 0xF0	; 240
    3120:	80 61       	ori	r24, 0x10	; 16
    3122:	9c 2f       	mov	r25, r28
    3124:	92 95       	swap	r25
    3126:	9f 70       	andi	r25, 0x0F	; 15
    3128:	89 2b       	or	r24, r25
/home/jgalera/develop/arduino/usdx/usdx_plus_orange/src/driver/display.h:170
    PORTD = nibh;
    312a:	8b b9       	out	0x0b, r24	; 11
/home/jgalera/develop/arduino/usdx/usdx_plus_orange/src/driver/display.h:171
    uint8_t nibl = LCD_PREP_NIBBLE(b & 0xf);
    312c:	6b b1       	in	r22, 0x0b	; 11
    312e:	60 7f       	andi	r22, 0xF0	; 240
    3130:	60 61       	ori	r22, 0x10	; 16
    3132:	cf 70       	andi	r28, 0x0F	; 15
    3134:	6c 2b       	or	r22, r28
/home/jgalera/develop/arduino/usdx/usdx_plus_orange/src/driver/display.h:172
    LCD_RS_HI();
    3136:	3c 98       	cbi	0x07, 4	; 7
    3138:	00 00       	nop
/home/jgalera/develop/arduino/usdx/usdx_plus_orange/src/driver/display.h:173
    LCD_EN_LO();
    313a:	5c 98       	cbi	0x0b, 4	; 11
/home/jgalera/develop/arduino/usdx/usdx_plus_orange/src/driver/display.h:174
    PORTD = nibl;
    313c:	6b b9       	out	0x0b, r22	; 11
/home/jgalera/develop/arduino/usdx/usdx_plus_orange/src/driver/display.h:175
    LCD_RS_LO();
    313e:	3c 9a       	sbi	0x07, 4	; 7
/home/jgalera/develop/arduino/usdx/usdx_plus_orange/src/driver/display.h:176
    LCD_RS_HI();
    3140:	3c 98       	cbi	0x07, 4	; 7
    3142:	00 00       	nop
/home/jgalera/develop/arduino/usdx/usdx_plus_orange/src/driver/display.h:177
    LCD_EN_LO();
    3144:	5c 98       	cbi	0x0b, 4	; 11
/home/jgalera/develop/arduino/usdx/usdx_plus_orange/src/driver/display.h:178
    LCD_RS_LO();
    3146:	3c 9a       	sbi	0x07, 4	; 7
/home/jgalera/develop/arduino/usdx/usdx_plus_orange/src/driver/display.h:179
    post();
    3148:	0e 94 54 18 	call	0x30a8	; 0x30a8 <LCD::post() [clone .isra.1] [clone .lto_priv.37]>
/home/jgalera/develop/arduino/usdx/usdx_plus_orange/src/driver/display.h:180
    delayMicroseconds(60);
    314c:	8c e3       	ldi	r24, 0x3C	; 60
    314e:	90 e0       	ldi	r25, 0x00	; 0
    3150:	0e 94 99 03 	call	0x732	; 0x732 <delayMicroseconds>
/home/jgalera/develop/arduino/usdx/usdx_plus_orange/src/driver/display.h:182
    return 1;
  }
    3154:	81 e0       	ldi	r24, 0x01	; 1
    3156:	90 e0       	ldi	r25, 0x00	; 0
    3158:	cf 91       	pop	r28
    315a:	08 95       	ret

0000315c <Print::print(__FlashStringHelper const*) [clone .constprop.23]>:
_ZN5Print5printEPK19__FlashStringHelper.constprop.23():
/home/jgalera/.arduino15/packages/MiniCore/hardware/avr/3.1.1/cores/MCUdude_corefiles/Print.cpp:44

size_t Print::print(const __FlashStringHelper *ifsh)
    315c:	0f 93       	push	r16
    315e:	1f 93       	push	r17
    3160:	cf 93       	push	r28
    3162:	df 93       	push	r29
    3164:	8c 01       	movw	r16, r24
/home/jgalera/.arduino15/packages/MiniCore/hardware/avr/3.1.1/cores/MCUdude_corefiles/Print.cpp:47
{
  PGM_P p = reinterpret_cast<PGM_P>(ifsh);
  size_t n = 0;
    3166:	d0 e0       	ldi	r29, 0x00	; 0
    3168:	c0 e0       	ldi	r28, 0x00	; 0
/home/jgalera/.arduino15/packages/MiniCore/hardware/avr/3.1.1/cores/MCUdude_corefiles/Print.cpp:49
  while (1) {
    unsigned char c = pgm_read_byte(p++);
    316a:	f8 01       	movw	r30, r16
    316c:	ec 0f       	add	r30, r28
    316e:	fd 1f       	adc	r31, r29
    3170:	64 91       	lpm	r22, Z
/home/jgalera/.arduino15/packages/MiniCore/hardware/avr/3.1.1/cores/MCUdude_corefiles/Print.cpp:50
    if (c == 0) break;
    3172:	66 23       	and	r22, r22
    3174:	41 f0       	breq	.+16     	; 0x3186 <Print::print(__FlashStringHelper const*) [clone .constprop.23]+0x2a>
/home/jgalera/.arduino15/packages/MiniCore/hardware/avr/3.1.1/cores/MCUdude_corefiles/Print.cpp:51
    if (write(c)) n++;
    3176:	87 eb       	ldi	r24, 0xB7	; 183
    3178:	96 e0       	ldi	r25, 0x06	; 6
    317a:	0e 94 8a 18 	call	0x3114	; 0x3114 <LCD::write(unsigned char)>
    317e:	89 2b       	or	r24, r25
    3180:	11 f0       	breq	.+4      	; 0x3186 <Print::print(__FlashStringHelper const*) [clone .constprop.23]+0x2a>
    3182:	21 96       	adiw	r28, 0x01	; 1
    3184:	f2 cf       	rjmp	.-28     	; 0x316a <Print::print(__FlashStringHelper const*) [clone .constprop.23]+0xe>
/home/jgalera/.arduino15/packages/MiniCore/hardware/avr/3.1.1/cores/MCUdude_corefiles/Print.cpp:55
    else break;
  }
  return n;
}
    3186:	ce 01       	movw	r24, r28
    3188:	df 91       	pop	r29
    318a:	cf 91       	pop	r28
    318c:	1f 91       	pop	r17
    318e:	0f 91       	pop	r16
    3190:	08 95       	ret

00003192 <lcd_blanks()>:
_Z10lcd_blanksv():
/home/jgalera/develop/arduino/usdx/usdx_plus_orange/src/hal/hal.cpp:96
void timer2_stop() {        // Stop Timer 2 interrupt
  TIMSK2 &= ~(1 << OCIE2A); // disable timer compare interrupt
  delay(1); // wait until potential in-flight interrupts are finished
}

void lcd_blanks() { lcd.print(F("        ")); }
    3192:	8e e5       	ldi	r24, 0x5E	; 94
    3194:	91 e0       	ldi	r25, 0x01	; 1
    3196:	0c 94 ae 18 	jmp	0x315c	; 0x315c <Print::print(__FlashStringHelper const*) [clone .constprop.23]>

0000319a <printlabel(unsigned char, unsigned char, __FlashStringHelper const*)>:
_Z10printlabelhhPK19__FlashStringHelper():
/home/jgalera/develop/arduino/usdx/usdx_plus_orange/src/core/core.cpp:720
    lcd.print(seperator[i]);
  }
}

void printlabel(uint8_t action, uint8_t menuid,
                const __FlashStringHelper *label) {
    319a:	0f 93       	push	r16
    319c:	1f 93       	push	r17
    319e:	cf 93       	push	r28
    31a0:	c6 2f       	mov	r28, r22
    31a2:	8a 01       	movw	r16, r20
/home/jgalera/develop/arduino/usdx/usdx_plus_orange/src/core/core.cpp:721
  if (action == UPDATE_MENU) {
    31a4:	81 30       	cpi	r24, 0x01	; 1
    31a6:	09 f0       	breq	.+2      	; 0x31aa <printlabel(unsigned char, unsigned char, __FlashStringHelper const*)+0x10>
    31a8:	42 c0       	rjmp	.+132    	; 0x322e <printlabel(unsigned char, unsigned char, __FlashStringHelper const*)+0x94>
_ZN3LCD9setCursorEhh():
/home/jgalera/develop/arduino/usdx/usdx_plus_orange/src/driver/display.h:190
#ifdef CONDENSED
  void setCursor(uint8_t x, uint8_t y) {
    cmd(0x80 | (x + (uint8_t[]){0x00, 0x40, 0x00 + 20, 0x40 + 20}[y]));
  }
#else
  void setCursor(uint8_t x, uint8_t y) { cmd(0x80 | (x + y * 0x40)); }
    31aa:	80 e8       	ldi	r24, 0x80	; 128
    31ac:	0e 94 73 11 	call	0x22e6	; 0x22e6 <LCD::cmd(unsigned char) [clone .isra.3] [clone .lto_priv.35]>
printmenuid():
/home/jgalera/develop/arduino/usdx/usdx_plus_orange/src/core/core.cpp:707
uint8_t eeprom_version;
int eeprom_addr;

void printmenuid(uint8_t menuid) {
  static const char seperator[] = {'.', ' '};
  uint8_t ids[] = {(uint8_t)(menuid >> 4), (uint8_t)(menuid & 0xF)};
    31b0:	6c 2f       	mov	r22, r28
    31b2:	62 95       	swap	r22
    31b4:	6f 70       	andi	r22, 0x0F	; 15
    31b6:	cf 70       	andi	r28, 0x0F	; 15
/home/jgalera/develop/arduino/usdx/usdx_plus_orange/src/core/core.cpp:710
  for (int i = 0; i < 2; i++) {
    uint8_t id = ids[i];
    if (id >= 10) {
    31b8:	6a 30       	cpi	r22, 0x0A	; 10
    31ba:	31 f4       	brne	.+12     	; 0x31c8 <printlabel(unsigned char, unsigned char, __FlashStringHelper const*)+0x2e>
/home/jgalera/develop/arduino/usdx/usdx_plus_orange/src/core/core.cpp:712
      id -= 10;
      lcd.print('1');
    31bc:	61 e3       	ldi	r22, 0x31	; 49
    31be:	87 eb       	ldi	r24, 0xB7	; 183
    31c0:	96 e0       	ldi	r25, 0x06	; 6
    31c2:	0e 94 05 04 	call	0x80a	; 0x80a <Print::print(char)>
/home/jgalera/develop/arduino/usdx/usdx_plus_orange/src/core/core.cpp:711
  static const char seperator[] = {'.', ' '};
  uint8_t ids[] = {(uint8_t)(menuid >> 4), (uint8_t)(menuid & 0xF)};
  for (int i = 0; i < 2; i++) {
    uint8_t id = ids[i];
    if (id >= 10) {
      id -= 10;
    31c6:	60 e0       	ldi	r22, 0x00	; 0
/home/jgalera/develop/arduino/usdx/usdx_plus_orange/src/core/core.cpp:714
      lcd.print('1');
    }
    lcd.print(char('0' + id));
    31c8:	60 5d       	subi	r22, 0xD0	; 208
    31ca:	87 eb       	ldi	r24, 0xB7	; 183
    31cc:	96 e0       	ldi	r25, 0x06	; 6
    31ce:	0e 94 05 04 	call	0x80a	; 0x80a <Print::print(char)>
/home/jgalera/develop/arduino/usdx/usdx_plus_orange/src/core/core.cpp:715
    lcd.print(seperator[i]);
    31d2:	6e e2       	ldi	r22, 0x2E	; 46
    31d4:	87 eb       	ldi	r24, 0xB7	; 183
    31d6:	96 e0       	ldi	r25, 0x06	; 6
    31d8:	0e 94 05 04 	call	0x80a	; 0x80a <Print::print(char)>
/home/jgalera/develop/arduino/usdx/usdx_plus_orange/src/core/core.cpp:710
void printmenuid(uint8_t menuid) {
  static const char seperator[] = {'.', ' '};
  uint8_t ids[] = {(uint8_t)(menuid >> 4), (uint8_t)(menuid & 0xF)};
  for (int i = 0; i < 2; i++) {
    uint8_t id = ids[i];
    if (id >= 10) {
    31dc:	ca 30       	cpi	r28, 0x0A	; 10
    31de:	30 f0       	brcs	.+12     	; 0x31ec <printlabel(unsigned char, unsigned char, __FlashStringHelper const*)+0x52>
/home/jgalera/develop/arduino/usdx/usdx_plus_orange/src/core/core.cpp:711
      id -= 10;
    31e0:	ca 50       	subi	r28, 0x0A	; 10
/home/jgalera/develop/arduino/usdx/usdx_plus_orange/src/core/core.cpp:712
      lcd.print('1');
    31e2:	61 e3       	ldi	r22, 0x31	; 49
    31e4:	87 eb       	ldi	r24, 0xB7	; 183
    31e6:	96 e0       	ldi	r25, 0x06	; 6
    31e8:	0e 94 05 04 	call	0x80a	; 0x80a <Print::print(char)>
/home/jgalera/develop/arduino/usdx/usdx_plus_orange/src/core/core.cpp:714
    }
    lcd.print(char('0' + id));
    31ec:	60 e3       	ldi	r22, 0x30	; 48
    31ee:	6c 0f       	add	r22, r28
    31f0:	87 eb       	ldi	r24, 0xB7	; 183
    31f2:	96 e0       	ldi	r25, 0x06	; 6
    31f4:	0e 94 05 04 	call	0x80a	; 0x80a <Print::print(char)>
/home/jgalera/develop/arduino/usdx/usdx_plus_orange/src/core/core.cpp:715
    lcd.print(seperator[i]);
    31f8:	60 e2       	ldi	r22, 0x20	; 32
    31fa:	87 eb       	ldi	r24, 0xB7	; 183
    31fc:	96 e0       	ldi	r25, 0x06	; 6
    31fe:	0e 94 05 04 	call	0x80a	; 0x80a <Print::print(char)>
_Z10printlabelhhPK19__FlashStringHelper():
/home/jgalera/develop/arduino/usdx/usdx_plus_orange/src/core/core.cpp:724
void printlabel(uint8_t action, uint8_t menuid,
                const __FlashStringHelper *label) {
  if (action == UPDATE_MENU) {
    lcd.setCursor(0, 0);
    printmenuid(menuid);
    lcd.print(label);
    3202:	c8 01       	movw	r24, r16
    3204:	0e 94 ae 18 	call	0x315c	; 0x315c <Print::print(__FlashStringHelper const*) [clone .constprop.23]>
/home/jgalera/develop/arduino/usdx/usdx_plus_orange/src/core/core.cpp:725
    lcd_blanks();
    3208:	0e 94 c9 18 	call	0x3192	; 0x3192 <lcd_blanks()>
/home/jgalera/develop/arduino/usdx/usdx_plus_orange/src/core/core.cpp:726
    lcd_blanks();
    320c:	0e 94 c9 18 	call	0x3192	; 0x3192 <lcd_blanks()>
_ZN3LCD9setCursorEhh():
/home/jgalera/develop/arduino/usdx/usdx_plus_orange/src/driver/display.h:190
    3210:	80 ec       	ldi	r24, 0xC0	; 192
    3212:	0e 94 73 11 	call	0x22e6	; 0x22e6 <LCD::cmd(unsigned char) [clone .isra.3] [clone .lto_priv.35]>
_Z10printlabelhhPK19__FlashStringHelper():
/home/jgalera/develop/arduino/usdx/usdx_plus_orange/src/core/core.cpp:728
    lcd.setCursor(0, 1);
    if (menumode >= 2)
    3216:	80 91 06 06 	lds	r24, 0x0606	; 0x800606 <menumode>
    321a:	82 30       	cpi	r24, 0x02	; 2
    321c:	a8 f0       	brcs	.+42     	; 0x3248 <printlabel(unsigned char, unsigned char, __FlashStringHelper const*)+0xae>
/home/jgalera/develop/arduino/usdx/usdx_plus_orange/src/core/core.cpp:729
      lcd.print('>');
    321e:	6e e3       	ldi	r22, 0x3E	; 62
    3220:	87 eb       	ldi	r24, 0xB7	; 183
    3222:	96 e0       	ldi	r25, 0x06	; 6
/home/jgalera/develop/arduino/usdx/usdx_plus_orange/src/core/core.cpp:735
  } else {
    lcd.setCursor(0, 1);
    lcd.print(label);
    lcd.print(F(": "));
  }
}
    3224:	cf 91       	pop	r28
    3226:	1f 91       	pop	r17
    3228:	0f 91       	pop	r16
/home/jgalera/develop/arduino/usdx/usdx_plus_orange/src/core/core.cpp:729
    lcd.print(label);
    lcd_blanks();
    lcd_blanks();
    lcd.setCursor(0, 1);
    if (menumode >= 2)
      lcd.print('>');
    322a:	0c 94 05 04 	jmp	0x80a	; 0x80a <Print::print(char)>
_ZN3LCD9setCursorEhh():
/home/jgalera/develop/arduino/usdx/usdx_plus_orange/src/driver/display.h:190
    322e:	80 ec       	ldi	r24, 0xC0	; 192
    3230:	0e 94 73 11 	call	0x22e6	; 0x22e6 <LCD::cmd(unsigned char) [clone .isra.3] [clone .lto_priv.35]>
_Z10printlabelhhPK19__FlashStringHelper():
/home/jgalera/develop/arduino/usdx/usdx_plus_orange/src/core/core.cpp:732
  } else {
    lcd.setCursor(0, 1);
    lcd.print(label);
    3234:	c8 01       	movw	r24, r16
    3236:	0e 94 ae 18 	call	0x315c	; 0x315c <Print::print(__FlashStringHelper const*) [clone .constprop.23]>
/home/jgalera/develop/arduino/usdx/usdx_plus_orange/src/core/core.cpp:733
    lcd.print(F(": "));
    323a:	8f e6       	ldi	r24, 0x6F	; 111
    323c:	90 e0       	ldi	r25, 0x00	; 0
/home/jgalera/develop/arduino/usdx/usdx_plus_orange/src/core/core.cpp:735
  }
}
    323e:	cf 91       	pop	r28
    3240:	1f 91       	pop	r17
    3242:	0f 91       	pop	r16
/home/jgalera/develop/arduino/usdx/usdx_plus_orange/src/core/core.cpp:733
    if (menumode >= 2)
      lcd.print('>');
  } else {
    lcd.setCursor(0, 1);
    lcd.print(label);
    lcd.print(F(": "));
    3244:	0c 94 ae 18 	jmp	0x315c	; 0x315c <Print::print(__FlashStringHelper const*) [clone .constprop.23]>
/home/jgalera/develop/arduino/usdx/usdx_plus_orange/src/core/core.cpp:735
  }
}
    3248:	cf 91       	pop	r28
    324a:	1f 91       	pop	r17
    324c:	0f 91       	pop	r16
    324e:	08 95       	ret

00003250 <show_banner()>:
_ZN3LCD9setCursorEhh():
/home/jgalera/develop/arduino/usdx/usdx_plus_orange/src/driver/display.h:190
    3250:	80 e8       	ldi	r24, 0x80	; 128
    3252:	0e 94 73 11 	call	0x22e6	; 0x22e6 <LCD::cmd(unsigned char) [clone .isra.3] [clone .lto_priv.35]>
_Z11show_bannerv():
/home/jgalera/develop/arduino/usdx/usdx_plus_orange/src/core/core.cpp:657
  if (ssb_cap || dsp_cap) {
    lcd.print('-');
    lcd.print(cap_label[dsp_cap]);
  }
#else
  lcd.print(F(ARID));
    3256:	88 e6       	ldi	r24, 0x68	; 104
    3258:	90 e0       	ldi	r25, 0x00	; 0
    325a:	0e 94 ae 18 	call	0x315c	; 0x315c <Print::print(__FlashStringHelper const*) [clone .constprop.23]>
/home/jgalera/develop/arduino/usdx/usdx_plus_orange/src/core/core.cpp:659
#endif
  lcd.print('\x01');
    325e:	61 e0       	ldi	r22, 0x01	; 1
    3260:	87 eb       	ldi	r24, 0xB7	; 183
    3262:	96 e0       	ldi	r25, 0x06	; 6
    3264:	0e 94 05 04 	call	0x80a	; 0x80a <Print::print(char)>
/home/jgalera/develop/arduino/usdx/usdx_plus_orange/src/core/core.cpp:660
  lcd_blanks();
    3268:	0e 94 c9 18 	call	0x3192	; 0x3192 <lcd_blanks()>
/home/jgalera/develop/arduino/usdx/usdx_plus_orange/src/core/core.cpp:661
  lcd_blanks();
    326c:	0c 94 c9 18 	jmp	0x3192	; 0x3192 <lcd_blanks()>

00003270 <set_latch(unsigned char, unsigned char, bool) [clone .part.9] [clone .constprop.6]>:
_ZL9set_latchhhb.part.9.constprop.6():
/home/jgalera/develop/arduino/usdx/usdx_plus_orange/src/hardware/io_expander.cpp:109
  IO1_5,
  IO1_6,
  IO1_7
};

static void set_latch(uint8_t io, uint8_t common_io, bool latch = true) {
    3270:	0f 93       	push	r16
    3272:	1f 93       	push	r17
    3274:	cf 93       	push	r28
    3276:	df 93       	push	r29
_ZN12IOExpander164initEv.isra.8():
/home/jgalera/develop/arduino/usdx/usdx_plus_orange/src/hardware/io_expander.cpp:77
    i2c.beginTransmission(IOEXP16_ADDR);
    i2c.write(reg);
    i2c.write(val);
    i2c.endTransmission();
  }
  void init() { write(0U); }
    3278:	90 e0       	ldi	r25, 0x00	; 0
    327a:	80 e0       	ldi	r24, 0x00	; 0
    327c:	0e 94 51 05 	call	0xaa2	; 0xaa2 <IOExpander16::write(unsigned int) [clone .isra.7]>
_ZL9set_latchhhb.part.9.constprop.6():
/home/jgalera/develop/arduino/usdx/usdx_plus_orange/src/hardware/io_expander.cpp:118
    delay(LATCH_TIME);
    ioext.write(0x0000);
  } else {
    if (io == 0xff) {
      ioext.init();
      for (int io = 0; io != 16; io++)
    3280:	d0 e0       	ldi	r29, 0x00	; 0
    3282:	c0 e0       	ldi	r28, 0x00	; 0
set_latch():
/home/jgalera/develop/arduino/usdx/usdx_plus_orange/src/hardware/io_expander.cpp:121
        set_latch(io, common_io, latch);
    } else {
      ioext.write((~(1U << io)) | (1U << common_io));
    3284:	01 e0       	ldi	r16, 0x01	; 1
    3286:	10 e0       	ldi	r17, 0x00	; 0
    3288:	c8 01       	movw	r24, r16
    328a:	0c 2e       	mov	r0, r28
    328c:	02 c0       	rjmp	.+4      	; 0x3292 <set_latch(unsigned char, unsigned char, bool) [clone .part.9] [clone .constprop.6]+0x22>
    328e:	88 0f       	add	r24, r24
    3290:	99 1f       	adc	r25, r25
    3292:	0a 94       	dec	r0
    3294:	e2 f7       	brpl	.-8      	; 0x328e <set_latch(unsigned char, unsigned char, bool) [clone .part.9] [clone .constprop.6]+0x1e>
    3296:	80 95       	com	r24
    3298:	90 95       	com	r25
    329a:	81 60       	ori	r24, 0x01	; 1
    329c:	0e 94 51 05 	call	0xaa2	; 0xaa2 <IOExpander16::write(unsigned int) [clone .isra.7]>
/home/jgalera/develop/arduino/usdx/usdx_plus_orange/src/hardware/io_expander.cpp:122
      delay(LATCH_TIME);
    32a0:	6e e1       	ldi	r22, 0x1E	; 30
    32a2:	70 e0       	ldi	r23, 0x00	; 0
    32a4:	80 e0       	ldi	r24, 0x00	; 0
    32a6:	90 e0       	ldi	r25, 0x00	; 0
    32a8:	0e 94 c6 03 	call	0x78c	; 0x78c <delay>
/home/jgalera/develop/arduino/usdx/usdx_plus_orange/src/hardware/io_expander.cpp:123
      ioext.write(0x0000);
    32ac:	90 e0       	ldi	r25, 0x00	; 0
    32ae:	80 e0       	ldi	r24, 0x00	; 0
    32b0:	0e 94 51 05 	call	0xaa2	; 0xaa2 <IOExpander16::write(unsigned int) [clone .isra.7]>
_ZL9set_latchhhb.part.9.constprop.6():
/home/jgalera/develop/arduino/usdx/usdx_plus_orange/src/hardware/io_expander.cpp:118
    delay(LATCH_TIME);
    ioext.write(0x0000);
  } else {
    if (io == 0xff) {
      ioext.init();
      for (int io = 0; io != 16; io++)
    32b4:	21 96       	adiw	r28, 0x01	; 1
    32b6:	c0 31       	cpi	r28, 0x10	; 16
    32b8:	d1 05       	cpc	r29, r1
    32ba:	31 f7       	brne	.-52     	; 0x3288 <set_latch(unsigned char, unsigned char, bool) [clone .part.9] [clone .constprop.6]+0x18>
/home/jgalera/develop/arduino/usdx/usdx_plus_orange/src/hardware/io_expander.cpp:126
      ioext.write((~(1U << io)) | (1U << common_io));
      delay(LATCH_TIME);
      ioext.write(0x0000);
    }
  }
}
    32bc:	df 91       	pop	r29
    32be:	cf 91       	pop	r28
    32c0:	1f 91       	pop	r17
    32c2:	0f 91       	pop	r16
    32c4:	08 95       	ret

000032c6 <Print::write(char const*) [clone .part.2]>:
_ZN5Print5writeEPKc.part.2():
/home/jgalera/.arduino15/packages/MiniCore/hardware/avr/3.1.1/cores/MCUdude_corefiles/Print.h:54
    void clearWriteError() { setWriteError(0); }

    virtual size_t write(uint8_t) = 0;
    size_t write(const char *str) {
      if (str == NULL) return 0;
      return write((const uint8_t *)str, strlen(str));
    32c6:	fb 01       	movw	r30, r22
    32c8:	01 90       	ld	r0, Z+
    32ca:	00 20       	and	r0, r0
    32cc:	e9 f7       	brne	.-6      	; 0x32c8 <Print::write(char const*) [clone .part.2]+0x2>
    32ce:	31 97       	sbiw	r30, 0x01	; 1
    32d0:	af 01       	movw	r20, r30
    32d2:	46 1b       	sub	r20, r22
    32d4:	57 0b       	sbc	r21, r23
    32d6:	dc 01       	movw	r26, r24
    32d8:	ed 91       	ld	r30, X+
    32da:	fc 91       	ld	r31, X
    32dc:	02 80       	ldd	r0, Z+2	; 0x02
    32de:	f3 81       	ldd	r31, Z+3	; 0x03
    32e0:	e0 2d       	mov	r30, r0
    32e2:	09 94       	ijmp

000032e4 <Print::printNumber(unsigned long, unsigned char)>:
_ZN5Print11printNumberEmh():
/home/jgalera/.arduino15/packages/MiniCore/hardware/avr/3.1.1/cores/MCUdude_corefiles/Print.cpp:233
}

// Private Methods /////////////////////////////////////////////////////////////

size_t Print::printNumber(unsigned long n, uint8_t base)
{
    32e4:	8f 92       	push	r8
    32e6:	9f 92       	push	r9
    32e8:	af 92       	push	r10
    32ea:	bf 92       	push	r11
    32ec:	ef 92       	push	r14
    32ee:	ff 92       	push	r15
    32f0:	0f 93       	push	r16
    32f2:	1f 93       	push	r17
    32f4:	cf 93       	push	r28
    32f6:	df 93       	push	r29
    32f8:	cd b7       	in	r28, 0x3d	; 61
    32fa:	de b7       	in	r29, 0x3e	; 62
    32fc:	a1 97       	sbiw	r28, 0x21	; 33
    32fe:	0f b6       	in	r0, 0x3f	; 63
    3300:	f8 94       	cli
    3302:	de bf       	out	0x3e, r29	; 62
    3304:	0f be       	out	0x3f, r0	; 63
    3306:	cd bf       	out	0x3d, r28	; 61
    3308:	7c 01       	movw	r14, r24
    330a:	fa 01       	movw	r30, r20
    330c:	cb 01       	movw	r24, r22
/home/jgalera/.arduino15/packages/MiniCore/hardware/avr/3.1.1/cores/MCUdude_corefiles/Print.cpp:237
  char buf[8 * sizeof(long) + 1]; // Assumes 8-bit chars plus zero byte.
  char *str = &buf[sizeof(buf) - 1];

  *str = '\0';
    330e:	19 a2       	std	Y+33, r1	; 0x21
/home/jgalera/.arduino15/packages/MiniCore/hardware/avr/3.1.1/cores/MCUdude_corefiles/Print.cpp:240

  // prevent crash if called with base == 1
  if (base < 2) base = 10;
    3310:	22 30       	cpi	r18, 0x02	; 2
    3312:	08 f4       	brcc	.+2      	; 0x3316 <Print::printNumber(unsigned long, unsigned char)+0x32>
    3314:	2a e0       	ldi	r18, 0x0A	; 10
    3316:	8e 01       	movw	r16, r28
    3318:	0f 5d       	subi	r16, 0xDF	; 223
    331a:	1f 4f       	sbci	r17, 0xFF	; 255
/home/jgalera/.arduino15/packages/MiniCore/hardware/avr/3.1.1/cores/MCUdude_corefiles/Print.cpp:243

  do {
    char c = n % base;
    331c:	82 2e       	mov	r8, r18
    331e:	91 2c       	mov	r9, r1
    3320:	b1 2c       	mov	r11, r1
    3322:	a1 2c       	mov	r10, r1
    3324:	bf 01       	movw	r22, r30
    3326:	a5 01       	movw	r20, r10
    3328:	94 01       	movw	r18, r8
    332a:	0e 94 a6 39 	call	0x734c	; 0x734c <__udivmodsi4>
/home/jgalera/.arduino15/packages/MiniCore/hardware/avr/3.1.1/cores/MCUdude_corefiles/Print.cpp:244
    n /= base;
    332e:	f9 01       	movw	r30, r18
    3330:	ca 01       	movw	r24, r20
/home/jgalera/.arduino15/packages/MiniCore/hardware/avr/3.1.1/cores/MCUdude_corefiles/Print.cpp:246

    *--str = c < 10 ? c + '0' : c + 'A' - 10;
    3332:	6a 30       	cpi	r22, 0x0A	; 10
    3334:	0c f5       	brge	.+66     	; 0x3378 <Print::printNumber(unsigned long, unsigned char)+0x94>
    3336:	60 5d       	subi	r22, 0xD0	; 208
    3338:	d8 01       	movw	r26, r16
    333a:	6e 93       	st	-X, r22
    333c:	8d 01       	movw	r16, r26
/home/jgalera/.arduino15/packages/MiniCore/hardware/avr/3.1.1/cores/MCUdude_corefiles/Print.cpp:247
  } while(n);
    333e:	23 2b       	or	r18, r19
    3340:	24 2b       	or	r18, r20
    3342:	25 2b       	or	r18, r21
    3344:	79 f7       	brne	.-34     	; 0x3324 <Print::printNumber(unsigned long, unsigned char)+0x40>
/home/jgalera/.arduino15/packages/MiniCore/hardware/avr/3.1.1/cores/MCUdude_corefiles/Print.h:53
    int getWriteError() { return write_error; }
    void clearWriteError() { setWriteError(0); }

    virtual size_t write(uint8_t) = 0;
    size_t write(const char *str) {
      if (str == NULL) return 0;
    3346:	90 e0       	ldi	r25, 0x00	; 0
    3348:	80 e0       	ldi	r24, 0x00	; 0
write():
    334a:	10 97       	sbiw	r26, 0x00	; 0
    334c:	21 f0       	breq	.+8      	; 0x3356 <Print::printNumber(unsigned long, unsigned char)+0x72>
    334e:	bd 01       	movw	r22, r26
    3350:	c7 01       	movw	r24, r14
    3352:	0e 94 63 19 	call	0x32c6	; 0x32c6 <Print::write(char const*) [clone .part.2]>
_ZN5Print11printNumberEmh():
/home/jgalera/.arduino15/packages/MiniCore/hardware/avr/3.1.1/cores/MCUdude_corefiles/Print.cpp:250

  return write(str);
}
    3356:	a1 96       	adiw	r28, 0x21	; 33
    3358:	0f b6       	in	r0, 0x3f	; 63
    335a:	f8 94       	cli
    335c:	de bf       	out	0x3e, r29	; 62
    335e:	0f be       	out	0x3f, r0	; 63
    3360:	cd bf       	out	0x3d, r28	; 61
    3362:	df 91       	pop	r29
    3364:	cf 91       	pop	r28
    3366:	1f 91       	pop	r17
    3368:	0f 91       	pop	r16
    336a:	ff 90       	pop	r15
    336c:	ef 90       	pop	r14
    336e:	bf 90       	pop	r11
    3370:	af 90       	pop	r10
    3372:	9f 90       	pop	r9
    3374:	8f 90       	pop	r8
    3376:	08 95       	ret
/home/jgalera/.arduino15/packages/MiniCore/hardware/avr/3.1.1/cores/MCUdude_corefiles/Print.cpp:246

  do {
    char c = n % base;
    n /= base;

    *--str = c < 10 ? c + '0' : c + 'A' - 10;
    3378:	69 5c       	subi	r22, 0xC9	; 201
    337a:	de cf       	rjmp	.-68     	; 0x3338 <Print::printNumber(unsigned long, unsigned char)+0x54>

0000337c <Print::print(long, int) [clone .constprop.22]>:
_ZN5Print5printEli.constprop.22():
/home/jgalera/.arduino15/packages/MiniCore/hardware/avr/3.1.1/cores/MCUdude_corefiles/Print.cpp:87
size_t Print::print(unsigned int n, int base)
{
  return print((unsigned long) n, base);
}

size_t Print::print(long n, int base)
    337c:	cf 92       	push	r12
    337e:	df 92       	push	r13
    3380:	ef 92       	push	r14
    3382:	ff 92       	push	r15
    3384:	0f 93       	push	r16
    3386:	1f 93       	push	r17
    3388:	cf 93       	push	r28
    338a:	df 93       	push	r29
/home/jgalera/.arduino15/packages/MiniCore/hardware/avr/3.1.1/cores/MCUdude_corefiles/Print.cpp:92
{
  if (base == 0) {
    return write(n);
  } else if (base == 10) {
    if (n < 0) {
    338c:	77 ff       	sbrs	r23, 7
    338e:	1d c0       	rjmp	.+58     	; 0x33ca <Print::print(long, int) [clone .constprop.22]+0x4e>
    3390:	6a 01       	movw	r12, r20
    3392:	7b 01       	movw	r14, r22
    3394:	ec 01       	movw	r28, r24
/home/jgalera/.arduino15/packages/MiniCore/hardware/avr/3.1.1/cores/MCUdude_corefiles/Print.cpp:93
      int t = print('-');
    3396:	6d e2       	ldi	r22, 0x2D	; 45
    3398:	0e 94 05 04 	call	0x80a	; 0x80a <Print::print(char)>
    339c:	8c 01       	movw	r16, r24
/home/jgalera/.arduino15/packages/MiniCore/hardware/avr/3.1.1/cores/MCUdude_corefiles/Print.cpp:94
      n = -n;
    339e:	44 27       	eor	r20, r20
    33a0:	55 27       	eor	r21, r21
    33a2:	ba 01       	movw	r22, r20
    33a4:	4c 19       	sub	r20, r12
    33a6:	5d 09       	sbc	r21, r13
    33a8:	6e 09       	sbc	r22, r14
    33aa:	7f 09       	sbc	r23, r15
/home/jgalera/.arduino15/packages/MiniCore/hardware/avr/3.1.1/cores/MCUdude_corefiles/Print.cpp:95
      return printNumber(n, 10) + t;
    33ac:	2a e0       	ldi	r18, 0x0A	; 10
    33ae:	ce 01       	movw	r24, r28
    33b0:	0e 94 72 19 	call	0x32e4	; 0x32e4 <Print::printNumber(unsigned long, unsigned char)>
    33b4:	80 0f       	add	r24, r16
    33b6:	91 1f       	adc	r25, r17
/home/jgalera/.arduino15/packages/MiniCore/hardware/avr/3.1.1/cores/MCUdude_corefiles/Print.cpp:101
    }
    return printNumber(n, 10);
  } else {
    return printNumber(n, base);
  }
}
    33b8:	df 91       	pop	r29
    33ba:	cf 91       	pop	r28
    33bc:	1f 91       	pop	r17
    33be:	0f 91       	pop	r16
    33c0:	ff 90       	pop	r15
    33c2:	ef 90       	pop	r14
    33c4:	df 90       	pop	r13
    33c6:	cf 90       	pop	r12
    33c8:	08 95       	ret
/home/jgalera/.arduino15/packages/MiniCore/hardware/avr/3.1.1/cores/MCUdude_corefiles/Print.cpp:97
    if (n < 0) {
      int t = print('-');
      n = -n;
      return printNumber(n, 10) + t;
    }
    return printNumber(n, 10);
    33ca:	2a e0       	ldi	r18, 0x0A	; 10
/home/jgalera/.arduino15/packages/MiniCore/hardware/avr/3.1.1/cores/MCUdude_corefiles/Print.cpp:101
  } else {
    return printNumber(n, base);
  }
}
    33cc:	df 91       	pop	r29
    33ce:	cf 91       	pop	r28
    33d0:	1f 91       	pop	r17
    33d2:	0f 91       	pop	r16
    33d4:	ff 90       	pop	r15
    33d6:	ef 90       	pop	r14
    33d8:	df 90       	pop	r13
    33da:	cf 90       	pop	r12
/home/jgalera/.arduino15/packages/MiniCore/hardware/avr/3.1.1/cores/MCUdude_corefiles/Print.cpp:97
    if (n < 0) {
      int t = print('-');
      n = -n;
      return printNumber(n, 10) + t;
    }
    return printNumber(n, 10);
    33dc:	0c 94 72 19 	jmp	0x32e4	; 0x32e4 <Print::printNumber(unsigned long, unsigned char)>

000033e0 <Print::print(int, int) [clone .constprop.21]>:
_ZN5Print5printEii.constprop.21():
/home/jgalera/.arduino15/packages/MiniCore/hardware/avr/3.1.1/cores/MCUdude_corefiles/Print.cpp:79
  return print((unsigned long) b, base);
}

size_t Print::print(int n, int base)
{
  return print((long) n, base);
    33e0:	ab 01       	movw	r20, r22
    33e2:	77 0f       	add	r23, r23
    33e4:	66 0b       	sbc	r22, r22
    33e6:	77 0b       	sbc	r23, r23
    33e8:	0c 94 be 19 	jmp	0x337c	; 0x337c <Print::print(long, int) [clone .constprop.22]>

000033ec <fatal(__FlashStringHelper const*, int, char)>:
_Z5fatalPK19__FlashStringHelperic():
/home/jgalera/develop/arduino/usdx/usdx_plus_orange/src/core/core.cpp:889
  pinMode(PD4, OUTPUT);
  pinMode(PD5, OUTPUT);
#endif
}

void fatal(const __FlashStringHelper *msg, int value, char unit) {
    33ec:	ef 92       	push	r14
    33ee:	ff 92       	push	r15
    33f0:	0f 93       	push	r16
    33f2:	1f 93       	push	r17
    33f4:	cf 93       	push	r28
    33f6:	7c 01       	movw	r14, r24
    33f8:	8b 01       	movw	r16, r22
    33fa:	c4 2f       	mov	r28, r20
_ZN3LCD9setCursorEhh():
/home/jgalera/develop/arduino/usdx/usdx_plus_orange/src/driver/display.h:190
    33fc:	80 ec       	ldi	r24, 0xC0	; 192
    33fe:	0e 94 73 11 	call	0x22e6	; 0x22e6 <LCD::cmd(unsigned char) [clone .isra.3] [clone .lto_priv.35]>
_Z5fatalPK19__FlashStringHelperic():
/home/jgalera/develop/arduino/usdx/usdx_plus_orange/src/core/core.cpp:891
  lcd.setCursor(0, 1);
  lcd.print('!');
    3402:	61 e2       	ldi	r22, 0x21	; 33
    3404:	87 eb       	ldi	r24, 0xB7	; 183
    3406:	96 e0       	ldi	r25, 0x06	; 6
    3408:	0e 94 05 04 	call	0x80a	; 0x80a <Print::print(char)>
/home/jgalera/develop/arduino/usdx/usdx_plus_orange/src/core/core.cpp:892
  lcd.print('!');
    340c:	61 e2       	ldi	r22, 0x21	; 33
    340e:	87 eb       	ldi	r24, 0xB7	; 183
    3410:	96 e0       	ldi	r25, 0x06	; 6
    3412:	0e 94 05 04 	call	0x80a	; 0x80a <Print::print(char)>
/home/jgalera/develop/arduino/usdx/usdx_plus_orange/src/core/core.cpp:893
  lcd.print(msg);
    3416:	c7 01       	movw	r24, r14
    3418:	0e 94 ae 18 	call	0x315c	; 0x315c <Print::print(__FlashStringHelper const*) [clone .constprop.23]>
/home/jgalera/develop/arduino/usdx/usdx_plus_orange/src/core/core.cpp:894
  if (unit != '\0') {
    341c:	cc 23       	and	r28, r28
    341e:	79 f0       	breq	.+30     	; 0x343e <fatal(__FlashStringHelper const*, int, char)+0x52>
/home/jgalera/develop/arduino/usdx/usdx_plus_orange/src/core/core.cpp:895
    lcd.print('=');
    3420:	6d e3       	ldi	r22, 0x3D	; 61
    3422:	87 eb       	ldi	r24, 0xB7	; 183
    3424:	96 e0       	ldi	r25, 0x06	; 6
    3426:	0e 94 05 04 	call	0x80a	; 0x80a <Print::print(char)>
/home/jgalera/develop/arduino/usdx/usdx_plus_orange/src/core/core.cpp:896
    lcd.print(value);
    342a:	b8 01       	movw	r22, r16
    342c:	87 eb       	ldi	r24, 0xB7	; 183
    342e:	96 e0       	ldi	r25, 0x06	; 6
    3430:	0e 94 f0 19 	call	0x33e0	; 0x33e0 <Print::print(int, int) [clone .constprop.21]>
/home/jgalera/develop/arduino/usdx/usdx_plus_orange/src/core/core.cpp:897
    lcd.print(unit);
    3434:	6c 2f       	mov	r22, r28
    3436:	87 eb       	ldi	r24, 0xB7	; 183
    3438:	96 e0       	ldi	r25, 0x06	; 6
    343a:	0e 94 05 04 	call	0x80a	; 0x80a <Print::print(char)>
/home/jgalera/develop/arduino/usdx/usdx_plus_orange/src/core/core.cpp:899
  }
  lcd_blanks();
    343e:	0e 94 c9 18 	call	0x3192	; 0x3192 <lcd_blanks()>
/home/jgalera/develop/arduino/usdx/usdx_plus_orange/src/core/core.cpp:900
  delay(1500);
    3442:	6c ed       	ldi	r22, 0xDC	; 220
    3444:	75 e0       	ldi	r23, 0x05	; 5
    3446:	80 e0       	ldi	r24, 0x00	; 0
    3448:	90 e0       	ldi	r25, 0x00	; 0
    344a:	0e 94 c6 03 	call	0x78c	; 0x78c <delay>
/home/jgalera/develop/arduino/usdx/usdx_plus_orange/src/core/core.cpp:901
  wdt_reset();
    344e:	a8 95       	wdr
/home/jgalera/develop/arduino/usdx/usdx_plus_orange/src/core/core.cpp:902
}
    3450:	cf 91       	pop	r28
    3452:	1f 91       	pop	r17
    3454:	0f 91       	pop	r16
    3456:	ff 90       	pop	r15
    3458:	ef 90       	pop	r14
    345a:	08 95       	ret

0000345c <Print::print(char const*)>:
_ZN5Print5printEPKc():
/home/jgalera/.arduino15/packages/MiniCore/hardware/avr/3.1.1/cores/MCUdude_corefiles/Print.h:53
    345c:	61 15       	cp	r22, r1
    345e:	71 05       	cpc	r23, r1
    3460:	11 f0       	breq	.+4      	; 0x3466 <Print::print(char const*)+0xa>
    3462:	0c 94 63 19 	jmp	0x32c6	; 0x32c6 <Print::write(char const*) [clone .part.2]>
/home/jgalera/.arduino15/packages/MiniCore/hardware/avr/3.1.1/cores/MCUdude_corefiles/Print.cpp:65
}

size_t Print::print(const char str[])
{
  return write(str);
}
    3466:	90 e0       	ldi	r25, 0x00	; 0
    3468:	80 e0       	ldi	r24, 0x00	; 0
    346a:	08 95       	ret

0000346c <Command_IF() [clone .part.1]>:
_Z10Command_IFv.part.1():
/home/jgalera/develop/arduino/usdx/usdx_plus_orange/src/interface/cat.cpp:209

  freq = (uint32_t)atol(Catbuffer);
  change = true;
}

void Command_IF() {
    346c:	ef 92       	push	r14
    346e:	ff 92       	push	r15
    3470:	0f 93       	push	r16
    3472:	1f 93       	push	r17
    3474:	cf 93       	push	r28
    3476:	df 93       	push	r29
    3478:	cd b7       	in	r28, 0x3d	; 61
    347a:	de b7       	in	r29, 0x3e	; 62
    347c:	a0 97       	sbiw	r28, 0x20	; 32
    347e:	0f b6       	in	r0, 0x3f	; 63
    3480:	f8 94       	cli
    3482:	de bf       	out	0x3e, r29	; 62
    3484:	0f be       	out	0x3f, r0	; 63
    3486:	cd bf       	out	0x3d, r28	; 61
/home/jgalera/develop/arduino/usdx/usdx_plus_orange/src/interface/cat.cpp:218
#endif
  char Catbuffer[32];
  unsigned int g, m, k, h;
  uint32_t tf;

  tf = freq;
    3488:	60 91 b5 01 	lds	r22, 0x01B5	; 0x8001b5 <freq>
    348c:	70 91 b6 01 	lds	r23, 0x01B6	; 0x8001b6 <freq+0x1>
    3490:	80 91 b7 01 	lds	r24, 0x01B7	; 0x8001b7 <freq+0x2>
    3494:	90 91 b8 01 	lds	r25, 0x01B8	; 0x8001b8 <freq+0x3>
    3498:	20 e0       	ldi	r18, 0x00	; 0
    349a:	3a ec       	ldi	r19, 0xCA	; 202
    349c:	4a e9       	ldi	r20, 0x9A	; 154
    349e:	5b e3       	ldi	r21, 0x3B	; 59
    34a0:	0e 94 a6 39 	call	0x734c	; 0x734c <__udivmodsi4>
    34a4:	12 2f       	mov	r17, r18
    34a6:	03 2f       	mov	r16, r19
    34a8:	20 e4       	ldi	r18, 0x40	; 64
    34aa:	32 e4       	ldi	r19, 0x42	; 66
    34ac:	4f e0       	ldi	r20, 0x0F	; 15
    34ae:	50 e0       	ldi	r21, 0x00	; 0
    34b0:	0e 94 a6 39 	call	0x734c	; 0x734c <__udivmodsi4>
    34b4:	f2 2e       	mov	r15, r18
    34b6:	e3 2e       	mov	r14, r19
/home/jgalera/develop/arduino/usdx/usdx_plus_orange/src/interface/cat.cpp:225
  tf -= g * 1000000000lu;
  m = (unsigned int)(tf / 1000000lu);
  tf -= m * 1000000lu;
  k = (unsigned int)(tf / 1000lu);
  tf -= k * 1000lu;
  h = (unsigned int)tf;
    34b8:	28 ee       	ldi	r18, 0xE8	; 232
    34ba:	33 e0       	ldi	r19, 0x03	; 3
    34bc:	40 e0       	ldi	r20, 0x00	; 0
    34be:	50 e0       	ldi	r21, 0x00	; 0
    34c0:	0e 94 a6 39 	call	0x734c	; 0x734c <__udivmodsi4>
/home/jgalera/develop/arduino/usdx/usdx_plus_orange/src/interface/cat.cpp:227

  sprintf(Catbuffer, "IF%02u%03u%03u%03u", g, m, k, h);
    34c4:	7f 93       	push	r23
    34c6:	6f 93       	push	r22
    34c8:	3f 93       	push	r19
    34ca:	2f 93       	push	r18
    34cc:	ef 92       	push	r14
    34ce:	ff 92       	push	r15
    34d0:	0f 93       	push	r16
    34d2:	1f 93       	push	r17
    34d4:	86 e7       	ldi	r24, 0x76	; 118
    34d6:	92 e0       	ldi	r25, 0x02	; 2
    34d8:	9f 93       	push	r25
    34da:	8f 93       	push	r24
    34dc:	8e 01       	movw	r16, r28
    34de:	0f 5f       	subi	r16, 0xFF	; 255
    34e0:	1f 4f       	sbci	r17, 0xFF	; 255
    34e2:	1f 93       	push	r17
    34e4:	0f 93       	push	r16
    34e6:	0e 94 ed 3a 	call	0x75da	; 0x75da <sprintf>
/home/jgalera/develop/arduino/usdx/usdx_plus_orange/src/interface/cat.cpp:228
  Serial.print(Catbuffer);
    34ea:	b8 01       	movw	r22, r16
    34ec:	8a e1       	ldi	r24, 0x1A	; 26
    34ee:	96 e0       	ldi	r25, 0x06	; 6
    34f0:	0e 94 2e 1a 	call	0x345c	; 0x345c <Print::print(char const*)>
/home/jgalera/develop/arduino/usdx/usdx_plus_orange/src/interface/cat.cpp:229
  sprintf(Catbuffer, "00000+000000");
    34f4:	69 e8       	ldi	r22, 0x89	; 137
    34f6:	72 e0       	ldi	r23, 0x02	; 2
    34f8:	c8 01       	movw	r24, r16
    34fa:	0e 94 d7 3a 	call	0x75ae	; 0x75ae <strcpy>
/home/jgalera/develop/arduino/usdx/usdx_plus_orange/src/interface/cat.cpp:230
  Serial.print(Catbuffer);
    34fe:	b8 01       	movw	r22, r16
    3500:	8a e1       	ldi	r24, 0x1A	; 26
    3502:	96 e0       	ldi	r25, 0x06	; 6
    3504:	0e 94 2e 1a 	call	0x345c	; 0x345c <Print::print(char const*)>
/home/jgalera/develop/arduino/usdx/usdx_plus_orange/src/interface/cat.cpp:231
  sprintf(Catbuffer, "0000");
    3508:	61 e9       	ldi	r22, 0x91	; 145
    350a:	72 e0       	ldi	r23, 0x02	; 2
    350c:	c8 01       	movw	r24, r16
    350e:	0e 94 d7 3a 	call	0x75ae	; 0x75ae <strcpy>
/home/jgalera/develop/arduino/usdx/usdx_plus_orange/src/interface/cat.cpp:232
  Serial.print(Catbuffer);
    3512:	b8 01       	movw	r22, r16
    3514:	8a e1       	ldi	r24, 0x1A	; 26
    3516:	96 e0       	ldi	r25, 0x06	; 6
    3518:	0e 94 2e 1a 	call	0x345c	; 0x345c <Print::print(char const*)>
/home/jgalera/develop/arduino/usdx/usdx_plus_orange/src/interface/cat.cpp:233
  Serial.print(mode + 1);
    351c:	60 91 cd 01 	lds	r22, 0x01CD	; 0x8001cd <mode>
    3520:	70 e0       	ldi	r23, 0x00	; 0
    3522:	6f 5f       	subi	r22, 0xFF	; 255
    3524:	7f 4f       	sbci	r23, 0xFF	; 255
    3526:	8a e1       	ldi	r24, 0x1A	; 26
    3528:	96 e0       	ldi	r25, 0x06	; 6
    352a:	0e 94 f0 19 	call	0x33e0	; 0x33e0 <Print::print(int, int) [clone .constprop.21]>
/home/jgalera/develop/arduino/usdx/usdx_plus_orange/src/interface/cat.cpp:234
  sprintf(Catbuffer, "0000000;");
    352e:	66 e9       	ldi	r22, 0x96	; 150
    3530:	72 e0       	ldi	r23, 0x02	; 2
    3532:	c8 01       	movw	r24, r16
    3534:	0e 94 d7 3a 	call	0x75ae	; 0x75ae <strcpy>
/home/jgalera/develop/arduino/usdx/usdx_plus_orange/src/interface/cat.cpp:235
  Serial.print(Catbuffer);
    3538:	b8 01       	movw	r22, r16
    353a:	8a e1       	ldi	r24, 0x1A	; 26
    353c:	96 e0       	ldi	r25, 0x06	; 6
    353e:	0e 94 2e 1a 	call	0x345c	; 0x345c <Print::print(char const*)>
    3542:	0f b6       	in	r0, 0x3f	; 63
    3544:	f8 94       	cli
    3546:	de bf       	out	0x3e, r29	; 62
    3548:	0f be       	out	0x3f, r0	; 63
    354a:	cd bf       	out	0x3d, r28	; 61
/home/jgalera/develop/arduino/usdx/usdx_plus_orange/src/interface/cat.cpp:236
}
    354c:	a0 96       	adiw	r28, 0x20	; 32
    354e:	0f b6       	in	r0, 0x3f	; 63
    3550:	f8 94       	cli
    3552:	de bf       	out	0x3e, r29	; 62
    3554:	0f be       	out	0x3f, r0	; 63
    3556:	cd bf       	out	0x3d, r28	; 61
    3558:	df 91       	pop	r29
    355a:	cf 91       	pop	r28
    355c:	1f 91       	pop	r17
    355e:	0f 91       	pop	r16
    3560:	ff 90       	pop	r15
    3562:	ef 90       	pop	r14
    3564:	08 95       	ret

00003566 <serialEvent()>:
_Z11serialEventv():
/home/jgalera/develop/arduino/usdx/usdx_plus_orange/src/interface/cat.cpp:105
    }
#endif
  }
}

void serialEvent() {
    3566:	cf 92       	push	r12
    3568:	df 92       	push	r13
    356a:	ef 92       	push	r14
    356c:	ff 92       	push	r15
    356e:	0f 93       	push	r16
    3570:	1f 93       	push	r17
    3572:	cf 93       	push	r28
    3574:	df 93       	push	r29
    3576:	cd b7       	in	r28, 0x3d	; 61
    3578:	de b7       	in	r29, 0x3e	; 62
    357a:	a0 97       	sbiw	r28, 0x20	; 32
    357c:	0f b6       	in	r0, 0x3f	; 63
    357e:	f8 94       	cli
    3580:	de bf       	out	0x3e, r29	; 62
    3582:	0f be       	out	0x3f, r0	; 63
    3584:	cd bf       	out	0x3d, r28	; 61
/home/jgalera/develop/arduino/usdx/usdx_plus_orange/src/interface/cat.cpp:106
  if (Serial.available()) {
    3586:	8a e1       	ldi	r24, 0x1A	; 26
    3588:	96 e0       	ldi	r25, 0x06	; 6
    358a:	0e 94 6a 04 	call	0x8d4	; 0x8d4 <HardwareSerial::available()>
    358e:	89 2b       	or	r24, r25
    3590:	09 f4       	brne	.+2      	; 0x3594 <serialEvent()+0x2e>
    3592:	94 c0       	rjmp	.+296    	; 0x36bc <serialEvent()+0x156>
/home/jgalera/develop/arduino/usdx/usdx_plus_orange/src/interface/cat.cpp:107
    rxend_event = millis() + 10;
    3594:	0e 94 f9 03 	call	0x7f2	; 0x7f2 <millis>
    3598:	66 5f       	subi	r22, 0xF6	; 246
    359a:	7f 4f       	sbci	r23, 0xFF	; 255
    359c:	8f 4f       	sbci	r24, 0xFF	; 255
    359e:	9f 4f       	sbci	r25, 0xFF	; 255
    35a0:	60 93 b9 05 	sts	0x05B9, r22	; 0x8005b9 <rxend_event>
    35a4:	70 93 ba 05 	sts	0x05BA, r23	; 0x8005ba <rxend_event+0x1>
    35a8:	80 93 bb 05 	sts	0x05BB, r24	; 0x8005bb <rxend_event+0x2>
    35ac:	90 93 bc 05 	sts	0x05BC, r25	; 0x8005bc <rxend_event+0x3>
/home/jgalera/develop/arduino/usdx/usdx_plus_orange/src/interface/cat.cpp:108
    char data = Serial.read();
    35b0:	8a e1       	ldi	r24, 0x1A	; 26
    35b2:	96 e0       	ldi	r25, 0x06	; 6
    35b4:	0e 94 48 04 	call	0x890	; 0x890 <HardwareSerial::read()>
/home/jgalera/develop/arduino/usdx/usdx_plus_orange/src/interface/cat.cpp:109
    CATcmd[cat_ptr++] = data;
    35b8:	e0 91 b8 05 	lds	r30, 0x05B8	; 0x8005b8 <cat_ptr>
    35bc:	91 e0       	ldi	r25, 0x01	; 1
    35be:	9e 0f       	add	r25, r30
    35c0:	90 93 b8 05 	sts	0x05B8, r25	; 0x8005b8 <cat_ptr>
    35c4:	f0 e0       	ldi	r31, 0x00	; 0
    35c6:	e8 56       	subi	r30, 0x68	; 104
    35c8:	fa 4f       	sbci	r31, 0xFA	; 250
    35ca:	80 83       	st	Z, r24
/home/jgalera/develop/arduino/usdx/usdx_plus_orange/src/interface/cat.cpp:110
    if (data == ';') {
    35cc:	8b 33       	cpi	r24, 0x3B	; 59
    35ce:	09 f0       	breq	.+2      	; 0x35d2 <serialEvent()+0x6c>
    35d0:	bf c1       	rjmp	.+894    	; 0x3950 <serialEvent()+0x3ea>
/home/jgalera/develop/arduino/usdx/usdx_plus_orange/src/interface/cat.cpp:111
      CATcmd[cat_ptr] = '\0';
    35d2:	e0 91 b8 05 	lds	r30, 0x05B8	; 0x8005b8 <cat_ptr>
    35d6:	f0 e0       	ldi	r31, 0x00	; 0
    35d8:	e8 56       	subi	r30, 0x68	; 104
    35da:	fa 4f       	sbci	r31, 0xFA	; 250
    35dc:	10 82       	st	Z, r1
/home/jgalera/develop/arduino/usdx/usdx_plus_orange/src/interface/cat.cpp:112
      cat_ptr = 0;
    35de:	10 92 b8 05 	sts	0x05B8, r1	; 0x8005b8 <cat_ptr>
/home/jgalera/develop/arduino/usdx/usdx_plus_orange/src/interface/cat.cpp:114
#ifdef _SERIAL
      if (!cat_active) {
    35e2:	80 91 c1 05 	lds	r24, 0x05C1	; 0x8005c1 <cat_active>
    35e6:	81 11       	cpse	r24, r1
    35e8:	05 c0       	rjmp	.+10     	; 0x35f4 <serialEvent()+0x8e>
/home/jgalera/develop/arduino/usdx/usdx_plus_orange/src/interface/cat.cpp:115
        cat_active = 1;
    35ea:	81 e0       	ldi	r24, 0x01	; 1
    35ec:	80 93 c1 05 	sts	0x05C1, r24	; 0x8005c1 <cat_active>
/home/jgalera/develop/arduino/usdx/usdx_plus_orange/src/interface/cat.cpp:116
        smode = 0;
    35f0:	10 92 cb 01 	sts	0x01CB, r1	; 0x8001cb <smode>
analyseCATcmd():
/home/jgalera/develop/arduino/usdx/usdx_plus_orange/src/interface/cat.cpp:14

char CATcmd[CATCMD_SIZE];
volatile uint8_t cat_ptr = 0;

void analyseCATcmd() {
  if ((CATcmd[0] == 'F') && (CATcmd[1] == 'A') && (CATcmd[2] == ';'))
    35f4:	80 91 98 05 	lds	r24, 0x0598	; 0x800598 <CATcmd>
    35f8:	86 34       	cpi	r24, 0x46	; 70
    35fa:	09 f0       	breq	.+2      	; 0x35fe <serialEvent()+0x98>
    35fc:	8b c0       	rjmp	.+278    	; 0x3714 <serialEvent()+0x1ae>
    35fe:	80 91 99 05 	lds	r24, 0x0599	; 0x800599 <CATcmd+0x1>
    3602:	81 34       	cpi	r24, 0x41	; 65
    3604:	09 f0       	breq	.+2      	; 0x3608 <serialEvent()+0xa2>
    3606:	64 c1       	rjmp	.+712    	; 0x38d0 <serialEvent()+0x36a>
    3608:	80 91 9a 05 	lds	r24, 0x059A	; 0x80059a <CATcmd+0x2>
    360c:	8b 33       	cpi	r24, 0x3B	; 59
    360e:	09 f0       	breq	.+2      	; 0x3612 <serialEvent()+0xac>
    3610:	64 c0       	rjmp	.+200    	; 0x36da <serialEvent()+0x174>
Command_GETFreqA():
/home/jgalera/develop/arduino/usdx/usdx_plus_orange/src/interface/cat.cpp:178
}
#endif

void Command_GETFreqA() {
#ifdef _SERIAL
  if (!cat_active)
    3612:	80 91 c1 05 	lds	r24, 0x05C1	; 0x8005c1 <cat_active>
    3616:	88 23       	and	r24, r24
    3618:	09 f4       	brne	.+2      	; 0x361c <serialEvent()+0xb6>
    361a:	4a c0       	rjmp	.+148    	; 0x36b0 <serialEvent()+0x14a>
/home/jgalera/develop/arduino/usdx/usdx_plus_orange/src/interface/cat.cpp:185
#endif
  char Catbuffer[32];
  unsigned int g, m, k, h;
  uint32_t tf;

  tf = freq;
    361c:	60 91 b5 01 	lds	r22, 0x01B5	; 0x8001b5 <freq>
    3620:	70 91 b6 01 	lds	r23, 0x01B6	; 0x8001b6 <freq+0x1>
    3624:	80 91 b7 01 	lds	r24, 0x01B7	; 0x8001b7 <freq+0x2>
    3628:	90 91 b8 01 	lds	r25, 0x01B8	; 0x8001b8 <freq+0x3>
    362c:	20 e0       	ldi	r18, 0x00	; 0
    362e:	3a ec       	ldi	r19, 0xCA	; 202
    3630:	4a e9       	ldi	r20, 0x9A	; 154
    3632:	5b e3       	ldi	r21, 0x3B	; 59
    3634:	0e 94 a6 39 	call	0x734c	; 0x734c <__udivmodsi4>
    3638:	12 2f       	mov	r17, r18
    363a:	03 2f       	mov	r16, r19
    363c:	20 e4       	ldi	r18, 0x40	; 64
    363e:	32 e4       	ldi	r19, 0x42	; 66
    3640:	4f e0       	ldi	r20, 0x0F	; 15
    3642:	50 e0       	ldi	r21, 0x00	; 0
    3644:	0e 94 a6 39 	call	0x734c	; 0x734c <__udivmodsi4>
    3648:	6b 01       	movw	r12, r22
    364a:	7c 01       	movw	r14, r24
/home/jgalera/develop/arduino/usdx/usdx_plus_orange/src/interface/cat.cpp:194
  tf -= m * 1000000lu;
  k = (unsigned int)(tf / 1000lu);
  tf -= k * 1000lu;
  h = (unsigned int)tf;

  sprintf(Catbuffer, "FA%02u%03u", g, m);
    364c:	3f 93       	push	r19
    364e:	2f 93       	push	r18
    3650:	0f 93       	push	r16
    3652:	1f 93       	push	r17
    3654:	8f e9       	ldi	r24, 0x9F	; 159
    3656:	92 e0       	ldi	r25, 0x02	; 2
    3658:	9f 93       	push	r25
    365a:	8f 93       	push	r24
    365c:	8e 01       	movw	r16, r28
    365e:	0f 5f       	subi	r16, 0xFF	; 255
    3660:	1f 4f       	sbci	r17, 0xFF	; 255
    3662:	1f 93       	push	r17
    3664:	0f 93       	push	r16
    3666:	0e 94 ed 3a 	call	0x75da	; 0x75da <sprintf>
/home/jgalera/develop/arduino/usdx/usdx_plus_orange/src/interface/cat.cpp:195
  Serial.print(Catbuffer);
    366a:	b8 01       	movw	r22, r16
    366c:	8a e1       	ldi	r24, 0x1A	; 26
    366e:	96 e0       	ldi	r25, 0x06	; 6
    3670:	0e 94 2e 1a 	call	0x345c	; 0x345c <Print::print(char const*)>
/home/jgalera/develop/arduino/usdx/usdx_plus_orange/src/interface/cat.cpp:192
  tf -= g * 1000000000lu;
  m = (unsigned int)(tf / 1000000lu);
  tf -= m * 1000000lu;
  k = (unsigned int)(tf / 1000lu);
  tf -= k * 1000lu;
  h = (unsigned int)tf;
    3674:	c7 01       	movw	r24, r14
    3676:	b6 01       	movw	r22, r12
    3678:	28 ee       	ldi	r18, 0xE8	; 232
    367a:	33 e0       	ldi	r19, 0x03	; 3
    367c:	40 e0       	ldi	r20, 0x00	; 0
    367e:	50 e0       	ldi	r21, 0x00	; 0
    3680:	0e 94 a6 39 	call	0x734c	; 0x734c <__udivmodsi4>
/home/jgalera/develop/arduino/usdx/usdx_plus_orange/src/interface/cat.cpp:196

  sprintf(Catbuffer, "FA%02u%03u", g, m);
  Serial.print(Catbuffer);
  sprintf(Catbuffer, "%03u%03u;", k, h);
    3684:	7f 93       	push	r23
    3686:	6f 93       	push	r22
    3688:	3f 93       	push	r19
    368a:	2f 93       	push	r18
    368c:	8a ea       	ldi	r24, 0xAA	; 170
    368e:	92 e0       	ldi	r25, 0x02	; 2
    3690:	9f 93       	push	r25
    3692:	8f 93       	push	r24
    3694:	1f 93       	push	r17
    3696:	0f 93       	push	r16
    3698:	0e 94 ed 3a 	call	0x75da	; 0x75da <sprintf>
/home/jgalera/develop/arduino/usdx/usdx_plus_orange/src/interface/cat.cpp:197
  Serial.print(Catbuffer);
    369c:	b8 01       	movw	r22, r16
    369e:	8a e1       	ldi	r24, 0x1A	; 26
    36a0:	96 e0       	ldi	r25, 0x06	; 6
    36a2:	0e 94 2e 1a 	call	0x345c	; 0x345c <Print::print(char const*)>
    36a6:	0f b6       	in	r0, 0x3f	; 63
    36a8:	f8 94       	cli
    36aa:	de bf       	out	0x3e, r29	; 62
    36ac:	0f be       	out	0x3f, r0	; 63
    36ae:	cd bf       	out	0x3d, r28	; 61
_Z11serialEventv():
/home/jgalera/develop/arduino/usdx/usdx_plus_orange/src/interface/cat.cpp:134
      }
      interrupts();
#else
      analyseCATcmd();
#endif
      delay(10);
    36b0:	6a e0       	ldi	r22, 0x0A	; 10
    36b2:	70 e0       	ldi	r23, 0x00	; 0
    36b4:	80 e0       	ldi	r24, 0x00	; 0
    36b6:	90 e0       	ldi	r25, 0x00	; 0
    36b8:	0e 94 c6 03 	call	0x78c	; 0x78c <delay>
/home/jgalera/develop/arduino/usdx/usdx_plus_orange/src/interface/cat.cpp:140
    } else if (cat_ptr > (CATCMD_SIZE - 1)) {
      Serial.print("E;");
      cat_ptr = 0;
    }
  }
}
    36bc:	a0 96       	adiw	r28, 0x20	; 32
    36be:	0f b6       	in	r0, 0x3f	; 63
    36c0:	f8 94       	cli
    36c2:	de bf       	out	0x3e, r29	; 62
    36c4:	0f be       	out	0x3f, r0	; 63
    36c6:	cd bf       	out	0x3d, r28	; 61
    36c8:	df 91       	pop	r29
    36ca:	cf 91       	pop	r28
    36cc:	1f 91       	pop	r17
    36ce:	0f 91       	pop	r16
    36d0:	ff 90       	pop	r15
    36d2:	ef 90       	pop	r14
    36d4:	df 90       	pop	r13
    36d6:	cf 90       	pop	r12
    36d8:	08 95       	ret
analyseCATcmd():
/home/jgalera/develop/arduino/usdx/usdx_plus_orange/src/interface/cat.cpp:17

void analyseCATcmd() {
  if ((CATcmd[0] == 'F') && (CATcmd[1] == 'A') && (CATcmd[2] == ';'))
    Command_GETFreqA();

  else if ((CATcmd[0] == 'F') && (CATcmd[1] == 'A') && (CATcmd[13] == ';'))
    36da:	80 91 a5 05 	lds	r24, 0x05A5	; 0x8005a5 <CATcmd+0xd>
    36de:	8b 33       	cpi	r24, 0x3B	; 59
    36e0:	99 f5       	brne	.+102    	; 0x3748 <serialEvent()+0x1e2>
Command_SETFreqA():
/home/jgalera/develop/arduino/usdx/usdx_plus_orange/src/interface/cat.cpp:202
  Serial.print(Catbuffer);
}

void Command_SETFreqA() {
  char Catbuffer[16];
  strncpy(Catbuffer, CATcmd + 2, 11);
    36e2:	4b e0       	ldi	r20, 0x0B	; 11
    36e4:	50 e0       	ldi	r21, 0x00	; 0
    36e6:	6a e9       	ldi	r22, 0x9A	; 154
    36e8:	75 e0       	ldi	r23, 0x05	; 5
    36ea:	ce 01       	movw	r24, r28
    36ec:	01 96       	adiw	r24, 0x01	; 1
    36ee:	0e 94 de 3a 	call	0x75bc	; 0x75bc <strncpy>
/home/jgalera/develop/arduino/usdx/usdx_plus_orange/src/interface/cat.cpp:203
  Catbuffer[11] = '\0';
    36f2:	1c 86       	std	Y+12, r1	; 0x0c
/home/jgalera/develop/arduino/usdx/usdx_plus_orange/src/interface/cat.cpp:205

  freq = (uint32_t)atol(Catbuffer);
    36f4:	ce 01       	movw	r24, r28
    36f6:	01 96       	adiw	r24, 0x01	; 1
    36f8:	0e 94 fa 33 	call	0x67f4	; 0x67f4 <atol>
    36fc:	60 93 b5 01 	sts	0x01B5, r22	; 0x8001b5 <freq>
    3700:	70 93 b6 01 	sts	0x01B6, r23	; 0x8001b6 <freq+0x1>
    3704:	80 93 b7 01 	sts	0x01B7, r24	; 0x8001b7 <freq+0x2>
    3708:	90 93 b8 01 	sts	0x01B8, r25	; 0x8001b8 <freq+0x3>
/home/jgalera/develop/arduino/usdx/usdx_plus_orange/src/interface/cat.cpp:206
  change = true;
    370c:	81 e0       	ldi	r24, 0x01	; 1
    370e:	80 93 c6 01 	sts	0x01C6, r24	; 0x8001c6 <change>
    3712:	ce cf       	rjmp	.-100    	; 0x36b0 <serialEvent()+0x14a>
analyseCATcmd():
/home/jgalera/develop/arduino/usdx/usdx_plus_orange/src/interface/cat.cpp:20
    Command_GETFreqA();

  else if ((CATcmd[0] == 'F') && (CATcmd[1] == 'A') && (CATcmd[13] == ';'))
    Command_SETFreqA();

  else if ((CATcmd[0] == 'I') && (CATcmd[1] == 'F') && (CATcmd[2] == ';'))
    3714:	89 34       	cpi	r24, 0x49	; 73
    3716:	d9 f4       	brne	.+54     	; 0x374e <serialEvent()+0x1e8>
    3718:	80 91 99 05 	lds	r24, 0x0599	; 0x800599 <CATcmd+0x1>
    371c:	86 34       	cpi	r24, 0x46	; 70
    371e:	61 f4       	brne	.+24     	; 0x3738 <serialEvent()+0x1d2>
    3720:	80 91 9a 05 	lds	r24, 0x059A	; 0x80059a <CATcmd+0x2>
    3724:	8b 33       	cpi	r24, 0x3B	; 59
    3726:	81 f4       	brne	.+32     	; 0x3748 <serialEvent()+0x1e2>
Command_IF():
/home/jgalera/develop/arduino/usdx/usdx_plus_orange/src/interface/cat.cpp:211
  change = true;
}

void Command_IF() {
#ifdef _SERIAL
  if (!cat_active)
    3728:	80 91 c1 05 	lds	r24, 0x05C1	; 0x8005c1 <cat_active>
    372c:	88 23       	and	r24, r24
    372e:	09 f4       	brne	.+2      	; 0x3732 <serialEvent()+0x1cc>
    3730:	bf cf       	rjmp	.-130    	; 0x36b0 <serialEvent()+0x14a>
    3732:	0e 94 36 1a 	call	0x346c	; 0x346c <Command_IF() [clone .part.1]>
    3736:	bc cf       	rjmp	.-136    	; 0x36b0 <serialEvent()+0x14a>
analyseCATcmd():
/home/jgalera/develop/arduino/usdx/usdx_plus_orange/src/interface/cat.cpp:23
    Command_SETFreqA();

  else if ((CATcmd[0] == 'I') && (CATcmd[1] == 'F') && (CATcmd[2] == ';'))
    Command_IF();

  else if ((CATcmd[0] == 'I') && (CATcmd[1] == 'D') && (CATcmd[2] == ';'))
    3738:	84 34       	cpi	r24, 0x44	; 68
    373a:	31 f4       	brne	.+12     	; 0x3748 <serialEvent()+0x1e2>
    373c:	80 91 9a 05 	lds	r24, 0x059A	; 0x80059a <CATcmd+0x2>
Command_ID():
/home/jgalera/develop/arduino/usdx/usdx_plus_orange/src/interface/cat.cpp:299
  char Catbuffer[16];
  sprintf(Catbuffer, "VX%c;", mode);
  Serial.print(Catbuffer);
}

void Command_ID() { Serial.print("ID020;"); }
    3740:	64 eb       	ldi	r22, 0xB4	; 180
    3742:	72 e0       	ldi	r23, 0x02	; 2
analyseCATcmd():
/home/jgalera/develop/arduino/usdx/usdx_plus_orange/src/interface/cat.cpp:23
    Command_SETFreqA();

  else if ((CATcmd[0] == 'I') && (CATcmd[1] == 'F') && (CATcmd[2] == ';'))
    Command_IF();

  else if ((CATcmd[0] == 'I') && (CATcmd[1] == 'D') && (CATcmd[2] == ';'))
    3744:	8b 33       	cpi	r24, 0x3B	; 59
    3746:	f9 f0       	breq	.+62     	; 0x3786 <serialEvent()+0x220>
/home/jgalera/develop/arduino/usdx/usdx_plus_orange/src/interface/cat.cpp:94
  else if ((CATcmd[0] == 'U') && (CATcmd[1] == 'A') && (CATcmd[3] == ';'))
    Command_UA(CATcmd[2]);
#endif

  else {
    Serial.print("?;");
    3748:	60 ef       	ldi	r22, 0xF0	; 240
    374a:	72 e0       	ldi	r23, 0x02	; 2
    374c:	1c c0       	rjmp	.+56     	; 0x3786 <serialEvent()+0x220>
/home/jgalera/develop/arduino/usdx/usdx_plus_orange/src/interface/cat.cpp:26
    Command_IF();

  else if ((CATcmd[0] == 'I') && (CATcmd[1] == 'D') && (CATcmd[2] == ';'))
    Command_ID();

  else if ((CATcmd[0] == 'P') && (CATcmd[1] == 'S') && (CATcmd[2] == ';'))
    374e:	80 35       	cpi	r24, 0x50	; 80
    3750:	69 f4       	brne	.+26     	; 0x376c <serialEvent()+0x206>
    3752:	80 91 99 05 	lds	r24, 0x0599	; 0x800599 <CATcmd+0x1>
    3756:	83 35       	cpi	r24, 0x53	; 83
    3758:	b9 f7       	brne	.-18     	; 0x3748 <serialEvent()+0x1e2>
    375a:	80 91 9a 05 	lds	r24, 0x059A	; 0x80059a <CATcmd+0x2>
Command_PS():
/home/jgalera/develop/arduino/usdx/usdx_plus_orange/src/interface/cat.cpp:300
  sprintf(Catbuffer, "VX%c;", mode);
  Serial.print(Catbuffer);
}

void Command_ID() { Serial.print("ID020;"); }
void Command_PS() { Serial.print("PS1;"); }
    375e:	6b eb       	ldi	r22, 0xBB	; 187
    3760:	72 e0       	ldi	r23, 0x02	; 2
analyseCATcmd():
/home/jgalera/develop/arduino/usdx/usdx_plus_orange/src/interface/cat.cpp:26
    Command_IF();

  else if ((CATcmd[0] == 'I') && (CATcmd[1] == 'D') && (CATcmd[2] == ';'))
    Command_ID();

  else if ((CATcmd[0] == 'P') && (CATcmd[1] == 'S') && (CATcmd[2] == ';'))
    3762:	8b 33       	cpi	r24, 0x3B	; 59
    3764:	81 f0       	breq	.+32     	; 0x3786 <serialEvent()+0x220>
/home/jgalera/develop/arduino/usdx/usdx_plus_orange/src/interface/cat.cpp:29
    Command_PS();

  else if ((CATcmd[0] == 'P') && (CATcmd[1] == 'S') && (CATcmd[2] == '1'))
    3766:	81 33       	cpi	r24, 0x31	; 49
    3768:	79 f7       	brne	.-34     	; 0x3748 <serialEvent()+0x1e2>
    376a:	a2 cf       	rjmp	.-188    	; 0x36b0 <serialEvent()+0x14a>
/home/jgalera/develop/arduino/usdx/usdx_plus_orange/src/interface/cat.cpp:32
    Command_PS1();

  else if ((CATcmd[0] == 'A') && (CATcmd[1] == 'I') && (CATcmd[2] == ';'))
    376c:	81 34       	cpi	r24, 0x41	; 65
    376e:	99 f4       	brne	.+38     	; 0x3796 <serialEvent()+0x230>
    3770:	80 91 99 05 	lds	r24, 0x0599	; 0x800599 <CATcmd+0x1>
    3774:	89 34       	cpi	r24, 0x49	; 73
    3776:	09 f0       	breq	.+2      	; 0x377a <serialEvent()+0x214>
    3778:	79 c0       	rjmp	.+242    	; 0x386c <serialEvent()+0x306>
    377a:	80 91 9a 05 	lds	r24, 0x059A	; 0x80059a <CATcmd+0x2>
    377e:	8b 33       	cpi	r24, 0x3B	; 59
    3780:	39 f4       	brne	.+14     	; 0x3790 <serialEvent()+0x22a>
Command_AI():
/home/jgalera/develop/arduino/usdx/usdx_plus_orange/src/interface/cat.cpp:238
  Serial.print(mode + 1);
  sprintf(Catbuffer, "0000000;");
  Serial.print(Catbuffer);
}

void Command_AI() { Serial.print("AI0;"); }
    3782:	60 ec       	ldi	r22, 0xC0	; 192
    3784:	72 e0       	ldi	r23, 0x02	; 2
analyseCATcmd():
/home/jgalera/develop/arduino/usdx/usdx_plus_orange/src/interface/cat.cpp:94
  else if ((CATcmd[0] == 'U') && (CATcmd[1] == 'A') && (CATcmd[3] == ';'))
    Command_UA(CATcmd[2]);
#endif

  else {
    Serial.print("?;");
    3786:	8a e1       	ldi	r24, 0x1A	; 26
    3788:	96 e0       	ldi	r25, 0x06	; 6
    378a:	0e 94 2e 1a 	call	0x345c	; 0x345c <Print::print(char const*)>
    378e:	90 cf       	rjmp	.-224    	; 0x36b0 <serialEvent()+0x14a>
/home/jgalera/develop/arduino/usdx/usdx_plus_orange/src/interface/cat.cpp:35
    Command_PS1();

  else if ((CATcmd[0] == 'A') && (CATcmd[1] == 'I') && (CATcmd[2] == ';'))
    Command_AI();

  else if ((CATcmd[0] == 'A') && (CATcmd[1] == 'I') && (CATcmd[2] == '0'))
    3790:	80 33       	cpi	r24, 0x30	; 48
    3792:	d1 f6       	brne	.-76     	; 0x3748 <serialEvent()+0x1e2>
    3794:	f6 cf       	rjmp	.-20     	; 0x3782 <serialEvent()+0x21c>
/home/jgalera/develop/arduino/usdx/usdx_plus_orange/src/interface/cat.cpp:38
    Command_AI0();

  else if ((CATcmd[0] == 'M') && (CATcmd[1] == 'D') && (CATcmd[2] == ';'))
    3796:	8d 34       	cpi	r24, 0x4D	; 77
    3798:	c1 f5       	brne	.+112    	; 0x380a <serialEvent()+0x2a4>
    379a:	80 91 99 05 	lds	r24, 0x0599	; 0x800599 <CATcmd+0x1>
    379e:	84 34       	cpi	r24, 0x44	; 68
    37a0:	99 f6       	brne	.-90     	; 0x3748 <serialEvent()+0x1e2>
    37a2:	80 91 9a 05 	lds	r24, 0x059A	; 0x80059a <CATcmd+0x2>
    37a6:	8b 33       	cpi	r24, 0x3B	; 59
    37a8:	a9 f4       	brne	.+42     	; 0x37d4 <serialEvent()+0x26e>
Command_GetMD():
/home/jgalera/develop/arduino/usdx/usdx_plus_orange/src/interface/cat.cpp:251
}

void Command_FL0() { Serial.print("FL0;"); }

void Command_GetMD() {
  Serial.print("MD");
    37aa:	65 ec       	ldi	r22, 0xC5	; 197
    37ac:	72 e0       	ldi	r23, 0x02	; 2
    37ae:	8a e1       	ldi	r24, 0x1A	; 26
    37b0:	96 e0       	ldi	r25, 0x06	; 6
    37b2:	0e 94 2e 1a 	call	0x345c	; 0x345c <Print::print(char const*)>
/home/jgalera/develop/arduino/usdx/usdx_plus_orange/src/interface/cat.cpp:252
  Serial.print(mode + 1);
    37b6:	60 91 cd 01 	lds	r22, 0x01CD	; 0x8001cd <mode>
    37ba:	70 e0       	ldi	r23, 0x00	; 0
    37bc:	6f 5f       	subi	r22, 0xFF	; 255
    37be:	7f 4f       	sbci	r23, 0xFF	; 255
    37c0:	8a e1       	ldi	r24, 0x1A	; 26
    37c2:	96 e0       	ldi	r25, 0x06	; 6
    37c4:	0e 94 f0 19 	call	0x33e0	; 0x33e0 <Print::print(int, int) [clone .constprop.21]>
/home/jgalera/develop/arduino/usdx/usdx_plus_orange/src/interface/cat.cpp:253
  Serial.print(';');
    37c8:	6b e3       	ldi	r22, 0x3B	; 59
    37ca:	8a e1       	ldi	r24, 0x1A	; 26
    37cc:	96 e0       	ldi	r25, 0x06	; 6
    37ce:	0e 94 05 04 	call	0x80a	; 0x80a <Print::print(char)>
    37d2:	6e cf       	rjmp	.-292    	; 0x36b0 <serialEvent()+0x14a>
analyseCATcmd():
/home/jgalera/develop/arduino/usdx/usdx_plus_orange/src/interface/cat.cpp:41
    Command_AI0();

  else if ((CATcmd[0] == 'M') && (CATcmd[1] == 'D') && (CATcmd[2] == ';'))
    Command_GetMD();

  else if ((CATcmd[0] == 'M') && (CATcmd[1] == 'D') && (CATcmd[3] == ';'))
    37d4:	90 91 9b 05 	lds	r25, 0x059B	; 0x80059b <CATcmd+0x3>
    37d8:	9b 33       	cpi	r25, 0x3B	; 59
    37da:	09 f0       	breq	.+2      	; 0x37de <serialEvent()+0x278>
    37dc:	b5 cf       	rjmp	.-150    	; 0x3748 <serialEvent()+0x1e2>
Command_SetMD():
/home/jgalera/develop/arduino/usdx/usdx_plus_orange/src/interface/cat.cpp:257
  Serial.print(mode + 1);
  Serial.print(';');
}

void Command_SetMD() {
  mode = CATcmd[2] - '1';
    37de:	81 53       	subi	r24, 0x31	; 49
    37e0:	80 93 cd 01 	sts	0x01CD, r24	; 0x8001cd <mode>
/home/jgalera/develop/arduino/usdx/usdx_plus_orange/src/interface/cat.cpp:258
  vfomode[vfosel % 2] = mode;
    37e4:	80 91 cd 01 	lds	r24, 0x01CD	; 0x8001cd <mode>
    37e8:	90 91 f0 05 	lds	r25, 0x05F0	; 0x8005f0 <vfosel>
    37ec:	09 2f       	mov	r16, r25
    37ee:	01 70       	andi	r16, 0x01	; 1
    37f0:	10 e0       	ldi	r17, 0x00	; 0
    37f2:	f8 01       	movw	r30, r16
    37f4:	ef 53       	subi	r30, 0x3F	; 63
    37f6:	fe 4f       	sbci	r31, 0xFE	; 254
    37f8:	80 83       	st	Z, r24
/home/jgalera/develop/arduino/usdx/usdx_plus_orange/src/interface/cat.cpp:259
  change = true;
    37fa:	81 e0       	ldi	r24, 0x01	; 1
    37fc:	80 93 c6 01 	sts	0x01C6, r24	; 0x8001c6 <change>
/home/jgalera/develop/arduino/usdx/usdx_plus_orange/src/interface/cat.cpp:260
  si5351.iqmsa = 0;
    3800:	10 92 d4 06 	sts	0x06D4, r1	; 0x8006d4 <si5351+0x18>
    3804:	10 92 d3 06 	sts	0x06D3, r1	; 0x8006d3 <si5351+0x17>
    3808:	53 cf       	rjmp	.-346    	; 0x36b0 <serialEvent()+0x14a>
analyseCATcmd():
/home/jgalera/develop/arduino/usdx/usdx_plus_orange/src/interface/cat.cpp:44
    Command_GetMD();

  else if ((CATcmd[0] == 'M') && (CATcmd[1] == 'D') && (CATcmd[3] == ';'))
    Command_SetMD();

  else if ((CATcmd[0] == 'R') && (CATcmd[1] == 'X') && (CATcmd[2] == ';'))
    380a:	82 35       	cpi	r24, 0x52	; 82
    380c:	c1 f4       	brne	.+48     	; 0x383e <serialEvent()+0x2d8>
    380e:	80 91 99 05 	lds	r24, 0x0599	; 0x800599 <CATcmd+0x1>
    3812:	88 35       	cpi	r24, 0x58	; 88
    3814:	09 f0       	breq	.+2      	; 0x3818 <serialEvent()+0x2b2>
    3816:	44 c0       	rjmp	.+136    	; 0x38a0 <serialEvent()+0x33a>
    3818:	80 91 9a 05 	lds	r24, 0x059A	; 0x80059a <CATcmd+0x2>
    381c:	8b 33       	cpi	r24, 0x3B	; 59
    381e:	09 f0       	breq	.+2      	; 0x3822 <serialEvent()+0x2bc>
    3820:	93 cf       	rjmp	.-218    	; 0x3748 <serialEvent()+0x1e2>
Command_RX():
/home/jgalera/develop/arduino/usdx/usdx_plus_orange/src/interface/cat.cpp:267

void Command_AI0() { Serial.print("AI0;"); }

void Command_RX() {
#ifdef TX_ENABLE
  switch_rxtx(0);
    3822:	80 e0       	ldi	r24, 0x00	; 0
    3824:	0e 94 ef 13 	call	0x27de	; 0x27de <switch_rxtx(unsigned char)>
/home/jgalera/develop/arduino/usdx/usdx_plus_orange/src/interface/cat.cpp:268
  semi_qsk_timeout = 0;
    3828:	10 92 07 06 	sts	0x0607, r1	; 0x800607 <semi_qsk_timeout>
    382c:	10 92 08 06 	sts	0x0608, r1	; 0x800608 <semi_qsk_timeout+0x1>
    3830:	10 92 09 06 	sts	0x0609, r1	; 0x800609 <semi_qsk_timeout+0x2>
    3834:	10 92 0a 06 	sts	0x060A, r1	; 0x80060a <semi_qsk_timeout+0x3>
/home/jgalera/develop/arduino/usdx/usdx_plus_orange/src/interface/cat.cpp:270
#endif
  Serial.print("RX0;");
    3838:	68 ec       	ldi	r22, 0xC8	; 200
    383a:	72 e0       	ldi	r23, 0x02	; 2
    383c:	a4 cf       	rjmp	.-184    	; 0x3786 <serialEvent()+0x220>
analyseCATcmd():
/home/jgalera/develop/arduino/usdx/usdx_plus_orange/src/interface/cat.cpp:47
    Command_SetMD();

  else if ((CATcmd[0] == 'R') && (CATcmd[1] == 'X') && (CATcmd[2] == ';'))
    Command_RX();

  else if ((CATcmd[0] == 'T') && (CATcmd[1] == 'X') && (CATcmd[2] == ';'))
    383e:	84 35       	cpi	r24, 0x54	; 84
    3840:	01 f5       	brne	.+64     	; 0x3882 <serialEvent()+0x31c>
    3842:	80 91 99 05 	lds	r24, 0x0599	; 0x800599 <CATcmd+0x1>
    3846:	88 35       	cpi	r24, 0x58	; 88
    3848:	09 f0       	breq	.+2      	; 0x384c <serialEvent()+0x2e6>
    384a:	7e cf       	rjmp	.-260    	; 0x3748 <serialEvent()+0x1e2>
    384c:	80 91 9a 05 	lds	r24, 0x059A	; 0x80059a <CATcmd+0x2>
    3850:	8b 33       	cpi	r24, 0x3B	; 59
    3852:	21 f4       	brne	.+8      	; 0x385c <serialEvent()+0x2f6>
Command_TX0():
/home/jgalera/develop/arduino/usdx/usdx_plus_orange/src/interface/cat.cpp:275
  Serial.print("RX0;");
}

void Command_TX0() {
#ifdef TX_ENABLE
  switch_rxtx(1);
    3854:	81 e0       	ldi	r24, 0x01	; 1
    3856:	0e 94 ef 13 	call	0x27de	; 0x27de <switch_rxtx(unsigned char)>
    385a:	2a cf       	rjmp	.-428    	; 0x36b0 <serialEvent()+0x14a>
analyseCATcmd():
/home/jgalera/develop/arduino/usdx/usdx_plus_orange/src/interface/cat.cpp:50
    Command_RX();

  else if ((CATcmd[0] == 'T') && (CATcmd[1] == 'X') && (CATcmd[2] == ';'))
    Command_TX0();

  else if ((CATcmd[0] == 'T') && (CATcmd[1] == 'X') && (CATcmd[2] == '0'))
    385c:	80 33       	cpi	r24, 0x30	; 48
    385e:	d1 f3       	breq	.-12     	; 0x3854 <serialEvent()+0x2ee>
/home/jgalera/develop/arduino/usdx/usdx_plus_orange/src/interface/cat.cpp:53
    Command_TX0();

  else if ((CATcmd[0] == 'T') && (CATcmd[1] == 'X') && (CATcmd[2] == '1'))
    3860:	81 33       	cpi	r24, 0x31	; 49
    3862:	c1 f3       	breq	.-16     	; 0x3854 <serialEvent()+0x2ee>
/home/jgalera/develop/arduino/usdx/usdx_plus_orange/src/interface/cat.cpp:56
    Command_TX1();

  else if ((CATcmd[0] == 'T') && (CATcmd[1] == 'X') && (CATcmd[2] == '2'))
    3864:	82 33       	cpi	r24, 0x32	; 50
    3866:	09 f0       	breq	.+2      	; 0x386a <serialEvent()+0x304>
    3868:	6f cf       	rjmp	.-290    	; 0x3748 <serialEvent()+0x1e2>
    386a:	f4 cf       	rjmp	.-24     	; 0x3854 <serialEvent()+0x2ee>
/home/jgalera/develop/arduino/usdx/usdx_plus_orange/src/interface/cat.cpp:59
    Command_TX2();

  else if ((CATcmd[0] == 'A') && (CATcmd[1] == 'G') && (CATcmd[2] == '0'))
    386c:	87 34       	cpi	r24, 0x47	; 71
    386e:	09 f0       	breq	.+2      	; 0x3872 <serialEvent()+0x30c>
    3870:	6b cf       	rjmp	.-298    	; 0x3748 <serialEvent()+0x1e2>
    3872:	80 91 9a 05 	lds	r24, 0x059A	; 0x80059a <CATcmd+0x2>
Command_AG0():
/home/jgalera/develop/arduino/usdx/usdx_plus_orange/src/interface/cat.cpp:239
  sprintf(Catbuffer, "0000000;");
  Serial.print(Catbuffer);
}

void Command_AI() { Serial.print("AI0;"); }
void Command_AG0() { Serial.print("AG0;"); }
    3876:	6d ec       	ldi	r22, 0xCD	; 205
    3878:	72 e0       	ldi	r23, 0x02	; 2
analyseCATcmd():
/home/jgalera/develop/arduino/usdx/usdx_plus_orange/src/interface/cat.cpp:59
    Command_TX1();

  else if ((CATcmd[0] == 'T') && (CATcmd[1] == 'X') && (CATcmd[2] == '2'))
    Command_TX2();

  else if ((CATcmd[0] == 'A') && (CATcmd[1] == 'G') && (CATcmd[2] == '0'))
    387a:	80 33       	cpi	r24, 0x30	; 48
    387c:	09 f0       	breq	.+2      	; 0x3880 <serialEvent()+0x31a>
    387e:	64 cf       	rjmp	.-312    	; 0x3748 <serialEvent()+0x1e2>
    3880:	82 cf       	rjmp	.-252    	; 0x3786 <serialEvent()+0x220>
/home/jgalera/develop/arduino/usdx/usdx_plus_orange/src/interface/cat.cpp:62
    Command_AG0();

  else if ((CATcmd[0] == 'X') && (CATcmd[1] == 'T') && (CATcmd[2] == '1'))
    3882:	88 35       	cpi	r24, 0x58	; 88
    3884:	d9 f5       	brne	.+118    	; 0x38fc <serialEvent()+0x396>
    3886:	80 91 99 05 	lds	r24, 0x0599	; 0x800599 <CATcmd+0x1>
    388a:	84 35       	cpi	r24, 0x54	; 84
    388c:	09 f0       	breq	.+2      	; 0x3890 <serialEvent()+0x32a>
    388e:	5c cf       	rjmp	.-328    	; 0x3748 <serialEvent()+0x1e2>
    3890:	80 91 9a 05 	lds	r24, 0x059A	; 0x80059a <CATcmd+0x2>
Command_XT1():
/home/jgalera/develop/arduino/usdx/usdx_plus_orange/src/interface/cat.cpp:240
  Serial.print(Catbuffer);
}

void Command_AI() { Serial.print("AI0;"); }
void Command_AG0() { Serial.print("AG0;"); }
void Command_XT1() { Serial.print("XT1;"); }
    3894:	62 ed       	ldi	r22, 0xD2	; 210
    3896:	72 e0       	ldi	r23, 0x02	; 2
analyseCATcmd():
/home/jgalera/develop/arduino/usdx/usdx_plus_orange/src/interface/cat.cpp:62
    Command_TX2();

  else if ((CATcmd[0] == 'A') && (CATcmd[1] == 'G') && (CATcmd[2] == '0'))
    Command_AG0();

  else if ((CATcmd[0] == 'X') && (CATcmd[1] == 'T') && (CATcmd[2] == '1'))
    3898:	81 33       	cpi	r24, 0x31	; 49
    389a:	09 f0       	breq	.+2      	; 0x389e <serialEvent()+0x338>
    389c:	55 cf       	rjmp	.-342    	; 0x3748 <serialEvent()+0x1e2>
    389e:	73 cf       	rjmp	.-282    	; 0x3786 <serialEvent()+0x220>
/home/jgalera/develop/arduino/usdx/usdx_plus_orange/src/interface/cat.cpp:65
    Command_XT1();

  else if ((CATcmd[0] == 'R') && (CATcmd[1] == 'T') && (CATcmd[2] == '1'))
    38a0:	84 35       	cpi	r24, 0x54	; 84
    38a2:	41 f4       	brne	.+16     	; 0x38b4 <serialEvent()+0x34e>
    38a4:	80 91 9a 05 	lds	r24, 0x059A	; 0x80059a <CATcmd+0x2>
Command_RT1():
/home/jgalera/develop/arduino/usdx/usdx_plus_orange/src/interface/cat.cpp:241
}

void Command_AI() { Serial.print("AI0;"); }
void Command_AG0() { Serial.print("AG0;"); }
void Command_XT1() { Serial.print("XT1;"); }
void Command_RT1() { Serial.print("RT1;"); }
    38a8:	67 ed       	ldi	r22, 0xD7	; 215
    38aa:	72 e0       	ldi	r23, 0x02	; 2
analyseCATcmd():
/home/jgalera/develop/arduino/usdx/usdx_plus_orange/src/interface/cat.cpp:65
    Command_AG0();

  else if ((CATcmd[0] == 'X') && (CATcmd[1] == 'T') && (CATcmd[2] == '1'))
    Command_XT1();

  else if ((CATcmd[0] == 'R') && (CATcmd[1] == 'T') && (CATcmd[2] == '1'))
    38ac:	81 33       	cpi	r24, 0x31	; 49
    38ae:	09 f0       	breq	.+2      	; 0x38b2 <serialEvent()+0x34c>
    38b0:	4b cf       	rjmp	.-362    	; 0x3748 <serialEvent()+0x1e2>
    38b2:	69 cf       	rjmp	.-302    	; 0x3786 <serialEvent()+0x220>
/home/jgalera/develop/arduino/usdx/usdx_plus_orange/src/interface/cat.cpp:68
    Command_RT1();

  else if ((CATcmd[0] == 'R') && (CATcmd[1] == 'C') && (CATcmd[2] == ';'))
    38b4:	83 34       	cpi	r24, 0x43	; 67
    38b6:	b9 f4       	brne	.+46     	; 0x38e6 <serialEvent()+0x380>
    38b8:	80 91 9a 05 	lds	r24, 0x059A	; 0x80059a <CATcmd+0x2>
    38bc:	8b 33       	cpi	r24, 0x3B	; 59
    38be:	09 f0       	breq	.+2      	; 0x38c2 <serialEvent()+0x35c>
    38c0:	43 cf       	rjmp	.-378    	; 0x3748 <serialEvent()+0x1e2>
Command_RC():
/home/jgalera/develop/arduino/usdx/usdx_plus_orange/src/interface/cat.cpp:244
void Command_AG0() { Serial.print("AG0;"); }
void Command_XT1() { Serial.print("XT1;"); }
void Command_RT1() { Serial.print("RT1;"); }

void Command_RC() {
  rit = 0;
    38c2:	10 92 f3 05 	sts	0x05F3, r1	; 0x8005f3 <rit+0x1>
    38c6:	10 92 f2 05 	sts	0x05F2, r1	; 0x8005f2 <rit>
/home/jgalera/develop/arduino/usdx/usdx_plus_orange/src/interface/cat.cpp:245
  Serial.print("RC;");
    38ca:	6c ed       	ldi	r22, 0xDC	; 220
    38cc:	72 e0       	ldi	r23, 0x02	; 2
    38ce:	5b cf       	rjmp	.-330    	; 0x3786 <serialEvent()+0x220>
analyseCATcmd():
/home/jgalera/develop/arduino/usdx/usdx_plus_orange/src/interface/cat.cpp:71
    Command_RT1();

  else if ((CATcmd[0] == 'R') && (CATcmd[1] == 'C') && (CATcmd[2] == ';'))
    Command_RC();

  else if ((CATcmd[0] == 'F') && (CATcmd[1] == 'L') && (CATcmd[2] == '0'))
    38d0:	8c 34       	cpi	r24, 0x4C	; 76
    38d2:	09 f0       	breq	.+2      	; 0x38d6 <serialEvent()+0x370>
    38d4:	39 cf       	rjmp	.-398    	; 0x3748 <serialEvent()+0x1e2>
    38d6:	80 91 9a 05 	lds	r24, 0x059A	; 0x80059a <CATcmd+0x2>
Command_FL0():
/home/jgalera/develop/arduino/usdx/usdx_plus_orange/src/interface/cat.cpp:248
void Command_RC() {
  rit = 0;
  Serial.print("RC;");
}

void Command_FL0() { Serial.print("FL0;"); }
    38da:	60 ee       	ldi	r22, 0xE0	; 224
    38dc:	72 e0       	ldi	r23, 0x02	; 2
analyseCATcmd():
/home/jgalera/develop/arduino/usdx/usdx_plus_orange/src/interface/cat.cpp:71
    Command_RT1();

  else if ((CATcmd[0] == 'R') && (CATcmd[1] == 'C') && (CATcmd[2] == ';'))
    Command_RC();

  else if ((CATcmd[0] == 'F') && (CATcmd[1] == 'L') && (CATcmd[2] == '0'))
    38de:	80 33       	cpi	r24, 0x30	; 48
    38e0:	09 f0       	breq	.+2      	; 0x38e4 <serialEvent()+0x37e>
    38e2:	32 cf       	rjmp	.-412    	; 0x3748 <serialEvent()+0x1e2>
    38e4:	50 cf       	rjmp	.-352    	; 0x3786 <serialEvent()+0x220>
/home/jgalera/develop/arduino/usdx/usdx_plus_orange/src/interface/cat.cpp:74
    Command_FL0();

  else if ((CATcmd[0] == 'R') && (CATcmd[1] == 'S') && (CATcmd[2] == ';'))
    38e6:	83 35       	cpi	r24, 0x53	; 83
    38e8:	09 f0       	breq	.+2      	; 0x38ec <serialEvent()+0x386>
    38ea:	2e cf       	rjmp	.-420    	; 0x3748 <serialEvent()+0x1e2>
    38ec:	80 91 9a 05 	lds	r24, 0x059A	; 0x80059a <CATcmd+0x2>
Command_RS():
/home/jgalera/develop/arduino/usdx/usdx_plus_orange/src/interface/cat.cpp:291
#ifdef TX_ENABLE
  switch_rxtx(1);
#endif
}

void Command_RS() { Serial.print("RS0;"); }
    38f0:	65 ee       	ldi	r22, 0xE5	; 229
    38f2:	72 e0       	ldi	r23, 0x02	; 2
analyseCATcmd():
/home/jgalera/develop/arduino/usdx/usdx_plus_orange/src/interface/cat.cpp:74
    Command_RC();

  else if ((CATcmd[0] == 'F') && (CATcmd[1] == 'L') && (CATcmd[2] == '0'))
    Command_FL0();

  else if ((CATcmd[0] == 'R') && (CATcmd[1] == 'S') && (CATcmd[2] == ';'))
    38f4:	8b 33       	cpi	r24, 0x3B	; 59
    38f6:	09 f0       	breq	.+2      	; 0x38fa <serialEvent()+0x394>
    38f8:	27 cf       	rjmp	.-434    	; 0x3748 <serialEvent()+0x1e2>
    38fa:	45 cf       	rjmp	.-374    	; 0x3786 <serialEvent()+0x220>
/home/jgalera/develop/arduino/usdx/usdx_plus_orange/src/interface/cat.cpp:77
    Command_RS();

  else if ((CATcmd[0] == 'V') && (CATcmd[1] == 'X') && (CATcmd[2] != ';'))
    38fc:	86 35       	cpi	r24, 0x56	; 86
    38fe:	09 f0       	breq	.+2      	; 0x3902 <serialEvent()+0x39c>
    3900:	23 cf       	rjmp	.-442    	; 0x3748 <serialEvent()+0x1e2>
    3902:	80 91 99 05 	lds	r24, 0x0599	; 0x800599 <CATcmd+0x1>
    3906:	88 35       	cpi	r24, 0x58	; 88
    3908:	09 f0       	breq	.+2      	; 0x390c <serialEvent()+0x3a6>
    390a:	1e cf       	rjmp	.-452    	; 0x3748 <serialEvent()+0x1e2>
    390c:	80 91 9a 05 	lds	r24, 0x059A	; 0x80059a <CATcmd+0x2>
    3910:	8b 33       	cpi	r24, 0x3B	; 59
    3912:	09 f4       	brne	.+2      	; 0x3916 <serialEvent()+0x3b0>
    3914:	19 cf       	rjmp	.-462    	; 0x3748 <serialEvent()+0x1e2>
Command_VX():
/home/jgalera/develop/arduino/usdx/usdx_plus_orange/src/interface/cat.cpp:295

void Command_RS() { Serial.print("RS0;"); }

void Command_VX(char mode) {
  char Catbuffer[16];
  sprintf(Catbuffer, "VX%c;", mode);
    3916:	28 2f       	mov	r18, r24
    3918:	08 2e       	mov	r0, r24
    391a:	00 0c       	add	r0, r0
    391c:	33 0b       	sbc	r19, r19
    391e:	3f 93       	push	r19
    3920:	8f 93       	push	r24
    3922:	8a ee       	ldi	r24, 0xEA	; 234
    3924:	92 e0       	ldi	r25, 0x02	; 2
    3926:	9f 93       	push	r25
    3928:	8f 93       	push	r24
    392a:	8e 01       	movw	r16, r28
    392c:	0f 5f       	subi	r16, 0xFF	; 255
    392e:	1f 4f       	sbci	r17, 0xFF	; 255
    3930:	1f 93       	push	r17
    3932:	0f 93       	push	r16
    3934:	0e 94 ed 3a 	call	0x75da	; 0x75da <sprintf>
/home/jgalera/develop/arduino/usdx/usdx_plus_orange/src/interface/cat.cpp:296
  Serial.print(Catbuffer);
    3938:	b8 01       	movw	r22, r16
    393a:	8a e1       	ldi	r24, 0x1A	; 26
    393c:	96 e0       	ldi	r25, 0x06	; 6
    393e:	0e 94 2e 1a 	call	0x345c	; 0x345c <Print::print(char const*)>
    3942:	0f 90       	pop	r0
    3944:	0f 90       	pop	r0
    3946:	0f 90       	pop	r0
    3948:	0f 90       	pop	r0
    394a:	0f 90       	pop	r0
    394c:	0f 90       	pop	r0
    394e:	b0 ce       	rjmp	.-672    	; 0x36b0 <serialEvent()+0x14a>
_Z11serialEventv():
/home/jgalera/develop/arduino/usdx/usdx_plus_orange/src/interface/cat.cpp:135
      interrupts();
#else
      analyseCATcmd();
#endif
      delay(10);
    } else if (cat_ptr > (CATCMD_SIZE - 1)) {
    3950:	80 91 b8 05 	lds	r24, 0x05B8	; 0x8005b8 <cat_ptr>
    3954:	80 32       	cpi	r24, 0x20	; 32
    3956:	08 f4       	brcc	.+2      	; 0x395a <serialEvent()+0x3f4>
    3958:	b1 ce       	rjmp	.-670    	; 0x36bc <serialEvent()+0x156>
/home/jgalera/develop/arduino/usdx/usdx_plus_orange/src/interface/cat.cpp:136
      Serial.print("E;");
    395a:	63 ef       	ldi	r22, 0xF3	; 243
    395c:	72 e0       	ldi	r23, 0x02	; 2
    395e:	8a e1       	ldi	r24, 0x1A	; 26
    3960:	96 e0       	ldi	r25, 0x06	; 6
    3962:	0e 94 2e 1a 	call	0x345c	; 0x345c <Print::print(char const*)>
/home/jgalera/develop/arduino/usdx/usdx_plus_orange/src/interface/cat.cpp:137
      cat_ptr = 0;
    3966:	10 92 b8 05 	sts	0x05B8, r1	; 0x8005b8 <cat_ptr>
    396a:	a8 ce       	rjmp	.-688    	; 0x36bc <serialEvent()+0x156>

0000396c <serialEventRun()>:
_Z14serialEventRunv():
/home/jgalera/.arduino15/packages/MiniCore/hardware/avr/3.1.1/cores/MCUdude_corefiles/HardwareSerial.cpp:67
#endif

void serialEventRun(void)
{
#if defined(HAVE_HWSERIAL0)
  if (Serial0_available && serialEvent && Serial0_available()) serialEvent();
    396c:	0e 94 76 04 	call	0x8ec	; 0x8ec <Serial0_available()>
    3970:	81 11       	cpse	r24, r1
    3972:	0c 94 b3 1a 	jmp	0x3566	; 0x3566 <serialEvent()>
/home/jgalera/.arduino15/packages/MiniCore/hardware/avr/3.1.1/cores/MCUdude_corefiles/HardwareSerial.cpp:78
  if (Serial2_available && serialEvent2 && Serial2_available()) serialEvent2();
#endif
#if defined(HAVE_HWSERIAL3)
  if (Serial3_available && serialEvent3 && Serial3_available()) serialEvent3();
#endif
}
    3976:	08 95       	ret

00003978 <actionCommon(unsigned char, unsigned char*, unsigned char)>:
_Z12actionCommonhPhh():
/home/jgalera/develop/arduino/usdx/usdx_plus_orange/src/core/core.cpp:737
    lcd.print(label);
    lcd.print(F(": "));
  }
}

void actionCommon(uint8_t action, uint8_t *ptr, uint8_t size) {
    3978:	cf 93       	push	r28
    397a:	df 93       	push	r29
    397c:	28 2f       	mov	r18, r24
    397e:	cb 01       	movw	r24, r22
    3980:	60 91 e4 03 	lds	r22, 0x03E4	; 0x8003e4 <eeprom_addr>
    3984:	70 91 e5 03 	lds	r23, 0x03E5	; 0x8003e5 <eeprom_addr+0x1>
    3988:	c4 2f       	mov	r28, r20
    398a:	d0 e0       	ldi	r29, 0x00	; 0
/home/jgalera/develop/arduino/usdx/usdx_plus_orange/src/core/core.cpp:738
  switch (action) {
    398c:	23 30       	cpi	r18, 0x03	; 3
    398e:	79 f0       	breq	.+30     	; 0x39ae <actionCommon(unsigned char, unsigned char*, unsigned char)+0x36>
    3990:	24 30       	cpi	r18, 0x04	; 4
    3992:	89 f0       	breq	.+34     	; 0x39b6 <actionCommon(unsigned char, unsigned char*, unsigned char)+0x3e>
/home/jgalera/develop/arduino/usdx/usdx_plus_orange/src/core/core.cpp:748
    eeprom_write_block((const void *)ptr, (void *)eeprom_addr, size);
    break;
  case SKIP:
    break;
  }
  eeprom_addr += size;
    3994:	40 91 e4 03 	lds	r20, 0x03E4	; 0x8003e4 <eeprom_addr>
    3998:	50 91 e5 03 	lds	r21, 0x03E5	; 0x8003e5 <eeprom_addr+0x1>
    399c:	c4 0f       	add	r28, r20
    399e:	d5 1f       	adc	r29, r21
    39a0:	d0 93 e5 03 	sts	0x03E5, r29	; 0x8003e5 <eeprom_addr+0x1>
    39a4:	c0 93 e4 03 	sts	0x03E4, r28	; 0x8003e4 <eeprom_addr>
/home/jgalera/develop/arduino/usdx/usdx_plus_orange/src/core/core.cpp:749
}
    39a8:	df 91       	pop	r29
    39aa:	cf 91       	pop	r28
    39ac:	08 95       	ret
/home/jgalera/develop/arduino/usdx/usdx_plus_orange/src/core/core.cpp:740
}

void actionCommon(uint8_t action, uint8_t *ptr, uint8_t size) {
  switch (action) {
  case LOAD:
    eeprom_read_block((void *)ptr, (const void *)eeprom_addr, size);
    39ae:	ae 01       	movw	r20, r28
    39b0:	0e 94 bd 36 	call	0x6d7a	; 0x6d7a <eeprom_read_block>
    39b4:	ef cf       	rjmp	.-34     	; 0x3994 <actionCommon(unsigned char, unsigned char*, unsigned char)+0x1c>
/home/jgalera/develop/arduino/usdx/usdx_plus_orange/src/core/core.cpp:743
    break;
  case SAVE:
    eeprom_write_block((const void *)ptr, (void *)eeprom_addr, size);
    39b6:	ae 01       	movw	r20, r28
    39b8:	0e 94 d5 36 	call	0x6daa	; 0x6daa <eeprom_write_block>
    39bc:	eb cf       	rjmp	.-42     	; 0x3994 <actionCommon(unsigned char, unsigned char*, unsigned char)+0x1c>

000039be <void paramAction<unsigned char>(unsigned char, unsigned char volatile&, unsigned char, __FlashStringHelper const*, char const**, long, long, bool) [clone .constprop.15]>:
_Z11paramActionIhEvhRVT_hPK19__FlashStringHelperPPKcllb.constprop.15():
/home/jgalera/develop/arduino/usdx/usdx_plus_orange/src/core/core.h:218
void actionCommon(uint8_t action, uint8_t *ptr, uint8_t size);
int8_t paramAction(uint8_t action, uint8_t id = ALL);

// Template for paramAction (Must remain in header)
template <typename T>
void paramAction(uint8_t action, volatile T &value, uint8_t menuid,
    39be:	4f 92       	push	r4
    39c0:	5f 92       	push	r5
    39c2:	6f 92       	push	r6
    39c4:	7f 92       	push	r7
    39c6:	8f 92       	push	r8
    39c8:	9f 92       	push	r9
    39ca:	af 92       	push	r10
    39cc:	bf 92       	push	r11
    39ce:	cf 92       	push	r12
    39d0:	df 92       	push	r13
    39d2:	ef 92       	push	r14
    39d4:	ff 92       	push	r15
    39d6:	0f 93       	push	r16
    39d8:	1f 93       	push	r17
    39da:	cf 93       	push	r28
    39dc:	df 93       	push	r29
    39de:	cd b7       	in	r28, 0x3d	; 61
    39e0:	de b7       	in	r29, 0x3e	; 62
    39e2:	fb 01       	movw	r30, r22
/home/jgalera/develop/arduino/usdx/usdx_plus_orange/src/core/core.h:221
                 const __FlashStringHelper *label, const char *enumArray[],
                 int32_t _min, int32_t _max, bool continuous) {
  switch (action) {
    39e4:	82 30       	cpi	r24, 0x02	; 2
    39e6:	08 f0       	brcs	.+2      	; 0x39ea <void paramAction<unsigned char>(unsigned char, unsigned char volatile&, unsigned char, __FlashStringHelper const*, char const**, long, long, bool) [clone .constprop.15]+0x2c>
    39e8:	67 c0       	rjmp	.+206    	; 0x3ab8 <void paramAction<unsigned char>(unsigned char, unsigned char volatile&, unsigned char, __FlashStringHelper const*, char const**, long, long, bool) [clone .constprop.15]+0xfa>
/home/jgalera/develop/arduino/usdx/usdx_plus_orange/src/core/core.h:224
  case UPDATE:
  case UPDATE_MENU:
    if (((int32_t)value + encoder_val) < _min)
    39ea:	90 81       	ld	r25, Z
    39ec:	40 90 19 06 	lds	r4, 0x0619	; 0x800619 <encoder_val>
    39f0:	04 2c       	mov	r0, r4
    39f2:	00 0c       	add	r0, r0
    39f4:	55 08       	sbc	r5, r5
    39f6:	66 08       	sbc	r6, r6
    39f8:	77 08       	sbc	r7, r7
    39fa:	49 0e       	add	r4, r25
    39fc:	51 1c       	adc	r5, r1
    39fe:	61 1c       	adc	r6, r1
    3a00:	71 1c       	adc	r7, r1
    3a02:	4c 14       	cp	r4, r12
    3a04:	5d 04       	cpc	r5, r13
    3a06:	6e 04       	cpc	r6, r14
    3a08:	7f 04       	cpc	r7, r15
    3a0a:	7c f5       	brge	.+94     	; 0x3a6a <void paramAction<unsigned char>(unsigned char, unsigned char volatile&, unsigned char, __FlashStringHelper const*, char const**, long, long, bool) [clone .constprop.15]+0xac>
/home/jgalera/develop/arduino/usdx/usdx_plus_orange/src/core/core.h:225
      value = (continuous) ? _max : _min;
    3a0c:	c0 82       	st	Z, r12
    3a0e:	69 01       	movw	r12, r18
    3a10:	f4 2e       	mov	r15, r20
    3a12:	5f 01       	movw	r10, r30
    3a14:	e8 2e       	mov	r14, r24
/home/jgalera/develop/arduino/usdx/usdx_plus_orange/src/core/core.h:230
    else if (((int32_t)value + encoder_val) > _max)
      value = (continuous) ? _min : _max;
    else
      value = (int32_t)value + encoder_val;
    encoder_val = 0;
    3a16:	10 92 19 06 	sts	0x0619, r1	; 0x800619 <encoder_val>
/home/jgalera/develop/arduino/usdx/usdx_plus_orange/src/core/core.h:232

    lcd.noCursor();
    3a1a:	0e 94 7e 11 	call	0x22fc	; 0x22fc <LCD::noCursor() [clone .isra.5]>
/home/jgalera/develop/arduino/usdx/usdx_plus_orange/src/core/core.h:233
    printlabel(action, menuid, label);
    3a1e:	a6 01       	movw	r20, r12
    3a20:	6f 2d       	mov	r22, r15
    3a22:	8e 2d       	mov	r24, r14
    3a24:	0e 94 cd 18 	call	0x319a	; 0x319a <printlabel(unsigned char, unsigned char, __FlashStringHelper const*)>
/home/jgalera/develop/arduino/usdx/usdx_plus_orange/src/core/core.h:237
    if (enumArray == NULL) {
      if ((_min < 0) && (value >= 0))
        lcd.print('+');
      lcd.print(value);
    3a28:	f5 01       	movw	r30, r10
/home/jgalera/develop/arduino/usdx/usdx_plus_orange/src/core/core.h:234
      value = (int32_t)value + encoder_val;
    encoder_val = 0;

    lcd.noCursor();
    printlabel(action, menuid, label);
    if (enumArray == NULL) {
    3a2a:	01 15       	cp	r16, r1
    3a2c:	11 05       	cpc	r17, r1
    3a2e:	b1 f5       	brne	.+108    	; 0x3a9c <void paramAction<unsigned char>(unsigned char, unsigned char volatile&, unsigned char, __FlashStringHelper const*, char const**, long, long, bool) [clone .constprop.15]+0xde>
/home/jgalera/develop/arduino/usdx/usdx_plus_orange/src/core/core.h:237
      if ((_min < 0) && (value >= 0))
        lcd.print('+');
      lcd.print(value);
    3a30:	40 81       	ld	r20, Z
print():
/home/jgalera/.arduino15/packages/MiniCore/hardware/avr/3.1.1/cores/MCUdude_corefiles/Print.cpp:74
  return write(c);
}

size_t Print::print(unsigned char b, int base)
{
  return print((unsigned long) b, base);
    3a32:	50 e0       	ldi	r21, 0x00	; 0
    3a34:	70 e0       	ldi	r23, 0x00	; 0
    3a36:	60 e0       	ldi	r22, 0x00	; 0
/home/jgalera/.arduino15/packages/MiniCore/hardware/avr/3.1.1/cores/MCUdude_corefiles/Print.cpp:106
}

size_t Print::print(unsigned long n, int base)
{
  if (base == 0) return write(n);
  else return printNumber(n, base);
    3a38:	2a e0       	ldi	r18, 0x0A	; 10
    3a3a:	87 eb       	ldi	r24, 0xB7	; 183
    3a3c:	96 e0       	ldi	r25, 0x06	; 6
    3a3e:	0e 94 72 19 	call	0x32e4	; 0x32e4 <Print::printNumber(unsigned long, unsigned char)>
_Z11paramActionIhEvhRVT_hPK19__FlashStringHelperPPKcllb.constprop.15():
/home/jgalera/develop/arduino/usdx/usdx_plus_orange/src/core/core.h:241
    } else {
      lcd.print(enumArray[value]);
    }
    lcd_blanks();
    3a42:	0e 94 c9 18 	call	0x3192	; 0x3192 <lcd_blanks()>
/home/jgalera/develop/arduino/usdx/usdx_plus_orange/src/core/core.h:248
    break;
  default:
    actionCommon(action, (uint8_t *)&value, sizeof(value));
    break;
  }
}
    3a46:	df 91       	pop	r29
    3a48:	cf 91       	pop	r28
    3a4a:	1f 91       	pop	r17
    3a4c:	0f 91       	pop	r16
    3a4e:	ff 90       	pop	r15
    3a50:	ef 90       	pop	r14
    3a52:	df 90       	pop	r13
    3a54:	cf 90       	pop	r12
    3a56:	bf 90       	pop	r11
    3a58:	af 90       	pop	r10
    3a5a:	9f 90       	pop	r9
    3a5c:	8f 90       	pop	r8
    3a5e:	7f 90       	pop	r7
    3a60:	6f 90       	pop	r6
    3a62:	5f 90       	pop	r5
    3a64:	4f 90       	pop	r4
/home/jgalera/develop/arduino/usdx/usdx_plus_orange/src/core/core.h:242
      lcd.print(value);
    } else {
      lcd.print(enumArray[value]);
    }
    lcd_blanks();
    lcd_blanks();
    3a66:	0c 94 c9 18 	jmp	0x3192	; 0x3192 <lcd_blanks()>
/home/jgalera/develop/arduino/usdx/usdx_plus_orange/src/core/core.h:226
  switch (action) {
  case UPDATE:
  case UPDATE_MENU:
    if (((int32_t)value + encoder_val) < _min)
      value = (continuous) ? _max : _min;
    else if (((int32_t)value + encoder_val) > _max)
    3a6a:	90 81       	ld	r25, Z
    3a6c:	c0 90 19 06 	lds	r12, 0x0619	; 0x800619 <encoder_val>
    3a70:	0c 2c       	mov	r0, r12
    3a72:	00 0c       	add	r0, r0
    3a74:	dd 08       	sbc	r13, r13
    3a76:	ee 08       	sbc	r14, r14
    3a78:	ff 08       	sbc	r15, r15
    3a7a:	c9 0e       	add	r12, r25
    3a7c:	d1 1c       	adc	r13, r1
    3a7e:	e1 1c       	adc	r14, r1
    3a80:	f1 1c       	adc	r15, r1
    3a82:	8c 14       	cp	r8, r12
    3a84:	9d 04       	cpc	r9, r13
    3a86:	ae 04       	cpc	r10, r14
    3a88:	bf 04       	cpc	r11, r15
    3a8a:	14 f4       	brge	.+4      	; 0x3a90 <void paramAction<unsigned char>(unsigned char, unsigned char volatile&, unsigned char, __FlashStringHelper const*, char const**, long, long, bool) [clone .constprop.15]+0xd2>
/home/jgalera/develop/arduino/usdx/usdx_plus_orange/src/core/core.h:227
      value = (continuous) ? _min : _max;
    3a8c:	80 82       	st	Z, r8
    3a8e:	bf cf       	rjmp	.-130    	; 0x3a0e <void paramAction<unsigned char>(unsigned char, unsigned char volatile&, unsigned char, __FlashStringHelper const*, char const**, long, long, bool) [clone .constprop.15]+0x50>
/home/jgalera/develop/arduino/usdx/usdx_plus_orange/src/core/core.h:229
    else
      value = (int32_t)value + encoder_val;
    3a90:	50 81       	ld	r21, Z
    3a92:	90 91 19 06 	lds	r25, 0x0619	; 0x800619 <encoder_val>
    3a96:	95 0f       	add	r25, r21
    3a98:	90 83       	st	Z, r25
    3a9a:	b9 cf       	rjmp	.-142    	; 0x3a0e <void paramAction<unsigned char>(unsigned char, unsigned char volatile&, unsigned char, __FlashStringHelper const*, char const**, long, long, bool) [clone .constprop.15]+0x50>
/home/jgalera/develop/arduino/usdx/usdx_plus_orange/src/core/core.h:239
    if (enumArray == NULL) {
      if ((_min < 0) && (value >= 0))
        lcd.print('+');
      lcd.print(value);
    } else {
      lcd.print(enumArray[value]);
    3a9c:	80 81       	ld	r24, Z
    3a9e:	90 e0       	ldi	r25, 0x00	; 0
    3aa0:	88 0f       	add	r24, r24
    3aa2:	99 1f       	adc	r25, r25
    3aa4:	08 0f       	add	r16, r24
    3aa6:	19 1f       	adc	r17, r25
    3aa8:	f8 01       	movw	r30, r16
    3aaa:	60 81       	ld	r22, Z
    3aac:	71 81       	ldd	r23, Z+1	; 0x01
    3aae:	87 eb       	ldi	r24, 0xB7	; 183
    3ab0:	96 e0       	ldi	r25, 0x06	; 6
    3ab2:	0e 94 2e 1a 	call	0x345c	; 0x345c <Print::print(char const*)>
    3ab6:	c5 cf       	rjmp	.-118    	; 0x3a42 <void paramAction<unsigned char>(unsigned char, unsigned char volatile&, unsigned char, __FlashStringHelper const*, char const**, long, long, bool) [clone .constprop.15]+0x84>
/home/jgalera/develop/arduino/usdx/usdx_plus_orange/src/core/core.h:245
    }
    lcd_blanks();
    lcd_blanks();
    break;
  default:
    actionCommon(action, (uint8_t *)&value, sizeof(value));
    3ab8:	41 e0       	ldi	r20, 0x01	; 1
/home/jgalera/develop/arduino/usdx/usdx_plus_orange/src/core/core.h:248
    break;
  }
}
    3aba:	df 91       	pop	r29
    3abc:	cf 91       	pop	r28
    3abe:	1f 91       	pop	r17
    3ac0:	0f 91       	pop	r16
    3ac2:	ff 90       	pop	r15
    3ac4:	ef 90       	pop	r14
    3ac6:	df 90       	pop	r13
    3ac8:	cf 90       	pop	r12
    3aca:	bf 90       	pop	r11
    3acc:	af 90       	pop	r10
    3ace:	9f 90       	pop	r9
    3ad0:	8f 90       	pop	r8
    3ad2:	7f 90       	pop	r7
    3ad4:	6f 90       	pop	r6
    3ad6:	5f 90       	pop	r5
    3ad8:	4f 90       	pop	r4
/home/jgalera/develop/arduino/usdx/usdx_plus_orange/src/core/core.h:245
    }
    lcd_blanks();
    lcd_blanks();
    break;
  default:
    actionCommon(action, (uint8_t *)&value, sizeof(value));
    3ada:	0c 94 bc 1c 	jmp	0x3978	; 0x3978 <actionCommon(unsigned char, unsigned char*, unsigned char)>

00003ade <void paramAction<long>(unsigned char, long volatile&, unsigned char, __FlashStringHelper const*, char const**, long, long, bool) [clone .constprop.14]>:
_Z11paramActionIlEvhRVT_hPK19__FlashStringHelperPPKcllb.constprop.14():
/home/jgalera/develop/arduino/usdx/usdx_plus_orange/src/core/core.h:218
void actionCommon(uint8_t action, uint8_t *ptr, uint8_t size);
int8_t paramAction(uint8_t action, uint8_t id = ALL);

// Template for paramAction (Must remain in header)
template <typename T>
void paramAction(uint8_t action, volatile T &value, uint8_t menuid,
    3ade:	0f 93       	push	r16
    3ae0:	1f 93       	push	r17
    3ae2:	cf 93       	push	r28
    3ae4:	df 93       	push	r29
    3ae6:	eb 01       	movw	r28, r22
/home/jgalera/develop/arduino/usdx/usdx_plus_orange/src/core/core.h:221
                 const __FlashStringHelper *label, const char *enumArray[],
                 int32_t _min, int32_t _max, bool continuous) {
  switch (action) {
    3ae8:	82 30       	cpi	r24, 0x02	; 2
    3aea:	08 f0       	brcs	.+2      	; 0x3aee <void paramAction<long>(unsigned char, long volatile&, unsigned char, __FlashStringHelper const*, char const**, long, long, bool) [clone .constprop.14]+0x10>
    3aec:	58 c0       	rjmp	.+176    	; 0x3b9e <void paramAction<long>(unsigned char, long volatile&, unsigned char, __FlashStringHelper const*, char const**, long, long, bool) [clone .constprop.14]+0xc0>
/home/jgalera/develop/arduino/usdx/usdx_plus_orange/src/core/core.h:224
  case UPDATE:
  case UPDATE_MENU:
    if (((int32_t)value + encoder_val) < _min)
    3aee:	08 81       	ld	r16, Y
    3af0:	19 81       	ldd	r17, Y+1	; 0x01
    3af2:	2a 81       	ldd	r18, Y+2	; 0x02
    3af4:	3b 81       	ldd	r19, Y+3	; 0x03
    3af6:	90 91 19 06 	lds	r25, 0x0619	; 0x800619 <encoder_val>
    3afa:	49 2f       	mov	r20, r25
    3afc:	99 0f       	add	r25, r25
    3afe:	55 0b       	sbc	r21, r21
    3b00:	66 0b       	sbc	r22, r22
    3b02:	77 0b       	sbc	r23, r23
    3b04:	40 0f       	add	r20, r16
    3b06:	51 1f       	adc	r21, r17
    3b08:	62 1f       	adc	r22, r18
    3b0a:	73 1f       	adc	r23, r19
    3b0c:	77 ff       	sbrs	r23, 7
    3b0e:	1f c0       	rjmp	.+62     	; 0x3b4e <void paramAction<long>(unsigned char, long volatile&, unsigned char, __FlashStringHelper const*, char const**, long, long, bool) [clone .constprop.14]+0x70>
/home/jgalera/develop/arduino/usdx/usdx_plus_orange/src/core/core.h:227
      value = (continuous) ? _max : _min;
    else if (((int32_t)value + encoder_val) > _max)
      value = (continuous) ? _min : _max;
    3b10:	18 82       	st	Y, r1
    3b12:	19 82       	std	Y+1, r1	; 0x01
    3b14:	1a 82       	std	Y+2, r1	; 0x02
    3b16:	1b 82       	std	Y+3, r1	; 0x03
    3b18:	18 2f       	mov	r17, r24
/home/jgalera/develop/arduino/usdx/usdx_plus_orange/src/core/core.h:230
    else
      value = (int32_t)value + encoder_val;
    encoder_val = 0;
    3b1a:	10 92 19 06 	sts	0x0619, r1	; 0x800619 <encoder_val>
/home/jgalera/develop/arduino/usdx/usdx_plus_orange/src/core/core.h:232

    lcd.noCursor();
    3b1e:	0e 94 7e 11 	call	0x22fc	; 0x22fc <LCD::noCursor() [clone .isra.5]>
/home/jgalera/develop/arduino/usdx/usdx_plus_orange/src/core/core.h:233
    printlabel(action, menuid, label);
    3b22:	50 e0       	ldi	r21, 0x00	; 0
    3b24:	40 e0       	ldi	r20, 0x00	; 0
    3b26:	60 e0       	ldi	r22, 0x00	; 0
    3b28:	81 2f       	mov	r24, r17
    3b2a:	0e 94 cd 18 	call	0x319a	; 0x319a <printlabel(unsigned char, unsigned char, __FlashStringHelper const*)>
/home/jgalera/develop/arduino/usdx/usdx_plus_orange/src/core/core.h:237
    if (enumArray == NULL) {
      if ((_min < 0) && (value >= 0))
        lcd.print('+');
      lcd.print(value);
    3b2e:	48 81       	ld	r20, Y
    3b30:	59 81       	ldd	r21, Y+1	; 0x01
    3b32:	6a 81       	ldd	r22, Y+2	; 0x02
    3b34:	7b 81       	ldd	r23, Y+3	; 0x03
    3b36:	87 eb       	ldi	r24, 0xB7	; 183
    3b38:	96 e0       	ldi	r25, 0x06	; 6
    3b3a:	0e 94 be 19 	call	0x337c	; 0x337c <Print::print(long, int) [clone .constprop.22]>
/home/jgalera/develop/arduino/usdx/usdx_plus_orange/src/core/core.h:241
    } else {
      lcd.print(enumArray[value]);
    }
    lcd_blanks();
    3b3e:	0e 94 c9 18 	call	0x3192	; 0x3192 <lcd_blanks()>
/home/jgalera/develop/arduino/usdx/usdx_plus_orange/src/core/core.h:248
    break;
  default:
    actionCommon(action, (uint8_t *)&value, sizeof(value));
    break;
  }
}
    3b42:	df 91       	pop	r29
    3b44:	cf 91       	pop	r28
    3b46:	1f 91       	pop	r17
    3b48:	0f 91       	pop	r16
/home/jgalera/develop/arduino/usdx/usdx_plus_orange/src/core/core.h:242
      lcd.print(value);
    } else {
      lcd.print(enumArray[value]);
    }
    lcd_blanks();
    lcd_blanks();
    3b4a:	0c 94 c9 18 	jmp	0x3192	; 0x3192 <lcd_blanks()>
/home/jgalera/develop/arduino/usdx/usdx_plus_orange/src/core/core.h:226
  switch (action) {
  case UPDATE:
  case UPDATE_MENU:
    if (((int32_t)value + encoder_val) < _min)
      value = (continuous) ? _max : _min;
    else if (((int32_t)value + encoder_val) > _max)
    3b4e:	08 81       	ld	r16, Y
    3b50:	19 81       	ldd	r17, Y+1	; 0x01
    3b52:	2a 81       	ldd	r18, Y+2	; 0x02
    3b54:	3b 81       	ldd	r19, Y+3	; 0x03
    3b56:	90 91 19 06 	lds	r25, 0x0619	; 0x800619 <encoder_val>
    3b5a:	49 2f       	mov	r20, r25
    3b5c:	99 0f       	add	r25, r25
    3b5e:	55 0b       	sbc	r21, r21
    3b60:	66 0b       	sbc	r22, r22
    3b62:	77 0b       	sbc	r23, r23
    3b64:	40 0f       	add	r20, r16
    3b66:	51 1f       	adc	r21, r17
    3b68:	62 1f       	adc	r22, r18
    3b6a:	73 1f       	adc	r23, r19
    3b6c:	14 16       	cp	r1, r20
    3b6e:	15 06       	cpc	r1, r21
    3b70:	16 06       	cpc	r1, r22
    3b72:	17 06       	cpc	r1, r23
    3b74:	6c f2       	brlt	.-102    	; 0x3b10 <void paramAction<long>(unsigned char, long volatile&, unsigned char, __FlashStringHelper const*, char const**, long, long, bool) [clone .constprop.14]+0x32>
/home/jgalera/develop/arduino/usdx/usdx_plus_orange/src/core/core.h:229
      value = (continuous) ? _min : _max;
    else
      value = (int32_t)value + encoder_val;
    3b76:	08 81       	ld	r16, Y
    3b78:	19 81       	ldd	r17, Y+1	; 0x01
    3b7a:	2a 81       	ldd	r18, Y+2	; 0x02
    3b7c:	3b 81       	ldd	r19, Y+3	; 0x03
    3b7e:	90 91 19 06 	lds	r25, 0x0619	; 0x800619 <encoder_val>
    3b82:	49 2f       	mov	r20, r25
    3b84:	99 0f       	add	r25, r25
    3b86:	55 0b       	sbc	r21, r21
    3b88:	66 0b       	sbc	r22, r22
    3b8a:	77 0b       	sbc	r23, r23
    3b8c:	40 0f       	add	r20, r16
    3b8e:	51 1f       	adc	r21, r17
    3b90:	62 1f       	adc	r22, r18
    3b92:	73 1f       	adc	r23, r19
    3b94:	48 83       	st	Y, r20
    3b96:	59 83       	std	Y+1, r21	; 0x01
    3b98:	6a 83       	std	Y+2, r22	; 0x02
    3b9a:	7b 83       	std	Y+3, r23	; 0x03
    3b9c:	bd cf       	rjmp	.-134    	; 0x3b18 <void paramAction<long>(unsigned char, long volatile&, unsigned char, __FlashStringHelper const*, char const**, long, long, bool) [clone .constprop.14]+0x3a>
/home/jgalera/develop/arduino/usdx/usdx_plus_orange/src/core/core.h:245
    }
    lcd_blanks();
    lcd_blanks();
    break;
  default:
    actionCommon(action, (uint8_t *)&value, sizeof(value));
    3b9e:	44 e0       	ldi	r20, 0x04	; 4
/home/jgalera/develop/arduino/usdx/usdx_plus_orange/src/core/core.h:248
    break;
  }
}
    3ba0:	df 91       	pop	r29
    3ba2:	cf 91       	pop	r28
    3ba4:	1f 91       	pop	r17
    3ba6:	0f 91       	pop	r16
/home/jgalera/develop/arduino/usdx/usdx_plus_orange/src/core/core.h:245
    }
    lcd_blanks();
    lcd_blanks();
    break;
  default:
    actionCommon(action, (uint8_t *)&value, sizeof(value));
    3ba8:	0c 94 bc 1c 	jmp	0x3978	; 0x3978 <actionCommon(unsigned char, unsigned char*, unsigned char)>

00003bac <paramAction(unsigned char, unsigned char)>:
_Z11paramActionhh():
/home/jgalera/develop/arduino/usdx/usdx_plus_orange/src/core/core.cpp:976
#ifndef NULL
#define NULL 0
#endif

// Re-implemented paramAction dispatcher
int8_t paramAction(uint8_t action, uint8_t id) {
    3bac:	6f 92       	push	r6
    3bae:	7f 92       	push	r7
    3bb0:	8f 92       	push	r8
    3bb2:	9f 92       	push	r9
    3bb4:	af 92       	push	r10
    3bb6:	bf 92       	push	r11
    3bb8:	cf 92       	push	r12
    3bba:	df 92       	push	r13
    3bbc:	ef 92       	push	r14
    3bbe:	ff 92       	push	r15
    3bc0:	0f 93       	push	r16
    3bc2:	1f 93       	push	r17
    3bc4:	cf 93       	push	r28
    3bc6:	df 93       	push	r29
    3bc8:	00 d0       	rcall	.+0      	; 0x3bca <paramAction(unsigned char, unsigned char)+0x1e>
    3bca:	00 d0       	rcall	.+0      	; 0x3bcc <paramAction(unsigned char, unsigned char)+0x20>
    3bcc:	00 d0       	rcall	.+0      	; 0x3bce <paramAction(unsigned char, unsigned char)+0x22>
    3bce:	cd b7       	in	r28, 0x3d	; 61
    3bd0:	de b7       	in	r29, 0x3e	; 62
    3bd2:	78 2e       	mov	r7, r24
    3bd4:	66 2e       	mov	r6, r22
/home/jgalera/develop/arduino/usdx/usdx_plus_orange/src/core/core.cpp:977
  if ((action == SAVE) || (action == LOAD)) {
    3bd6:	ed ef       	ldi	r30, 0xFD	; 253
    3bd8:	be 2e       	mov	r11, r30
    3bda:	b8 0e       	add	r11, r24
/home/jgalera/develop/arduino/usdx/usdx_plus_orange/src/core/core.cpp:978
    eeprom_addr = EEPROM_OFFSET;
    3bdc:	00 e5       	ldi	r16, 0x50	; 80
    3bde:	11 e0       	ldi	r17, 0x01	; 1
/home/jgalera/develop/arduino/usdx/usdx_plus_orange/src/core/core.cpp:1185
    break;
  default:
    if ((action == NEXT_MENU) && (id != N_PARAMS))
      id = paramAction(
          action,
          max(1 /*0*/, min(N_PARAMS, id + ((encoder_val > 0) ? 1 : -1))));
    3be0:	ee 24       	eor	r14, r14
    3be2:	e3 94       	inc	r14
    3be4:	f1 2c       	mov	r15, r1
    3be6:	ac e2       	ldi	r26, 0x2C	; 44
    3be8:	ca 2e       	mov	r12, r26
    3bea:	d1 2c       	mov	r13, r1
/home/jgalera/develop/arduino/usdx/usdx_plus_orange/src/core/core.cpp:977
#define NULL 0
#endif

// Re-implemented paramAction dispatcher
int8_t paramAction(uint8_t action, uint8_t id) {
  if ((action == SAVE) || (action == LOAD)) {
    3bec:	21 e0       	ldi	r18, 0x01	; 1
    3bee:	2b 15       	cp	r18, r11
    3bf0:	70 f0       	brcs	.+28     	; 0x3c0e <paramAction(unsigned char, unsigned char)+0x62>
/home/jgalera/develop/arduino/usdx/usdx_plus_orange/src/core/core.cpp:978
    eeprom_addr = EEPROM_OFFSET;
    3bf2:	10 93 e5 03 	sts	0x03E5, r17	; 0x8003e5 <eeprom_addr+0x1>
    3bf6:	00 93 e4 03 	sts	0x03E4, r16	; 0x8003e4 <eeprom_addr>
/home/jgalera/develop/arduino/usdx/usdx_plus_orange/src/core/core.cpp:979
    for (uint8_t _id = 1; _id < id; _id++)
    3bfa:	aa 24       	eor	r10, r10
    3bfc:	a3 94       	inc	r10
    3bfe:	a6 14       	cp	r10, r6
    3c00:	30 f4       	brcc	.+12     	; 0x3c0e <paramAction(unsigned char, unsigned char)+0x62>
/home/jgalera/develop/arduino/usdx/usdx_plus_orange/src/core/core.cpp:980
      paramAction(SKIP, _id);
    3c02:	6a 2d       	mov	r22, r10
    3c04:	85 e0       	ldi	r24, 0x05	; 5
    3c06:	0e 94 d6 1d 	call	0x3bac	; 0x3bac <paramAction(unsigned char, unsigned char)>
/home/jgalera/develop/arduino/usdx/usdx_plus_orange/src/core/core.cpp:979

// Re-implemented paramAction dispatcher
int8_t paramAction(uint8_t action, uint8_t id) {
  if ((action == SAVE) || (action == LOAD)) {
    eeprom_addr = EEPROM_OFFSET;
    for (uint8_t _id = 1; _id < id; _id++)
    3c0a:	a3 94       	inc	r10
    3c0c:	f8 cf       	rjmp	.-16     	; 0x3bfe <paramAction(unsigned char, unsigned char)+0x52>
/home/jgalera/develop/arduino/usdx/usdx_plus_orange/src/core/core.cpp:982
      paramAction(SKIP, _id);
  }
  if (id == ALL)
    3c0e:	8f ef       	ldi	r24, 0xFF	; 255
    3c10:	68 12       	cpse	r6, r24
    3c12:	1b c0       	rjmp	.+54     	; 0x3c4a <paramAction(unsigned char, unsigned char)+0x9e>
/home/jgalera/develop/arduino/usdx/usdx_plus_orange/src/core/core.cpp:983
    for (id = 1; id != N_ALL_PARAMS + 1; id++)
    3c14:	11 e0       	ldi	r17, 0x01	; 1
/home/jgalera/develop/arduino/usdx/usdx_plus_orange/src/core/core.cpp:984
      paramAction(action, id); // for all parameters
    3c16:	61 2f       	mov	r22, r17
    3c18:	87 2d       	mov	r24, r7
    3c1a:	0e 94 d6 1d 	call	0x3bac	; 0x3bac <paramAction(unsigned char, unsigned char)>
/home/jgalera/develop/arduino/usdx/usdx_plus_orange/src/core/core.cpp:983
    eeprom_addr = EEPROM_OFFSET;
    for (uint8_t _id = 1; _id < id; _id++)
      paramAction(SKIP, _id);
  }
  if (id == ALL)
    for (id = 1; id != N_ALL_PARAMS + 1; id++)
    3c1e:	1f 5f       	subi	r17, 0xFF	; 255
    3c20:	12 33       	cpi	r17, 0x32	; 50
    3c22:	c9 f7       	brne	.-14     	; 0x3c16 <paramAction(unsigned char, unsigned char)+0x6a>
/home/jgalera/develop/arduino/usdx/usdx_plus_orange/src/core/core.cpp:1172
    break;
  case MODEB:
    paramAction(action, vfomode[VFOB], 0, NULL, NULL, 0, 0, false);
    break;
  case VERS:
    paramAction(action, eeprom_version, 0, NULL, NULL, 0, 0, false);
    3c24:	81 2c       	mov	r8, r1
    3c26:	91 2c       	mov	r9, r1
    3c28:	54 01       	movw	r10, r8
    3c2a:	c1 2c       	mov	r12, r1
    3c2c:	d1 2c       	mov	r13, r1
    3c2e:	76 01       	movw	r14, r12
    3c30:	10 e0       	ldi	r17, 0x00	; 0
    3c32:	00 e0       	ldi	r16, 0x00	; 0
    3c34:	30 e0       	ldi	r19, 0x00	; 0
    3c36:	20 e0       	ldi	r18, 0x00	; 0
    3c38:	40 e0       	ldi	r20, 0x00	; 0
    3c3a:	68 ec       	ldi	r22, 0xC8	; 200
    3c3c:	75 e0       	ldi	r23, 0x05	; 5
    3c3e:	87 2d       	mov	r24, r7
    3c40:	0e 94 df 1c 	call	0x39be	; 0x39be <void paramAction<unsigned char>(unsigned char, unsigned char volatile&, unsigned char, __FlashStringHelper const*, char const**, long, long, bool) [clone .constprop.15]>
    3c44:	82 e3       	ldi	r24, 0x32	; 50
    3c46:	68 2e       	mov	r6, r24
    3c48:	af c0       	rjmp	.+350    	; 0x3da8 <paramAction(unsigned char, unsigned char)+0x1fc>
/home/jgalera/develop/arduino/usdx/usdx_plus_orange/src/core/core.cpp:986
  }
  if (id == ALL)
    for (id = 1; id != N_ALL_PARAMS + 1; id++)
      paramAction(action, id); // for all parameters

  switch (id) { // Visible parameters
    3c4a:	92 e3       	ldi	r25, 0x32	; 50
    3c4c:	96 15       	cp	r25, r6
    3c4e:	08 f4       	brcc	.+2      	; 0x3c52 <paramAction(unsigned char, unsigned char)+0xa6>
    3c50:	61 c3       	rjmp	.+1730   	; 0x4314 <paramAction(unsigned char, unsigned char)+0x768>
    3c52:	e6 2d       	mov	r30, r6
    3c54:	f0 e0       	ldi	r31, 0x00	; 0
    3c56:	e1 5d       	subi	r30, 0xD1	; 209
    3c58:	f1 4e       	sbci	r31, 0xE1	; 225
    3c5a:	0c 94 e7 39 	jmp	0x73ce	; 0x73ce <__tablejump2__>
    3c5e:	82 21       	and	r24, r2
    3c60:	62 1e       	adc	r6, r18
    3c62:	c2 1e       	adc	r12, r18
    3c64:	ea 1e       	adc	r14, r26
    3c66:	fa 1e       	adc	r15, r26
    3c68:	0a 1f       	adc	r16, r26
    3c6a:	1a 1f       	adc	r17, r26
    3c6c:	29 1f       	adc	r18, r25
    3c6e:	90 1f       	adc	r25, r16
    3c70:	9f 1f       	adc	r25, r31
    3c72:	af 1f       	adc	r26, r31
    3c74:	bf 1f       	adc	r27, r31
    3c76:	cf 1f       	adc	r28, r31
    3c78:	8a 21       	and	r24, r10
    3c7a:	df 1f       	adc	r29, r31
    3c7c:	8a 21       	and	r24, r10
    3c7e:	8a 21       	and	r24, r10
    3c80:	ee 1f       	adc	r30, r30
    3c82:	fd 1f       	adc	r31, r29
    3c84:	57 20       	and	r5, r7
    3c86:	67 20       	and	r6, r7
    3c88:	76 20       	and	r7, r6
    3c8a:	85 20       	and	r8, r5
    3c8c:	94 20       	and	r9, r4
    3c8e:	8a 21       	and	r24, r10
    3c90:	8a 21       	and	r24, r10
    3c92:	8a 21       	and	r24, r10
    3c94:	8a 21       	and	r24, r10
    3c96:	8a 21       	and	r24, r10
    3c98:	8a 21       	and	r24, r10
    3c9a:	8a 21       	and	r24, r10
    3c9c:	8a 21       	and	r24, r10
    3c9e:	8a 21       	and	r24, r10
    3ca0:	8a 21       	and	r24, r10
    3ca2:	8a 21       	and	r24, r10
    3ca4:	a3 20       	and	r10, r3
    3ca6:	b8 20       	and	r11, r8
    3ca8:	c9 20       	and	r12, r9
    3caa:	3e 21       	and	r19, r14
    3cac:	8a 21       	and	r24, r10
    3cae:	8a 21       	and	r24, r10
    3cb0:	8a 21       	and	r24, r10
    3cb2:	8a 21       	and	r24, r10
    3cb4:	8a 21       	and	r24, r10
    3cb6:	8a 21       	and	r24, r10
    3cb8:	4e 21       	and	r20, r14
    3cba:	5d 21       	and	r21, r13
    3cbc:	63 21       	and	r22, r3
    3cbe:	66 21       	and	r22, r6
    3cc0:	74 21       	and	r23, r4
    3cc2:	12 1e       	adc	r1, r18
paramAction():
/home/jgalera/develop/arduino/usdx/usdx_plus_orange/src/core/core.h:221
// Template for paramAction (Must remain in header)
template <typename T>
void paramAction(uint8_t action, volatile T &value, uint8_t menuid,
                 const __FlashStringHelper *label, const char *enumArray[],
                 int32_t _min, int32_t _max, bool continuous) {
  switch (action) {
    3cc4:	21 e0       	ldi	r18, 0x01	; 1
    3cc6:	27 15       	cp	r18, r7
    3cc8:	08 f4       	brcc	.+2      	; 0x3ccc <paramAction(unsigned char, unsigned char)+0x120>
    3cca:	55 c0       	rjmp	.+170    	; 0x3d76 <paramAction(unsigned char, unsigned char)+0x1ca>
/home/jgalera/develop/arduino/usdx/usdx_plus_orange/src/core/core.h:224
  case UPDATE:
  case UPDATE_MENU:
    if (((int32_t)value + encoder_val) < _min)
    3ccc:	80 91 b3 01 	lds	r24, 0x01B3	; 0x8001b3 <volume>
    3cd0:	40 91 19 06 	lds	r20, 0x0619	; 0x800619 <encoder_val>
    3cd4:	08 2e       	mov	r0, r24
    3cd6:	00 0c       	add	r0, r0
    3cd8:	99 0b       	sbc	r25, r25
    3cda:	aa 0b       	sbc	r26, r26
    3cdc:	bb 0b       	sbc	r27, r27
    3cde:	04 2e       	mov	r0, r20
    3ce0:	00 0c       	add	r0, r0
    3ce2:	55 0b       	sbc	r21, r21
    3ce4:	66 0b       	sbc	r22, r22
    3ce6:	77 0b       	sbc	r23, r23
    3ce8:	84 0f       	add	r24, r20
    3cea:	95 1f       	adc	r25, r21
    3cec:	a6 1f       	adc	r26, r22
    3cee:	b7 1f       	adc	r27, r23
    3cf0:	8f 3f       	cpi	r24, 0xFF	; 255
    3cf2:	9f 4f       	sbci	r25, 0xFF	; 255
    3cf4:	af 4f       	sbci	r26, 0xFF	; 255
    3cf6:	bf 4f       	sbci	r27, 0xFF	; 255
    3cf8:	04 f5       	brge	.+64     	; 0x3d3a <paramAction(unsigned char, unsigned char)+0x18e>
/home/jgalera/develop/arduino/usdx/usdx_plus_orange/src/core/core.h:225
      value = (continuous) ? _max : _min;
    3cfa:	8f ef       	ldi	r24, 0xFF	; 255
/home/jgalera/develop/arduino/usdx/usdx_plus_orange/src/core/core.h:229
    else if (((int32_t)value + encoder_val) > _max)
      value = (continuous) ? _min : _max;
    else
      value = (int32_t)value + encoder_val;
    3cfc:	80 93 b3 01 	sts	0x01B3, r24	; 0x8001b3 <volume>
/home/jgalera/develop/arduino/usdx/usdx_plus_orange/src/core/core.h:230
    encoder_val = 0;
    3d00:	10 92 19 06 	sts	0x0619, r1	; 0x800619 <encoder_val>
/home/jgalera/develop/arduino/usdx/usdx_plus_orange/src/core/core.h:232

    lcd.noCursor();
    3d04:	0e 94 7e 11 	call	0x22fc	; 0x22fc <LCD::noCursor() [clone .isra.5]>
/home/jgalera/develop/arduino/usdx/usdx_plus_orange/src/core/core.h:233
    printlabel(action, menuid, label);
    3d08:	47 e3       	ldi	r20, 0x37	; 55
    3d0a:	51 e0       	ldi	r21, 0x01	; 1
    3d0c:	61 e1       	ldi	r22, 0x11	; 17
    3d0e:	87 2d       	mov	r24, r7
    3d10:	0e 94 cd 18 	call	0x319a	; 0x319a <printlabel(unsigned char, unsigned char, __FlashStringHelper const*)>
/home/jgalera/develop/arduino/usdx/usdx_plus_orange/src/core/core.h:235
    if (enumArray == NULL) {
      if ((_min < 0) && (value >= 0))
    3d14:	80 91 b3 01 	lds	r24, 0x01B3	; 0x8001b3 <volume>
    3d18:	87 fd       	sbrc	r24, 7
    3d1a:	05 c0       	rjmp	.+10     	; 0x3d26 <paramAction(unsigned char, unsigned char)+0x17a>
/home/jgalera/develop/arduino/usdx/usdx_plus_orange/src/core/core.h:236
        lcd.print('+');
    3d1c:	6b e2       	ldi	r22, 0x2B	; 43
    3d1e:	87 eb       	ldi	r24, 0xB7	; 183
    3d20:	96 e0       	ldi	r25, 0x06	; 6
    3d22:	0e 94 05 04 	call	0x80a	; 0x80a <Print::print(char)>
/home/jgalera/develop/arduino/usdx/usdx_plus_orange/src/core/core.h:237
      lcd.print(value);
    3d26:	60 91 b3 01 	lds	r22, 0x01B3	; 0x8001b3 <volume>
    3d2a:	06 2e       	mov	r0, r22
    3d2c:	00 0c       	add	r0, r0
    3d2e:	77 0b       	sbc	r23, r23
    3d30:	87 eb       	ldi	r24, 0xB7	; 183
    3d32:	96 e0       	ldi	r25, 0x06	; 6
    3d34:	0e 94 f0 19 	call	0x33e0	; 0x33e0 <Print::print(int, int) [clone .constprop.21]>
    3d38:	c1 c0       	rjmp	.+386    	; 0x3ebc <paramAction(unsigned char, unsigned char)+0x310>
/home/jgalera/develop/arduino/usdx/usdx_plus_orange/src/core/core.h:226
  switch (action) {
  case UPDATE:
  case UPDATE_MENU:
    if (((int32_t)value + encoder_val) < _min)
      value = (continuous) ? _max : _min;
    else if (((int32_t)value + encoder_val) > _max)
    3d3a:	80 91 b3 01 	lds	r24, 0x01B3	; 0x8001b3 <volume>
    3d3e:	40 91 19 06 	lds	r20, 0x0619	; 0x800619 <encoder_val>
    3d42:	08 2e       	mov	r0, r24
    3d44:	00 0c       	add	r0, r0
    3d46:	99 0b       	sbc	r25, r25
    3d48:	aa 0b       	sbc	r26, r26
    3d4a:	bb 0b       	sbc	r27, r27
    3d4c:	04 2e       	mov	r0, r20
    3d4e:	00 0c       	add	r0, r0
    3d50:	55 0b       	sbc	r21, r21
    3d52:	66 0b       	sbc	r22, r22
    3d54:	77 0b       	sbc	r23, r23
    3d56:	84 0f       	add	r24, r20
    3d58:	95 1f       	adc	r25, r21
    3d5a:	a6 1f       	adc	r26, r22
    3d5c:	b7 1f       	adc	r27, r23
    3d5e:	41 97       	sbiw	r24, 0x11	; 17
    3d60:	a1 05       	cpc	r26, r1
    3d62:	b1 05       	cpc	r27, r1
    3d64:	14 f0       	brlt	.+4      	; 0x3d6a <paramAction(unsigned char, unsigned char)+0x1be>
/home/jgalera/develop/arduino/usdx/usdx_plus_orange/src/core/core.h:227
      value = (continuous) ? _min : _max;
    3d66:	80 e1       	ldi	r24, 0x10	; 16
    3d68:	c9 cf       	rjmp	.-110    	; 0x3cfc <paramAction(unsigned char, unsigned char)+0x150>
/home/jgalera/develop/arduino/usdx/usdx_plus_orange/src/core/core.h:229
    else
      value = (int32_t)value + encoder_val;
    3d6a:	80 91 b3 01 	lds	r24, 0x01B3	; 0x8001b3 <volume>
    3d6e:	90 91 19 06 	lds	r25, 0x0619	; 0x800619 <encoder_val>
    3d72:	89 0f       	add	r24, r25
    3d74:	c3 cf       	rjmp	.-122    	; 0x3cfc <paramAction(unsigned char, unsigned char)+0x150>
/home/jgalera/develop/arduino/usdx/usdx_plus_orange/src/core/core.h:245
    }
    lcd_blanks();
    lcd_blanks();
    break;
  default:
    actionCommon(action, (uint8_t *)&value, sizeof(value));
    3d76:	41 e0       	ldi	r20, 0x01	; 1
    3d78:	63 eb       	ldi	r22, 0xB3	; 179
    3d7a:	71 e0       	ldi	r23, 0x01	; 1
    3d7c:	87 2d       	mov	r24, r7
    3d7e:	0e 94 bc 1c 	call	0x3978	; 0x3978 <actionCommon(unsigned char, unsigned char*, unsigned char)>
    3d82:	12 c0       	rjmp	.+36     	; 0x3da8 <paramAction(unsigned char, unsigned char)+0x1fc>
_Z11paramActionhh():
/home/jgalera/develop/arduino/usdx/usdx_plus_orange/src/core/core.cpp:991
  case VOLUME:
    paramAction(action, volume, 0x11, F("Volume"), NULL, -1, 16, false);
    break;
  case MODE:
    paramAction(action, mode, 0x12, F("Mode"), mode_label, 0,
    3d84:	74 e0       	ldi	r23, 0x04	; 4
    3d86:	87 2e       	mov	r8, r23
    3d88:	91 2c       	mov	r9, r1
    3d8a:	a1 2c       	mov	r10, r1
    3d8c:	b1 2c       	mov	r11, r1
    3d8e:	c1 2c       	mov	r12, r1
    3d90:	d1 2c       	mov	r13, r1
    3d92:	76 01       	movw	r14, r12
    3d94:	03 e7       	ldi	r16, 0x73	; 115
    3d96:	11 e0       	ldi	r17, 0x01	; 1
    3d98:	22 e3       	ldi	r18, 0x32	; 50
    3d9a:	31 e0       	ldi	r19, 0x01	; 1
    3d9c:	42 e1       	ldi	r20, 0x12	; 18
    3d9e:	6d ec       	ldi	r22, 0xCD	; 205
    3da0:	71 e0       	ldi	r23, 0x01	; 1
/home/jgalera/develop/arduino/usdx/usdx_plus_orange/src/core/core.cpp:995
                _N(mode_label) - 1, false);
    break;
  case FILTER:
    paramAction(action, filt, 0x13, F("Filter BW"), filt_label, 0,
    3da2:	87 2d       	mov	r24, r7
    3da4:	0e 94 df 1c 	call	0x39be	; 0x39be <void paramAction<unsigned char>(unsigned char, unsigned char volatile&, unsigned char, __FlashStringHelper const*, char const**, long, long, bool) [clone .constprop.15]>
/home/jgalera/develop/arduino/usdx/usdx_plus_orange/src/core/core.cpp:1189
          action,
          max(1 /*0*/, min(N_PARAMS, id + ((encoder_val > 0) ? 1 : -1))));
    break;
  }
  return id;
}
    3da8:	86 2d       	mov	r24, r6
    3daa:	26 96       	adiw	r28, 0x06	; 6
    3dac:	0f b6       	in	r0, 0x3f	; 63
    3dae:	f8 94       	cli
    3db0:	de bf       	out	0x3e, r29	; 62
    3db2:	0f be       	out	0x3f, r0	; 63
    3db4:	cd bf       	out	0x3d, r28	; 61
    3db6:	df 91       	pop	r29
    3db8:	cf 91       	pop	r28
    3dba:	1f 91       	pop	r17
    3dbc:	0f 91       	pop	r16
    3dbe:	ff 90       	pop	r15
    3dc0:	ef 90       	pop	r14
    3dc2:	df 90       	pop	r13
    3dc4:	cf 90       	pop	r12
    3dc6:	bf 90       	pop	r11
    3dc8:	af 90       	pop	r10
    3dca:	9f 90       	pop	r9
    3dcc:	8f 90       	pop	r8
    3dce:	7f 90       	pop	r7
    3dd0:	6f 90       	pop	r6
    3dd2:	08 95       	ret
/home/jgalera/develop/arduino/usdx/usdx_plus_orange/src/core/core.cpp:995
  case MODE:
    paramAction(action, mode, 0x12, F("Mode"), mode_label, 0,
                _N(mode_label) - 1, false);
    break;
  case FILTER:
    paramAction(action, filt, 0x13, F("Filter BW"), filt_label, 0,
    3dd4:	67 e0       	ldi	r22, 0x07	; 7
    3dd6:	86 2e       	mov	r8, r22
    3dd8:	91 2c       	mov	r9, r1
    3dda:	a1 2c       	mov	r10, r1
    3ddc:	b1 2c       	mov	r11, r1
    3dde:	c1 2c       	mov	r12, r1
    3de0:	d1 2c       	mov	r13, r1
    3de2:	76 01       	movw	r14, r12
    3de4:	05 e5       	ldi	r16, 0x55	; 85
    3de6:	11 e0       	ldi	r17, 0x01	; 1
    3de8:	28 e2       	ldi	r18, 0x28	; 40
    3dea:	31 e0       	ldi	r19, 0x01	; 1
    3dec:	43 e1       	ldi	r20, 0x13	; 19
    3dee:	61 ef       	ldi	r22, 0xF1	; 241
    3df0:	75 e0       	ldi	r23, 0x05	; 5
    3df2:	d7 cf       	rjmp	.-82     	; 0x3da2 <paramAction(unsigned char, unsigned char)+0x1f6>
/home/jgalera/develop/arduino/usdx/usdx_plus_orange/src/core/core.cpp:999
                _N(filt_label) - 1, false);
    break;
  case BAND:
    paramAction(action, bandval, 0x14, F("Band"), band_label, 0,
    3df4:	5a e0       	ldi	r21, 0x0A	; 10
    3df6:	85 2e       	mov	r8, r21
    3df8:	91 2c       	mov	r9, r1
    3dfa:	a1 2c       	mov	r10, r1
    3dfc:	b1 2c       	mov	r11, r1
    3dfe:	c1 2c       	mov	r12, r1
    3e00:	d1 2c       	mov	r13, r1
    3e02:	76 01       	movw	r14, r12
    3e04:	0f e3       	ldi	r16, 0x3F	; 63
    3e06:	11 e0       	ldi	r17, 0x01	; 1
    3e08:	23 e2       	ldi	r18, 0x23	; 35
    3e0a:	31 e0       	ldi	r19, 0x01	; 1
    3e0c:	44 e1       	ldi	r20, 0x14	; 20
    3e0e:	64 eb       	ldi	r22, 0xB4	; 180
    3e10:	71 e0       	ldi	r23, 0x01	; 1
    3e12:	c7 cf       	rjmp	.-114    	; 0x3da2 <paramAction(unsigned char, unsigned char)+0x1f6>
/home/jgalera/develop/arduino/usdx/usdx_plus_orange/src/core/core.cpp:1003
                _N(band_label) - 1, false);
    break;
  case STEP:
    paramAction(action, stepsize, 0x15, F("Tune Rate"), stepsize_label, 0,
    3e14:	49 e0       	ldi	r20, 0x09	; 9
    3e16:	84 2e       	mov	r8, r20
    3e18:	91 2c       	mov	r9, r1
    3e1a:	a1 2c       	mov	r10, r1
    3e1c:	b1 2c       	mov	r11, r1
    3e1e:	c1 2c       	mov	r12, r1
    3e20:	d1 2c       	mov	r13, r1
    3e22:	76 01       	movw	r14, r12
    3e24:	0b e2       	ldi	r16, 0x2B	; 43
    3e26:	11 e0       	ldi	r17, 0x01	; 1
    3e28:	29 e1       	ldi	r18, 0x19	; 25
    3e2a:	31 e0       	ldi	r19, 0x01	; 1
    3e2c:	45 e1       	ldi	r20, 0x15	; 21
    3e2e:	67 ec       	ldi	r22, 0xC7	; 199
    3e30:	71 e0       	ldi	r23, 0x01	; 1
    3e32:	b7 cf       	rjmp	.-146    	; 0x3da2 <paramAction(unsigned char, unsigned char)+0x1f6>
/home/jgalera/develop/arduino/usdx/usdx_plus_orange/src/core/core.cpp:1007
                _N(stepsize_label) - 1, false);
    break;
  case VFOSEL:
    paramAction(action, vfosel, 0x16, F("VFO Mode"), vfosel_label, 0,
    3e34:	81 2c       	mov	r8, r1
    3e36:	91 2c       	mov	r9, r1
    3e38:	54 01       	movw	r10, r8
    3e3a:	83 94       	inc	r8
    3e3c:	c1 2c       	mov	r12, r1
    3e3e:	d1 2c       	mov	r13, r1
    3e40:	76 01       	movw	r14, r12
    3e42:	07 e2       	ldi	r16, 0x27	; 39
    3e44:	11 e0       	ldi	r17, 0x01	; 1
    3e46:	20 e1       	ldi	r18, 0x10	; 16
    3e48:	31 e0       	ldi	r19, 0x01	; 1
    3e4a:	46 e1       	ldi	r20, 0x16	; 22
    3e4c:	60 ef       	ldi	r22, 0xF0	; 240
    3e4e:	75 e0       	ldi	r23, 0x05	; 5
    3e50:	a8 cf       	rjmp	.-176    	; 0x3da2 <paramAction(unsigned char, unsigned char)+0x1f6>
paramAction():
/home/jgalera/develop/arduino/usdx/usdx_plus_orange/src/core/core.h:221
// Template for paramAction (Must remain in header)
template <typename T>
void paramAction(uint8_t action, volatile T &value, uint8_t menuid,
                 const __FlashStringHelper *label, const char *enumArray[],
                 int32_t _min, int32_t _max, bool continuous) {
  switch (action) {
    3e52:	81 e0       	ldi	r24, 0x01	; 1
    3e54:	87 15       	cp	r24, r7
    3e56:	08 f4       	brcc	.+2      	; 0x3e5a <paramAction(unsigned char, unsigned char)+0x2ae>
    3e58:	5f c0       	rjmp	.+190    	; 0x3f18 <paramAction(unsigned char, unsigned char)+0x36c>
/home/jgalera/develop/arduino/usdx/usdx_plus_orange/src/core/core.h:224
  case UPDATE:
  case UPDATE_MENU:
    if (((int32_t)value + encoder_val) < _min)
    3e5a:	80 91 f2 05 	lds	r24, 0x05F2	; 0x8005f2 <rit>
    3e5e:	90 91 f3 05 	lds	r25, 0x05F3	; 0x8005f3 <rit+0x1>
    3e62:	40 91 19 06 	lds	r20, 0x0619	; 0x800619 <encoder_val>
    3e66:	09 2e       	mov	r0, r25
    3e68:	00 0c       	add	r0, r0
    3e6a:	aa 0b       	sbc	r26, r26
    3e6c:	bb 0b       	sbc	r27, r27
    3e6e:	04 2e       	mov	r0, r20
    3e70:	00 0c       	add	r0, r0
    3e72:	55 0b       	sbc	r21, r21
    3e74:	66 0b       	sbc	r22, r22
    3e76:	77 0b       	sbc	r23, r23
    3e78:	84 0f       	add	r24, r20
    3e7a:	95 1f       	adc	r25, r21
    3e7c:	a6 1f       	adc	r26, r22
    3e7e:	b7 1f       	adc	r27, r23
    3e80:	b7 ff       	sbrs	r27, 7
    3e82:	21 c0       	rjmp	.+66     	; 0x3ec6 <paramAction(unsigned char, unsigned char)+0x31a>
/home/jgalera/develop/arduino/usdx/usdx_plus_orange/src/core/core.h:225
      value = (continuous) ? _max : _min;
    3e84:	10 92 f3 05 	sts	0x05F3, r1	; 0x8005f3 <rit+0x1>
    3e88:	10 92 f2 05 	sts	0x05F2, r1	; 0x8005f2 <rit>
/home/jgalera/develop/arduino/usdx/usdx_plus_orange/src/core/core.h:230
    else if (((int32_t)value + encoder_val) > _max)
      value = (continuous) ? _min : _max;
    else
      value = (int32_t)value + encoder_val;
    encoder_val = 0;
    3e8c:	10 92 19 06 	sts	0x0619, r1	; 0x800619 <encoder_val>
/home/jgalera/develop/arduino/usdx/usdx_plus_orange/src/core/core.h:232

    lcd.noCursor();
    3e90:	0e 94 7e 11 	call	0x22fc	; 0x22fc <LCD::noCursor() [clone .isra.5]>
/home/jgalera/develop/arduino/usdx/usdx_plus_orange/src/core/core.h:233
    printlabel(action, menuid, label);
    3e94:	4c e0       	ldi	r20, 0x0C	; 12
    3e96:	51 e0       	ldi	r21, 0x01	; 1
    3e98:	67 e1       	ldi	r22, 0x17	; 23
    3e9a:	87 2d       	mov	r24, r7
    3e9c:	0e 94 cd 18 	call	0x319a	; 0x319a <printlabel(unsigned char, unsigned char, __FlashStringHelper const*)>
/home/jgalera/develop/arduino/usdx/usdx_plus_orange/src/core/core.h:239
    if (enumArray == NULL) {
      if ((_min < 0) && (value >= 0))
        lcd.print('+');
      lcd.print(value);
    } else {
      lcd.print(enumArray[value]);
    3ea0:	e0 91 f2 05 	lds	r30, 0x05F2	; 0x8005f2 <rit>
    3ea4:	f0 91 f3 05 	lds	r31, 0x05F3	; 0x8005f3 <rit+0x1>
    3ea8:	ee 0f       	add	r30, r30
    3eaa:	ff 1f       	adc	r31, r31
    3eac:	ed 5d       	subi	r30, 0xDD	; 221
    3eae:	fe 4f       	sbci	r31, 0xFE	; 254
    3eb0:	60 81       	ld	r22, Z
    3eb2:	71 81       	ldd	r23, Z+1	; 0x01
    3eb4:	87 eb       	ldi	r24, 0xB7	; 183
    3eb6:	96 e0       	ldi	r25, 0x06	; 6
    3eb8:	0e 94 2e 1a 	call	0x345c	; 0x345c <Print::print(char const*)>
/home/jgalera/develop/arduino/usdx/usdx_plus_orange/src/core/core.h:241
    }
    lcd_blanks();
    3ebc:	0e 94 c9 18 	call	0x3192	; 0x3192 <lcd_blanks()>
/home/jgalera/develop/arduino/usdx/usdx_plus_orange/src/core/core.h:242
    lcd_blanks();
    3ec0:	0e 94 c9 18 	call	0x3192	; 0x3192 <lcd_blanks()>
    3ec4:	71 cf       	rjmp	.-286    	; 0x3da8 <paramAction(unsigned char, unsigned char)+0x1fc>
/home/jgalera/develop/arduino/usdx/usdx_plus_orange/src/core/core.h:226
  switch (action) {
  case UPDATE:
  case UPDATE_MENU:
    if (((int32_t)value + encoder_val) < _min)
      value = (continuous) ? _max : _min;
    else if (((int32_t)value + encoder_val) > _max)
    3ec6:	80 91 f2 05 	lds	r24, 0x05F2	; 0x8005f2 <rit>
    3eca:	90 91 f3 05 	lds	r25, 0x05F3	; 0x8005f3 <rit+0x1>
    3ece:	40 91 19 06 	lds	r20, 0x0619	; 0x800619 <encoder_val>
    3ed2:	09 2e       	mov	r0, r25
    3ed4:	00 0c       	add	r0, r0
    3ed6:	aa 0b       	sbc	r26, r26
    3ed8:	bb 0b       	sbc	r27, r27
    3eda:	04 2e       	mov	r0, r20
    3edc:	00 0c       	add	r0, r0
    3ede:	55 0b       	sbc	r21, r21
    3ee0:	66 0b       	sbc	r22, r22
    3ee2:	77 0b       	sbc	r23, r23
    3ee4:	84 0f       	add	r24, r20
    3ee6:	95 1f       	adc	r25, r21
    3ee8:	a6 1f       	adc	r26, r22
    3eea:	b7 1f       	adc	r27, r23
    3eec:	02 97       	sbiw	r24, 0x02	; 2
    3eee:	a1 05       	cpc	r26, r1
    3ef0:	b1 05       	cpc	r27, r1
    3ef2:	3c f0       	brlt	.+14     	; 0x3f02 <paramAction(unsigned char, unsigned char)+0x356>
/home/jgalera/develop/arduino/usdx/usdx_plus_orange/src/core/core.h:227
      value = (continuous) ? _min : _max;
    3ef4:	81 e0       	ldi	r24, 0x01	; 1
    3ef6:	90 e0       	ldi	r25, 0x00	; 0
/home/jgalera/develop/arduino/usdx/usdx_plus_orange/src/core/core.h:229
    else
      value = (int32_t)value + encoder_val;
    3ef8:	90 93 f3 05 	sts	0x05F3, r25	; 0x8005f3 <rit+0x1>
    3efc:	80 93 f2 05 	sts	0x05F2, r24	; 0x8005f2 <rit>
    3f00:	c5 cf       	rjmp	.-118    	; 0x3e8c <paramAction(unsigned char, unsigned char)+0x2e0>
    3f02:	80 91 f2 05 	lds	r24, 0x05F2	; 0x8005f2 <rit>
    3f06:	90 91 f3 05 	lds	r25, 0x05F3	; 0x8005f3 <rit+0x1>
    3f0a:	20 91 19 06 	lds	r18, 0x0619	; 0x800619 <encoder_val>
    3f0e:	82 0f       	add	r24, r18
    3f10:	91 1d       	adc	r25, r1
    3f12:	27 fd       	sbrc	r18, 7
    3f14:	9a 95       	dec	r25
    3f16:	f0 cf       	rjmp	.-32     	; 0x3ef8 <paramAction(unsigned char, unsigned char)+0x34c>
/home/jgalera/develop/arduino/usdx/usdx_plus_orange/src/core/core.h:245
    }
    lcd_blanks();
    lcd_blanks();
    break;
  default:
    actionCommon(action, (uint8_t *)&value, sizeof(value));
    3f18:	42 e0       	ldi	r20, 0x02	; 2
    3f1a:	62 ef       	ldi	r22, 0xF2	; 242
    3f1c:	75 e0       	ldi	r23, 0x05	; 5
    3f1e:	2e cf       	rjmp	.-420    	; 0x3d7c <paramAction(unsigned char, unsigned char)+0x1d0>
_Z11paramActionhh():
/home/jgalera/develop/arduino/usdx/usdx_plus_orange/src/core/core.cpp:1022
    paramAction(action, agc, 0x18, F("AGC"), agc_label, 0, _N(agc_label) - 1,
                false);
    break;
#else
  case AGC:
    paramAction(action, agc, 0x18, F("AGC"), offon_label, 0, 1, false);
    3f20:	81 2c       	mov	r8, r1
    3f22:	91 2c       	mov	r9, r1
    3f24:	54 01       	movw	r10, r8
    3f26:	83 94       	inc	r8
    3f28:	c1 2c       	mov	r12, r1
    3f2a:	d1 2c       	mov	r13, r1
    3f2c:	76 01       	movw	r14, r12
    3f2e:	03 e2       	ldi	r16, 0x23	; 35
    3f30:	11 e0       	ldi	r17, 0x01	; 1
    3f32:	28 e0       	ldi	r18, 0x08	; 8
    3f34:	31 e0       	ldi	r19, 0x01	; 1
    3f36:	48 e1       	ldi	r20, 0x18	; 24
    3f38:	6a e6       	ldi	r22, 0x6A	; 106
    3f3a:	71 e0       	ldi	r23, 0x01	; 1
    3f3c:	32 cf       	rjmp	.-412    	; 0x3da2 <paramAction(unsigned char, unsigned char)+0x1f6>
/home/jgalera/develop/arduino/usdx/usdx_plus_orange/src/core/core.cpp:1026
    break;
#endif
  case NR:
    paramAction(action, nr, 0x19, F("NR"), NULL, 0, 8, false);
    3f3e:	88 e0       	ldi	r24, 0x08	; 8
    3f40:	88 2e       	mov	r8, r24
    3f42:	91 2c       	mov	r9, r1
    3f44:	a1 2c       	mov	r10, r1
    3f46:	b1 2c       	mov	r11, r1
    3f48:	c1 2c       	mov	r12, r1
    3f4a:	d1 2c       	mov	r13, r1
    3f4c:	76 01       	movw	r14, r12
    3f4e:	10 e0       	ldi	r17, 0x00	; 0
    3f50:	00 e0       	ldi	r16, 0x00	; 0
    3f52:	25 e0       	ldi	r18, 0x05	; 5
    3f54:	31 e0       	ldi	r19, 0x01	; 1
    3f56:	49 e1       	ldi	r20, 0x19	; 25
    3f58:	65 ec       	ldi	r22, 0xC5	; 197
    3f5a:	71 e0       	ldi	r23, 0x01	; 1
    3f5c:	22 cf       	rjmp	.-444    	; 0x3da2 <paramAction(unsigned char, unsigned char)+0x1f6>
/home/jgalera/develop/arduino/usdx/usdx_plus_orange/src/core/core.cpp:1029
    break;
  case ATT:
    paramAction(action, att, 0x1A, F("ATT"), att_label, 0, 7, false);
    3f5e:	07 e0       	ldi	r16, 0x07	; 7
    3f60:	80 2e       	mov	r8, r16
    3f62:	91 2c       	mov	r9, r1
    3f64:	a1 2c       	mov	r10, r1
    3f66:	b1 2c       	mov	r11, r1
    3f68:	c1 2c       	mov	r12, r1
    3f6a:	d1 2c       	mov	r13, r1
    3f6c:	76 01       	movw	r14, r12
    3f6e:	03 e1       	ldi	r16, 0x13	; 19
    3f70:	11 e0       	ldi	r17, 0x01	; 1
    3f72:	21 e0       	ldi	r18, 0x01	; 1
    3f74:	31 e0       	ldi	r19, 0x01	; 1
    3f76:	4a e1       	ldi	r20, 0x1A	; 26
    3f78:	6d ee       	ldi	r22, 0xED	; 237
    3f7a:	75 e0       	ldi	r23, 0x05	; 5
    3f7c:	12 cf       	rjmp	.-476    	; 0x3da2 <paramAction(unsigned char, unsigned char)+0x1f6>
/home/jgalera/develop/arduino/usdx/usdx_plus_orange/src/core/core.cpp:1032
    break;
  case ATT2:
    paramAction(action, att2, 0x1B, F("ATT2"), NULL, 0, 16, false);
    3f7e:	10 e1       	ldi	r17, 0x10	; 16
    3f80:	81 2e       	mov	r8, r17
    3f82:	91 2c       	mov	r9, r1
    3f84:	a1 2c       	mov	r10, r1
    3f86:	b1 2c       	mov	r11, r1
    3f88:	c1 2c       	mov	r12, r1
    3f8a:	d1 2c       	mov	r13, r1
    3f8c:	76 01       	movw	r14, r12
    3f8e:	10 e0       	ldi	r17, 0x00	; 0
    3f90:	00 e0       	ldi	r16, 0x00	; 0
    3f92:	2c ef       	ldi	r18, 0xFC	; 252
    3f94:	30 e0       	ldi	r19, 0x00	; 0
    3f96:	4b e1       	ldi	r20, 0x1B	; 27
    3f98:	62 e7       	ldi	r22, 0x72	; 114
    3f9a:	71 e0       	ldi	r23, 0x01	; 1
    3f9c:	02 cf       	rjmp	.-508    	; 0x3da2 <paramAction(unsigned char, unsigned char)+0x1f6>
/home/jgalera/develop/arduino/usdx/usdx_plus_orange/src/core/core.cpp:1035
    break;
  case SMETER:
    paramAction(action, smode, 0x1C, F("S-meter"), smode_label, 0,
    3f9e:	b4 e0       	ldi	r27, 0x04	; 4
    3fa0:	8b 2e       	mov	r8, r27
    3fa2:	91 2c       	mov	r9, r1
    3fa4:	a1 2c       	mov	r10, r1
    3fa6:	b1 2c       	mov	r11, r1
    3fa8:	c1 2c       	mov	r12, r1
    3faa:	d1 2c       	mov	r13, r1
    3fac:	76 01       	movw	r14, r12
    3fae:	09 e0       	ldi	r16, 0x09	; 9
    3fb0:	11 e0       	ldi	r17, 0x01	; 1
    3fb2:	24 ef       	ldi	r18, 0xF4	; 244
    3fb4:	30 e0       	ldi	r19, 0x00	; 0
    3fb6:	4c e1       	ldi	r20, 0x1C	; 28
    3fb8:	6b ec       	ldi	r22, 0xCB	; 203
    3fba:	71 e0       	ldi	r23, 0x01	; 1
    3fbc:	f2 ce       	rjmp	.-540    	; 0x3da2 <paramAction(unsigned char, unsigned char)+0x1f6>
/home/jgalera/develop/arduino/usdx/usdx_plus_orange/src/core/core.cpp:1046
                _N(swr_label) - 1, false);
    break;
#endif
#ifdef CW_DECODER
  case CWDEC:
    paramAction(action, cwdec, 0x21, F("CW Decoder"), offon_label, 0, 1, false);
    3fbe:	81 2c       	mov	r8, r1
    3fc0:	91 2c       	mov	r9, r1
    3fc2:	54 01       	movw	r10, r8
    3fc4:	83 94       	inc	r8
    3fc6:	c1 2c       	mov	r12, r1
    3fc8:	d1 2c       	mov	r13, r1
    3fca:	76 01       	movw	r14, r12
    3fcc:	03 e2       	ldi	r16, 0x23	; 35
    3fce:	11 e0       	ldi	r17, 0x01	; 1
    3fd0:	29 ee       	ldi	r18, 0xE9	; 233
    3fd2:	30 e0       	ldi	r19, 0x00	; 0
    3fd4:	41 e2       	ldi	r20, 0x21	; 33
    3fd6:	6c ec       	ldi	r22, 0xCC	; 204
    3fd8:	71 e0       	ldi	r23, 0x01	; 1
    3fda:	e3 ce       	rjmp	.-570    	; 0x3da2 <paramAction(unsigned char, unsigned char)+0x1f6>
/home/jgalera/develop/arduino/usdx/usdx_plus_orange/src/core/core.cpp:1064
                false);
    break;
#endif
#ifdef SEMI_QSK
  case SEMIQSK:
    paramAction(action, semi_qsk, 0x24, F("Semi QSK"), offon_label, 0, 1,
    3fdc:	81 2c       	mov	r8, r1
    3fde:	91 2c       	mov	r9, r1
    3fe0:	54 01       	movw	r10, r8
    3fe2:	83 94       	inc	r8
    3fe4:	c1 2c       	mov	r12, r1
    3fe6:	d1 2c       	mov	r13, r1
    3fe8:	76 01       	movw	r14, r12
    3fea:	03 e2       	ldi	r16, 0x23	; 35
    3fec:	11 e0       	ldi	r17, 0x01	; 1
    3fee:	20 ee       	ldi	r18, 0xE0	; 224
    3ff0:	30 e0       	ldi	r19, 0x00	; 0
    3ff2:	44 e2       	ldi	r20, 0x24	; 36
    3ff4:	63 ee       	ldi	r22, 0xE3	; 227
    3ff6:	73 e0       	ldi	r23, 0x03	; 3
    3ff8:	d4 ce       	rjmp	.-600    	; 0x3da2 <paramAction(unsigned char, unsigned char)+0x1f6>
paramAction():
/home/jgalera/develop/arduino/usdx/usdx_plus_orange/src/core/core.h:221
// Template for paramAction (Must remain in header)
template <typename T>
void paramAction(uint8_t action, volatile T &value, uint8_t menuid,
                 const __FlashStringHelper *label, const char *enumArray[],
                 int32_t _min, int32_t _max, bool continuous) {
  switch (action) {
    3ffa:	91 e0       	ldi	r25, 0x01	; 1
    3ffc:	97 15       	cp	r25, r7
    3ffe:	08 f4       	brcc	.+2      	; 0x4002 <paramAction(unsigned char, unsigned char)+0x456>
    4000:	52 c0       	rjmp	.+164    	; 0x40a6 <paramAction(unsigned char, unsigned char)+0x4fa>
/home/jgalera/develop/arduino/usdx/usdx_plus_orange/src/core/core.h:224
  case UPDATE:
  case UPDATE_MENU:
    if (((int32_t)value + encoder_val) < _min)
    4002:	80 91 b0 01 	lds	r24, 0x01B0	; 0x8001b0 <keyer_speed>
    4006:	90 91 b1 01 	lds	r25, 0x01B1	; 0x8001b1 <keyer_speed+0x1>
    400a:	40 91 19 06 	lds	r20, 0x0619	; 0x800619 <encoder_val>
    400e:	09 2e       	mov	r0, r25
    4010:	00 0c       	add	r0, r0
    4012:	aa 0b       	sbc	r26, r26
    4014:	bb 0b       	sbc	r27, r27
    4016:	04 2e       	mov	r0, r20
    4018:	00 0c       	add	r0, r0
    401a:	55 0b       	sbc	r21, r21
    401c:	66 0b       	sbc	r22, r22
    401e:	77 0b       	sbc	r23, r23
    4020:	84 0f       	add	r24, r20
    4022:	95 1f       	adc	r25, r21
    4024:	a6 1f       	adc	r26, r22
    4026:	b7 1f       	adc	r27, r23
    4028:	18 16       	cp	r1, r24
    402a:	19 06       	cpc	r1, r25
    402c:	1a 06       	cpc	r1, r26
    402e:	1b 06       	cpc	r1, r27
    4030:	ac f0       	brlt	.+42     	; 0x405c <paramAction(unsigned char, unsigned char)+0x4b0>
/home/jgalera/develop/arduino/usdx/usdx_plus_orange/src/core/core.h:225
      value = (continuous) ? _max : _min;
    4032:	81 e0       	ldi	r24, 0x01	; 1
    4034:	90 e0       	ldi	r25, 0x00	; 0
/home/jgalera/develop/arduino/usdx/usdx_plus_orange/src/core/core.h:229
    else if (((int32_t)value + encoder_val) > _max)
      value = (continuous) ? _min : _max;
    else
      value = (int32_t)value + encoder_val;
    4036:	90 93 b1 01 	sts	0x01B1, r25	; 0x8001b1 <keyer_speed+0x1>
    403a:	80 93 b0 01 	sts	0x01B0, r24	; 0x8001b0 <keyer_speed>
/home/jgalera/develop/arduino/usdx/usdx_plus_orange/src/core/core.h:230
    encoder_val = 0;
    403e:	10 92 19 06 	sts	0x0619, r1	; 0x800619 <encoder_val>
/home/jgalera/develop/arduino/usdx/usdx_plus_orange/src/core/core.h:232

    lcd.noCursor();
    4042:	0e 94 7e 11 	call	0x22fc	; 0x22fc <LCD::noCursor() [clone .isra.5]>
/home/jgalera/develop/arduino/usdx/usdx_plus_orange/src/core/core.h:233
    printlabel(action, menuid, label);
    4046:	44 ed       	ldi	r20, 0xD4	; 212
    4048:	50 e0       	ldi	r21, 0x00	; 0
    404a:	65 e2       	ldi	r22, 0x25	; 37
    404c:	87 2d       	mov	r24, r7
    404e:	0e 94 cd 18 	call	0x319a	; 0x319a <printlabel(unsigned char, unsigned char, __FlashStringHelper const*)>
/home/jgalera/develop/arduino/usdx/usdx_plus_orange/src/core/core.h:237
    if (enumArray == NULL) {
      if ((_min < 0) && (value >= 0))
        lcd.print('+');
      lcd.print(value);
    4052:	60 91 b0 01 	lds	r22, 0x01B0	; 0x8001b0 <keyer_speed>
    4056:	70 91 b1 01 	lds	r23, 0x01B1	; 0x8001b1 <keyer_speed+0x1>
    405a:	6a ce       	rjmp	.-812    	; 0x3d30 <paramAction(unsigned char, unsigned char)+0x184>
/home/jgalera/develop/arduino/usdx/usdx_plus_orange/src/core/core.h:226
  switch (action) {
  case UPDATE:
  case UPDATE_MENU:
    if (((int32_t)value + encoder_val) < _min)
      value = (continuous) ? _max : _min;
    else if (((int32_t)value + encoder_val) > _max)
    405c:	80 91 b0 01 	lds	r24, 0x01B0	; 0x8001b0 <keyer_speed>
    4060:	90 91 b1 01 	lds	r25, 0x01B1	; 0x8001b1 <keyer_speed+0x1>
    4064:	40 91 19 06 	lds	r20, 0x0619	; 0x800619 <encoder_val>
    4068:	09 2e       	mov	r0, r25
    406a:	00 0c       	add	r0, r0
    406c:	aa 0b       	sbc	r26, r26
    406e:	bb 0b       	sbc	r27, r27
    4070:	04 2e       	mov	r0, r20
    4072:	00 0c       	add	r0, r0
    4074:	55 0b       	sbc	r21, r21
    4076:	66 0b       	sbc	r22, r22
    4078:	77 0b       	sbc	r23, r23
    407a:	84 0f       	add	r24, r20
    407c:	95 1f       	adc	r25, r21
    407e:	a6 1f       	adc	r26, r22
    4080:	b7 1f       	adc	r27, r23
    4082:	cd 97       	sbiw	r24, 0x3d	; 61
    4084:	a1 05       	cpc	r26, r1
    4086:	b1 05       	cpc	r27, r1
    4088:	1c f0       	brlt	.+6      	; 0x4090 <paramAction(unsigned char, unsigned char)+0x4e4>
/home/jgalera/develop/arduino/usdx/usdx_plus_orange/src/core/core.h:227
      value = (continuous) ? _min : _max;
    408a:	8c e3       	ldi	r24, 0x3C	; 60
    408c:	90 e0       	ldi	r25, 0x00	; 0
    408e:	d3 cf       	rjmp	.-90     	; 0x4036 <paramAction(unsigned char, unsigned char)+0x48a>
/home/jgalera/develop/arduino/usdx/usdx_plus_orange/src/core/core.h:229
    else
      value = (int32_t)value + encoder_val;
    4090:	80 91 b0 01 	lds	r24, 0x01B0	; 0x8001b0 <keyer_speed>
    4094:	90 91 b1 01 	lds	r25, 0x01B1	; 0x8001b1 <keyer_speed+0x1>
    4098:	20 91 19 06 	lds	r18, 0x0619	; 0x800619 <encoder_val>
    409c:	82 0f       	add	r24, r18
    409e:	91 1d       	adc	r25, r1
    40a0:	27 fd       	sbrc	r18, 7
    40a2:	9a 95       	dec	r25
    40a4:	c8 cf       	rjmp	.-112    	; 0x4036 <paramAction(unsigned char, unsigned char)+0x48a>
/home/jgalera/develop/arduino/usdx/usdx_plus_orange/src/core/core.h:245
    }
    lcd_blanks();
    lcd_blanks();
    break;
  default:
    actionCommon(action, (uint8_t *)&value, sizeof(value));
    40a6:	42 e0       	ldi	r20, 0x02	; 2
    40a8:	60 eb       	ldi	r22, 0xB0	; 176
    40aa:	71 e0       	ldi	r23, 0x01	; 1
    40ac:	67 ce       	rjmp	.-818    	; 0x3d7c <paramAction(unsigned char, unsigned char)+0x1d0>
_Z11paramActionhh():
/home/jgalera/develop/arduino/usdx/usdx_plus_orange/src/core/core.cpp:1076
                false);
    break;
#endif
#ifdef KEYER
  case KEY_MODE:
    paramAction(action, keyer_mode, 0x26, F("Keyer Mode"), keyer_mode_label, 0,
    40ae:	e2 e0       	ldi	r30, 0x02	; 2
    40b0:	8e 2e       	mov	r8, r30
    40b2:	91 2c       	mov	r9, r1
    40b4:	a1 2c       	mov	r10, r1
    40b6:	b1 2c       	mov	r11, r1
    40b8:	c1 2c       	mov	r12, r1
    40ba:	d1 2c       	mov	r13, r1
    40bc:	76 01       	movw	r14, r12
    40be:	03 e0       	ldi	r16, 0x03	; 3
    40c0:	11 e0       	ldi	r17, 0x01	; 1
    40c2:	29 ec       	ldi	r18, 0xC9	; 201
    40c4:	30 e0       	ldi	r19, 0x00	; 0
    40c6:	46 e2       	ldi	r20, 0x26	; 38
    40c8:	6a ec       	ldi	r22, 0xCA	; 202
    40ca:	71 e0       	ldi	r23, 0x01	; 1
    40cc:	6a ce       	rjmp	.-812    	; 0x3da2 <paramAction(unsigned char, unsigned char)+0x1f6>
/home/jgalera/develop/arduino/usdx/usdx_plus_orange/src/core/core.cpp:1080
                2, false);
    break;
  case KEY_PIN:
    paramAction(action, keyer_swap, 0x27, F("Keyer Swap"), offon_label, 0, 1,
    40ce:	81 2c       	mov	r8, r1
    40d0:	91 2c       	mov	r9, r1
    40d2:	54 01       	movw	r10, r8
    40d4:	83 94       	inc	r8
    40d6:	c1 2c       	mov	r12, r1
    40d8:	d1 2c       	mov	r13, r1
    40da:	76 01       	movw	r14, r12
    40dc:	03 e2       	ldi	r16, 0x23	; 35
    40de:	11 e0       	ldi	r17, 0x01	; 1
    40e0:	2e eb       	ldi	r18, 0xBE	; 190
    40e2:	30 e0       	ldi	r19, 0x00	; 0
    40e4:	47 e2       	ldi	r20, 0x27	; 39
    40e6:	67 ef       	ldi	r22, 0xF7	; 247
    40e8:	75 e0       	ldi	r23, 0x05	; 5
    40ea:	5b ce       	rjmp	.-842    	; 0x3da2 <paramAction(unsigned char, unsigned char)+0x1f6>
/home/jgalera/develop/arduino/usdx/usdx_plus_orange/src/core/core.cpp:1085
                false);
    break;
#endif
  case KEY_TX:
    paramAction(action, practice, 0x28, F("Practice"), offon_label, 0, 1,
    40ec:	81 2c       	mov	r8, r1
    40ee:	91 2c       	mov	r9, r1
    40f0:	54 01       	movw	r10, r8
    40f2:	83 94       	inc	r8
    40f4:	c1 2c       	mov	r12, r1
    40f6:	d1 2c       	mov	r13, r1
    40f8:	76 01       	movw	r14, r12
    40fa:	03 e2       	ldi	r16, 0x23	; 35
    40fc:	11 e0       	ldi	r17, 0x01	; 1
    40fe:	25 eb       	ldi	r18, 0xB5	; 181
    4100:	30 e0       	ldi	r19, 0x00	; 0
    4102:	48 e2       	ldi	r20, 0x28	; 40
    4104:	62 ee       	ldi	r22, 0xE2	; 226
    4106:	73 e0       	ldi	r23, 0x03	; 3
    4108:	4c ce       	rjmp	.-872    	; 0x3da2 <paramAction(unsigned char, unsigned char)+0x1f6>
/home/jgalera/develop/arduino/usdx/usdx_plus_orange/src/core/core.cpp:1090
                false);
    break;
#ifdef VOX_ENABLE
  case VOX:
    paramAction(action, vox, 0x31, F("VOX"), offon_label, 0, 1, false);
    410a:	81 2c       	mov	r8, r1
    410c:	91 2c       	mov	r9, r1
    410e:	54 01       	movw	r10, r8
    4110:	83 94       	inc	r8
    4112:	c1 2c       	mov	r12, r1
    4114:	d1 2c       	mov	r13, r1
    4116:	76 01       	movw	r14, r12
    4118:	03 e2       	ldi	r16, 0x23	; 35
    411a:	11 e0       	ldi	r17, 0x01	; 1
    411c:	21 eb       	ldi	r18, 0xB1	; 177
    411e:	30 e0       	ldi	r19, 0x00	; 0
    4120:	41 e3       	ldi	r20, 0x31	; 49
    4122:	6d e0       	ldi	r22, 0x0D	; 13
    4124:	76 e0       	ldi	r23, 0x06	; 6
    4126:	3d ce       	rjmp	.-902    	; 0x3da2 <paramAction(unsigned char, unsigned char)+0x1f6>
/home/jgalera/develop/arduino/usdx/usdx_plus_orange/src/core/core.cpp:1093
    break;
  case VOXGAIN:
    paramAction(action, vox_thresh, 0x32, F("Noise Gate"), NULL, 0, 255, false);
    4128:	81 2c       	mov	r8, r1
    412a:	91 2c       	mov	r9, r1
    412c:	54 01       	movw	r10, r8
    412e:	8a 94       	dec	r8
    4130:	c1 2c       	mov	r12, r1
    4132:	d1 2c       	mov	r13, r1
    4134:	76 01       	movw	r14, r12
    4136:	10 e0       	ldi	r17, 0x00	; 0
    4138:	00 e0       	ldi	r16, 0x00	; 0
    413a:	26 ea       	ldi	r18, 0xA6	; 166
    413c:	30 e0       	ldi	r19, 0x00	; 0
    413e:	42 e3       	ldi	r20, 0x32	; 50
    4140:	6c e6       	ldi	r22, 0x6C	; 108
    4142:	71 e0       	ldi	r23, 0x01	; 1
    4144:	2e ce       	rjmp	.-932    	; 0x3da2 <paramAction(unsigned char, unsigned char)+0x1f6>
/home/jgalera/develop/arduino/usdx/usdx_plus_orange/src/core/core.cpp:1111
    break;
#endif
    /* FT8 block removed to avoid complexity if vars missing - re-enable if
     * needed */
  case PWM_MIN:
    paramAction(action, pwm_min, 0x81, F("PA Bias min"), NULL, 0, pwm_max - 1,
    4146:	80 90 02 01 	lds	r8, 0x0102	; 0x800102 <pwm_max>
    414a:	88 2d       	mov	r24, r8
    414c:	81 50       	subi	r24, 0x01	; 1
    414e:	99 0b       	sbc	r25, r25
    4150:	4c 01       	movw	r8, r24
    4152:	09 2c       	mov	r0, r9
    4154:	00 0c       	add	r0, r0
    4156:	aa 08       	sbc	r10, r10
    4158:	bb 08       	sbc	r11, r11
    415a:	c1 2c       	mov	r12, r1
    415c:	d1 2c       	mov	r13, r1
    415e:	76 01       	movw	r14, r12
    4160:	10 e0       	ldi	r17, 0x00	; 0
    4162:	00 e0       	ldi	r16, 0x00	; 0
    4164:	2a e9       	ldi	r18, 0x9A	; 154
    4166:	30 e0       	ldi	r19, 0x00	; 0
    4168:	41 e8       	ldi	r20, 0x81	; 129
    416a:	61 ee       	ldi	r22, 0xE1	; 225
    416c:	73 e0       	ldi	r23, 0x03	; 3
    416e:	19 ce       	rjmp	.-974    	; 0x3da2 <paramAction(unsigned char, unsigned char)+0x1f6>
/home/jgalera/develop/arduino/usdx/usdx_plus_orange/src/core/core.cpp:1115
                false);
    break;
  case PWM_MAX:
    paramAction(action, pwm_max, 0x82, F("PA Bias max"), NULL, pwm_min, 255,
    4170:	c0 90 e1 03 	lds	r12, 0x03E1	; 0x8003e1 <pwm_min>
    4174:	d1 2c       	mov	r13, r1
    4176:	f1 2c       	mov	r15, r1
    4178:	e1 2c       	mov	r14, r1
    417a:	81 2c       	mov	r8, r1
    417c:	91 2c       	mov	r9, r1
    417e:	54 01       	movw	r10, r8
    4180:	8a 94       	dec	r8
    4182:	10 e0       	ldi	r17, 0x00	; 0
    4184:	00 e0       	ldi	r16, 0x00	; 0
    4186:	2e e8       	ldi	r18, 0x8E	; 142
    4188:	30 e0       	ldi	r19, 0x00	; 0
    418a:	42 e8       	ldi	r20, 0x82	; 130
    418c:	62 e0       	ldi	r22, 0x02	; 2
    418e:	71 e0       	ldi	r23, 0x01	; 1
    4190:	08 ce       	rjmp	.-1008   	; 0x3da2 <paramAction(unsigned char, unsigned char)+0x1f6>
paramAction():
/home/jgalera/develop/arduino/usdx/usdx_plus_orange/src/core/core.h:221
// Template for paramAction (Must remain in header)
template <typename T>
void paramAction(uint8_t action, volatile T &value, uint8_t menuid,
                 const __FlashStringHelper *label, const char *enumArray[],
                 int32_t _min, int32_t _max, bool continuous) {
  switch (action) {
    4192:	91 e0       	ldi	r25, 0x01	; 1
    4194:	97 15       	cp	r25, r7
    4196:	08 f4       	brcc	.+2      	; 0x419a <paramAction(unsigned char, unsigned char)+0x5ee>
    4198:	6d c0       	rjmp	.+218    	; 0x4274 <paramAction(unsigned char, unsigned char)+0x6c8>
/home/jgalera/develop/arduino/usdx/usdx_plus_orange/src/core/core.h:224
  case UPDATE:
  case UPDATE_MENU:
    if (((int32_t)value + encoder_val) < _min)
    419a:	80 91 cf 06 	lds	r24, 0x06CF	; 0x8006cf <si5351+0x13>
    419e:	90 91 d0 06 	lds	r25, 0x06D0	; 0x8006d0 <si5351+0x14>
    41a2:	a0 91 d1 06 	lds	r26, 0x06D1	; 0x8006d1 <si5351+0x15>
    41a6:	b0 91 d2 06 	lds	r27, 0x06D2	; 0x8006d2 <si5351+0x16>
    41aa:	40 91 19 06 	lds	r20, 0x0619	; 0x800619 <encoder_val>
    41ae:	04 2e       	mov	r0, r20
    41b0:	00 0c       	add	r0, r0
    41b2:	55 0b       	sbc	r21, r21
    41b4:	66 0b       	sbc	r22, r22
    41b6:	77 0b       	sbc	r23, r23
    41b8:	84 0f       	add	r24, r20
    41ba:	95 1f       	adc	r25, r21
    41bc:	a6 1f       	adc	r26, r22
    41be:	b7 1f       	adc	r27, r23
    41c0:	80 38       	cpi	r24, 0x80	; 128
    41c2:	9f 49       	sbci	r25, 0x9F	; 159
    41c4:	a5 4d       	sbci	r26, 0xD5	; 213
    41c6:	b1 05       	cpc	r27, r1
    41c8:	24 f5       	brge	.+72     	; 0x4212 <paramAction(unsigned char, unsigned char)+0x666>
/home/jgalera/develop/arduino/usdx/usdx_plus_orange/src/core/core.h:225
      value = (continuous) ? _max : _min;
    41ca:	80 e8       	ldi	r24, 0x80	; 128
    41cc:	9f e9       	ldi	r25, 0x9F	; 159
    41ce:	a5 ed       	ldi	r26, 0xD5	; 213
    41d0:	b0 e0       	ldi	r27, 0x00	; 0
/home/jgalera/develop/arduino/usdx/usdx_plus_orange/src/core/core.h:229
    else if (((int32_t)value + encoder_val) > _max)
      value = (continuous) ? _min : _max;
    else
      value = (int32_t)value + encoder_val;
    41d2:	80 93 cf 06 	sts	0x06CF, r24	; 0x8006cf <si5351+0x13>
    41d6:	90 93 d0 06 	sts	0x06D0, r25	; 0x8006d0 <si5351+0x14>
    41da:	a0 93 d1 06 	sts	0x06D1, r26	; 0x8006d1 <si5351+0x15>
    41de:	b0 93 d2 06 	sts	0x06D2, r27	; 0x8006d2 <si5351+0x16>
/home/jgalera/develop/arduino/usdx/usdx_plus_orange/src/core/core.h:230
    encoder_val = 0;
    41e2:	10 92 19 06 	sts	0x0619, r1	; 0x800619 <encoder_val>
/home/jgalera/develop/arduino/usdx/usdx_plus_orange/src/core/core.h:232

    lcd.noCursor();
    41e6:	0e 94 7e 11 	call	0x22fc	; 0x22fc <LCD::noCursor() [clone .isra.5]>
/home/jgalera/develop/arduino/usdx/usdx_plus_orange/src/core/core.h:233
    printlabel(action, menuid, label);
    41ea:	45 e8       	ldi	r20, 0x85	; 133
    41ec:	50 e0       	ldi	r21, 0x00	; 0
    41ee:	63 e8       	ldi	r22, 0x83	; 131
    41f0:	87 2d       	mov	r24, r7
    41f2:	0e 94 cd 18 	call	0x319a	; 0x319a <printlabel(unsigned char, unsigned char, __FlashStringHelper const*)>
/home/jgalera/develop/arduino/usdx/usdx_plus_orange/src/core/core.h:237
    if (enumArray == NULL) {
      if ((_min < 0) && (value >= 0))
        lcd.print('+');
      lcd.print(value);
    41f6:	40 91 cf 06 	lds	r20, 0x06CF	; 0x8006cf <si5351+0x13>
    41fa:	50 91 d0 06 	lds	r21, 0x06D0	; 0x8006d0 <si5351+0x14>
    41fe:	60 91 d1 06 	lds	r22, 0x06D1	; 0x8006d1 <si5351+0x15>
    4202:	70 91 d2 06 	lds	r23, 0x06D2	; 0x8006d2 <si5351+0x16>
print():
/home/jgalera/.arduino15/packages/MiniCore/hardware/avr/3.1.1/cores/MCUdude_corefiles/Print.cpp:106
    4206:	2a e0       	ldi	r18, 0x0A	; 10
    4208:	87 eb       	ldi	r24, 0xB7	; 183
    420a:	96 e0       	ldi	r25, 0x06	; 6
    420c:	0e 94 72 19 	call	0x32e4	; 0x32e4 <Print::printNumber(unsigned long, unsigned char)>
    4210:	55 ce       	rjmp	.-854    	; 0x3ebc <paramAction(unsigned char, unsigned char)+0x310>
paramAction():
/home/jgalera/develop/arduino/usdx/usdx_plus_orange/src/core/core.h:226
  switch (action) {
  case UPDATE:
  case UPDATE_MENU:
    if (((int32_t)value + encoder_val) < _min)
      value = (continuous) ? _max : _min;
    else if (((int32_t)value + encoder_val) > _max)
    4212:	80 91 cf 06 	lds	r24, 0x06CF	; 0x8006cf <si5351+0x13>
    4216:	90 91 d0 06 	lds	r25, 0x06D0	; 0x8006d0 <si5351+0x14>
    421a:	a0 91 d1 06 	lds	r26, 0x06D1	; 0x8006d1 <si5351+0x15>
    421e:	b0 91 d2 06 	lds	r27, 0x06D2	; 0x8006d2 <si5351+0x16>
    4222:	40 91 19 06 	lds	r20, 0x0619	; 0x800619 <encoder_val>
    4226:	04 2e       	mov	r0, r20
    4228:	00 0c       	add	r0, r0
    422a:	55 0b       	sbc	r21, r21
    422c:	66 0b       	sbc	r22, r22
    422e:	77 0b       	sbc	r23, r23
    4230:	84 0f       	add	r24, r20
    4232:	95 1f       	adc	r25, r21
    4234:	a6 1f       	adc	r26, r22
    4236:	b7 1f       	adc	r27, r23
    4238:	81 30       	cpi	r24, 0x01	; 1
    423a:	9f 43       	sbci	r25, 0x3F	; 63
    423c:	ab 4a       	sbci	r26, 0xAB	; 171
    423e:	b1 40       	sbci	r27, 0x01	; 1
    4240:	2c f0       	brlt	.+10     	; 0x424c <paramAction(unsigned char, unsigned char)+0x6a0>
/home/jgalera/develop/arduino/usdx/usdx_plus_orange/src/core/core.h:227
      value = (continuous) ? _min : _max;
    4242:	80 e0       	ldi	r24, 0x00	; 0
    4244:	9f e3       	ldi	r25, 0x3F	; 63
    4246:	ab ea       	ldi	r26, 0xAB	; 171
    4248:	b1 e0       	ldi	r27, 0x01	; 1
    424a:	c3 cf       	rjmp	.-122    	; 0x41d2 <paramAction(unsigned char, unsigned char)+0x626>
/home/jgalera/develop/arduino/usdx/usdx_plus_orange/src/core/core.h:229
    else
      value = (int32_t)value + encoder_val;
    424c:	80 91 cf 06 	lds	r24, 0x06CF	; 0x8006cf <si5351+0x13>
    4250:	90 91 d0 06 	lds	r25, 0x06D0	; 0x8006d0 <si5351+0x14>
    4254:	a0 91 d1 06 	lds	r26, 0x06D1	; 0x8006d1 <si5351+0x15>
    4258:	b0 91 d2 06 	lds	r27, 0x06D2	; 0x8006d2 <si5351+0x16>
    425c:	40 91 19 06 	lds	r20, 0x0619	; 0x800619 <encoder_val>
    4260:	04 2e       	mov	r0, r20
    4262:	00 0c       	add	r0, r0
    4264:	55 0b       	sbc	r21, r21
    4266:	66 0b       	sbc	r22, r22
    4268:	77 0b       	sbc	r23, r23
    426a:	84 0f       	add	r24, r20
    426c:	95 1f       	adc	r25, r21
    426e:	a6 1f       	adc	r26, r22
    4270:	b7 1f       	adc	r27, r23
    4272:	af cf       	rjmp	.-162    	; 0x41d2 <paramAction(unsigned char, unsigned char)+0x626>
/home/jgalera/develop/arduino/usdx/usdx_plus_orange/src/core/core.h:245
    }
    lcd_blanks();
    lcd_blanks();
    break;
  default:
    actionCommon(action, (uint8_t *)&value, sizeof(value));
    4274:	44 e0       	ldi	r20, 0x04	; 4
    4276:	6f ec       	ldi	r22, 0xCF	; 207
    4278:	76 e0       	ldi	r23, 0x06	; 6
    427a:	80 cd       	rjmp	.-1280   	; 0x3d7c <paramAction(unsigned char, unsigned char)+0x1d0>
_Z11paramActionhh():
/home/jgalera/develop/arduino/usdx/usdx_plus_orange/src/core/core.cpp:1123
  case SIFXTAL:
    paramAction(action, si5351.fxtal, 0x83, F("Ref freq"), NULL, 14000000,
                28000000, false);
    break;
  case IQ_ADJ:
    paramAction(action, rx_ph_q, 0x84, F("IQ Phase"), NULL, 0, 180, false);
    427c:	24 eb       	ldi	r18, 0xB4	; 180
    427e:	82 2e       	mov	r8, r18
    4280:	91 2c       	mov	r9, r1
    4282:	a1 2c       	mov	r10, r1
    4284:	b1 2c       	mov	r11, r1
    4286:	c1 2c       	mov	r12, r1
    4288:	d1 2c       	mov	r13, r1
    428a:	76 01       	movw	r14, r12
    428c:	10 e0       	ldi	r17, 0x00	; 0
    428e:	00 e0       	ldi	r16, 0x00	; 0
    4290:	2c e7       	ldi	r18, 0x7C	; 124
    4292:	30 e0       	ldi	r19, 0x00	; 0
    4294:	44 e8       	ldi	r20, 0x84	; 132
    4296:	6e ea       	ldi	r22, 0xAE	; 174
    4298:	71 e0       	ldi	r23, 0x01	; 1
    429a:	83 cd       	rjmp	.-1274   	; 0x3da2 <paramAction(unsigned char, unsigned char)+0x1f6>
/home/jgalera/develop/arduino/usdx/usdx_plus_orange/src/core/core.cpp:1155
    paramAction(action, param_c, 0x95, F("Param C"), NULL, INT16_MIN, INT16_MAX,
                false);
    break;
#endif
  case BACKL:
    paramAction(action, backlight, 0xA1, F("Backlight"), offon_label, 0, 1,
    429c:	81 2c       	mov	r8, r1
    429e:	91 2c       	mov	r9, r1
    42a0:	54 01       	movw	r10, r8
    42a2:	83 94       	inc	r8
    42a4:	c1 2c       	mov	r12, r1
    42a6:	d1 2c       	mov	r13, r1
    42a8:	76 01       	movw	r14, r12
    42aa:	03 e2       	ldi	r16, 0x23	; 35
    42ac:	11 e0       	ldi	r17, 0x01	; 1
    42ae:	22 e7       	ldi	r18, 0x72	; 114
    42b0:	30 e0       	ldi	r19, 0x00	; 0
    42b2:	41 ea       	ldi	r20, 0xA1	; 161
    42b4:	65 e6       	ldi	r22, 0x65	; 101
    42b6:	71 e0       	ldi	r23, 0x01	; 1
    42b8:	74 cd       	rjmp	.-1304   	; 0x3da2 <paramAction(unsigned char, unsigned char)+0x1f6>
/home/jgalera/develop/arduino/usdx/usdx_plus_orange/src/core/core.cpp:1160
                false);
    break;
  // Invisible parameters
  case FREQA:
    paramAction(action, vfo[VFOA], 0, NULL, NULL, 0, 0, false);
    42ba:	69 eb       	ldi	r22, 0xB9	; 185
    42bc:	71 e0       	ldi	r23, 0x01	; 1
/home/jgalera/develop/arduino/usdx/usdx_plus_orange/src/core/core.cpp:1163
    break;
  case FREQB:
    paramAction(action, vfo[VFOB], 0, NULL, NULL, 0, 0, false);
    42be:	87 2d       	mov	r24, r7
    42c0:	0e 94 6f 1d 	call	0x3ade	; 0x3ade <void paramAction<long>(unsigned char, long volatile&, unsigned char, __FlashStringHelper const*, char const**, long, long, bool) [clone .constprop.14]>
    42c4:	71 cd       	rjmp	.-1310   	; 0x3da8 <paramAction(unsigned char, unsigned char)+0x1fc>
    42c6:	6d eb       	ldi	r22, 0xBD	; 189
    42c8:	71 e0       	ldi	r23, 0x01	; 1
    42ca:	f9 cf       	rjmp	.-14     	; 0x42be <paramAction(unsigned char, unsigned char)+0x712>
/home/jgalera/develop/arduino/usdx/usdx_plus_orange/src/core/core.cpp:1166
    break;
  case MODEA:
    paramAction(action, vfomode[VFOA], 0, NULL, NULL, 0, 0, false);
    42cc:	81 2c       	mov	r8, r1
    42ce:	91 2c       	mov	r9, r1
    42d0:	54 01       	movw	r10, r8
    42d2:	c1 2c       	mov	r12, r1
    42d4:	d1 2c       	mov	r13, r1
    42d6:	76 01       	movw	r14, r12
    42d8:	10 e0       	ldi	r17, 0x00	; 0
    42da:	00 e0       	ldi	r16, 0x00	; 0
    42dc:	30 e0       	ldi	r19, 0x00	; 0
    42de:	20 e0       	ldi	r18, 0x00	; 0
    42e0:	40 e0       	ldi	r20, 0x00	; 0
    42e2:	61 ec       	ldi	r22, 0xC1	; 193
    42e4:	71 e0       	ldi	r23, 0x01	; 1
    42e6:	5d cd       	rjmp	.-1350   	; 0x3da2 <paramAction(unsigned char, unsigned char)+0x1f6>
/home/jgalera/develop/arduino/usdx/usdx_plus_orange/src/core/core.cpp:1169
    break;
  case MODEB:
    paramAction(action, vfomode[VFOB], 0, NULL, NULL, 0, 0, false);
    42e8:	81 2c       	mov	r8, r1
    42ea:	91 2c       	mov	r9, r1
    42ec:	54 01       	movw	r10, r8
    42ee:	c1 2c       	mov	r12, r1
    42f0:	d1 2c       	mov	r13, r1
    42f2:	76 01       	movw	r14, r12
    42f4:	10 e0       	ldi	r17, 0x00	; 0
    42f6:	00 e0       	ldi	r16, 0x00	; 0
    42f8:	30 e0       	ldi	r19, 0x00	; 0
    42fa:	20 e0       	ldi	r18, 0x00	; 0
    42fc:	40 e0       	ldi	r20, 0x00	; 0
    42fe:	62 ec       	ldi	r22, 0xC2	; 194
    4300:	71 e0       	ldi	r23, 0x01	; 1
    4302:	4f cd       	rjmp	.-1378   	; 0x3da2 <paramAction(unsigned char, unsigned char)+0x1f6>
/home/jgalera/develop/arduino/usdx/usdx_plus_orange/src/core/core.cpp:1177
    paramAction(action, eeprom_version, 0, NULL, NULL, 0, 0, false);
    break;

  // Non-parameters
  case _NULL:
    menumode = 0;
    4304:	10 92 06 06 	sts	0x0606, r1	; 0x800606 <menumode>
/home/jgalera/develop/arduino/usdx/usdx_plus_orange/src/core/core.cpp:1178
    show_banner();
    4308:	0e 94 28 19 	call	0x3250	; 0x3250 <show_banner()>
/home/jgalera/develop/arduino/usdx/usdx_plus_orange/src/core/core.cpp:1179
    change = true;
    430c:	81 e0       	ldi	r24, 0x01	; 1
    430e:	80 93 c6 01 	sts	0x01C6, r24	; 0x8001c6 <change>
    4312:	4a cd       	rjmp	.-1388   	; 0x3da8 <paramAction(unsigned char, unsigned char)+0x1fc>
/home/jgalera/develop/arduino/usdx/usdx_plus_orange/src/core/core.cpp:1182
    break;
  default:
    if ((action == NEXT_MENU) && (id != N_PARAMS))
    4314:	82 e0       	ldi	r24, 0x02	; 2
    4316:	78 12       	cpse	r7, r24
    4318:	47 cd       	rjmp	.-1394   	; 0x3da8 <paramAction(unsigned char, unsigned char)+0x1fc>
    431a:	9c e2       	ldi	r25, 0x2C	; 44
    431c:	69 16       	cp	r6, r25
    431e:	09 f4       	brne	.+2      	; 0x4322 <paramAction(unsigned char, unsigned char)+0x776>
    4320:	43 cd       	rjmp	.-1402   	; 0x3da8 <paramAction(unsigned char, unsigned char)+0x1fc>
/home/jgalera/develop/arduino/usdx/usdx_plus_orange/src/core/core.cpp:1185
      id = paramAction(
          action,
          max(1 /*0*/, min(N_PARAMS, id + ((encoder_val > 0) ? 1 : -1))));
    4322:	80 91 19 06 	lds	r24, 0x0619	; 0x800619 <encoder_val>
    4326:	18 16       	cp	r1, r24
    4328:	b4 f0       	brlt	.+44     	; 0x4356 <paramAction(unsigned char, unsigned char)+0x7aa>
    432a:	8f ef       	ldi	r24, 0xFF	; 255
    432c:	9f ef       	ldi	r25, 0xFF	; 255
    432e:	86 0d       	add	r24, r6
    4330:	91 1d       	adc	r25, r1
    4332:	9e 83       	std	Y+6, r25	; 0x06
    4334:	8d 83       	std	Y+5, r24	; 0x05
    4336:	dc 82       	std	Y+4, r13	; 0x04
    4338:	cb 82       	std	Y+3, r12	; 0x03
/home/jgalera/.arduino15/packages/MiniCore/hardware/avr/3.1.1/cores/MCUdude_corefiles/Arduino.h:315
    433a:	fe 01       	movw	r30, r28
_Z3minIiiEDTqultfp0_fp_fp0_fp_ERKT_RKT0_():
    433c:	8c 97       	sbiw	r24, 0x2c	; 44
    433e:	74 f0       	brlt	.+28     	; 0x435c <paramAction(unsigned char, unsigned char)+0x7b0>
_Z11paramActionhh():
    4340:	33 96       	adiw	r30, 0x03	; 3
/home/jgalera/develop/arduino/usdx/usdx_plus_orange/src/core/core.cpp:1185
    4342:	fa 82       	std	Y+2, r15	; 0x02
    4344:	e9 82       	std	Y+1, r14	; 0x01
_Z3maxIiiEDTqultfp0_fp_fp0_fp_ERKT_RKT0_():
/home/jgalera/.arduino15/packages/MiniCore/hardware/avr/3.1.1/cores/MCUdude_corefiles/Arduino.h:320
	}

	template<class T, class L>
	auto max(const T& a, const L& b) -> decltype((b < a) ? b : a) {
		return (a < b) ? b : a;
    4346:	80 81       	ld	r24, Z
    4348:	91 81       	ldd	r25, Z+1	; 0x01
    434a:	02 97       	sbiw	r24, 0x02	; 2
    434c:	14 f4       	brge	.+4      	; 0x4352 <paramAction(unsigned char, unsigned char)+0x7a6>
_Z11paramActionhh():
    434e:	fe 01       	movw	r30, r28
    4350:	31 96       	adiw	r30, 0x01	; 1
/home/jgalera/develop/arduino/usdx/usdx_plus_orange/src/core/core.cpp:1183
    show_banner();
    change = true;
    break;
  default:
    if ((action == NEXT_MENU) && (id != N_PARAMS))
      id = paramAction(
    4352:	60 80       	ld	r6, Z
    4354:	4b cc       	rjmp	.-1898   	; 0x3bec <paramAction(unsigned char, unsigned char)+0x40>
/home/jgalera/develop/arduino/usdx/usdx_plus_orange/src/core/core.cpp:1185
          action,
          max(1 /*0*/, min(N_PARAMS, id + ((encoder_val > 0) ? 1 : -1))));
    4356:	81 e0       	ldi	r24, 0x01	; 1
    4358:	90 e0       	ldi	r25, 0x00	; 0
    435a:	e9 cf       	rjmp	.-46     	; 0x432e <paramAction(unsigned char, unsigned char)+0x782>
/home/jgalera/.arduino15/packages/MiniCore/hardware/avr/3.1.1/cores/MCUdude_corefiles/Arduino.h:315
		return x > 0 ? x : -x;
	}

	template<class T, class L>
	auto min(const T& a, const L& b) -> decltype((b < a) ? b : a) {
		return (b < a) ? b : a;
    435c:	35 96       	adiw	r30, 0x05	; 5
    435e:	f1 cf       	rjmp	.-30     	; 0x4342 <paramAction(unsigned char, unsigned char)+0x796>

00004360 <EEPROMClass::read(int) [clone .isra.0]>:
_ZN11EEPROMClass4readEi.isra.0():
/home/jgalera/.arduino15/packages/MiniCore/hardware/avr/3.1.1/libraries/EEPROM/src/EEPROM.h:42

    EERef( const int index )
        : index( index )                 {}
    
    //Access/read members.
    uint8_t operator*() const            { return eeprom_read_byte( (uint8_t*) index ); }
    4360:	0c 94 cd 36 	jmp	0x6d9a	; 0x6d9a <eeprom_read_byte>

00004364 <__vector_16>:
__vector_16():
/home/jgalera/.arduino15/packages/MiniCore/hardware/avr/3.1.1/cores/MCUdude_corefiles/wiring.c:159
#if defined(__AVR_ATtiny24__) || defined(__AVR_ATtiny44__) || defined(__AVR_ATtiny84__)
ISR(TIM0_OVF_vect)
#else
ISR(TIMER0_OVF_vect)
#endif
{
    4364:	1f 92       	push	r1
    4366:	0f 92       	push	r0
    4368:	0f b6       	in	r0, 0x3f	; 63
    436a:	0f 92       	push	r0
    436c:	11 24       	eor	r1, r1
    436e:	2f 93       	push	r18
    4370:	3f 93       	push	r19
    4372:	8f 93       	push	r24
    4374:	9f 93       	push	r25
    4376:	af 93       	push	r26
    4378:	bf 93       	push	r27
/home/jgalera/.arduino15/packages/MiniCore/hardware/avr/3.1.1/cores/MCUdude_corefiles/wiring.c:167
  static unsigned char timer0_exact = 0;
#endif

  // copy these to local variables so they can be stored in registers
  // (volatile variables must be read from memory on every access, so this saves time)
  unsigned long m = timer0_millis;
    437a:	80 91 0f 06 	lds	r24, 0x060F	; 0x80060f <timer0_millis>
    437e:	90 91 10 06 	lds	r25, 0x0610	; 0x800610 <timer0_millis+0x1>
    4382:	a0 91 11 06 	lds	r26, 0x0611	; 0x800611 <timer0_millis+0x2>
    4386:	b0 91 12 06 	lds	r27, 0x0612	; 0x800612 <timer0_millis+0x3>
/home/jgalera/.arduino15/packages/MiniCore/hardware/avr/3.1.1/cores/MCUdude_corefiles/wiring.c:168
  unsigned char f = timer0_fract;
    438a:	30 91 0e 06 	lds	r19, 0x060E	; 0x80060e <timer0_fract>
/home/jgalera/.arduino15/packages/MiniCore/hardware/avr/3.1.1/cores/MCUdude_corefiles/wiring.c:170

  f += FRACT_INC FRACT_INC_PLUS;
    438e:	23 e0       	ldi	r18, 0x03	; 3
    4390:	23 0f       	add	r18, r19
/home/jgalera/.arduino15/packages/MiniCore/hardware/avr/3.1.1/cores/MCUdude_corefiles/wiring.c:200
    ++f;
  }
#endif
#endif // CORRECT_EXACT_MILLIS

  if (f >= FRACT_MAX) {
    4392:	2d 37       	cpi	r18, 0x7D	; 125
    4394:	68 f1       	brcs	.+90     	; 0x43f0 <__vector_16+0x8c>
/home/jgalera/.arduino15/packages/MiniCore/hardware/avr/3.1.1/cores/MCUdude_corefiles/wiring.c:201
    f -= FRACT_MAX;
    4396:	26 e8       	ldi	r18, 0x86	; 134
    4398:	23 0f       	add	r18, r19
/home/jgalera/.arduino15/packages/MiniCore/hardware/avr/3.1.1/cores/MCUdude_corefiles/wiring.c:202
    m += MILLIS_INC + 1;
    439a:	02 96       	adiw	r24, 0x02	; 2
    439c:	a1 1d       	adc	r26, r1
    439e:	b1 1d       	adc	r27, r1
/home/jgalera/.arduino15/packages/MiniCore/hardware/avr/3.1.1/cores/MCUdude_corefiles/wiring.c:208
  }
  else {
    m += MILLIS_INC;
  }

  timer0_fract = f;
    43a0:	20 93 0e 06 	sts	0x060E, r18	; 0x80060e <timer0_fract>
/home/jgalera/.arduino15/packages/MiniCore/hardware/avr/3.1.1/cores/MCUdude_corefiles/wiring.c:209
  timer0_millis = m;
    43a4:	80 93 0f 06 	sts	0x060F, r24	; 0x80060f <timer0_millis>
    43a8:	90 93 10 06 	sts	0x0610, r25	; 0x800610 <timer0_millis+0x1>
    43ac:	a0 93 11 06 	sts	0x0611, r26	; 0x800611 <timer0_millis+0x2>
    43b0:	b0 93 12 06 	sts	0x0612, r27	; 0x800612 <timer0_millis+0x3>
/home/jgalera/.arduino15/packages/MiniCore/hardware/avr/3.1.1/cores/MCUdude_corefiles/wiring.c:211
#ifndef CORRECT_EXACT_MICROS
  timer0_overflow_count++;
    43b4:	80 91 13 06 	lds	r24, 0x0613	; 0x800613 <timer0_overflow_count>
    43b8:	90 91 14 06 	lds	r25, 0x0614	; 0x800614 <timer0_overflow_count+0x1>
    43bc:	a0 91 15 06 	lds	r26, 0x0615	; 0x800615 <timer0_overflow_count+0x2>
    43c0:	b0 91 16 06 	lds	r27, 0x0616	; 0x800616 <timer0_overflow_count+0x3>
    43c4:	01 96       	adiw	r24, 0x01	; 1
    43c6:	a1 1d       	adc	r26, r1
    43c8:	b1 1d       	adc	r27, r1
    43ca:	80 93 13 06 	sts	0x0613, r24	; 0x800613 <timer0_overflow_count>
    43ce:	90 93 14 06 	sts	0x0614, r25	; 0x800614 <timer0_overflow_count+0x1>
    43d2:	a0 93 15 06 	sts	0x0615, r26	; 0x800615 <timer0_overflow_count+0x2>
    43d6:	b0 93 16 06 	sts	0x0616, r27	; 0x800616 <timer0_overflow_count+0x3>
/home/jgalera/.arduino15/packages/MiniCore/hardware/avr/3.1.1/cores/MCUdude_corefiles/wiring.c:213
#endif
}
    43da:	bf 91       	pop	r27
    43dc:	af 91       	pop	r26
    43de:	9f 91       	pop	r25
    43e0:	8f 91       	pop	r24
    43e2:	3f 91       	pop	r19
    43e4:	2f 91       	pop	r18
    43e6:	0f 90       	pop	r0
    43e8:	0f be       	out	0x3f, r0	; 63
    43ea:	0f 90       	pop	r0
    43ec:	1f 90       	pop	r1
    43ee:	18 95       	reti
/home/jgalera/.arduino15/packages/MiniCore/hardware/avr/3.1.1/cores/MCUdude_corefiles/wiring.c:205
  if (f >= FRACT_MAX) {
    f -= FRACT_MAX;
    m += MILLIS_INC + 1;
  }
  else {
    m += MILLIS_INC;
    43f0:	01 96       	adiw	r24, 0x01	; 1
    43f2:	a1 1d       	adc	r26, r1
    43f4:	b1 1d       	adc	r27, r1
    43f6:	d4 cf       	rjmp	.-88     	; 0x43a0 <__vector_16+0x3c>

000043f8 <__vector_19>:
__vector_19():
/home/jgalera/.arduino15/packages/MiniCore/hardware/avr/3.1.1/cores/MCUdude_corefiles/HardwareSerial0.cpp:63
#elif defined(USART0_UDRE_vect)
ISR(USART0_UDRE_vect)
#else
  #error "Don't know what the Data Register Empty vector is called for Serial"
#endif
{
    43f8:	1f 92       	push	r1
    43fa:	0f 92       	push	r0
    43fc:	0f b6       	in	r0, 0x3f	; 63
    43fe:	0f 92       	push	r0
    4400:	11 24       	eor	r1, r1
    4402:	2f 93       	push	r18
    4404:	3f 93       	push	r19
    4406:	4f 93       	push	r20
    4408:	5f 93       	push	r21
    440a:	6f 93       	push	r22
    440c:	7f 93       	push	r23
    440e:	8f 93       	push	r24
    4410:	9f 93       	push	r25
    4412:	af 93       	push	r26
    4414:	bf 93       	push	r27
    4416:	ef 93       	push	r30
    4418:	ff 93       	push	r31
/home/jgalera/.arduino15/packages/MiniCore/hardware/avr/3.1.1/cores/MCUdude_corefiles/HardwareSerial0.cpp:64
  Serial._tx_udr_empty_irq();
    441a:	8a e1       	ldi	r24, 0x1A	; 26
    441c:	96 e0       	ldi	r25, 0x06	; 6
    441e:	0e 94 80 04 	call	0x900	; 0x900 <HardwareSerial::_tx_udr_empty_irq()>
/home/jgalera/.arduino15/packages/MiniCore/hardware/avr/3.1.1/cores/MCUdude_corefiles/HardwareSerial0.cpp:65
}
    4422:	ff 91       	pop	r31
    4424:	ef 91       	pop	r30
    4426:	bf 91       	pop	r27
    4428:	af 91       	pop	r26
    442a:	9f 91       	pop	r25
    442c:	8f 91       	pop	r24
    442e:	7f 91       	pop	r23
    4430:	6f 91       	pop	r22
    4432:	5f 91       	pop	r21
    4434:	4f 91       	pop	r20
    4436:	3f 91       	pop	r19
    4438:	2f 91       	pop	r18
    443a:	0f 90       	pop	r0
    443c:	0f be       	out	0x3f, r0	; 63
    443e:	0f 90       	pop	r0
    4440:	1f 90       	pop	r1
    4442:	18 95       	reti

00004444 <__vector_18>:
__vector_18():
/home/jgalera/.arduino15/packages/MiniCore/hardware/avr/3.1.1/cores/MCUdude_corefiles/HardwareSerial0.cpp:50
#elif defined(USART_RX_vect)
  ISR(USART_RX_vect)
#else
  #error "Don't know what the Data Received vector is called for Serial"
#endif
  {
    4444:	1f 92       	push	r1
    4446:	0f 92       	push	r0
    4448:	0f b6       	in	r0, 0x3f	; 63
    444a:	0f 92       	push	r0
    444c:	11 24       	eor	r1, r1
    444e:	2f 93       	push	r18
    4450:	8f 93       	push	r24
    4452:	9f 93       	push	r25
    4454:	ef 93       	push	r30
    4456:	ff 93       	push	r31
_rx_complete_irq():
/home/jgalera/.arduino15/packages/MiniCore/hardware/avr/3.1.1/cores/MCUdude_corefiles/HardwareSerial_private.h:100

// Actual interrupt handlers //////////////////////////////////////////////////////////////

void HardwareSerial::_rx_complete_irq(void)
{
  if (bit_is_clear(*_ucsra, UPE0)) {
    4458:	e0 91 2a 06 	lds	r30, 0x062A	; 0x80062a <Serial+0x10>
    445c:	f0 91 2b 06 	lds	r31, 0x062B	; 0x80062b <Serial+0x11>
    4460:	80 81       	ld	r24, Z
    4462:	e0 91 30 06 	lds	r30, 0x0630	; 0x800630 <Serial+0x16>
    4466:	f0 91 31 06 	lds	r31, 0x0631	; 0x800631 <Serial+0x17>
    446a:	82 fd       	sbrc	r24, 2
    446c:	1b c0       	rjmp	.+54     	; 0x44a4 <__vector_18+0x60>
/home/jgalera/.arduino15/packages/MiniCore/hardware/avr/3.1.1/cores/MCUdude_corefiles/HardwareSerial_private.h:103
    // No Parity error, read byte and store it in the buffer if there is
    // room
    unsigned char c = *_udr;
    446e:	90 81       	ld	r25, Z
/home/jgalera/.arduino15/packages/MiniCore/hardware/avr/3.1.1/cores/MCUdude_corefiles/HardwareSerial_private.h:104
    rx_buffer_index_t i = (unsigned int)(_rx_buffer_head + 1) % SERIAL_RX_BUFFER_SIZE;
    4470:	80 91 33 06 	lds	r24, 0x0633	; 0x800633 <Serial+0x19>
    4474:	8f 5f       	subi	r24, 0xFF	; 255
    4476:	8f 73       	andi	r24, 0x3F	; 63
/home/jgalera/.arduino15/packages/MiniCore/hardware/avr/3.1.1/cores/MCUdude_corefiles/HardwareSerial_private.h:110

    // if we should be storing the received character into the location
    // just before the tail (meaning that the head would advance to the
    // current location of the tail), we're about to overflow the buffer
    // and so we don't write the character or advance the head.
    if (i != _rx_buffer_tail) {
    4478:	20 91 34 06 	lds	r18, 0x0634	; 0x800634 <Serial+0x1a>
    447c:	82 17       	cp	r24, r18
    447e:	41 f0       	breq	.+16     	; 0x4490 <__vector_18+0x4c>
/home/jgalera/.arduino15/packages/MiniCore/hardware/avr/3.1.1/cores/MCUdude_corefiles/HardwareSerial_private.h:111
      _rx_buffer[_rx_buffer_head] = c;
    4480:	e0 91 33 06 	lds	r30, 0x0633	; 0x800633 <Serial+0x19>
    4484:	f0 e0       	ldi	r31, 0x00	; 0
    4486:	e6 5e       	subi	r30, 0xE6	; 230
    4488:	f9 4f       	sbci	r31, 0xF9	; 249
    448a:	95 8f       	std	Z+29, r25	; 0x1d
/home/jgalera/.arduino15/packages/MiniCore/hardware/avr/3.1.1/cores/MCUdude_corefiles/HardwareSerial_private.h:112
      _rx_buffer_head = i;
    448c:	80 93 33 06 	sts	0x0633, r24	; 0x800633 <Serial+0x19>
__vector_18():
/home/jgalera/.arduino15/packages/MiniCore/hardware/avr/3.1.1/cores/MCUdude_corefiles/HardwareSerial0.cpp:52
    Serial._rx_complete_irq();
  }
    4490:	ff 91       	pop	r31
    4492:	ef 91       	pop	r30
    4494:	9f 91       	pop	r25
    4496:	8f 91       	pop	r24
    4498:	2f 91       	pop	r18
    449a:	0f 90       	pop	r0
    449c:	0f be       	out	0x3f, r0	; 63
    449e:	0f 90       	pop	r0
    44a0:	1f 90       	pop	r1
    44a2:	18 95       	reti
_rx_complete_irq():
/home/jgalera/.arduino15/packages/MiniCore/hardware/avr/3.1.1/cores/MCUdude_corefiles/HardwareSerial_private.h:116
    }
  } else {
    // Parity error, read byte but discard it
    *_udr;
    44a4:	80 81       	ld	r24, Z
    44a6:	f4 cf       	rjmp	.-24     	; 0x4490 <__vector_18+0x4c>

000044a8 <__vector_7>:
__vector_7():
/home/jgalera/develop/arduino/usdx/usdx_plus_orange/src/core/core.cpp:126
  for (; x >>= 1;)
    y++;
  return y;
}

ISR(TIMER2_COMPA_vect) {
    44a8:	1f 92       	push	r1
    44aa:	0f 92       	push	r0
    44ac:	0f b6       	in	r0, 0x3f	; 63
    44ae:	0f 92       	push	r0
    44b0:	11 24       	eor	r1, r1
    44b2:	2f 93       	push	r18
    44b4:	3f 93       	push	r19
    44b6:	4f 93       	push	r20
    44b8:	5f 93       	push	r21
    44ba:	6f 93       	push	r22
    44bc:	7f 93       	push	r23
    44be:	8f 93       	push	r24
    44c0:	9f 93       	push	r25
    44c2:	af 93       	push	r26
    44c4:	bf 93       	push	r27
    44c6:	ef 93       	push	r30
    44c8:	ff 93       	push	r31
/home/jgalera/develop/arduino/usdx/usdx_plus_orange/src/core/core.cpp:127
  func_ptr();
    44ca:	e0 91 be 05 	lds	r30, 0x05BE	; 0x8005be <func_ptr>
    44ce:	f0 91 bf 05 	lds	r31, 0x05BF	; 0x8005bf <func_ptr+0x1>
    44d2:	09 95       	icall
/home/jgalera/develop/arduino/usdx/usdx_plus_orange/src/core/core.cpp:131
#ifdef DEBUG
  numSamples++;
#endif
}
    44d4:	ff 91       	pop	r31
    44d6:	ef 91       	pop	r30
    44d8:	bf 91       	pop	r27
    44da:	af 91       	pop	r26
    44dc:	9f 91       	pop	r25
    44de:	8f 91       	pop	r24
    44e0:	7f 91       	pop	r23
    44e2:	6f 91       	pop	r22
    44e4:	5f 91       	pop	r21
    44e6:	4f 91       	pop	r20
    44e8:	3f 91       	pop	r19
    44ea:	2f 91       	pop	r18
    44ec:	0f 90       	pop	r0
    44ee:	0f be       	out	0x3f, r0	; 63
    44f0:	0f 90       	pop	r0
    44f2:	1f 90       	pop	r1
    44f4:	18 95       	reti

000044f6 <__vector_5>:
__vector_5():
/home/jgalera/develop/arduino/usdx/usdx_plus_orange/src/core/core.cpp:83

volatile int8_t encoder_val = 0;
volatile int8_t encoder_step = 0;
static uint8_t last_state;

ISR(PCINT2_vect) {
    44f6:	1f 92       	push	r1
    44f8:	0f 92       	push	r0
    44fa:	0f b6       	in	r0, 0x3f	; 63
    44fc:	0f 92       	push	r0
    44fe:	11 24       	eor	r1, r1
    4500:	0f 93       	push	r16
    4502:	1f 93       	push	r17
    4504:	2f 93       	push	r18
    4506:	3f 93       	push	r19
    4508:	4f 93       	push	r20
    450a:	5f 93       	push	r21
    450c:	6f 93       	push	r22
    450e:	7f 93       	push	r23
    4510:	8f 93       	push	r24
    4512:	9f 93       	push	r25
    4514:	af 93       	push	r26
    4516:	bf 93       	push	r27
    4518:	cf 93       	push	r28
    451a:	ef 93       	push	r30
    451c:	ff 93       	push	r31
/home/jgalera/develop/arduino/usdx/usdx_plus_orange/src/core/core.cpp:84
  switch (last_state = (last_state << 4) | (_digitalRead(ROT_B) << 1) |
    451e:	00 91 bd 05 	lds	r16, 0x05BD	; 0x8005bd <last_state>
    4522:	80 e1       	ldi	r24, 0x10	; 16
    4524:	08 9f       	mul	r16, r24
    4526:	80 01       	movw	r16, r0
    4528:	11 24       	eor	r1, r1
_digitalRead():
/home/jgalera/develop/arduino/usdx/usdx_plus_orange/src/core/core.cpp:36
                            : 0;
  }
  return digitalRead(pin);
}
#else
uint8_t _digitalRead(uint8_t pin) { return digitalRead(pin); }
    452a:	87 e0       	ldi	r24, 0x07	; 7
    452c:	0e 94 ee 02 	call	0x5dc	; 0x5dc <digitalRead>
    4530:	c8 2f       	mov	r28, r24
    4532:	86 e0       	ldi	r24, 0x06	; 6
    4534:	0e 94 ee 02 	call	0x5dc	; 0x5dc <digitalRead>
__vector_5():
/home/jgalera/develop/arduino/usdx/usdx_plus_orange/src/core/core.cpp:84
volatile int8_t encoder_val = 0;
volatile int8_t encoder_step = 0;
static uint8_t last_state;

ISR(PCINT2_vect) {
  switch (last_state = (last_state << 4) | (_digitalRead(ROT_B) << 1) |
    4538:	cc 0f       	add	r28, r28
    453a:	80 2b       	or	r24, r16
    453c:	8c 2b       	or	r24, r28
    453e:	80 93 bd 05 	sts	0x05BD, r24	; 0x8005bd <last_state>
    4542:	83 32       	cpi	r24, 0x23	; 35
    4544:	b1 f0       	breq	.+44     	; 0x4572 <__vector_5+0x7c>
    4546:	82 33       	cpi	r24, 0x32	; 50
    4548:	d1 f0       	breq	.+52     	; 0x457e <__vector_5+0x88>
/home/jgalera/develop/arduino/usdx/usdx_plus_orange/src/core/core.cpp:108
  case 0x32:
    encoder_val--;
    break;
#endif
  }
}
    454a:	ff 91       	pop	r31
    454c:	ef 91       	pop	r30
    454e:	cf 91       	pop	r28
    4550:	bf 91       	pop	r27
    4552:	af 91       	pop	r26
    4554:	9f 91       	pop	r25
    4556:	8f 91       	pop	r24
    4558:	7f 91       	pop	r23
    455a:	6f 91       	pop	r22
    455c:	5f 91       	pop	r21
    455e:	4f 91       	pop	r20
    4560:	3f 91       	pop	r19
    4562:	2f 91       	pop	r18
    4564:	1f 91       	pop	r17
    4566:	0f 91       	pop	r16
    4568:	0f 90       	pop	r0
    456a:	0f be       	out	0x3f, r0	; 63
    456c:	0f 90       	pop	r0
    456e:	1f 90       	pop	r1
    4570:	18 95       	reti
/home/jgalera/develop/arduino/usdx/usdx_plus_orange/src/core/core.cpp:101
  case 0x13:
    encoder_val--;
    break;
#else
  case 0x23:
    encoder_val++;
    4572:	80 91 19 06 	lds	r24, 0x0619	; 0x800619 <encoder_val>
    4576:	8f 5f       	subi	r24, 0xFF	; 255
/home/jgalera/develop/arduino/usdx/usdx_plus_orange/src/core/core.cpp:104
    break;
  case 0x32:
    encoder_val--;
    4578:	80 93 19 06 	sts	0x0619, r24	; 0x800619 <encoder_val>
    457c:	e6 cf       	rjmp	.-52     	; 0x454a <__vector_5+0x54>
    457e:	80 91 19 06 	lds	r24, 0x0619	; 0x800619 <encoder_val>
    4582:	81 50       	subi	r24, 0x01	; 1
    4584:	f9 cf       	rjmp	.-14     	; 0x4578 <__vector_5+0x82>

00004586 <global constructors keyed to 65535_0_usdx_plus_orange.ino.cpp.o.2929>:
_GLOBAL__I_65535_0_usdx_plus_orange.ino.cpp.o.2929():
    4586:	ea e1       	ldi	r30, 0x1A	; 26
    4588:	f6 e0       	ldi	r31, 0x06	; 6
    458a:	13 82       	std	Z+3, r1	; 0x03
    458c:	12 82       	std	Z+2, r1	; 0x02
    458e:	88 ee       	ldi	r24, 0xE8	; 232
    4590:	93 e0       	ldi	r25, 0x03	; 3
    4592:	a0 e0       	ldi	r26, 0x00	; 0
    4594:	b0 e0       	ldi	r27, 0x00	; 0
    4596:	84 83       	std	Z+4, r24	; 0x04
    4598:	95 83       	std	Z+5, r25	; 0x05
    459a:	a6 83       	std	Z+6, r26	; 0x06
    459c:	b7 83       	std	Z+7, r27	; 0x07
    459e:	8c e5       	ldi	r24, 0x5C	; 92
    45a0:	92 e0       	ldi	r25, 0x02	; 2
    45a2:	91 83       	std	Z+1, r25	; 0x01
    45a4:	80 83       	st	Z, r24
    45a6:	85 ec       	ldi	r24, 0xC5	; 197
    45a8:	90 e0       	ldi	r25, 0x00	; 0
    45aa:	95 87       	std	Z+13, r25	; 0x0d
    45ac:	84 87       	std	Z+12, r24	; 0x0c
    45ae:	84 ec       	ldi	r24, 0xC4	; 196
    45b0:	90 e0       	ldi	r25, 0x00	; 0
    45b2:	97 87       	std	Z+15, r25	; 0x0f
    45b4:	86 87       	std	Z+14, r24	; 0x0e
    45b6:	80 ec       	ldi	r24, 0xC0	; 192
    45b8:	90 e0       	ldi	r25, 0x00	; 0
    45ba:	91 8b       	std	Z+17, r25	; 0x11
    45bc:	80 8b       	std	Z+16, r24	; 0x10
    45be:	81 ec       	ldi	r24, 0xC1	; 193
    45c0:	90 e0       	ldi	r25, 0x00	; 0
    45c2:	93 8b       	std	Z+19, r25	; 0x13
    45c4:	82 8b       	std	Z+18, r24	; 0x12
    45c6:	82 ec       	ldi	r24, 0xC2	; 194
    45c8:	90 e0       	ldi	r25, 0x00	; 0
    45ca:	95 8b       	std	Z+21, r25	; 0x15
    45cc:	84 8b       	std	Z+20, r24	; 0x14
    45ce:	86 ec       	ldi	r24, 0xC6	; 198
    45d0:	90 e0       	ldi	r25, 0x00	; 0
    45d2:	97 8b       	std	Z+23, r25	; 0x17
    45d4:	86 8b       	std	Z+22, r24	; 0x16
    45d6:	11 8e       	std	Z+25, r1	; 0x19
    45d8:	12 8e       	std	Z+26, r1	; 0x1a
    45da:	13 8e       	std	Z+27, r1	; 0x1b
    45dc:	14 8e       	std	Z+28, r1	; 0x1c
    45de:	e7 eb       	ldi	r30, 0xB7	; 183
    45e0:	f6 e0       	ldi	r31, 0x06	; 6
    45e2:	13 82       	std	Z+3, r1	; 0x03
    45e4:	12 82       	std	Z+2, r1	; 0x02
    45e6:	8e e6       	ldi	r24, 0x6E	; 110
    45e8:	92 e0       	ldi	r25, 0x02	; 2
    45ea:	91 83       	std	Z+1, r25	; 0x01
    45ec:	80 83       	st	Z, r24
    45ee:	80 ec       	ldi	r24, 0xC0	; 192
    45f0:	9c ef       	ldi	r25, 0xFC	; 252
    45f2:	ab e9       	ldi	r26, 0x9B	; 155
    45f4:	b1 e0       	ldi	r27, 0x01	; 1
    45f6:	80 93 cf 06 	sts	0x06CF, r24	; 0x8006cf <si5351+0x13>
    45fa:	90 93 d0 06 	sts	0x06D0, r25	; 0x8006d0 <si5351+0x14>
    45fe:	a0 93 d1 06 	sts	0x06D1, r26	; 0x8006d1 <si5351+0x15>
    4602:	b0 93 d2 06 	sts	0x06D2, r27	; 0x8006d2 <si5351+0x16>
    4606:	08 95       	ret

00004608 <main>:
main():
/home/jgalera/.arduino15/packages/MiniCore/hardware/avr/3.1.1/cores/MCUdude_corefiles/main.cpp:34

//void setupUSB() __attribute__((weak));
//void setupUSB() { }

int main(void)
{
    4608:	cf 93       	push	r28
    460a:	df 93       	push	r29
    460c:	cd b7       	in	r28, 0x3d	; 61
    460e:	de b7       	in	r29, 0x3e	; 62
    4610:	6e 97       	sbiw	r28, 0x1e	; 30
    4612:	0f b6       	in	r0, 0x3f	; 63
    4614:	f8 94       	cli
    4616:	de bf       	out	0x3e, r29	; 62
    4618:	0f be       	out	0x3f, r0	; 63
    461a:	cd bf       	out	0x3d, r28	; 61
init():
/home/jgalera/.arduino15/packages/MiniCore/hardware/avr/3.1.1/cores/MCUdude_corefiles/wiring.c:945

void init()
{
  // this needs to be called before setup() or some functions won't
  // work there
  sei();
    461c:	78 94       	sei
/home/jgalera/.arduino15/packages/MiniCore/hardware/avr/3.1.1/cores/MCUdude_corefiles/wiring.c:957

  // On the ATmega168, timer 0 is also used for fast hardware pwm
  // (using phase-correct PWM would mean that timer 0 overflowed half as often
  // resulting in different millis() behavior on the ATmega8 and ATmega168)
#if defined(TCCR0A) && defined(WGM01)
  TCCR0A |= _BV(WGM01) | _BV(WGM00);
    461e:	84 b5       	in	r24, 0x24	; 36
    4620:	83 60       	ori	r24, 0x03	; 3
    4622:	84 bd       	out	0x24, r24	; 36
/home/jgalera/.arduino15/packages/MiniCore/hardware/avr/3.1.1/cores/MCUdude_corefiles/wiring.c:972
  #if defined(WGM00) && defined(WGM01) // The ATmega8 doesn't have WGM00 and WGM01
    TCCR0 |= _BV(WGM01) | _BV(WGM00);
  #endif
#elif defined(TCCR0B) && defined(CS01) && defined(CS00)
  // This combination is for the standard 168/328/640/1280/1281/2560/2561
  TCCR0B |= _BV(CS01) | _BV(CS00);
    4624:	85 b5       	in	r24, 0x25	; 37
    4626:	83 60       	ori	r24, 0x03	; 3
    4628:	85 bd       	out	0x25, r24	; 37
/home/jgalera/.arduino15/packages/MiniCore/hardware/avr/3.1.1/cores/MCUdude_corefiles/wiring.c:984

// Enable timer 0 overflow interrupt
#if defined(TIMSK) && defined(TOIE0)
  TIMSK |= _BV(TOIE0);
#elif defined(TIMSK0) && defined(TOIE0)
  TIMSK0 |= _BV(TOIE0);
    462a:	80 91 6e 00 	lds	r24, 0x006E	; 0x80006e <__DATA_REGION_ORIGIN__+0xe>
    462e:	81 60       	ori	r24, 0x01	; 1
    4630:	80 93 6e 00 	sts	0x006E, r24	; 0x80006e <__DATA_REGION_ORIGIN__+0xe>
/home/jgalera/.arduino15/packages/MiniCore/hardware/avr/3.1.1/cores/MCUdude_corefiles/wiring.c:995
// this is better for motors as it ensures an even waveform
// note, however, that fast pwm mode can achieve a frequency of up
// 8 MHz (with a 16 MHz clock) at 50% duty cycle

#if defined(TCCR1B) && defined(CS11) && defined(CS10)
  TCCR1B = _BV(CS11); // Set timer 1 prescale factor to 64
    4634:	82 e0       	ldi	r24, 0x02	; 2
    4636:	80 93 81 00 	sts	0x0081, r24	; 0x800081 <__DATA_REGION_ORIGIN__+0x21>
/home/jgalera/.arduino15/packages/MiniCore/hardware/avr/3.1.1/cores/MCUdude_corefiles/wiring.c:997
#if F_CPU >= 8000000L
  TCCR1B |= _BV(CS10);
    463a:	80 91 81 00 	lds	r24, 0x0081	; 0x800081 <__DATA_REGION_ORIGIN__+0x21>
    463e:	81 60       	ori	r24, 0x01	; 1
    4640:	80 93 81 00 	sts	0x0081, r24	; 0x800081 <__DATA_REGION_ORIGIN__+0x21>
/home/jgalera/.arduino15/packages/MiniCore/hardware/avr/3.1.1/cores/MCUdude_corefiles/wiring.c:1006
#if F_CPU >= 8000000L
  TCCR1 |= _BV(CS10);
#endif
#endif
#if defined(TCCR1A) && defined(WGM10)
  TCCR1A |= _BV(WGM10); // Put timer 1 in 8-bit phase correct pwm mode
    4644:	80 91 80 00 	lds	r24, 0x0080	; 0x800080 <__DATA_REGION_ORIGIN__+0x20>
    4648:	81 60       	ori	r24, 0x01	; 1
    464a:	80 93 80 00 	sts	0x0080, r24	; 0x800080 <__DATA_REGION_ORIGIN__+0x20>
/home/jgalera/.arduino15/packages/MiniCore/hardware/avr/3.1.1/cores/MCUdude_corefiles/wiring.c:1013

// Set timer 2 prescale factor to 64
#if defined(TCCR2) && defined(CS22)
  TCCR2 |= _BV(CS22);
#elif defined(TCCR2B) && defined(CS22)
  TCCR2B |= _BV(CS22);
    464e:	80 91 b1 00 	lds	r24, 0x00B1	; 0x8000b1 <__DATA_REGION_ORIGIN__+0x51>
    4652:	84 60       	ori	r24, 0x04	; 4
    4654:	80 93 b1 00 	sts	0x00B1, r24	; 0x8000b1 <__DATA_REGION_ORIGIN__+0x51>
/home/jgalera/.arduino15/packages/MiniCore/hardware/avr/3.1.1/cores/MCUdude_corefiles/wiring.c:1022

// Configure timer 2 for phase correct pwm (8-bit)
#if defined(TCCR2) && defined(WGM20)
  TCCR2 |= _BV(WGM20);
#elif defined(TCCR2A) && defined(WGM20)
  TCCR2A |= _BV(WGM20);
    4658:	80 91 b0 00 	lds	r24, 0x00B0	; 0x8000b0 <__DATA_REGION_ORIGIN__+0x50>
    465c:	81 60       	ori	r24, 0x01	; 1
    465e:	80 93 b0 00 	sts	0x00B0, r24	; 0x8000b0 <__DATA_REGION_ORIGIN__+0x50>
/home/jgalera/.arduino15/packages/MiniCore/hardware/avr/3.1.1/cores/MCUdude_corefiles/wiring.c:1050
#endif

#if defined(ADCSRA)
  // set a2d prescaler so we are inside the desired 50-200 KHz range.
  #if F_CPU >= 16000000 // 16 MHz / 128 = 125 KHz
    ADCSRA = _BV(ADPS2) | _BV(ADPS1) | _BV(ADPS0) | _BV(ADEN);
    4662:	87 e8       	ldi	r24, 0x87	; 135
    4664:	80 93 7a 00 	sts	0x007A, r24	; 0x80007a <__DATA_REGION_ORIGIN__+0x1a>
/home/jgalera/.arduino15/packages/MiniCore/hardware/avr/3.1.1/cores/MCUdude_corefiles/wiring.c:1070
  // here so they can be used as normal digital i/o; they will be
  // reconnected in Serial.begin()
#if defined(UCSRB)
  UCSRB = 0;
#elif defined(UCSR0B)
  UCSR0B = 0;
    4668:	10 92 c1 00 	sts	0x00C1, r1	; 0x8000c1 <__DATA_REGION_ORIGIN__+0x61>
setup():
/home/jgalera/develop/arduino/usdx/usdx_plus_orange/usdx_plus_orange.ino:110
#endif

#include "src/core/core.h"
void setup() {

  digitalWrite(KEY_OUT, LOW); // for safety: to prevent exploding PA MOSFETs, in
    466c:	60 e0       	ldi	r22, 0x00	; 0
    466e:	8a e0       	ldi	r24, 0x0A	; 10
    4670:	0e 94 17 03 	call	0x62e	; 0x62e <digitalWrite>
/home/jgalera/develop/arduino/usdx/usdx_plus_orange/usdx_plus_orange.ino:112
                              // case there was something still biasing them.
  si5351.powerDown(); // disable all CLK outputs (especially needed for si5351
    4674:	0e 94 1b 18 	call	0x3036	; 0x3036 <SI5351::powerDown() [clone .isra.12]>
/home/jgalera/develop/arduino/usdx/usdx_plus_orange/usdx_plus_orange.ino:117
                      // variants that has CLK2 enabled by default, such as
                      // Si5351A-B04486-GT)

  // uint8_t mcusr = MCUSR;
  MCUSR = 0;
    4678:	14 be       	out	0x34, r1	; 52
wdt_enable():
/home/jgalera/.arduino15/packages/arduino/tools/avr-gcc/7.3.0-atmel3.6.1-arduino7/avr/include/avr/wdt.h:486
				: "n" (_SFR_MEM_ADDR(_WD_CONTROL_REG)),
				"r" ((uint8_t)(_BV(_WD_CHANGE_BIT) | _BV(WDE))),
				"r" ((uint8_t) ((value & 0x08 ? _WD_PS3_MASK : 0x00) |
						_BV(WDE) | (value & 0x07)) )
				: "r0"
		);
    467a:	88 e1       	ldi	r24, 0x18	; 24
    467c:	98 e2       	ldi	r25, 0x28	; 40
    467e:	0f b6       	in	r0, 0x3f	; 63
    4680:	f8 94       	cli
    4682:	a8 95       	wdr
    4684:	80 93 60 00 	sts	0x0060, r24	; 0x800060 <__DATA_REGION_ORIGIN__>
    4688:	0f be       	out	0x3f, r0	; 63
    468a:	90 93 60 00 	sts	0x0060, r25	; 0x800060 <__DATA_REGION_ORIGIN__>
setup():
/home/jgalera/develop/arduino/usdx/usdx_plus_orange/usdx_plus_orange.ino:153
  load_rx_avg /= 8;

  // adc_stop();  // recover general ADC settings so that analogRead is working
  // again
#endif                  // DEBUG
  ADMUX = (1 << REFS0); // restore reference voltage AREF (5V)
    468e:	80 e4       	ldi	r24, 0x40	; 64
    4690:	80 93 7c 00 	sts	0x007C, r24	; 0x80007c <__DATA_REGION_ORIGIN__+0x1c>
/home/jgalera/develop/arduino/usdx/usdx_plus_orange/usdx_plus_orange.ino:156

  // disable external interrupts
  PCICR = 0;
    4694:	10 92 68 00 	sts	0x0068, r1	; 0x800068 <__DATA_REGION_ORIGIN__+0x8>
/home/jgalera/develop/arduino/usdx/usdx_plus_orange/usdx_plus_orange.ino:157
  PCMSK0 = 0;
    4698:	10 92 6b 00 	sts	0x006B, r1	; 0x80006b <__DATA_REGION_ORIGIN__+0xb>
/home/jgalera/develop/arduino/usdx/usdx_plus_orange/usdx_plus_orange.ino:158
  PCMSK1 = 0;
    469c:	10 92 6c 00 	sts	0x006C, r1	; 0x80006c <__DATA_REGION_ORIGIN__+0xc>
/home/jgalera/develop/arduino/usdx/usdx_plus_orange/usdx_plus_orange.ino:159
  PCMSK2 = 0;
    46a0:	10 92 6d 00 	sts	0x006D, r1	; 0x80006d <__DATA_REGION_ORIGIN__+0xd>
encoder_setup():
/home/jgalera/develop/arduino/usdx/usdx_plus_orange/src/core/core.cpp:111
#endif
  }
}

void encoder_setup() {
  pinMode(ROT_A, INPUT_PULLUP);
    46a4:	62 e0       	ldi	r22, 0x02	; 2
    46a6:	86 e0       	ldi	r24, 0x06	; 6
    46a8:	0e 94 45 03 	call	0x68a	; 0x68a <pinMode>
/home/jgalera/develop/arduino/usdx/usdx_plus_orange/src/core/core.cpp:112
  pinMode(ROT_B, INPUT_PULLUP);
    46ac:	62 e0       	ldi	r22, 0x02	; 2
    46ae:	87 e0       	ldi	r24, 0x07	; 7
    46b0:	0e 94 45 03 	call	0x68a	; 0x68a <pinMode>
/home/jgalera/develop/arduino/usdx/usdx_plus_orange/src/core/core.cpp:113
  PCMSK2 |= (1 << PCINT22) | (1 << PCINT23);
    46b4:	80 91 6d 00 	lds	r24, 0x006D	; 0x80006d <__DATA_REGION_ORIGIN__+0xd>
    46b8:	80 6c       	ori	r24, 0xC0	; 192
    46ba:	80 93 6d 00 	sts	0x006D, r24	; 0x80006d <__DATA_REGION_ORIGIN__+0xd>
/home/jgalera/develop/arduino/usdx/usdx_plus_orange/src/core/core.cpp:114
  PCICR |= (1 << PCIE2);
    46be:	80 91 68 00 	lds	r24, 0x0068	; 0x800068 <__DATA_REGION_ORIGIN__+0x8>
    46c2:	84 60       	ori	r24, 0x04	; 4
    46c4:	80 93 68 00 	sts	0x0068, r24	; 0x800068 <__DATA_REGION_ORIGIN__+0x8>
_digitalRead():
/home/jgalera/develop/arduino/usdx/usdx_plus_orange/src/core/core.cpp:36
                            : 0;
  }
  return digitalRead(pin);
}
#else
uint8_t _digitalRead(uint8_t pin) { return digitalRead(pin); }
    46c8:	87 e0       	ldi	r24, 0x07	; 7
    46ca:	0e 94 ee 02 	call	0x5dc	; 0x5dc <digitalRead>
    46ce:	f8 2e       	mov	r15, r24
    46d0:	86 e0       	ldi	r24, 0x06	; 6
    46d2:	0e 94 ee 02 	call	0x5dc	; 0x5dc <digitalRead>
encoder_setup():
/home/jgalera/develop/arduino/usdx/usdx_plus_orange/src/core/core.cpp:115
void encoder_setup() {
  pinMode(ROT_A, INPUT_PULLUP);
  pinMode(ROT_B, INPUT_PULLUP);
  PCMSK2 |= (1 << PCINT22) | (1 << PCINT23);
  PCICR |= (1 << PCIE2);
  last_state = (_digitalRead(ROT_B) << 1) | _digitalRead(ROT_A);
    46d6:	ff 0c       	add	r15, r15
    46d8:	f8 2a       	or	r15, r24
    46da:	f0 92 bd 05 	sts	0x05BD, r15	; 0x8005bd <last_state>
/home/jgalera/develop/arduino/usdx/usdx_plus_orange/src/core/core.cpp:116
  interrupts();
    46de:	78 94       	sei
initPins():
/home/jgalera/develop/arduino/usdx/usdx_plus_orange/src/core/core.cpp:849
const char *keyer_mode_label[] = {"Iambic A", "Iambic B", "Straight"};
#endif
const char *agc_label[] = {"OFF", "Fast", "Slow"};

void initPins() {
  digitalWrite(SIG_OUT, LOW);
    46e0:	60 e0       	ldi	r22, 0x00	; 0
    46e2:	8b e0       	ldi	r24, 0x0B	; 11
    46e4:	0e 94 17 03 	call	0x62e	; 0x62e <digitalWrite>
/home/jgalera/develop/arduino/usdx/usdx_plus_orange/src/core/core.cpp:850
  digitalWrite(RX, HIGH);
    46e8:	61 e0       	ldi	r22, 0x01	; 1
    46ea:	88 e0       	ldi	r24, 0x08	; 8
    46ec:	0e 94 17 03 	call	0x62e	; 0x62e <digitalWrite>
/home/jgalera/develop/arduino/usdx/usdx_plus_orange/src/core/core.cpp:851
  digitalWrite(KEY_OUT, LOW);
    46f0:	60 e0       	ldi	r22, 0x00	; 0
    46f2:	8a e0       	ldi	r24, 0x0A	; 10
    46f4:	0e 94 17 03 	call	0x62e	; 0x62e <digitalWrite>
/home/jgalera/develop/arduino/usdx/usdx_plus_orange/src/core/core.cpp:852
  digitalWrite(SIDETONE, LOW);
    46f8:	60 e0       	ldi	r22, 0x00	; 0
    46fa:	89 e0       	ldi	r24, 0x09	; 9
    46fc:	0e 94 17 03 	call	0x62e	; 0x62e <digitalWrite>
/home/jgalera/develop/arduino/usdx/usdx_plus_orange/src/core/core.cpp:854

  pinMode(SIDETONE, OUTPUT);
    4700:	61 e0       	ldi	r22, 0x01	; 1
    4702:	89 e0       	ldi	r24, 0x09	; 9
    4704:	0e 94 45 03 	call	0x68a	; 0x68a <pinMode>
/home/jgalera/develop/arduino/usdx/usdx_plus_orange/src/core/core.cpp:855
  pinMode(SIG_OUT, OUTPUT);
    4708:	61 e0       	ldi	r22, 0x01	; 1
    470a:	8b e0       	ldi	r24, 0x0B	; 11
    470c:	0e 94 45 03 	call	0x68a	; 0x68a <pinMode>
/home/jgalera/develop/arduino/usdx/usdx_plus_orange/src/core/core.cpp:856
  pinMode(RX, OUTPUT);
    4710:	61 e0       	ldi	r22, 0x01	; 1
    4712:	88 e0       	ldi	r24, 0x08	; 8
    4714:	0e 94 45 03 	call	0x68a	; 0x68a <pinMode>
/home/jgalera/develop/arduino/usdx/usdx_plus_orange/src/core/core.cpp:857
  pinMode(KEY_OUT, OUTPUT);
    4718:	61 e0       	ldi	r22, 0x01	; 1
    471a:	8a e0       	ldi	r24, 0x0A	; 10
    471c:	0e 94 45 03 	call	0x68a	; 0x68a <pinMode>
/home/jgalera/develop/arduino/usdx/usdx_plus_orange/src/core/core.cpp:861
#ifdef ONEBUTTON
  pinMode(BUTTONS, INPUT_PULLUP);
#else
  pinMode(BUTTONS, INPUT);
    4720:	60 e0       	ldi	r22, 0x00	; 0
    4722:	81 e1       	ldi	r24, 0x11	; 17
    4724:	0e 94 45 03 	call	0x68a	; 0x68a <pinMode>
/home/jgalera/develop/arduino/usdx/usdx_plus_orange/src/core/core.cpp:863
#endif
  pinMode(DIT, INPUT_PULLUP);
    4728:	62 e0       	ldi	r22, 0x02	; 2
    472a:	8d e0       	ldi	r24, 0x0D	; 13
    472c:	0e 94 45 03 	call	0x68a	; 0x68a <pinMode>
/home/jgalera/develop/arduino/usdx/usdx_plus_orange/src/core/core.cpp:864
  pinMode(DAH, INPUT);
    4730:	60 e0       	ldi	r22, 0x00	; 0
    4732:	8c e0       	ldi	r24, 0x0C	; 12
    4734:	0e 94 45 03 	call	0x68a	; 0x68a <pinMode>
/home/jgalera/develop/arduino/usdx/usdx_plus_orange/src/core/core.cpp:866

  digitalWrite(AUDIO1, LOW);
    4738:	60 e0       	ldi	r22, 0x00	; 0
    473a:	8e e0       	ldi	r24, 0x0E	; 14
    473c:	0e 94 17 03 	call	0x62e	; 0x62e <digitalWrite>
/home/jgalera/develop/arduino/usdx/usdx_plus_orange/src/core/core.cpp:867
  digitalWrite(AUDIO2, LOW);
    4740:	60 e0       	ldi	r22, 0x00	; 0
    4742:	8f e0       	ldi	r24, 0x0F	; 15
    4744:	0e 94 17 03 	call	0x62e	; 0x62e <digitalWrite>
/home/jgalera/develop/arduino/usdx/usdx_plus_orange/src/core/core.cpp:868
  pinMode(AUDIO1, INPUT);
    4748:	60 e0       	ldi	r22, 0x00	; 0
    474a:	8e e0       	ldi	r24, 0x0E	; 14
    474c:	0e 94 45 03 	call	0x68a	; 0x68a <pinMode>
/home/jgalera/develop/arduino/usdx/usdx_plus_orange/src/core/core.cpp:869
  pinMode(AUDIO2, INPUT);
    4750:	60 e0       	ldi	r22, 0x00	; 0
    4752:	8f e0       	ldi	r24, 0x0F	; 15
    4754:	0e 94 45 03 	call	0x68a	; 0x68a <pinMode>
setup():
/home/jgalera/develop/arduino/usdx/usdx_plus_orange/usdx_plus_orange.ino:165

  encoder_setup();

  initPins();

  delay(100);       // at least 40ms after power rises above 2.7V before sending
    4758:	64 e6       	ldi	r22, 0x64	; 100
    475a:	70 e0       	ldi	r23, 0x00	; 0
    475c:	80 e0       	ldi	r24, 0x00	; 0
    475e:	90 e0       	ldi	r25, 0x00	; 0
    4760:	0e 94 c6 03 	call	0x78c	; 0x78c <delay>
begin():
/home/jgalera/develop/arduino/usdx/usdx_plus_orange/src/driver/display.h:53
    Wire.beginTransmission(PCF_ADDR);
    Wire.write(0);
    Wire.endTransmission();
    delayMicroseconds(50000);
#else
    DDRD |= 0xf << _dn | 1 << _en;
    4764:	8a b1       	in	r24, 0x0a	; 10
    4766:	8f 61       	ori	r24, 0x1F	; 31
    4768:	8a b9       	out	0x0a, r24	; 10
/home/jgalera/develop/arduino/usdx/usdx_plus_orange/src/driver/display.h:54
    DDRC |= 1 << _rs;
    476a:	3c 9a       	sbi	0x07, 4	; 7
/home/jgalera/develop/arduino/usdx/usdx_plus_orange/src/driver/display.h:55
    delayMicroseconds(50000);
    476c:	80 e5       	ldi	r24, 0x50	; 80
    476e:	93 ec       	ldi	r25, 0xC3	; 195
    4770:	0e 94 99 03 	call	0x732	; 0x732 <delayMicroseconds>
/home/jgalera/develop/arduino/usdx/usdx_plus_orange/src/driver/display.h:56
    LCD_RS_LO();
    4774:	3c 9a       	sbi	0x07, 4	; 7
/home/jgalera/develop/arduino/usdx/usdx_plus_orange/src/driver/display.h:57
    LCD_EN_LO();
    4776:	5c 98       	cbi	0x0b, 4	; 11
/home/jgalera/develop/arduino/usdx/usdx_plus_orange/src/driver/display.h:59
#endif
    cmd(0x33);
    4778:	83 e3       	ldi	r24, 0x33	; 51
    477a:	0e 94 7f 18 	call	0x30fe	; 0x30fe <LCD::cmd(unsigned char) [clone .isra.16]>
/home/jgalera/develop/arduino/usdx/usdx_plus_orange/src/driver/display.h:60
    delayMicroseconds(4500);
    477e:	84 e9       	ldi	r24, 0x94	; 148
    4780:	91 e1       	ldi	r25, 0x11	; 17
    4782:	0e 94 99 03 	call	0x732	; 0x732 <delayMicroseconds>
/home/jgalera/develop/arduino/usdx/usdx_plus_orange/src/driver/display.h:61
    cmd(0x33);
    4786:	83 e3       	ldi	r24, 0x33	; 51
    4788:	0e 94 7f 18 	call	0x30fe	; 0x30fe <LCD::cmd(unsigned char) [clone .isra.16]>
/home/jgalera/develop/arduino/usdx/usdx_plus_orange/src/driver/display.h:62
    delayMicroseconds(4500);
    478c:	84 e9       	ldi	r24, 0x94	; 148
    478e:	91 e1       	ldi	r25, 0x11	; 17
    4790:	0e 94 99 03 	call	0x732	; 0x732 <delayMicroseconds>
/home/jgalera/develop/arduino/usdx/usdx_plus_orange/src/driver/display.h:63
    cmd(0x33);
    4794:	83 e3       	ldi	r24, 0x33	; 51
    4796:	0e 94 7f 18 	call	0x30fe	; 0x30fe <LCD::cmd(unsigned char) [clone .isra.16]>
/home/jgalera/develop/arduino/usdx/usdx_plus_orange/src/driver/display.h:64
    delayMicroseconds(150);
    479a:	86 e9       	ldi	r24, 0x96	; 150
    479c:	90 e0       	ldi	r25, 0x00	; 0
    479e:	0e 94 99 03 	call	0x732	; 0x732 <delayMicroseconds>
/home/jgalera/develop/arduino/usdx/usdx_plus_orange/src/driver/display.h:65
    cmd(0x32);
    47a2:	82 e3       	ldi	r24, 0x32	; 50
    47a4:	0e 94 7f 18 	call	0x30fe	; 0x30fe <LCD::cmd(unsigned char) [clone .isra.16]>
/home/jgalera/develop/arduino/usdx/usdx_plus_orange/src/driver/display.h:66
    cmd(0x28);
    47a8:	88 e2       	ldi	r24, 0x28	; 40
    47aa:	0e 94 7f 18 	call	0x30fe	; 0x30fe <LCD::cmd(unsigned char) [clone .isra.16]>
/home/jgalera/develop/arduino/usdx/usdx_plus_orange/src/driver/display.h:67
    cmd(0x0c);
    47ae:	8c e0       	ldi	r24, 0x0C	; 12
    47b0:	0e 94 7f 18 	call	0x30fe	; 0x30fe <LCD::cmd(unsigned char) [clone .isra.16]>
/home/jgalera/develop/arduino/usdx/usdx_plus_orange/src/driver/display.h:68
    cmd(0x01);
    47b4:	81 e0       	ldi	r24, 0x01	; 1
    47b6:	0e 94 7f 18 	call	0x30fe	; 0x30fe <LCD::cmd(unsigned char) [clone .isra.16]>
/home/jgalera/develop/arduino/usdx/usdx_plus_orange/src/driver/display.h:69
    delay(3);
    47ba:	63 e0       	ldi	r22, 0x03	; 3
    47bc:	70 e0       	ldi	r23, 0x00	; 0
    47be:	80 e0       	ldi	r24, 0x00	; 0
    47c0:	90 e0       	ldi	r25, 0x00	; 0
    47c2:	0e 94 c6 03 	call	0x78c	; 0x78c <delay>
/home/jgalera/develop/arduino/usdx/usdx_plus_orange/src/driver/display.h:70
    cmd(0x06);
    47c6:	86 e0       	ldi	r24, 0x06	; 6
    47c8:	0e 94 7f 18 	call	0x30fe	; 0x30fe <LCD::cmd(unsigned char) [clone .isra.16]>
setup():
/home/jgalera/develop/arduino/usdx/usdx_plus_orange/usdx_plus_orange.ino:169
                    // commands
  lcd.begin(16, 4); // Init LCD
#ifndef OLED
  for (i = 0; i != N_FONTS; i++) { // Init fonts
    47cc:	10 92 ca 05 	sts	0x05CA, r1	; 0x8005ca <i+0x1>
    47d0:	10 92 c9 05 	sts	0x05C9, r1	; 0x8005c9 <i>
    47d4:	5e 01       	movw	r10, r28
    47d6:	29 e0       	ldi	r18, 0x09	; 9
    47d8:	a2 0e       	add	r10, r18
    47da:	b1 1c       	adc	r11, r1
    47dc:	80 91 c9 05 	lds	r24, 0x05C9	; 0x8005c9 <i>
    47e0:	90 91 ca 05 	lds	r25, 0x05CA	; 0x8005ca <i+0x1>
    47e4:	08 97       	sbiw	r24, 0x08	; 8
    47e6:	a9 f1       	breq	.+106    	; 0x4852 <main+0x24a>
/home/jgalera/develop/arduino/usdx/usdx_plus_orange/usdx_plus_orange.ino:170
    pgm_cache_item(fonts[i], 8);
    47e8:	60 91 c9 05 	lds	r22, 0x05C9	; 0x8005c9 <i>
    47ec:	70 91 ca 05 	lds	r23, 0x05CA	; 0x8005ca <i+0x1>
    47f0:	e3 e0       	ldi	r30, 0x03	; 3
    47f2:	66 0f       	add	r22, r22
    47f4:	77 1f       	adc	r23, r23
    47f6:	ea 95       	dec	r30
    47f8:	e1 f7       	brne	.-8      	; 0x47f2 <main+0x1ea>
    47fa:	67 54       	subi	r22, 0x47	; 71
    47fc:	7e 4f       	sbci	r23, 0xFE	; 254
    47fe:	48 e0       	ldi	r20, 0x08	; 8
    4800:	50 e0       	ldi	r21, 0x00	; 0
    4802:	ce 01       	movw	r24, r28
    4804:	01 96       	adiw	r24, 0x01	; 1
    4806:	0e 94 21 34 	call	0x6842	; 0x6842 <memcpy_P>
/home/jgalera/develop/arduino/usdx/usdx_plus_orange/usdx_plus_orange.ino:171
    lcd.createChar(0x01 + i, /*fonts[i]*/ _item);
    480a:	80 91 c9 05 	lds	r24, 0x05C9	; 0x8005c9 <i>
    480e:	90 91 ca 05 	lds	r25, 0x05CA	; 0x8005ca <i+0x1>
    4812:	8f 5f       	subi	r24, 0xFF	; 255
createChar():
/home/jgalera/develop/arduino/usdx/usdx_plus_orange/src/driver/display.h:196
#endif
  void cursor() { cmd(0x0e); }
  void noCursor() { cmd(0x0c); }
  void noDisplay() { cmd(0x08); }
  void createChar(uint8_t l, uint8_t glyph[]) {
    cmd(0x40 | ((l & 0x7) << 3));
    4814:	38 e0       	ldi	r19, 0x08	; 8
    4816:	83 9f       	mul	r24, r19
    4818:	c0 01       	movw	r24, r0
    481a:	11 24       	eor	r1, r1
    481c:	88 73       	andi	r24, 0x38	; 56
    481e:	80 64       	ori	r24, 0x40	; 64
    4820:	0e 94 7f 18 	call	0x30fe	; 0x30fe <LCD::cmd(unsigned char) [clone .isra.16]>
    4824:	ce 01       	movw	r24, r28
    4826:	01 96       	adiw	r24, 0x01	; 1
    4828:	7c 01       	movw	r14, r24
/home/jgalera/develop/arduino/usdx/usdx_plus_orange/src/driver/display.h:198
    for (int i = 0; i != 8; i++)
      write(glyph[i]);
    482a:	d7 01       	movw	r26, r14
    482c:	6d 91       	ld	r22, X+
    482e:	7d 01       	movw	r14, r26
    4830:	87 eb       	ldi	r24, 0xB7	; 183
    4832:	96 e0       	ldi	r25, 0x06	; 6
    4834:	0e 94 8a 18 	call	0x3114	; 0x3114 <LCD::write(unsigned char)>
/home/jgalera/develop/arduino/usdx/usdx_plus_orange/src/driver/display.h:197
  void cursor() { cmd(0x0e); }
  void noCursor() { cmd(0x0c); }
  void noDisplay() { cmd(0x08); }
  void createChar(uint8_t l, uint8_t glyph[]) {
    cmd(0x40 | ((l & 0x7) << 3));
    for (int i = 0; i != 8; i++)
    4838:	ea 14       	cp	r14, r10
    483a:	fb 04       	cpc	r15, r11
    483c:	b1 f7       	brne	.-20     	; 0x482a <main+0x222>
setup():
/home/jgalera/develop/arduino/usdx/usdx_plus_orange/usdx_plus_orange.ino:169

  delay(100);       // at least 40ms after power rises above 2.7V before sending
                    // commands
  lcd.begin(16, 4); // Init LCD
#ifndef OLED
  for (i = 0; i != N_FONTS; i++) { // Init fonts
    483e:	80 91 c9 05 	lds	r24, 0x05C9	; 0x8005c9 <i>
    4842:	90 91 ca 05 	lds	r25, 0x05CA	; 0x8005ca <i+0x1>
    4846:	01 96       	adiw	r24, 0x01	; 1
    4848:	90 93 ca 05 	sts	0x05CA, r25	; 0x8005ca <i+0x1>
    484c:	80 93 c9 05 	sts	0x05C9, r24	; 0x8005c9 <i>
    4850:	c5 cf       	rjmp	.-118    	; 0x47dc <main+0x1d4>
/home/jgalera/develop/arduino/usdx/usdx_plus_orange/usdx_plus_orange.ino:175
    pgm_cache_item(fonts[i], 8);
    lcd.createChar(0x01 + i, /*fonts[i]*/ _item);
  }
#endif

  show_banner();
    4852:	0e 94 28 19 	call	0x3250	; 0x3250 <show_banner()>
_ZN3LCD9setCursorEhh():
/home/jgalera/develop/arduino/usdx/usdx_plus_orange/src/driver/display.h:190
#ifdef CONDENSED
  void setCursor(uint8_t x, uint8_t y) {
    cmd(0x80 | (x + (uint8_t[]){0x00, 0x40, 0x00 + 20, 0x40 + 20}[y]));
  }
#else
  void setCursor(uint8_t x, uint8_t y) { cmd(0x80 | (x + y * 0x40)); }
    4856:	87 e8       	ldi	r24, 0x87	; 135
    4858:	0e 94 7f 18 	call	0x30fe	; 0x30fe <LCD::cmd(unsigned char) [clone .isra.16]>
setup():
/home/jgalera/develop/arduino/usdx/usdx_plus_orange/usdx_plus_orange.ino:177
  lcd.setCursor(7, 0);
  lcd.print(F(" R"));
    485c:	86 eb       	ldi	r24, 0xB6	; 182
    485e:	91 e0       	ldi	r25, 0x01	; 1
    4860:	0e 94 ae 18 	call	0x315c	; 0x315c <Print::print(__FlashStringHelper const*) [clone .constprop.23]>
/home/jgalera/develop/arduino/usdx/usdx_plus_orange/usdx_plus_orange.ino:178
  lcd.print(F(VERSION));
    4864:	80 eb       	ldi	r24, 0xB0	; 176
    4866:	91 e0       	ldi	r25, 0x01	; 1
    4868:	0e 94 ae 18 	call	0x315c	; 0x315c <Print::print(__FlashStringHelper const*) [clone .constprop.23]>
/home/jgalera/develop/arduino/usdx/usdx_plus_orange/usdx_plus_orange.ino:179
  lcd_blanks();
    486c:	0e 94 c9 18 	call	0x3192	; 0x3192 <lcd_blanks()>
/home/jgalera/develop/arduino/usdx/usdx_plus_orange/usdx_plus_orange.ino:272
  }*/
#endif

#ifdef DIAG
  // Measure VDD (+5V); should be ~5V
  si5351.SendRegister(SI_CLK_OE, TX0RX0); // Mute QSD
    4870:	6f ef       	ldi	r22, 0xFF	; 255
    4872:	83 e0       	ldi	r24, 0x03	; 3
    4874:	0e 94 81 13 	call	0x2702	; 0x2702 <SI5351::SendRegister(unsigned char, unsigned char) [clone .isra.11]>
/home/jgalera/develop/arduino/usdx/usdx_plus_orange/usdx_plus_orange.ino:273
  digitalWrite(KEY_OUT, LOW);
    4878:	60 e0       	ldi	r22, 0x00	; 0
    487a:	8a e0       	ldi	r24, 0x0A	; 10
    487c:	0e 94 17 03 	call	0x62e	; 0x62e <digitalWrite>
/home/jgalera/develop/arduino/usdx/usdx_plus_orange/usdx_plus_orange.ino:274
  digitalWrite(RX, LOW); // mute RX
    4880:	60 e0       	ldi	r22, 0x00	; 0
    4882:	88 e0       	ldi	r24, 0x08	; 8
    4884:	0e 94 17 03 	call	0x62e	; 0x62e <digitalWrite>
/home/jgalera/develop/arduino/usdx/usdx_plus_orange/usdx_plus_orange.ino:275
  delay(100);            // settle
    4888:	64 e6       	ldi	r22, 0x64	; 100
    488a:	70 e0       	ldi	r23, 0x00	; 0
    488c:	80 e0       	ldi	r24, 0x00	; 0
    488e:	90 e0       	ldi	r25, 0x00	; 0
    4890:	0e 94 c6 03 	call	0x78c	; 0x78c <delay>
/home/jgalera/develop/arduino/usdx/usdx_plus_orange/usdx_plus_orange.ino:276
  float vdd = 2.0 * (float)analogRead(AUDIO2) * 5.0 / 1024.0;
    4894:	8f e0       	ldi	r24, 0x0F	; 15
    4896:	0e 94 81 03 	call	0x702	; 0x702 <analogRead>
    489a:	bc 01       	movw	r22, r24
    489c:	99 0f       	add	r25, r25
    489e:	88 0b       	sbc	r24, r24
    48a0:	99 0b       	sbc	r25, r25
    48a2:	0e 94 40 38 	call	0x7080	; 0x7080 <__floatsisf>
    48a6:	9b 01       	movw	r18, r22
    48a8:	ac 01       	movw	r20, r24
    48aa:	0e 94 25 37 	call	0x6e4a	; 0x6e4a <__addsf3>
    48ae:	20 e0       	ldi	r18, 0x00	; 0
    48b0:	30 e0       	ldi	r19, 0x00	; 0
    48b2:	40 ea       	ldi	r20, 0xA0	; 160
    48b4:	50 e4       	ldi	r21, 0x40	; 64
    48b6:	0e 94 f5 38 	call	0x71ea	; 0x71ea <__mulsf3>
    48ba:	20 e0       	ldi	r18, 0x00	; 0
    48bc:	30 e0       	ldi	r19, 0x00	; 0
    48be:	40 e8       	ldi	r20, 0x80	; 128
    48c0:	5a e3       	ldi	r21, 0x3A	; 58
    48c2:	0e 94 f5 38 	call	0x71ea	; 0x71ea <__mulsf3>
    48c6:	4b 01       	movw	r8, r22
    48c8:	5c 01       	movw	r10, r24
/home/jgalera/develop/arduino/usdx/usdx_plus_orange/usdx_plus_orange.ino:277
  digitalWrite(RX, HIGH);
    48ca:	61 e0       	ldi	r22, 0x01	; 1
    48cc:	88 e0       	ldi	r24, 0x08	; 8
    48ce:	0e 94 17 03 	call	0x62e	; 0x62e <digitalWrite>
/home/jgalera/develop/arduino/usdx/usdx_plus_orange/usdx_plus_orange.ino:278
  if (!(vdd > 4.8 && vdd < 5.2)) {
    48d2:	2a e9       	ldi	r18, 0x9A	; 154
    48d4:	39 e9       	ldi	r19, 0x99	; 153
    48d6:	49 e9       	ldi	r20, 0x99	; 153
    48d8:	50 e4       	ldi	r21, 0x40	; 64
    48da:	c5 01       	movw	r24, r10
    48dc:	b4 01       	movw	r22, r8
    48de:	0e 94 f0 38 	call	0x71e0	; 0x71e0 <__gesf2>
    48e2:	18 16       	cp	r1, r24
    48e4:	54 f4       	brge	.+20     	; 0x48fa <main+0x2f2>
    48e6:	26 e6       	ldi	r18, 0x66	; 102
    48e8:	36 e6       	ldi	r19, 0x66	; 102
    48ea:	46 ea       	ldi	r20, 0xA6	; 166
    48ec:	50 e4       	ldi	r21, 0x40	; 64
    48ee:	c5 01       	movw	r24, r10
    48f0:	b4 01       	movw	r22, r8
    48f2:	0e 94 91 37 	call	0x6f22	; 0x6f22 <__cmpsf2>
    48f6:	87 fd       	sbrc	r24, 7
    48f8:	09 c0       	rjmp	.+18     	; 0x490c <main+0x304>
/home/jgalera/develop/arduino/usdx/usdx_plus_orange/usdx_plus_orange.ino:279
    fatal(F("V5.0"), vdd, 'V');
    48fa:	c5 01       	movw	r24, r10
    48fc:	b4 01       	movw	r22, r8
    48fe:	0e 94 08 38 	call	0x7010	; 0x7010 <__fixsfsi>
    4902:	46 e5       	ldi	r20, 0x56	; 86
    4904:	8b ea       	ldi	r24, 0xAB	; 171
    4906:	91 e0       	ldi	r25, 0x01	; 1
    4908:	0e 94 f6 19 	call	0x33ec	; 0x33ec <fatal(__FlashStringHelper const*, int, char)>
/home/jgalera/develop/arduino/usdx/usdx_plus_orange/usdx_plus_orange.ino:283
  }

  // Measure VEE (+3.3V); should be ~3.3V
  float vee = (float)analogRead(SCL) * 5.0 / 1024.0;
    490c:	83 e1       	ldi	r24, 0x13	; 19
    490e:	0e 94 81 03 	call	0x702	; 0x702 <analogRead>
    4912:	bc 01       	movw	r22, r24
    4914:	99 0f       	add	r25, r25
    4916:	88 0b       	sbc	r24, r24
    4918:	99 0b       	sbc	r25, r25
    491a:	0e 94 40 38 	call	0x7080	; 0x7080 <__floatsisf>
    491e:	20 e0       	ldi	r18, 0x00	; 0
    4920:	30 e0       	ldi	r19, 0x00	; 0
    4922:	40 ea       	ldi	r20, 0xA0	; 160
    4924:	50 e4       	ldi	r21, 0x40	; 64
    4926:	0e 94 f5 38 	call	0x71ea	; 0x71ea <__mulsf3>
    492a:	20 e0       	ldi	r18, 0x00	; 0
    492c:	30 e0       	ldi	r19, 0x00	; 0
    492e:	40 e8       	ldi	r20, 0x80	; 128
    4930:	5a e3       	ldi	r21, 0x3A	; 58
    4932:	0e 94 f5 38 	call	0x71ea	; 0x71ea <__mulsf3>
    4936:	4b 01       	movw	r8, r22
    4938:	5c 01       	movw	r10, r24
/home/jgalera/develop/arduino/usdx/usdx_plus_orange/usdx_plus_orange.ino:284
  if (!(vee > 3.2 && vee < 3.8)) {
    493a:	2d ec       	ldi	r18, 0xCD	; 205
    493c:	3c ec       	ldi	r19, 0xCC	; 204
    493e:	4c e4       	ldi	r20, 0x4C	; 76
    4940:	50 e4       	ldi	r21, 0x40	; 64
    4942:	0e 94 f0 38 	call	0x71e0	; 0x71e0 <__gesf2>
    4946:	18 16       	cp	r1, r24
    4948:	54 f4       	brge	.+20     	; 0x495e <main+0x356>
    494a:	23 e3       	ldi	r18, 0x33	; 51
    494c:	33 e3       	ldi	r19, 0x33	; 51
    494e:	43 e7       	ldi	r20, 0x73	; 115
    4950:	50 e4       	ldi	r21, 0x40	; 64
    4952:	c5 01       	movw	r24, r10
    4954:	b4 01       	movw	r22, r8
    4956:	0e 94 91 37 	call	0x6f22	; 0x6f22 <__cmpsf2>
    495a:	87 fd       	sbrc	r24, 7
    495c:	09 c0       	rjmp	.+18     	; 0x4970 <main+0x368>
/home/jgalera/develop/arduino/usdx/usdx_plus_orange/usdx_plus_orange.ino:285
    fatal(F("V3.3"), vee, 'V');
    495e:	c5 01       	movw	r24, r10
    4960:	b4 01       	movw	r22, r8
    4962:	0e 94 08 38 	call	0x7010	; 0x7010 <__fixsfsi>
    4966:	46 e5       	ldi	r20, 0x56	; 86
    4968:	86 ea       	ldi	r24, 0xA6	; 166
    496a:	91 e0       	ldi	r25, 0x01	; 1
    496c:	0e 94 f6 19 	call	0x33ec	; 0x33ec <fatal(__FlashStringHelper const*, int, char)>
/home/jgalera/develop/arduino/usdx/usdx_plus_orange/usdx_plus_orange.ino:290
  }

  // Measure AVCC via AREF and using internal 1.1V reference fed to ADC; should
  // be ~5V
  analogRead(6);    // setup almost proper ADC readout
    4970:	86 e0       	ldi	r24, 0x06	; 6
    4972:	0e 94 81 03 	call	0x702	; 0x702 <analogRead>
/home/jgalera/develop/arduino/usdx/usdx_plus_orange/usdx_plus_orange.ino:291
  bitSet(ADMUX, 3); // Switch to channel 14 (Vbg=1.1V)
    4976:	80 91 7c 00 	lds	r24, 0x007C	; 0x80007c <__DATA_REGION_ORIGIN__+0x1c>
    497a:	88 60       	ori	r24, 0x08	; 8
    497c:	80 93 7c 00 	sts	0x007C, r24	; 0x80007c <__DATA_REGION_ORIGIN__+0x1c>
/home/jgalera/develop/arduino/usdx/usdx_plus_orange/usdx_plus_orange.ino:292
  delay(1);         // delay improves accuracy
    4980:	61 e0       	ldi	r22, 0x01	; 1
    4982:	70 e0       	ldi	r23, 0x00	; 0
    4984:	80 e0       	ldi	r24, 0x00	; 0
    4986:	90 e0       	ldi	r25, 0x00	; 0
    4988:	0e 94 c6 03 	call	0x78c	; 0x78c <delay>
/home/jgalera/develop/arduino/usdx/usdx_plus_orange/usdx_plus_orange.ino:293
  bitSet(ADCSRA, ADSC);
    498c:	80 91 7a 00 	lds	r24, 0x007A	; 0x80007a <__DATA_REGION_ORIGIN__+0x1a>
    4990:	80 64       	ori	r24, 0x40	; 64
    4992:	80 93 7a 00 	sts	0x007A, r24	; 0x80007a <__DATA_REGION_ORIGIN__+0x1a>
/home/jgalera/develop/arduino/usdx/usdx_plus_orange/usdx_plus_orange.ino:294
  for (; bit_is_set(ADCSRA, ADSC);)
    4996:	80 91 7a 00 	lds	r24, 0x007A	; 0x80007a <__DATA_REGION_ORIGIN__+0x1a>
    499a:	86 fd       	sbrc	r24, 6
    499c:	fc cf       	rjmp	.-8      	; 0x4996 <main+0x38e>
/home/jgalera/develop/arduino/usdx/usdx_plus_orange/usdx_plus_orange.ino:296
    ;
  float avcc = 1.1 * 1023.0 / ADC;
    499e:	60 91 78 00 	lds	r22, 0x0078	; 0x800078 <__DATA_REGION_ORIGIN__+0x18>
    49a2:	70 91 79 00 	lds	r23, 0x0079	; 0x800079 <__DATA_REGION_ORIGIN__+0x19>
    49a6:	90 e0       	ldi	r25, 0x00	; 0
    49a8:	80 e0       	ldi	r24, 0x00	; 0
    49aa:	0e 94 3e 38 	call	0x707c	; 0x707c <__floatunsisf>
    49ae:	9b 01       	movw	r18, r22
    49b0:	ac 01       	movw	r20, r24
    49b2:	6a e9       	ldi	r22, 0x9A	; 154
    49b4:	79 ea       	ldi	r23, 0xA9	; 169
    49b6:	8c e8       	ldi	r24, 0x8C	; 140
    49b8:	94 e4       	ldi	r25, 0x44	; 68
    49ba:	0e 94 96 37 	call	0x6f2c	; 0x6f2c <__divsf3>
    49be:	4b 01       	movw	r8, r22
    49c0:	5c 01       	movw	r10, r24
/home/jgalera/develop/arduino/usdx/usdx_plus_orange/usdx_plus_orange.ino:297
  if (!(avcc > 4.6 && avcc < 5.2)) {
    49c2:	23 e3       	ldi	r18, 0x33	; 51
    49c4:	33 e3       	ldi	r19, 0x33	; 51
    49c6:	43 e9       	ldi	r20, 0x93	; 147
    49c8:	50 e4       	ldi	r21, 0x40	; 64
    49ca:	0e 94 f0 38 	call	0x71e0	; 0x71e0 <__gesf2>
    49ce:	18 16       	cp	r1, r24
    49d0:	54 f4       	brge	.+20     	; 0x49e6 <main+0x3de>
    49d2:	26 e6       	ldi	r18, 0x66	; 102
    49d4:	36 e6       	ldi	r19, 0x66	; 102
    49d6:	46 ea       	ldi	r20, 0xA6	; 166
    49d8:	50 e4       	ldi	r21, 0x40	; 64
    49da:	c5 01       	movw	r24, r10
    49dc:	b4 01       	movw	r22, r8
    49de:	0e 94 91 37 	call	0x6f22	; 0x6f22 <__cmpsf2>
    49e2:	87 fd       	sbrc	r24, 7
    49e4:	09 c0       	rjmp	.+18     	; 0x49f8 <main+0x3f0>
/home/jgalera/develop/arduino/usdx/usdx_plus_orange/usdx_plus_orange.ino:298
    fatal(F("Vavcc"), avcc, 'V');
    49e6:	c5 01       	movw	r24, r10
    49e8:	b4 01       	movw	r22, r8
    49ea:	0e 94 08 38 	call	0x7010	; 0x7010 <__fixsfsi>
    49ee:	46 e5       	ldi	r20, 0x56	; 86
    49f0:	80 ea       	ldi	r24, 0xA0	; 160
    49f2:	91 e0       	ldi	r25, 0x01	; 1
    49f4:	0e 94 f6 19 	call	0x33ec	; 0x33ec <fatal(__FlashStringHelper const*, int, char)>
/home/jgalera/develop/arduino/usdx/usdx_plus_orange/usdx_plus_orange.ino:313
    fatal(F("MIC in rev.pol"));
  }*/

  // Measure DVM bias; should be ~VAREF/2
#ifdef _SERIAL
  DDRC &= ~(1 << 2); // disable PC2, so that ADC2 can be used as mic input
    49f8:	3a 98       	cbi	0x07, 2	; 7
/home/jgalera/develop/arduino/usdx/usdx_plus_orange/usdx_plus_orange.ino:319
#else
  PORTD |= 1 << 1;
  DDRD |= 1 << 1; // keep PD1 HIGH so that in case diode is installed to PC2 it
                  // is kept blocked (otherwise ADC2 input is pulled down!)
#endif
  delay(10);
    49fa:	6a e0       	ldi	r22, 0x0A	; 10
    49fc:	70 e0       	ldi	r23, 0x00	; 0
    49fe:	80 e0       	ldi	r24, 0x00	; 0
    4a00:	90 e0       	ldi	r25, 0x00	; 0
    4a02:	0e 94 c6 03 	call	0x78c	; 0x78c <delay>
/home/jgalera/develop/arduino/usdx/usdx_plus_orange/usdx_plus_orange.ino:321
#ifdef TX_ENABLE
  float dvm = (float)analogRead(DVM) * 5.0 / 1024.0;
    4a06:	80 e1       	ldi	r24, 0x10	; 16
    4a08:	0e 94 81 03 	call	0x702	; 0x702 <analogRead>
    4a0c:	bc 01       	movw	r22, r24
    4a0e:	99 0f       	add	r25, r25
    4a10:	88 0b       	sbc	r24, r24
    4a12:	99 0b       	sbc	r25, r25
    4a14:	0e 94 40 38 	call	0x7080	; 0x7080 <__floatsisf>
    4a18:	20 e0       	ldi	r18, 0x00	; 0
    4a1a:	30 e0       	ldi	r19, 0x00	; 0
    4a1c:	40 ea       	ldi	r20, 0xA0	; 160
    4a1e:	50 e4       	ldi	r21, 0x40	; 64
    4a20:	0e 94 f5 38 	call	0x71ea	; 0x71ea <__mulsf3>
    4a24:	20 e0       	ldi	r18, 0x00	; 0
    4a26:	30 e0       	ldi	r19, 0x00	; 0
    4a28:	40 e8       	ldi	r20, 0x80	; 128
    4a2a:	5a e3       	ldi	r21, 0x3A	; 58
    4a2c:	0e 94 f5 38 	call	0x71ea	; 0x71ea <__mulsf3>
    4a30:	4b 01       	movw	r8, r22
    4a32:	5c 01       	movw	r10, r24
/home/jgalera/develop/arduino/usdx/usdx_plus_orange/usdx_plus_orange.ino:322
  if ((ssb_cap) && !(dvm > 1.8 && dvm < 3.2)) {
    4a34:	26 e6       	ldi	r18, 0x66	; 102
    4a36:	36 e6       	ldi	r19, 0x66	; 102
    4a38:	46 ee       	ldi	r20, 0xE6	; 230
    4a3a:	5f e3       	ldi	r21, 0x3F	; 63
    4a3c:	0e 94 f0 38 	call	0x71e0	; 0x71e0 <__gesf2>
    4a40:	18 16       	cp	r1, r24
    4a42:	54 f4       	brge	.+20     	; 0x4a58 <main+0x450>
    4a44:	2d ec       	ldi	r18, 0xCD	; 205
    4a46:	3c ec       	ldi	r19, 0xCC	; 204
    4a48:	4c e4       	ldi	r20, 0x4C	; 76
    4a4a:	50 e4       	ldi	r21, 0x40	; 64
    4a4c:	c5 01       	movw	r24, r10
    4a4e:	b4 01       	movw	r22, r8
    4a50:	0e 94 91 37 	call	0x6f22	; 0x6f22 <__cmpsf2>
    4a54:	87 fd       	sbrc	r24, 7
    4a56:	09 c0       	rjmp	.+18     	; 0x4a6a <main+0x462>
/home/jgalera/develop/arduino/usdx/usdx_plus_orange/usdx_plus_orange.ino:323
    fatal(F("Vadc2"), dvm, 'V');
    4a58:	c5 01       	movw	r24, r10
    4a5a:	b4 01       	movw	r22, r8
    4a5c:	0e 94 08 38 	call	0x7010	; 0x7010 <__fixsfsi>
    4a60:	46 e5       	ldi	r20, 0x56	; 86
    4a62:	8a e9       	ldi	r24, 0x9A	; 154
    4a64:	91 e0       	ldi	r25, 0x01	; 1
    4a66:	0e 94 f6 19 	call	0x33ec	; 0x33ec <fatal(__FlashStringHelper const*, int, char)>
/home/jgalera/develop/arduino/usdx/usdx_plus_orange/usdx_plus_orange.ino:329
  }
#endif

  // Measure AUDIO1, AUDIO2 bias; should be ~VAREF/2
  if (dsp_cap == SDR) {
    float audio1 = (float)analogRead(AUDIO1) * 5.0 / 1024.0;
    4a6a:	8e e0       	ldi	r24, 0x0E	; 14
    4a6c:	0e 94 81 03 	call	0x702	; 0x702 <analogRead>
    4a70:	bc 01       	movw	r22, r24
    4a72:	99 0f       	add	r25, r25
    4a74:	88 0b       	sbc	r24, r24
    4a76:	99 0b       	sbc	r25, r25
    4a78:	0e 94 40 38 	call	0x7080	; 0x7080 <__floatsisf>
    4a7c:	20 e0       	ldi	r18, 0x00	; 0
    4a7e:	30 e0       	ldi	r19, 0x00	; 0
    4a80:	40 ea       	ldi	r20, 0xA0	; 160
    4a82:	50 e4       	ldi	r21, 0x40	; 64
    4a84:	0e 94 f5 38 	call	0x71ea	; 0x71ea <__mulsf3>
    4a88:	20 e0       	ldi	r18, 0x00	; 0
    4a8a:	30 e0       	ldi	r19, 0x00	; 0
    4a8c:	40 e8       	ldi	r20, 0x80	; 128
    4a8e:	5a e3       	ldi	r21, 0x3A	; 58
    4a90:	0e 94 f5 38 	call	0x71ea	; 0x71ea <__mulsf3>
    4a94:	4b 01       	movw	r8, r22
    4a96:	5c 01       	movw	r10, r24
/home/jgalera/develop/arduino/usdx/usdx_plus_orange/usdx_plus_orange.ino:330
    if (!(audio1 > 1.8 && audio1 < 3.2)) {
    4a98:	26 e6       	ldi	r18, 0x66	; 102
    4a9a:	36 e6       	ldi	r19, 0x66	; 102
    4a9c:	46 ee       	ldi	r20, 0xE6	; 230
    4a9e:	5f e3       	ldi	r21, 0x3F	; 63
    4aa0:	0e 94 f0 38 	call	0x71e0	; 0x71e0 <__gesf2>
    4aa4:	18 16       	cp	r1, r24
    4aa6:	54 f4       	brge	.+20     	; 0x4abc <main+0x4b4>
    4aa8:	2d ec       	ldi	r18, 0xCD	; 205
    4aaa:	3c ec       	ldi	r19, 0xCC	; 204
    4aac:	4c e4       	ldi	r20, 0x4C	; 76
    4aae:	50 e4       	ldi	r21, 0x40	; 64
    4ab0:	c5 01       	movw	r24, r10
    4ab2:	b4 01       	movw	r22, r8
    4ab4:	0e 94 91 37 	call	0x6f22	; 0x6f22 <__cmpsf2>
    4ab8:	87 fd       	sbrc	r24, 7
    4aba:	09 c0       	rjmp	.+18     	; 0x4ace <main+0x4c6>
/home/jgalera/develop/arduino/usdx/usdx_plus_orange/usdx_plus_orange.ino:331
      fatal(F("Vadc0"), audio1, 'V');
    4abc:	c5 01       	movw	r24, r10
    4abe:	b4 01       	movw	r22, r8
    4ac0:	0e 94 08 38 	call	0x7010	; 0x7010 <__fixsfsi>
    4ac4:	46 e5       	ldi	r20, 0x56	; 86
    4ac6:	84 e9       	ldi	r24, 0x94	; 148
    4ac8:	91 e0       	ldi	r25, 0x01	; 1
    4aca:	0e 94 f6 19 	call	0x33ec	; 0x33ec <fatal(__FlashStringHelper const*, int, char)>
/home/jgalera/develop/arduino/usdx/usdx_plus_orange/usdx_plus_orange.ino:333
    }
    float audio2 = (float)analogRead(AUDIO2) * 5.0 / 1024.0;
    4ace:	8f e0       	ldi	r24, 0x0F	; 15
    4ad0:	0e 94 81 03 	call	0x702	; 0x702 <analogRead>
    4ad4:	bc 01       	movw	r22, r24
    4ad6:	99 0f       	add	r25, r25
    4ad8:	88 0b       	sbc	r24, r24
    4ada:	99 0b       	sbc	r25, r25
    4adc:	0e 94 40 38 	call	0x7080	; 0x7080 <__floatsisf>
    4ae0:	20 e0       	ldi	r18, 0x00	; 0
    4ae2:	30 e0       	ldi	r19, 0x00	; 0
    4ae4:	40 ea       	ldi	r20, 0xA0	; 160
    4ae6:	50 e4       	ldi	r21, 0x40	; 64
    4ae8:	0e 94 f5 38 	call	0x71ea	; 0x71ea <__mulsf3>
    4aec:	20 e0       	ldi	r18, 0x00	; 0
    4aee:	30 e0       	ldi	r19, 0x00	; 0
    4af0:	40 e8       	ldi	r20, 0x80	; 128
    4af2:	5a e3       	ldi	r21, 0x3A	; 58
    4af4:	0e 94 f5 38 	call	0x71ea	; 0x71ea <__mulsf3>
    4af8:	4b 01       	movw	r8, r22
    4afa:	5c 01       	movw	r10, r24
/home/jgalera/develop/arduino/usdx/usdx_plus_orange/usdx_plus_orange.ino:334
    if (!(audio2 > 1.8 && audio2 < 3.2)) {
    4afc:	26 e6       	ldi	r18, 0x66	; 102
    4afe:	36 e6       	ldi	r19, 0x66	; 102
    4b00:	46 ee       	ldi	r20, 0xE6	; 230
    4b02:	5f e3       	ldi	r21, 0x3F	; 63
    4b04:	0e 94 f0 38 	call	0x71e0	; 0x71e0 <__gesf2>
    4b08:	18 16       	cp	r1, r24
    4b0a:	54 f4       	brge	.+20     	; 0x4b20 <main+0x518>
    4b0c:	2d ec       	ldi	r18, 0xCD	; 205
    4b0e:	3c ec       	ldi	r19, 0xCC	; 204
    4b10:	4c e4       	ldi	r20, 0x4C	; 76
    4b12:	50 e4       	ldi	r21, 0x40	; 64
    4b14:	c5 01       	movw	r24, r10
    4b16:	b4 01       	movw	r22, r8
    4b18:	0e 94 91 37 	call	0x6f22	; 0x6f22 <__cmpsf2>
    4b1c:	87 fd       	sbrc	r24, 7
    4b1e:	09 c0       	rjmp	.+18     	; 0x4b32 <main+0x52a>
/home/jgalera/develop/arduino/usdx/usdx_plus_orange/usdx_plus_orange.ino:335
      fatal(F("Vadc1"), audio2, 'V');
    4b20:	c5 01       	movw	r24, r10
    4b22:	b4 01       	movw	r22, r8
    4b24:	0e 94 08 38 	call	0x7010	; 0x7010 <__fixsfsi>
    4b28:	46 e5       	ldi	r20, 0x56	; 86
    4b2a:	8e e8       	ldi	r24, 0x8E	; 142
    4b2c:	91 e0       	ldi	r25, 0x01	; 1
    4b2e:	0e 94 f6 19 	call	0x33ec	; 0x33ec <fatal(__FlashStringHelper const*, int, char)>
/home/jgalera/develop/arduino/usdx/usdx_plus_orange/usdx_plus_orange.ino:342
  }

#ifdef TX_ENABLE
  // Measure I2C Bus speed for Bulk Transfers
  // si5351.freq(freq, 0, 90);
  wdt_reset();
    4b32:	a8 95       	wdr
/home/jgalera/develop/arduino/usdx/usdx_plus_orange/usdx_plus_orange.ino:343
  t0 = micros();
    4b34:	0e 94 a1 03 	call	0x742	; 0x742 <micros>
/home/jgalera/develop/arduino/usdx/usdx_plus_orange/usdx_plus_orange.ino:344
  for (i = 0; i != 1000; i++)
    4b38:	10 92 ca 05 	sts	0x05CA, r1	; 0x8005ca <i+0x1>
    4b3c:	10 92 c9 05 	sts	0x05C9, r1	; 0x8005c9 <i>
    4b40:	80 91 c9 05 	lds	r24, 0x05C9	; 0x8005c9 <i>
    4b44:	90 91 ca 05 	lds	r25, 0x05CA	; 0x8005ca <i+0x1>
    4b48:	88 3e       	cpi	r24, 0xE8	; 232
    4b4a:	93 40       	sbci	r25, 0x03	; 3
    4b4c:	61 f0       	breq	.+24     	; 0x4b66 <main+0x55e>
/home/jgalera/develop/arduino/usdx/usdx_plus_orange/usdx_plus_orange.ino:345
    si5351.SendPLLRegisterBulk();
    4b4e:	0e 94 22 05 	call	0xa44	; 0xa44 <SI5351::SendPLLRegisterBulk() [clone .constprop.28]>
/home/jgalera/develop/arduino/usdx/usdx_plus_orange/usdx_plus_orange.ino:344
#ifdef TX_ENABLE
  // Measure I2C Bus speed for Bulk Transfers
  // si5351.freq(freq, 0, 90);
  wdt_reset();
  t0 = micros();
  for (i = 0; i != 1000; i++)
    4b52:	80 91 c9 05 	lds	r24, 0x05C9	; 0x8005c9 <i>
    4b56:	90 91 ca 05 	lds	r25, 0x05CA	; 0x8005ca <i+0x1>
    4b5a:	01 96       	adiw	r24, 0x01	; 1
    4b5c:	90 93 ca 05 	sts	0x05CA, r25	; 0x8005ca <i+0x1>
    4b60:	80 93 c9 05 	sts	0x05C9, r24	; 0x8005c9 <i>
    4b64:	ed cf       	rjmp	.-38     	; 0x4b40 <main+0x538>
/home/jgalera/develop/arduino/usdx/usdx_plus_orange/usdx_plus_orange.ino:346
    si5351.SendPLLRegisterBulk();
  t1 = micros();
    4b66:	0e 94 a1 03 	call	0x742	; 0x742 <micros>
/home/jgalera/develop/arduino/usdx/usdx_plus_orange/usdx_plus_orange.ino:354
    fatal(F("i2cspeed"), speed, 'k');
  }

  // Measure I2C Bit-Error Rate (BER); should be error free for a thousand
  // random bulk PLLB writes
  si5351.freq(freq, 0,
    4b6a:	60 91 b5 01 	lds	r22, 0x01B5	; 0x8001b5 <freq>
    4b6e:	70 91 b6 01 	lds	r23, 0x01B6	; 0x8001b6 <freq+0x1>
    4b72:	80 91 b7 01 	lds	r24, 0x01B7	; 0x8001b7 <freq+0x2>
    4b76:	90 91 b8 01 	lds	r25, 0x01B8	; 0x8001b8 <freq+0x3>
    4b7a:	2a e5       	ldi	r18, 0x5A	; 90
    4b7c:	30 e0       	ldi	r19, 0x00	; 0
    4b7e:	50 e0       	ldi	r21, 0x00	; 0
    4b80:	40 e0       	ldi	r20, 0x00	; 0
    4b82:	0e 94 51 16 	call	0x2ca2	; 0x2ca2 <SI5351::freq(long, unsigned int, unsigned int) [clone .constprop.26]>
/home/jgalera/develop/arduino/usdx/usdx_plus_orange/usdx_plus_orange.ino:356
              90); // freq needs to be set in order to use freq_calc_fast()
  wdt_reset();
    4b86:	a8 95       	wdr
/home/jgalera/develop/arduino/usdx/usdx_plus_orange/usdx_plus_orange.ino:358
  uint16_t i2c_error = 0; // number of I2C byte transfer errors
  for (i = 0; i != 1000; i++) {
    4b88:	10 92 ca 05 	sts	0x05CA, r1	; 0x8005ca <i+0x1>
    4b8c:	10 92 c9 05 	sts	0x05C9, r1	; 0x8005c9 <i>
main():
/home/jgalera/develop/arduino/usdx/usdx_plus_orange/usdx_plus_orange.ino:357
  // Measure I2C Bit-Error Rate (BER); should be error free for a thousand
  // random bulk PLLB writes
  si5351.freq(freq, 0,
              90); // freq needs to be set in order to use freq_calc_fast()
  wdt_reset();
  uint16_t i2c_error = 0; // number of I2C byte transfer errors
    4b90:	b1 2c       	mov	r11, r1
    4b92:	a1 2c       	mov	r10, r1
setup():
/home/jgalera/develop/arduino/usdx/usdx_plus_orange/usdx_plus_orange.ino:358
  for (i = 0; i != 1000; i++) {
    4b94:	80 91 c9 05 	lds	r24, 0x05C9	; 0x8005c9 <i>
    4b98:	90 91 ca 05 	lds	r25, 0x05CA	; 0x8005ca <i+0x1>
    4b9c:	88 3e       	cpi	r24, 0xE8	; 232
    4b9e:	93 40       	sbci	r25, 0x03	; 3
    4ba0:	09 f4       	brne	.+2      	; 0x4ba4 <main+0x59c>
    4ba2:	68 c0       	rjmp	.+208    	; 0x4c74 <main+0x66c>
/home/jgalera/develop/arduino/usdx/usdx_plus_orange/usdx_plus_orange.ino:359
    si5351.freq_calc_fast(i);
    4ba4:	80 91 c9 05 	lds	r24, 0x05C9	; 0x8005c9 <i>
    4ba8:	90 91 ca 05 	lds	r25, 0x05CA	; 0x8005ca <i+0x1>
    4bac:	0e 94 2e 02 	call	0x45c	; 0x45c <SI5351::freq_calc_fast(int) [clone .constprop.29]>
/home/jgalera/develop/arduino/usdx/usdx_plus_orange/usdx_plus_orange.ino:361
    // for(int j = 0; j != 8; j++) si5351.pll_regs[j] = rand();
    si5351.SendPLLRegisterBulk();
    4bb0:	0e 94 22 05 	call	0xa44	; 0xa44 <SI5351::SendPLLRegisterBulk() [clone .constprop.28]>
main():
/home/jgalera/develop/arduino/usdx/usdx_plus_orange/usdx_plus_orange.ino:364
#define SI_SYNTH_PLL_A 26
#ifdef NEW_TX
    for (int j = 4; j != 8; j++)
    4bb4:	74 e0       	ldi	r23, 0x04	; 4
    4bb6:	e7 2e       	mov	r14, r23
    4bb8:	f1 2c       	mov	r15, r1
_ZN6SI535112RecvRegisterEh.isra.11():
/home/jgalera/develop/arduino/usdx/usdx_plus_orange/src/driver/si5351.h:267
    ms(MSNB, fvcoa, fxtal);
    ms(MS2, fvcoa, fout, PLLB, 0, 0, 0);
  }

  uint8_t RecvRegister(uint8_t reg) {
    i2c.start(); // Data write to set the register address
    4bba:	0e 94 1b 05 	call	0xa36	; 0xa36 <I2C::start() [clone .isra.1]>
/home/jgalera/develop/arduino/usdx/usdx_plus_orange/src/driver/si5351.h:268
    i2c.SendByte(SI5351_ADDR << 1);
    4bbe:	80 ec       	ldi	r24, 0xC0	; 192
    4bc0:	0e 94 a6 01 	call	0x34c	; 0x34c <I2C::SendByte(unsigned char) [clone .constprop.32]>
/home/jgalera/develop/arduino/usdx/usdx_plus_orange/src/driver/si5351.h:269
    i2c.SendByte(reg);
    4bc4:	8a e1       	ldi	r24, 0x1A	; 26
    4bc6:	8e 0d       	add	r24, r14
    4bc8:	0e 94 a6 01 	call	0x34c	; 0x34c <I2C::SendByte(unsigned char) [clone .constprop.32]>
/home/jgalera/develop/arduino/usdx/usdx_plus_orange/src/driver/si5351.h:270
    i2c.stop();
    4bcc:	0e 94 0f 05 	call	0xa1e	; 0xa1e <I2C::stop() [clone .isra.3]>
/home/jgalera/develop/arduino/usdx/usdx_plus_orange/src/driver/si5351.h:271
    i2c.start(); // Data read to retrieve the data from the set address
    4bd0:	0e 94 1b 05 	call	0xa36	; 0xa36 <I2C::start() [clone .isra.1]>
/home/jgalera/develop/arduino/usdx/usdx_plus_orange/src/driver/si5351.h:272
    i2c.SendByte((SI5351_ADDR << 1) | 1);
    4bd4:	81 ec       	ldi	r24, 0xC1	; 193
    4bd6:	0e 94 a6 01 	call	0x34c	; 0x34c <I2C::SendByte(unsigned char) [clone .constprop.32]>
RecvByte():
/home/jgalera/develop/arduino/usdx/usdx_plus_orange/src/hardware/soft_i2c.h:110
  inline uint8_t RecvByte(uint8_t last) {
    uint8_t data = 0;
    data |= RecvBit(1 << 7);
    4bda:	80 e8       	ldi	r24, 0x80	; 128
    4bdc:	0e 94 3d 18 	call	0x307a	; 0x307a <I2C::RecvBit(unsigned char) [clone .isra.2]>
    4be0:	98 2e       	mov	r9, r24
/home/jgalera/develop/arduino/usdx/usdx_plus_orange/src/hardware/soft_i2c.h:111
    data |= RecvBit(1 << 6);
    4be2:	80 e4       	ldi	r24, 0x40	; 64
    4be4:	0e 94 3d 18 	call	0x307a	; 0x307a <I2C::RecvBit(unsigned char) [clone .isra.2]>
    4be8:	98 2a       	or	r9, r24
/home/jgalera/develop/arduino/usdx/usdx_plus_orange/src/hardware/soft_i2c.h:112
    data |= RecvBit(1 << 5);
    4bea:	80 e2       	ldi	r24, 0x20	; 32
    4bec:	0e 94 3d 18 	call	0x307a	; 0x307a <I2C::RecvBit(unsigned char) [clone .isra.2]>
    4bf0:	98 2a       	or	r9, r24
/home/jgalera/develop/arduino/usdx/usdx_plus_orange/src/hardware/soft_i2c.h:113
    data |= RecvBit(1 << 4);
    4bf2:	80 e1       	ldi	r24, 0x10	; 16
    4bf4:	0e 94 3d 18 	call	0x307a	; 0x307a <I2C::RecvBit(unsigned char) [clone .isra.2]>
    4bf8:	98 2a       	or	r9, r24
/home/jgalera/develop/arduino/usdx/usdx_plus_orange/src/hardware/soft_i2c.h:114
    data |= RecvBit(1 << 3);
    4bfa:	88 e0       	ldi	r24, 0x08	; 8
    4bfc:	0e 94 3d 18 	call	0x307a	; 0x307a <I2C::RecvBit(unsigned char) [clone .isra.2]>
    4c00:	98 2a       	or	r9, r24
/home/jgalera/develop/arduino/usdx/usdx_plus_orange/src/hardware/soft_i2c.h:115
    data |= RecvBit(1 << 2);
    4c02:	84 e0       	ldi	r24, 0x04	; 4
    4c04:	0e 94 3d 18 	call	0x307a	; 0x307a <I2C::RecvBit(unsigned char) [clone .isra.2]>
    4c08:	98 2a       	or	r9, r24
/home/jgalera/develop/arduino/usdx/usdx_plus_orange/src/hardware/soft_i2c.h:116
    data |= RecvBit(1 << 1);
    4c0a:	82 e0       	ldi	r24, 0x02	; 2
    4c0c:	0e 94 3d 18 	call	0x307a	; 0x307a <I2C::RecvBit(unsigned char) [clone .isra.2]>
    4c10:	98 2a       	or	r9, r24
/home/jgalera/develop/arduino/usdx/usdx_plus_orange/src/hardware/soft_i2c.h:117
    data |= RecvBit(1 << 0);
    4c12:	81 e0       	ldi	r24, 0x01	; 1
    4c14:	0e 94 3d 18 	call	0x307a	; 0x307a <I2C::RecvBit(unsigned char) [clone .isra.2]>
    4c18:	98 2a       	or	r9, r24
/home/jgalera/develop/arduino/usdx/usdx_plus_orange/src/hardware/soft_i2c.h:119
    if (last) {
      I2C_SDA_HI(); // NACK
    4c1a:	3c 98       	cbi	0x07, 4	; 7
	...
/home/jgalera/develop/arduino/usdx/usdx_plus_orange/src/hardware/soft_i2c.h:124
    } else {
      I2C_SDA_LO(); // ACK
    }
    DELAY(I2C_DELAY);
    I2C_SCL_HI();
    4c24:	3d 98       	cbi	0x07, 5	; 7
	...
/home/jgalera/develop/arduino/usdx/usdx_plus_orange/src/hardware/soft_i2c.h:125
    I2C_SDA_HI(); // restore SDA for read
    4c2e:	3c 98       	cbi	0x07, 4	; 7
/home/jgalera/develop/arduino/usdx/usdx_plus_orange/src/hardware/soft_i2c.h:126
    I2C_SCL_LO();
    4c30:	3d 9a       	sbi	0x07, 5	; 7
	...
_ZN6SI535112RecvRegisterEh.isra.11():
/home/jgalera/develop/arduino/usdx/usdx_plus_orange/src/driver/si5351.h:274
    uint8_t data = i2c.RecvByte(true);
    i2c.stop();
    4c3a:	0e 94 0f 05 	call	0xa1e	; 0xa1e <I2C::stop() [clone .isra.3]>
setup():
/home/jgalera/develop/arduino/usdx/usdx_plus_orange/usdx_plus_orange.ino:365
      if (si5351.RecvRegister(SI_SYNTH_PLL_A + j) != si5351.pll_regs[j])
    4c3e:	f7 01       	movw	r30, r14
    4c40:	e4 54       	subi	r30, 0x44	; 68
    4c42:	f9 4f       	sbci	r31, 0xF9	; 249
    4c44:	83 85       	ldd	r24, Z+11	; 0x0b
    4c46:	89 15       	cp	r24, r9
    4c48:	19 f0       	breq	.+6      	; 0x4c50 <main+0x648>
/home/jgalera/develop/arduino/usdx/usdx_plus_orange/usdx_plus_orange.ino:366
        i2c_error++;
    4c4a:	ff ef       	ldi	r31, 0xFF	; 255
    4c4c:	af 1a       	sub	r10, r31
    4c4e:	bf 0a       	sbc	r11, r31
/home/jgalera/develop/arduino/usdx/usdx_plus_orange/usdx_plus_orange.ino:364
    si5351.freq_calc_fast(i);
    // for(int j = 0; j != 8; j++) si5351.pll_regs[j] = rand();
    si5351.SendPLLRegisterBulk();
#define SI_SYNTH_PLL_A 26
#ifdef NEW_TX
    for (int j = 4; j != 8; j++)
    4c50:	2f ef       	ldi	r18, 0xFF	; 255
    4c52:	e2 1a       	sub	r14, r18
    4c54:	f2 0a       	sbc	r15, r18
    4c56:	38 e0       	ldi	r19, 0x08	; 8
    4c58:	e3 16       	cp	r14, r19
    4c5a:	f1 04       	cpc	r15, r1
    4c5c:	09 f0       	breq	.+2      	; 0x4c60 <main+0x658>
    4c5e:	ad cf       	rjmp	.-166    	; 0x4bba <main+0x5b2>
/home/jgalera/develop/arduino/usdx/usdx_plus_orange/usdx_plus_orange.ino:358
  // random bulk PLLB writes
  si5351.freq(freq, 0,
              90); // freq needs to be set in order to use freq_calc_fast()
  wdt_reset();
  uint16_t i2c_error = 0; // number of I2C byte transfer errors
  for (i = 0; i != 1000; i++) {
    4c60:	80 91 c9 05 	lds	r24, 0x05C9	; 0x8005c9 <i>
    4c64:	90 91 ca 05 	lds	r25, 0x05CA	; 0x8005ca <i+0x1>
    4c68:	01 96       	adiw	r24, 0x01	; 1
    4c6a:	90 93 ca 05 	sts	0x05CA, r25	; 0x8005ca <i+0x1>
    4c6e:	80 93 c9 05 	sts	0x05C9, r24	; 0x8005c9 <i>
    4c72:	90 cf       	rjmp	.-224    	; 0x4b94 <main+0x58c>
/home/jgalera/develop/arduino/usdx/usdx_plus_orange/usdx_plus_orange.ino:373
    for (int j = 3; j != 8; j++)
      if (si5351.RecvRegister(SI_SYNTH_PLL_A + j) != si5351.pll_regs[j])
        i2c_error++;
#endif // NEW_TX
  }
  wdt_reset();
    4c74:	a8 95       	wdr
/home/jgalera/develop/arduino/usdx/usdx_plus_orange/usdx_plus_orange.ino:374
  if (i2c_error) {
    4c76:	a1 14       	cp	r10, r1
    4c78:	b1 04       	cpc	r11, r1
    4c7a:	31 f0       	breq	.+12     	; 0x4c88 <main+0x680>
/home/jgalera/develop/arduino/usdx/usdx_plus_orange/usdx_plus_orange.ino:375
    fatal(F("BER_i2c"), i2c_error, ' ');
    4c7c:	40 e2       	ldi	r20, 0x20	; 32
    4c7e:	b5 01       	movw	r22, r10
    4c80:	86 e8       	ldi	r24, 0x86	; 134
    4c82:	91 e0       	ldi	r25, 0x01	; 1
    4c84:	0e 94 f6 19 	call	0x33ec	; 0x33ec <fatal(__FlashStringHelper const*, int, char)>
/home/jgalera/develop/arduino/usdx/usdx_plus_orange/usdx_plus_orange.ino:380
  }
#endif // TX_ENABLE
#endif // DIAG

  drive = 4; // Init settings
    4c88:	84 e0       	ldi	r24, 0x04	; 4
    4c8a:	80 93 6b 01 	sts	0x016B, r24	; 0x80016b <drive>
/home/jgalera/develop/arduino/usdx/usdx_plus_orange/usdx_plus_orange.ino:397
    volume = 10;
  if (!dsp_cap)
    cw_tone =
        2; // use internal 700Hz QCX filter, so use same offset and keyer tone
#endif     // QCX
  cw_offset = tones[cw_tone];
    4c8e:	e0 91 b2 01 	lds	r30, 0x01B2	; 0x8001b2 <cw_tone>
    4c92:	64 e0       	ldi	r22, 0x04	; 4
    4c94:	e6 9f       	mul	r30, r22
    4c96:	f0 01       	movw	r30, r0
    4c98:	11 24       	eor	r1, r1
    4c9a:	e4 5b       	subi	r30, 0xB4	; 180
    4c9c:	fd 4f       	sbci	r31, 0xFD	; 253
    4c9e:	80 81       	ld	r24, Z
    4ca0:	91 81       	ldd	r25, Z+1	; 0x01
    4ca2:	a2 81       	ldd	r26, Z+2	; 0x02
    4ca4:	b3 81       	ldd	r27, Z+3	; 0x03
    4ca6:	80 93 e6 05 	sts	0x05E6, r24	; 0x8005e6 <cw_offset>
    4caa:	90 93 e7 05 	sts	0x05E7, r25	; 0x8005e7 <cw_offset+0x1>
    4cae:	a0 93 e8 05 	sts	0x05E8, r26	; 0x8005e8 <cw_offset+0x2>
    4cb2:	b0 93 e9 05 	sts	0x05E9, r27	; 0x8005e9 <cw_offset+0x3>
/home/jgalera/develop/arduino/usdx/usdx_plus_orange/usdx_plus_orange.ino:402
  // freq = bands[band];

  // Load parameters from EEPROM, reset to factory defaults when stored values
  // are from a different version
  paramAction(LOAD, VERS);
    4cb6:	62 e3       	ldi	r22, 0x32	; 50
    4cb8:	83 e0       	ldi	r24, 0x03	; 3
    4cba:	0e 94 d6 1d 	call	0x3bac	; 0x3bac <paramAction(unsigned char, unsigned char)>
/home/jgalera/develop/arduino/usdx/usdx_plus_orange/usdx_plus_orange.ino:403
  if ((eeprom_version != get_version_id()) ||
    4cbe:	80 91 c8 05 	lds	r24, 0x05C8	; 0x8005c8 <eeprom_version>
    4cc2:	88 37       	cpi	r24, 0x78	; 120
    4cc4:	09 f4       	brne	.+2      	; 0x4cc8 <main+0x6c0>
    4cc6:	29 c1       	rjmp	.+594    	; 0x4f1a <main+0x912>
/home/jgalera/develop/arduino/usdx/usdx_plus_orange/usdx_plus_orange.ino:407
      _digitalRead(BUTTONS)) { // EEPROM clean: if rotary-key pressed or version
                               // signature in EEPROM does NOT corresponds with
                               // this firmware
    eeprom_version = get_version_id();
    4cc8:	88 e7       	ldi	r24, 0x78	; 120
    4cca:	80 93 c8 05 	sts	0x05C8, r24	; 0x8005c8 <eeprom_version>
/home/jgalera/develop/arduino/usdx/usdx_plus_orange/usdx_plus_orange.ino:411
    // for(int n = 0; n != 1024; n++){ eeprom_write_byte((uint8_t *) n, 0);
    // wdt_reset(); } //clean EEPROM eeprom_write_dword((uint32_t
    // *)EEPROM_OFFSET/3, 0x000000);
    paramAction(SAVE); // save default parameter values
    4cce:	6f ef       	ldi	r22, 0xFF	; 255
    4cd0:	84 e0       	ldi	r24, 0x04	; 4
    4cd2:	0e 94 d6 1d 	call	0x3bac	; 0x3bac <paramAction(unsigned char, unsigned char)>
_ZN3LCD9setCursorEhh():
/home/jgalera/develop/arduino/usdx/usdx_plus_orange/src/driver/display.h:190
    4cd6:	80 ec       	ldi	r24, 0xC0	; 192
    4cd8:	0e 94 7f 18 	call	0x30fe	; 0x30fe <LCD::cmd(unsigned char) [clone .isra.16]>
setup():
/home/jgalera/develop/arduino/usdx/usdx_plus_orange/usdx_plus_orange.ino:413
    lcd.setCursor(0, 1);
    lcd.print(F("Reset settings.."));
    4cdc:	85 e7       	ldi	r24, 0x75	; 117
    4cde:	91 e0       	ldi	r25, 0x01	; 1
    4ce0:	0e 94 ae 18 	call	0x315c	; 0x315c <Print::print(__FlashStringHelper const*) [clone .constprop.23]>
/home/jgalera/develop/arduino/usdx/usdx_plus_orange/usdx_plus_orange.ino:414
    delay(500);
    4ce4:	64 ef       	ldi	r22, 0xF4	; 244
    4ce6:	71 e0       	ldi	r23, 0x01	; 1
    4ce8:	80 e0       	ldi	r24, 0x00	; 0
    4cea:	90 e0       	ldi	r25, 0x00	; 0
    4cec:	0e 94 c6 03 	call	0x78c	; 0x78c <delay>
/home/jgalera/develop/arduino/usdx/usdx_plus_orange/usdx_plus_orange.ino:415
    wdt_reset();
    4cf0:	a8 95       	wdr
/home/jgalera/develop/arduino/usdx/usdx_plus_orange/usdx_plus_orange.ino:436
    }
  }
  // if(abs((int32_t)F_XTAL - (int32_t)si5351.fxtal) > 50000){ si5351.fxtal =
  // F_XTAL; }  // if F_XTAL frequency deviates too much with actual setting ->
  // use default
  si5351.iqmsa = 0; // enforce PLL reset
    4cf2:	10 92 d4 06 	sts	0x06D4, r1	; 0x8006d4 <si5351+0x18>
    4cf6:	10 92 d3 06 	sts	0x06D3, r1	; 0x8006d3 <si5351+0x17>
/home/jgalera/develop/arduino/usdx/usdx_plus_orange/usdx_plus_orange.ino:437
  change = true;
    4cfa:	ff 24       	eor	r15, r15
    4cfc:	f3 94       	inc	r15
    4cfe:	f0 92 c6 01 	sts	0x01C6, r15	; 0x8001c6 <change>
/home/jgalera/develop/arduino/usdx/usdx_plus_orange/usdx_plus_orange.ino:438
  prev_bandval = bandval;
    4d02:	80 91 b4 01 	lds	r24, 0x01B4	; 0x8001b4 <bandval>
    4d06:	80 93 af 01 	sts	0x01AF, r24	; 0x8001af <prev_bandval>
/home/jgalera/develop/arduino/usdx/usdx_plus_orange/usdx_plus_orange.ino:439
  vox = false; // disable VOX
    4d0a:	10 92 0d 06 	sts	0x060D, r1	; 0x80060d <vox>
/home/jgalera/develop/arduino/usdx/usdx_plus_orange/usdx_plus_orange.ino:440
  nr = 2;      // disable NR
    4d0e:	82 e0       	ldi	r24, 0x02	; 2
    4d10:	80 93 c5 01 	sts	0x01C5, r24	; 0x8001c5 <nr>
/home/jgalera/develop/arduino/usdx/usdx_plus_orange/usdx_plus_orange.ino:441
  smode = 2;   // SMeter
    4d14:	80 93 cb 01 	sts	0x01CB, r24	; 0x8001cb <smode>
/home/jgalera/develop/arduino/usdx/usdx_plus_orange/usdx_plus_orange.ino:442
  rit = false; // disable RIT
    4d18:	10 92 f3 05 	sts	0x05F3, r1	; 0x8005f3 <rit+0x1>
    4d1c:	10 92 f2 05 	sts	0x05F2, r1	; 0x8005f2 <rit>
/home/jgalera/develop/arduino/usdx/usdx_plus_orange/usdx_plus_orange.ino:443
  freq = vfo[vfosel % 2];
    4d20:	80 91 f0 05 	lds	r24, 0x05F0	; 0x8005f0 <vfosel>
    4d24:	08 2f       	mov	r16, r24
    4d26:	01 70       	andi	r16, 0x01	; 1
    4d28:	10 e0       	ldi	r17, 0x00	; 0
    4d2a:	00 0f       	add	r16, r16
    4d2c:	11 1f       	adc	r17, r17
    4d2e:	00 0f       	add	r16, r16
    4d30:	11 1f       	adc	r17, r17
    4d32:	f8 01       	movw	r30, r16
    4d34:	e7 54       	subi	r30, 0x47	; 71
    4d36:	fe 4f       	sbci	r31, 0xFE	; 254
    4d38:	80 81       	ld	r24, Z
    4d3a:	91 81       	ldd	r25, Z+1	; 0x01
    4d3c:	a2 81       	ldd	r26, Z+2	; 0x02
    4d3e:	b3 81       	ldd	r27, Z+3	; 0x03
    4d40:	80 93 b5 01 	sts	0x01B5, r24	; 0x8001b5 <freq>
    4d44:	90 93 b6 01 	sts	0x01B6, r25	; 0x8001b6 <freq+0x1>
    4d48:	a0 93 b7 01 	sts	0x01B7, r26	; 0x8001b7 <freq+0x2>
    4d4c:	b0 93 b8 01 	sts	0x01B8, r27	; 0x8001b8 <freq+0x3>
/home/jgalera/develop/arduino/usdx/usdx_plus_orange/usdx_plus_orange.ino:444
  mode = vfomode[vfosel % 2];
    4d50:	80 91 f0 05 	lds	r24, 0x05F0	; 0x8005f0 <vfosel>
    4d54:	80 fb       	bst	r24, 0
    4d56:	cc 24       	eor	r12, r12
    4d58:	c0 f8       	bld	r12, 0
    4d5a:	d1 2c       	mov	r13, r1
    4d5c:	f6 01       	movw	r30, r12
    4d5e:	ef 53       	subi	r30, 0x3F	; 63
    4d60:	fe 4f       	sbci	r31, 0xFE	; 254
    4d62:	80 81       	ld	r24, Z
    4d64:	80 93 cd 01 	sts	0x01CD, r24	; 0x8001cd <mode>
/home/jgalera/develop/arduino/usdx/usdx_plus_orange/usdx_plus_orange.ino:447

#ifdef TX_ENABLE
  build_lut();
    4d68:	0e 94 81 11 	call	0x2302	; 0x2302 <build_lut()>
/home/jgalera/develop/arduino/usdx/usdx_plus_orange/usdx_plus_orange.ino:450
#endif

  show_banner(); // remove release number
    4d6c:	0e 94 28 19 	call	0x3250	; 0x3250 <show_banner()>
start_rx():
/home/jgalera/develop/arduino/usdx/usdx_plus_orange/src/core/core.cpp:274
  }
  return dbm;
}

void start_rx() {
  _init = 1;
    4d70:	f0 92 ef 05 	sts	0x05EF, r15	; 0x8005ef <_init>
/home/jgalera/develop/arduino/usdx/usdx_plus_orange/src/core/core.cpp:275
  rx_state = 0;
    4d74:	10 92 c0 05 	sts	0x05C0, r1	; 0x8005c0 <rx_state>
/home/jgalera/develop/arduino/usdx/usdx_plus_orange/src/core/core.cpp:276
  func_ptr = sdr_rx_00;
    4d78:	8f ee       	ldi	r24, 0xEF	; 239
    4d7a:	97 e0       	ldi	r25, 0x07	; 7
    4d7c:	90 93 bf 05 	sts	0x05BF, r25	; 0x8005bf <func_ptr+0x1>
    4d80:	80 93 be 05 	sts	0x05BE, r24	; 0x8005be <func_ptr>
/home/jgalera/develop/arduino/usdx/usdx_plus_orange/src/core/core.cpp:277
  adc_start(2, true, F_ADC_CONV * 4);
    4d84:	24 e6       	ldi	r18, 0x64	; 100
    4d86:	3e ed       	ldi	r19, 0xDE	; 222
    4d88:	45 e0       	ldi	r20, 0x05	; 5
    4d8a:	50 e0       	ldi	r21, 0x00	; 0
    4d8c:	61 e0       	ldi	r22, 0x01	; 1
    4d8e:	82 e0       	ldi	r24, 0x02	; 2
    4d90:	0e 94 6f 05 	call	0xade	; 0xade <adc_start(unsigned char, bool, unsigned long)>
/home/jgalera/develop/arduino/usdx/usdx_plus_orange/src/core/core.cpp:278
  admux[2] = ADMUX;
    4d94:	80 91 7c 00 	lds	r24, 0x007C	; 0x80007c <__DATA_REGION_ORIGIN__+0x1c>
    4d98:	80 93 ec 05 	sts	0x05EC, r24	; 0x8005ec <admux+0x2>
/home/jgalera/develop/arduino/usdx/usdx_plus_orange/src/core/core.cpp:286
    adc_start(1, !(att == 1), F_ADC_CONV);
    admux[0] = ADMUX;
    adc_start(0, !(att == 1), F_ADC_CONV);
    admux[1] = ADMUX;
#else
    adc_start(0, !(att == 1), F_ADC_CONV);
    4d9c:	80 91 ed 05 	lds	r24, 0x05ED	; 0x8005ed <att>
    4da0:	61 e0       	ldi	r22, 0x01	; 1
    4da2:	81 30       	cpi	r24, 0x01	; 1
    4da4:	09 f4       	brne	.+2      	; 0x4da8 <main+0x7a0>
    4da6:	60 e0       	ldi	r22, 0x00	; 0
    4da8:	29 e9       	ldi	r18, 0x99	; 153
    4daa:	37 e7       	ldi	r19, 0x77	; 119
    4dac:	41 e0       	ldi	r20, 0x01	; 1
    4dae:	50 e0       	ldi	r21, 0x00	; 0
    4db0:	80 e0       	ldi	r24, 0x00	; 0
    4db2:	0e 94 6f 05 	call	0xade	; 0xade <adc_start(unsigned char, bool, unsigned long)>
/home/jgalera/develop/arduino/usdx/usdx_plus_orange/src/core/core.cpp:287
    admux[0] = ADMUX;
    4db6:	80 91 7c 00 	lds	r24, 0x007C	; 0x80007c <__DATA_REGION_ORIGIN__+0x1c>
    4dba:	80 93 ea 05 	sts	0x05EA, r24	; 0x8005ea <admux>
/home/jgalera/develop/arduino/usdx/usdx_plus_orange/src/core/core.cpp:288
    adc_start(1, !(att == 1), F_ADC_CONV);
    4dbe:	80 91 ed 05 	lds	r24, 0x05ED	; 0x8005ed <att>
    4dc2:	61 e0       	ldi	r22, 0x01	; 1
    4dc4:	81 30       	cpi	r24, 0x01	; 1
    4dc6:	09 f4       	brne	.+2      	; 0x4dca <main+0x7c2>
    4dc8:	60 e0       	ldi	r22, 0x00	; 0
    4dca:	29 e9       	ldi	r18, 0x99	; 153
    4dcc:	37 e7       	ldi	r19, 0x77	; 119
    4dce:	41 e0       	ldi	r20, 0x01	; 1
    4dd0:	50 e0       	ldi	r21, 0x00	; 0
    4dd2:	81 e0       	ldi	r24, 0x01	; 1
    4dd4:	0e 94 6f 05 	call	0xade	; 0xade <adc_start(unsigned char, bool, unsigned long)>
/home/jgalera/develop/arduino/usdx/usdx_plus_orange/src/core/core.cpp:289
    admux[1] = ADMUX;
    4dd8:	80 91 7c 00 	lds	r24, 0x007C	; 0x80007c <__DATA_REGION_ORIGIN__+0x1c>
    4ddc:	80 93 eb 05 	sts	0x05EB, r24	; 0x8005eb <admux+0x1>
timer1_start():
/home/jgalera/develop/arduino/usdx/usdx_plus_orange/src/hal/hal.cpp:53
#endif
  ADMUX = (1 << REFS0); // restore reference voltage AREF (5V)
}

void timer1_start(uint32_t fs) { // Timer 1: OC1A and OC1B in PWM mode
  TCCR1A = 0;
    4de0:	10 92 80 00 	sts	0x0080, r1	; 0x800080 <__DATA_REGION_ORIGIN__+0x20>
/home/jgalera/develop/arduino/usdx/usdx_plus_orange/src/hal/hal.cpp:54
  TCCR1B = 0;
    4de4:	10 92 81 00 	sts	0x0081, r1	; 0x800081 <__DATA_REGION_ORIGIN__+0x21>
/home/jgalera/develop/arduino/usdx/usdx_plus_orange/src/hal/hal.cpp:55
  TCCR1A |= (1 << COM1A1) | (1 << COM1B1) |
    4de8:	80 91 80 00 	lds	r24, 0x0080	; 0x800080 <__DATA_REGION_ORIGIN__+0x20>
    4dec:	82 6a       	ori	r24, 0xA2	; 162
    4dee:	80 93 80 00 	sts	0x0080, r24	; 0x800080 <__DATA_REGION_ORIGIN__+0x20>
/home/jgalera/develop/arduino/usdx/usdx_plus_orange/src/hal/hal.cpp:58
            (1 << WGM11); // Clear OC1A/OC1B on compare match, set OC1A/OC1B at
                          // BOTTOM (non-inverting mode)
  TCCR1B |= (1 << CS10) | (1 << WGM13) |
    4df2:	80 91 81 00 	lds	r24, 0x0081	; 0x800081 <__DATA_REGION_ORIGIN__+0x21>
    4df6:	89 61       	ori	r24, 0x19	; 25
    4df8:	80 93 81 00 	sts	0x0081, r24	; 0x800081 <__DATA_REGION_ORIGIN__+0x21>
/home/jgalera/develop/arduino/usdx/usdx_plus_orange/src/hal/hal.cpp:60
            (1 << WGM12); // Mode 14 - Fast PWM;  CS10: clkI/O/1 (No prescaling)
  ICR1H = 0x00;
    4dfc:	10 92 87 00 	sts	0x0087, r1	; 0x800087 <__DATA_REGION_ORIGIN__+0x27>
/home/jgalera/develop/arduino/usdx/usdx_plus_orange/src/hal/hal.cpp:61
  ICR1L = min(255, F_CPU / fs); // PWM value range (fs>78431):  Fpwm = F_CPU /
    4e00:	8c ec       	ldi	r24, 0xCC	; 204
    4e02:	80 93 86 00 	sts	0x0086, r24	; 0x800086 <__DATA_REGION_ORIGIN__+0x26>
/home/jgalera/develop/arduino/usdx/usdx_plus_orange/src/hal/hal.cpp:67
                                // [Prescaler * (1 + TOP)]
  // TCCR1A |= (1 << COM1A1) | (1 << COM1B1) | (1 << WGM10); // Clear OC1A/OC1B
  // on compare match, set OC1A/OC1B at BOTTOM (non-inverting mode) TCCR1B |= (1
  // << CS10) | (1 << WGM12); // Mode 5 - Fast PWM, 8-bit;  CS10: clkI/O/1 (No
  // prescaling)
  OCR1AH = 0x00;
    4e06:	10 92 89 00 	sts	0x0089, r1	; 0x800089 <__DATA_REGION_ORIGIN__+0x29>
/home/jgalera/develop/arduino/usdx/usdx_plus_orange/src/hal/hal.cpp:68
  OCR1AL = 0x00; // OC1A (SIDETONE) PWM duty-cycle (span defined by ICR).
    4e0a:	10 92 88 00 	sts	0x0088, r1	; 0x800088 <__DATA_REGION_ORIGIN__+0x28>
/home/jgalera/develop/arduino/usdx/usdx_plus_orange/src/hal/hal.cpp:69
  OCR1BH = 0x00;
    4e0e:	10 92 8b 00 	sts	0x008B, r1	; 0x80008b <__DATA_REGION_ORIGIN__+0x2b>
/home/jgalera/develop/arduino/usdx/usdx_plus_orange/src/hal/hal.cpp:70
  OCR1BL = 0x00; // OC1B (KEY_OUT) PWM duty-cycle (span defined by ICR).
    4e12:	10 92 8a 00 	sts	0x008A, r1	; 0x80008a <__DATA_REGION_ORIGIN__+0x2a>
timer2_start():
/home/jgalera/develop/arduino/usdx/usdx_plus_orange/src/hal/hal.cpp:79
  OCR1AL = 0x00;
  OCR1BL = 0x00;
}

void timer2_start(uint32_t fs) { // Timer 2: interrupt mode
  ASSR &= ~(1 << AS2); // Timer 2 clocked from CLK I/O (like Timer 0 and 1)
    4e16:	80 91 b6 00 	lds	r24, 0x00B6	; 0x8000b6 <__DATA_REGION_ORIGIN__+0x56>
    4e1a:	8f 7d       	andi	r24, 0xDF	; 223
    4e1c:	80 93 b6 00 	sts	0x00B6, r24	; 0x8000b6 <__DATA_REGION_ORIGIN__+0x56>
/home/jgalera/develop/arduino/usdx/usdx_plus_orange/src/hal/hal.cpp:80
  TCCR2A = 0;
    4e20:	10 92 b0 00 	sts	0x00B0, r1	; 0x8000b0 <__DATA_REGION_ORIGIN__+0x50>
/home/jgalera/develop/arduino/usdx/usdx_plus_orange/src/hal/hal.cpp:81
  TCCR2B = 0;
    4e24:	10 92 b1 00 	sts	0x00B1, r1	; 0x8000b1 <__DATA_REGION_ORIGIN__+0x51>
/home/jgalera/develop/arduino/usdx/usdx_plus_orange/src/hal/hal.cpp:82
  TCNT2 = 0;
    4e28:	10 92 b2 00 	sts	0x00B2, r1	; 0x8000b2 <__DATA_REGION_ORIGIN__+0x52>
/home/jgalera/develop/arduino/usdx/usdx_plus_orange/src/hal/hal.cpp:83
  TCCR2A |= (1 << WGM21);  // WGM21: Mode 2 - CTC (Clear Timer on Compare Match)
    4e2c:	80 91 b0 00 	lds	r24, 0x00B0	; 0x8000b0 <__DATA_REGION_ORIGIN__+0x50>
    4e30:	82 60       	ori	r24, 0x02	; 2
    4e32:	80 93 b0 00 	sts	0x00B0, r24	; 0x8000b0 <__DATA_REGION_ORIGIN__+0x50>
/home/jgalera/develop/arduino/usdx/usdx_plus_orange/src/hal/hal.cpp:84
  TCCR2B |= (1 << CS22);   // Set C22 bits for 64 prescaler
    4e36:	80 91 b1 00 	lds	r24, 0x00B1	; 0x8000b1 <__DATA_REGION_ORIGIN__+0x51>
    4e3a:	84 60       	ori	r24, 0x04	; 4
    4e3c:	80 93 b1 00 	sts	0x00B1, r24	; 0x8000b1 <__DATA_REGION_ORIGIN__+0x51>
/home/jgalera/develop/arduino/usdx/usdx_plus_orange/src/hal/hal.cpp:85
  TIMSK2 |= (1 << OCIE2A); // enable timer compare interrupt TIMER2_COMPA_vect
    4e40:	80 91 70 00 	lds	r24, 0x0070	; 0x800070 <__DATA_REGION_ORIGIN__+0x10>
    4e44:	82 60       	ori	r24, 0x02	; 2
    4e46:	80 93 70 00 	sts	0x0070, r24	; 0x800070 <__DATA_REGION_ORIGIN__+0x10>
/home/jgalera/develop/arduino/usdx/usdx_plus_orange/src/hal/hal.cpp:88
  uint8_t ocr =
      ((F_CPU / 64) / fs) - 1; // OCRn = (F_CPU / pre-scaler / fs) - 1;
  OCR2A = ocr;
    4e4a:	83 e0       	ldi	r24, 0x03	; 3
    4e4c:	80 93 b3 00 	sts	0x00B3, r24	; 0x8000b3 <__DATA_REGION_ORIGIN__+0x53>
start_rx():
/home/jgalera/develop/arduino/usdx/usdx_plus_orange/src/core/core.cpp:298
    admux[0] = ADMUX;
    admux[1] = ADMUX;
  }
  timer1_start(F_SAMP_PWM);
  timer2_start(F_SAMP_RX);
  TCCR1A &= ~(1 << COM1B1);
    4e50:	80 91 80 00 	lds	r24, 0x0080	; 0x800080 <__DATA_REGION_ORIGIN__+0x20>
    4e54:	8f 7d       	andi	r24, 0xDF	; 223
    4e56:	80 93 80 00 	sts	0x0080, r24	; 0x800080 <__DATA_REGION_ORIGIN__+0x20>
/home/jgalera/develop/arduino/usdx/usdx_plus_orange/src/core/core.cpp:299
  digitalWrite(KEY_OUT, LOW);
    4e5a:	60 e0       	ldi	r22, 0x00	; 0
    4e5c:	8a e0       	ldi	r24, 0x0A	; 10
    4e5e:	0e 94 17 03 	call	0x62e	; 0x62e <digitalWrite>
begin():
/home/jgalera/.arduino15/packages/MiniCore/hardware/avr/3.1.1/cores/MCUdude_corefiles/HardwareSerial.cpp:121

void HardwareSerial::begin(unsigned long baud, byte config)
{
  // Try u2x mode first
  uint16_t baud_setting = (F_CPU / 4 / baud - 1) / 2;
  *_ucsra = 1 << U2X0;
    4e62:	e0 91 2a 06 	lds	r30, 0x062A	; 0x80062a <Serial+0x10>
    4e66:	f0 91 2b 06 	lds	r31, 0x062B	; 0x80062b <Serial+0x11>
    4e6a:	82 e0       	ldi	r24, 0x02	; 2
    4e6c:	80 83       	st	Z, r24
/home/jgalera/.arduino15/packages/MiniCore/hardware/avr/3.1.1/cores/MCUdude_corefiles/HardwareSerial.cpp:135
    *_ucsra = 0;
    baud_setting = (F_CPU / 8 / baud - 1) / 2;
  }

  // assign the baud_setting, a.k.a. ubrr (USART Baud Rate Register)
  *_ubrrh = baud_setting >> 8;
    4e6e:	e0 91 26 06 	lds	r30, 0x0626	; 0x800626 <Serial+0xc>
    4e72:	f0 91 27 06 	lds	r31, 0x0627	; 0x800627 <Serial+0xd>
    4e76:	10 82       	st	Z, r1
/home/jgalera/.arduino15/packages/MiniCore/hardware/avr/3.1.1/cores/MCUdude_corefiles/HardwareSerial.cpp:136
  *_ubrrl = baud_setting;
    4e78:	e0 91 28 06 	lds	r30, 0x0628	; 0x800628 <Serial+0xe>
    4e7c:	f0 91 29 06 	lds	r31, 0x0629	; 0x800629 <Serial+0xf>
    4e80:	80 e4       	ldi	r24, 0x40	; 64
    4e82:	80 83       	st	Z, r24
/home/jgalera/.arduino15/packages/MiniCore/hardware/avr/3.1.1/cores/MCUdude_corefiles/HardwareSerial.cpp:138

  _written = false;
    4e84:	10 92 32 06 	sts	0x0632, r1	; 0x800632 <Serial+0x18>
/home/jgalera/.arduino15/packages/MiniCore/hardware/avr/3.1.1/cores/MCUdude_corefiles/HardwareSerial.cpp:146
#if defined(__AVR_ATmega8__) || defined(__AVR_ATmega8515__) || defined(__AVR_ATmega162__) \
|| defined(__AVR_ATmega8535__) || defined(__AVR_ATmega16__)|| defined(__AVR_ATmega32__)   \
|| defined(__AVR_ATmega162__)
  config |= 0x80; // select UCSRC register (shared with UBRRH)
#endif
  *_ucsrc = config;
    4e88:	e0 91 2e 06 	lds	r30, 0x062E	; 0x80062e <Serial+0x14>
    4e8c:	f0 91 2f 06 	lds	r31, 0x062F	; 0x80062f <Serial+0x15>
    4e90:	86 e0       	ldi	r24, 0x06	; 6
    4e92:	80 83       	st	Z, r24
/home/jgalera/.arduino15/packages/MiniCore/hardware/avr/3.1.1/cores/MCUdude_corefiles/HardwareSerial.cpp:148
  
  *_ucsrb |= _BV(RXEN0) | _BV(TXEN0) | _BV(RXCIE0);
    4e94:	e0 91 2c 06 	lds	r30, 0x062C	; 0x80062c <Serial+0x12>
    4e98:	f0 91 2d 06 	lds	r31, 0x062D	; 0x80062d <Serial+0x13>
    4e9c:	80 81       	ld	r24, Z
    4e9e:	88 69       	ori	r24, 0x98	; 152
    4ea0:	80 83       	st	Z, r24
/home/jgalera/.arduino15/packages/MiniCore/hardware/avr/3.1.1/cores/MCUdude_corefiles/HardwareSerial.cpp:149
  *_ucsrb &= ~_BV(UDRIE0);
    4ea2:	e0 91 2c 06 	lds	r30, 0x062C	; 0x80062c <Serial+0x12>
    4ea6:	f0 91 2d 06 	lds	r31, 0x062D	; 0x80062d <Serial+0x13>
    4eaa:	80 81       	ld	r24, Z
    4eac:	8f 7d       	andi	r24, 0xDF	; 223
    4eae:	80 83       	st	Z, r24
Command_IF():
/home/jgalera/develop/arduino/usdx/usdx_plus_orange/src/interface/cat.cpp:211
  change = true;
}

void Command_IF() {
#ifdef _SERIAL
  if (!cat_active)
    4eb0:	80 91 c1 05 	lds	r24, 0x05C1	; 0x8005c1 <cat_active>
    4eb4:	81 11       	cpse	r24, r1
    4eb6:	0e 94 36 1a 	call	0x346c	; 0x346c <Command_IF() [clone .part.1]>
setup():
/home/jgalera/develop/arduino/usdx/usdx_plus_orange/usdx_plus_orange.ino:470
  smode = 0; // In case of LCD, turn of smeter
#endif
#endif // CAT TESTBENCH

#ifdef KEYER
  keyerState = IDLE;
    4eba:	10 92 05 06 	sts	0x0605, r1	; 0x800605 <keyerState>
/home/jgalera/develop/arduino/usdx/usdx_plus_orange/usdx_plus_orange.ino:471
  keyerControl = IAMBICB; // Or 0 for IAMBICA
    4ebe:	80 e1       	ldi	r24, 0x10	; 16
    4ec0:	80 93 04 06 	sts	0x0604, r24	; 0x800604 <keyerControl>
loadWPM():
/home/jgalera/develop/arduino/usdx/usdx_plus_orange/src/core/core.cpp:65
  }
}

void loadWPM(int wpm) {
#if (F_MCU != 20000000)
  ditTime = (1200ULL * F_MCU / 16000000) / wpm;
    4ec4:	b0 90 b1 01 	lds	r11, 0x01B1	; 0x8001b1 <keyer_speed+0x1>
    4ec8:	a0 90 b0 01 	lds	r10, 0x01B0	; 0x8001b0 <keyer_speed>
    4ecc:	1b 2d       	mov	r17, r11
    4ece:	11 0f       	add	r17, r17
    4ed0:	11 0b       	sbc	r17, r17
    4ed2:	c1 2e       	mov	r12, r17
    4ed4:	d1 2e       	mov	r13, r17
    4ed6:	e1 2e       	mov	r14, r17
    4ed8:	f1 2e       	mov	r15, r17
    4eda:	01 2f       	mov	r16, r17
    4edc:	20 eb       	ldi	r18, 0xB0	; 176
    4ede:	34 e0       	ldi	r19, 0x04	; 4
    4ee0:	40 e0       	ldi	r20, 0x00	; 0
    4ee2:	50 e0       	ldi	r21, 0x00	; 0
    4ee4:	60 e0       	ldi	r22, 0x00	; 0
    4ee6:	70 e0       	ldi	r23, 0x00	; 0
    4ee8:	80 e0       	ldi	r24, 0x00	; 0
    4eea:	90 e0       	ldi	r25, 0x00	; 0
    4eec:	0e 94 51 3a 	call	0x74a2	; 0x74a2 <__udivdi3>
    4ef0:	20 93 fc 05 	sts	0x05FC, r18	; 0x8005fc <ditTime>
    4ef4:	30 93 fd 05 	sts	0x05FD, r19	; 0x8005fd <ditTime+0x1>
    4ef8:	40 93 fe 05 	sts	0x05FE, r20	; 0x8005fe <ditTime+0x2>
    4efc:	50 93 ff 05 	sts	0x05FF, r21	; 0x8005ff <ditTime+0x3>
_digitalRead():
/home/jgalera/develop/arduino/usdx/usdx_plus_orange/src/core/core.cpp:36
                            : 0;
  }
  return digitalRead(pin);
}
#else
uint8_t _digitalRead(uint8_t pin) { return digitalRead(pin); }
    4f00:	8d e0       	ldi	r24, 0x0D	; 13
    4f02:	0e 94 ee 02 	call	0x5dc	; 0x5dc <digitalRead>
setup():
/home/jgalera/develop/arduino/usdx/usdx_plus_orange/usdx_plus_orange.ino:475
  loadWPM(keyer_speed);   // Fix speed at 15 WPM
#endif                    // KEYER

  for (; !_digitalRead(DIT) ||
    4f06:	81 11       	cpse	r24, r1
    4f08:	46 c0       	rjmp	.+140    	; 0x4f96 <main+0x98e>
/home/jgalera/develop/arduino/usdx/usdx_plus_orange/usdx_plus_orange.ino:477
         ((mode == CW && keyer_mode != SINGLE) && (!_digitalRead(DAH)));) {
    fatal(F("Check PTT/key"));
    4f0a:	40 e0       	ldi	r20, 0x00	; 0
    4f0c:	70 e0       	ldi	r23, 0x00	; 0
    4f0e:	60 e0       	ldi	r22, 0x00	; 0
    4f10:	87 e6       	ldi	r24, 0x67	; 103
    4f12:	91 e0       	ldi	r25, 0x01	; 1
    4f14:	0e 94 f6 19 	call	0x33ec	; 0x33ec <fatal(__FlashStringHelper const*, int, char)>
    4f18:	f3 cf       	rjmp	.-26     	; 0x4f00 <main+0x8f8>
_digitalRead():
/home/jgalera/develop/arduino/usdx/usdx_plus_orange/src/core/core.cpp:36
    4f1a:	81 e1       	ldi	r24, 0x11	; 17
    4f1c:	0e 94 ee 02 	call	0x5dc	; 0x5dc <digitalRead>
setup():
/home/jgalera/develop/arduino/usdx/usdx_plus_orange/usdx_plus_orange.ino:403
  // freq = bands[band];

  // Load parameters from EEPROM, reset to factory defaults when stored values
  // are from a different version
  paramAction(LOAD, VERS);
  if ((eeprom_version != get_version_id()) ||
    4f20:	81 11       	cpse	r24, r1
    4f22:	d2 ce       	rjmp	.-604    	; 0x4cc8 <main+0x6c0>
/home/jgalera/develop/arduino/usdx/usdx_plus_orange/usdx_plus_orange.ino:417
    lcd.setCursor(0, 1);
    lcd.print(F("Reset settings.."));
    delay(500);
    wdt_reset();
  } else {
    paramAction(LOAD); // load all parameters
    4f24:	6f ef       	ldi	r22, 0xFF	; 255
    4f26:	83 e0       	ldi	r24, 0x03	; 3
    4f28:	0e 94 d6 1d 	call	0x3bac	; 0x3bac <paramAction(unsigned char, unsigned char)>
/home/jgalera/develop/arduino/usdx/usdx_plus_orange/usdx_plus_orange.ino:418
    ft8mode = EEPROM.read(FT8_EEPROM_ADDR);
    4f2c:	83 e8       	ldi	r24, 0x83	; 131
    4f2e:	91 e0       	ldi	r25, 0x01	; 1
    4f30:	0e 94 b0 21 	call	0x4360	; 0x4360 <EEPROMClass::read(int) [clone .isra.0]>
    4f34:	80 93 c7 05 	sts	0x05C7, r24	; 0x8005c7 <ft8mode>
/home/jgalera/develop/arduino/usdx/usdx_plus_orange/usdx_plus_orange.ino:419
    if (ft8mode > 1)
    4f38:	80 91 c7 05 	lds	r24, 0x05C7	; 0x8005c7 <ft8mode>
    4f3c:	82 30       	cpi	r24, 0x02	; 2
    4f3e:	10 f0       	brcs	.+4      	; 0x4f44 <main+0x93c>
/home/jgalera/develop/arduino/usdx/usdx_plus_orange/usdx_plus_orange.ino:420
      ft8mode = 0;
    4f40:	10 92 c7 05 	sts	0x05C7, r1	; 0x8005c7 <ft8mode>
/home/jgalera/develop/arduino/usdx/usdx_plus_orange/usdx_plus_orange.ino:421
    prev_mode_ft8 = EEPROM.read(PREV_MODE_FT8_EEPROM_ADDR);
    4f44:	84 e8       	ldi	r24, 0x84	; 132
    4f46:	91 e0       	ldi	r25, 0x01	; 1
    4f48:	0e 94 b0 21 	call	0x4360	; 0x4360 <EEPROMClass::read(int) [clone .isra.0]>
    4f4c:	80 93 c6 05 	sts	0x05C6, r24	; 0x8005c6 <prev_mode_ft8>
/home/jgalera/develop/arduino/usdx/usdx_plus_orange/usdx_plus_orange.ino:422
    prev_filt_ft8 = EEPROM.read(PREV_FILT_FT8_EEPROM_ADDR);
    4f50:	85 e8       	ldi	r24, 0x85	; 133
    4f52:	91 e0       	ldi	r25, 0x01	; 1
    4f54:	0e 94 b0 21 	call	0x4360	; 0x4360 <EEPROMClass::read(int) [clone .isra.0]>
    4f58:	80 93 c5 05 	sts	0x05C5, r24	; 0x8005c5 <prev_filt_ft8>
/home/jgalera/develop/arduino/usdx/usdx_plus_orange/usdx_plus_orange.ino:423
    prev_agc_ft8 = EEPROM.read(PREV_AGC_FT8_EEPROM_ADDR);
    4f5c:	86 e8       	ldi	r24, 0x86	; 134
    4f5e:	91 e0       	ldi	r25, 0x01	; 1
    4f60:	0e 94 b0 21 	call	0x4360	; 0x4360 <EEPROMClass::read(int) [clone .isra.0]>
    4f64:	80 93 c4 05 	sts	0x05C4, r24	; 0x8005c4 <prev_agc_ft8>
/home/jgalera/develop/arduino/usdx/usdx_plus_orange/usdx_plus_orange.ino:424
    prev_nr_ft8 = EEPROM.read(PREV_NR_FT8_EEPROM_ADDR);
    4f68:	87 e8       	ldi	r24, 0x87	; 135
    4f6a:	91 e0       	ldi	r25, 0x01	; 1
    4f6c:	0e 94 b0 21 	call	0x4360	; 0x4360 <EEPROMClass::read(int) [clone .isra.0]>
    4f70:	80 93 c3 05 	sts	0x05C3, r24	; 0x8005c3 <prev_nr_ft8>
/home/jgalera/develop/arduino/usdx/usdx_plus_orange/usdx_plus_orange.ino:425
    if (ft8mode) {
    4f74:	80 91 c7 05 	lds	r24, 0x05C7	; 0x8005c7 <ft8mode>
    4f78:	88 23       	and	r24, r24
    4f7a:	09 f4       	brne	.+2      	; 0x4f7e <main+0x976>
    4f7c:	ba ce       	rjmp	.-652    	; 0x4cf2 <main+0x6ea>
/home/jgalera/develop/arduino/usdx/usdx_plus_orange/usdx_plus_orange.ino:426
      mode = USB;
    4f7e:	81 e0       	ldi	r24, 0x01	; 1
    4f80:	80 93 cd 01 	sts	0x01CD, r24	; 0x8001cd <mode>
/home/jgalera/develop/arduino/usdx/usdx_plus_orange/usdx_plus_orange.ino:427
      filt = 1;
    4f84:	80 93 f1 05 	sts	0x05F1, r24	; 0x8005f1 <filt>
/home/jgalera/develop/arduino/usdx/usdx_plus_orange/usdx_plus_orange.ino:428
      agc = 0;
    4f88:	10 92 6a 01 	sts	0x016A, r1	; 0x80016a <agc>
/home/jgalera/develop/arduino/usdx/usdx_plus_orange/usdx_plus_orange.ino:429
      nr = 0;
    4f8c:	10 92 c5 01 	sts	0x01C5, r1	; 0x8001c5 <nr>
/home/jgalera/develop/arduino/usdx/usdx_plus_orange/usdx_plus_orange.ino:430
      dig_mode = true;
    4f90:	80 93 c2 05 	sts	0x05C2, r24	; 0x8005c2 <dig_mode>
    4f94:	ae ce       	rjmp	.-676    	; 0x4cf2 <main+0x6ea>
/home/jgalera/develop/arduino/usdx/usdx_plus_orange/usdx_plus_orange.ino:476
  keyerControl = IAMBICB; // Or 0 for IAMBICA
  loadWPM(keyer_speed);   // Fix speed at 15 WPM
#endif                    // KEYER

  for (; !_digitalRead(DIT) ||
         ((mode == CW && keyer_mode != SINGLE) && (!_digitalRead(DAH)));) {
    4f96:	80 91 cd 01 	lds	r24, 0x01CD	; 0x8001cd <mode>
/home/jgalera/develop/arduino/usdx/usdx_plus_orange/usdx_plus_orange.ino:475
  keyerState = IDLE;
  keyerControl = IAMBICB; // Or 0 for IAMBICA
  loadWPM(keyer_speed);   // Fix speed at 15 WPM
#endif                    // KEYER

  for (; !_digitalRead(DIT) ||
    4f9a:	82 30       	cpi	r24, 0x02	; 2
    4f9c:	51 f4       	brne	.+20     	; 0x4fb2 <main+0x9aa>
/home/jgalera/develop/arduino/usdx/usdx_plus_orange/usdx_plus_orange.ino:476
         ((mode == CW && keyer_mode != SINGLE) && (!_digitalRead(DAH)));) {
    4f9e:	80 91 ca 01 	lds	r24, 0x01CA	; 0x8001ca <keyer_mode>
    4fa2:	82 30       	cpi	r24, 0x02	; 2
    4fa4:	31 f0       	breq	.+12     	; 0x4fb2 <main+0x9aa>
_digitalRead():
/home/jgalera/develop/arduino/usdx/usdx_plus_orange/src/core/core.cpp:36
    4fa6:	8c e0       	ldi	r24, 0x0C	; 12
    4fa8:	0e 94 ee 02 	call	0x5dc	; 0x5dc <digitalRead>
setup():
/home/jgalera/develop/arduino/usdx/usdx_plus_orange/usdx_plus_orange.ino:476
    4fac:	88 23       	and	r24, r24
    4fae:	09 f4       	brne	.+2      	; 0x4fb2 <main+0x9aa>
    4fb0:	ac cf       	rjmp	.-168    	; 0x4f0a <main+0x902>
log10_fix():
/home/jgalera/develop/arduino/usdx/usdx_plus_orange/src/core/core.cpp:178
  if (n == 0)
    return -32768;
  int32_t l = 0;
  uint32_t n_copy = n;
  while (n_copy >= 10) {
    n_copy /= 10;
    4fb2:	5a e0       	ldi	r21, 0x0A	; 10
    4fb4:	45 2e       	mov	r4, r21
    4fb6:	51 2c       	mov	r5, r1
    4fb8:	61 2c       	mov	r6, r1
    4fba:	71 2c       	mov	r7, r1
loop():
/home/jgalera/develop/arduino/usdx/usdx_plus_orange/usdx_plus_orange.ino:488
void loop() {
#ifdef VOX_ENABLE
  if ((vox) &&
      ((mode == LSB) ||
       (mode ==
        USB))) { // If VOX enabled (and in LSB/USB mode), then take mic samples
    4fbc:	80 91 0d 06 	lds	r24, 0x060D	; 0x80060d <vox>
/home/jgalera/develop/arduino/usdx/usdx_plus_orange/usdx_plus_orange.ino:485

static int32_t _step = 0;

void loop() {
#ifdef VOX_ENABLE
  if ((vox) &&
    4fc0:	88 23       	and	r24, r24
    4fc2:	09 f4       	brne	.+2      	; 0x4fc6 <main+0x9be>
    4fc4:	48 c0       	rjmp	.+144    	; 0x5056 <main+0xa4e>
/home/jgalera/develop/arduino/usdx/usdx_plus_orange/usdx_plus_orange.ino:486
      ((mode == LSB) ||
    4fc6:	80 91 cd 01 	lds	r24, 0x01CD	; 0x8001cd <mode>
/home/jgalera/develop/arduino/usdx/usdx_plus_orange/usdx_plus_orange.ino:485

static int32_t _step = 0;

void loop() {
#ifdef VOX_ENABLE
  if ((vox) &&
    4fca:	88 23       	and	r24, r24
    4fcc:	29 f0       	breq	.+10     	; 0x4fd8 <main+0x9d0>
/home/jgalera/develop/arduino/usdx/usdx_plus_orange/usdx_plus_orange.ino:487
      ((mode == LSB) ||
       (mode ==
    4fce:	80 91 cd 01 	lds	r24, 0x01CD	; 0x8001cd <mode>
/home/jgalera/develop/arduino/usdx/usdx_plus_orange/usdx_plus_orange.ino:486
static int32_t _step = 0;

void loop() {
#ifdef VOX_ENABLE
  if ((vox) &&
      ((mode == LSB) ||
    4fd2:	81 30       	cpi	r24, 0x01	; 1
    4fd4:	09 f0       	breq	.+2      	; 0x4fd8 <main+0x9d0>
    4fd6:	3f c0       	rjmp	.+126    	; 0x5056 <main+0xa4e>
/home/jgalera/develop/arduino/usdx/usdx_plus_orange/usdx_plus_orange.ino:492
       (mode ==
        USB))) { // If VOX enabled (and in LSB/USB mode), then take mic samples
                 // and feed ssb processing function, to derive amplitude, and
                 // potentially detect cross vox_threshold to detect a TX or RX
                 // event: this is expressed in tx variable
    if (!vox_tx) { // VOX not active
    4fd8:	80 91 0c 06 	lds	r24, 0x060C	; 0x80060c <vox_tx>
    4fdc:	81 11       	cpse	r24, r1
    4fde:	fa c0       	rjmp	.+500    	; 0x51d4 <main+0xbcc>
analogSampleMic():
/home/jgalera/develop/arduino/usdx/usdx_plus_orange/src/core/core.cpp:135
#endif
}

uint16_t analogSampleMic() {
  uint16_t adc;
  noInterrupts();
    4fe0:	f8 94       	cli
/home/jgalera/develop/arduino/usdx/usdx_plus_orange/src/core/core.cpp:136
  ADCSRA = (1 << ADEN) |
    4fe2:	82 e8       	ldi	r24, 0x82	; 130
    4fe4:	80 93 7a 00 	sts	0x007A, r24	; 0x80007a <__DATA_REGION_ORIGIN__+0x1a>
/home/jgalera/develop/arduino/usdx/usdx_plus_orange/src/core/core.cpp:139
           (((uint8_t)log2((uint8_t)(F_CPU / 13 / (192307 / 1)))) & 0x07);

  if ((dsp_cap == SDR) && (vox_thresh >= 32))
    4fe8:	80 91 6c 01 	lds	r24, 0x016C	; 0x80016c <vox_thresh>
    4fec:	80 32       	cpi	r24, 0x20	; 32
    4fee:	20 f0       	brcs	.+8      	; 0x4ff8 <main+0x9f0>
/home/jgalera/develop/arduino/usdx/usdx_plus_orange/src/core/core.cpp:140
    digitalWrite(RX, LOW);
    4ff0:	60 e0       	ldi	r22, 0x00	; 0
    4ff2:	88 e0       	ldi	r24, 0x08	; 8
    4ff4:	0e 94 17 03 	call	0x62e	; 0x62e <digitalWrite>
/home/jgalera/develop/arduino/usdx/usdx_plus_orange/src/core/core.cpp:142

  uint8_t oldmux = ADMUX;
    4ff8:	90 91 7c 00 	lds	r25, 0x007C	; 0x80007c <__DATA_REGION_ORIGIN__+0x1c>
/home/jgalera/develop/arduino/usdx/usdx_plus_orange/src/core/core.cpp:143
  for (; !(ADCSRA & (1 << ADIF));)
    4ffc:	80 91 7a 00 	lds	r24, 0x007A	; 0x80007a <__DATA_REGION_ORIGIN__+0x1a>
    5000:	84 ff       	sbrs	r24, 4
    5002:	fc cf       	rjmp	.-8      	; 0x4ffc <main+0x9f4>
/home/jgalera/develop/arduino/usdx/usdx_plus_orange/src/core/core.cpp:145
    ;
  ADMUX = admux[2];
    5004:	80 91 ec 05 	lds	r24, 0x05EC	; 0x8005ec <admux+0x2>
    5008:	80 93 7c 00 	sts	0x007C, r24	; 0x80007c <__DATA_REGION_ORIGIN__+0x1c>
/home/jgalera/develop/arduino/usdx/usdx_plus_orange/src/core/core.cpp:146
  ADCSRA |= (1 << ADSC);
    500c:	80 91 7a 00 	lds	r24, 0x007A	; 0x80007a <__DATA_REGION_ORIGIN__+0x1a>
    5010:	80 64       	ori	r24, 0x40	; 64
    5012:	80 93 7a 00 	sts	0x007A, r24	; 0x80007a <__DATA_REGION_ORIGIN__+0x1a>
/home/jgalera/develop/arduino/usdx/usdx_plus_orange/src/core/core.cpp:147
  for (; !(ADCSRA & (1 << ADIF));)
    5016:	80 91 7a 00 	lds	r24, 0x007A	; 0x80007a <__DATA_REGION_ORIGIN__+0x1a>
    501a:	84 ff       	sbrs	r24, 4
    501c:	fc cf       	rjmp	.-8      	; 0x5016 <main+0xa0e>
/home/jgalera/develop/arduino/usdx/usdx_plus_orange/src/core/core.cpp:149
    ;
  ADMUX = oldmux;
    501e:	90 93 7c 00 	sts	0x007C, r25	; 0x80007c <__DATA_REGION_ORIGIN__+0x1c>
/home/jgalera/develop/arduino/usdx/usdx_plus_orange/src/core/core.cpp:151

  if ((dsp_cap == SDR) && (vox_thresh >= 32))
    5022:	80 91 6c 01 	lds	r24, 0x016C	; 0x80016c <vox_thresh>
    5026:	80 32       	cpi	r24, 0x20	; 32
    5028:	20 f0       	brcs	.+8      	; 0x5032 <main+0xa2a>
/home/jgalera/develop/arduino/usdx/usdx_plus_orange/src/core/core.cpp:152
    digitalWrite(RX, HIGH);
    502a:	61 e0       	ldi	r22, 0x01	; 1
    502c:	88 e0       	ldi	r24, 0x08	; 8
    502e:	0e 94 17 03 	call	0x62e	; 0x62e <digitalWrite>
/home/jgalera/develop/arduino/usdx/usdx_plus_orange/src/core/core.cpp:154

  adc = ADC;
    5032:	80 91 78 00 	lds	r24, 0x0078	; 0x800078 <__DATA_REGION_ORIGIN__+0x18>
    5036:	90 91 79 00 	lds	r25, 0x0079	; 0x800079 <__DATA_REGION_ORIGIN__+0x19>
/home/jgalera/develop/arduino/usdx/usdx_plus_orange/src/core/core.cpp:155
  interrupts();
    503a:	78 94       	sei
loop():
/home/jgalera/develop/arduino/usdx/usdx_plus_orange/usdx_plus_orange.ino:503
        vox_adc = 0;
      } else {
        vox_adc += analogSampleMic();
      }
#else
      ssb(((int16_t)(analogSampleMic()) - 512) >> MIC_ATTEN); // sampling mic
    503c:	92 50       	subi	r25, 0x02	; 2
    503e:	0e 94 7b 0f 	call	0x1ef6	; 0x1ef6 <ssb(int)>
/home/jgalera/develop/arduino/usdx/usdx_plus_orange/usdx_plus_orange.ino:505
#endif
      if (tx) { // TX triggered by audio -> TX
    5042:	80 91 0b 06 	lds	r24, 0x060B	; 0x80060b <tx>
    5046:	88 23       	and	r24, r24
    5048:	31 f0       	breq	.+12     	; 0x5056 <main+0xa4e>
/home/jgalera/develop/arduino/usdx/usdx_plus_orange/usdx_plus_orange.ino:506
        vox_tx = 1;
    504a:	81 e0       	ldi	r24, 0x01	; 1
    504c:	80 93 0c 06 	sts	0x060C, r24	; 0x80060c <vox_tx>
/home/jgalera/develop/arduino/usdx/usdx_plus_orange/usdx_plus_orange.ino:507
        switch_rxtx(255);
    5050:	8f ef       	ldi	r24, 0xFF	; 255
    5052:	0e 94 ef 13 	call	0x27de	; 0x27de <switch_rxtx(unsigned char)>
/home/jgalera/develop/arduino/usdx/usdx_plus_orange/usdx_plus_orange.ino:526
#endif // VOX_ENABLE

#ifdef CW_DECODER
  // if((mode == CW) && cwdec) cw_decode();  // if(!(semi_qsk_timeout))
  // cw_decode(); else dec2();
  if ((mode == CW) && cwdec && ((!tx) && (!semi_qsk_timeout)))
    5056:	80 91 cd 01 	lds	r24, 0x01CD	; 0x8001cd <mode>
    505a:	82 30       	cpi	r24, 0x02	; 2
    505c:	09 f0       	breq	.+2      	; 0x5060 <main+0xa58>
    505e:	7c c0       	rjmp	.+248    	; 0x5158 <main+0xb50>
    5060:	80 91 cc 01 	lds	r24, 0x01CC	; 0x8001cc <cwdec>
    5064:	88 23       	and	r24, r24
    5066:	09 f4       	brne	.+2      	; 0x506a <main+0xa62>
    5068:	77 c0       	rjmp	.+238    	; 0x5158 <main+0xb50>
    506a:	80 91 0b 06 	lds	r24, 0x060B	; 0x80060b <tx>
    506e:	81 11       	cpse	r24, r1
    5070:	73 c0       	rjmp	.+230    	; 0x5158 <main+0xb50>
    5072:	80 91 07 06 	lds	r24, 0x0607	; 0x800607 <semi_qsk_timeout>
    5076:	90 91 08 06 	lds	r25, 0x0608	; 0x800608 <semi_qsk_timeout+0x1>
    507a:	a0 91 09 06 	lds	r26, 0x0609	; 0x800609 <semi_qsk_timeout+0x2>
    507e:	b0 91 0a 06 	lds	r27, 0x060A	; 0x80060a <semi_qsk_timeout+0x3>
    5082:	89 2b       	or	r24, r25
    5084:	8a 2b       	or	r24, r26
    5086:	8b 2b       	or	r24, r27
    5088:	09 f0       	breq	.+2      	; 0x508c <main+0xa84>
    508a:	66 c0       	rjmp	.+204    	; 0x5158 <main+0xb50>
cw_decode():
/home/jgalera/develop/arduino/usdx/usdx_plus_orange/src/dsp/dsp.cpp:559
uint32_t lowduration;
uint32_t laststarttime = 0;
uint8_t wpm = 25;

void cw_decode() {
  int32_t in = _amp32;
    508c:	80 90 d2 05 	lds	r8, 0x05D2	; 0x8005d2 <_amp32>
    5090:	90 90 d3 05 	lds	r9, 0x05D3	; 0x8005d3 <_amp32+0x1>
    5094:	a0 90 d4 05 	lds	r10, 0x05D4	; 0x8005d4 <_amp32+0x2>
    5098:	b0 90 d5 05 	lds	r11, 0x05D5	; 0x8005d5 <_amp32+0x3>
/home/jgalera/develop/arduino/usdx/usdx_plus_orange/src/dsp/dsp.cpp:560
  EA(avg, in, (1 << 8));
    509c:	c0 90 6d 01 	lds	r12, 0x016D	; 0x80016d <avg>
    50a0:	d0 90 6e 01 	lds	r13, 0x016E	; 0x80016e <avg+0x1>
    50a4:	e0 90 6f 01 	lds	r14, 0x016F	; 0x80016f <avg+0x2>
    50a8:	f0 90 70 01 	lds	r15, 0x0170	; 0x800170 <avg+0x3>
    50ac:	c5 01       	movw	r24, r10
    50ae:	b4 01       	movw	r22, r8
    50b0:	6c 19       	sub	r22, r12
    50b2:	7d 09       	sbc	r23, r13
    50b4:	8e 09       	sbc	r24, r14
    50b6:	9f 09       	sbc	r25, r15
    50b8:	20 e0       	ldi	r18, 0x00	; 0
    50ba:	31 e0       	ldi	r19, 0x01	; 1
    50bc:	40 e0       	ldi	r20, 0x00	; 0
    50be:	50 e0       	ldi	r21, 0x00	; 0
    50c0:	0e 94 c8 39 	call	0x7390	; 0x7390 <__divmodsi4>
    50c4:	c2 0e       	add	r12, r18
    50c6:	d3 1e       	adc	r13, r19
    50c8:	e4 1e       	adc	r14, r20
    50ca:	f5 1e       	adc	r15, r21
    50cc:	c0 92 6d 01 	sts	0x016D, r12	; 0x80016d <avg>
    50d0:	d0 92 6e 01 	sts	0x016E, r13	; 0x80016e <avg+0x1>
    50d4:	e0 92 6f 01 	sts	0x016F, r14	; 0x80016f <avg+0x2>
    50d8:	f0 92 70 01 	sts	0x0170, r15	; 0x800170 <avg+0x3>
/home/jgalera/develop/arduino/usdx/usdx_plus_orange/src/dsp/dsp.cpp:561
  realstate = (in > (avg * 1 / 2)); // threshold
    50dc:	c7 01       	movw	r24, r14
    50de:	b6 01       	movw	r22, r12
    50e0:	22 e0       	ldi	r18, 0x02	; 2
    50e2:	30 e0       	ldi	r19, 0x00	; 0
    50e4:	40 e0       	ldi	r20, 0x00	; 0
    50e6:	50 e0       	ldi	r21, 0x00	; 0
    50e8:	0e 94 c8 39 	call	0x7390	; 0x7390 <__divmodsi4>
    50ec:	11 e0       	ldi	r17, 0x01	; 1
    50ee:	28 15       	cp	r18, r8
    50f0:	39 05       	cpc	r19, r9
    50f2:	4a 05       	cpc	r20, r10
    50f4:	5b 05       	cpc	r21, r11
    50f6:	0c f0       	brlt	.+2      	; 0x50fa <main+0xaf2>
    50f8:	10 e0       	ldi	r17, 0x00	; 0
    50fa:	10 93 d1 05 	sts	0x05D1, r17	; 0x8005d1 <realstate>
/home/jgalera/develop/arduino/usdx/usdx_plus_orange/src/dsp/dsp.cpp:564

  // here we clean up the state with a noise blanker
  if (realstate != realstatebefore) {
    50fe:	80 91 d0 05 	lds	r24, 0x05D0	; 0x8005d0 <realstatebefore>
    5102:	18 17       	cp	r17, r24
    5104:	51 f0       	breq	.+20     	; 0x511a <main+0xb12>
/home/jgalera/develop/arduino/usdx/usdx_plus_orange/src/dsp/dsp.cpp:565
    laststarttime = millis();
    5106:	0e 94 f9 03 	call	0x7f2	; 0x7f2 <millis>
    510a:	60 93 cc 05 	sts	0x05CC, r22	; 0x8005cc <laststarttime>
    510e:	70 93 cd 05 	sts	0x05CD, r23	; 0x8005cd <laststarttime+0x1>
    5112:	80 93 ce 05 	sts	0x05CE, r24	; 0x8005ce <laststarttime+0x2>
    5116:	90 93 cf 05 	sts	0x05CF, r25	; 0x8005cf <laststarttime+0x3>
/home/jgalera/develop/arduino/usdx/usdx_plus_orange/src/dsp/dsp.cpp:574
// side-effect with fast speed changes that fast CW will be filtered out
#ifdef NB_SCALED_TO_WPM
  if ((millis() - laststarttime) >
      min(1200 / (20 * 2), max(1200 / (40 * 2), hightimesavg / 6))) {
#else
  if ((millis() - laststarttime) > nbtime) {
    511a:	0e 94 f9 03 	call	0x7f2	; 0x7f2 <millis>
    511e:	80 90 cc 05 	lds	r8, 0x05CC	; 0x8005cc <laststarttime>
    5122:	90 90 cd 05 	lds	r9, 0x05CD	; 0x8005cd <laststarttime+0x1>
    5126:	a0 90 ce 05 	lds	r10, 0x05CE	; 0x8005ce <laststarttime+0x2>
    512a:	b0 90 cf 05 	lds	r11, 0x05CF	; 0x8005cf <laststarttime+0x3>
    512e:	68 19       	sub	r22, r8
    5130:	79 09       	sbc	r23, r9
    5132:	8a 09       	sbc	r24, r10
    5134:	9b 09       	sbc	r25, r11
    5136:	61 31       	cpi	r22, 0x11	; 17
    5138:	71 05       	cpc	r23, r1
    513a:	81 05       	cpc	r24, r1
    513c:	91 05       	cpc	r25, r1
    513e:	08 f4       	brcc	.+2      	; 0x5142 <main+0xb3a>
    5140:	58 c0       	rjmp	.+176    	; 0x51f2 <main+0xbea>
/home/jgalera/develop/arduino/usdx/usdx_plus_orange/src/dsp/dsp.cpp:576
#endif
    if (realstate != filteredstate) {
    5142:	80 91 cb 05 	lds	r24, 0x05CB	; 0x8005cb <filteredstate>
    5146:	18 13       	cpse	r17, r24
/home/jgalera/develop/arduino/usdx/usdx_plus_orange/src/dsp/dsp.cpp:577
      filteredstate = realstate;
    5148:	10 93 cb 05 	sts	0x05CB, r17	; 0x8005cb <filteredstate>
/home/jgalera/develop/arduino/usdx/usdx_plus_orange/src/dsp/dsp.cpp:585
  } else
    avg +=
        avg /
        100; // keep threshold above noise spikes (increase threshold with 1%)

  dec2();
    514c:	0e 94 ab 11 	call	0x2356	; 0x2356 <dec2()>
/home/jgalera/develop/arduino/usdx/usdx_plus_orange/src/dsp/dsp.cpp:586
  realstatebefore = realstate;
    5150:	80 91 d1 05 	lds	r24, 0x05D1	; 0x8005d1 <realstate>
    5154:	80 93 d0 05 	sts	0x05D0, r24	; 0x8005d0 <realstatebefore>
loop():
/home/jgalera/develop/arduino/usdx/usdx_plus_orange/usdx_plus_orange.ino:530
    cw_decode(); // CW decoder only active during RX
#endif           // CW_DECODER

  if (menumode == 0) { // in main
    5158:	80 91 06 06 	lds	r24, 0x0606	; 0x800606 <menumode>
    515c:	81 11       	cpse	r24, r1
    515e:	2a c0       	rjmp	.+84     	; 0x51b4 <main+0xbac>
/home/jgalera/develop/arduino/usdx/usdx_plus_orange/usdx_plus_orange.ino:532
#ifdef CW_DECODER
    if (cw_event) {
    5160:	80 91 17 06 	lds	r24, 0x0617	; 0x800617 <cw_event>
    5164:	88 23       	and	r24, r24
    5166:	09 f4       	brne	.+2      	; 0x516a <main+0xb62>
    5168:	59 c0       	rjmp	.+178    	; 0x521c <main+0xc14>
/home/jgalera/develop/arduino/usdx/usdx_plus_orange/usdx_plus_orange.ino:533
      uint8_t offset = (uint8_t[]){
    516a:	87 e0       	ldi	r24, 0x07	; 7
    516c:	ef ed       	ldi	r30, 0xDF	; 223
    516e:	f1 e0       	ldi	r31, 0x01	; 1
    5170:	de 01       	movw	r26, r28
    5172:	11 96       	adiw	r26, 0x01	; 1
    5174:	01 90       	ld	r0, Z+
    5176:	0d 92       	st	X+, r0
    5178:	8a 95       	dec	r24
    517a:	e1 f7       	brne	.-8      	; 0x5174 <main+0xb6c>
/home/jgalera/develop/arduino/usdx/usdx_plus_orange/usdx_plus_orange.ino:534
          0, 7, 3, 5, 3, 7, 8}[smode]; // depending on smeter more/less cw-text
    517c:	e0 91 cb 01 	lds	r30, 0x01CB	; 0x8001cb <smode>
    5180:	81 e0       	ldi	r24, 0x01	; 1
    5182:	90 e0       	ldi	r25, 0x00	; 0
    5184:	8c 0f       	add	r24, r28
    5186:	9d 1f       	adc	r25, r29
    5188:	8e 0f       	add	r24, r30
    518a:	91 1d       	adc	r25, r1
    518c:	fc 01       	movw	r30, r24
    518e:	10 81       	ld	r17, Z
_ZN3LCD8noCursorEv.isra.18():
/home/jgalera/develop/arduino/usdx/usdx_plus_orange/src/driver/display.h:193
#endif
  void cursor() { cmd(0x0e); }
  void noCursor() { cmd(0x0c); }
    5190:	8c e0       	ldi	r24, 0x0C	; 12
    5192:	0e 94 7f 18 	call	0x30fe	; 0x30fe <LCD::cmd(unsigned char) [clone .isra.16]>
loop():
/home/jgalera/develop/arduino/usdx/usdx_plus_orange/usdx_plus_orange.ino:555
      } else
        cw_event = false; // since an oled string write would hold-up reliable
                          // decoding/keying, write only a single char each time
                          // and continue
#else
      cw_event = false;
    5196:	10 92 17 06 	sts	0x0617, r1	; 0x800617 <cw_event>
_ZN3LCD9setCursorEhh():
/home/jgalera/develop/arduino/usdx/usdx_plus_orange/src/driver/display.h:190
#ifdef CONDENSED
  void setCursor(uint8_t x, uint8_t y) {
    cmd(0x80 | (x + (uint8_t[]){0x00, 0x40, 0x00 + 20, 0x40 + 20}[y]));
  }
#else
  void setCursor(uint8_t x, uint8_t y) { cmd(0x80 | (x + y * 0x40)); }
    519a:	80 e8       	ldi	r24, 0x80	; 128
    519c:	0e 94 7f 18 	call	0x30fe	; 0x30fe <LCD::cmd(unsigned char) [clone .isra.16]>
loop():
/home/jgalera/develop/arduino/usdx/usdx_plus_orange/usdx_plus_orange.ino:557
      lcd.setCursor(0, 0);
      lcd.print(out + offset);
    51a0:	61 2f       	mov	r22, r17
    51a2:	70 e0       	ldi	r23, 0x00	; 0
    51a4:	62 53       	subi	r22, 0x32	; 50
    51a6:	7e 4f       	sbci	r23, 0xFE	; 254
    51a8:	87 eb       	ldi	r24, 0xB7	; 183
    51aa:	96 e0       	ldi	r25, 0x06	; 6
    51ac:	0e 94 2e 1a 	call	0x345c	; 0x345c <Print::print(char const*)>
/home/jgalera/develop/arduino/usdx/usdx_plus_orange/usdx_plus_orange.ino:559
#endif
      stepsize_showcursor();
    51b0:	0e 94 a2 11 	call	0x2344	; 0x2344 <stepsize_showcursor()>
/home/jgalera/develop/arduino/usdx/usdx_plus_orange/usdx_plus_orange.ino:567
      if ((!semi_qsk_timeout) && (!vox_tx))
        smeter();
  }

#ifdef KEYER                                // Keyer
  if (mode == CW && keyer_mode != SINGLE) { // check DIT/DAH keys for CW
    51b4:	10 91 cd 01 	lds	r17, 0x01CD	; 0x8001cd <mode>
    51b8:	12 30       	cpi	r17, 0x02	; 2
    51ba:	29 f4       	brne	.+10     	; 0x51c6 <main+0xbbe>
    51bc:	80 91 ca 01 	lds	r24, 0x01CA	; 0x8001ca <keyer_mode>
    51c0:	82 30       	cpi	r24, 0x02	; 2
    51c2:	09 f0       	breq	.+2      	; 0x51c6 <main+0xbbe>
    51c4:	8a c1       	rjmp	.+788    	; 0x54da <main+0xed2>
/home/jgalera/develop/arduino/usdx/usdx_plus_orange/usdx_plus_orange.ino:637

  } else {
#endif // KEYER

#ifdef TX_ENABLE
    uint8_t pin = ((mode == CW) && (keyer_swap)) ? DAH : DIT;
    51c6:	80 91 cd 01 	lds	r24, 0x01CD	; 0x8001cd <mode>
    51ca:	82 30       	cpi	r24, 0x02	; 2
    51cc:	09 f4       	brne	.+2      	; 0x51d0 <main+0xbc8>
    51ce:	e2 c2       	rjmp	.+1476   	; 0x5794 <main+0x118c>
main():
    51d0:	1d e0       	ldi	r17, 0x0D	; 13
    51d2:	e6 c2       	rjmp	.+1484   	; 0x57a0 <main+0x1198>
loop():
/home/jgalera/develop/arduino/usdx/usdx_plus_orange/usdx_plus_orange.ino:511
        vox_tx = 1;
        switch_rxtx(255);
        // for(;(tx);) wdt_reset();  // while in tx (workaround for RFI feedback
        // related issue) delay(100); tx = 255;
      }
    } else if (!tx) { // VOX activated, no audio detected -> RX
    51d4:	80 91 0b 06 	lds	r24, 0x060B	; 0x80060b <tx>
    51d8:	81 11       	cpse	r24, r1
    51da:	3d cf       	rjmp	.-390    	; 0x5056 <main+0xa4e>
/home/jgalera/develop/arduino/usdx/usdx_plus_orange/usdx_plus_orange.ino:512
      switch_rxtx(0);
    51dc:	0e 94 ef 13 	call	0x27de	; 0x27de <switch_rxtx(unsigned char)>
/home/jgalera/develop/arduino/usdx/usdx_plus_orange/usdx_plus_orange.ino:513
      vox_tx = 0;
    51e0:	10 92 0c 06 	sts	0x060C, r1	; 0x80060c <vox_tx>
/home/jgalera/develop/arduino/usdx/usdx_plus_orange/usdx_plus_orange.ino:514
      delay(32); // delay(10);
    51e4:	60 e2       	ldi	r22, 0x20	; 32
    51e6:	70 e0       	ldi	r23, 0x00	; 0
    51e8:	80 e0       	ldi	r24, 0x00	; 0
    51ea:	90 e0       	ldi	r25, 0x00	; 0
    51ec:	0e 94 c6 03 	call	0x78c	; 0x78c <delay>
    51f0:	32 cf       	rjmp	.-412    	; 0x5056 <main+0xa4e>
cw_decode():
/home/jgalera/develop/arduino/usdx/usdx_plus_orange/src/dsp/dsp.cpp:582
      filteredstate = realstate;
      // dec2();
    }
  } else
    avg +=
        avg /
    51f2:	c7 01       	movw	r24, r14
    51f4:	b6 01       	movw	r22, r12
    51f6:	24 e6       	ldi	r18, 0x64	; 100
    51f8:	30 e0       	ldi	r19, 0x00	; 0
    51fa:	40 e0       	ldi	r20, 0x00	; 0
    51fc:	50 e0       	ldi	r21, 0x00	; 0
    51fe:	0e 94 c8 39 	call	0x7390	; 0x7390 <__divmodsi4>
/home/jgalera/develop/arduino/usdx/usdx_plus_orange/src/dsp/dsp.cpp:581
    if (realstate != filteredstate) {
      filteredstate = realstate;
      // dec2();
    }
  } else
    avg +=
    5202:	c2 0e       	add	r12, r18
    5204:	d3 1e       	adc	r13, r19
    5206:	e4 1e       	adc	r14, r20
    5208:	f5 1e       	adc	r15, r21
    520a:	c0 92 6d 01 	sts	0x016D, r12	; 0x80016d <avg>
    520e:	d0 92 6e 01 	sts	0x016E, r13	; 0x80016e <avg+0x1>
    5212:	e0 92 6f 01 	sts	0x016F, r14	; 0x80016f <avg+0x2>
    5216:	f0 92 70 01 	sts	0x0170, r15	; 0x800170 <avg+0x3>
    521a:	98 cf       	rjmp	.-208    	; 0x514c <main+0xb44>
loop():
/home/jgalera/develop/arduino/usdx/usdx_plus_orange/usdx_plus_orange.ino:562
      lcd.print(out + offset);
#endif
      stepsize_showcursor();
    } else
#endif // CW_DECODER
      if ((!semi_qsk_timeout) && (!vox_tx))
    521c:	80 91 07 06 	lds	r24, 0x0607	; 0x800607 <semi_qsk_timeout>
    5220:	90 91 08 06 	lds	r25, 0x0608	; 0x800608 <semi_qsk_timeout+0x1>
    5224:	a0 91 09 06 	lds	r26, 0x0609	; 0x800609 <semi_qsk_timeout+0x2>
    5228:	b0 91 0a 06 	lds	r27, 0x060A	; 0x80060a <semi_qsk_timeout+0x3>
    522c:	89 2b       	or	r24, r25
    522e:	8a 2b       	or	r24, r26
    5230:	8b 2b       	or	r24, r27
    5232:	09 f0       	breq	.+2      	; 0x5236 <main+0xc2e>
    5234:	bf cf       	rjmp	.-130    	; 0x51b4 <main+0xbac>
    5236:	80 91 0c 06 	lds	r24, 0x060C	; 0x80060c <vox_tx>
    523a:	81 11       	cpse	r24, r1
    523c:	bb cf       	rjmp	.-138    	; 0x51b4 <main+0xbac>
_Z3maxIVmmEDTqultfp0_fp_fp0_fp_ERKT_RKT0_():
/home/jgalera/.arduino15/packages/MiniCore/hardware/avr/3.1.1/cores/MCUdude_corefiles/Arduino.h:320
	}

	template<class T, class L>
	auto max(const T& a, const L& b) -> decltype((b < a) ? b : a) {
		return (a < b) ? b : a;
    523e:	80 91 de 05 	lds	r24, 0x05DE	; 0x8005de <_absavg256>
    5242:	90 91 df 05 	lds	r25, 0x05DF	; 0x8005df <_absavg256+0x1>
    5246:	a0 91 e0 05 	lds	r26, 0x05E0	; 0x8005e0 <_absavg256+0x2>
    524a:	b0 91 e1 05 	lds	r27, 0x05E1	; 0x8005e1 <_absavg256+0x3>
    524e:	20 91 da 05 	lds	r18, 0x05DA	; 0x8005da <max_absavg256>
    5252:	30 91 db 05 	lds	r19, 0x05DB	; 0x8005db <max_absavg256+0x1>
    5256:	40 91 dc 05 	lds	r20, 0x05DC	; 0x8005dc <max_absavg256+0x2>
    525a:	50 91 dd 05 	lds	r21, 0x05DD	; 0x8005dd <max_absavg256+0x3>
    525e:	82 17       	cp	r24, r18
    5260:	93 07       	cpc	r25, r19
    5262:	a4 07       	cpc	r26, r20
    5264:	b5 07       	cpc	r27, r21
    5266:	40 f0       	brcs	.+16     	; 0x5278 <main+0xc70>
main():
    5268:	20 91 de 05 	lds	r18, 0x05DE	; 0x8005de <_absavg256>
    526c:	30 91 df 05 	lds	r19, 0x05DF	; 0x8005df <_absavg256+0x1>
    5270:	40 91 e0 05 	lds	r20, 0x05E0	; 0x8005e0 <_absavg256+0x2>
    5274:	50 91 e1 05 	lds	r21, 0x05E1	; 0x8005e1 <_absavg256+0x3>
smeter():
/home/jgalera/develop/arduino/usdx/usdx_plus_orange/src/core/core.cpp:187
}

static int16_t smeter_cnt = 0;

int16_t smeter(int16_t ref) {
  max_absavg256 = max(_absavg256, max_absavg256);
    5278:	20 93 da 05 	sts	0x05DA, r18	; 0x8005da <max_absavg256>
    527c:	30 93 db 05 	sts	0x05DB, r19	; 0x8005db <max_absavg256+0x1>
    5280:	40 93 dc 05 	sts	0x05DC, r20	; 0x8005dc <max_absavg256+0x2>
    5284:	50 93 dd 05 	sts	0x05DD, r21	; 0x8005dd <max_absavg256+0x3>
/home/jgalera/develop/arduino/usdx/usdx_plus_orange/src/core/core.cpp:189

  if ((smode) && ((++smeter_cnt % 2048) == 0)) {
    5288:	80 91 cb 01 	lds	r24, 0x01CB	; 0x8001cb <smode>
    528c:	88 23       	and	r24, r24
    528e:	09 f4       	brne	.+2      	; 0x5292 <main+0xc8a>
    5290:	91 cf       	rjmp	.-222    	; 0x51b4 <main+0xbac>
    5292:	80 91 d8 05 	lds	r24, 0x05D8	; 0x8005d8 <smeter_cnt>
    5296:	90 91 d9 05 	lds	r25, 0x05D9	; 0x8005d9 <smeter_cnt+0x1>
    529a:	01 96       	adiw	r24, 0x01	; 1
    529c:	90 93 d9 05 	sts	0x05D9, r25	; 0x8005d9 <smeter_cnt+0x1>
    52a0:	80 93 d8 05 	sts	0x05D8, r24	; 0x8005d8 <smeter_cnt>
    52a4:	97 70       	andi	r25, 0x07	; 7
    52a6:	89 2b       	or	r24, r25
    52a8:	09 f0       	breq	.+2      	; 0x52ac <main+0xca4>
    52aa:	84 cf       	rjmp	.-248    	; 0x51b4 <main+0xbac>
log10_fix():
/home/jgalera/develop/arduino/usdx/usdx_plus_orange/src/core/core.cpp:173
int16_t dbm;

const uint16_t log10_lut[] = {0, 301, 477, 602, 699, 778, 845, 903, 954};

int32_t log10_fix(uint32_t n) {
  if (n == 0)
    52ac:	21 15       	cp	r18, r1
    52ae:	31 05       	cpc	r19, r1
    52b0:	41 05       	cpc	r20, r1
    52b2:	51 05       	cpc	r21, r1
    52b4:	09 f4       	brne	.+2      	; 0x52b8 <main+0xcb0>
    52b6:	f6 c0       	rjmp	.+492    	; 0x54a4 <main+0xe9c>
main():
/home/jgalera/develop/arduino/usdx/usdx_plus_orange/src/core/core.cpp:175
    return -32768;
  int32_t l = 0;
    52b8:	c1 2c       	mov	r12, r1
    52ba:	d1 2c       	mov	r13, r1
    52bc:	76 01       	movw	r14, r12
log10_fix():
/home/jgalera/develop/arduino/usdx/usdx_plus_orange/src/core/core.cpp:177
  uint32_t n_copy = n;
  while (n_copy >= 10) {
    52be:	2a 30       	cpi	r18, 0x0A	; 10
    52c0:	31 05       	cpc	r19, r1
    52c2:	41 05       	cpc	r20, r1
    52c4:	51 05       	cpc	r21, r1
    52c6:	60 f0       	brcs	.+24     	; 0x52e0 <main+0xcd8>
/home/jgalera/develop/arduino/usdx/usdx_plus_orange/src/core/core.cpp:178
    n_copy /= 10;
    52c8:	ca 01       	movw	r24, r20
    52ca:	b9 01       	movw	r22, r18
    52cc:	a3 01       	movw	r20, r6
    52ce:	92 01       	movw	r18, r4
    52d0:	0e 94 a6 39 	call	0x734c	; 0x734c <__udivmodsi4>
/home/jgalera/develop/arduino/usdx/usdx_plus_orange/src/core/core.cpp:179
    l++;
    52d4:	9f ef       	ldi	r25, 0xFF	; 255
    52d6:	c9 1a       	sub	r12, r25
    52d8:	d9 0a       	sbc	r13, r25
    52da:	e9 0a       	sbc	r14, r25
    52dc:	f9 0a       	sbc	r15, r25
    52de:	ef cf       	rjmp	.-34     	; 0x52be <main+0xcb6>
smeter():
/home/jgalera/develop/arduino/usdx/usdx_plus_orange/src/core/core.cpp:194
  if ((smode) && ((++smeter_cnt % 2048) == 0)) {
    int32_t log_val = log10_fix(max_absavg256);
    if (log_val > -32768) {
      int32_t dbm_scaled;
      if (dsp_cap == SDR) {
        dbm_scaled = (20 * log_val) / 1000 + 6 * att2 - 185;
    52e0:	10 91 72 01 	lds	r17, 0x0172	; 0x800172 <att2>
log10_fix():
/home/jgalera/develop/arduino/usdx/usdx_plus_orange/src/core/core.cpp:181
  uint32_t n_copy = n;
  while (n_copy >= 10) {
    n_copy /= 10;
    l++;
  }
  return l * 1000 + log10_lut[n_copy - 1];
    52e4:	21 50       	subi	r18, 0x01	; 1
    52e6:	31 09       	sbc	r19, r1
    52e8:	41 09       	sbc	r20, r1
    52ea:	51 09       	sbc	r21, r1
    52ec:	22 0f       	add	r18, r18
    52ee:	33 1f       	adc	r19, r19
    52f0:	2a 51       	subi	r18, 0x1A	; 26
    52f2:	3e 4f       	sbci	r19, 0xFE	; 254
    52f4:	d9 01       	movw	r26, r18
    52f6:	ed 91       	ld	r30, X+
    52f8:	fc 91       	ld	r31, X
    52fa:	a8 ee       	ldi	r26, 0xE8	; 232
    52fc:	b3 e0       	ldi	r27, 0x03	; 3
    52fe:	a7 01       	movw	r20, r14
    5300:	96 01       	movw	r18, r12
    5302:	0e 94 0b 3a 	call	0x7416	; 0x7416 <__muluhisi3>
    5306:	6e 0f       	add	r22, r30
    5308:	7f 1f       	adc	r23, r31
    530a:	81 1d       	adc	r24, r1
    530c:	91 1d       	adc	r25, r1
smeter():
/home/jgalera/develop/arduino/usdx/usdx_plus_orange/src/core/core.cpp:194
  if ((smode) && ((++smeter_cnt % 2048) == 0)) {
    int32_t log_val = log10_fix(max_absavg256);
    if (log_val > -32768) {
      int32_t dbm_scaled;
      if (dsp_cap == SDR) {
        dbm_scaled = (20 * log_val) / 1000 + 6 * att2 - 185;
    530e:	22 e3       	ldi	r18, 0x32	; 50
    5310:	30 e0       	ldi	r19, 0x00	; 0
    5312:	40 e0       	ldi	r20, 0x00	; 0
    5314:	50 e0       	ldi	r21, 0x00	; 0
    5316:	0e 94 c8 39 	call	0x7390	; 0x7390 <__divmodsi4>
    531a:	b6 e0       	ldi	r27, 0x06	; 6
    531c:	1b 9f       	mul	r17, r27
    531e:	c0 01       	movw	r24, r0
    5320:	11 24       	eor	r1, r1
    5322:	09 2e       	mov	r0, r25
    5324:	00 0c       	add	r0, r0
    5326:	aa 0b       	sbc	r26, r26
    5328:	bb 0b       	sbc	r27, r27
    532a:	82 0f       	add	r24, r18
    532c:	93 1f       	adc	r25, r19
    532e:	a4 1f       	adc	r26, r20
    5330:	b5 1f       	adc	r27, r21
    5332:	9c 01       	movw	r18, r24
    5334:	ad 01       	movw	r20, r26
    5336:	29 5b       	subi	r18, 0xB9	; 185
    5338:	31 09       	sbc	r19, r1
    533a:	41 09       	sbc	r20, r1
    533c:	51 09       	sbc	r21, r1
/home/jgalera/develop/arduino/usdx/usdx_plus_orange/src/core/core.cpp:198
      } else {
        dbm_scaled = (20 * log_val) / 1000 + 6 * att2 - 176;
      }
      dbm = dbm_scaled - ref;
    533e:	30 93 d7 05 	sts	0x05D7, r19	; 0x8005d7 <dbm+0x1>
    5342:	20 93 d6 05 	sts	0x05D6, r18	; 0x8005d6 <dbm>
/home/jgalera/develop/arduino/usdx/usdx_plus_orange/src/core/core.cpp:203
    } else {
      dbm = -127 - ref;
    }

    lcd.noCursor();
    5346:	0e 94 7e 11 	call	0x22fc	; 0x22fc <LCD::noCursor() [clone .isra.5]>
/home/jgalera/develop/arduino/usdx/usdx_plus_orange/src/core/core.cpp:204
    if (smode == 1) {
    534a:	80 91 cb 01 	lds	r24, 0x01CB	; 0x8001cb <smode>
    534e:	81 30       	cpi	r24, 0x01	; 1
    5350:	79 f4       	brne	.+30     	; 0x5370 <main+0xd68>
_ZN3LCD9setCursorEhh():
/home/jgalera/develop/arduino/usdx/usdx_plus_orange/src/driver/display.h:190
    5352:	89 e8       	ldi	r24, 0x89	; 137
    5354:	0e 94 73 11 	call	0x22e6	; 0x22e6 <LCD::cmd(unsigned char) [clone .isra.3] [clone .lto_priv.35]>
smeter():
/home/jgalera/develop/arduino/usdx/usdx_plus_orange/src/core/core.cpp:206
      lcd.setCursor(9, 0);
      lcd.print((int16_t)dbm);
    5358:	60 91 d6 05 	lds	r22, 0x05D6	; 0x8005d6 <dbm>
    535c:	70 91 d7 05 	lds	r23, 0x05D7	; 0x8005d7 <dbm+0x1>
    5360:	87 eb       	ldi	r24, 0xB7	; 183
    5362:	96 e0       	ldi	r25, 0x06	; 6
    5364:	0e 94 f0 19 	call	0x33e0	; 0x33e0 <Print::print(int, int) [clone .constprop.21]>
/home/jgalera/develop/arduino/usdx/usdx_plus_orange/src/core/core.cpp:207
      lcd.print(F("dBm "));
    5368:	89 ef       	ldi	r24, 0xF9	; 249
    536a:	91 e0       	ldi	r25, 0x01	; 1
    536c:	0e 94 ae 18 	call	0x315c	; 0x315c <Print::print(__FlashStringHelper const*) [clone .constprop.23]>
/home/jgalera/develop/arduino/usdx/usdx_plus_orange/src/core/core.cpp:209
    }
    if (smode == 2) {
    5370:	80 91 cb 01 	lds	r24, 0x01CB	; 0x8001cb <smode>
    5374:	82 30       	cpi	r24, 0x02	; 2
    5376:	19 f5       	brne	.+70     	; 0x53be <main+0xdb6>
/home/jgalera/develop/arduino/usdx/usdx_plus_orange/src/core/core.cpp:211
      uint8_t s =
          (dbm < -63) ? ((dbm - -127) / 6) : (((uint8_t)(dbm - -73)) / 10) * 10;
    5378:	80 91 d6 05 	lds	r24, 0x05D6	; 0x8005d6 <dbm>
    537c:	90 91 d7 05 	lds	r25, 0x05D7	; 0x8005d7 <dbm+0x1>
/home/jgalera/develop/arduino/usdx/usdx_plus_orange/src/core/core.cpp:210
      lcd.setCursor(9, 0);
      lcd.print((int16_t)dbm);
      lcd.print(F("dBm "));
    }
    if (smode == 2) {
      uint8_t s =
    5380:	81 3c       	cpi	r24, 0xC1	; 193
    5382:	ef ef       	ldi	r30, 0xFF	; 255
    5384:	9e 07       	cpc	r25, r30
    5386:	0c f0       	brlt	.+2      	; 0x538a <main+0xd82>
    5388:	94 c0       	rjmp	.+296    	; 0x54b2 <main+0xeaa>
/home/jgalera/develop/arduino/usdx/usdx_plus_orange/src/core/core.cpp:211
          (dbm < -63) ? ((dbm - -127) / 6) : (((uint8_t)(dbm - -73)) / 10) * 10;
    538a:	81 58       	subi	r24, 0x81	; 129
    538c:	9f 4f       	sbci	r25, 0xFF	; 255
    538e:	66 e0       	ldi	r22, 0x06	; 6
    5390:	70 e0       	ldi	r23, 0x00	; 0
    5392:	0e 94 92 39 	call	0x7324	; 0x7324 <__divmodhi4>
/home/jgalera/develop/arduino/usdx/usdx_plus_orange/src/core/core.cpp:210
      lcd.setCursor(9, 0);
      lcd.print((int16_t)dbm);
      lcd.print(F("dBm "));
    }
    if (smode == 2) {
      uint8_t s =
    5396:	16 2f       	mov	r17, r22
_ZN3LCD9setCursorEhh():
/home/jgalera/develop/arduino/usdx/usdx_plus_orange/src/driver/display.h:190
    5398:	8e e8       	ldi	r24, 0x8E	; 142
    539a:	0e 94 73 11 	call	0x22e6	; 0x22e6 <LCD::cmd(unsigned char) [clone .isra.3] [clone .lto_priv.35]>
smeter():
/home/jgalera/develop/arduino/usdx/usdx_plus_orange/src/core/core.cpp:213
          (dbm < -63) ? ((dbm - -127) / 6) : (((uint8_t)(dbm - -73)) / 10) * 10;
      lcd.setCursor(14, 0);
      if (s < 10)
    539e:	1a 30       	cpi	r17, 0x0A	; 10
    53a0:	28 f4       	brcc	.+10     	; 0x53ac <main+0xda4>
/home/jgalera/develop/arduino/usdx/usdx_plus_orange/src/core/core.cpp:214
        lcd.print('S');
    53a2:	63 e5       	ldi	r22, 0x53	; 83
    53a4:	87 eb       	ldi	r24, 0xB7	; 183
    53a6:	96 e0       	ldi	r25, 0x06	; 6
    53a8:	0e 94 05 04 	call	0x80a	; 0x80a <Print::print(char)>
print():
/home/jgalera/.arduino15/packages/MiniCore/hardware/avr/3.1.1/cores/MCUdude_corefiles/Print.cpp:74
  return write(c);
}

size_t Print::print(unsigned char b, int base)
{
  return print((unsigned long) b, base);
    53ac:	41 2f       	mov	r20, r17
    53ae:	50 e0       	ldi	r21, 0x00	; 0
    53b0:	70 e0       	ldi	r23, 0x00	; 0
    53b2:	60 e0       	ldi	r22, 0x00	; 0
/home/jgalera/.arduino15/packages/MiniCore/hardware/avr/3.1.1/cores/MCUdude_corefiles/Print.cpp:106
}

size_t Print::print(unsigned long n, int base)
{
  if (base == 0) return write(n);
  else return printNumber(n, base);
    53b4:	2a e0       	ldi	r18, 0x0A	; 10
    53b6:	87 eb       	ldi	r24, 0xB7	; 183
    53b8:	96 e0       	ldi	r25, 0x06	; 6
    53ba:	0e 94 72 19 	call	0x32e4	; 0x32e4 <Print::printNumber(unsigned long, unsigned char)>
smeter():
/home/jgalera/develop/arduino/usdx/usdx_plus_orange/src/core/core.cpp:217
      lcd.print(s);
    }
    if (smode == 3) {
    53be:	80 91 cb 01 	lds	r24, 0x01CB	; 0x8001cb <smode>
    53c2:	83 30       	cpi	r24, 0x03	; 3
    53c4:	e9 f5       	brne	.+122    	; 0x5440 <main+0xe38>
/home/jgalera/develop/arduino/usdx/usdx_plus_orange/src/core/core.cpp:219
      int8_t s =
          (dbm < -63) ? ((dbm - -127) / 6) : (((uint8_t)(dbm - -73)) / 10) * 10;
    53c6:	80 91 d6 05 	lds	r24, 0x05D6	; 0x8005d6 <dbm>
    53ca:	90 91 d7 05 	lds	r25, 0x05D7	; 0x8005d7 <dbm+0x1>
/home/jgalera/develop/arduino/usdx/usdx_plus_orange/src/core/core.cpp:218
      if (s < 10)
        lcd.print('S');
      lcd.print(s);
    }
    if (smode == 3) {
      int8_t s =
    53ce:	81 3c       	cpi	r24, 0xC1	; 193
    53d0:	ff ef       	ldi	r31, 0xFF	; 255
    53d2:	9f 07       	cpc	r25, r31
    53d4:	0c f0       	brlt	.+2      	; 0x53d8 <main+0xdd0>
    53d6:	76 c0       	rjmp	.+236    	; 0x54c4 <main+0xebc>
/home/jgalera/develop/arduino/usdx/usdx_plus_orange/src/core/core.cpp:219
          (dbm < -63) ? ((dbm - -127) / 6) : (((uint8_t)(dbm - -73)) / 10) * 10;
    53d8:	81 58       	subi	r24, 0x81	; 129
    53da:	9f 4f       	sbci	r25, 0xFF	; 255
    53dc:	66 e0       	ldi	r22, 0x06	; 6
    53de:	70 e0       	ldi	r23, 0x00	; 0
    53e0:	0e 94 92 39 	call	0x7324	; 0x7324 <__divmodhi4>
    53e4:	fe 01       	movw	r30, r28
    53e6:	31 96       	adiw	r30, 0x01	; 1
    53e8:	74 ef       	ldi	r23, 0xF4	; 244
    53ea:	76 0f       	add	r23, r22
    53ec:	8f 01       	movw	r16, r30
/home/jgalera/develop/arduino/usdx/usdx_plus_orange/src/core/core.cpp:222
      char tmp[5];
      for (uint8_t i = 0; i != 4; i++) {
        tmp[i] = max(2, min(5, s + 1));
    53ee:	25 e0       	ldi	r18, 0x05	; 5
    53f0:	30 e0       	ldi	r19, 0x00	; 0
    53f2:	42 e0       	ldi	r20, 0x02	; 2
    53f4:	50 e0       	ldi	r21, 0x00	; 0
    53f6:	86 2f       	mov	r24, r22
    53f8:	06 2e       	mov	r0, r22
    53fa:	00 0c       	add	r0, r0
    53fc:	99 0b       	sbc	r25, r25
    53fe:	01 96       	adiw	r24, 0x01	; 1
    5400:	9e 87       	std	Y+14, r25	; 0x0e
    5402:	8d 87       	std	Y+13, r24	; 0x0d
    5404:	3c 87       	std	Y+12, r19	; 0x0c
    5406:	2b 87       	std	Y+11, r18	; 0x0b
main():
/home/jgalera/.arduino15/packages/MiniCore/hardware/avr/3.1.1/cores/MCUdude_corefiles/Arduino.h:315
		return x > 0 ? x : -x;
	}

	template<class T, class L>
	auto min(const T& a, const L& b) -> decltype((b < a) ? b : a) {
		return (b < a) ? b : a;
    5408:	de 01       	movw	r26, r28
_Z3minIiiEDTqultfp0_fp_fp0_fp_ERKT_RKT0_():
    540a:	05 97       	sbiw	r24, 0x05	; 5
    540c:	0c f0       	brlt	.+2      	; 0x5410 <main+0xe08>
    540e:	63 c0       	rjmp	.+198    	; 0x54d6 <main+0xece>
main():
    5410:	1d 96       	adiw	r26, 0x0d	; 13
smeter():
/home/jgalera/develop/arduino/usdx/usdx_plus_orange/src/core/core.cpp:222
    5412:	5a 87       	std	Y+10, r21	; 0x0a
    5414:	49 87       	std	Y+9, r20	; 0x09
_Z3maxIiiEDTqultfp0_fp_fp0_fp_ERKT_RKT0_():
/home/jgalera/.arduino15/packages/MiniCore/hardware/avr/3.1.1/cores/MCUdude_corefiles/Arduino.h:320
	}

	template<class T, class L>
	auto max(const T& a, const L& b) -> decltype((b < a) ? b : a) {
		return (a < b) ? b : a;
    5416:	8d 91       	ld	r24, X+
    5418:	9c 91       	ld	r25, X
    541a:	11 97       	sbiw	r26, 0x01	; 1
    541c:	03 97       	sbiw	r24, 0x03	; 3
    541e:	14 f4       	brge	.+4      	; 0x5424 <main+0xe1c>
main():
    5420:	de 01       	movw	r26, r28
    5422:	19 96       	adiw	r26, 0x09	; 9
smeter():
/home/jgalera/develop/arduino/usdx/usdx_plus_orange/src/core/core.cpp:222
    5424:	8c 91       	ld	r24, X
    5426:	81 93       	st	Z+, r24
    5428:	63 50       	subi	r22, 0x03	; 3
/home/jgalera/develop/arduino/usdx/usdx_plus_orange/src/core/core.cpp:221
    }
    if (smode == 3) {
      int8_t s =
          (dbm < -63) ? ((dbm - -127) / 6) : (((uint8_t)(dbm - -73)) / 10) * 10;
      char tmp[5];
      for (uint8_t i = 0; i != 4; i++) {
    542a:	76 13       	cpse	r23, r22
    542c:	e4 cf       	rjmp	.-56     	; 0x53f6 <main+0xdee>
/home/jgalera/develop/arduino/usdx/usdx_plus_orange/src/core/core.cpp:225
        tmp[i] = max(2, min(5, s + 1));
        s = s - 3;
      }
      tmp[4] = 0;
    542e:	1d 82       	std	Y+5, r1	; 0x05
_ZN3LCD9setCursorEhh():
/home/jgalera/develop/arduino/usdx/usdx_plus_orange/src/driver/display.h:190
    5430:	8c e8       	ldi	r24, 0x8C	; 140
    5432:	0e 94 73 11 	call	0x22e6	; 0x22e6 <LCD::cmd(unsigned char) [clone .isra.3] [clone .lto_priv.35]>
smeter():
/home/jgalera/develop/arduino/usdx/usdx_plus_orange/src/core/core.cpp:227
      lcd.setCursor(12, 0);
      lcd.print(tmp);
    5436:	b8 01       	movw	r22, r16
    5438:	87 eb       	ldi	r24, 0xB7	; 183
    543a:	96 e0       	ldi	r25, 0x06	; 6
    543c:	0e 94 2e 1a 	call	0x345c	; 0x345c <Print::print(char const*)>
/home/jgalera/develop/arduino/usdx/usdx_plus_orange/src/core/core.cpp:230
    }
#ifdef CW_DECODER
    if (smode == 4) {
    5440:	80 91 cb 01 	lds	r24, 0x01CB	; 0x8001cb <smode>
    5444:	84 30       	cpi	r24, 0x04	; 4
    5446:	b9 f4       	brne	.+46     	; 0x5476 <main+0xe6e>
_ZN3LCD9setCursorEhh():
/home/jgalera/develop/arduino/usdx/usdx_plus_orange/src/driver/display.h:190
    5448:	8e e8       	ldi	r24, 0x8E	; 142
    544a:	0e 94 73 11 	call	0x22e6	; 0x22e6 <LCD::cmd(unsigned char) [clone .isra.3] [clone .lto_priv.35]>
smeter():
/home/jgalera/develop/arduino/usdx/usdx_plus_orange/src/core/core.cpp:232
      lcd.setCursor(14, 0);
      if (mode == CW)
    544e:	80 91 cd 01 	lds	r24, 0x01CD	; 0x8001cd <mode>
    5452:	82 30       	cpi	r24, 0x02	; 2
    5454:	51 f4       	brne	.+20     	; 0x546a <main+0xe62>
print():
/home/jgalera/.arduino15/packages/MiniCore/hardware/avr/3.1.1/cores/MCUdude_corefiles/Print.cpp:74
  return write(c);
}

size_t Print::print(unsigned char b, int base)
{
  return print((unsigned long) b, base);
    5456:	40 91 71 01 	lds	r20, 0x0171	; 0x800171 <wpm>
    545a:	50 e0       	ldi	r21, 0x00	; 0
    545c:	70 e0       	ldi	r23, 0x00	; 0
    545e:	60 e0       	ldi	r22, 0x00	; 0
/home/jgalera/.arduino15/packages/MiniCore/hardware/avr/3.1.1/cores/MCUdude_corefiles/Print.cpp:106
}

size_t Print::print(unsigned long n, int base)
{
  if (base == 0) return write(n);
  else return printNumber(n, base);
    5460:	2a e0       	ldi	r18, 0x0A	; 10
    5462:	87 eb       	ldi	r24, 0xB7	; 183
    5464:	96 e0       	ldi	r25, 0x06	; 6
    5466:	0e 94 72 19 	call	0x32e4	; 0x32e4 <Print::printNumber(unsigned long, unsigned char)>
smeter():
/home/jgalera/develop/arduino/usdx/usdx_plus_orange/src/core/core.cpp:234
        lcd.print(wpm);
      lcd.print("  ");
    546a:	68 ef       	ldi	r22, 0xF8	; 248
    546c:	72 e0       	ldi	r23, 0x02	; 2
    546e:	87 eb       	ldi	r24, 0xB7	; 183
    5470:	96 e0       	ldi	r25, 0x06	; 6
    5472:	0e 94 2e 1a 	call	0x345c	; 0x345c <Print::print(char const*)>
/home/jgalera/develop/arduino/usdx/usdx_plus_orange/src/core/core.cpp:267
      lcd.print(s / 10);
      lcd.print(s % 10);
      lcd.print("  ");
    }
#endif
    stepsize_showcursor();
    5476:	0e 94 a2 11 	call	0x2344	; 0x2344 <stepsize_showcursor()>
/home/jgalera/develop/arduino/usdx/usdx_plus_orange/src/core/core.cpp:268
    max_absavg256 /= 2;
    547a:	80 91 da 05 	lds	r24, 0x05DA	; 0x8005da <max_absavg256>
    547e:	90 91 db 05 	lds	r25, 0x05DB	; 0x8005db <max_absavg256+0x1>
    5482:	a0 91 dc 05 	lds	r26, 0x05DC	; 0x8005dc <max_absavg256+0x2>
    5486:	b0 91 dd 05 	lds	r27, 0x05DD	; 0x8005dd <max_absavg256+0x3>
    548a:	b6 95       	lsr	r27
    548c:	a7 95       	ror	r26
    548e:	97 95       	ror	r25
    5490:	87 95       	ror	r24
    5492:	80 93 da 05 	sts	0x05DA, r24	; 0x8005da <max_absavg256>
    5496:	90 93 db 05 	sts	0x05DB, r25	; 0x8005db <max_absavg256+0x1>
    549a:	a0 93 dc 05 	sts	0x05DC, r26	; 0x8005dc <max_absavg256+0x2>
    549e:	b0 93 dd 05 	sts	0x05DD, r27	; 0x8005dd <max_absavg256+0x3>
    54a2:	88 ce       	rjmp	.-752    	; 0x51b4 <main+0xbac>
/home/jgalera/develop/arduino/usdx/usdx_plus_orange/src/core/core.cpp:200
      } else {
        dbm_scaled = (20 * log_val) / 1000 + 6 * att2 - 176;
      }
      dbm = dbm_scaled - ref;
    } else {
      dbm = -127 - ref;
    54a4:	81 e8       	ldi	r24, 0x81	; 129
    54a6:	9f ef       	ldi	r25, 0xFF	; 255
    54a8:	90 93 d7 05 	sts	0x05D7, r25	; 0x8005d7 <dbm+0x1>
    54ac:	80 93 d6 05 	sts	0x05D6, r24	; 0x8005d6 <dbm>
    54b0:	4a cf       	rjmp	.-364    	; 0x5346 <main+0xd3e>
/home/jgalera/develop/arduino/usdx/usdx_plus_orange/src/core/core.cpp:211
      lcd.print((int16_t)dbm);
      lcd.print(F("dBm "));
    }
    if (smode == 2) {
      uint8_t s =
          (dbm < -63) ? ((dbm - -127) / 6) : (((uint8_t)(dbm - -73)) / 10) * 10;
    54b2:	87 5b       	subi	r24, 0xB7	; 183
    54b4:	1a e0       	ldi	r17, 0x0A	; 10
    54b6:	61 2f       	mov	r22, r17
    54b8:	0e 94 72 39 	call	0x72e4	; 0x72e4 <__udivmodqi4>
/home/jgalera/develop/arduino/usdx/usdx_plus_orange/src/core/core.cpp:210
      lcd.setCursor(9, 0);
      lcd.print((int16_t)dbm);
      lcd.print(F("dBm "));
    }
    if (smode == 2) {
      uint8_t s =
    54bc:	81 9f       	mul	r24, r17
    54be:	10 2d       	mov	r17, r0
    54c0:	11 24       	eor	r1, r1
    54c2:	6a cf       	rjmp	.-300    	; 0x5398 <main+0xd90>
/home/jgalera/develop/arduino/usdx/usdx_plus_orange/src/core/core.cpp:219
        lcd.print('S');
      lcd.print(s);
    }
    if (smode == 3) {
      int8_t s =
          (dbm < -63) ? ((dbm - -127) / 6) : (((uint8_t)(dbm - -73)) / 10) * 10;
    54c4:	87 5b       	subi	r24, 0xB7	; 183
    54c6:	2a e0       	ldi	r18, 0x0A	; 10
    54c8:	62 2f       	mov	r22, r18
    54ca:	0e 94 72 39 	call	0x72e4	; 0x72e4 <__udivmodqi4>
/home/jgalera/develop/arduino/usdx/usdx_plus_orange/src/core/core.cpp:218
      if (s < 10)
        lcd.print('S');
      lcd.print(s);
    }
    if (smode == 3) {
      int8_t s =
    54ce:	82 9f       	mul	r24, r18
    54d0:	60 2d       	mov	r22, r0
    54d2:	11 24       	eor	r1, r1
    54d4:	87 cf       	rjmp	.-242    	; 0x53e4 <main+0xddc>
main():
/home/jgalera/.arduino15/packages/MiniCore/hardware/avr/3.1.1/cores/MCUdude_corefiles/Arduino.h:315
		return x > 0 ? x : -x;
	}

	template<class T, class L>
	auto min(const T& a, const L& b) -> decltype((b < a) ? b : a) {
		return (b < a) ? b : a;
    54d6:	1b 96       	adiw	r26, 0x0b	; 11
    54d8:	9c cf       	rjmp	.-200    	; 0x5412 <main+0xe0a>
loop():
/home/jgalera/develop/arduino/usdx/usdx_plus_orange/usdx_plus_orange.ino:569
  }

#ifdef KEYER                                // Keyer
  if (mode == CW && keyer_mode != SINGLE) { // check DIT/DAH keys for CW

    switch (
    54da:	80 91 05 06 	lds	r24, 0x0605	; 0x800605 <keyerState>
    54de:	82 30       	cpi	r24, 0x02	; 2
    54e0:	09 f4       	brne	.+2      	; 0x54e4 <main+0xedc>
    54e2:	e4 c0       	rjmp	.+456    	; 0x56ac <main+0x10a4>
    54e4:	08 f0       	brcs	.+2      	; 0x54e8 <main+0xee0>
    54e6:	88 c0       	rjmp	.+272    	; 0x55f8 <main+0xff0>
    54e8:	88 23       	and	r24, r24
    54ea:	09 f4       	brne	.+2      	; 0x54ee <main+0xee6>
    54ec:	a9 c0       	rjmp	.+338    	; 0x5640 <main+0x1038>
    54ee:	81 30       	cpi	r24, 0x01	; 1
    54f0:	09 f4       	brne	.+2      	; 0x54f4 <main+0xeec>
    54f2:	c3 c0       	rjmp	.+390    	; 0x567a <main+0x1072>
/home/jgalera/develop/arduino/usdx/usdx_plus_orange/usdx_plus_orange.ino:668
#ifdef KEYER
  }
#endif // KEYER

#ifdef SEMI_QSK
  if ((semi_qsk_timeout) && (millis() > semi_qsk_timeout)) {
    54f4:	c0 90 07 06 	lds	r12, 0x0607	; 0x800607 <semi_qsk_timeout>
    54f8:	d0 90 08 06 	lds	r13, 0x0608	; 0x800608 <semi_qsk_timeout+0x1>
    54fc:	e0 90 09 06 	lds	r14, 0x0609	; 0x800609 <semi_qsk_timeout+0x2>
    5500:	f0 90 0a 06 	lds	r15, 0x060A	; 0x80060a <semi_qsk_timeout+0x3>
    5504:	c1 14       	cp	r12, r1
    5506:	d1 04       	cpc	r13, r1
    5508:	e1 04       	cpc	r14, r1
    550a:	f1 04       	cpc	r15, r1
    550c:	51 f0       	breq	.+20     	; 0x5522 <main+0xf1a>
    550e:	0e 94 f9 03 	call	0x7f2	; 0x7f2 <millis>
    5512:	c6 16       	cp	r12, r22
    5514:	d7 06       	cpc	r13, r23
    5516:	e8 06       	cpc	r14, r24
    5518:	f9 06       	cpc	r15, r25
    551a:	18 f4       	brcc	.+6      	; 0x5522 <main+0xf1a>
/home/jgalera/develop/arduino/usdx/usdx_plus_orange/usdx_plus_orange.ino:669
    switch_rxtx(0);
    551c:	80 e0       	ldi	r24, 0x00	; 0
    551e:	0e 94 ef 13 	call	0x27de	; 0x27de <switch_rxtx(unsigned char)>
_digitalRead():
/home/jgalera/develop/arduino/usdx/usdx_plus_orange/src/core/core.cpp:36
                            : 0;
  }
  return digitalRead(pin);
}
#else
uint8_t _digitalRead(uint8_t pin) { return digitalRead(pin); }
    5522:	81 e1       	ldi	r24, 0x11	; 17
    5524:	0e 94 ee 02 	call	0x5dc	; 0x5dc <digitalRead>
loop():
/home/jgalera/develop/arduino/usdx/usdx_plus_orange/usdx_plus_orange.ino:683
    PL = 0x04,
    PLC = 0x05,
    PT = 0x0C
  }; // button-left, button-right and button-encoder; single-click,
     // double-click, push-long, push-and-turn
  if (inv ^
    5528:	81 30       	cpi	r24, 0x01	; 1
    552a:	09 f4       	brne	.+2      	; 0x552e <main+0xf26>
    552c:	77 c4       	rjmp	.+2286   	; 0x5e1c <main+0x1814>
/home/jgalera/develop/arduino/usdx/usdx_plus_orange/usdx_plus_orange.ino:686
      _digitalRead(
          BUTTONS)) { // Left-/Right-/Rotary-button (while not already pressed)
    if (!((event & PL) ||
    552e:	80 91 f6 05 	lds	r24, 0x05F6	; 0x8005f6 <event>
    5532:	82 fd       	sbrc	r24, 2
    5534:	05 c0       	rjmp	.+10     	; 0x5540 <main+0xf38>
/home/jgalera/develop/arduino/usdx/usdx_plus_orange/usdx_plus_orange.ino:687
          (event &
    5536:	80 91 f6 05 	lds	r24, 0x05F6	; 0x8005f6 <event>
/home/jgalera/develop/arduino/usdx/usdx_plus_orange/usdx_plus_orange.ino:686
  }; // button-left, button-right and button-encoder; single-click,
     // double-click, push-long, push-and-turn
  if (inv ^
      _digitalRead(
          BUTTONS)) { // Left-/Right-/Rotary-button (while not already pressed)
    if (!((event & PL) ||
    553a:	85 70       	andi	r24, 0x05	; 5
    553c:	09 f4       	brne	.+2      	; 0x5540 <main+0xf38>
    553e:	62 c1       	rjmp	.+708    	; 0x5804 <main+0x11fc>
/home/jgalera/develop/arduino/usdx/usdx_plus_orange/usdx_plus_orange.ino:737
          : (v < (uint16_t)(4.8 * 1024.0 / 5.0))
              ? BR
              : BE; // determine which button pressed based on threshold levels
    } else {        // hack: fast forward handling
      event =
          (event & 0xf0) |
    5540:	80 91 f6 05 	lds	r24, 0x05F6	; 0x8005f6 <event>
    5544:	80 7f       	andi	r24, 0xF0	; 240
/home/jgalera/develop/arduino/usdx/usdx_plus_orange/usdx_plus_orange.ino:738
          ((encoder_val) ? PT : PLC /*PL*/); // only alternate between
    5546:	90 91 19 06 	lds	r25, 0x0619	; 0x800619 <encoder_val>
/home/jgalera/develop/arduino/usdx/usdx_plus_orange/usdx_plus_orange.ino:737
          : (v < (uint16_t)(4.8 * 1024.0 / 5.0))
              ? BR
              : BE; // determine which button pressed based on threshold levels
    } else {        // hack: fast forward handling
      event =
          (event & 0xf0) |
    554a:	99 23       	and	r25, r25
    554c:	09 f4       	brne	.+2      	; 0x5550 <main+0xf48>
    554e:	d9 c1       	rjmp	.+946    	; 0x5902 <main+0x12fa>
main():
    5550:	9c e0       	ldi	r25, 0x0C	; 12
loop():
    5552:	89 2b       	or	r24, r25
/home/jgalera/develop/arduino/usdx/usdx_plus_orange/usdx_plus_orange.ino:736
          (v < (uint16_t)(4.2 * 1024.0 / 5.0)) ? BL
          : (v < (uint16_t)(4.8 * 1024.0 / 5.0))
              ? BR
              : BE; // determine which button pressed based on threshold levels
    } else {        // hack: fast forward handling
      event =
    5554:	80 93 f6 05 	sts	0x05F6, r24	; 0x8005f6 <event>
/home/jgalera/develop/arduino/usdx/usdx_plus_orange/usdx_plus_orange.ino:741
          (event & 0xf0) |
          ((encoder_val) ? PT : PLC /*PL*/); // only alternate between
                                             // push-long/turn when applicable
    }
    switch (event) {
    5558:	80 91 f6 05 	lds	r24, 0x05F6	; 0x8005f6 <event>
    555c:	82 32       	cpi	r24, 0x22	; 34
    555e:	09 f4       	brne	.+2      	; 0x5562 <main+0xf5a>
    5560:	63 c3       	rjmp	.+1734   	; 0x5c28 <main+0x1620>
    5562:	08 f0       	brcs	.+2      	; 0x5566 <main+0xf5e>
    5564:	f6 c1       	rjmp	.+1004   	; 0x5952 <main+0x134a>
    5566:	86 31       	cpi	r24, 0x16	; 22
    5568:	08 f0       	brcs	.+2      	; 0x556c <main+0xf64>
    556a:	cd c1       	rjmp	.+922    	; 0x5906 <main+0x12fe>
    556c:	84 31       	cpi	r24, 0x14	; 20
    556e:	08 f0       	brcs	.+2      	; 0x5572 <main+0xf6a>
    5570:	99 c2       	rjmp	.+1330   	; 0x5aa4 <main+0x149c>
    5572:	81 31       	cpi	r24, 0x11	; 17
    5574:	09 f4       	brne	.+2      	; 0x5578 <main+0xf70>
    5576:	9c c2       	rjmp	.+1336   	; 0x5ab0 <main+0x14a8>
/home/jgalera/develop/arduino/usdx/usdx_plus_orange/usdx_plus_orange.ino:1109
#endif // ONEBUTTON
    }
  } else
    event = 0; // no button pressed: reset event

  if ((menumode) || (prev_menumode != menumode)) { // Show parameter and value
    5578:	80 91 06 06 	lds	r24, 0x0606	; 0x800606 <menumode>
    557c:	81 11       	cpse	r24, r1
    557e:	07 c0       	rjmp	.+14     	; 0x558e <main+0xf86>
    5580:	90 91 ee 05 	lds	r25, 0x05EE	; 0x8005ee <prev_menumode>
    5584:	80 91 06 06 	lds	r24, 0x0606	; 0x800606 <menumode>
    5588:	98 17       	cp	r25, r24
    558a:	09 f4       	brne	.+2      	; 0x558e <main+0xf86>
    558c:	86 c5       	rjmp	.+2828   	; 0x609a <main+0x1a92>
/home/jgalera/develop/arduino/usdx/usdx_plus_orange/usdx_plus_orange.ino:1110
    int8_t encoder_change = encoder_val;
    558e:	10 91 19 06 	lds	r17, 0x0619	; 0x800619 <encoder_val>
/home/jgalera/develop/arduino/usdx/usdx_plus_orange/usdx_plus_orange.ino:1111
    if ((menumode == 1) && encoder_change) {
    5592:	80 91 06 06 	lds	r24, 0x0606	; 0x800606 <menumode>
    5596:	81 30       	cpi	r24, 0x01	; 1
    5598:	09 f0       	breq	.+2      	; 0x559c <main+0xf94>
    559a:	46 c4       	rjmp	.+2188   	; 0x5e28 <main+0x1820>
    559c:	11 23       	and	r17, r17
    559e:	09 f4       	brne	.+2      	; 0x55a2 <main+0xf9a>
    55a0:	45 c4       	rjmp	.+2186   	; 0x5e2c <main+0x1824>
/home/jgalera/develop/arduino/usdx/usdx_plus_orange/usdx_plus_orange.ino:1112
      menu += encoder_val; // Navigate through menu
    55a2:	90 91 19 06 	lds	r25, 0x0619	; 0x800619 <encoder_val>
    55a6:	80 91 f5 05 	lds	r24, 0x05F5	; 0x8005f5 <menu>
    55aa:	89 0f       	add	r24, r25
    55ac:	80 93 f5 05 	sts	0x05F5, r24	; 0x8005f5 <menu>
_Z3minIVaiEDTqultfp0_fp_fp0_fp_ERKT_RKT0_():
/home/jgalera/.arduino15/packages/MiniCore/hardware/avr/3.1.1/cores/MCUdude_corefiles/Arduino.h:315
    55b0:	80 91 f5 05 	lds	r24, 0x05F5	; 0x8005f5 <menu>
    55b4:	8d 32       	cpi	r24, 0x2D	; 45
    55b6:	0c f0       	brlt	.+2      	; 0x55ba <main+0xfb2>
    55b8:	34 c4       	rjmp	.+2152   	; 0x5e22 <main+0x181a>
    55ba:	80 91 f5 05 	lds	r24, 0x05F5	; 0x8005f5 <menu>
    55be:	08 2e       	mov	r0, r24
    55c0:	00 0c       	add	r0, r0
    55c2:	99 0b       	sbc	r25, r25
loop():
/home/jgalera/develop/arduino/usdx/usdx_plus_orange/usdx_plus_orange.ino:1116
#ifdef ONEBUTTON
      menu = max(0, min(menu, N_PARAMS));
#else
      menu = max(1 /* 0 */, min(menu, N_PARAMS));
    55c4:	18 16       	cp	r1, r24
    55c6:	19 06       	cpc	r1, r25
    55c8:	14 f0       	brlt	.+4      	; 0x55ce <main+0xfc6>
    55ca:	81 e0       	ldi	r24, 0x01	; 1
    55cc:	90 e0       	ldi	r25, 0x00	; 0
    55ce:	80 93 f5 05 	sts	0x05F5, r24	; 0x8005f5 <menu>
/home/jgalera/develop/arduino/usdx/usdx_plus_orange/usdx_plus_orange.ino:1118
#endif
      menu = paramAction(NEXT_MENU,
    55d2:	60 91 f5 05 	lds	r22, 0x05F5	; 0x8005f5 <menu>
    55d6:	82 e0       	ldi	r24, 0x02	; 2
    55d8:	0e 94 d6 1d 	call	0x3bac	; 0x3bac <paramAction(unsigned char, unsigned char)>
    55dc:	80 93 f5 05 	sts	0x05F5, r24	; 0x8005f5 <menu>
/home/jgalera/develop/arduino/usdx/usdx_plus_orange/usdx_plus_orange.ino:1120
                         menu); // auto probe next menu item (gaps may exist)
      encoder_val = 0;
    55e0:	10 92 19 06 	sts	0x0619, r1	; 0x800619 <encoder_val>
/home/jgalera/develop/arduino/usdx/usdx_plus_orange/usdx_plus_orange.ino:1126
    }
    if (encoder_change || (prev_menumode != menumode))
      paramAction(UPDATE_MENU,
                  (menumode)
                      ? menu
                      : 0); // update param with encoder change and display
    55e4:	80 91 06 06 	lds	r24, 0x0606	; 0x800606 <menumode>
main():
/home/jgalera/develop/arduino/usdx/usdx_plus_orange/usdx_plus_orange.ino:1123
      menu = paramAction(NEXT_MENU,
                         menu); // auto probe next menu item (gaps may exist)
      encoder_val = 0;
    }
    if (encoder_change || (prev_menumode != menumode))
      paramAction(UPDATE_MENU,
    55e8:	60 e0       	ldi	r22, 0x00	; 0
loop():
    55ea:	81 11       	cpse	r24, r1
    55ec:	60 91 f5 05 	lds	r22, 0x05F5	; 0x8005f5 <menu>
    55f0:	81 e0       	ldi	r24, 0x01	; 1
    55f2:	0e 94 d6 1d 	call	0x3bac	; 0x3bac <paramAction(unsigned char, unsigned char)>
    55f6:	20 c4       	rjmp	.+2112   	; 0x5e38 <main+0x1830>
/home/jgalera/develop/arduino/usdx/usdx_plus_orange/usdx_plus_orange.ino:569
  }

#ifdef KEYER                                // Keyer
  if (mode == CW && keyer_mode != SINGLE) { // check DIT/DAH keys for CW

    switch (
    55f8:	84 30       	cpi	r24, 0x04	; 4
    55fa:	09 f4       	brne	.+2      	; 0x55fe <main+0xff6>
    55fc:	92 c0       	rjmp	.+292    	; 0x5722 <main+0x111a>
    55fe:	08 f4       	brcc	.+2      	; 0x5602 <main+0xffa>
    5600:	6e c0       	rjmp	.+220    	; 0x56de <main+0x10d6>
    5602:	85 30       	cpi	r24, 0x05	; 5
    5604:	09 f0       	breq	.+2      	; 0x5608 <main+0x1000>
    5606:	76 cf       	rjmp	.-276    	; 0x54f4 <main+0xeec>
/home/jgalera/develop/arduino/usdx/usdx_plus_orange/usdx_plus_orange.ino:620
        update_PaddleLatch(); // early paddle latch in Iambic B mode
      }
      break;
    case INTER_ELEMENT:
      // Insert time between dits/dahs
      update_PaddleLatch();                    // latch paddle state
    5608:	0e 94 18 13 	call	0x2630	; 0x2630 <update_PaddleLatch()>
/home/jgalera/develop/arduino/usdx/usdx_plus_orange/usdx_plus_orange.ino:621
      if (millis() > ktimer) {                 // are we at end of inter-space ?
    560c:	0e 94 f9 03 	call	0x7f2	; 0x7f2 <millis>
    5610:	c0 90 f8 05 	lds	r12, 0x05F8	; 0x8005f8 <ktimer>
    5614:	d0 90 f9 05 	lds	r13, 0x05F9	; 0x8005f9 <ktimer+0x1>
    5618:	e0 90 fa 05 	lds	r14, 0x05FA	; 0x8005fa <ktimer+0x2>
    561c:	f0 90 fb 05 	lds	r15, 0x05FB	; 0x8005fb <ktimer+0x3>
    5620:	c6 16       	cp	r12, r22
    5622:	d7 06       	cpc	r13, r23
    5624:	e8 06       	cpc	r14, r24
    5626:	f9 06       	cpc	r15, r25
    5628:	08 f0       	brcs	.+2      	; 0x562c <main+0x1024>
    562a:	64 cf       	rjmp	.-312    	; 0x54f4 <main+0xeec>
/home/jgalera/develop/arduino/usdx/usdx_plus_orange/usdx_plus_orange.ino:622
        if (keyerControl & DIT_PROC) {         // was it a dit or dah ?
    562c:	80 91 04 06 	lds	r24, 0x0604	; 0x800604 <keyerControl>
    5630:	82 ff       	sbrs	r24, 2
    5632:	aa c0       	rjmp	.+340    	; 0x5788 <main+0x1180>
/home/jgalera/develop/arduino/usdx/usdx_plus_orange/usdx_plus_orange.ino:623
          keyerControl &= ~(DIT_L + DIT_PROC); // clear two bits
    5634:	8a 7f       	andi	r24, 0xFA	; 250
    5636:	80 93 04 06 	sts	0x0604, r24	; 0x800604 <keyerControl>
/home/jgalera/develop/arduino/usdx/usdx_plus_orange/usdx_plus_orange.ino:624
          keyerState = CHK_DAH;                // dit done, check for dah
    563a:	10 93 05 06 	sts	0x0605, r17	; 0x800605 <keyerState>
    563e:	5a cf       	rjmp	.-332    	; 0x54f4 <main+0xeec>
_digitalRead():
/home/jgalera/develop/arduino/usdx/usdx_plus_orange/src/core/core.cpp:36
    5640:	8c e0       	ldi	r24, 0x0C	; 12
    5642:	0e 94 ee 02 	call	0x5dc	; 0x5dc <digitalRead>
loop():
/home/jgalera/develop/arduino/usdx/usdx_plus_orange/usdx_plus_orange.ino:574
    switch (
        keyerState) { // Basic Iambic Keyer, keyerControl contains processing
                      // flags and keyer mode bits, Supports Iambic A and B,
                      // State machine based, uses calls to millis() for timing.
    case IDLE:        // Wait for direct or latched paddle press
      if ((_digitalRead(DAH) == LOW) || (_digitalRead(DIT) == LOW) ||
    5646:	81 11       	cpse	r24, r1
    5648:	0e c0       	rjmp	.+28     	; 0x5666 <main+0x105e>
/home/jgalera/develop/arduino/usdx/usdx_plus_orange/usdx_plus_orange.ino:577
          (keyerControl & 0x03)) {
#ifdef CW_MESSAGE
        cw_msg_event = 0; // clear cw message event
    564a:	10 92 00 06 	sts	0x0600, r1	; 0x800600 <cw_msg_event>
    564e:	10 92 01 06 	sts	0x0601, r1	; 0x800601 <cw_msg_event+0x1>
    5652:	10 92 02 06 	sts	0x0602, r1	; 0x800602 <cw_msg_event+0x2>
    5656:	10 92 03 06 	sts	0x0603, r1	; 0x800603 <cw_msg_event+0x3>
/home/jgalera/develop/arduino/usdx/usdx_plus_orange/usdx_plus_orange.ino:579
#endif                    // CW_MESSAGE
        update_PaddleLatch();
    565a:	0e 94 18 13 	call	0x2630	; 0x2630 <update_PaddleLatch()>
/home/jgalera/develop/arduino/usdx/usdx_plus_orange/usdx_plus_orange.ino:580
        keyerState = CHK_DIT;
    565e:	81 e0       	ldi	r24, 0x01	; 1
/home/jgalera/develop/arduino/usdx/usdx_plus_orange/usdx_plus_orange.ino:587
      break;
    case CHK_DIT: // See if the dit paddle was pressed
      if (keyerControl & DIT_L) {
        keyerControl |= DIT_PROC;
        ktimer = ditTime;
        keyerState = KEYED_PREP;
    5660:	80 93 05 06 	sts	0x0605, r24	; 0x800605 <keyerState>
    5664:	47 cf       	rjmp	.-370    	; 0x54f4 <main+0xeec>
_digitalRead():
/home/jgalera/develop/arduino/usdx/usdx_plus_orange/src/core/core.cpp:36
    5666:	8d e0       	ldi	r24, 0x0D	; 13
    5668:	0e 94 ee 02 	call	0x5dc	; 0x5dc <digitalRead>
loop():
/home/jgalera/develop/arduino/usdx/usdx_plus_orange/usdx_plus_orange.ino:574
    switch (
        keyerState) { // Basic Iambic Keyer, keyerControl contains processing
                      // flags and keyer mode bits, Supports Iambic A and B,
                      // State machine based, uses calls to millis() for timing.
    case IDLE:        // Wait for direct or latched paddle press
      if ((_digitalRead(DAH) == LOW) || (_digitalRead(DIT) == LOW) ||
    566c:	88 23       	and	r24, r24
    566e:	69 f3       	breq	.-38     	; 0x564a <main+0x1042>
    5670:	80 91 04 06 	lds	r24, 0x0604	; 0x800604 <keyerControl>
    5674:	83 70       	andi	r24, 0x03	; 3
    5676:	49 f7       	brne	.-46     	; 0x564a <main+0x1042>
    5678:	3d cf       	rjmp	.-390    	; 0x54f4 <main+0xeec>
/home/jgalera/develop/arduino/usdx/usdx_plus_orange/usdx_plus_orange.ino:584
        update_PaddleLatch();
        keyerState = CHK_DIT;
      }
      break;
    case CHK_DIT: // See if the dit paddle was pressed
      if (keyerControl & DIT_L) {
    567a:	80 91 04 06 	lds	r24, 0x0604	; 0x800604 <keyerControl>
    567e:	80 ff       	sbrs	r24, 0
    5680:	dc cf       	rjmp	.-72     	; 0x563a <main+0x1032>
/home/jgalera/develop/arduino/usdx/usdx_plus_orange/usdx_plus_orange.ino:585
        keyerControl |= DIT_PROC;
    5682:	84 60       	ori	r24, 0x04	; 4
    5684:	80 93 04 06 	sts	0x0604, r24	; 0x800604 <keyerControl>
/home/jgalera/develop/arduino/usdx/usdx_plus_orange/usdx_plus_orange.ino:586
        ktimer = ditTime;
    5688:	80 91 fc 05 	lds	r24, 0x05FC	; 0x8005fc <ditTime>
    568c:	90 91 fd 05 	lds	r25, 0x05FD	; 0x8005fd <ditTime+0x1>
    5690:	a0 91 fe 05 	lds	r26, 0x05FE	; 0x8005fe <ditTime+0x2>
    5694:	b0 91 ff 05 	lds	r27, 0x05FF	; 0x8005ff <ditTime+0x3>
    5698:	80 93 f8 05 	sts	0x05F8, r24	; 0x8005f8 <ktimer>
    569c:	90 93 f9 05 	sts	0x05F9, r25	; 0x8005f9 <ktimer+0x1>
    56a0:	a0 93 fa 05 	sts	0x05FA, r26	; 0x8005fa <ktimer+0x2>
    56a4:	b0 93 fb 05 	sts	0x05FB, r27	; 0x8005fb <ktimer+0x3>
/home/jgalera/develop/arduino/usdx/usdx_plus_orange/usdx_plus_orange.ino:587
        keyerState = KEYED_PREP;
    56a8:	83 e0       	ldi	r24, 0x03	; 3
    56aa:	da cf       	rjmp	.-76     	; 0x5660 <main+0x1058>
/home/jgalera/develop/arduino/usdx/usdx_plus_orange/usdx_plus_orange.ino:593
      } else {
        keyerState = CHK_DAH;
      }
      break;
    case CHK_DAH: // See if dah paddle was pressed
      if (keyerControl & DAH_L) {
    56ac:	80 91 04 06 	lds	r24, 0x0604	; 0x800604 <keyerControl>
    56b0:	81 ff       	sbrs	r24, 1
    56b2:	6d c0       	rjmp	.+218    	; 0x578e <main+0x1186>
/home/jgalera/develop/arduino/usdx/usdx_plus_orange/usdx_plus_orange.ino:594
        ktimer = ditTime * 3;
    56b4:	20 91 fc 05 	lds	r18, 0x05FC	; 0x8005fc <ditTime>
    56b8:	30 91 fd 05 	lds	r19, 0x05FD	; 0x8005fd <ditTime+0x1>
    56bc:	40 91 fe 05 	lds	r20, 0x05FE	; 0x8005fe <ditTime+0x2>
    56c0:	50 91 ff 05 	lds	r21, 0x05FF	; 0x8005ff <ditTime+0x3>
    56c4:	a3 e0       	ldi	r26, 0x03	; 3
    56c6:	b0 e0       	ldi	r27, 0x00	; 0
    56c8:	0e 94 0b 3a 	call	0x7416	; 0x7416 <__muluhisi3>
    56cc:	60 93 f8 05 	sts	0x05F8, r22	; 0x8005f8 <ktimer>
    56d0:	70 93 f9 05 	sts	0x05F9, r23	; 0x8005f9 <ktimer+0x1>
    56d4:	80 93 fa 05 	sts	0x05FA, r24	; 0x8005fa <ktimer+0x2>
    56d8:	90 93 fb 05 	sts	0x05FB, r25	; 0x8005fb <ktimer+0x3>
    56dc:	e5 cf       	rjmp	.-54     	; 0x56a8 <main+0x10a0>
/home/jgalera/develop/arduino/usdx/usdx_plus_orange/usdx_plus_orange.ino:603
      }
      break;
    case KEYED_PREP: // Assert key down, start timing, state shared for dit or
                     // dah
      Key_state = HIGH;
      switch_rxtx(Key_state);
    56de:	81 e0       	ldi	r24, 0x01	; 1
    56e0:	0e 94 ef 13 	call	0x27de	; 0x27de <switch_rxtx(unsigned char)>
/home/jgalera/develop/arduino/usdx/usdx_plus_orange/usdx_plus_orange.ino:604
      ktimer += millis();               // set ktimer to interval end time
    56e4:	0e 94 f9 03 	call	0x7f2	; 0x7f2 <millis>
    56e8:	00 91 f8 05 	lds	r16, 0x05F8	; 0x8005f8 <ktimer>
    56ec:	10 91 f9 05 	lds	r17, 0x05F9	; 0x8005f9 <ktimer+0x1>
    56f0:	20 91 fa 05 	lds	r18, 0x05FA	; 0x8005fa <ktimer+0x2>
    56f4:	30 91 fb 05 	lds	r19, 0x05FB	; 0x8005fb <ktimer+0x3>
    56f8:	dc 01       	movw	r26, r24
    56fa:	cb 01       	movw	r24, r22
    56fc:	80 0f       	add	r24, r16
    56fe:	91 1f       	adc	r25, r17
    5700:	a2 1f       	adc	r26, r18
    5702:	b3 1f       	adc	r27, r19
    5704:	80 93 f8 05 	sts	0x05F8, r24	; 0x8005f8 <ktimer>
    5708:	90 93 f9 05 	sts	0x05F9, r25	; 0x8005f9 <ktimer+0x1>
    570c:	a0 93 fa 05 	sts	0x05FA, r26	; 0x8005fa <ktimer+0x2>
    5710:	b0 93 fb 05 	sts	0x05FB, r27	; 0x8005fb <ktimer+0x3>
/home/jgalera/develop/arduino/usdx/usdx_plus_orange/usdx_plus_orange.ino:605
      keyerControl &= ~(DIT_L + DAH_L); // clear both paddle latch bits
    5714:	80 91 04 06 	lds	r24, 0x0604	; 0x800604 <keyerControl>
    5718:	8c 7f       	andi	r24, 0xFC	; 252
    571a:	80 93 04 06 	sts	0x0604, r24	; 0x800604 <keyerControl>
/home/jgalera/develop/arduino/usdx/usdx_plus_orange/usdx_plus_orange.ino:606
      keyerState = KEYED;               // next state
    571e:	84 e0       	ldi	r24, 0x04	; 4
    5720:	9f cf       	rjmp	.-194    	; 0x5660 <main+0x1058>
/home/jgalera/develop/arduino/usdx/usdx_plus_orange/usdx_plus_orange.ino:609
      break;
    case KEYED:                // Wait for timer to expire
      if (millis() > ktimer) { // are we at end of key down ?
    5722:	0e 94 f9 03 	call	0x7f2	; 0x7f2 <millis>
    5726:	00 91 f8 05 	lds	r16, 0x05F8	; 0x8005f8 <ktimer>
    572a:	10 91 f9 05 	lds	r17, 0x05F9	; 0x8005f9 <ktimer+0x1>
    572e:	20 91 fa 05 	lds	r18, 0x05FA	; 0x8005fa <ktimer+0x2>
    5732:	30 91 fb 05 	lds	r19, 0x05FB	; 0x8005fb <ktimer+0x3>
    5736:	06 17       	cp	r16, r22
    5738:	17 07       	cpc	r17, r23
    573a:	28 07       	cpc	r18, r24
    573c:	39 07       	cpc	r19, r25
    573e:	e8 f4       	brcc	.+58     	; 0x577a <main+0x1172>
/home/jgalera/develop/arduino/usdx/usdx_plus_orange/usdx_plus_orange.ino:611
        Key_state = LOW;
        switch_rxtx(Key_state);
    5740:	80 e0       	ldi	r24, 0x00	; 0
    5742:	0e 94 ef 13 	call	0x27de	; 0x27de <switch_rxtx(unsigned char)>
/home/jgalera/develop/arduino/usdx/usdx_plus_orange/usdx_plus_orange.ino:612
        ktimer = millis() + ditTime; // inter-element time
    5746:	0e 94 f9 03 	call	0x7f2	; 0x7f2 <millis>
    574a:	00 91 fc 05 	lds	r16, 0x05FC	; 0x8005fc <ditTime>
    574e:	10 91 fd 05 	lds	r17, 0x05FD	; 0x8005fd <ditTime+0x1>
    5752:	20 91 fe 05 	lds	r18, 0x05FE	; 0x8005fe <ditTime+0x2>
    5756:	30 91 ff 05 	lds	r19, 0x05FF	; 0x8005ff <ditTime+0x3>
    575a:	dc 01       	movw	r26, r24
    575c:	cb 01       	movw	r24, r22
    575e:	80 0f       	add	r24, r16
    5760:	91 1f       	adc	r25, r17
    5762:	a2 1f       	adc	r26, r18
    5764:	b3 1f       	adc	r27, r19
    5766:	80 93 f8 05 	sts	0x05F8, r24	; 0x8005f8 <ktimer>
    576a:	90 93 f9 05 	sts	0x05F9, r25	; 0x8005f9 <ktimer+0x1>
    576e:	a0 93 fa 05 	sts	0x05FA, r26	; 0x8005fa <ktimer+0x2>
    5772:	b0 93 fb 05 	sts	0x05FB, r27	; 0x8005fb <ktimer+0x3>
/home/jgalera/develop/arduino/usdx/usdx_plus_orange/usdx_plus_orange.ino:613
        keyerState = INTER_ELEMENT;  // next state
    5776:	85 e0       	ldi	r24, 0x05	; 5
    5778:	73 cf       	rjmp	.-282    	; 0x5660 <main+0x1058>
/home/jgalera/develop/arduino/usdx/usdx_plus_orange/usdx_plus_orange.ino:614
      } else if (keyerControl & IAMBICB) {
    577a:	80 91 04 06 	lds	r24, 0x0604	; 0x800604 <keyerControl>
    577e:	84 ff       	sbrs	r24, 4
    5780:	b9 ce       	rjmp	.-654    	; 0x54f4 <main+0xeec>
/home/jgalera/develop/arduino/usdx/usdx_plus_orange/usdx_plus_orange.ino:615
        update_PaddleLatch(); // early paddle latch in Iambic B mode
    5782:	0e 94 18 13 	call	0x2630	; 0x2630 <update_PaddleLatch()>
    5786:	b6 ce       	rjmp	.-660    	; 0x54f4 <main+0xeec>
/home/jgalera/develop/arduino/usdx/usdx_plus_orange/usdx_plus_orange.ino:626
      if (millis() > ktimer) {                 // are we at end of inter-space ?
        if (keyerControl & DIT_PROC) {         // was it a dit or dah ?
          keyerControl &= ~(DIT_L + DIT_PROC); // clear two bits
          keyerState = CHK_DAH;                // dit done, check for dah
        } else {
          keyerControl &= ~(DAH_L); // clear dah latch
    5788:	8d 7f       	andi	r24, 0xFD	; 253
    578a:	80 93 04 06 	sts	0x0604, r24	; 0x800604 <keyerControl>
/home/jgalera/develop/arduino/usdx/usdx_plus_orange/usdx_plus_orange.ino:627
          keyerState = IDLE;        // go idle
    578e:	10 92 05 06 	sts	0x0605, r1	; 0x800605 <keyerState>
    5792:	b0 ce       	rjmp	.-672    	; 0x54f4 <main+0xeec>
/home/jgalera/develop/arduino/usdx/usdx_plus_orange/usdx_plus_orange.ino:637

  } else {
#endif // KEYER

#ifdef TX_ENABLE
    uint8_t pin = ((mode == CW) && (keyer_swap)) ? DAH : DIT;
    5794:	80 91 f7 05 	lds	r24, 0x05F7	; 0x8005f7 <keyer_swap>
main():
    5798:	1c e0       	ldi	r17, 0x0C	; 12
loop():
    579a:	88 23       	and	r24, r24
    579c:	09 f4       	brne	.+2      	; 0x57a0 <main+0x1198>
    579e:	18 cd       	rjmp	.-1488   	; 0x51d0 <main+0xbc8>
/home/jgalera/develop/arduino/usdx/usdx_plus_orange/usdx_plus_orange.ino:638
    if (!vox_tx) //  ONLY if VOX not active, then check DIT/DAH (fix for VOX to
    57a0:	80 91 0c 06 	lds	r24, 0x060C	; 0x80060c <vox_tx>
    57a4:	81 11       	cpse	r24, r1
    57a6:	a6 ce       	rjmp	.-692    	; 0x54f4 <main+0xeec>
_digitalRead():
/home/jgalera/develop/arduino/usdx/usdx_plus_orange/src/core/core.cpp:36
    57a8:	81 2f       	mov	r24, r17
    57aa:	0e 94 ee 02 	call	0x5dc	; 0x5dc <digitalRead>
loop():
/home/jgalera/develop/arduino/usdx/usdx_plus_orange/usdx_plus_orange.ino:640
                 //  prevent RFI feedback through EMI on DIT or DAH line)
      if (!_digitalRead(pin)) { // PTT/DIT keys transmitter
    57ae:	81 11       	cpse	r24, r1
    57b0:	a1 ce       	rjmp	.-702    	; 0x54f4 <main+0xeec>
/home/jgalera/develop/arduino/usdx/usdx_plus_orange/usdx_plus_orange.ino:642
#ifdef CW_MESSAGE
        cw_msg_event = 0; // clear cw message event
    57b2:	10 92 00 06 	sts	0x0600, r1	; 0x800600 <cw_msg_event>
    57b6:	10 92 01 06 	sts	0x0601, r1	; 0x800601 <cw_msg_event+0x1>
    57ba:	10 92 02 06 	sts	0x0602, r1	; 0x800602 <cw_msg_event+0x2>
    57be:	10 92 03 06 	sts	0x0603, r1	; 0x800603 <cw_msg_event+0x3>
/home/jgalera/develop/arduino/usdx/usdx_plus_orange/usdx_plus_orange.ino:644
#endif                    // CW_MESSAGE
        switch_rxtx(1);
    57c2:	81 e0       	ldi	r24, 0x01	; 1
    57c4:	0e 94 ef 13 	call	0x27de	; 0x27de <switch_rxtx(unsigned char)>
/home/jgalera/develop/arduino/usdx/usdx_plus_orange/usdx_plus_orange.ino:646
        do {
          wdt_reset();
    57c8:	a8 95       	wdr
/home/jgalera/develop/arduino/usdx/usdx_plus_orange/usdx_plus_orange.ino:647
          delay((mode == CW)
    57ca:	80 91 cd 01 	lds	r24, 0x01CD	; 0x8001cd <mode>
    57ce:	82 30       	cpi	r24, 0x02	; 2
    57d0:	a1 f4       	brne	.+40     	; 0x57fa <main+0x11f2>
main():
    57d2:	6a e0       	ldi	r22, 0x0A	; 10
    57d4:	70 e0       	ldi	r23, 0x00	; 0
    57d6:	80 e0       	ldi	r24, 0x00	; 0
    57d8:	90 e0       	ldi	r25, 0x00	; 0
loop():
    57da:	0e 94 c6 03 	call	0x78c	; 0x78c <delay>
_digitalRead():
/home/jgalera/develop/arduino/usdx/usdx_plus_orange/src/core/core.cpp:36
    57de:	81 e1       	ldi	r24, 0x11	; 17
    57e0:	0e 94 ee 02 	call	0x5dc	; 0x5dc <digitalRead>
loop():
/home/jgalera/develop/arduino/usdx/usdx_plus_orange/usdx_plus_orange.ino:657
          if (smeter > 0 && mode == CW && millis() >= stimer) {
            readSWR();
            stimer = millis() + 500;
          }
#endif
          if (inv ^ _digitalRead(BUTTONS))
    57e4:	81 30       	cpi	r24, 0x01	; 1
    57e6:	29 f4       	brne	.+10     	; 0x57f2 <main+0x11ea>
_digitalRead():
/home/jgalera/develop/arduino/usdx/usdx_plus_orange/src/core/core.cpp:36
    57e8:	81 2f       	mov	r24, r17
    57ea:	0e 94 ee 02 	call	0x5dc	; 0x5dc <digitalRead>
loop():
/home/jgalera/develop/arduino/usdx/usdx_plus_orange/usdx_plus_orange.ino:659
            break; // break if button is pressed (to prevent potential lock-up)
        } while (!_digitalRead(pin)); // until released
    57ee:	88 23       	and	r24, r24
    57f0:	59 f3       	breq	.-42     	; 0x57c8 <main+0x11c0>
/home/jgalera/develop/arduino/usdx/usdx_plus_orange/usdx_plus_orange.ino:660
        switch_rxtx(0);
    57f2:	80 e0       	ldi	r24, 0x00	; 0
    57f4:	0e 94 ef 13 	call	0x27de	; 0x27de <switch_rxtx(unsigned char)>
    57f8:	7d ce       	rjmp	.-774    	; 0x54f4 <main+0xeec>
main():
/home/jgalera/develop/arduino/usdx/usdx_plus_orange/usdx_plus_orange.ino:647
        cw_msg_event = 0; // clear cw message event
#endif                    // CW_MESSAGE
        switch_rxtx(1);
        do {
          wdt_reset();
          delay((mode == CW)
    57fa:	64 e6       	ldi	r22, 0x64	; 100
    57fc:	70 e0       	ldi	r23, 0x00	; 0
    57fe:	80 e0       	ldi	r24, 0x00	; 0
    5800:	90 e0       	ldi	r25, 0x00	; 0
    5802:	eb cf       	rjmp	.-42     	; 0x57da <main+0x11d2>
analogSafeRead():
/home/jgalera/develop/arduino/usdx/usdx_plus_orange/src/hal/hal.cpp:119
     0b00000, 0b00000, 0b00000, 0b00000, 0b00000, 0b00000, 0b00000}};

#ifndef VSS_METER
int analogSafeRead(uint8_t pin,
                   bool ref1v1) { // ref1v1 default is false in header
  noInterrupts();
    5804:	f8 94       	cli
/home/jgalera/develop/arduino/usdx/usdx_plus_orange/src/hal/hal.cpp:120
  for (; !(ADCSRA & (1 << ADIF));)
    5806:	80 91 7a 00 	lds	r24, 0x007A	; 0x80007a <__DATA_REGION_ORIGIN__+0x1a>
    580a:	84 ff       	sbrs	r24, 4
    580c:	fc cf       	rjmp	.-8      	; 0x5806 <main+0x11fe>
/home/jgalera/develop/arduino/usdx/usdx_plus_orange/src/hal/hal.cpp:122
    ; // wait until (a potential previous) ADC conversion is completed
  uint8_t adcsra = ADCSRA;
    580e:	e0 90 7a 00 	lds	r14, 0x007A	; 0x80007a <__DATA_REGION_ORIGIN__+0x1a>
/home/jgalera/develop/arduino/usdx/usdx_plus_orange/src/hal/hal.cpp:123
  uint8_t admux = ADMUX;
    5812:	f0 90 7c 00 	lds	r15, 0x007C	; 0x80007c <__DATA_REGION_ORIGIN__+0x1c>
/home/jgalera/develop/arduino/usdx/usdx_plus_orange/src/hal/hal.cpp:124
  ADCSRA &= ~(1 << ADIE); // disable interrupts when measurement complete
    5816:	80 91 7a 00 	lds	r24, 0x007A	; 0x80007a <__DATA_REGION_ORIGIN__+0x1a>
    581a:	87 7f       	andi	r24, 0xF7	; 247
    581c:	80 93 7a 00 	sts	0x007A, r24	; 0x80007a <__DATA_REGION_ORIGIN__+0x1a>
/home/jgalera/develop/arduino/usdx/usdx_plus_orange/src/hal/hal.cpp:125
  ADCSRA |=
    5820:	80 91 7a 00 	lds	r24, 0x007A	; 0x80007a <__DATA_REGION_ORIGIN__+0x1a>
    5824:	87 60       	ori	r24, 0x07	; 7
    5826:	80 93 7a 00 	sts	0x007A, r24	; 0x80007a <__DATA_REGION_ORIGIN__+0x1a>
/home/jgalera/develop/arduino/usdx/usdx_plus_orange/src/hal/hal.cpp:130
      (1 << ADPS2) | (1 << ADPS1) | (1 << ADPS0); // 128 prescaler for 9.6kHz
  if (ref1v1)
    ADMUX &= ~(1 << REFS0); // restore reference voltage AREF (1V1)
  else
    ADMUX = (1 << REFS0); // restore reference voltage AREF (5V)
    582a:	80 e4       	ldi	r24, 0x40	; 64
    582c:	80 93 7c 00 	sts	0x007C, r24	; 0x80007c <__DATA_REGION_ORIGIN__+0x1c>
/home/jgalera/develop/arduino/usdx/usdx_plus_orange/src/hal/hal.cpp:131
  delay(1);               // settle
    5830:	61 e0       	ldi	r22, 0x01	; 1
    5832:	70 e0       	ldi	r23, 0x00	; 0
    5834:	80 e0       	ldi	r24, 0x00	; 0
    5836:	90 e0       	ldi	r25, 0x00	; 0
    5838:	0e 94 c6 03 	call	0x78c	; 0x78c <delay>
/home/jgalera/develop/arduino/usdx/usdx_plus_orange/src/hal/hal.cpp:132
  int val = analogRead(pin);
    583c:	81 e1       	ldi	r24, 0x11	; 17
    583e:	0e 94 81 03 	call	0x702	; 0x702 <analogRead>
    5842:	8c 01       	movw	r16, r24
/home/jgalera/develop/arduino/usdx/usdx_plus_orange/src/hal/hal.cpp:133
  ADCSRA = adcsra;
    5844:	e0 92 7a 00 	sts	0x007A, r14	; 0x80007a <__DATA_REGION_ORIGIN__+0x1a>
/home/jgalera/develop/arduino/usdx/usdx_plus_orange/src/hal/hal.cpp:134
  ADMUX = admux;
    5848:	f0 92 7c 00 	sts	0x007C, r15	; 0x80007c <__DATA_REGION_ORIGIN__+0x1c>
/home/jgalera/develop/arduino/usdx/usdx_plus_orange/src/hal/hal.cpp:135
  interrupts();
    584c:	78 94       	sei
loop():
/home/jgalera/develop/arduino/usdx/usdx_plus_orange/usdx_plus_orange.ino:698
            : (cat_key & 0x01) ? 870
            : (cat_key & 0x02) ? 1024
                               : 0;
      } // override analog value exercised by BUTTONS press
#endif // CAT_EXT
      event = SC;
    584e:	81 e0       	ldi	r24, 0x01	; 1
    5850:	80 93 f6 05 	sts	0x05F6, r24	; 0x8005f6 <event>
/home/jgalera/develop/arduino/usdx/usdx_plus_orange/usdx_plus_orange.ino:699
      int32_t t0 = millis();
    5854:	0e 94 f9 03 	call	0x7f2	; 0x7f2 <millis>
    5858:	6b 01       	movw	r12, r22
    585a:	7c 01       	movw	r14, r24
_digitalRead():
/home/jgalera/develop/arduino/usdx/usdx_plus_orange/src/core/core.cpp:36
    585c:	81 e1       	ldi	r24, 0x11	; 17
    585e:	0e 94 ee 02 	call	0x5dc	; 0x5dc <digitalRead>
loop():
/home/jgalera/develop/arduino/usdx/usdx_plus_orange/usdx_plus_orange.ino:700
      for (; inv ^ _digitalRead(BUTTONS);) { // until released or long-press
    5862:	81 30       	cpi	r24, 0x01	; 1
    5864:	71 f0       	breq	.+28     	; 0x5882 <main+0x127a>
/home/jgalera/develop/arduino/usdx/usdx_plus_orange/usdx_plus_orange.ino:701
        if ((millis() - t0) > 300) {
    5866:	0e 94 f9 03 	call	0x7f2	; 0x7f2 <millis>
    586a:	6c 19       	sub	r22, r12
    586c:	7d 09       	sbc	r23, r13
    586e:	8e 09       	sbc	r24, r14
    5870:	9f 09       	sbc	r25, r15
    5872:	6d 32       	cpi	r22, 0x2D	; 45
    5874:	71 40       	sbci	r23, 0x01	; 1
    5876:	81 05       	cpc	r24, r1
    5878:	91 05       	cpc	r25, r1
    587a:	78 f1       	brcs	.+94     	; 0x58da <main+0x12d2>
/home/jgalera/develop/arduino/usdx/usdx_plus_orange/usdx_plus_orange.ino:702
          event = PL;
    587c:	84 e0       	ldi	r24, 0x04	; 4
    587e:	80 93 f6 05 	sts	0x05F6, r24	; 0x8005f6 <event>
/home/jgalera/develop/arduino/usdx/usdx_plus_orange/usdx_plus_orange.ino:707
          break;
        }
        wdt_reset();
      }
      delay(10); // debounce
    5882:	6a e0       	ldi	r22, 0x0A	; 10
    5884:	70 e0       	ldi	r23, 0x00	; 0
    5886:	80 e0       	ldi	r24, 0x00	; 0
    5888:	90 e0       	ldi	r25, 0x00	; 0
    588a:	0e 94 c6 03 	call	0x78c	; 0x78c <delay>
/home/jgalera/develop/arduino/usdx/usdx_plus_orange/usdx_plus_orange.ino:708
      for (; (event != PL) &&
    588e:	80 91 f6 05 	lds	r24, 0x05F6	; 0x8005f6 <event>
    5892:	84 30       	cpi	r24, 0x04	; 4
    5894:	99 f0       	breq	.+38     	; 0x58bc <main+0x12b4>
/home/jgalera/develop/arduino/usdx/usdx_plus_orange/usdx_plus_orange.ino:709
             ((millis() - t0) < 500);) { // until 2nd press or timeout
    5896:	0e 94 f9 03 	call	0x7f2	; 0x7f2 <millis>
    589a:	6c 19       	sub	r22, r12
    589c:	7d 09       	sbc	r23, r13
    589e:	8e 09       	sbc	r24, r14
    58a0:	9f 09       	sbc	r25, r15
/home/jgalera/develop/arduino/usdx/usdx_plus_orange/usdx_plus_orange.ino:708
          break;
        }
        wdt_reset();
      }
      delay(10); // debounce
      for (; (event != PL) &&
    58a2:	64 3f       	cpi	r22, 0xF4	; 244
    58a4:	71 40       	sbci	r23, 0x01	; 1
    58a6:	81 05       	cpc	r24, r1
    58a8:	91 05       	cpc	r25, r1
    58aa:	40 f4       	brcc	.+16     	; 0x58bc <main+0x12b4>
_digitalRead():
/home/jgalera/develop/arduino/usdx/usdx_plus_orange/src/core/core.cpp:36
    58ac:	81 e1       	ldi	r24, 0x11	; 17
    58ae:	0e 94 ee 02 	call	0x5dc	; 0x5dc <digitalRead>
loop():
/home/jgalera/develop/arduino/usdx/usdx_plus_orange/usdx_plus_orange.ino:710
             ((millis() - t0) < 500);) { // until 2nd press or timeout
        if (inv ^ _digitalRead(BUTTONS)) {
    58b2:	81 30       	cpi	r24, 0x01	; 1
    58b4:	a1 f0       	breq	.+40     	; 0x58de <main+0x12d6>
/home/jgalera/develop/arduino/usdx/usdx_plus_orange/usdx_plus_orange.ino:711
          event = DC;
    58b6:	82 e0       	ldi	r24, 0x02	; 2
    58b8:	80 93 f6 05 	sts	0x05F6, r24	; 0x8005f6 <event>
_digitalRead():
/home/jgalera/develop/arduino/usdx/usdx_plus_orange/src/core/core.cpp:36
    58bc:	81 e1       	ldi	r24, 0x11	; 17
    58be:	0e 94 ee 02 	call	0x5dc	; 0x5dc <digitalRead>
loop():
/home/jgalera/develop/arduino/usdx/usdx_plus_orange/usdx_plus_orange.ino:716
          break;
        }
        wdt_reset();
      }
      for (; inv ^ _digitalRead(BUTTONS);) { // until released, or encoder is
    58c2:	81 30       	cpi	r24, 0x01	; 1
    58c4:	89 f0       	breq	.+34     	; 0x58e8 <main+0x12e0>
/home/jgalera/develop/arduino/usdx/usdx_plus_orange/usdx_plus_orange.ino:718
                                             // turned while longpress
        if (encoder_val && event == PL) {
    58c6:	80 91 19 06 	lds	r24, 0x0619	; 0x800619 <encoder_val>
    58ca:	88 23       	and	r24, r24
    58cc:	21 f0       	breq	.+8      	; 0x58d6 <main+0x12ce>
    58ce:	80 91 f6 05 	lds	r24, 0x05F6	; 0x8005f6 <event>
    58d2:	84 30       	cpi	r24, 0x04	; 4
    58d4:	31 f0       	breq	.+12     	; 0x58e2 <main+0x12da>
/home/jgalera/develop/arduino/usdx/usdx_plus_orange/usdx_plus_orange.ino:727
#ifdef ONEBUTTON
        if (event == PL)
          break; // do not lock on longpress, so that L and R buttons can be
                 // used for tuning
#endif
        wdt_reset();
    58d6:	a8 95       	wdr
    58d8:	f1 cf       	rjmp	.-30     	; 0x58bc <main+0x12b4>
/home/jgalera/develop/arduino/usdx/usdx_plus_orange/usdx_plus_orange.ino:705
      for (; inv ^ _digitalRead(BUTTONS);) { // until released or long-press
        if ((millis() - t0) > 300) {
          event = PL;
          break;
        }
        wdt_reset();
    58da:	a8 95       	wdr
    58dc:	bf cf       	rjmp	.-130    	; 0x585c <main+0x1254>
/home/jgalera/develop/arduino/usdx/usdx_plus_orange/usdx_plus_orange.ino:714
             ((millis() - t0) < 500);) { // until 2nd press or timeout
        if (inv ^ _digitalRead(BUTTONS)) {
          event = DC;
          break;
        }
        wdt_reset();
    58de:	a8 95       	wdr
    58e0:	d6 cf       	rjmp	.-84     	; 0x588e <main+0x1286>
/home/jgalera/develop/arduino/usdx/usdx_plus_orange/usdx_plus_orange.ino:719
      }
      for (; inv ^ _digitalRead(BUTTONS);) { // until released, or encoder is
                                             // turned while longpress
        if (encoder_val && event == PL) {
          event = PT;
    58e2:	8c e0       	ldi	r24, 0x0C	; 12
    58e4:	80 93 f6 05 	sts	0x05F6, r24	; 0x8005f6 <event>
main():
/home/jgalera/develop/arduino/usdx/usdx_plus_orange/usdx_plus_orange.ino:730
                 // used for tuning
#endif
        wdt_reset();
      } // Max. voltages at ADC3 for buttons L,R,E: 3.76V;4.55V;5V, thresholds
        // are in center
      event |=
    58e8:	90 e1       	ldi	r25, 0x10	; 16
loop():
    58ea:	0c 35       	cpi	r16, 0x5C	; 92
    58ec:	63 e0       	ldi	r22, 0x03	; 3
    58ee:	16 07       	cpc	r17, r22
    58f0:	28 f0       	brcs	.+10     	; 0x58fc <main+0x12f4>
main():
    58f2:	90 e2       	ldi	r25, 0x20	; 32
loop():
    58f4:	07 3d       	cpi	r16, 0xD7	; 215
    58f6:	13 40       	sbci	r17, 0x03	; 3
    58f8:	08 f0       	brcs	.+2      	; 0x58fc <main+0x12f4>
main():
    58fa:	90 e3       	ldi	r25, 0x30	; 48
loop():
    58fc:	80 91 f6 05 	lds	r24, 0x05F6	; 0x8005f6 <event>
    5900:	28 ce       	rjmp	.-944    	; 0x5552 <main+0xf4a>
main():
/home/jgalera/develop/arduino/usdx/usdx_plus_orange/usdx_plus_orange.ino:737
          : (v < (uint16_t)(4.8 * 1024.0 / 5.0))
              ? BR
              : BE; // determine which button pressed based on threshold levels
    } else {        // hack: fast forward handling
      event =
          (event & 0xf0) |
    5902:	95 e0       	ldi	r25, 0x05	; 5
    5904:	26 ce       	rjmp	.-948    	; 0x5552 <main+0xf4a>
loop():
/home/jgalera/develop/arduino/usdx/usdx_plus_orange/usdx_plus_orange.ino:741
          ((encoder_val) ? PT : PLC /*PL*/); // only alternate between
                                             // push-long/turn when applicable
    }
    switch (event) {
    5906:	8c 31       	cpi	r24, 0x1C	; 28
    5908:	09 f4       	brne	.+2      	; 0x590c <main+0x1304>
    590a:	d0 c0       	rjmp	.+416    	; 0x5aac <main+0x14a4>
    590c:	81 32       	cpi	r24, 0x21	; 33
    590e:	09 f0       	breq	.+2      	; 0x5912 <main+0x130a>
    5910:	33 ce       	rjmp	.-922    	; 0x5578 <main+0xf70>
/home/jgalera/develop/arduino/usdx/usdx_plus_orange/usdx_plus_orange.ino:779
      menumode = _menumode;
      break;
    case BL | DC:
      break;
    case BR | SC:
      if (!menumode) {
    5912:	80 91 06 06 	lds	r24, 0x0606	; 0x800606 <menumode>
    5916:	81 11       	cpse	r24, r1
    5918:	71 c1       	rjmp	.+738    	; 0x5bfc <main+0x15f4>
/home/jgalera/develop/arduino/usdx/usdx_plus_orange/usdx_plus_orange.ino:780
        int8_t prev_mode = mode;
    591a:	10 91 cd 01 	lds	r17, 0x01CD	; 0x8001cd <mode>
/home/jgalera/develop/arduino/usdx/usdx_plus_orange/usdx_plus_orange.ino:781
        if (rit) {
    591e:	80 91 f2 05 	lds	r24, 0x05F2	; 0x8005f2 <rit>
    5922:	90 91 f3 05 	lds	r25, 0x05F3	; 0x8005f3 <rit+0x1>
    5926:	89 2b       	or	r24, r25
    5928:	09 f4       	brne	.+2      	; 0x592c <main+0x1324>
    592a:	fe c0       	rjmp	.+508    	; 0x5b28 <main+0x1520>
/home/jgalera/develop/arduino/usdx/usdx_plus_orange/usdx_plus_orange.ino:782
          rit = 0;
    592c:	10 92 f3 05 	sts	0x05F3, r1	; 0x8005f3 <rit+0x1>
    5930:	10 92 f2 05 	sts	0x05F2, r1	; 0x8005f2 <rit>
/home/jgalera/develop/arduino/usdx/usdx_plus_orange/usdx_plus_orange.ino:783
          stepsize = prev_stepsize[mode == CW];
    5934:	20 91 cd 01 	lds	r18, 0x01CD	; 0x8001cd <mode>
    5938:	81 e0       	ldi	r24, 0x01	; 1
    593a:	90 e0       	ldi	r25, 0x00	; 0
    593c:	22 30       	cpi	r18, 0x02	; 2
    593e:	11 f0       	breq	.+4      	; 0x5944 <main+0x133c>
    5940:	90 e0       	ldi	r25, 0x00	; 0
    5942:	80 e0       	ldi	r24, 0x00	; 0
    5944:	88 53       	subi	r24, 0x38	; 56
    5946:	9e 4f       	sbci	r25, 0xFE	; 254
    5948:	dc 01       	movw	r26, r24
    594a:	8c 91       	ld	r24, X
/home/jgalera/develop/arduino/usdx/usdx_plus_orange/usdx_plus_orange.ino:964
      // delay(100);
      bandval++;
      // if(bandval >= N_BANDS) bandval = 0;
      if (bandval >= (N_BANDS - 1))
        bandval = 1; // excludes 6m, 160m
      stepsize = STEP_1k;
    594c:	80 93 c7 01 	sts	0x01C7, r24	; 0x8001c7 <stepsize>
    5950:	51 c1       	rjmp	.+674    	; 0x5bf4 <main+0x15ec>
/home/jgalera/develop/arduino/usdx/usdx_plus_orange/usdx_plus_orange.ino:741
      event =
          (event & 0xf0) |
          ((encoder_val) ? PT : PLC /*PL*/); // only alternate between
                                             // push-long/turn when applicable
    }
    switch (event) {
    5952:	82 33       	cpi	r24, 0x32	; 50
    5954:	09 f4       	brne	.+2      	; 0x5958 <main+0x1350>
    5956:	50 c2       	rjmp	.+1184   	; 0x5df8 <main+0x17f0>
    5958:	70 f4       	brcc	.+28     	; 0x5976 <main+0x136e>
    595a:	84 32       	cpi	r24, 0x24	; 36
    595c:	09 f4       	brne	.+2      	; 0x5960 <main+0x1358>
    595e:	c1 c1       	rjmp	.+898    	; 0x5ce2 <main+0x16da>
    5960:	81 33       	cpi	r24, 0x31	; 49
    5962:	09 f0       	breq	.+2      	; 0x5966 <main+0x135e>
    5964:	09 ce       	rjmp	.-1006   	; 0x5578 <main+0xf70>
/home/jgalera/develop/arduino/usdx/usdx_plus_orange/usdx_plus_orange.ino:935
      lcd.print(_step);
      lcd_blanks();
      break;
#endif // TUNING_DIAL
    case BE | SC:
      if (!menumode) {
    5966:	80 91 06 06 	lds	r24, 0x0606	; 0x800606 <menumode>
    596a:	81 11       	cpse	r24, r1
    596c:	28 c2       	rjmp	.+1104   	; 0x5dbe <main+0x17b6>
/home/jgalera/develop/arduino/usdx/usdx_plus_orange/usdx_plus_orange.ino:936
        stepsize_change(+1);
    596e:	81 e0       	ldi	r24, 0x01	; 1
/home/jgalera/develop/arduino/usdx/usdx_plus_orange/usdx_plus_orange.ino:968
        bandval = 1; // excludes 6m, 160m
      stepsize = STEP_1k;
      change = true;
      break;
    case BE | PL:
      stepsize_change(-1);
    5970:	0e 94 f6 12 	call	0x25ec	; 0x25ec <stepsize_change(signed char)>
    5974:	01 ce       	rjmp	.-1022   	; 0x5578 <main+0xf70>
/home/jgalera/develop/arduino/usdx/usdx_plus_orange/usdx_plus_orange.ino:741
      event =
          (event & 0xf0) |
          ((encoder_val) ? PT : PLC /*PL*/); // only alternate between
                                             // push-long/turn when applicable
    }
    switch (event) {
    5976:	84 33       	cpi	r24, 0x34	; 52
    5978:	09 f4       	brne	.+2      	; 0x597c <main+0x1374>
    597a:	49 c2       	rjmp	.+1170   	; 0x5e0e <main+0x1806>
    597c:	8c 33       	cpi	r24, 0x3C	; 60
    597e:	09 f0       	breq	.+2      	; 0x5982 <main+0x137a>
    5980:	fb cd       	rjmp	.-1034   	; 0x5578 <main+0xf70>
_digitalRead():
/home/jgalera/develop/arduino/usdx/usdx_plus_orange/src/core/core.cpp:36
    5982:	81 e1       	ldi	r24, 0x11	; 17
    5984:	0e 94 ee 02 	call	0x5dc	; 0x5dc <digitalRead>
loop():
/home/jgalera/develop/arduino/usdx/usdx_plus_orange/usdx_plus_orange.ino:971
      break;
    case BE | PL:
      stepsize_change(-1);
      break;
    case BE | PT:
      for (; _digitalRead(BUTTONS);) { // process encoder changes until released
    5988:	88 23       	and	r24, r24
    598a:	09 f4       	brne	.+2      	; 0x598e <main+0x1386>
    598c:	33 c1       	rjmp	.+614    	; 0x5bf4 <main+0x15ec>
/home/jgalera/develop/arduino/usdx/usdx_plus_orange/usdx_plus_orange.ino:972
        wdt_reset();
    598e:	a8 95       	wdr
/home/jgalera/develop/arduino/usdx/usdx_plus_orange/usdx_plus_orange.ino:973
        if (encoder_val) {
    5990:	80 91 19 06 	lds	r24, 0x0619	; 0x800619 <encoder_val>
    5994:	88 23       	and	r24, r24
    5996:	a9 f3       	breq	.-22     	; 0x5982 <main+0x137a>
/home/jgalera/develop/arduino/usdx/usdx_plus_orange/usdx_plus_orange.ino:974
          paramAction(UPDATE, VOLUME);
    5998:	61 e0       	ldi	r22, 0x01	; 1
    599a:	80 e0       	ldi	r24, 0x00	; 0
    599c:	0e 94 d6 1d 	call	0x3bac	; 0x3bac <paramAction(unsigned char, unsigned char)>
/home/jgalera/develop/arduino/usdx/usdx_plus_orange/usdx_plus_orange.ino:975
          if (volume < 0) {
    59a0:	80 91 b3 01 	lds	r24, 0x01B3	; 0x8001b3 <volume>
    59a4:	87 ff       	sbrs	r24, 7
    59a6:	35 c2       	rjmp	.+1130   	; 0x5e12 <main+0x180a>
/home/jgalera/develop/arduino/usdx/usdx_plus_orange/usdx_plus_orange.ino:976
            volume = 10;
    59a8:	8a e0       	ldi	r24, 0x0A	; 10
    59aa:	80 93 b3 01 	sts	0x01B3, r24	; 0x8001b3 <volume>
/home/jgalera/develop/arduino/usdx/usdx_plus_orange/usdx_plus_orange.ino:977
            paramAction(SAVE, VOLUME);
    59ae:	61 e0       	ldi	r22, 0x01	; 1
    59b0:	84 e0       	ldi	r24, 0x04	; 4
    59b2:	0e 94 d6 1d 	call	0x3bac	; 0x3bac <paramAction(unsigned char, unsigned char)>
_ZN3LCD9setCursorEhh():
/home/jgalera/develop/arduino/usdx/usdx_plus_orange/src/driver/display.h:190
    59b6:	80 ec       	ldi	r24, 0xC0	; 192
    59b8:	0e 94 73 11 	call	0x22e6	; 0x22e6 <LCD::cmd(unsigned char) [clone .isra.3] [clone .lto_priv.35]>
powerDown():
/home/jgalera/develop/arduino/usdx/usdx_plus_orange/src/core/core.cpp:605
  stepsize_showcursor();
}

void powerDown() {
  lcd.setCursor(0, 1);
  lcd.print(F("Power-off 73 :-)"));
    59bc:	8e ef       	ldi	r24, 0xFE	; 254
    59be:	91 e0       	ldi	r25, 0x01	; 1
    59c0:	0e 94 ae 18 	call	0x315c	; 0x315c <Print::print(__FlashStringHelper const*) [clone .constprop.23]>
/home/jgalera/develop/arduino/usdx/usdx_plus_orange/src/core/core.cpp:606
  lcd_blanks();
    59c4:	0e 94 c9 18 	call	0x3192	; 0x3192 <lcd_blanks()>
/home/jgalera/develop/arduino/usdx/usdx_plus_orange/src/core/core.cpp:608

  MCUSR = ~(1 << WDRF);
    59c8:	87 ef       	ldi	r24, 0xF7	; 247
    59ca:	84 bf       	out	0x34, r24	; 52
wdt_disable():
/home/jgalera/.arduino15/packages/arduino/tools/avr-gcc/7.3.0-atmel3.6.1-arduino7/avr/include/avr/wdt.h:528
				"out __SREG__,__tmp_reg__"   "\n\t"
				: [TEMPREG] "=d" (temp_reg)
				: [WDTREG]  "n"  (_SFR_MEM_ADDR(_WD_CONTROL_REG)),
				[WDCE_WDE]  "n"  ((uint8_t)(_BV(_WD_CHANGE_BIT) | _BV(WDE)))
				: "r0"
		);
    59cc:	0f b6       	in	r0, 0x3f	; 63
    59ce:	f8 94       	cli
    59d0:	a8 95       	wdr
    59d2:	80 91 60 00 	lds	r24, 0x0060	; 0x800060 <__DATA_REGION_ORIGIN__>
    59d6:	88 61       	ori	r24, 0x18	; 24
    59d8:	80 93 60 00 	sts	0x0060, r24	; 0x800060 <__DATA_REGION_ORIGIN__>
    59dc:	10 92 60 00 	sts	0x0060, r1	; 0x800060 <__DATA_REGION_ORIGIN__>
    59e0:	0f be       	out	0x3f, r0	; 63
timer2_stop():
/home/jgalera/develop/arduino/usdx/usdx_plus_orange/src/hal/hal.cpp:92
      ((F_CPU / 64) / fs) - 1; // OCRn = (F_CPU / pre-scaler / fs) - 1;
  OCR2A = ocr;
}

void timer2_stop() {        // Stop Timer 2 interrupt
  TIMSK2 &= ~(1 << OCIE2A); // disable timer compare interrupt
    59e2:	80 91 70 00 	lds	r24, 0x0070	; 0x800070 <__DATA_REGION_ORIGIN__+0x10>
    59e6:	8d 7f       	andi	r24, 0xFD	; 253
    59e8:	80 93 70 00 	sts	0x0070, r24	; 0x800070 <__DATA_REGION_ORIGIN__+0x10>
/home/jgalera/develop/arduino/usdx/usdx_plus_orange/src/hal/hal.cpp:93
  delay(1); // wait until potential in-flight interrupts are finished
    59ec:	61 e0       	ldi	r22, 0x01	; 1
    59ee:	70 e0       	ldi	r23, 0x00	; 0
    59f0:	80 e0       	ldi	r24, 0x00	; 0
    59f2:	90 e0       	ldi	r25, 0x00	; 0
    59f4:	0e 94 c6 03 	call	0x78c	; 0x78c <delay>
timer1_stop():
/home/jgalera/develop/arduino/usdx/usdx_plus_orange/src/hal/hal.cpp:74
  OCR1BH = 0x00;
  OCR1BL = 0x00; // OC1B (KEY_OUT) PWM duty-cycle (span defined by ICR).
}

void timer1_stop() {
  OCR1AL = 0x00;
    59f8:	10 92 88 00 	sts	0x0088, r1	; 0x800088 <__DATA_REGION_ORIGIN__+0x28>
/home/jgalera/develop/arduino/usdx/usdx_plus_orange/src/hal/hal.cpp:75
  OCR1BL = 0x00;
    59fc:	10 92 8a 00 	sts	0x008A, r1	; 0x80008a <__DATA_REGION_ORIGIN__+0x2a>
adc_stop():
/home/jgalera/develop/arduino/usdx/usdx_plus_orange/src/hal/hal.cpp:43
#endif
}

void adc_stop() {
  // ADCSRA &= ~(1 << ADATE); // disable auto trigger
  ADCSRA &= ~(1 << ADIE); // disable interrupts when measurement complete
    5a00:	80 91 7a 00 	lds	r24, 0x007A	; 0x80007a <__DATA_REGION_ORIGIN__+0x1a>
    5a04:	87 7f       	andi	r24, 0xF7	; 247
    5a06:	80 93 7a 00 	sts	0x007A, r24	; 0x80007a <__DATA_REGION_ORIGIN__+0x1a>
/home/jgalera/develop/arduino/usdx/usdx_plus_orange/src/hal/hal.cpp:44
  ADCSRA |=
    5a0a:	80 91 7a 00 	lds	r24, 0x007A	; 0x80007a <__DATA_REGION_ORIGIN__+0x1a>
    5a0e:	87 60       	ori	r24, 0x07	; 7
    5a10:	80 93 7a 00 	sts	0x007A, r24	; 0x80007a <__DATA_REGION_ORIGIN__+0x1a>
/home/jgalera/develop/arduino/usdx/usdx_plus_orange/src/hal/hal.cpp:49
      (1 << ADPS2) | (1 << ADPS1) | (1 << ADPS0); // 128 prescaler for 9.6kHz
#ifdef ADC_NR
  sleep_disable();
#endif
  ADMUX = (1 << REFS0); // restore reference voltage AREF (5V)
    5a14:	80 e4       	ldi	r24, 0x40	; 64
    5a16:	80 93 7c 00 	sts	0x007C, r24	; 0x80007c <__DATA_REGION_ORIGIN__+0x1c>
powerDown():
/home/jgalera/develop/arduino/usdx/usdx_plus_orange/src/core/core.cpp:615

  timer2_stop();
  timer1_stop();
  adc_stop();

  si5351.powerDown();
    5a1a:	0e 94 1b 18 	call	0x3036	; 0x3036 <SI5351::powerDown() [clone .isra.12]>
/home/jgalera/develop/arduino/usdx/usdx_plus_orange/src/core/core.cpp:616
  delay(1500);
    5a1e:	6c ed       	ldi	r22, 0xDC	; 220
    5a20:	75 e0       	ldi	r23, 0x05	; 5
    5a22:	80 e0       	ldi	r24, 0x00	; 0
    5a24:	90 e0       	ldi	r25, 0x00	; 0
    5a26:	0e 94 c6 03 	call	0x78c	; 0x78c <delay>
/home/jgalera/develop/arduino/usdx/usdx_plus_orange/src/core/core.cpp:618

  PCICR = 0;
    5a2a:	10 92 68 00 	sts	0x0068, r1	; 0x800068 <__DATA_REGION_ORIGIN__+0x8>
/home/jgalera/develop/arduino/usdx/usdx_plus_orange/src/core/core.cpp:619
  PCMSK0 = 0;
    5a2e:	10 92 6b 00 	sts	0x006B, r1	; 0x80006b <__DATA_REGION_ORIGIN__+0xb>
/home/jgalera/develop/arduino/usdx/usdx_plus_orange/src/core/core.cpp:620
  PCMSK1 = 0;
    5a32:	10 92 6c 00 	sts	0x006C, r1	; 0x80006c <__DATA_REGION_ORIGIN__+0xc>
/home/jgalera/develop/arduino/usdx/usdx_plus_orange/src/core/core.cpp:621
  PCMSK2 = 0;
    5a36:	10 92 6d 00 	sts	0x006D, r1	; 0x80006d <__DATA_REGION_ORIGIN__+0xd>
/home/jgalera/develop/arduino/usdx/usdx_plus_orange/src/core/core.cpp:622
  TIMSK0 = 0;
    5a3a:	10 92 6e 00 	sts	0x006E, r1	; 0x80006e <__DATA_REGION_ORIGIN__+0xe>
/home/jgalera/develop/arduino/usdx/usdx_plus_orange/src/core/core.cpp:623
  TIMSK1 = 0;
    5a3e:	10 92 6f 00 	sts	0x006F, r1	; 0x80006f <__DATA_REGION_ORIGIN__+0xf>
/home/jgalera/develop/arduino/usdx/usdx_plus_orange/src/core/core.cpp:624
  TIMSK2 = 0;
    5a42:	10 92 70 00 	sts	0x0070, r1	; 0x800070 <__DATA_REGION_ORIGIN__+0x10>
/home/jgalera/develop/arduino/usdx/usdx_plus_orange/src/core/core.cpp:625
  WDTCSR = 0;
    5a46:	10 92 60 00 	sts	0x0060, r1	; 0x800060 <__DATA_REGION_ORIGIN__>
/home/jgalera/develop/arduino/usdx/usdx_plus_orange/src/core/core.cpp:626
  *digitalPinToPCMSK(BUTTONS) |= (1 << digitalPinToPCMSKbit(BUTTONS));
    5a4a:	80 91 6c 00 	lds	r24, 0x006C	; 0x80006c <__DATA_REGION_ORIGIN__+0xc>
    5a4e:	88 60       	ori	r24, 0x08	; 8
    5a50:	80 93 6c 00 	sts	0x006C, r24	; 0x80006c <__DATA_REGION_ORIGIN__+0xc>
/home/jgalera/develop/arduino/usdx/usdx_plus_orange/src/core/core.cpp:627
  *digitalPinToPCICR(BUTTONS) |= (1 << digitalPinToPCICRbit(BUTTONS));
    5a54:	80 91 68 00 	lds	r24, 0x0068	; 0x800068 <__DATA_REGION_ORIGIN__+0x8>
    5a58:	82 60       	ori	r24, 0x02	; 2
    5a5a:	80 93 68 00 	sts	0x0068, r24	; 0x800068 <__DATA_REGION_ORIGIN__+0x8>
/home/jgalera/develop/arduino/usdx/usdx_plus_orange/src/core/core.cpp:629

  PRR = 0xff;
    5a5e:	8f ef       	ldi	r24, 0xFF	; 255
    5a60:	80 93 64 00 	sts	0x0064, r24	; 0x800064 <__DATA_REGION_ORIGIN__+0x4>
_ZN3LCD9noDisplayEv.isra.7():
/home/jgalera/develop/arduino/usdx/usdx_plus_orange/src/driver/display.h:194
#endif
  void cursor() { cmd(0x0e); }
  void noCursor() { cmd(0x0c); }
  void noDisplay() { cmd(0x08); }
    5a64:	88 e0       	ldi	r24, 0x08	; 8
    5a66:	0e 94 73 11 	call	0x22e6	; 0x22e6 <LCD::cmd(unsigned char) [clone .isra.3] [clone .lto_priv.35]>
powerDown():
/home/jgalera/develop/arduino/usdx/usdx_plus_orange/src/core/core.cpp:631
  lcd.noDisplay();
  PORTD &= ~0x08;
    5a6a:	5b 98       	cbi	0x0b, 3	; 11
/home/jgalera/develop/arduino/usdx/usdx_plus_orange/src/core/core.cpp:633

  set_sleep_mode(SLEEP_MODE_PWR_DOWN);
    5a6c:	83 b7       	in	r24, 0x33	; 51
    5a6e:	81 7f       	andi	r24, 0xF1	; 241
    5a70:	84 60       	ori	r24, 0x04	; 4
    5a72:	83 bf       	out	0x33, r24	; 51
/home/jgalera/develop/arduino/usdx/usdx_plus_orange/src/core/core.cpp:634
  sleep_enable();
    5a74:	83 b7       	in	r24, 0x33	; 51
    5a76:	81 60       	ori	r24, 0x01	; 1
    5a78:	83 bf       	out	0x33, r24	; 51
/home/jgalera/develop/arduino/usdx/usdx_plus_orange/src/core/core.cpp:635
  interrupts();
    5a7a:	78 94       	sei
/home/jgalera/develop/arduino/usdx/usdx_plus_orange/src/core/core.cpp:636
  sleep_bod_disable();
    5a7c:	85 b7       	in	r24, 0x35	; 53
    5a7e:	80 66       	ori	r24, 0x60	; 96
    5a80:	85 bf       	out	0x35, r24	; 53
    5a82:	8f 7d       	andi	r24, 0xDF	; 223
    5a84:	85 bf       	out	0x35, r24	; 53
/home/jgalera/develop/arduino/usdx/usdx_plus_orange/src/core/core.cpp:637
  sleep_cpu();
    5a86:	88 95       	sleep
/home/jgalera/develop/arduino/usdx/usdx_plus_orange/src/core/core.cpp:638
  sleep_disable();
    5a88:	83 b7       	in	r24, 0x33	; 51
    5a8a:	8e 7f       	andi	r24, 0xFE	; 254
    5a8c:	83 bf       	out	0x33, r24	; 51
wdt_enable():
/home/jgalera/.arduino15/packages/arduino/tools/avr-gcc/7.3.0-atmel3.6.1-arduino7/avr/include/avr/wdt.h:486
				: "n" (_SFR_MEM_ADDR(_WD_CONTROL_REG)),
				"r" ((uint8_t)(_BV(_WD_CHANGE_BIT) | _BV(WDE))),
				"r" ((uint8_t) ((value & 0x08 ? _WD_PS3_MASK : 0x00) |
						_BV(WDE) | (value & 0x07)) )
				: "r0"
		);
    5a8e:	88 e1       	ldi	r24, 0x18	; 24
    5a90:	98 e0       	ldi	r25, 0x08	; 8
    5a92:	0f b6       	in	r0, 0x3f	; 63
    5a94:	f8 94       	cli
    5a96:	a8 95       	wdr
    5a98:	80 93 60 00 	sts	0x0060, r24	; 0x800060 <__DATA_REGION_ORIGIN__>
    5a9c:	0f be       	out	0x3f, r0	; 63
    5a9e:	90 93 60 00 	sts	0x0060, r25	; 0x800060 <__DATA_REGION_ORIGIN__>
    5aa2:	ff cf       	rjmp	.-2      	; 0x5aa2 <main+0x149a>
loop():
/home/jgalera/develop/arduino/usdx/usdx_plus_orange/usdx_plus_orange.ino:745
    }
    switch (event) {
#ifndef ONEBUTTON
    case BL | PL:  // Called when menu button pressed
    case BL | PLC: // or kept pressed
      menumode = 2;
    5aa4:	82 e0       	ldi	r24, 0x02	; 2
/home/jgalera/develop/arduino/usdx/usdx_plus_orange/usdx_plus_orange.ino:748
      break;
    case BL | PT:
      menumode = 1;
    5aa6:	80 93 06 06 	sts	0x0606, r24	; 0x800606 <menumode>
    5aaa:	66 cd       	rjmp	.-1332   	; 0x5578 <main+0xf70>
    5aac:	81 e0       	ldi	r24, 0x01	; 1
    5aae:	fb cf       	rjmp	.-10     	; 0x5aa6 <main+0x149e>
/home/jgalera/develop/arduino/usdx/usdx_plus_orange/usdx_plus_orange.ino:753
      // if(menu == 0) menu = 1;
      break;
    case BL | SC:
#ifdef CW_MESSAGE
      if ((menumode == 1) && (menu >= CWMSG1) && (menu <= CWMSG6)) {
    5ab0:	80 91 06 06 	lds	r24, 0x0606	; 0x800606 <menumode>
    5ab4:	81 30       	cpi	r24, 0x01	; 1
    5ab6:	41 f4       	brne	.+16     	; 0x5ac8 <main+0x14c0>
    5ab8:	80 91 f5 05 	lds	r24, 0x05F5	; 0x8005f5 <menu>
    5abc:	8d 31       	cpi	r24, 0x1D	; 29
    5abe:	24 f0       	brlt	.+8      	; 0x5ac8 <main+0x14c0>
    5ac0:	80 91 f5 05 	lds	r24, 0x05F5	; 0x8005f5 <menu>
    5ac4:	83 32       	cpi	r24, 0x23	; 35
    5ac6:	a4 f0       	brlt	.+40     	; 0x5af0 <main+0x14e8>
/home/jgalera/develop/arduino/usdx/usdx_plus_orange/usdx_plus_orange.ino:761
        menumode = 0;
        break;
      }
#endif // CW_MESSAGE
      int8_t _menumode;
      if (menumode == 0) {
    5ac8:	80 91 06 06 	lds	r24, 0x0606	; 0x800606 <menumode>
    5acc:	88 23       	and	r24, r24
    5ace:	11 f1       	breq	.+68     	; 0x5b14 <main+0x150c>
/home/jgalera/develop/arduino/usdx/usdx_plus_orange/usdx_plus_orange.ino:766
        _menumode = 1;
        if (menu == 0)
          menu = 1;
      } // short left-click while in default screen: enter menu mode
      if (menumode == 1) {
    5ad0:	80 91 06 06 	lds	r24, 0x0606	; 0x800606 <menumode>
    5ad4:	81 30       	cpi	r24, 0x01	; 1
    5ad6:	31 f1       	breq	.+76     	; 0x5b24 <main+0x151c>
    5ad8:	81 e0       	ldi	r24, 0x01	; 1
/home/jgalera/develop/arduino/usdx/usdx_plus_orange/usdx_plus_orange.ino:769
        _menumode = 2;
      } // short left-click while in menu: enter value selection screen
      if (menumode >= 2) {
    5ada:	90 91 06 06 	lds	r25, 0x0606	; 0x800606 <menumode>
    5ade:	92 30       	cpi	r25, 0x02	; 2
    5ae0:	10 f3       	brcs	.-60     	; 0x5aa6 <main+0x149e>
/home/jgalera/develop/arduino/usdx/usdx_plus_orange/usdx_plus_orange.ino:771
        _menumode = 0;
        paramAction(SAVE, menu);
    5ae2:	60 91 f5 05 	lds	r22, 0x05F5	; 0x8005f5 <menu>
    5ae6:	84 e0       	ldi	r24, 0x04	; 4
    5ae8:	0e 94 d6 1d 	call	0x3bac	; 0x3bac <paramAction(unsigned char, unsigned char)>
main():
/home/jgalera/develop/arduino/usdx/usdx_plus_orange/usdx_plus_orange.ino:770
      } // short left-click while in default screen: enter menu mode
      if (menumode == 1) {
        _menumode = 2;
      } // short left-click while in menu: enter value selection screen
      if (menumode >= 2) {
        _menumode = 0;
    5aec:	80 e0       	ldi	r24, 0x00	; 0
    5aee:	db cf       	rjmp	.-74     	; 0x5aa6 <main+0x149e>
loop():
/home/jgalera/develop/arduino/usdx/usdx_plus_orange/usdx_plus_orange.ino:754
      // if(menu == 0) menu = 1;
      break;
    case BL | SC:
#ifdef CW_MESSAGE
      if ((menumode == 1) && (menu >= CWMSG1) && (menu <= CWMSG6)) {
        cw_msg_event = millis();
    5af0:	0e 94 f9 03 	call	0x7f2	; 0x7f2 <millis>
    5af4:	60 93 00 06 	sts	0x0600, r22	; 0x800600 <cw_msg_event>
    5af8:	70 93 01 06 	sts	0x0601, r23	; 0x800601 <cw_msg_event+0x1>
    5afc:	80 93 02 06 	sts	0x0602, r24	; 0x800602 <cw_msg_event+0x2>
    5b00:	90 93 03 06 	sts	0x0603, r25	; 0x800603 <cw_msg_event+0x3>
/home/jgalera/develop/arduino/usdx/usdx_plus_orange/usdx_plus_orange.ino:755
        cw_msg_id = menu - CWMSG1;
    5b04:	80 91 f5 05 	lds	r24, 0x05F5	; 0x8005f5 <menu>
    5b08:	8d 51       	subi	r24, 0x1D	; 29
    5b0a:	80 93 f4 05 	sts	0x05F4, r24	; 0x8005f4 <cw_msg_id>
/home/jgalera/develop/arduino/usdx/usdx_plus_orange/usdx_plus_orange.ino:756
        menumode = 0;
    5b0e:	10 92 06 06 	sts	0x0606, r1	; 0x800606 <menumode>
    5b12:	32 cd       	rjmp	.-1436   	; 0x5578 <main+0xf70>
/home/jgalera/develop/arduino/usdx/usdx_plus_orange/usdx_plus_orange.ino:763
      }
#endif // CW_MESSAGE
      int8_t _menumode;
      if (menumode == 0) {
        _menumode = 1;
        if (menu == 0)
    5b14:	80 91 f5 05 	lds	r24, 0x05F5	; 0x8005f5 <menu>
    5b18:	81 11       	cpse	r24, r1
    5b1a:	da cf       	rjmp	.-76     	; 0x5ad0 <main+0x14c8>
/home/jgalera/develop/arduino/usdx/usdx_plus_orange/usdx_plus_orange.ino:764
          menu = 1;
    5b1c:	81 e0       	ldi	r24, 0x01	; 1
    5b1e:	80 93 f5 05 	sts	0x05F5, r24	; 0x8005f5 <menu>
    5b22:	d6 cf       	rjmp	.-84     	; 0x5ad0 <main+0x14c8>
main():
/home/jgalera/develop/arduino/usdx/usdx_plus_orange/usdx_plus_orange.ino:767
      } // short left-click while in default screen: enter menu mode
      if (menumode == 1) {
        _menumode = 2;
    5b24:	82 e0       	ldi	r24, 0x02	; 2
    5b26:	d9 cf       	rjmp	.-78     	; 0x5ada <main+0x14d2>
loop():
/home/jgalera/develop/arduino/usdx/usdx_plus_orange/usdx_plus_orange.ino:787
          rit = 0;
          stepsize = prev_stepsize[mode == CW];
          change = true;
          break;
        }
        mode += 1;
    5b28:	80 91 cd 01 	lds	r24, 0x01CD	; 0x8001cd <mode>
    5b2c:	8f 5f       	subi	r24, 0xFF	; 255
    5b2e:	80 93 cd 01 	sts	0x01CD, r24	; 0x8001cd <mode>
/home/jgalera/develop/arduino/usdx/usdx_plus_orange/usdx_plus_orange.ino:798
        if (mode != CW)
          stepsize = STEP_1k;
        else
          stepsize = STEP_500; // sets suitable stepsize
#endif
        if (mode > CW)
    5b32:	80 91 cd 01 	lds	r24, 0x01CD	; 0x8001cd <mode>
    5b36:	83 30       	cpi	r24, 0x03	; 3
    5b38:	10 f0       	brcs	.+4      	; 0x5b3e <main+0x1536>
/home/jgalera/develop/arduino/usdx/usdx_plus_orange/usdx_plus_orange.ino:799
          mode = LSB; // skip all other modes (only LSB, USB, CW)
    5b3a:	10 92 cd 01 	sts	0x01CD, r1	; 0x8001cd <mode>
/home/jgalera/develop/arduino/usdx/usdx_plus_orange/usdx_plus_orange.ino:807
          filt = 4;
          nr = 0;
        } else
          filt = 0; // resets filter (to most BW) and NR on mode change
#else
        if (mode == CW) {
    5b3e:	80 91 cd 01 	lds	r24, 0x01CD	; 0x8001cd <mode>
    5b42:	82 30       	cpi	r24, 0x02	; 2
    5b44:	11 f4       	brne	.+4      	; 0x5b4a <main+0x1542>
/home/jgalera/develop/arduino/usdx/usdx_plus_orange/usdx_plus_orange.ino:808
          nr = 0;
    5b46:	10 92 c5 01 	sts	0x01C5, r1	; 0x8001c5 <nr>
/home/jgalera/develop/arduino/usdx/usdx_plus_orange/usdx_plus_orange.ino:810
        }
        prev_stepsize[prev_mode == CW] = stepsize;
    5b4a:	81 e0       	ldi	r24, 0x01	; 1
    5b4c:	90 e0       	ldi	r25, 0x00	; 0
    5b4e:	12 30       	cpi	r17, 0x02	; 2
    5b50:	11 f0       	breq	.+4      	; 0x5b56 <main+0x154e>
    5b52:	90 e0       	ldi	r25, 0x00	; 0
    5b54:	80 e0       	ldi	r24, 0x00	; 0
    5b56:	20 91 c7 01 	lds	r18, 0x01C7	; 0x8001c7 <stepsize>
    5b5a:	fc 01       	movw	r30, r24
    5b5c:	e8 53       	subi	r30, 0x38	; 56
    5b5e:	fe 4f       	sbci	r31, 0xFE	; 254
    5b60:	20 83       	st	Z, r18
/home/jgalera/develop/arduino/usdx/usdx_plus_orange/usdx_plus_orange.ino:812
        stepsize =
            prev_stepsize[mode ==
    5b62:	40 91 cd 01 	lds	r20, 0x01CD	; 0x8001cd <mode>
    5b66:	21 e0       	ldi	r18, 0x01	; 1
    5b68:	30 e0       	ldi	r19, 0x00	; 0
    5b6a:	42 30       	cpi	r20, 0x02	; 2
    5b6c:	11 f0       	breq	.+4      	; 0x5b72 <main+0x156a>
    5b6e:	30 e0       	ldi	r19, 0x00	; 0
    5b70:	20 e0       	ldi	r18, 0x00	; 0
/home/jgalera/develop/arduino/usdx/usdx_plus_orange/usdx_plus_orange.ino:813
                          CW]; // backup stepsize setting for previous mode,
    5b72:	28 53       	subi	r18, 0x38	; 56
    5b74:	3e 4f       	sbci	r19, 0xFE	; 254
    5b76:	f9 01       	movw	r30, r18
    5b78:	20 81       	ld	r18, Z
/home/jgalera/develop/arduino/usdx/usdx_plus_orange/usdx_plus_orange.ino:811
#else
        if (mode == CW) {
          nr = 0;
        }
        prev_stepsize[prev_mode == CW] = stepsize;
        stepsize =
    5b7a:	20 93 c7 01 	sts	0x01C7, r18	; 0x8001c7 <stepsize>
/home/jgalera/develop/arduino/usdx/usdx_plus_orange/usdx_plus_orange.ino:817
            prev_stepsize[mode ==
                          CW]; // backup stepsize setting for previous mode,
                               // restore previous stepsize setting for current
                               // selected mode; filter settings captured for
                               // either CQ or other modes.
        prev_filt[prev_mode == CW] = filt;
    5b7e:	20 91 f1 05 	lds	r18, 0x05F1	; 0x8005f1 <filt>
    5b82:	8d 53       	subi	r24, 0x3D	; 61
    5b84:	9e 4f       	sbci	r25, 0xFE	; 254
    5b86:	dc 01       	movw	r26, r24
    5b88:	2c 93       	st	X, r18
/home/jgalera/develop/arduino/usdx/usdx_plus_orange/usdx_plus_orange.ino:819
        filt =
            prev_filt[mode == CW]; // backup filter setting for previous mode,
    5b8a:	20 91 cd 01 	lds	r18, 0x01CD	; 0x8001cd <mode>
    5b8e:	81 e0       	ldi	r24, 0x01	; 1
    5b90:	90 e0       	ldi	r25, 0x00	; 0
    5b92:	22 30       	cpi	r18, 0x02	; 2
    5b94:	11 f0       	breq	.+4      	; 0x5b9a <main+0x1592>
    5b96:	90 e0       	ldi	r25, 0x00	; 0
    5b98:	80 e0       	ldi	r24, 0x00	; 0
    5b9a:	8d 53       	subi	r24, 0x3D	; 61
    5b9c:	9e 4f       	sbci	r25, 0xFE	; 254
    5b9e:	fc 01       	movw	r30, r24
    5ba0:	80 81       	ld	r24, Z
/home/jgalera/develop/arduino/usdx/usdx_plus_orange/usdx_plus_orange.ino:818
                          CW]; // backup stepsize setting for previous mode,
                               // restore previous stepsize setting for current
                               // selected mode; filter settings captured for
                               // either CQ or other modes.
        prev_filt[prev_mode == CW] = filt;
        filt =
    5ba2:	80 93 f1 05 	sts	0x05F1, r24	; 0x8005f1 <filt>
/home/jgalera/develop/arduino/usdx/usdx_plus_orange/usdx_plus_orange.ino:825
                                   // restore previous filter setting for
                                   // current selected mode; filter settings
                                   // captured for either CQ or other modes.
#endif
        // paramAction(UPDATE, MODE);
        vfomode[vfosel % 2] = mode;
    5ba6:	80 91 cd 01 	lds	r24, 0x01CD	; 0x8001cd <mode>
    5baa:	90 91 f0 05 	lds	r25, 0x05F0	; 0x8005f0 <vfosel>
    5bae:	91 70       	andi	r25, 0x01	; 1
    5bb0:	9f 87       	std	Y+15, r25	; 0x0f
    5bb2:	18 8a       	std	Y+16, r1	; 0x10
    5bb4:	ef 85       	ldd	r30, Y+15	; 0x0f
    5bb6:	f8 89       	ldd	r31, Y+16	; 0x10
    5bb8:	ef 53       	subi	r30, 0x3F	; 63
    5bba:	fe 4f       	sbci	r31, 0xFE	; 254
    5bbc:	80 83       	st	Z, r24
/home/jgalera/develop/arduino/usdx/usdx_plus_orange/usdx_plus_orange.ino:826
        paramAction(SAVE, (vfosel % 2) ? MODEB : MODEA); // save vfoa/b changes
    5bbe:	80 91 f0 05 	lds	r24, 0x05F0	; 0x8005f0 <vfosel>
main():
    5bc2:	61 e3       	ldi	r22, 0x31	; 49
loop():
    5bc4:	80 ff       	sbrs	r24, 0
main():
    5bc6:	60 e3       	ldi	r22, 0x30	; 48
loop():
    5bc8:	84 e0       	ldi	r24, 0x04	; 4
    5bca:	0e 94 d6 1d 	call	0x3bac	; 0x3bac <paramAction(unsigned char, unsigned char)>
/home/jgalera/develop/arduino/usdx/usdx_plus_orange/usdx_plus_orange.ino:827
        paramAction(SAVE, MODE);
    5bce:	62 e0       	ldi	r22, 0x02	; 2
    5bd0:	84 e0       	ldi	r24, 0x04	; 4
    5bd2:	0e 94 d6 1d 	call	0x3bac	; 0x3bac <paramAction(unsigned char, unsigned char)>
/home/jgalera/develop/arduino/usdx/usdx_plus_orange/usdx_plus_orange.ino:828
        paramAction(SAVE, FILTER);
    5bd6:	63 e0       	ldi	r22, 0x03	; 3
    5bd8:	84 e0       	ldi	r24, 0x04	; 4
    5bda:	0e 94 d6 1d 	call	0x3bac	; 0x3bac <paramAction(unsigned char, unsigned char)>
/home/jgalera/develop/arduino/usdx/usdx_plus_orange/usdx_plus_orange.ino:829
        si5351.iqmsa = 0; // enforce PLL reset
    5bde:	10 92 d4 06 	sts	0x06D4, r1	; 0x8006d4 <si5351+0x18>
    5be2:	10 92 d3 06 	sts	0x06D3, r1	; 0x8006d3 <si5351+0x17>
/home/jgalera/develop/arduino/usdx/usdx_plus_orange/usdx_plus_orange.ino:831
#ifdef CW_DECODER
        if ((prev_mode == CW) && (cwdec))
    5be6:	12 30       	cpi	r17, 0x02	; 2
    5be8:	29 f4       	brne	.+10     	; 0x5bf4 <main+0x15ec>
    5bea:	80 91 cc 01 	lds	r24, 0x01CC	; 0x8001cc <cwdec>
    5bee:	81 11       	cpse	r24, r1
/home/jgalera/develop/arduino/usdx/usdx_plus_orange/usdx_plus_orange.ino:832
          show_banner();
    5bf0:	0e 94 28 19 	call	0x3250	; 0x3250 <show_banner()>
/home/jgalera/develop/arduino/usdx/usdx_plus_orange/usdx_plus_orange.ino:983
            powerDown();
          } // powerDown when volume < 0
          paramAction(SAVE, VOLUME);
        }
      }
      change = true; // refresh display
    5bf4:	81 e0       	ldi	r24, 0x01	; 1
    5bf6:	80 93 c6 01 	sts	0x01C6, r24	; 0x8001c6 <change>
    5bfa:	be cc       	rjmp	.-1668   	; 0x5578 <main+0xf70>
/home/jgalera/develop/arduino/usdx/usdx_plus_orange/usdx_plus_orange.ino:836
        if ((prev_mode == CW) && (cwdec))
          show_banner();
#endif
        change = true;
      } else {
        if (menumode == 1) {
    5bfc:	80 91 06 06 	lds	r24, 0x0606	; 0x800606 <menumode>
    5c00:	81 30       	cpi	r24, 0x01	; 1
    5c02:	11 f4       	brne	.+4      	; 0x5c08 <main+0x1600>
/home/jgalera/develop/arduino/usdx/usdx_plus_orange/usdx_plus_orange.ino:837
          menumode = 0;
    5c04:	10 92 06 06 	sts	0x0606, r1	; 0x800606 <menumode>
/home/jgalera/develop/arduino/usdx/usdx_plus_orange/usdx_plus_orange.ino:839
        } // short right-click while in menu: enter value selection screen
        if (menumode >= 2) {
    5c08:	80 91 06 06 	lds	r24, 0x0606	; 0x800606 <menumode>
    5c0c:	82 30       	cpi	r24, 0x02	; 2
    5c0e:	08 f4       	brcc	.+2      	; 0x5c12 <main+0x160a>
    5c10:	b3 cc       	rjmp	.-1690   	; 0x5578 <main+0xf70>
/home/jgalera/develop/arduino/usdx/usdx_plus_orange/usdx_plus_orange.ino:840
          menumode = 1;
    5c12:	81 e0       	ldi	r24, 0x01	; 1
    5c14:	80 93 06 06 	sts	0x0606, r24	; 0x800606 <menumode>
/home/jgalera/develop/arduino/usdx/usdx_plus_orange/usdx_plus_orange.ino:841
          change = true;
    5c18:	80 93 c6 01 	sts	0x01C6, r24	; 0x8001c6 <change>
/home/jgalera/develop/arduino/usdx/usdx_plus_orange/usdx_plus_orange.ino:842
          paramAction(SAVE, menu);
    5c1c:	60 91 f5 05 	lds	r22, 0x05F5	; 0x8005f5 <menu>
    5c20:	84 e0       	ldi	r24, 0x04	; 4
    5c22:	0e 94 d6 1d 	call	0x3bac	; 0x3bac <paramAction(unsigned char, unsigned char)>
    5c26:	a8 cc       	rjmp	.-1712   	; 0x5578 <main+0xf70>
/home/jgalera/develop/arduino/usdx/usdx_plus_orange/usdx_plus_orange.ino:848
        } // short right-click while in value selection screen: save, and return
          // to menu screen
      }
      break;
    case BR | DC:
      filt++;
    5c28:	80 91 f1 05 	lds	r24, 0x05F1	; 0x8005f1 <filt>
    5c2c:	8f 5f       	subi	r24, 0xFF	; 255
    5c2e:	80 93 f1 05 	sts	0x05F1, r24	; 0x8005f1 <filt>
/home/jgalera/develop/arduino/usdx/usdx_plus_orange/usdx_plus_orange.ino:849
      _init = true;
    5c32:	81 e0       	ldi	r24, 0x01	; 1
    5c34:	80 93 ef 05 	sts	0x05EF, r24	; 0x8005ef <_init>
/home/jgalera/develop/arduino/usdx/usdx_plus_orange/usdx_plus_orange.ino:850
      if (mode == CW && filt > N_FILT)
    5c38:	80 91 cd 01 	lds	r24, 0x01CD	; 0x8001cd <mode>
    5c3c:	82 30       	cpi	r24, 0x02	; 2
    5c3e:	39 f4       	brne	.+14     	; 0x5c4e <main+0x1646>
    5c40:	80 91 f1 05 	lds	r24, 0x05F1	; 0x8005f1 <filt>
    5c44:	88 30       	cpi	r24, 0x08	; 8
    5c46:	18 f0       	brcs	.+6      	; 0x5c4e <main+0x1646>
/home/jgalera/develop/arduino/usdx/usdx_plus_orange/usdx_plus_orange.ino:851
        filt = 4;
    5c48:	84 e0       	ldi	r24, 0x04	; 4
    5c4a:	80 93 f1 05 	sts	0x05F1, r24	; 0x8005f1 <filt>
/home/jgalera/develop/arduino/usdx/usdx_plus_orange/usdx_plus_orange.ino:852
      if (mode == CW && filt == 4)
    5c4e:	80 91 cd 01 	lds	r24, 0x01CD	; 0x8001cd <mode>
    5c52:	82 30       	cpi	r24, 0x02	; 2
    5c54:	39 f4       	brne	.+14     	; 0x5c64 <main+0x165c>
    5c56:	80 91 f1 05 	lds	r24, 0x05F1	; 0x8005f1 <filt>
    5c5a:	84 30       	cpi	r24, 0x04	; 4
    5c5c:	19 f4       	brne	.+6      	; 0x5c64 <main+0x165c>
/home/jgalera/develop/arduino/usdx/usdx_plus_orange/usdx_plus_orange.ino:853
        stepsize = STEP_500; // reset stepsize for 500Hz filter
    5c5e:	86 e0       	ldi	r24, 0x06	; 6
    5c60:	80 93 c7 01 	sts	0x01C7, r24	; 0x8001c7 <stepsize>
/home/jgalera/develop/arduino/usdx/usdx_plus_orange/usdx_plus_orange.ino:854
      if (mode == CW && (filt == 5 || filt == 6) && stepsize < STEP_100)
    5c64:	80 91 cd 01 	lds	r24, 0x01CD	; 0x8001cd <mode>
    5c68:	82 30       	cpi	r24, 0x02	; 2
    5c6a:	79 f4       	brne	.+30     	; 0x5c8a <main+0x1682>
    5c6c:	80 91 f1 05 	lds	r24, 0x05F1	; 0x8005f1 <filt>
    5c70:	85 30       	cpi	r24, 0x05	; 5
    5c72:	21 f0       	breq	.+8      	; 0x5c7c <main+0x1674>
    5c74:	80 91 f1 05 	lds	r24, 0x05F1	; 0x8005f1 <filt>
    5c78:	86 30       	cpi	r24, 0x06	; 6
    5c7a:	39 f4       	brne	.+14     	; 0x5c8a <main+0x1682>
    5c7c:	80 91 c7 01 	lds	r24, 0x01C7	; 0x8001c7 <stepsize>
    5c80:	87 30       	cpi	r24, 0x07	; 7
    5c82:	18 f4       	brcc	.+6      	; 0x5c8a <main+0x1682>
/home/jgalera/develop/arduino/usdx/usdx_plus_orange/usdx_plus_orange.ino:855
        stepsize = STEP_100; // for CW BW 200, 100      -> step = 100 Hz
    5c84:	87 e0       	ldi	r24, 0x07	; 7
    5c86:	80 93 c7 01 	sts	0x01C7, r24	; 0x8001c7 <stepsize>
/home/jgalera/develop/arduino/usdx/usdx_plus_orange/usdx_plus_orange.ino:856
      if (mode == CW && filt == 7 && stepsize < STEP_10)
    5c8a:	80 91 cd 01 	lds	r24, 0x01CD	; 0x8001cd <mode>
    5c8e:	82 30       	cpi	r24, 0x02	; 2
    5c90:	59 f4       	brne	.+22     	; 0x5ca8 <main+0x16a0>
    5c92:	80 91 f1 05 	lds	r24, 0x05F1	; 0x8005f1 <filt>
    5c96:	87 30       	cpi	r24, 0x07	; 7
    5c98:	39 f4       	brne	.+14     	; 0x5ca8 <main+0x16a0>
    5c9a:	80 91 c7 01 	lds	r24, 0x01C7	; 0x8001c7 <stepsize>
    5c9e:	88 30       	cpi	r24, 0x08	; 8
    5ca0:	18 f4       	brcc	.+6      	; 0x5ca8 <main+0x16a0>
/home/jgalera/develop/arduino/usdx/usdx_plus_orange/usdx_plus_orange.ino:857
        stepsize = STEP_10; // for CW BW 50 -> step = 10 Hz
    5ca2:	88 e0       	ldi	r24, 0x08	; 8
    5ca4:	80 93 c7 01 	sts	0x01C7, r24	; 0x8001c7 <stepsize>
/home/jgalera/develop/arduino/usdx/usdx_plus_orange/usdx_plus_orange.ino:858
      if (mode != CW && filt > 3)
    5ca8:	80 91 cd 01 	lds	r24, 0x01CD	; 0x8001cd <mode>
    5cac:	82 30       	cpi	r24, 0x02	; 2
    5cae:	31 f0       	breq	.+12     	; 0x5cbc <main+0x16b4>
    5cb0:	80 91 f1 05 	lds	r24, 0x05F1	; 0x8005f1 <filt>
    5cb4:	84 30       	cpi	r24, 0x04	; 4
    5cb6:	10 f0       	brcs	.+4      	; 0x5cbc <main+0x16b4>
/home/jgalera/develop/arduino/usdx/usdx_plus_orange/usdx_plus_orange.ino:859
        filt = 0;
    5cb8:	10 92 f1 05 	sts	0x05F1, r1	; 0x8005f1 <filt>
/home/jgalera/develop/arduino/usdx/usdx_plus_orange/usdx_plus_orange.ino:860
      encoder_val = 0;
    5cbc:	10 92 19 06 	sts	0x0619, r1	; 0x800619 <encoder_val>
/home/jgalera/develop/arduino/usdx/usdx_plus_orange/usdx_plus_orange.ino:861
      paramAction(UPDATE, FILTER);
    5cc0:	63 e0       	ldi	r22, 0x03	; 3
    5cc2:	80 e0       	ldi	r24, 0x00	; 0
    5cc4:	0e 94 d6 1d 	call	0x3bac	; 0x3bac <paramAction(unsigned char, unsigned char)>
/home/jgalera/develop/arduino/usdx/usdx_plus_orange/usdx_plus_orange.ino:862
      paramAction(SAVE, FILTER);
    5cc8:	63 e0       	ldi	r22, 0x03	; 3
    5cca:	84 e0       	ldi	r24, 0x04	; 4
    5ccc:	0e 94 d6 1d 	call	0x3bac	; 0x3bac <paramAction(unsigned char, unsigned char)>
/home/jgalera/develop/arduino/usdx/usdx_plus_orange/usdx_plus_orange.ino:863
      wdt_reset();
    5cd0:	a8 95       	wdr
/home/jgalera/develop/arduino/usdx/usdx_plus_orange/usdx_plus_orange.ino:864
      delay(1500);
    5cd2:	6c ed       	ldi	r22, 0xDC	; 220
    5cd4:	75 e0       	ldi	r23, 0x05	; 5
    5cd6:	80 e0       	ldi	r24, 0x00	; 0
    5cd8:	90 e0       	ldi	r25, 0x00	; 0
    5cda:	0e 94 c6 03 	call	0x78c	; 0x78c <delay>
/home/jgalera/develop/arduino/usdx/usdx_plus_orange/usdx_plus_orange.ino:865
      wdt_reset();
    5cde:	a8 95       	wdr
    5ce0:	89 cf       	rjmp	.-238    	; 0x5bf4 <main+0x15ec>
/home/jgalera/develop/arduino/usdx/usdx_plus_orange/usdx_plus_orange.ino:897
        // for(;micros() < next;);  next = micros() + 16;   // sync every
        // 1000000/62500=16ms (or later if missed)
      } //
#endif // SIMPLE_RX
#ifdef RIT_ENABLE
      rit = !rit;
    5ce2:	20 91 f2 05 	lds	r18, 0x05F2	; 0x8005f2 <rit>
    5ce6:	30 91 f3 05 	lds	r19, 0x05F3	; 0x8005f3 <rit+0x1>
    5cea:	81 e0       	ldi	r24, 0x01	; 1
    5cec:	90 e0       	ldi	r25, 0x00	; 0
    5cee:	23 2b       	or	r18, r19
    5cf0:	11 f0       	breq	.+4      	; 0x5cf6 <main+0x16ee>
    5cf2:	90 e0       	ldi	r25, 0x00	; 0
    5cf4:	80 e0       	ldi	r24, 0x00	; 0
    5cf6:	90 93 f3 05 	sts	0x05F3, r25	; 0x8005f3 <rit+0x1>
    5cfa:	80 93 f2 05 	sts	0x05F2, r24	; 0x8005f2 <rit>
/home/jgalera/develop/arduino/usdx/usdx_plus_orange/usdx_plus_orange.ino:898
      stepsize = (rit) ? STEP_10 : prev_stepsize[mode == CW];
    5cfe:	80 91 f2 05 	lds	r24, 0x05F2	; 0x8005f2 <rit>
    5d02:	90 91 f3 05 	lds	r25, 0x05F3	; 0x8005f3 <rit+0x1>
    5d06:	89 2b       	or	r24, r25
    5d08:	09 f0       	breq	.+2      	; 0x5d0c <main+0x1704>
    5d0a:	52 c0       	rjmp	.+164    	; 0x5db0 <main+0x17a8>
    5d0c:	20 91 cd 01 	lds	r18, 0x01CD	; 0x8001cd <mode>
    5d10:	81 e0       	ldi	r24, 0x01	; 1
    5d12:	90 e0       	ldi	r25, 0x00	; 0
    5d14:	22 30       	cpi	r18, 0x02	; 2
    5d16:	11 f0       	breq	.+4      	; 0x5d1c <main+0x1714>
    5d18:	90 e0       	ldi	r25, 0x00	; 0
    5d1a:	80 e0       	ldi	r24, 0x00	; 0
    5d1c:	88 53       	subi	r24, 0x38	; 56
    5d1e:	9e 4f       	sbci	r25, 0xFE	; 254
    5d20:	dc 01       	movw	r26, r24
    5d22:	8c 91       	ld	r24, X
    5d24:	80 93 c7 01 	sts	0x01C7, r24	; 0x8001c7 <stepsize>
/home/jgalera/develop/arduino/usdx/usdx_plus_orange/usdx_plus_orange.ino:899
      if (!rit) { // after RIT comes VFO A/B swap
    5d28:	80 91 f2 05 	lds	r24, 0x05F2	; 0x8005f2 <rit>
    5d2c:	90 91 f3 05 	lds	r25, 0x05F3	; 0x8005f3 <rit+0x1>
    5d30:	89 2b       	or	r24, r25
    5d32:	09 f0       	breq	.+2      	; 0x5d36 <main+0x172e>
    5d34:	5f cf       	rjmp	.-322    	; 0x5bf4 <main+0x15ec>
/home/jgalera/develop/arduino/usdx/usdx_plus_orange/usdx_plus_orange.ino:903
#else
    {
#endif // RIT_ENABLE
        vfosel = !vfosel;
    5d36:	90 91 f0 05 	lds	r25, 0x05F0	; 0x8005f0 <vfosel>
    5d3a:	81 e0       	ldi	r24, 0x01	; 1
    5d3c:	91 11       	cpse	r25, r1
    5d3e:	80 e0       	ldi	r24, 0x00	; 0
    5d40:	80 93 f0 05 	sts	0x05F0, r24	; 0x8005f0 <vfosel>
/home/jgalera/develop/arduino/usdx/usdx_plus_orange/usdx_plus_orange.ino:904
        freq = vfo[vfosel % 2]; // todo: share code with menumode
    5d44:	80 91 f0 05 	lds	r24, 0x05F0	; 0x8005f0 <vfosel>
    5d48:	81 70       	andi	r24, 0x01	; 1
    5d4a:	89 8b       	std	Y+17, r24	; 0x11
    5d4c:	1a 8a       	std	Y+18, r1	; 0x12
    5d4e:	e9 89       	ldd	r30, Y+17	; 0x11
    5d50:	fa 89       	ldd	r31, Y+18	; 0x12
    5d52:	ee 0f       	add	r30, r30
    5d54:	ff 1f       	adc	r31, r31
    5d56:	ee 0f       	add	r30, r30
    5d58:	ff 1f       	adc	r31, r31
    5d5a:	e7 54       	subi	r30, 0x47	; 71
    5d5c:	fe 4f       	sbci	r31, 0xFE	; 254
    5d5e:	80 81       	ld	r24, Z
    5d60:	91 81       	ldd	r25, Z+1	; 0x01
    5d62:	a2 81       	ldd	r26, Z+2	; 0x02
    5d64:	b3 81       	ldd	r27, Z+3	; 0x03
    5d66:	80 93 b5 01 	sts	0x01B5, r24	; 0x8001b5 <freq>
    5d6a:	90 93 b6 01 	sts	0x01B6, r25	; 0x8001b6 <freq+0x1>
    5d6e:	a0 93 b7 01 	sts	0x01B7, r26	; 0x8001b7 <freq+0x2>
    5d72:	b0 93 b8 01 	sts	0x01B8, r27	; 0x8001b8 <freq+0x3>
/home/jgalera/develop/arduino/usdx/usdx_plus_orange/usdx_plus_orange.ino:905
        mode = vfomode[vfosel % 2];
    5d76:	80 91 f0 05 	lds	r24, 0x05F0	; 0x8005f0 <vfosel>
    5d7a:	81 70       	andi	r24, 0x01	; 1
    5d7c:	8b 8b       	std	Y+19, r24	; 0x13
    5d7e:	1c 8a       	std	Y+20, r1	; 0x14
    5d80:	eb 89       	ldd	r30, Y+19	; 0x13
    5d82:	fc 89       	ldd	r31, Y+20	; 0x14
    5d84:	ef 53       	subi	r30, 0x3F	; 63
    5d86:	fe 4f       	sbci	r31, 0xFE	; 254
    5d88:	80 81       	ld	r24, Z
    5d8a:	80 93 cd 01 	sts	0x01CD, r24	; 0x8001cd <mode>
/home/jgalera/develop/arduino/usdx/usdx_plus_orange/usdx_plus_orange.ino:907
        // make more generic:
        if (mode != CW)
    5d8e:	80 91 cd 01 	lds	r24, 0x01CD	; 0x8001cd <mode>
    5d92:	82 30       	cpi	r24, 0x02	; 2
    5d94:	79 f0       	breq	.+30     	; 0x5db4 <main+0x17ac>
/home/jgalera/develop/arduino/usdx/usdx_plus_orange/usdx_plus_orange.ino:908
          stepsize = STEP_1k;
    5d96:	85 e0       	ldi	r24, 0x05	; 5
/home/jgalera/develop/arduino/usdx/usdx_plus_orange/usdx_plus_orange.ino:910
        else
          stepsize = STEP_500;
    5d98:	80 93 c7 01 	sts	0x01C7, r24	; 0x8001c7 <stepsize>
/home/jgalera/develop/arduino/usdx/usdx_plus_orange/usdx_plus_orange.ino:911
        if (mode == CW) {
    5d9c:	80 91 cd 01 	lds	r24, 0x01CD	; 0x8001cd <mode>
    5da0:	82 30       	cpi	r24, 0x02	; 2
    5da2:	51 f4       	brne	.+20     	; 0x5db8 <main+0x17b0>
/home/jgalera/develop/arduino/usdx/usdx_plus_orange/usdx_plus_orange.ino:912
          filt = 4;
    5da4:	84 e0       	ldi	r24, 0x04	; 4
    5da6:	80 93 f1 05 	sts	0x05F1, r24	; 0x8005f1 <filt>
/home/jgalera/develop/arduino/usdx/usdx_plus_orange/usdx_plus_orange.ino:913
          nr = 0;
    5daa:	10 92 c5 01 	sts	0x01C5, r1	; 0x8001c5 <nr>
    5dae:	22 cf       	rjmp	.-444    	; 0x5bf4 <main+0x15ec>
main():
/home/jgalera/develop/arduino/usdx/usdx_plus_orange/usdx_plus_orange.ino:898
        // 1000000/62500=16ms (or later if missed)
      } //
#endif // SIMPLE_RX
#ifdef RIT_ENABLE
      rit = !rit;
      stepsize = (rit) ? STEP_10 : prev_stepsize[mode == CW];
    5db0:	88 e0       	ldi	r24, 0x08	; 8
    5db2:	b8 cf       	rjmp	.-144    	; 0x5d24 <main+0x171c>
loop():
/home/jgalera/develop/arduino/usdx/usdx_plus_orange/usdx_plus_orange.ino:910
        mode = vfomode[vfosel % 2];
        // make more generic:
        if (mode != CW)
          stepsize = STEP_1k;
        else
          stepsize = STEP_500;
    5db4:	86 e0       	ldi	r24, 0x06	; 6
    5db6:	f0 cf       	rjmp	.-32     	; 0x5d98 <main+0x1790>
/home/jgalera/develop/arduino/usdx/usdx_plus_orange/usdx_plus_orange.ino:915
        if (mode == CW) {
          filt = 4;
          nr = 0;
        } else
          filt = 0;
    5db8:	10 92 f1 05 	sts	0x05F1, r1	; 0x8005f1 <filt>
    5dbc:	1b cf       	rjmp	.-458    	; 0x5bf4 <main+0x15ec>
/home/jgalera/develop/arduino/usdx/usdx_plus_orange/usdx_plus_orange.ino:939
    case BE | SC:
      if (!menumode) {
        stepsize_change(+1);
      } else {
        int8_t _menumode;
        if (menumode == 1) {
    5dbe:	80 91 06 06 	lds	r24, 0x0606	; 0x800606 <menumode>
/home/jgalera/develop/arduino/usdx/usdx_plus_orange/usdx_plus_orange.ino:942
          _menumode = 2;
        } // short encoder-click while in menu: enter value selection screen
        if (menumode == 2) {
    5dc2:	80 91 06 06 	lds	r24, 0x0606	; 0x800606 <menumode>
    5dc6:	82 30       	cpi	r24, 0x02	; 2
    5dc8:	a9 f4       	brne	.+42     	; 0x5df4 <main+0x17ec>
/home/jgalera/develop/arduino/usdx/usdx_plus_orange/usdx_plus_orange.ino:944
          _menumode = 1;
          change = true;
    5dca:	81 e0       	ldi	r24, 0x01	; 1
    5dcc:	80 93 c6 01 	sts	0x01C6, r24	; 0x8001c6 <change>
/home/jgalera/develop/arduino/usdx/usdx_plus_orange/usdx_plus_orange.ino:945
          paramAction(SAVE, menu);
    5dd0:	60 91 f5 05 	lds	r22, 0x05F5	; 0x8005f5 <menu>
    5dd4:	84 e0       	ldi	r24, 0x04	; 4
    5dd6:	0e 94 d6 1d 	call	0x3bac	; 0x3bac <paramAction(unsigned char, unsigned char)>
main():
/home/jgalera/develop/arduino/usdx/usdx_plus_orange/usdx_plus_orange.ino:943
        int8_t _menumode;
        if (menumode == 1) {
          _menumode = 2;
        } // short encoder-click while in menu: enter value selection screen
        if (menumode == 2) {
          _menumode = 1;
    5dda:	81 e0       	ldi	r24, 0x01	; 1
loop():
/home/jgalera/develop/arduino/usdx/usdx_plus_orange/usdx_plus_orange.ino:949
          change = true;
          paramAction(SAVE, menu);
        } // short encoder-click while in value selection screen: save, and
          // return to menu screen
#ifdef MENU_STR
        if (menumode == 3) {
    5ddc:	90 91 06 06 	lds	r25, 0x0606	; 0x800606 <menumode>
    5de0:	93 30       	cpi	r25, 0x03	; 3
    5de2:	09 f0       	breq	.+2      	; 0x5de6 <main+0x17de>
    5de4:	60 ce       	rjmp	.-832    	; 0x5aa6 <main+0x149e>
/home/jgalera/develop/arduino/usdx/usdx_plus_orange/usdx_plus_orange.ino:951
          _menumode = 3;
          paramAction(NEXT_CH, menu);
    5de6:	60 91 f5 05 	lds	r22, 0x05F5	; 0x8005f5 <menu>
    5dea:	86 e0       	ldi	r24, 0x06	; 6
    5dec:	0e 94 d6 1d 	call	0x3bac	; 0x3bac <paramAction(unsigned char, unsigned char)>
main():
/home/jgalera/develop/arduino/usdx/usdx_plus_orange/usdx_plus_orange.ino:950
          paramAction(SAVE, menu);
        } // short encoder-click while in value selection screen: save, and
          // return to menu screen
#ifdef MENU_STR
        if (menumode == 3) {
          _menumode = 3;
    5df0:	83 e0       	ldi	r24, 0x03	; 3
    5df2:	59 ce       	rjmp	.-846    	; 0x5aa6 <main+0x149e>
loop():
/home/jgalera/develop/arduino/usdx/usdx_plus_orange/usdx_plus_orange.ino:942
      } else {
        int8_t _menumode;
        if (menumode == 1) {
          _menumode = 2;
        } // short encoder-click while in menu: enter value selection screen
        if (menumode == 2) {
    5df4:	82 e0       	ldi	r24, 0x02	; 2
    5df6:	f2 cf       	rjmp	.-28     	; 0x5ddc <main+0x17d4>
/home/jgalera/develop/arduino/usdx/usdx_plus_orange/usdx_plus_orange.ino:960
        menumode = _menumode;
      }
      break;
    case BE | DC:
      // delay(100);
      bandval++;
    5df8:	80 91 b4 01 	lds	r24, 0x01B4	; 0x8001b4 <bandval>
    5dfc:	8f 5f       	subi	r24, 0xFF	; 255
/home/jgalera/develop/arduino/usdx/usdx_plus_orange/usdx_plus_orange.ino:962
      // if(bandval >= N_BANDS) bandval = 0;
      if (bandval >= (N_BANDS - 1))
    5dfe:	8a 30       	cpi	r24, 0x0A	; 10
    5e00:	20 f4       	brcc	.+8      	; 0x5e0a <main+0x1802>
/home/jgalera/develop/arduino/usdx/usdx_plus_orange/usdx_plus_orange.ino:963
        bandval = 1; // excludes 6m, 160m
    5e02:	80 93 b4 01 	sts	0x01B4, r24	; 0x8001b4 <bandval>
/home/jgalera/develop/arduino/usdx/usdx_plus_orange/usdx_plus_orange.ino:964
      stepsize = STEP_1k;
    5e06:	85 e0       	ldi	r24, 0x05	; 5
    5e08:	a1 cd       	rjmp	.-1214   	; 0x594c <main+0x1344>
/home/jgalera/develop/arduino/usdx/usdx_plus_orange/usdx_plus_orange.ino:963
    case BE | DC:
      // delay(100);
      bandval++;
      // if(bandval >= N_BANDS) bandval = 0;
      if (bandval >= (N_BANDS - 1))
        bandval = 1; // excludes 6m, 160m
    5e0a:	81 e0       	ldi	r24, 0x01	; 1
    5e0c:	fa cf       	rjmp	.-12     	; 0x5e02 <main+0x17fa>
/home/jgalera/develop/arduino/usdx/usdx_plus_orange/usdx_plus_orange.ino:968
      stepsize = STEP_1k;
      change = true;
      break;
    case BE | PL:
      stepsize_change(-1);
    5e0e:	8f ef       	ldi	r24, 0xFF	; 255
    5e10:	af cd       	rjmp	.-1186   	; 0x5970 <main+0x1368>
/home/jgalera/develop/arduino/usdx/usdx_plus_orange/usdx_plus_orange.ino:980
          if (volume < 0) {
            volume = 10;
            paramAction(SAVE, VOLUME);
            powerDown();
          } // powerDown when volume < 0
          paramAction(SAVE, VOLUME);
    5e12:	61 e0       	ldi	r22, 0x01	; 1
    5e14:	84 e0       	ldi	r24, 0x04	; 4
    5e16:	0e 94 d6 1d 	call	0x3bac	; 0x3bac <paramAction(unsigned char, unsigned char)>
    5e1a:	b3 cd       	rjmp	.-1178   	; 0x5982 <main+0x137a>
/home/jgalera/develop/arduino/usdx/usdx_plus_orange/usdx_plus_orange.ino:1107
      encoder_val--;
      break;
#endif // ONEBUTTON
    }
  } else
    event = 0; // no button pressed: reset event
    5e1c:	10 92 f6 05 	sts	0x05F6, r1	; 0x8005f6 <event>
    5e20:	ab cb       	rjmp	.-2218   	; 0x5578 <main+0xf70>
main():
/home/jgalera/.arduino15/packages/MiniCore/hardware/avr/3.1.1/cores/MCUdude_corefiles/Arduino.h:315
    5e22:	8c e2       	ldi	r24, 0x2C	; 44
    5e24:	90 e0       	ldi	r25, 0x00	; 0
    5e26:	ce cb       	rjmp	.-2148   	; 0x55c4 <main+0xfbc>
loop():
/home/jgalera/develop/arduino/usdx/usdx_plus_orange/usdx_plus_orange.ino:1122
#endif
      menu = paramAction(NEXT_MENU,
                         menu); // auto probe next menu item (gaps may exist)
      encoder_val = 0;
    }
    if (encoder_change || (prev_menumode != menumode))
    5e28:	11 11       	cpse	r17, r1
    5e2a:	dc cb       	rjmp	.-2120   	; 0x55e4 <main+0xfdc>
    5e2c:	90 91 ee 05 	lds	r25, 0x05EE	; 0x8005ee <prev_menumode>
    5e30:	80 91 06 06 	lds	r24, 0x0606	; 0x800606 <menumode>
    5e34:	98 13       	cpse	r25, r24
    5e36:	d6 cb       	rjmp	.-2132   	; 0x55e4 <main+0xfdc>
/home/jgalera/develop/arduino/usdx/usdx_plus_orange/usdx_plus_orange.ino:1127
      paramAction(UPDATE_MENU,
                  (menumode)
                      ? menu
                      : 0); // update param with encoder change and display
    prev_menumode = menumode;
    5e38:	80 91 06 06 	lds	r24, 0x0606	; 0x800606 <menumode>
    5e3c:	80 93 ee 05 	sts	0x05EE, r24	; 0x8005ee <prev_menumode>
/home/jgalera/develop/arduino/usdx/usdx_plus_orange/usdx_plus_orange.ino:1128
    if (menumode == 2) {
    5e40:	80 91 06 06 	lds	r24, 0x0606	; 0x800606 <menumode>
    5e44:	82 30       	cpi	r24, 0x02	; 2
    5e46:	09 f0       	breq	.+2      	; 0x5e4a <main+0x1842>
    5e48:	28 c1       	rjmp	.+592    	; 0x609a <main+0x1a92>
/home/jgalera/develop/arduino/usdx/usdx_plus_orange/usdx_plus_orange.ino:1129
      if (encoder_change) {
    5e4a:	11 23       	and	r17, r17
    5e4c:	09 f4       	brne	.+2      	; 0x5e50 <main+0x1848>
    5e4e:	25 c1       	rjmp	.+586    	; 0x609a <main+0x1a92>
_ZN3LCD9setCursorEhh():
/home/jgalera/develop/arduino/usdx/usdx_plus_orange/src/driver/display.h:190
#ifdef CONDENSED
  void setCursor(uint8_t x, uint8_t y) {
    cmd(0x80 | (x + (uint8_t[]){0x00, 0x40, 0x00 + 20, 0x40 + 20}[y]));
  }
#else
  void setCursor(uint8_t x, uint8_t y) { cmd(0x80 | (x + y * 0x40)); }
    5e50:	80 ec       	ldi	r24, 0xC0	; 192
    5e52:	0e 94 7f 18 	call	0x30fe	; 0x30fe <LCD::cmd(unsigned char) [clone .isra.16]>
_ZN3LCD6cursorEv.isra.19():
/home/jgalera/develop/arduino/usdx/usdx_plus_orange/src/driver/display.h:192
#endif
  void cursor() { cmd(0x0e); }
    5e56:	8e e0       	ldi	r24, 0x0E	; 14
    5e58:	0e 94 7f 18 	call	0x30fe	; 0x30fe <LCD::cmd(unsigned char) [clone .isra.16]>
loop():
/home/jgalera/develop/arduino/usdx/usdx_plus_orange/usdx_plus_orange.ino:1132
        lcd.setCursor(0, 1);
        lcd.cursor();       // edits menu item value; make cursor visible
        if (menu == MODE) { // post-handling Mode parameter
    5e5c:	80 91 f5 05 	lds	r24, 0x05F5	; 0x8005f5 <menu>
    5e60:	82 30       	cpi	r24, 0x02	; 2
    5e62:	69 f5       	brne	.+90     	; 0x5ebe <main+0x18b6>
/home/jgalera/develop/arduino/usdx/usdx_plus_orange/usdx_plus_orange.ino:1133
          vfomode[vfosel % 2] = mode;
    5e64:	80 91 cd 01 	lds	r24, 0x01CD	; 0x8001cd <mode>
    5e68:	90 91 f0 05 	lds	r25, 0x05F0	; 0x8005f0 <vfosel>
    5e6c:	91 70       	andi	r25, 0x01	; 1
    5e6e:	9d 8b       	std	Y+21, r25	; 0x15
    5e70:	1e 8a       	std	Y+22, r1	; 0x16
    5e72:	ed 89       	ldd	r30, Y+21	; 0x15
    5e74:	fe 89       	ldd	r31, Y+22	; 0x16
    5e76:	ef 53       	subi	r30, 0x3F	; 63
    5e78:	fe 4f       	sbci	r31, 0xFE	; 254
    5e7a:	80 83       	st	Z, r24
/home/jgalera/develop/arduino/usdx/usdx_plus_orange/usdx_plus_orange.ino:1135
          paramAction(SAVE,
                      (vfosel % 2) ? MODEB : MODEA); // save vfoa/b changes
    5e7c:	80 91 f0 05 	lds	r24, 0x05F0	; 0x8005f0 <vfosel>
main():
/home/jgalera/develop/arduino/usdx/usdx_plus_orange/usdx_plus_orange.ino:1134
      if (encoder_change) {
        lcd.setCursor(0, 1);
        lcd.cursor();       // edits menu item value; make cursor visible
        if (menu == MODE) { // post-handling Mode parameter
          vfomode[vfosel % 2] = mode;
          paramAction(SAVE,
    5e80:	61 e3       	ldi	r22, 0x31	; 49
loop():
    5e82:	80 ff       	sbrs	r24, 0
main():
    5e84:	60 e3       	ldi	r22, 0x30	; 48
loop():
    5e86:	84 e0       	ldi	r24, 0x04	; 4
    5e88:	0e 94 d6 1d 	call	0x3bac	; 0x3bac <paramAction(unsigned char, unsigned char)>
/home/jgalera/develop/arduino/usdx/usdx_plus_orange/usdx_plus_orange.ino:1136
                      (vfosel % 2) ? MODEB : MODEA); // save vfoa/b changes
          change = true;
    5e8c:	81 e0       	ldi	r24, 0x01	; 1
    5e8e:	80 93 c6 01 	sts	0x01C6, r24	; 0x8001c6 <change>
/home/jgalera/develop/arduino/usdx/usdx_plus_orange/usdx_plus_orange.ino:1137
          si5351.iqmsa = 0; // enforce PLL reset
    5e92:	10 92 d4 06 	sts	0x06D4, r1	; 0x8006d4 <si5351+0x18>
    5e96:	10 92 d3 06 	sts	0x06D3, r1	; 0x8006d3 <si5351+0x17>
/home/jgalera/develop/arduino/usdx/usdx_plus_orange/usdx_plus_orange.ino:1139
          // make more generic:
          if (mode != CW)
    5e9a:	80 91 cd 01 	lds	r24, 0x01CD	; 0x8001cd <mode>
    5e9e:	82 30       	cpi	r24, 0x02	; 2
    5ea0:	09 f4       	brne	.+2      	; 0x5ea4 <main+0x189c>
    5ea2:	79 c3       	rjmp	.+1778   	; 0x6596 <main+0x1f8e>
/home/jgalera/develop/arduino/usdx/usdx_plus_orange/usdx_plus_orange.ino:1140
            stepsize = STEP_1k;
    5ea4:	85 e0       	ldi	r24, 0x05	; 5
/home/jgalera/develop/arduino/usdx/usdx_plus_orange/usdx_plus_orange.ino:1142
          else
            stepsize = STEP_500;
    5ea6:	80 93 c7 01 	sts	0x01C7, r24	; 0x8001c7 <stepsize>
/home/jgalera/develop/arduino/usdx/usdx_plus_orange/usdx_plus_orange.ino:1143
          if (mode == CW) {
    5eaa:	80 91 cd 01 	lds	r24, 0x01CD	; 0x8001cd <mode>
    5eae:	82 30       	cpi	r24, 0x02	; 2
    5eb0:	09 f0       	breq	.+2      	; 0x5eb4 <main+0x18ac>
    5eb2:	73 c3       	rjmp	.+1766   	; 0x659a <main+0x1f92>
/home/jgalera/develop/arduino/usdx/usdx_plus_orange/usdx_plus_orange.ino:1144
            filt = 4;
    5eb4:	84 e0       	ldi	r24, 0x04	; 4
    5eb6:	80 93 f1 05 	sts	0x05F1, r24	; 0x8005f1 <filt>
/home/jgalera/develop/arduino/usdx/usdx_plus_orange/usdx_plus_orange.ino:1145
            nr = 0;
    5eba:	10 92 c5 01 	sts	0x01C5, r1	; 0x8001c5 <nr>
/home/jgalera/develop/arduino/usdx/usdx_plus_orange/usdx_plus_orange.ino:1149
          } else
            filt = 0;
        }
        if (menu == BAND) {
    5ebe:	80 91 f5 05 	lds	r24, 0x05F5	; 0x8005f5 <menu>
    5ec2:	84 30       	cpi	r24, 0x04	; 4
    5ec4:	19 f4       	brne	.+6      	; 0x5ecc <main+0x18c4>
/home/jgalera/develop/arduino/usdx/usdx_plus_orange/usdx_plus_orange.ino:1150
          change = true;
    5ec6:	81 e0       	ldi	r24, 0x01	; 1
    5ec8:	80 93 c6 01 	sts	0x01C6, r24	; 0x8001c6 <change>
/home/jgalera/develop/arduino/usdx/usdx_plus_orange/usdx_plus_orange.ino:1154
        }

        // if(menu == NR){ if(mode == CW) nr = false; }
        if (menu == VFOSEL) {
    5ecc:	80 91 f5 05 	lds	r24, 0x05F5	; 0x8005f5 <menu>
    5ed0:	86 30       	cpi	r24, 0x06	; 6
    5ed2:	c9 f5       	brne	.+114    	; 0x5f46 <main+0x193e>
/home/jgalera/develop/arduino/usdx/usdx_plus_orange/usdx_plus_orange.ino:1155
          freq = vfo[vfosel % 2];
    5ed4:	90 91 f0 05 	lds	r25, 0x05F0	; 0x8005f0 <vfosel>
    5ed8:	91 70       	andi	r25, 0x01	; 1
    5eda:	9f 8b       	std	Y+23, r25	; 0x17
    5edc:	18 8e       	std	Y+24, r1	; 0x18
    5ede:	ef 89       	ldd	r30, Y+23	; 0x17
    5ee0:	f8 8d       	ldd	r31, Y+24	; 0x18
    5ee2:	ee 0f       	add	r30, r30
    5ee4:	ff 1f       	adc	r31, r31
    5ee6:	ee 0f       	add	r30, r30
    5ee8:	ff 1f       	adc	r31, r31
    5eea:	e7 54       	subi	r30, 0x47	; 71
    5eec:	fe 4f       	sbci	r31, 0xFE	; 254
    5eee:	40 81       	ld	r20, Z
    5ef0:	51 81       	ldd	r21, Z+1	; 0x01
    5ef2:	62 81       	ldd	r22, Z+2	; 0x02
    5ef4:	73 81       	ldd	r23, Z+3	; 0x03
    5ef6:	40 93 b5 01 	sts	0x01B5, r20	; 0x8001b5 <freq>
    5efa:	50 93 b6 01 	sts	0x01B6, r21	; 0x8001b6 <freq+0x1>
    5efe:	60 93 b7 01 	sts	0x01B7, r22	; 0x8001b7 <freq+0x2>
    5f02:	70 93 b8 01 	sts	0x01B8, r23	; 0x8001b8 <freq+0x3>
/home/jgalera/develop/arduino/usdx/usdx_plus_orange/usdx_plus_orange.ino:1156
          mode = vfomode[vfosel % 2];
    5f06:	90 91 f0 05 	lds	r25, 0x05F0	; 0x8005f0 <vfosel>
    5f0a:	91 70       	andi	r25, 0x01	; 1
    5f0c:	99 8f       	std	Y+25, r25	; 0x19
    5f0e:	1a 8e       	std	Y+26, r1	; 0x1a
    5f10:	e9 8d       	ldd	r30, Y+25	; 0x19
    5f12:	fa 8d       	ldd	r31, Y+26	; 0x1a
    5f14:	ef 53       	subi	r30, 0x3F	; 63
    5f16:	fe 4f       	sbci	r31, 0xFE	; 254
    5f18:	90 81       	ld	r25, Z
    5f1a:	90 93 cd 01 	sts	0x01CD, r25	; 0x8001cd <mode>
/home/jgalera/develop/arduino/usdx/usdx_plus_orange/usdx_plus_orange.ino:1158
          // make more generic:
          if (mode != CW)
    5f1e:	90 91 cd 01 	lds	r25, 0x01CD	; 0x8001cd <mode>
    5f22:	92 30       	cpi	r25, 0x02	; 2
    5f24:	09 f0       	breq	.+2      	; 0x5f28 <main+0x1920>
/home/jgalera/develop/arduino/usdx/usdx_plus_orange/usdx_plus_orange.ino:1159
            stepsize = STEP_1k;
    5f26:	85 e0       	ldi	r24, 0x05	; 5
/home/jgalera/develop/arduino/usdx/usdx_plus_orange/usdx_plus_orange.ino:1161
          else
            stepsize = STEP_500;
    5f28:	80 93 c7 01 	sts	0x01C7, r24	; 0x8001c7 <stepsize>
/home/jgalera/develop/arduino/usdx/usdx_plus_orange/usdx_plus_orange.ino:1162
          if (mode == CW) {
    5f2c:	80 91 cd 01 	lds	r24, 0x01CD	; 0x8001cd <mode>
    5f30:	82 30       	cpi	r24, 0x02	; 2
    5f32:	09 f0       	breq	.+2      	; 0x5f36 <main+0x192e>
    5f34:	35 c3       	rjmp	.+1642   	; 0x65a0 <main+0x1f98>
/home/jgalera/develop/arduino/usdx/usdx_plus_orange/usdx_plus_orange.ino:1163
            filt = 4;
    5f36:	84 e0       	ldi	r24, 0x04	; 4
    5f38:	80 93 f1 05 	sts	0x05F1, r24	; 0x8005f1 <filt>
/home/jgalera/develop/arduino/usdx/usdx_plus_orange/usdx_plus_orange.ino:1164
            nr = 0;
    5f3c:	10 92 c5 01 	sts	0x01C5, r1	; 0x8001c5 <nr>
/home/jgalera/develop/arduino/usdx/usdx_plus_orange/usdx_plus_orange.ino:1167
          } else
            filt = 0;
          change = true;
    5f40:	81 e0       	ldi	r24, 0x01	; 1
    5f42:	80 93 c6 01 	sts	0x01C6, r24	; 0x8001c6 <change>
/home/jgalera/develop/arduino/usdx/usdx_plus_orange/usdx_plus_orange.ino:1170
        }
#ifdef RIT_ENABLE
        if (menu == RIT) {
    5f46:	80 91 f5 05 	lds	r24, 0x05F5	; 0x8005f5 <menu>
    5f4a:	87 30       	cpi	r24, 0x07	; 7
    5f4c:	69 f4       	brne	.+26     	; 0x5f68 <main+0x1960>
/home/jgalera/develop/arduino/usdx/usdx_plus_orange/usdx_plus_orange.ino:1171
          stepsize = (rit) ? STEP_10 : STEP_500;
    5f4e:	80 91 f2 05 	lds	r24, 0x05F2	; 0x8005f2 <rit>
    5f52:	90 91 f3 05 	lds	r25, 0x05F3	; 0x8005f3 <rit+0x1>
    5f56:	89 2b       	or	r24, r25
    5f58:	09 f4       	brne	.+2      	; 0x5f5c <main+0x1954>
    5f5a:	25 c3       	rjmp	.+1610   	; 0x65a6 <main+0x1f9e>
main():
    5f5c:	88 e0       	ldi	r24, 0x08	; 8
loop():
    5f5e:	80 93 c7 01 	sts	0x01C7, r24	; 0x8001c7 <stepsize>
/home/jgalera/develop/arduino/usdx/usdx_plus_orange/usdx_plus_orange.ino:1172
          change = true;
    5f62:	81 e0       	ldi	r24, 0x01	; 1
    5f64:	80 93 c6 01 	sts	0x01C6, r24	; 0x8001c6 <change>
/home/jgalera/develop/arduino/usdx/usdx_plus_orange/usdx_plus_orange.ino:1176
        }
#endif
        // if(menu == VOX){ if(vox){ vox_thresh-=1; } else { vox_thresh+=1; }; }
        if (menu == ATT) { // post-handling ATT parameter
    5f68:	80 91 f5 05 	lds	r24, 0x05F5	; 0x8005f5 <menu>
    5f6c:	8a 30       	cpi	r24, 0x0A	; 10
    5f6e:	c9 f5       	brne	.+114    	; 0x5fe2 <main+0x19da>
/home/jgalera/develop/arduino/usdx/usdx_plus_orange/usdx_plus_orange.ino:1178
          if (dsp_cap == SDR) {
            noInterrupts();
    5f70:	f8 94       	cli
/home/jgalera/develop/arduino/usdx/usdx_plus_orange/usdx_plus_orange.ino:1185
            adc_start(1, !(att & 0x01) /*true*/, F_ADC_CONV);
            admux[0] = ADMUX;
            adc_start(0, !(att & 0x01) /*true*/, F_ADC_CONV);
            admux[1] = ADMUX;
#else
            adc_start(0, !(att & 0x01) /*true*/, F_ADC_CONV);
    5f72:	60 91 ed 05 	lds	r22, 0x05ED	; 0x8005ed <att>
    5f76:	60 95       	com	r22
    5f78:	61 70       	andi	r22, 0x01	; 1
    5f7a:	29 e9       	ldi	r18, 0x99	; 153
    5f7c:	37 e7       	ldi	r19, 0x77	; 119
    5f7e:	41 e0       	ldi	r20, 0x01	; 1
    5f80:	50 e0       	ldi	r21, 0x00	; 0
    5f82:	80 e0       	ldi	r24, 0x00	; 0
    5f84:	0e 94 6f 05 	call	0xade	; 0xade <adc_start(unsigned char, bool, unsigned long)>
/home/jgalera/develop/arduino/usdx/usdx_plus_orange/usdx_plus_orange.ino:1186
            admux[0] = ADMUX;
    5f88:	80 91 7c 00 	lds	r24, 0x007C	; 0x80007c <__DATA_REGION_ORIGIN__+0x1c>
    5f8c:	80 93 ea 05 	sts	0x05EA, r24	; 0x8005ea <admux>
/home/jgalera/develop/arduino/usdx/usdx_plus_orange/usdx_plus_orange.ino:1187
            adc_start(1, !(att & 0x01) /*true*/, F_ADC_CONV);
    5f90:	60 91 ed 05 	lds	r22, 0x05ED	; 0x8005ed <att>
    5f94:	60 95       	com	r22
    5f96:	61 70       	andi	r22, 0x01	; 1
    5f98:	29 e9       	ldi	r18, 0x99	; 153
    5f9a:	37 e7       	ldi	r19, 0x77	; 119
    5f9c:	41 e0       	ldi	r20, 0x01	; 1
    5f9e:	50 e0       	ldi	r21, 0x00	; 0
    5fa0:	81 e0       	ldi	r24, 0x01	; 1
    5fa2:	0e 94 6f 05 	call	0xade	; 0xade <adc_start(unsigned char, bool, unsigned long)>
/home/jgalera/develop/arduino/usdx/usdx_plus_orange/usdx_plus_orange.ino:1188
            admux[1] = ADMUX;
    5fa6:	80 91 7c 00 	lds	r24, 0x007C	; 0x80007c <__DATA_REGION_ORIGIN__+0x1c>
    5faa:	80 93 eb 05 	sts	0x05EB, r24	; 0x8005eb <admux+0x1>
/home/jgalera/develop/arduino/usdx/usdx_plus_orange/usdx_plus_orange.ino:1190
#endif // SWAP_RX_IQ
            interrupts();
    5fae:	78 94       	sei
/home/jgalera/develop/arduino/usdx/usdx_plus_orange/usdx_plus_orange.ino:1193
          }
          digitalWrite(
              RX, !(att & 0x02)); // att bit 1 ON: attenuate -20dB by disabling
    5fb0:	60 91 ed 05 	lds	r22, 0x05ED	; 0x8005ed <att>
/home/jgalera/develop/arduino/usdx/usdx_plus_orange/usdx_plus_orange.ino:1192
            adc_start(1, !(att & 0x01) /*true*/, F_ADC_CONV);
            admux[1] = ADMUX;
#endif // SWAP_RX_IQ
            interrupts();
          }
          digitalWrite(
    5fb4:	66 95       	lsr	r22
    5fb6:	61 70       	andi	r22, 0x01	; 1
    5fb8:	81 e0       	ldi	r24, 0x01	; 1
    5fba:	68 27       	eor	r22, r24
    5fbc:	88 e0       	ldi	r24, 0x08	; 8
    5fbe:	0e 94 17 03 	call	0x62e	; 0x62e <digitalWrite>
/home/jgalera/develop/arduino/usdx/usdx_plus_orange/usdx_plus_orange.ino:1196
              RX, !(att & 0x02)); // att bit 1 ON: attenuate -20dB by disabling
                                  // RX line, switching Q5 (antenna input
                                  // switch) into 100k resistence
          pinMode(AUDIO1, (att & 0x04)
    5fc2:	60 91 ed 05 	lds	r22, 0x05ED	; 0x8005ed <att>
    5fc6:	62 fb       	bst	r22, 2
    5fc8:	66 27       	eor	r22, r22
    5fca:	60 f9       	bld	r22, 0
    5fcc:	8e e0       	ldi	r24, 0x0E	; 14
    5fce:	0e 94 45 03 	call	0x68a	; 0x68a <pinMode>
/home/jgalera/develop/arduino/usdx/usdx_plus_orange/usdx_plus_orange.ino:1200
                              ? OUTPUT
                              : INPUT); // att bit 2 ON: attenuate -40dB by
                                        // terminating ADC inputs with 10R
          pinMode(AUDIO2, (att & 0x04) ? OUTPUT : INPUT);
    5fd2:	60 91 ed 05 	lds	r22, 0x05ED	; 0x8005ed <att>
    5fd6:	62 fb       	bst	r22, 2
    5fd8:	66 27       	eor	r22, r22
    5fda:	60 f9       	bld	r22, 0
    5fdc:	8f e0       	ldi	r24, 0x0F	; 15
    5fde:	0e 94 45 03 	call	0x68a	; 0x68a <pinMode>
/home/jgalera/develop/arduino/usdx/usdx_plus_orange/usdx_plus_orange.ino:1202
        }
        if (menu == SIFXTAL) {
    5fe2:	80 91 f5 05 	lds	r24, 0x05F5	; 0x8005f5 <menu>
    5fe6:	85 32       	cpi	r24, 0x25	; 37
    5fe8:	19 f4       	brne	.+6      	; 0x5ff0 <main+0x19e8>
/home/jgalera/develop/arduino/usdx/usdx_plus_orange/usdx_plus_orange.ino:1203
          change = true;
    5fea:	81 e0       	ldi	r24, 0x01	; 1
    5fec:	80 93 c6 01 	sts	0x01C6, r24	; 0x8001c6 <change>
/home/jgalera/develop/arduino/usdx/usdx_plus_orange/usdx_plus_orange.ino:1206
        }
#ifdef TX_ENABLE
        if ((menu == PWM_MIN) || (menu == PWM_MAX)) {
    5ff0:	80 91 f5 05 	lds	r24, 0x05F5	; 0x8005f5 <menu>
    5ff4:	83 32       	cpi	r24, 0x23	; 35
    5ff6:	21 f0       	breq	.+8      	; 0x6000 <main+0x19f8>
    5ff8:	80 91 f5 05 	lds	r24, 0x05F5	; 0x8005f5 <menu>
    5ffc:	84 32       	cpi	r24, 0x24	; 36
    5ffe:	11 f4       	brne	.+4      	; 0x6004 <main+0x19fc>
/home/jgalera/develop/arduino/usdx/usdx_plus_orange/usdx_plus_orange.ino:1207
          build_lut();
    6000:	0e 94 81 11 	call	0x2302	; 0x2302 <build_lut()>
/home/jgalera/develop/arduino/usdx/usdx_plus_orange/usdx_plus_orange.ino:1210
        }
#endif
        if (menu == CWTONE) {
    6004:	80 91 f5 05 	lds	r24, 0x05F5	; 0x8005f5 <menu>
    6008:	8f 30       	cpi	r24, 0x0F	; 15
    600a:	a1 f4       	brne	.+40     	; 0x6034 <main+0x1a2c>
/home/jgalera/develop/arduino/usdx/usdx_plus_orange/usdx_plus_orange.ino:1212
          if (dsp_cap) {
            cw_offset = (cw_tone == 0) ? tones[0] : tones[1];
    600c:	80 91 b2 01 	lds	r24, 0x01B2	; 0x8001b2 <cw_tone>
    6010:	81 11       	cpse	r24, r1
    6012:	cb c2       	rjmp	.+1430   	; 0x65aa <main+0x1fa2>
main():
    6014:	80 e3       	ldi	r24, 0x30	; 48
    6016:	92 e0       	ldi	r25, 0x02	; 2
    6018:	a0 e0       	ldi	r26, 0x00	; 0
    601a:	b0 e0       	ldi	r27, 0x00	; 0
loop():
    601c:	80 93 e6 05 	sts	0x05E6, r24	; 0x8005e6 <cw_offset>
    6020:	90 93 e7 05 	sts	0x05E7, r25	; 0x8005e7 <cw_offset+0x1>
    6024:	a0 93 e8 05 	sts	0x05E8, r26	; 0x8005e8 <cw_offset+0x2>
    6028:	b0 93 e9 05 	sts	0x05E9, r27	; 0x8005e9 <cw_offset+0x3>
/home/jgalera/develop/arduino/usdx/usdx_plus_orange/usdx_plus_orange.ino:1213
            paramAction(SAVE, CWOFF);
    602c:	60 e1       	ldi	r22, 0x10	; 16
    602e:	84 e0       	ldi	r24, 0x04	; 4
    6030:	0e 94 d6 1d 	call	0x3bac	; 0x3bac <paramAction(unsigned char, unsigned char)>
/home/jgalera/develop/arduino/usdx/usdx_plus_orange/usdx_plus_orange.ino:1216
          }
        }
        if (menu == IQ_ADJ) {
    6034:	80 91 f5 05 	lds	r24, 0x05F5	; 0x8005f5 <menu>
    6038:	86 32       	cpi	r24, 0x26	; 38
    603a:	19 f4       	brne	.+6      	; 0x6042 <main+0x1a3a>
/home/jgalera/develop/arduino/usdx/usdx_plus_orange/usdx_plus_orange.ino:1217
          change = true;
    603c:	81 e0       	ldi	r24, 0x01	; 1
    603e:	80 93 c6 01 	sts	0x01C6, r24	; 0x8001c6 <change>
/home/jgalera/develop/arduino/usdx/usdx_plus_orange/usdx_plus_orange.ino:1227
            calibrate_iq();
          menu = 0;
        }
#endif
#ifdef KEYER
        if (menu == KEY_WPM) {
    6042:	80 91 f5 05 	lds	r24, 0x05F5	; 0x8005f5 <menu>
    6046:	82 31       	cpi	r24, 0x12	; 18
    6048:	f1 f4       	brne	.+60     	; 0x6086 <main+0x1a7e>
loadWPM():
/home/jgalera/develop/arduino/usdx/usdx_plus_orange/src/core/core.cpp:65
  }
}

void loadWPM(int wpm) {
#if (F_MCU != 20000000)
  ditTime = (1200ULL * F_MCU / 16000000) / wpm;
    604a:	b0 90 b1 01 	lds	r11, 0x01B1	; 0x8001b1 <keyer_speed+0x1>
    604e:	a0 90 b0 01 	lds	r10, 0x01B0	; 0x8001b0 <keyer_speed>
    6052:	1b 2d       	mov	r17, r11
    6054:	11 0f       	add	r17, r17
    6056:	11 0b       	sbc	r17, r17
    6058:	c1 2e       	mov	r12, r17
    605a:	d1 2e       	mov	r13, r17
    605c:	e1 2e       	mov	r14, r17
    605e:	f1 2e       	mov	r15, r17
    6060:	01 2f       	mov	r16, r17
    6062:	20 eb       	ldi	r18, 0xB0	; 176
    6064:	34 e0       	ldi	r19, 0x04	; 4
    6066:	40 e0       	ldi	r20, 0x00	; 0
    6068:	50 e0       	ldi	r21, 0x00	; 0
    606a:	60 e0       	ldi	r22, 0x00	; 0
    606c:	70 e0       	ldi	r23, 0x00	; 0
    606e:	80 e0       	ldi	r24, 0x00	; 0
    6070:	90 e0       	ldi	r25, 0x00	; 0
    6072:	0e 94 51 3a 	call	0x74a2	; 0x74a2 <__udivdi3>
    6076:	20 93 fc 05 	sts	0x05FC, r18	; 0x8005fc <ditTime>
    607a:	30 93 fd 05 	sts	0x05FD, r19	; 0x8005fd <ditTime+0x1>
    607e:	40 93 fe 05 	sts	0x05FE, r20	; 0x8005fe <ditTime+0x2>
    6082:	50 93 ff 05 	sts	0x05FF, r21	; 0x8005ff <ditTime+0x3>
loop():
/home/jgalera/develop/arduino/usdx/usdx_plus_orange/usdx_plus_orange.ino:1230
          loadWPM(keyer_speed);
        }
        if (menu == KEY_MODE) {
    6086:	80 91 f5 05 	lds	r24, 0x05F5	; 0x8005f5 <menu>
    608a:	83 31       	cpi	r24, 0x13	; 19
    608c:	31 f4       	brne	.+12     	; 0x609a <main+0x1a92>
/home/jgalera/develop/arduino/usdx/usdx_plus_orange/usdx_plus_orange.ino:1231
          if (keyer_mode == 0) {
    608e:	80 91 ca 01 	lds	r24, 0x01CA	; 0x8001ca <keyer_mode>
    6092:	81 11       	cpse	r24, r1
    6094:	8f c2       	rjmp	.+1310   	; 0x65b4 <main+0x1fac>
/home/jgalera/develop/arduino/usdx/usdx_plus_orange/usdx_plus_orange.ino:1232
            keyerControl = IAMBICA;
    6096:	10 92 04 06 	sts	0x0604, r1	; 0x800604 <keyerControl>
/home/jgalera/develop/arduino/usdx/usdx_plus_orange/usdx_plus_orange.ino:1276
      }
#endif
    }
  }

  if (menumode == 0) {
    609a:	80 91 06 06 	lds	r24, 0x0606	; 0x800606 <menumode>
    609e:	81 11       	cpse	r24, r1
    60a0:	52 c0       	rjmp	.+164    	; 0x6146 <main+0x1b3e>
/home/jgalera/develop/arduino/usdx/usdx_plus_orange/usdx_plus_orange.ino:1277
    if (encoder_val) { // process encoder tuning steps
    60a2:	80 91 19 06 	lds	r24, 0x0619	; 0x800619 <encoder_val>
    60a6:	88 23       	and	r24, r24
    60a8:	09 f4       	brne	.+2      	; 0x60ac <main+0x1aa4>
    60aa:	4d c0       	rjmp	.+154    	; 0x6146 <main+0x1b3e>
/home/jgalera/develop/arduino/usdx/usdx_plus_orange/usdx_plus_orange.ino:1278
      process_encoder_tuning_step(encoder_val);
    60ac:	a0 91 19 06 	lds	r26, 0x0619	; 0x800619 <encoder_val>
process_encoder_tuning_step():
/home/jgalera/develop/arduino/usdx/usdx_plus_orange/src/core/core.cpp:576
                          1000,     500,     100,    10,     1};
volatile uint8_t stepsize = STEP_1k;
uint8_t prev_stepsize[] = {STEP_1k, STEP_500};

void process_encoder_tuning_step(int8_t steps) {
  int32_t stepval = stepsizes[stepsize];
    60b0:	e0 91 c7 01 	lds	r30, 0x01C7	; 0x8001c7 <stepsize>
    60b4:	b4 e0       	ldi	r27, 0x04	; 4
    60b6:	eb 9f       	mul	r30, r27
    60b8:	f0 01       	movw	r30, r0
    60ba:	11 24       	eor	r1, r1
    60bc:	e8 50       	subi	r30, 0x08	; 8
    60be:	fe 4f       	sbci	r31, 0xFE	; 254
    60c0:	20 81       	ld	r18, Z
    60c2:	31 81       	ldd	r19, Z+1	; 0x01
    60c4:	42 81       	ldd	r20, Z+2	; 0x02
    60c6:	53 81       	ldd	r21, Z+3	; 0x03
/home/jgalera/develop/arduino/usdx/usdx_plus_orange/src/core/core.cpp:577
  if (rit) {
    60c8:	80 91 f2 05 	lds	r24, 0x05F2	; 0x8005f2 <rit>
    60cc:	90 91 f3 05 	lds	r25, 0x05F3	; 0x8005f3 <rit+0x1>
    60d0:	89 2b       	or	r24, r25
    60d2:	09 f4       	brne	.+2      	; 0x60d6 <main+0x1ace>
    60d4:	7b c2       	rjmp	.+1270   	; 0x65cc <main+0x1fc4>
/home/jgalera/develop/arduino/usdx/usdx_plus_orange/src/core/core.cpp:578
    rit += steps * stepval;
    60d6:	60 91 f2 05 	lds	r22, 0x05F2	; 0x8005f2 <rit>
    60da:	70 91 f3 05 	lds	r23, 0x05F3	; 0x8005f3 <rit+0x1>
    60de:	0a 2e       	mov	r0, r26
    60e0:	00 0c       	add	r0, r0
    60e2:	bb 0b       	sbc	r27, r27
    60e4:	a2 9f       	mul	r26, r18
    60e6:	c0 01       	movw	r24, r0
    60e8:	a3 9f       	mul	r26, r19
    60ea:	90 0d       	add	r25, r0
    60ec:	b2 9f       	mul	r27, r18
    60ee:	90 0d       	add	r25, r0
    60f0:	11 24       	eor	r1, r1
    60f2:	86 0f       	add	r24, r22
    60f4:	97 1f       	adc	r25, r23
    60f6:	90 93 f3 05 	sts	0x05F3, r25	; 0x8005f3 <rit+0x1>
    60fa:	80 93 f2 05 	sts	0x05F2, r24	; 0x8005f2 <rit>
/home/jgalera/develop/arduino/usdx/usdx_plus_orange/src/core/core.cpp:579
    rit = max(-9999, min(9999, rit));
    60fe:	8f e0       	ldi	r24, 0x0F	; 15
    6100:	97 e2       	ldi	r25, 0x27	; 39
    6102:	9a 83       	std	Y+2, r25	; 0x02
    6104:	89 83       	std	Y+1, r24	; 0x01
_Z3minIiViEDTqultfp0_fp_fp0_fp_ERKT_RKT0_():
/home/jgalera/.arduino15/packages/MiniCore/hardware/avr/3.1.1/cores/MCUdude_corefiles/Arduino.h:315
    6106:	80 91 f2 05 	lds	r24, 0x05F2	; 0x8005f2 <rit>
    610a:	90 91 f3 05 	lds	r25, 0x05F3	; 0x8005f3 <rit+0x1>
    610e:	8f 30       	cpi	r24, 0x0F	; 15
    6110:	97 42       	sbci	r25, 0x27	; 39
    6112:	0c f0       	brlt	.+2      	; 0x6116 <main+0x1b0e>
    6114:	58 c2       	rjmp	.+1200   	; 0x65c6 <main+0x1fbe>
main():
    6116:	e2 ef       	ldi	r30, 0xF2	; 242
    6118:	f5 e0       	ldi	r31, 0x05	; 5
process_encoder_tuning_step():
/home/jgalera/develop/arduino/usdx/usdx_plus_orange/src/core/core.cpp:579
    611a:	81 ef       	ldi	r24, 0xF1	; 241
    611c:	98 ed       	ldi	r25, 0xD8	; 216
    611e:	9a 87       	std	Y+10, r25	; 0x0a
    6120:	89 87       	std	Y+9, r24	; 0x09
_Z3maxIiViEDTqultfp0_fp_fp0_fp_ERKT_RKT0_():
/home/jgalera/.arduino15/packages/MiniCore/hardware/avr/3.1.1/cores/MCUdude_corefiles/Arduino.h:320
	}

	template<class T, class L>
	auto max(const T& a, const L& b) -> decltype((b < a) ? b : a) {
		return (a < b) ? b : a;
    6122:	80 81       	ld	r24, Z
    6124:	91 81       	ldd	r25, Z+1	; 0x01
    6126:	82 3f       	cpi	r24, 0xF2	; 242
    6128:	98 4d       	sbci	r25, 0xD8	; 216
    612a:	14 f4       	brge	.+4      	; 0x6130 <main+0x1b28>
main():
    612c:	fe 01       	movw	r30, r28
    612e:	39 96       	adiw	r30, 0x09	; 9
process_encoder_tuning_step():
/home/jgalera/develop/arduino/usdx/usdx_plus_orange/src/core/core.cpp:579
    6130:	80 81       	ld	r24, Z
    6132:	91 81       	ldd	r25, Z+1	; 0x01
    6134:	90 93 f3 05 	sts	0x05F3, r25	; 0x8005f3 <rit+0x1>
    6138:	80 93 f2 05 	sts	0x05F2, r24	; 0x8005f2 <rit>
/home/jgalera/develop/arduino/usdx/usdx_plus_orange/src/core/core.cpp:584
  } else {
    freq += steps * stepval;
    freq = max(1, min(999999999, freq));
  }
  change = true;
    613c:	81 e0       	ldi	r24, 0x01	; 1
    613e:	80 93 c6 01 	sts	0x01C6, r24	; 0x8001c6 <change>
loop():
/home/jgalera/develop/arduino/usdx/usdx_plus_orange/usdx_plus_orange.ino:1279
      encoder_val = 0;
    6142:	10 92 19 06 	sts	0x0619, r1	; 0x800619 <encoder_val>
/home/jgalera/develop/arduino/usdx/usdx_plus_orange/usdx_plus_orange.ino:1283
    }
  }

  if ((change) && (!tx) && (!vox_tx)) { // only change if TX is OFF, prevent
    6146:	80 91 c6 01 	lds	r24, 0x01C6	; 0x8001c6 <change>
    614a:	88 23       	and	r24, r24
    614c:	09 f4       	brne	.+2      	; 0x6150 <main+0x1b48>
    614e:	99 c1       	rjmp	.+818    	; 0x6482 <main+0x1e7a>
    6150:	80 91 0b 06 	lds	r24, 0x060B	; 0x80060b <tx>
    6154:	81 11       	cpse	r24, r1
    6156:	95 c1       	rjmp	.+810    	; 0x6482 <main+0x1e7a>
    6158:	80 91 0c 06 	lds	r24, 0x060C	; 0x80060c <vox_tx>
    615c:	81 11       	cpse	r24, r1
    615e:	91 c1       	rjmp	.+802    	; 0x6482 <main+0x1e7a>
/home/jgalera/develop/arduino/usdx/usdx_plus_orange/usdx_plus_orange.ino:1285
                                        // simultaneous I2C bus access
    change = false;
    6160:	10 92 c6 01 	sts	0x01C6, r1	; 0x8001c6 <change>
/home/jgalera/develop/arduino/usdx/usdx_plus_orange/usdx_plus_orange.ino:1286
    if (prev_bandval != bandval) {
    6164:	80 91 b4 01 	lds	r24, 0x01B4	; 0x8001b4 <bandval>
    6168:	90 91 af 01 	lds	r25, 0x01AF	; 0x8001af <prev_bandval>
    616c:	98 17       	cp	r25, r24
    616e:	a1 f0       	breq	.+40     	; 0x6198 <main+0x1b90>
/home/jgalera/develop/arduino/usdx/usdx_plus_orange/usdx_plus_orange.ino:1287
      freq = band[bandval];
    6170:	64 e0       	ldi	r22, 0x04	; 4
    6172:	86 9f       	mul	r24, r22
    6174:	f0 01       	movw	r30, r0
    6176:	11 24       	eor	r1, r1
    6178:	e0 5e       	subi	r30, 0xE0	; 224
    617a:	fd 4f       	sbci	r31, 0xFD	; 253
    617c:	40 81       	ld	r20, Z
    617e:	51 81       	ldd	r21, Z+1	; 0x01
    6180:	62 81       	ldd	r22, Z+2	; 0x02
    6182:	73 81       	ldd	r23, Z+3	; 0x03
    6184:	40 93 b5 01 	sts	0x01B5, r20	; 0x8001b5 <freq>
    6188:	50 93 b6 01 	sts	0x01B6, r21	; 0x8001b6 <freq+0x1>
    618c:	60 93 b7 01 	sts	0x01B7, r22	; 0x8001b7 <freq+0x2>
    6190:	70 93 b8 01 	sts	0x01B8, r23	; 0x8001b8 <freq+0x3>
/home/jgalera/develop/arduino/usdx/usdx_plus_orange/usdx_plus_orange.ino:1288
      prev_bandval = bandval;
    6194:	80 93 af 01 	sts	0x01AF, r24	; 0x8001af <prev_bandval>
/home/jgalera/develop/arduino/usdx/usdx_plus_orange/usdx_plus_orange.ino:1290
    }
    vfo[vfosel % 2] = freq;
    6198:	80 91 b5 01 	lds	r24, 0x01B5	; 0x8001b5 <freq>
    619c:	90 91 b6 01 	lds	r25, 0x01B6	; 0x8001b6 <freq+0x1>
    61a0:	a0 91 b7 01 	lds	r26, 0x01B7	; 0x8001b7 <freq+0x2>
    61a4:	b0 91 b8 01 	lds	r27, 0x01B8	; 0x8001b8 <freq+0x3>
    61a8:	20 91 f0 05 	lds	r18, 0x05F0	; 0x8005f0 <vfosel>
    61ac:	21 70       	andi	r18, 0x01	; 1
    61ae:	2b 8f       	std	Y+27, r18	; 0x1b
    61b0:	1c 8e       	std	Y+28, r1	; 0x1c
    61b2:	eb 8d       	ldd	r30, Y+27	; 0x1b
    61b4:	fc 8d       	ldd	r31, Y+28	; 0x1c
    61b6:	ee 0f       	add	r30, r30
    61b8:	ff 1f       	adc	r31, r31
    61ba:	ee 0f       	add	r30, r30
    61bc:	ff 1f       	adc	r31, r31
    61be:	e7 54       	subi	r30, 0x47	; 71
    61c0:	fe 4f       	sbci	r31, 0xFE	; 254
    61c2:	80 83       	st	Z, r24
    61c4:	91 83       	std	Z+1, r25	; 0x01
    61c6:	a2 83       	std	Z+2, r26	; 0x02
    61c8:	b3 83       	std	Z+3, r27	; 0x03
/home/jgalera/develop/arduino/usdx/usdx_plus_orange/usdx_plus_orange.ino:1292
    save_event_time =
        millis() + 1000; // schedule time to save freq (no save while tuning,
    61ca:	0e 94 f9 03 	call	0x7f2	; 0x7f2 <millis>
    61ce:	68 51       	subi	r22, 0x18	; 24
    61d0:	7c 4f       	sbci	r23, 0xFC	; 252
    61d2:	8f 4f       	sbci	r24, 0xFF	; 255
    61d4:	9f 4f       	sbci	r25, 0xFF	; 255
/home/jgalera/develop/arduino/usdx/usdx_plus_orange/usdx_plus_orange.ino:1291
    if (prev_bandval != bandval) {
      freq = band[bandval];
      prev_bandval = bandval;
    }
    vfo[vfosel % 2] = freq;
    save_event_time =
    61d6:	60 93 e2 05 	sts	0x05E2, r22	; 0x8005e2 <save_event_time>
    61da:	70 93 e3 05 	sts	0x05E3, r23	; 0x8005e3 <save_event_time+0x1>
    61de:	80 93 e4 05 	sts	0x05E4, r24	; 0x8005e4 <save_event_time+0x2>
    61e2:	90 93 e5 05 	sts	0x05E5, r25	; 0x8005e5 <save_event_time+0x3>
/home/jgalera/develop/arduino/usdx/usdx_plus_orange/usdx_plus_orange.ino:1295
        millis() + 1000; // schedule time to save freq (no save while tuning,
                         // hence no EEPROM wear out)

    if (menumode == 0) {
    61e6:	80 91 06 06 	lds	r24, 0x0606	; 0x800606 <menumode>
    61ea:	81 11       	cpse	r24, r1
    61ec:	b5 c0       	rjmp	.+362    	; 0x6358 <main+0x1d50>
/home/jgalera/develop/arduino/usdx/usdx_plus_orange/usdx_plus_orange.ino:1296
      display_vfo(freq);
    61ee:	c0 90 b5 01 	lds	r12, 0x01B5	; 0x8001b5 <freq>
    61f2:	d0 90 b6 01 	lds	r13, 0x01B6	; 0x8001b6 <freq+0x1>
    61f6:	e0 90 b7 01 	lds	r14, 0x01B7	; 0x8001b7 <freq+0x2>
    61fa:	f0 90 b8 01 	lds	r15, 0x01B8	; 0x8001b8 <freq+0x3>
_ZN3LCD9setCursorEhh():
/home/jgalera/develop/arduino/usdx/usdx_plus_orange/src/driver/display.h:190
#ifdef CONDENSED
  void setCursor(uint8_t x, uint8_t y) {
    cmd(0x80 | (x + (uint8_t[]){0x00, 0x40, 0x00 + 20, 0x40 + 20}[y]));
  }
#else
  void setCursor(uint8_t x, uint8_t y) { cmd(0x80 | (x + y * 0x40)); }
    61fe:	80 ec       	ldi	r24, 0xC0	; 192
    6200:	0e 94 73 11 	call	0x22e6	; 0x22e6 <LCD::cmd(unsigned char) [clone .isra.3] [clone .lto_priv.35]>
display_vfo():
/home/jgalera/develop/arduino/usdx/usdx_plus_orange/src/core/core.cpp:671

void display_vfo(int32_t f) {
  lcd.setCursor(0, 1);
  lcd.print((rit)                                       ? ' '
            : ((vfosel % 2) | ((vfosel == SPLIT) & tx)) ? '\x07'
                                                        : '\x06');
    6204:	80 91 f2 05 	lds	r24, 0x05F2	; 0x8005f2 <rit>
    6208:	90 91 f3 05 	lds	r25, 0x05F3	; 0x8005f3 <rit+0x1>
main():
/home/jgalera/develop/arduino/usdx/usdx_plus_orange/src/core/core.cpp:669
const char *vfosel_label[] = {"A", "B"};
const char *mode_label[5] = {"LSB", "USB", "CW ", "FM ", "AM "};

void display_vfo(int32_t f) {
  lcd.setCursor(0, 1);
  lcd.print((rit)                                       ? ' '
    620c:	60 e2       	ldi	r22, 0x20	; 32
display_vfo():
    620e:	89 2b       	or	r24, r25
    6210:	d1 f4       	brne	.+52     	; 0x6246 <main+0x1c3e>
/home/jgalera/develop/arduino/usdx/usdx_plus_orange/src/core/core.cpp:670
            : ((vfosel % 2) | ((vfosel == SPLIT) & tx)) ? '\x07'
    6212:	40 91 f0 05 	lds	r20, 0x05F0	; 0x8005f0 <vfosel>
    6216:	30 91 f0 05 	lds	r19, 0x05F0	; 0x8005f0 <vfosel>
    621a:	20 91 0b 06 	lds	r18, 0x060B	; 0x80060b <tx>
    621e:	81 e0       	ldi	r24, 0x01	; 1
    6220:	90 e0       	ldi	r25, 0x00	; 0
    6222:	32 30       	cpi	r19, 0x02	; 2
    6224:	11 f0       	breq	.+4      	; 0x622a <main+0x1c22>
    6226:	90 e0       	ldi	r25, 0x00	; 0
    6228:	80 e0       	ldi	r24, 0x00	; 0
    622a:	30 e0       	ldi	r19, 0x00	; 0
    622c:	82 23       	and	r24, r18
    622e:	93 23       	and	r25, r19
    6230:	41 70       	andi	r20, 0x01	; 1
    6232:	4d 8f       	std	Y+29, r20	; 0x1d
    6234:	1e 8e       	std	Y+30, r1	; 0x1e
    6236:	ad 8d       	ldd	r26, Y+29	; 0x1d
    6238:	be 8d       	ldd	r27, Y+30	; 0x1e
    623a:	8a 2b       	or	r24, r26
    623c:	9b 2b       	or	r25, r27
main():
    623e:	67 e0       	ldi	r22, 0x07	; 7
display_vfo():
    6240:	89 2b       	or	r24, r25
    6242:	09 f4       	brne	.+2      	; 0x6246 <main+0x1c3e>
main():
    6244:	66 e0       	ldi	r22, 0x06	; 6
display_vfo():
/home/jgalera/develop/arduino/usdx/usdx_plus_orange/src/core/core.cpp:669
const char *vfosel_label[] = {"A", "B"};
const char *mode_label[5] = {"LSB", "USB", "CW ", "FM ", "AM "};

void display_vfo(int32_t f) {
  lcd.setCursor(0, 1);
  lcd.print((rit)                                       ? ' '
    6246:	87 eb       	ldi	r24, 0xB7	; 183
    6248:	96 e0       	ldi	r25, 0x06	; 6
    624a:	0e 94 05 04 	call	0x80a	; 0x80a <Print::print(char)>
/home/jgalera/develop/arduino/usdx/usdx_plus_orange/src/core/core.cpp:674
            : ((vfosel % 2) | ((vfosel == SPLIT) & tx)) ? '\x07'
                                                        : '\x06');

  int32_t scale = 10e6;
  if (rit) {
    624e:	80 91 f2 05 	lds	r24, 0x05F2	; 0x8005f2 <rit>
    6252:	90 91 f3 05 	lds	r25, 0x05F3	; 0x8005f3 <rit+0x1>
    6256:	89 2b       	or	r24, r25
    6258:	09 f4       	brne	.+2      	; 0x625c <main+0x1c54>
    625a:	08 c2       	rjmp	.+1040   	; 0x666c <main+0x2064>
/home/jgalera/develop/arduino/usdx/usdx_plus_orange/src/core/core.cpp:675
    f = rit;
    625c:	c0 90 f2 05 	lds	r12, 0x05F2	; 0x8005f2 <rit>
    6260:	d0 90 f3 05 	lds	r13, 0x05F3	; 0x8005f3 <rit+0x1>
    6264:	0d 2c       	mov	r0, r13
    6266:	00 0c       	add	r0, r0
    6268:	ee 08       	sbc	r14, r14
    626a:	ff 08       	sbc	r15, r15
/home/jgalera/develop/arduino/usdx/usdx_plus_orange/src/core/core.cpp:677
    scale = 1e3;
    lcd.print(F("RIT "));
    626c:	8f e0       	ldi	r24, 0x0F	; 15
    626e:	92 e0       	ldi	r25, 0x02	; 2
    6270:	0e 94 ae 18 	call	0x315c	; 0x315c <Print::print(__FlashStringHelper const*) [clone .constprop.23]>
/home/jgalera/develop/arduino/usdx/usdx_plus_orange/src/core/core.cpp:678
    lcd.print(rit < 0 ? '-' : '+');
    6274:	80 91 f2 05 	lds	r24, 0x05F2	; 0x8005f2 <rit>
    6278:	90 91 f3 05 	lds	r25, 0x05F3	; 0x8005f3 <rit+0x1>
main():
    627c:	6d e2       	ldi	r22, 0x2D	; 45
display_vfo():
    627e:	97 ff       	sbrs	r25, 7
main():
    6280:	6b e2       	ldi	r22, 0x2B	; 43
display_vfo():
    6282:	87 eb       	ldi	r24, 0xB7	; 183
    6284:	96 e0       	ldi	r25, 0x06	; 6
    6286:	0e 94 05 04 	call	0x80a	; 0x80a <Print::print(char)>
main():
/home/jgalera/develop/arduino/usdx/usdx_plus_orange/src/core/core.cpp:676
                                                        : '\x06');

  int32_t scale = 10e6;
  if (rit) {
    f = rit;
    scale = 1e3;
    628a:	78 ee       	ldi	r23, 0xE8	; 232
    628c:	87 2e       	mov	r8, r23
    628e:	73 e0       	ldi	r23, 0x03	; 3
    6290:	97 2e       	mov	r9, r23
    6292:	a1 2c       	mov	r10, r1
    6294:	b1 2c       	mov	r11, r1
_Z3absIlEDTqugtfp_Li0Efp_ngfp_ERKT_():
/home/jgalera/.arduino15/packages/MiniCore/hardware/avr/3.1.1/cores/MCUdude_corefiles/Arduino.h:310
#endif

#ifdef __cplusplus
	template<class T>
	auto abs(const T& x) -> decltype(x > 0 ? x : -x) {
		return x > 0 ? x : -x;
    6296:	c7 01       	movw	r24, r14
    6298:	b6 01       	movw	r22, r12
    629a:	a5 01       	movw	r20, r10
    629c:	94 01       	movw	r18, r8
    629e:	0e 94 c8 39 	call	0x7390	; 0x7390 <__divmodsi4>
    62a2:	1b 01       	movw	r2, r22
    62a4:	8c 01       	movw	r16, r24
    62a6:	57 ff       	sbrs	r21, 7
    62a8:	07 c0       	rjmp	.+14     	; 0x62b8 <main+0x1cb0>
    62aa:	50 95       	com	r21
    62ac:	40 95       	com	r20
    62ae:	30 95       	com	r19
    62b0:	21 95       	neg	r18
    62b2:	3f 4f       	sbci	r19, 0xFF	; 255
    62b4:	4f 4f       	sbci	r20, 0xFF	; 255
    62b6:	5f 4f       	sbci	r21, 0xFF	; 255
display_vfo():
/home/jgalera/develop/arduino/usdx/usdx_plus_orange/src/core/core.cpp:686
      lcd.print(' ');
      scale /= 10;
    }
  }
  for (; scale != 1; f %= scale, scale /= 10) {
    lcd.print(abs(f / scale));
    62b8:	ba 01       	movw	r22, r20
    62ba:	a9 01       	movw	r20, r18
    62bc:	87 eb       	ldi	r24, 0xB7	; 183
    62be:	96 e0       	ldi	r25, 0x06	; 6
    62c0:	0e 94 be 19 	call	0x337c	; 0x337c <Print::print(long, int) [clone .constprop.22]>
/home/jgalera/develop/arduino/usdx/usdx_plus_orange/src/core/core.cpp:687
    if (scale == (int32_t)1e3 || scale == (int32_t)1e6)
    62c4:	b8 ee       	ldi	r27, 0xE8	; 232
    62c6:	8b 16       	cp	r8, r27
    62c8:	b3 e0       	ldi	r27, 0x03	; 3
    62ca:	9b 06       	cpc	r9, r27
    62cc:	a1 04       	cpc	r10, r1
    62ce:	b1 04       	cpc	r11, r1
    62d0:	41 f0       	breq	.+16     	; 0x62e2 <main+0x1cda>
    62d2:	e0 e4       	ldi	r30, 0x40	; 64
    62d4:	8e 16       	cp	r8, r30
    62d6:	e2 e4       	ldi	r30, 0x42	; 66
    62d8:	9e 06       	cpc	r9, r30
    62da:	ef e0       	ldi	r30, 0x0F	; 15
    62dc:	ae 06       	cpc	r10, r30
    62de:	b1 04       	cpc	r11, r1
    62e0:	29 f4       	brne	.+10     	; 0x62ec <main+0x1ce4>
/home/jgalera/develop/arduino/usdx/usdx_plus_orange/src/core/core.cpp:688
      lcd.print(',');
    62e2:	6c e2       	ldi	r22, 0x2C	; 44
    62e4:	87 eb       	ldi	r24, 0xB7	; 183
    62e6:	96 e0       	ldi	r25, 0x06	; 6
    62e8:	0e 94 05 04 	call	0x80a	; 0x80a <Print::print(char)>
/home/jgalera/develop/arduino/usdx/usdx_plus_orange/src/core/core.cpp:685
    if (f / scale == 0) {
      lcd.print(' ');
      scale /= 10;
    }
  }
  for (; scale != 1; f %= scale, scale /= 10) {
    62ec:	61 01       	movw	r12, r2
    62ee:	78 01       	movw	r14, r16
    62f0:	c5 01       	movw	r24, r10
    62f2:	b4 01       	movw	r22, r8
    62f4:	a3 01       	movw	r20, r6
    62f6:	92 01       	movw	r18, r4
    62f8:	0e 94 c8 39 	call	0x7390	; 0x7390 <__divmodsi4>
    62fc:	49 01       	movw	r8, r18
    62fe:	5a 01       	movw	r10, r20
    6300:	f1 e0       	ldi	r31, 0x01	; 1
    6302:	8f 16       	cp	r8, r31
    6304:	91 04       	cpc	r9, r1
    6306:	a1 04       	cpc	r10, r1
    6308:	b1 04       	cpc	r11, r1
    630a:	29 f6       	brne	.-118    	; 0x6296 <main+0x1c8e>
/home/jgalera/develop/arduino/usdx/usdx_plus_orange/src/core/core.cpp:691
    lcd.print(abs(f / scale));
    if (scale == (int32_t)1e3 || scale == (int32_t)1e6)
      lcd.print(',');
  }

  lcd.print(' ');
    630c:	60 e2       	ldi	r22, 0x20	; 32
    630e:	87 eb       	ldi	r24, 0xB7	; 183
    6310:	96 e0       	ldi	r25, 0x06	; 6
    6312:	0e 94 05 04 	call	0x80a	; 0x80a <Print::print(char)>
/home/jgalera/develop/arduino/usdx/usdx_plus_orange/src/core/core.cpp:692
  lcd.print(mode_label[mode]);
    6316:	e0 91 cd 01 	lds	r30, 0x01CD	; 0x8001cd <mode>
    631a:	f0 e0       	ldi	r31, 0x00	; 0
    631c:	ee 0f       	add	r30, r30
    631e:	ff 1f       	adc	r31, r31
    6320:	ed 58       	subi	r30, 0x8D	; 141
    6322:	fe 4f       	sbci	r31, 0xFE	; 254
    6324:	60 81       	ld	r22, Z
    6326:	71 81       	ldd	r23, Z+1	; 0x01
    6328:	87 eb       	ldi	r24, 0xB7	; 183
    632a:	96 e0       	ldi	r25, 0x06	; 6
    632c:	0e 94 2e 1a 	call	0x345c	; 0x345c <Print::print(char const*)>
/home/jgalera/develop/arduino/usdx/usdx_plus_orange/src/core/core.cpp:693
  lcd.print(' ');
    6330:	60 e2       	ldi	r22, 0x20	; 32
    6332:	87 eb       	ldi	r24, 0xB7	; 183
    6334:	96 e0       	ldi	r25, 0x06	; 6
    6336:	0e 94 05 04 	call	0x80a	; 0x80a <Print::print(char)>
_ZN3LCD9setCursorEhh():
/home/jgalera/develop/arduino/usdx/usdx_plus_orange/src/driver/display.h:190
    633a:	8f ec       	ldi	r24, 0xCF	; 207
    633c:	0e 94 73 11 	call	0x22e6	; 0x22e6 <LCD::cmd(unsigned char) [clone .isra.3] [clone .lto_priv.35]>
display_vfo():
/home/jgalera/develop/arduino/usdx/usdx_plus_orange/src/core/core.cpp:695
  lcd.setCursor(15, 1);
  lcd.print((vox) ? 'V' : 'R');
    6340:	80 91 0d 06 	lds	r24, 0x060D	; 0x80060d <vox>
main():
    6344:	66 e5       	ldi	r22, 0x56	; 86
display_vfo():
    6346:	81 11       	cpse	r24, r1
    6348:	01 c0       	rjmp	.+2      	; 0x634c <main+0x1d44>
main():
    634a:	62 e5       	ldi	r22, 0x52	; 82
display_vfo():
    634c:	87 eb       	ldi	r24, 0xB7	; 183
    634e:	96 e0       	ldi	r25, 0x06	; 6
    6350:	0e 94 05 04 	call	0x80a	; 0x80a <Print::print(char)>
loop():
/home/jgalera/develop/arduino/usdx/usdx_plus_orange/usdx_plus_orange.ino:1297
      stepsize_showcursor();
    6354:	0e 94 a2 11 	call	0x2344	; 0x2344 <stepsize_showcursor()>
/home/jgalera/develop/arduino/usdx/usdx_plus_orange/usdx_plus_orange.ino:1309
      // si5351.SendRegister(SI_CLK_OE, TX1RX1);
      // digitalWrite(SIG_OUT, HIGH);  // inject CLK2 on antenna input via 120K
    }

    // noInterrupts();
    uint8_t f = freq / 1000000UL;
    6358:	60 91 b5 01 	lds	r22, 0x01B5	; 0x8001b5 <freq>
    635c:	70 91 b6 01 	lds	r23, 0x01B6	; 0x8001b6 <freq+0x1>
    6360:	80 91 b7 01 	lds	r24, 0x01B7	; 0x8001b7 <freq+0x2>
    6364:	90 91 b8 01 	lds	r25, 0x01B8	; 0x8001b8 <freq+0x3>
    6368:	20 e4       	ldi	r18, 0x40	; 64
    636a:	32 e4       	ldi	r19, 0x42	; 66
    636c:	4f e0       	ldi	r20, 0x0F	; 15
    636e:	50 e0       	ldi	r21, 0x00	; 0
    6370:	0e 94 a6 39 	call	0x734c	; 0x734c <__udivmodsi4>
    6374:	12 2f       	mov	r17, r18
main():
/home/jgalera/develop/arduino/usdx/usdx_plus_orange/src/hardware/io_expander.cpp:131

static uint8_t prev_lpf_io = 0xff;
void set_lpf(uint8_t f) {
#ifdef LPF_SWITCHING_DL2MAN_USDX_REV3
  uint8_t lpf_io = (f > 26)   ? IO1_3
    6376:	0b e0       	ldi	r16, 0x0B	; 11
set_lpf():
    6378:	2b 31       	cpi	r18, 0x1B	; 27
    637a:	98 f4       	brcc	.+38     	; 0x63a2 <main+0x1d9a>
main():
    637c:	0c e0       	ldi	r16, 0x0C	; 12
set_lpf():
    637e:	25 31       	cpi	r18, 0x15	; 21
    6380:	80 f4       	brcc	.+32     	; 0x63a2 <main+0x1d9a>
main():
    6382:	0a e0       	ldi	r16, 0x0A	; 10
set_lpf():
    6384:	22 31       	cpi	r18, 0x12	; 18
    6386:	68 f4       	brcc	.+26     	; 0x63a2 <main+0x1d9a>
main():
    6388:	0d e0       	ldi	r16, 0x0D	; 13
set_lpf():
    638a:	2d 30       	cpi	r18, 0x0D	; 13
    638c:	50 f4       	brcc	.+20     	; 0x63a2 <main+0x1d9a>
main():
    638e:	09 e0       	ldi	r16, 0x09	; 9
set_lpf():
    6390:	29 30       	cpi	r18, 0x09	; 9
    6392:	38 f4       	brcc	.+14     	; 0x63a2 <main+0x1d9a>
main():
    6394:	0e e0       	ldi	r16, 0x0E	; 14
set_lpf():
    6396:	26 30       	cpi	r18, 0x06	; 6
    6398:	20 f4       	brcc	.+8      	; 0x63a2 <main+0x1d9a>
main():
    639a:	08 e0       	ldi	r16, 0x08	; 8
set_lpf():
    639c:	25 30       	cpi	r18, 0x05	; 5
    639e:	09 f0       	breq	.+2      	; 0x63a2 <main+0x1d9a>
main():
    63a0:	0f e0       	ldi	r16, 0x0F	; 15
set_lpf():
/home/jgalera/develop/arduino/usdx/usdx_plus_orange/src/hardware/io_expander.cpp:140
                   : (f > 8)  ? IO1_1
                   : (f > 5)  ? IO1_6
                   : (f > 4)  ? IO1_0
                              : IO1_7;
#ifndef LPF_SWITCHING_DL2MAN_USDX_REV3_NOLATCH
  if (prev_lpf_io != lpf_io) {
    63a2:	20 91 7d 01 	lds	r18, 0x017D	; 0x80017d <prev_lpf_io>
    63a6:	20 17       	cp	r18, r16
    63a8:	d9 f0       	breq	.+54     	; 0x63e0 <main+0x1dd8>
set_latch():
/home/jgalera/develop/arduino/usdx/usdx_plus_orange/src/hardware/io_expander.cpp:116
  if (latch) {
    ioext.write((1U << io) | 0x0000);
    delay(LATCH_TIME);
    ioext.write(0x0000);
  } else {
    if (io == 0xff) {
    63aa:	2f 3f       	cpi	r18, 0xFF	; 255
    63ac:	09 f0       	breq	.+2      	; 0x63b0 <main+0x1da8>
    63ae:	7f c1       	rjmp	.+766    	; 0x66ae <main+0x20a6>
    63b0:	0e 94 38 19 	call	0x3270	; 0x3270 <set_latch(unsigned char, unsigned char, bool) [clone .part.9] [clone .constprop.6]>
/home/jgalera/develop/arduino/usdx/usdx_plus_orange/src/hardware/io_expander.cpp:112
};

static void set_latch(uint8_t io, uint8_t common_io, bool latch = true) {
#define LATCH_TIME 30
  if (latch) {
    ioext.write((1U << io) | 0x0000);
    63b4:	81 e0       	ldi	r24, 0x01	; 1
    63b6:	90 e0       	ldi	r25, 0x00	; 0
    63b8:	00 2e       	mov	r0, r16
    63ba:	02 c0       	rjmp	.+4      	; 0x63c0 <main+0x1db8>
    63bc:	88 0f       	add	r24, r24
    63be:	99 1f       	adc	r25, r25
    63c0:	0a 94       	dec	r0
    63c2:	e2 f7       	brpl	.-8      	; 0x63bc <main+0x1db4>
    63c4:	0e 94 51 05 	call	0xaa2	; 0xaa2 <IOExpander16::write(unsigned int) [clone .isra.7]>
/home/jgalera/develop/arduino/usdx/usdx_plus_orange/src/hardware/io_expander.cpp:113
    delay(LATCH_TIME);
    63c8:	6e e1       	ldi	r22, 0x1E	; 30
    63ca:	70 e0       	ldi	r23, 0x00	; 0
    63cc:	80 e0       	ldi	r24, 0x00	; 0
    63ce:	90 e0       	ldi	r25, 0x00	; 0
    63d0:	0e 94 c6 03 	call	0x78c	; 0x78c <delay>
/home/jgalera/develop/arduino/usdx/usdx_plus_orange/src/hardware/io_expander.cpp:114
    ioext.write(0x0000);
    63d4:	90 e0       	ldi	r25, 0x00	; 0
    63d6:	80 e0       	ldi	r24, 0x00	; 0
    63d8:	0e 94 51 05 	call	0xaa2	; 0xaa2 <IOExpander16::write(unsigned int) [clone .isra.7]>
set_lpf():
/home/jgalera/develop/arduino/usdx/usdx_plus_orange/src/hardware/io_expander.cpp:143
                              : IO1_7;
#ifndef LPF_SWITCHING_DL2MAN_USDX_REV3_NOLATCH
  if (prev_lpf_io != lpf_io) {
    set_latch(prev_lpf_io, IO0_0, false);
    set_latch(lpf_io, IO0_0);
    prev_lpf_io = lpf_io;
    63dc:	00 93 7d 01 	sts	0x017D, r16	; 0x80017d <prev_lpf_io>
main():
/home/jgalera/develop/arduino/usdx/usdx_plus_orange/usdx_plus_orange.ino:1311
    set_lpf(f);
    bandval = (f > 32)   ? 10
    63e0:	8a e0       	ldi	r24, 0x0A	; 10
loop():
    63e2:	11 32       	cpi	r17, 0x21	; 33
    63e4:	e0 f4       	brcc	.+56     	; 0x641e <main+0x1e16>
main():
    63e6:	89 e0       	ldi	r24, 0x09	; 9
loop():
    63e8:	1b 31       	cpi	r17, 0x1B	; 27
    63ea:	c8 f4       	brcc	.+50     	; 0x641e <main+0x1e16>
main():
    63ec:	88 e0       	ldi	r24, 0x08	; 8
loop():
    63ee:	17 31       	cpi	r17, 0x17	; 23
    63f0:	b0 f4       	brcc	.+44     	; 0x641e <main+0x1e16>
main():
    63f2:	87 e0       	ldi	r24, 0x07	; 7
loop():
    63f4:	15 31       	cpi	r17, 0x15	; 21
    63f6:	98 f4       	brcc	.+38     	; 0x641e <main+0x1e16>
main():
    63f8:	86 e0       	ldi	r24, 0x06	; 6
loop():
    63fa:	11 31       	cpi	r17, 0x11	; 17
    63fc:	80 f4       	brcc	.+32     	; 0x641e <main+0x1e16>
main():
    63fe:	85 e0       	ldi	r24, 0x05	; 5
loop():
    6400:	1d 30       	cpi	r17, 0x0D	; 13
    6402:	68 f4       	brcc	.+26     	; 0x641e <main+0x1e16>
main():
    6404:	84 e0       	ldi	r24, 0x04	; 4
loop():
    6406:	19 30       	cpi	r17, 0x09	; 9
    6408:	50 f4       	brcc	.+20     	; 0x641e <main+0x1e16>
main():
    640a:	83 e0       	ldi	r24, 0x03	; 3
loop():
    640c:	17 30       	cpi	r17, 0x07	; 7
    640e:	38 f4       	brcc	.+14     	; 0x641e <main+0x1e16>
main():
    6410:	82 e0       	ldi	r24, 0x02	; 2
loop():
    6412:	15 30       	cpi	r17, 0x05	; 5
    6414:	20 f4       	brcc	.+8      	; 0x641e <main+0x1e16>
    6416:	81 e0       	ldi	r24, 0x01	; 1
    6418:	13 30       	cpi	r17, 0x03	; 3
    641a:	08 f4       	brcc	.+2      	; 0x641e <main+0x1e16>
    641c:	80 e0       	ldi	r24, 0x00	; 0
    641e:	80 93 b4 01 	sts	0x01B4, r24	; 0x8001b4 <bandval>
/home/jgalera/develop/arduino/usdx/usdx_plus_orange/usdx_plus_orange.ino:1322
              : (f > 8)  ? 4
              : (f > 6)  ? 3
              : (f > 4)  ? 2
              : (f > 2)  ? 1
                         : 0;
    prev_bandval = bandval; // align bandval with freq
    6422:	80 93 af 01 	sts	0x01AF, r24	; 0x8001af <prev_bandval>
/home/jgalera/develop/arduino/usdx/usdx_plus_orange/usdx_plus_orange.ino:1324

    if (mode == CW) {
    6426:	80 91 cd 01 	lds	r24, 0x01CD	; 0x8001cd <mode>
    642a:	40 91 ae 01 	lds	r20, 0x01AE	; 0x8001ae <rx_ph_q>
    642e:	50 e0       	ldi	r21, 0x00	; 0
    6430:	82 30       	cpi	r24, 0x02	; 2
    6432:	09 f0       	breq	.+2      	; 0x6436 <main+0x1e2e>
    6434:	53 c1       	rjmp	.+678    	; 0x66dc <main+0x20d4>
/home/jgalera/develop/arduino/usdx/usdx_plus_orange/usdx_plus_orange.ino:1325
      si5351.freq(freq + cw_offset, rx_ph_q,
    6436:	60 91 b5 01 	lds	r22, 0x01B5	; 0x8001b5 <freq>
    643a:	70 91 b6 01 	lds	r23, 0x01B6	; 0x8001b6 <freq+0x1>
    643e:	80 91 b7 01 	lds	r24, 0x01B7	; 0x8001b7 <freq+0x2>
    6442:	90 91 b8 01 	lds	r25, 0x01B8	; 0x8001b8 <freq+0x3>
    6446:	00 91 e6 05 	lds	r16, 0x05E6	; 0x8005e6 <cw_offset>
    644a:	10 91 e7 05 	lds	r17, 0x05E7	; 0x8005e7 <cw_offset+0x1>
    644e:	20 91 e8 05 	lds	r18, 0x05E8	; 0x8005e8 <cw_offset+0x2>
    6452:	30 91 e9 05 	lds	r19, 0x05E9	; 0x8005e9 <cw_offset+0x3>
    6456:	60 0f       	add	r22, r16
    6458:	71 1f       	adc	r23, r17
    645a:	82 1f       	adc	r24, r18
    645c:	93 1f       	adc	r25, r19
/home/jgalera/develop/arduino/usdx/usdx_plus_orange/usdx_plus_orange.ino:1328
                  0 /*90, 0*/); // RX in CW-R (=LSB), correct for CW-tone offset
    } else if (mode == LSB)
      si5351.freq(freq, rx_ph_q, 0 /*90, 0*/); // RX in LSB
    645e:	30 e0       	ldi	r19, 0x00	; 0
    6460:	20 e0       	ldi	r18, 0x00	; 0
/home/jgalera/develop/arduino/usdx/usdx_plus_orange/usdx_plus_orange.ino:1330
    else
      si5351.freq(freq, 0, rx_ph_q /*0, 90*/); // RX in USB, ...
    6462:	0e 94 51 16 	call	0x2ca2	; 0x2ca2 <SI5351::freq(long, unsigned int, unsigned int) [clone .constprop.26]>
/home/jgalera/develop/arduino/usdx/usdx_plus_orange/usdx_plus_orange.ino:1332
#ifdef RIT_ENABLE
    if (rit) {
    6466:	80 91 f2 05 	lds	r24, 0x05F2	; 0x8005f2 <rit>
    646a:	90 91 f3 05 	lds	r25, 0x05F3	; 0x8005f3 <rit+0x1>
    646e:	89 2b       	or	r24, r25
    6470:	41 f0       	breq	.+16     	; 0x6482 <main+0x1e7a>
/home/jgalera/develop/arduino/usdx/usdx_plus_orange/usdx_plus_orange.ino:1333
      si5351.freq_calc_fast(rit);
    6472:	80 91 f2 05 	lds	r24, 0x05F2	; 0x8005f2 <rit>
    6476:	90 91 f3 05 	lds	r25, 0x05F3	; 0x8005f3 <rit+0x1>
    647a:	0e 94 2e 02 	call	0x45c	; 0x45c <SI5351::freq_calc_fast(int) [clone .constprop.29]>
/home/jgalera/develop/arduino/usdx/usdx_plus_orange/usdx_plus_orange.ino:1334
      si5351.SendPLLRegisterBulk();
    647e:	0e 94 22 05 	call	0xa44	; 0xa44 <SI5351::SendPLLRegisterBulk() [clone .constprop.28]>
/home/jgalera/develop/arduino/usdx/usdx_plus_orange/usdx_plus_orange.ino:1342
    // interrupts();
  }

  if ((save_event_time) &&
      (millis() >
       save_event_time)) { // save freq when time has reached schedule
    6482:	c0 90 e2 05 	lds	r12, 0x05E2	; 0x8005e2 <save_event_time>
    6486:	d0 90 e3 05 	lds	r13, 0x05E3	; 0x8005e3 <save_event_time+0x1>
    648a:	e0 90 e4 05 	lds	r14, 0x05E4	; 0x8005e4 <save_event_time+0x2>
    648e:	f0 90 e5 05 	lds	r15, 0x05E5	; 0x8005e5 <save_event_time+0x3>
/home/jgalera/develop/arduino/usdx/usdx_plus_orange/usdx_plus_orange.ino:1340
    }
#endif // RIT_ENABLE
    // interrupts();
  }

  if ((save_event_time) &&
    6492:	c1 14       	cp	r12, r1
    6494:	d1 04       	cpc	r13, r1
    6496:	e1 04       	cpc	r14, r1
    6498:	f1 04       	cpc	r15, r1
    649a:	b9 f0       	breq	.+46     	; 0x64ca <main+0x1ec2>
/home/jgalera/develop/arduino/usdx/usdx_plus_orange/usdx_plus_orange.ino:1341
      (millis() >
    649c:	0e 94 f9 03 	call	0x7f2	; 0x7f2 <millis>
/home/jgalera/develop/arduino/usdx/usdx_plus_orange/usdx_plus_orange.ino:1340
    }
#endif // RIT_ENABLE
    // interrupts();
  }

  if ((save_event_time) &&
    64a0:	c6 16       	cp	r12, r22
    64a2:	d7 06       	cpc	r13, r23
    64a4:	e8 06       	cpc	r14, r24
    64a6:	f9 06       	cpc	r15, r25
    64a8:	80 f4       	brcc	.+32     	; 0x64ca <main+0x1ec2>
/home/jgalera/develop/arduino/usdx/usdx_plus_orange/usdx_plus_orange.ino:1343
      (millis() >
       save_event_time)) { // save freq when time has reached schedule
    paramAction(SAVE, (vfosel % 2) ? FREQB : FREQA); // save vfoa/b changes
    64aa:	80 91 f0 05 	lds	r24, 0x05F0	; 0x8005f0 <vfosel>
main():
    64ae:	6f e2       	ldi	r22, 0x2F	; 47
loop():
    64b0:	80 ff       	sbrs	r24, 0
main():
    64b2:	6e e2       	ldi	r22, 0x2E	; 46
loop():
    64b4:	84 e0       	ldi	r24, 0x04	; 4
    64b6:	0e 94 d6 1d 	call	0x3bac	; 0x3bac <paramAction(unsigned char, unsigned char)>
/home/jgalera/develop/arduino/usdx/usdx_plus_orange/usdx_plus_orange.ino:1344
    save_event_time = 0;
    64ba:	10 92 e2 05 	sts	0x05E2, r1	; 0x8005e2 <save_event_time>
    64be:	10 92 e3 05 	sts	0x05E3, r1	; 0x8005e3 <save_event_time+0x1>
    64c2:	10 92 e4 05 	sts	0x05E4, r1	; 0x8005e4 <save_event_time+0x2>
    64c6:	10 92 e5 05 	sts	0x05E5, r1	; 0x8005e5 <save_event_time+0x3>
/home/jgalera/develop/arduino/usdx/usdx_plus_orange/usdx_plus_orange.ino:1350
    // lcd.setCursor(15, 1); lcd.print('S'); delay(100); lcd.setCursor(15, 1);
    // lcd.print('R');
  }

#ifdef CW_MESSAGE
  if ((mode == CW) && (cw_msg_event) &&
    64ca:	80 91 cd 01 	lds	r24, 0x01CD	; 0x8001cd <mode>
    64ce:	82 30       	cpi	r24, 0x02	; 2
    64d0:	09 f0       	breq	.+2      	; 0x64d4 <main+0x1ecc>
    64d2:	44 c1       	rjmp	.+648    	; 0x675c <main+0x2154>
    64d4:	c0 90 00 06 	lds	r12, 0x0600	; 0x800600 <cw_msg_event>
    64d8:	d0 90 01 06 	lds	r13, 0x0601	; 0x800601 <cw_msg_event+0x1>
    64dc:	e0 90 02 06 	lds	r14, 0x0602	; 0x800602 <cw_msg_event+0x2>
    64e0:	f0 90 03 06 	lds	r15, 0x0603	; 0x800603 <cw_msg_event+0x3>
    64e4:	c1 14       	cp	r12, r1
    64e6:	d1 04       	cpc	r13, r1
    64e8:	e1 04       	cpc	r14, r1
    64ea:	f1 04       	cpc	r15, r1
    64ec:	09 f4       	brne	.+2      	; 0x64f0 <main+0x1ee8>
    64ee:	36 c1       	rjmp	.+620    	; 0x675c <main+0x2154>
/home/jgalera/develop/arduino/usdx/usdx_plus_orange/usdx_plus_orange.ino:1351
      (millis() > cw_msg_event)) { // if it is time to send a CW message
    64f0:	0e 94 f9 03 	call	0x7f2	; 0x7f2 <millis>
/home/jgalera/develop/arduino/usdx/usdx_plus_orange/usdx_plus_orange.ino:1350
    // lcd.setCursor(15, 1); lcd.print('S'); delay(100); lcd.setCursor(15, 1);
    // lcd.print('R');
  }

#ifdef CW_MESSAGE
  if ((mode == CW) && (cw_msg_event) &&
    64f4:	c6 16       	cp	r12, r22
    64f6:	d7 06       	cpc	r13, r23
    64f8:	e8 06       	cpc	r14, r24
    64fa:	f9 06       	cpc	r15, r25
    64fc:	08 f0       	brcs	.+2      	; 0x6500 <main+0x1ef8>
    64fe:	2e c1       	rjmp	.+604    	; 0x675c <main+0x2154>
    6500:	c0 90 f4 05 	lds	r12, 0x05F4	; 0x8005f4 <cw_msg_id>
    6504:	20 e3       	ldi	r18, 0x30	; 48
    6506:	c2 9e       	mul	r12, r18
    6508:	60 01       	movw	r12, r0
    650a:	11 24       	eor	r1, r1
main():
/home/jgalera/develop/arduino/usdx/usdx_plus_orange/src/dsp/dsp.cpp:490
  }
  return 0;
}

int cw_tx(char *msg) {
  for (uint8_t i = 0; msg[i]; i++) { // loop over message
    650c:	e1 2c       	mov	r14, r1
cw_tx():
    650e:	86 01       	movw	r16, r12
    6510:	0e 0d       	add	r16, r14
    6512:	11 1d       	adc	r17, r1
    6514:	02 58       	subi	r16, 0x82	; 130
    6516:	1e 4f       	sbci	r17, 0xFE	; 254
    6518:	d8 01       	movw	r26, r16
    651a:	8c 91       	ld	r24, X
    651c:	88 23       	and	r24, r24
    651e:	09 f4       	brne	.+2      	; 0x6522 <main+0x1f1a>
    6520:	4a c1       	rjmp	.+660    	; 0x67b6 <main+0x21ae>
_ZN3LCD9setCursorEhh():
/home/jgalera/develop/arduino/usdx/usdx_plus_orange/src/driver/display.h:190
    6522:	80 e8       	ldi	r24, 0x80	; 128
    6524:	0e 94 73 11 	call	0x22e6	; 0x22e6 <LCD::cmd(unsigned char) [clone .isra.3] [clone .lto_priv.35]>
print():
/home/jgalera/.arduino15/packages/MiniCore/hardware/avr/3.1.1/cores/MCUdude_corefiles/Print.cpp:74
  return write(c);
}

size_t Print::print(unsigned char b, int base)
{
  return print((unsigned long) b, base);
    6528:	4e 2d       	mov	r20, r14
    652a:	50 e0       	ldi	r21, 0x00	; 0
    652c:	70 e0       	ldi	r23, 0x00	; 0
    652e:	60 e0       	ldi	r22, 0x00	; 0
/home/jgalera/.arduino15/packages/MiniCore/hardware/avr/3.1.1/cores/MCUdude_corefiles/Print.cpp:106
}

size_t Print::print(unsigned long n, int base)
{
  if (base == 0) return write(n);
  else return printNumber(n, base);
    6530:	2a e0       	ldi	r18, 0x0A	; 10
    6532:	87 eb       	ldi	r24, 0xB7	; 183
    6534:	96 e0       	ldi	r25, 0x06	; 6
    6536:	0e 94 72 19 	call	0x32e4	; 0x32e4 <Print::printNumber(unsigned long, unsigned char)>
cw_tx():
/home/jgalera/develop/arduino/usdx/usdx_plus_orange/src/dsp/dsp.cpp:493
    lcd.setCursor(0, 0);
    lcd.print(i);
    lcd.print("    ");
    653a:	66 ef       	ldi	r22, 0xF6	; 246
    653c:	72 e0       	ldi	r23, 0x02	; 2
    653e:	87 eb       	ldi	r24, 0xB7	; 183
    6540:	96 e0       	ldi	r25, 0x06	; 6
    6542:	0e 94 2e 1a 	call	0x345c	; 0x345c <Print::print(char const*)>
/home/jgalera/develop/arduino/usdx/usdx_plus_orange/src/dsp/dsp.cpp:494
    if (cw_tx(msg[i]))
    6546:	f8 01       	movw	r30, r16
    6548:	80 81       	ld	r24, Z
main():
/home/jgalera/develop/arduino/usdx/usdx_plus_orange/src/dsp/dsp.cpp:459
uint32_t cw_msg_event = 0;
uint8_t cw_msg_id = 0; // selected message

int cw_tx(char ch) { // Transmit message in CW
  char sym;
  for (uint8_t j = 0; (sym = pgm_read_byte_near(m2c + j));
    654a:	f1 2c       	mov	r15, r1
cw_tx():
    654c:	ef 2d       	mov	r30, r15
    654e:	f0 e0       	ldi	r31, 0x00	; 0
    6550:	e9 58       	subi	r30, 0x89	; 137
    6552:	fd 4f       	sbci	r31, 0xFD	; 253
    6554:	e4 91       	lpm	r30, Z
    6556:	ee 23       	and	r30, r30
    6558:	e1 f0       	breq	.+56     	; 0x6592 <main+0x1f8a>
/home/jgalera/develop/arduino/usdx/usdx_plus_orange/src/dsp/dsp.cpp:461
       j++) {        // lookup msg[i] in m2c, skip if not found
    if (sym == ch) { // found -> transmit CW character j
    655a:	8e 13       	cpse	r24, r30
    655c:	2a c1       	rjmp	.+596    	; 0x67b2 <main+0x21aa>
/home/jgalera/develop/arduino/usdx/usdx_plus_orange/src/dsp/dsp.cpp:462
      wdt_reset();
    655e:	a8 95       	wdr
main():
/home/jgalera/develop/arduino/usdx/usdx_plus_orange/src/dsp/dsp.cpp:463
      uint8_t k = 0x80;
    6560:	10 e8       	ldi	r17, 0x80	; 128
cw_tx():
/home/jgalera/develop/arduino/usdx/usdx_plus_orange/src/dsp/dsp.cpp:464
      for (; !(j & k); k >>= 1)
    6562:	8f 2d       	mov	r24, r15
    6564:	81 23       	and	r24, r17
    6566:	16 95       	lsr	r17
    6568:	88 23       	and	r24, r24
    656a:	d9 f3       	breq	.-10     	; 0x6562 <main+0x1f5a>
/home/jgalera/develop/arduino/usdx/usdx_plus_orange/src/dsp/dsp.cpp:467
        ;
      k >>= 1; // shift start of cw code to MSB
      if (k == 0)
    656c:	11 11       	cpse	r17, r1
    656e:	cf c0       	rjmp	.+414    	; 0x670e <main+0x2106>
/home/jgalera/develop/arduino/usdx/usdx_plus_orange/src/dsp/dsp.cpp:468
        delay(ditTime * 4); // space -> add word space
    6570:	60 91 fc 05 	lds	r22, 0x05FC	; 0x8005fc <ditTime>
    6574:	70 91 fd 05 	lds	r23, 0x05FD	; 0x8005fd <ditTime+0x1>
    6578:	80 91 fe 05 	lds	r24, 0x05FE	; 0x8005fe <ditTime+0x2>
    657c:	90 91 ff 05 	lds	r25, 0x05FF	; 0x8005ff <ditTime+0x3>
    6580:	32 e0       	ldi	r19, 0x02	; 2
    6582:	66 0f       	add	r22, r22
    6584:	77 1f       	adc	r23, r23
    6586:	88 1f       	adc	r24, r24
    6588:	99 1f       	adc	r25, r25
    658a:	3a 95       	dec	r19
    658c:	d1 f7       	brne	.-12     	; 0x6582 <main+0x1f7a>
    658e:	0e 94 c6 03 	call	0x78c	; 0x78c <delay>
/home/jgalera/develop/arduino/usdx/usdx_plus_orange/src/dsp/dsp.cpp:490
  }
  return 0;
}

int cw_tx(char *msg) {
  for (uint8_t i = 0; msg[i]; i++) { // loop over message
    6592:	e3 94       	inc	r14
    6594:	bc cf       	rjmp	.-136    	; 0x650e <main+0x1f06>
loop():
/home/jgalera/develop/arduino/usdx/usdx_plus_orange/usdx_plus_orange.ino:1142
          si5351.iqmsa = 0; // enforce PLL reset
          // make more generic:
          if (mode != CW)
            stepsize = STEP_1k;
          else
            stepsize = STEP_500;
    6596:	86 e0       	ldi	r24, 0x06	; 6
    6598:	86 cc       	rjmp	.-1780   	; 0x5ea6 <main+0x189e>
/home/jgalera/develop/arduino/usdx/usdx_plus_orange/usdx_plus_orange.ino:1147
          if (mode == CW) {
            filt = 4;
            nr = 0;
          } else
            filt = 0;
    659a:	10 92 f1 05 	sts	0x05F1, r1	; 0x8005f1 <filt>
    659e:	8f cc       	rjmp	.-1762   	; 0x5ebe <main+0x18b6>
/home/jgalera/develop/arduino/usdx/usdx_plus_orange/usdx_plus_orange.ino:1166
            stepsize = STEP_500;
          if (mode == CW) {
            filt = 4;
            nr = 0;
          } else
            filt = 0;
    65a0:	10 92 f1 05 	sts	0x05F1, r1	; 0x8005f1 <filt>
    65a4:	cd cc       	rjmp	.-1638   	; 0x5f40 <main+0x1938>
main():
/home/jgalera/develop/arduino/usdx/usdx_plus_orange/usdx_plus_orange.ino:1171
          change = true;
        }
#ifdef RIT_ENABLE
        if (menu == RIT) {
          stepsize = (rit) ? STEP_10 : STEP_500;
    65a6:	86 e0       	ldi	r24, 0x06	; 6
    65a8:	da cc       	rjmp	.-1612   	; 0x5f5e <main+0x1956>
/home/jgalera/develop/arduino/usdx/usdx_plus_orange/usdx_plus_orange.ino:1212
          build_lut();
        }
#endif
        if (menu == CWTONE) {
          if (dsp_cap) {
            cw_offset = (cw_tone == 0) ? tones[0] : tones[1];
    65aa:	80 ee       	ldi	r24, 0xE0	; 224
    65ac:	91 e0       	ldi	r25, 0x01	; 1
    65ae:	a0 e0       	ldi	r26, 0x00	; 0
    65b0:	b0 e0       	ldi	r27, 0x00	; 0
    65b2:	34 cd       	rjmp	.-1432   	; 0x601c <main+0x1a14>
loop():
/home/jgalera/develop/arduino/usdx/usdx_plus_orange/usdx_plus_orange.ino:1234
        }
        if (menu == KEY_MODE) {
          if (keyer_mode == 0) {
            keyerControl = IAMBICA;
          }
          if (keyer_mode == 1) {
    65b4:	81 30       	cpi	r24, 0x01	; 1
    65b6:	21 f4       	brne	.+8      	; 0x65c0 <main+0x1fb8>
/home/jgalera/develop/arduino/usdx/usdx_plus_orange/usdx_plus_orange.ino:1235
            keyerControl = IAMBICB;
    65b8:	80 e1       	ldi	r24, 0x10	; 16
/home/jgalera/develop/arduino/usdx/usdx_plus_orange/usdx_plus_orange.ino:1238
          }
          if (keyer_mode == 2) {
            keyerControl = SINGLE;
    65ba:	80 93 04 06 	sts	0x0604, r24	; 0x800604 <keyerControl>
    65be:	6d cd       	rjmp	.-1318   	; 0x609a <main+0x1a92>
/home/jgalera/develop/arduino/usdx/usdx_plus_orange/usdx_plus_orange.ino:1237
            keyerControl = IAMBICA;
          }
          if (keyer_mode == 1) {
            keyerControl = IAMBICB;
          }
          if (keyer_mode == 2) {
    65c0:	82 30       	cpi	r24, 0x02	; 2
    65c2:	d9 f3       	breq	.-10     	; 0x65ba <main+0x1fb2>
    65c4:	6a cd       	rjmp	.-1324   	; 0x609a <main+0x1a92>
main():
/home/jgalera/.arduino15/packages/MiniCore/hardware/avr/3.1.1/cores/MCUdude_corefiles/Arduino.h:315
	}

	template<class T, class L>
	auto min(const T& a, const L& b) -> decltype((b < a) ? b : a) {
		return (b < a) ? b : a;
    65c6:	fe 01       	movw	r30, r28
    65c8:	31 96       	adiw	r30, 0x01	; 1
    65ca:	a7 cd       	rjmp	.-1202   	; 0x611a <main+0x1b12>
process_encoder_tuning_step():
/home/jgalera/develop/arduino/usdx/usdx_plus_orange/src/core/core.cpp:581
  int32_t stepval = stepsizes[stepsize];
  if (rit) {
    rit += steps * stepval;
    rit = max(-9999, min(9999, rit));
  } else {
    freq += steps * stepval;
    65cc:	c0 90 b5 01 	lds	r12, 0x01B5	; 0x8001b5 <freq>
    65d0:	d0 90 b6 01 	lds	r13, 0x01B6	; 0x8001b6 <freq+0x1>
    65d4:	e0 90 b7 01 	lds	r14, 0x01B7	; 0x8001b7 <freq+0x2>
    65d8:	f0 90 b8 01 	lds	r15, 0x01B8	; 0x8001b8 <freq+0x3>
    65dc:	0a 2e       	mov	r0, r26
    65de:	00 0c       	add	r0, r0
    65e0:	bb 0b       	sbc	r27, r27
    65e2:	0e 94 16 3a 	call	0x742c	; 0x742c <__mulshisi3>
    65e6:	c6 0e       	add	r12, r22
    65e8:	d7 1e       	adc	r13, r23
    65ea:	e8 1e       	adc	r14, r24
    65ec:	f9 1e       	adc	r15, r25
    65ee:	c0 92 b5 01 	sts	0x01B5, r12	; 0x8001b5 <freq>
    65f2:	d0 92 b6 01 	sts	0x01B6, r13	; 0x8001b6 <freq+0x1>
    65f6:	e0 92 b7 01 	sts	0x01B7, r14	; 0x8001b7 <freq+0x2>
    65fa:	f0 92 b8 01 	sts	0x01B8, r15	; 0x8001b8 <freq+0x3>
/home/jgalera/develop/arduino/usdx/usdx_plus_orange/src/core/core.cpp:582
    freq = max(1, min(999999999, freq));
    65fe:	8f ef       	ldi	r24, 0xFF	; 255
    6600:	99 ec       	ldi	r25, 0xC9	; 201
    6602:	aa e9       	ldi	r26, 0x9A	; 154
    6604:	bb e3       	ldi	r27, 0x3B	; 59
    6606:	89 83       	std	Y+1, r24	; 0x01
    6608:	9a 83       	std	Y+2, r25	; 0x02
    660a:	ab 83       	std	Y+3, r26	; 0x03
    660c:	bc 83       	std	Y+4, r27	; 0x04
_Z3minIlVlEDTqultfp0_fp_fp0_fp_ERKT_RKT0_():
/home/jgalera/.arduino15/packages/MiniCore/hardware/avr/3.1.1/cores/MCUdude_corefiles/Arduino.h:315
    660e:	80 91 b5 01 	lds	r24, 0x01B5	; 0x8001b5 <freq>
    6612:	90 91 b6 01 	lds	r25, 0x01B6	; 0x8001b6 <freq+0x1>
    6616:	a0 91 b7 01 	lds	r26, 0x01B7	; 0x8001b7 <freq+0x2>
    661a:	b0 91 b8 01 	lds	r27, 0x01B8	; 0x8001b8 <freq+0x3>
    661e:	8f 3f       	cpi	r24, 0xFF	; 255
    6620:	99 4c       	sbci	r25, 0xC9	; 201
    6622:	aa 49       	sbci	r26, 0x9A	; 154
    6624:	bb 43       	sbci	r27, 0x3B	; 59
    6626:	9c f4       	brge	.+38     	; 0x664e <main+0x2046>
main():
    6628:	80 91 b5 01 	lds	r24, 0x01B5	; 0x8001b5 <freq>
    662c:	90 91 b6 01 	lds	r25, 0x01B6	; 0x8001b6 <freq+0x1>
    6630:	a0 91 b7 01 	lds	r26, 0x01B7	; 0x8001b7 <freq+0x2>
    6634:	b0 91 b8 01 	lds	r27, 0x01B8	; 0x8001b8 <freq+0x3>
    6638:	e5 eb       	ldi	r30, 0xB5	; 181
    663a:	f1 e0       	ldi	r31, 0x01	; 1
_Z3maxIiVlEDTqultfp0_fp_fp0_fp_ERKT_RKT0_():
/home/jgalera/.arduino15/packages/MiniCore/hardware/avr/3.1.1/cores/MCUdude_corefiles/Arduino.h:320
	}

	template<class T, class L>
	auto max(const T& a, const L& b) -> decltype((b < a) ? b : a) {
		return (a < b) ? b : a;
    663c:	02 97       	sbiw	r24, 0x02	; 2
    663e:	a1 05       	cpc	r26, r1
    6640:	b1 05       	cpc	r27, r1
    6642:	3c f4       	brge	.+14     	; 0x6652 <main+0x204a>
main():
    6644:	81 e0       	ldi	r24, 0x01	; 1
    6646:	90 e0       	ldi	r25, 0x00	; 0
    6648:	a0 e0       	ldi	r26, 0x00	; 0
    664a:	b0 e0       	ldi	r27, 0x00	; 0
    664c:	06 c0       	rjmp	.+12     	; 0x665a <main+0x2052>
/home/jgalera/.arduino15/packages/MiniCore/hardware/avr/3.1.1/cores/MCUdude_corefiles/Arduino.h:315
		return x > 0 ? x : -x;
	}

	template<class T, class L>
	auto min(const T& a, const L& b) -> decltype((b < a) ? b : a) {
		return (b < a) ? b : a;
    664e:	fe 01       	movw	r30, r28
    6650:	31 96       	adiw	r30, 0x01	; 1
_Z3maxIiVlEDTqultfp0_fp_fp0_fp_ERKT_RKT0_():
/home/jgalera/.arduino15/packages/MiniCore/hardware/avr/3.1.1/cores/MCUdude_corefiles/Arduino.h:320
	}

	template<class T, class L>
	auto max(const T& a, const L& b) -> decltype((b < a) ? b : a) {
		return (a < b) ? b : a;
    6652:	80 81       	ld	r24, Z
    6654:	91 81       	ldd	r25, Z+1	; 0x01
    6656:	a2 81       	ldd	r26, Z+2	; 0x02
    6658:	b3 81       	ldd	r27, Z+3	; 0x03
process_encoder_tuning_step():
/home/jgalera/develop/arduino/usdx/usdx_plus_orange/src/core/core.cpp:582
    665a:	80 93 b5 01 	sts	0x01B5, r24	; 0x8001b5 <freq>
    665e:	90 93 b6 01 	sts	0x01B6, r25	; 0x8001b6 <freq+0x1>
    6662:	a0 93 b7 01 	sts	0x01B7, r26	; 0x8001b7 <freq+0x2>
    6666:	b0 93 b8 01 	sts	0x01B8, r27	; 0x8001b8 <freq+0x3>
    666a:	68 cd       	rjmp	.-1328   	; 0x613c <main+0x1b34>
display_vfo():
/home/jgalera/develop/arduino/usdx/usdx_plus_orange/src/core/core.cpp:680
    f = rit;
    scale = 1e3;
    lcd.print(F("RIT "));
    lcd.print(rit < 0 ? '-' : '+');
  } else {
    if (f / scale == 0) {
    666c:	c7 01       	movw	r24, r14
    666e:	b6 01       	movw	r22, r12
    6670:	20 e8       	ldi	r18, 0x80	; 128
    6672:	36 e9       	ldi	r19, 0x96	; 150
    6674:	48 e9       	ldi	r20, 0x98	; 152
    6676:	50 e0       	ldi	r21, 0x00	; 0
    6678:	0e 94 c8 39 	call	0x7390	; 0x7390 <__divmodsi4>
    667c:	23 2b       	or	r18, r19
    667e:	24 2b       	or	r18, r20
    6680:	25 2b       	or	r18, r21
    6682:	69 f4       	brne	.+26     	; 0x669e <main+0x2096>
/home/jgalera/develop/arduino/usdx/usdx_plus_orange/src/core/core.cpp:681
      lcd.print(' ');
    6684:	60 e2       	ldi	r22, 0x20	; 32
    6686:	87 eb       	ldi	r24, 0xB7	; 183
    6688:	96 e0       	ldi	r25, 0x06	; 6
    668a:	0e 94 05 04 	call	0x80a	; 0x80a <Print::print(char)>
main():
/home/jgalera/develop/arduino/usdx/usdx_plus_orange/src/core/core.cpp:682
      scale /= 10;
    668e:	60 e4       	ldi	r22, 0x40	; 64
    6690:	86 2e       	mov	r8, r22
    6692:	62 e4       	ldi	r22, 0x42	; 66
    6694:	96 2e       	mov	r9, r22
    6696:	6f e0       	ldi	r22, 0x0F	; 15
    6698:	a6 2e       	mov	r10, r22
    669a:	b1 2c       	mov	r11, r1
    669c:	fc cd       	rjmp	.-1032   	; 0x6296 <main+0x1c8e>
/home/jgalera/develop/arduino/usdx/usdx_plus_orange/src/core/core.cpp:673
  lcd.setCursor(0, 1);
  lcd.print((rit)                                       ? ' '
            : ((vfosel % 2) | ((vfosel == SPLIT) & tx)) ? '\x07'
                                                        : '\x06');

  int32_t scale = 10e6;
    669e:	50 e8       	ldi	r21, 0x80	; 128
    66a0:	85 2e       	mov	r8, r21
    66a2:	56 e9       	ldi	r21, 0x96	; 150
    66a4:	95 2e       	mov	r9, r21
    66a6:	58 e9       	ldi	r21, 0x98	; 152
    66a8:	a5 2e       	mov	r10, r21
    66aa:	b1 2c       	mov	r11, r1
    66ac:	f4 cd       	rjmp	.-1048   	; 0x6296 <main+0x1c8e>
set_latch():
/home/jgalera/develop/arduino/usdx/usdx_plus_orange/src/hardware/io_expander.cpp:121
    if (io == 0xff) {
      ioext.init();
      for (int io = 0; io != 16; io++)
        set_latch(io, common_io, latch);
    } else {
      ioext.write((~(1U << io)) | (1U << common_io));
    66ae:	81 e0       	ldi	r24, 0x01	; 1
    66b0:	90 e0       	ldi	r25, 0x00	; 0
    66b2:	02 c0       	rjmp	.+4      	; 0x66b8 <main+0x20b0>
    66b4:	88 0f       	add	r24, r24
    66b6:	99 1f       	adc	r25, r25
    66b8:	2a 95       	dec	r18
    66ba:	e2 f7       	brpl	.-8      	; 0x66b4 <main+0x20ac>
    66bc:	80 95       	com	r24
    66be:	90 95       	com	r25
    66c0:	81 60       	ori	r24, 0x01	; 1
    66c2:	0e 94 51 05 	call	0xaa2	; 0xaa2 <IOExpander16::write(unsigned int) [clone .isra.7]>
/home/jgalera/develop/arduino/usdx/usdx_plus_orange/src/hardware/io_expander.cpp:122
      delay(LATCH_TIME);
    66c6:	6e e1       	ldi	r22, 0x1E	; 30
    66c8:	70 e0       	ldi	r23, 0x00	; 0
    66ca:	80 e0       	ldi	r24, 0x00	; 0
    66cc:	90 e0       	ldi	r25, 0x00	; 0
    66ce:	0e 94 c6 03 	call	0x78c	; 0x78c <delay>
/home/jgalera/develop/arduino/usdx/usdx_plus_orange/src/hardware/io_expander.cpp:123
      ioext.write(0x0000);
    66d2:	90 e0       	ldi	r25, 0x00	; 0
    66d4:	80 e0       	ldi	r24, 0x00	; 0
    66d6:	0e 94 51 05 	call	0xaa2	; 0xaa2 <IOExpander16::write(unsigned int) [clone .isra.7]>
    66da:	6c ce       	rjmp	.-808    	; 0x63b4 <main+0x1dac>
loop():
/home/jgalera/develop/arduino/usdx/usdx_plus_orange/usdx_plus_orange.ino:1327
    prev_bandval = bandval; // align bandval with freq

    if (mode == CW) {
      si5351.freq(freq + cw_offset, rx_ph_q,
                  0 /*90, 0*/); // RX in CW-R (=LSB), correct for CW-tone offset
    } else if (mode == LSB)
    66dc:	80 91 cd 01 	lds	r24, 0x01CD	; 0x8001cd <mode>
    66e0:	81 11       	cpse	r24, r1
    66e2:	09 c0       	rjmp	.+18     	; 0x66f6 <main+0x20ee>
/home/jgalera/develop/arduino/usdx/usdx_plus_orange/usdx_plus_orange.ino:1328
      si5351.freq(freq, rx_ph_q, 0 /*90, 0*/); // RX in LSB
    66e4:	60 91 b5 01 	lds	r22, 0x01B5	; 0x8001b5 <freq>
    66e8:	70 91 b6 01 	lds	r23, 0x01B6	; 0x8001b6 <freq+0x1>
    66ec:	80 91 b7 01 	lds	r24, 0x01B7	; 0x8001b7 <freq+0x2>
    66f0:	90 91 b8 01 	lds	r25, 0x01B8	; 0x8001b8 <freq+0x3>
    66f4:	b4 ce       	rjmp	.-664    	; 0x645e <main+0x1e56>
/home/jgalera/develop/arduino/usdx/usdx_plus_orange/usdx_plus_orange.ino:1330
    else
      si5351.freq(freq, 0, rx_ph_q /*0, 90*/); // RX in USB, ...
    66f6:	60 91 b5 01 	lds	r22, 0x01B5	; 0x8001b5 <freq>
    66fa:	70 91 b6 01 	lds	r23, 0x01B6	; 0x8001b6 <freq+0x1>
    66fe:	80 91 b7 01 	lds	r24, 0x01B7	; 0x8001b7 <freq+0x2>
    6702:	90 91 b8 01 	lds	r25, 0x01B8	; 0x8001b8 <freq+0x3>
    6706:	9a 01       	movw	r18, r20
    6708:	50 e0       	ldi	r21, 0x00	; 0
    670a:	40 e0       	ldi	r20, 0x00	; 0
    670c:	aa ce       	rjmp	.-684    	; 0x6462 <main+0x1e5a>
cw_tx():
/home/jgalera/develop/arduino/usdx/usdx_plus_orange/src/dsp/dsp.cpp:471
      k >>= 1; // shift start of cw code to MSB
      if (k == 0)
        delay(ditTime * 4); // space -> add word space
      else {
        for (; k; k >>= 1) { // send dit/dah one by one, until everythng is sent
          switch_rxtx(1);    // key-on  tx
    670e:	81 e0       	ldi	r24, 0x01	; 1
    6710:	0e 94 ef 13 	call	0x27de	; 0x27de <switch_rxtx(unsigned char)>
/home/jgalera/develop/arduino/usdx/usdx_plus_orange/src/dsp/dsp.cpp:472
          if (delayWithKeySense(ditTime * ((j & k) ? 3 : 1))) {
    6714:	81 2f       	mov	r24, r17
    6716:	8f 21       	and	r24, r15
main():
    6718:	21 e0       	ldi	r18, 0x01	; 1
    671a:	30 e0       	ldi	r19, 0x00	; 0
    671c:	40 e0       	ldi	r20, 0x00	; 0
    671e:	50 e0       	ldi	r21, 0x00	; 0
cw_tx():
    6720:	21 f0       	breq	.+8      	; 0x672a <main+0x2122>
main():
    6722:	23 e0       	ldi	r18, 0x03	; 3
    6724:	30 e0       	ldi	r19, 0x00	; 0
    6726:	40 e0       	ldi	r20, 0x00	; 0
    6728:	50 e0       	ldi	r21, 0x00	; 0
cw_tx():
    672a:	60 91 fc 05 	lds	r22, 0x05FC	; 0x8005fc <ditTime>
    672e:	70 91 fd 05 	lds	r23, 0x05FD	; 0x8005fd <ditTime+0x1>
    6732:	80 91 fe 05 	lds	r24, 0x05FE	; 0x8005fe <ditTime+0x2>
    6736:	90 91 ff 05 	lds	r25, 0x05FF	; 0x8005ff <ditTime+0x3>
    673a:	0e 94 62 39 	call	0x72c4	; 0x72c4 <__mulsi3>
    673e:	0e 94 6b 0e 	call	0x1cd6	; 0x1cd6 <delayWithKeySense(unsigned long)>
    6742:	88 23       	and	r24, r24
    6744:	b1 f0       	breq	.+44     	; 0x6772 <main+0x216a>
/home/jgalera/develop/arduino/usdx/usdx_plus_orange/src/dsp/dsp.cpp:473
            switch_rxtx(0);
    6746:	80 e0       	ldi	r24, 0x00	; 0
    6748:	0e 94 ef 13 	call	0x27de	; 0x27de <switch_rxtx(unsigned char)>
loop():
/home/jgalera/develop/arduino/usdx/usdx_plus_orange/usdx_plus_orange.ino:1357
    if ((cw_tx(cw_msg[cw_msg_id]) == 0) &&
        ((cw_msg[cw_msg_id][0] == 'C') && (cw_msg[cw_msg_id][1] == 'Q')) &&
        cw_msg_interval)
      cw_msg_event = millis() + 1000 * cw_msg_interval;
    else
      cw_msg_event =
    674c:	10 92 00 06 	sts	0x0600, r1	; 0x800600 <cw_msg_event>
    6750:	10 92 01 06 	sts	0x0601, r1	; 0x800601 <cw_msg_event+0x1>
    6754:	10 92 02 06 	sts	0x0602, r1	; 0x800602 <cw_msg_event+0x2>
    6758:	10 92 03 06 	sts	0x0603, r1	; 0x800603 <cw_msg_event+0x3>
/home/jgalera/develop/arduino/usdx/usdx_plus_orange/usdx_plus_orange.ino:1363
          0; // then send message, if not interrupted and its a CQ msg and there
             // is an interval set, then schedule new event
  }
#endif // CW_MESSAGE

  wdt_reset();
    675c:	a8 95       	wdr
serialEventRun():
/home/jgalera/.arduino15/packages/MiniCore/hardware/avr/3.1.1/cores/MCUdude_corefiles/HardwareSerial.cpp:67
#endif

void serialEventRun(void)
{
#if defined(HAVE_HWSERIAL0)
  if (Serial0_available && serialEvent && Serial0_available()) serialEvent();
    675e:	0e 94 76 04 	call	0x8ec	; 0x8ec <Serial0_available()>
    6762:	88 23       	and	r24, r24
    6764:	11 f4       	brne	.+4      	; 0x676a <main+0x2162>
    6766:	0c 94 de 27 	jmp	0x4fbc	; 0x4fbc <main+0x9b4>
    676a:	0e 94 b3 1a 	call	0x3566	; 0x3566 <serialEvent()>
    676e:	0c 94 de 27 	jmp	0x4fbc	; 0x4fbc <main+0x9b4>
cw_tx():
/home/jgalera/develop/arduino/usdx/usdx_plus_orange/src/dsp/dsp.cpp:476
            return 1;
          } // symbol: dah or dih length
          switch_rxtx(0); // key-off tx
    6772:	80 e0       	ldi	r24, 0x00	; 0
    6774:	0e 94 ef 13 	call	0x27de	; 0x27de <switch_rxtx(unsigned char)>
/home/jgalera/develop/arduino/usdx/usdx_plus_orange/src/dsp/dsp.cpp:477
          if (delayWithKeySense(ditTime))
    6778:	80 90 fc 05 	lds	r8, 0x05FC	; 0x8005fc <ditTime>
    677c:	90 90 fd 05 	lds	r9, 0x05FD	; 0x8005fd <ditTime+0x1>
    6780:	a0 90 fe 05 	lds	r10, 0x05FE	; 0x8005fe <ditTime+0x2>
    6784:	b0 90 ff 05 	lds	r11, 0x05FF	; 0x8005ff <ditTime+0x3>
    6788:	c5 01       	movw	r24, r10
    678a:	b4 01       	movw	r22, r8
    678c:	0e 94 6b 0e 	call	0x1cd6	; 0x1cd6 <delayWithKeySense(unsigned long)>
    6790:	81 11       	cpse	r24, r1
    6792:	dc cf       	rjmp	.-72     	; 0x674c <main+0x2144>
/home/jgalera/develop/arduino/usdx/usdx_plus_orange/src/dsp/dsp.cpp:470
        ;
      k >>= 1; // shift start of cw code to MSB
      if (k == 0)
        delay(ditTime * 4); // space -> add word space
      else {
        for (; k; k >>= 1) { // send dit/dah one by one, until everythng is sent
    6794:	16 95       	lsr	r17
    6796:	09 f0       	breq	.+2      	; 0x679a <main+0x2192>
    6798:	ba cf       	rjmp	.-140    	; 0x670e <main+0x2106>
/home/jgalera/develop/arduino/usdx/usdx_plus_orange/src/dsp/dsp.cpp:480
          } // symbol: dah or dih length
          switch_rxtx(0); // key-off tx
          if (delayWithKeySense(ditTime))
            return 1; // add symbol space
        }
        if (delayWithKeySense(ditTime * 2))
    679a:	c5 01       	movw	r24, r10
    679c:	b4 01       	movw	r22, r8
    679e:	66 0f       	add	r22, r22
    67a0:	77 1f       	adc	r23, r23
    67a2:	88 1f       	adc	r24, r24
    67a4:	99 1f       	adc	r25, r25
    67a6:	0e 94 6b 0e 	call	0x1cd6	; 0x1cd6 <delayWithKeySense(unsigned long)>
    67aa:	88 23       	and	r24, r24
    67ac:	09 f4       	brne	.+2      	; 0x67b0 <main+0x21a8>
    67ae:	f1 ce       	rjmp	.-542    	; 0x6592 <main+0x1f8a>
    67b0:	cd cf       	rjmp	.-102    	; 0x674c <main+0x2144>
/home/jgalera/develop/arduino/usdx/usdx_plus_orange/src/dsp/dsp.cpp:459
uint32_t cw_msg_event = 0;
uint8_t cw_msg_id = 0; // selected message

int cw_tx(char ch) { // Transmit message in CW
  char sym;
  for (uint8_t j = 0; (sym = pgm_read_byte_near(m2c + j));
    67b2:	f3 94       	inc	r15
    67b4:	cb ce       	rjmp	.-618    	; 0x654c <main+0x1f44>
loop():
/home/jgalera/develop/arduino/usdx/usdx_plus_orange/usdx_plus_orange.ino:1353

#ifdef CW_MESSAGE
  if ((mode == CW) && (cw_msg_event) &&
      (millis() > cw_msg_event)) { // if it is time to send a CW message
    if ((cw_tx(cw_msg[cw_msg_id]) == 0) &&
        ((cw_msg[cw_msg_id][0] == 'C') && (cw_msg[cw_msg_id][1] == 'Q')) &&
    67b6:	e0 91 f4 05 	lds	r30, 0x05F4	; 0x8005f4 <cw_msg_id>
    67ba:	20 e3       	ldi	r18, 0x30	; 48
    67bc:	e2 9f       	mul	r30, r18
    67be:	f0 01       	movw	r30, r0
    67c0:	11 24       	eor	r1, r1
    67c2:	e2 58       	subi	r30, 0x82	; 130
    67c4:	fe 4f       	sbci	r31, 0xFE	; 254
/home/jgalera/develop/arduino/usdx/usdx_plus_orange/usdx_plus_orange.ino:1352
  }

#ifdef CW_MESSAGE
  if ((mode == CW) && (cw_msg_event) &&
      (millis() > cw_msg_event)) { // if it is time to send a CW message
    if ((cw_tx(cw_msg[cw_msg_id]) == 0) &&
    67c6:	80 81       	ld	r24, Z
    67c8:	83 34       	cpi	r24, 0x43	; 67
    67ca:	09 f0       	breq	.+2      	; 0x67ce <main+0x21c6>
    67cc:	bf cf       	rjmp	.-130    	; 0x674c <main+0x2144>
/home/jgalera/develop/arduino/usdx/usdx_plus_orange/usdx_plus_orange.ino:1353
        ((cw_msg[cw_msg_id][0] == 'C') && (cw_msg[cw_msg_id][1] == 'Q')) &&
    67ce:	81 81       	ldd	r24, Z+1	; 0x01
    67d0:	81 35       	cpi	r24, 0x51	; 81
    67d2:	09 f0       	breq	.+2      	; 0x67d6 <main+0x21ce>
    67d4:	bb cf       	rjmp	.-138    	; 0x674c <main+0x2144>
/home/jgalera/develop/arduino/usdx/usdx_plus_orange/usdx_plus_orange.ino:1355
        cw_msg_interval)
      cw_msg_event = millis() + 1000 * cw_msg_interval;
    67d6:	0e 94 f9 03 	call	0x7f2	; 0x7f2 <millis>
    67da:	68 57       	subi	r22, 0x78	; 120
    67dc:	7c 4e       	sbci	r23, 0xEC	; 236
    67de:	8f 4f       	sbci	r24, 0xFF	; 255
    67e0:	9f 4f       	sbci	r25, 0xFF	; 255
    67e2:	60 93 00 06 	sts	0x0600, r22	; 0x800600 <cw_msg_event>
    67e6:	70 93 01 06 	sts	0x0601, r23	; 0x800601 <cw_msg_event+0x1>
    67ea:	80 93 02 06 	sts	0x0602, r24	; 0x800602 <cw_msg_event+0x2>
    67ee:	90 93 03 06 	sts	0x0603, r25	; 0x800603 <cw_msg_event+0x3>
    67f2:	b4 cf       	rjmp	.-152    	; 0x675c <main+0x2154>

000067f4 <atol>:
atol():
    67f4:	1f 93       	push	r17
    67f6:	fc 01       	movw	r30, r24
    67f8:	99 27       	eor	r25, r25
    67fa:	88 27       	eor	r24, r24
    67fc:	bc 01       	movw	r22, r24
    67fe:	e8 94       	clt
    6800:	11 91       	ld	r17, Z+
    6802:	10 32       	cpi	r17, 0x20	; 32
    6804:	e9 f3       	breq	.-6      	; 0x6800 <atol+0xc>
    6806:	19 30       	cpi	r17, 0x09	; 9
    6808:	10 f0       	brcs	.+4      	; 0x680e <atol+0x1a>
    680a:	1e 30       	cpi	r17, 0x0E	; 14
    680c:	c8 f3       	brcs	.-14     	; 0x6800 <atol+0xc>
    680e:	1b 32       	cpi	r17, 0x2B	; 43
    6810:	51 f0       	breq	.+20     	; 0x6826 <atol+0x32>
    6812:	1d 32       	cpi	r17, 0x2D	; 45
    6814:	49 f4       	brne	.+18     	; 0x6828 <atol+0x34>
    6816:	68 94       	set
    6818:	06 c0       	rjmp	.+12     	; 0x6826 <atol+0x32>
    681a:	0e 94 2a 34 	call	0x6854	; 0x6854 <__mulsi_const_10>
    681e:	61 0f       	add	r22, r17
    6820:	71 1d       	adc	r23, r1
    6822:	81 1d       	adc	r24, r1
    6824:	91 1d       	adc	r25, r1
    6826:	11 91       	ld	r17, Z+
    6828:	10 53       	subi	r17, 0x30	; 48
    682a:	1a 30       	cpi	r17, 0x0A	; 10
    682c:	b0 f3       	brcs	.-20     	; 0x681a <atol+0x26>
    682e:	3e f4       	brtc	.+14     	; 0x683e <atol+0x4a>
    6830:	90 95       	com	r25
    6832:	80 95       	com	r24
    6834:	70 95       	com	r23
    6836:	61 95       	neg	r22
    6838:	7f 4f       	sbci	r23, 0xFF	; 255
    683a:	8f 4f       	sbci	r24, 0xFF	; 255
    683c:	9f 4f       	sbci	r25, 0xFF	; 255
    683e:	1f 91       	pop	r17
    6840:	08 95       	ret

00006842 <memcpy_P>:
memcpy_P():
    6842:	fb 01       	movw	r30, r22
    6844:	dc 01       	movw	r26, r24
    6846:	02 c0       	rjmp	.+4      	; 0x684c <memcpy_P+0xa>
    6848:	05 90       	lpm	r0, Z+
    684a:	0d 92       	st	X+, r0
    684c:	41 50       	subi	r20, 0x01	; 1
    684e:	50 40       	sbci	r21, 0x00	; 0
    6850:	d8 f7       	brcc	.-10     	; 0x6848 <memcpy_P+0x6>
    6852:	08 95       	ret

00006854 <__mulsi_const_10>:
__mulsi_const_10():
    6854:	59 2f       	mov	r21, r25
    6856:	48 2f       	mov	r20, r24
    6858:	37 2f       	mov	r19, r23
    685a:	26 2f       	mov	r18, r22
    685c:	66 0f       	add	r22, r22
    685e:	77 1f       	adc	r23, r23
    6860:	88 1f       	adc	r24, r24
    6862:	99 1f       	adc	r25, r25
    6864:	66 0f       	add	r22, r22
    6866:	77 1f       	adc	r23, r23
    6868:	88 1f       	adc	r24, r24
    686a:	99 1f       	adc	r25, r25
    686c:	62 0f       	add	r22, r18
    686e:	73 1f       	adc	r23, r19
    6870:	84 1f       	adc	r24, r20
    6872:	95 1f       	adc	r25, r21
    6874:	66 0f       	add	r22, r22
    6876:	77 1f       	adc	r23, r23
    6878:	88 1f       	adc	r24, r24
    687a:	99 1f       	adc	r25, r25
    687c:	08 95       	ret

0000687e <vfprintf>:
vfprintf():
    687e:	ab e0       	ldi	r26, 0x0B	; 11
    6880:	b0 e0       	ldi	r27, 0x00	; 0
    6882:	e5 e4       	ldi	r30, 0x45	; 69
    6884:	f4 e3       	ldi	r31, 0x34	; 52
    6886:	0c 94 ed 36 	jmp	0x6dda	; 0x6dda <__prologue_saves__>
    688a:	7c 01       	movw	r14, r24
    688c:	3b 01       	movw	r6, r22
    688e:	8a 01       	movw	r16, r20
    6890:	fc 01       	movw	r30, r24
    6892:	17 82       	std	Z+7, r1	; 0x07
    6894:	16 82       	std	Z+6, r1	; 0x06
    6896:	83 81       	ldd	r24, Z+3	; 0x03
    6898:	81 ff       	sbrs	r24, 1
    689a:	c8 c1       	rjmp	.+912    	; 0x6c2c <vfprintf+0x3ae>
    689c:	ce 01       	movw	r24, r28
    689e:	01 96       	adiw	r24, 0x01	; 1
    68a0:	5c 01       	movw	r10, r24
    68a2:	f7 01       	movw	r30, r14
    68a4:	93 81       	ldd	r25, Z+3	; 0x03
    68a6:	f3 01       	movw	r30, r6
    68a8:	93 fd       	sbrc	r25, 3
    68aa:	85 91       	lpm	r24, Z+
    68ac:	93 ff       	sbrs	r25, 3
    68ae:	81 91       	ld	r24, Z+
    68b0:	3f 01       	movw	r6, r30
    68b2:	88 23       	and	r24, r24
    68b4:	09 f4       	brne	.+2      	; 0x68b8 <vfprintf+0x3a>
    68b6:	53 c1       	rjmp	.+678    	; 0x6b5e <vfprintf+0x2e0>
    68b8:	85 32       	cpi	r24, 0x25	; 37
    68ba:	39 f4       	brne	.+14     	; 0x68ca <vfprintf+0x4c>
    68bc:	93 fd       	sbrc	r25, 3
    68be:	85 91       	lpm	r24, Z+
    68c0:	93 ff       	sbrs	r25, 3
    68c2:	81 91       	ld	r24, Z+
    68c4:	3f 01       	movw	r6, r30
    68c6:	85 32       	cpi	r24, 0x25	; 37
    68c8:	29 f4       	brne	.+10     	; 0x68d4 <vfprintf+0x56>
    68ca:	b7 01       	movw	r22, r14
    68cc:	90 e0       	ldi	r25, 0x00	; 0
    68ce:	0e 94 2f 36 	call	0x6c5e	; 0x6c5e <fputc>
    68d2:	e7 cf       	rjmp	.-50     	; 0x68a2 <vfprintf+0x24>
    68d4:	91 2c       	mov	r9, r1
    68d6:	21 2c       	mov	r2, r1
    68d8:	31 2c       	mov	r3, r1
    68da:	ff e1       	ldi	r31, 0x1F	; 31
    68dc:	f3 15       	cp	r31, r3
    68de:	38 f0       	brcs	.+14     	; 0x68ee <vfprintf+0x70>
    68e0:	8b 32       	cpi	r24, 0x2B	; 43
    68e2:	11 f1       	breq	.+68     	; 0x6928 <vfprintf+0xaa>
    68e4:	90 f4       	brcc	.+36     	; 0x690a <vfprintf+0x8c>
    68e6:	80 32       	cpi	r24, 0x20	; 32
    68e8:	09 f1       	breq	.+66     	; 0x692c <vfprintf+0xae>
    68ea:	83 32       	cpi	r24, 0x23	; 35
    68ec:	29 f1       	breq	.+74     	; 0x6938 <vfprintf+0xba>
    68ee:	37 fc       	sbrc	r3, 7
    68f0:	3c c0       	rjmp	.+120    	; 0x696a <vfprintf+0xec>
    68f2:	20 ed       	ldi	r18, 0xD0	; 208
    68f4:	28 0f       	add	r18, r24
    68f6:	2a 30       	cpi	r18, 0x0A	; 10
    68f8:	50 f5       	brcc	.+84     	; 0x694e <vfprintf+0xd0>
    68fa:	36 fe       	sbrs	r3, 6
    68fc:	20 c0       	rjmp	.+64     	; 0x693e <vfprintf+0xc0>
    68fe:	8a e0       	ldi	r24, 0x0A	; 10
    6900:	98 9e       	mul	r9, r24
    6902:	20 0d       	add	r18, r0
    6904:	11 24       	eor	r1, r1
    6906:	92 2e       	mov	r9, r18
    6908:	06 c0       	rjmp	.+12     	; 0x6916 <vfprintf+0x98>
    690a:	8d 32       	cpi	r24, 0x2D	; 45
    690c:	91 f0       	breq	.+36     	; 0x6932 <vfprintf+0xb4>
    690e:	80 33       	cpi	r24, 0x30	; 48
    6910:	71 f7       	brne	.-36     	; 0x68ee <vfprintf+0x70>
    6912:	68 94       	set
    6914:	30 f8       	bld	r3, 0
    6916:	f3 01       	movw	r30, r6
    6918:	93 fd       	sbrc	r25, 3
    691a:	85 91       	lpm	r24, Z+
    691c:	93 ff       	sbrs	r25, 3
    691e:	81 91       	ld	r24, Z+
    6920:	3f 01       	movw	r6, r30
    6922:	81 11       	cpse	r24, r1
    6924:	da cf       	rjmp	.-76     	; 0x68da <vfprintf+0x5c>
    6926:	21 c0       	rjmp	.+66     	; 0x696a <vfprintf+0xec>
    6928:	68 94       	set
    692a:	31 f8       	bld	r3, 1
    692c:	68 94       	set
    692e:	32 f8       	bld	r3, 2
    6930:	f2 cf       	rjmp	.-28     	; 0x6916 <vfprintf+0x98>
    6932:	68 94       	set
    6934:	33 f8       	bld	r3, 3
    6936:	ef cf       	rjmp	.-34     	; 0x6916 <vfprintf+0x98>
    6938:	68 94       	set
    693a:	34 f8       	bld	r3, 4
    693c:	ec cf       	rjmp	.-40     	; 0x6916 <vfprintf+0x98>
    693e:	ea e0       	ldi	r30, 0x0A	; 10
    6940:	2e 9e       	mul	r2, r30
    6942:	20 0d       	add	r18, r0
    6944:	11 24       	eor	r1, r1
    6946:	22 2e       	mov	r2, r18
    6948:	68 94       	set
    694a:	35 f8       	bld	r3, 5
    694c:	e4 cf       	rjmp	.-56     	; 0x6916 <vfprintf+0x98>
    694e:	8e 32       	cpi	r24, 0x2E	; 46
    6950:	29 f4       	brne	.+10     	; 0x695c <vfprintf+0xde>
    6952:	36 fc       	sbrc	r3, 6
    6954:	04 c1       	rjmp	.+520    	; 0x6b5e <vfprintf+0x2e0>
    6956:	68 94       	set
    6958:	36 f8       	bld	r3, 6
    695a:	dd cf       	rjmp	.-70     	; 0x6916 <vfprintf+0x98>
    695c:	8c 36       	cpi	r24, 0x6C	; 108
    695e:	19 f4       	brne	.+6      	; 0x6966 <vfprintf+0xe8>
    6960:	68 94       	set
    6962:	37 f8       	bld	r3, 7
    6964:	d8 cf       	rjmp	.-80     	; 0x6916 <vfprintf+0x98>
    6966:	88 36       	cpi	r24, 0x68	; 104
    6968:	b1 f2       	breq	.-84     	; 0x6916 <vfprintf+0x98>
    696a:	98 2f       	mov	r25, r24
    696c:	9f 7d       	andi	r25, 0xDF	; 223
    696e:	95 54       	subi	r25, 0x45	; 69
    6970:	93 30       	cpi	r25, 0x03	; 3
    6972:	e0 f0       	brcs	.+56     	; 0x69ac <vfprintf+0x12e>
    6974:	83 36       	cpi	r24, 0x63	; 99
    6976:	a1 f1       	breq	.+104    	; 0x69e0 <vfprintf+0x162>
    6978:	83 37       	cpi	r24, 0x73	; 115
    697a:	c1 f1       	breq	.+112    	; 0x69ec <vfprintf+0x16e>
    697c:	83 35       	cpi	r24, 0x53	; 83
    697e:	09 f0       	breq	.+2      	; 0x6982 <vfprintf+0x104>
    6980:	63 c0       	rjmp	.+198    	; 0x6a48 <vfprintf+0x1ca>
    6982:	28 01       	movw	r4, r16
    6984:	f2 e0       	ldi	r31, 0x02	; 2
    6986:	4f 0e       	add	r4, r31
    6988:	51 1c       	adc	r5, r1
    698a:	f8 01       	movw	r30, r16
    698c:	c0 80       	ld	r12, Z
    698e:	d1 80       	ldd	r13, Z+1	; 0x01
    6990:	69 2d       	mov	r22, r9
    6992:	70 e0       	ldi	r23, 0x00	; 0
    6994:	36 fc       	sbrc	r3, 6
    6996:	02 c0       	rjmp	.+4      	; 0x699c <vfprintf+0x11e>
    6998:	6f ef       	ldi	r22, 0xFF	; 255
    699a:	7f ef       	ldi	r23, 0xFF	; 255
    699c:	c6 01       	movw	r24, r12
    699e:	0e 94 19 36 	call	0x6c32	; 0x6c32 <strnlen_P>
    69a2:	4c 01       	movw	r8, r24
    69a4:	68 94       	set
    69a6:	37 f8       	bld	r3, 7
    69a8:	82 01       	movw	r16, r4
    69aa:	0a c0       	rjmp	.+20     	; 0x69c0 <vfprintf+0x142>
    69ac:	0c 5f       	subi	r16, 0xFC	; 252
    69ae:	1f 4f       	sbci	r17, 0xFF	; 255
    69b0:	ff e3       	ldi	r31, 0x3F	; 63
    69b2:	f9 83       	std	Y+1, r31	; 0x01
    69b4:	88 24       	eor	r8, r8
    69b6:	83 94       	inc	r8
    69b8:	91 2c       	mov	r9, r1
    69ba:	65 01       	movw	r12, r10
    69bc:	e8 94       	clt
    69be:	37 f8       	bld	r3, 7
    69c0:	33 fe       	sbrs	r3, 3
    69c2:	2d c0       	rjmp	.+90     	; 0x6a1e <vfprintf+0x1a0>
    69c4:	52 2c       	mov	r5, r2
    69c6:	81 14       	cp	r8, r1
    69c8:	91 04       	cpc	r9, r1
    69ca:	71 f5       	brne	.+92     	; 0x6a28 <vfprintf+0x1aa>
    69cc:	55 20       	and	r5, r5
    69ce:	09 f4       	brne	.+2      	; 0x69d2 <vfprintf+0x154>
    69d0:	68 cf       	rjmp	.-304    	; 0x68a2 <vfprintf+0x24>
    69d2:	b7 01       	movw	r22, r14
    69d4:	80 e2       	ldi	r24, 0x20	; 32
    69d6:	90 e0       	ldi	r25, 0x00	; 0
    69d8:	0e 94 2f 36 	call	0x6c5e	; 0x6c5e <fputc>
    69dc:	5a 94       	dec	r5
    69de:	f6 cf       	rjmp	.-20     	; 0x69cc <vfprintf+0x14e>
    69e0:	f8 01       	movw	r30, r16
    69e2:	80 81       	ld	r24, Z
    69e4:	89 83       	std	Y+1, r24	; 0x01
    69e6:	0e 5f       	subi	r16, 0xFE	; 254
    69e8:	1f 4f       	sbci	r17, 0xFF	; 255
    69ea:	e4 cf       	rjmp	.-56     	; 0x69b4 <vfprintf+0x136>
    69ec:	28 01       	movw	r4, r16
    69ee:	f2 e0       	ldi	r31, 0x02	; 2
    69f0:	4f 0e       	add	r4, r31
    69f2:	51 1c       	adc	r5, r1
    69f4:	f8 01       	movw	r30, r16
    69f6:	c0 80       	ld	r12, Z
    69f8:	d1 80       	ldd	r13, Z+1	; 0x01
    69fa:	69 2d       	mov	r22, r9
    69fc:	70 e0       	ldi	r23, 0x00	; 0
    69fe:	36 fc       	sbrc	r3, 6
    6a00:	02 c0       	rjmp	.+4      	; 0x6a06 <vfprintf+0x188>
    6a02:	6f ef       	ldi	r22, 0xFF	; 255
    6a04:	7f ef       	ldi	r23, 0xFF	; 255
    6a06:	c6 01       	movw	r24, r12
    6a08:	0e 94 24 36 	call	0x6c48	; 0x6c48 <strnlen>
    6a0c:	4c 01       	movw	r8, r24
    6a0e:	82 01       	movw	r16, r4
    6a10:	d5 cf       	rjmp	.-86     	; 0x69bc <vfprintf+0x13e>
    6a12:	b7 01       	movw	r22, r14
    6a14:	80 e2       	ldi	r24, 0x20	; 32
    6a16:	90 e0       	ldi	r25, 0x00	; 0
    6a18:	0e 94 2f 36 	call	0x6c5e	; 0x6c5e <fputc>
    6a1c:	2a 94       	dec	r2
    6a1e:	28 14       	cp	r2, r8
    6a20:	19 04       	cpc	r1, r9
    6a22:	09 f0       	breq	.+2      	; 0x6a26 <vfprintf+0x1a8>
    6a24:	b0 f7       	brcc	.-20     	; 0x6a12 <vfprintf+0x194>
    6a26:	ce cf       	rjmp	.-100    	; 0x69c4 <vfprintf+0x146>
    6a28:	f6 01       	movw	r30, r12
    6a2a:	37 fc       	sbrc	r3, 7
    6a2c:	85 91       	lpm	r24, Z+
    6a2e:	37 fe       	sbrs	r3, 7
    6a30:	81 91       	ld	r24, Z+
    6a32:	6f 01       	movw	r12, r30
    6a34:	b7 01       	movw	r22, r14
    6a36:	90 e0       	ldi	r25, 0x00	; 0
    6a38:	0e 94 2f 36 	call	0x6c5e	; 0x6c5e <fputc>
    6a3c:	51 10       	cpse	r5, r1
    6a3e:	5a 94       	dec	r5
    6a40:	f1 e0       	ldi	r31, 0x01	; 1
    6a42:	8f 1a       	sub	r8, r31
    6a44:	91 08       	sbc	r9, r1
    6a46:	bf cf       	rjmp	.-130    	; 0x69c6 <vfprintf+0x148>
    6a48:	84 36       	cpi	r24, 0x64	; 100
    6a4a:	19 f0       	breq	.+6      	; 0x6a52 <vfprintf+0x1d4>
    6a4c:	89 36       	cpi	r24, 0x69	; 105
    6a4e:	09 f0       	breq	.+2      	; 0x6a52 <vfprintf+0x1d4>
    6a50:	77 c0       	rjmp	.+238    	; 0x6b40 <vfprintf+0x2c2>
    6a52:	f8 01       	movw	r30, r16
    6a54:	37 fe       	sbrs	r3, 7
    6a56:	6b c0       	rjmp	.+214    	; 0x6b2e <vfprintf+0x2b0>
    6a58:	60 81       	ld	r22, Z
    6a5a:	71 81       	ldd	r23, Z+1	; 0x01
    6a5c:	82 81       	ldd	r24, Z+2	; 0x02
    6a5e:	93 81       	ldd	r25, Z+3	; 0x03
    6a60:	0c 5f       	subi	r16, 0xFC	; 252
    6a62:	1f 4f       	sbci	r17, 0xFF	; 255
    6a64:	f3 2d       	mov	r31, r3
    6a66:	ff 76       	andi	r31, 0x6F	; 111
    6a68:	3f 2e       	mov	r3, r31
    6a6a:	97 ff       	sbrs	r25, 7
    6a6c:	09 c0       	rjmp	.+18     	; 0x6a80 <vfprintf+0x202>
    6a6e:	90 95       	com	r25
    6a70:	80 95       	com	r24
    6a72:	70 95       	com	r23
    6a74:	61 95       	neg	r22
    6a76:	7f 4f       	sbci	r23, 0xFF	; 255
    6a78:	8f 4f       	sbci	r24, 0xFF	; 255
    6a7a:	9f 4f       	sbci	r25, 0xFF	; 255
    6a7c:	68 94       	set
    6a7e:	37 f8       	bld	r3, 7
    6a80:	2a e0       	ldi	r18, 0x0A	; 10
    6a82:	30 e0       	ldi	r19, 0x00	; 0
    6a84:	a5 01       	movw	r20, r10
    6a86:	0e 94 5f 36 	call	0x6cbe	; 0x6cbe <__ultoa_invert>
    6a8a:	c8 2e       	mov	r12, r24
    6a8c:	ca 18       	sub	r12, r10
    6a8e:	8c 2c       	mov	r8, r12
    6a90:	43 2c       	mov	r4, r3
    6a92:	36 fe       	sbrs	r3, 6
    6a94:	0c c0       	rjmp	.+24     	; 0x6aae <vfprintf+0x230>
    6a96:	e8 94       	clt
    6a98:	40 f8       	bld	r4, 0
    6a9a:	c9 14       	cp	r12, r9
    6a9c:	40 f4       	brcc	.+16     	; 0x6aae <vfprintf+0x230>
    6a9e:	34 fe       	sbrs	r3, 4
    6aa0:	05 c0       	rjmp	.+10     	; 0x6aac <vfprintf+0x22e>
    6aa2:	32 fc       	sbrc	r3, 2
    6aa4:	03 c0       	rjmp	.+6      	; 0x6aac <vfprintf+0x22e>
    6aa6:	f3 2d       	mov	r31, r3
    6aa8:	fe 7e       	andi	r31, 0xEE	; 238
    6aaa:	4f 2e       	mov	r4, r31
    6aac:	89 2c       	mov	r8, r9
    6aae:	44 fe       	sbrs	r4, 4
    6ab0:	95 c0       	rjmp	.+298    	; 0x6bdc <vfprintf+0x35e>
    6ab2:	fe 01       	movw	r30, r28
    6ab4:	ec 0d       	add	r30, r12
    6ab6:	f1 1d       	adc	r31, r1
    6ab8:	80 81       	ld	r24, Z
    6aba:	80 33       	cpi	r24, 0x30	; 48
    6abc:	09 f0       	breq	.+2      	; 0x6ac0 <vfprintf+0x242>
    6abe:	87 c0       	rjmp	.+270    	; 0x6bce <vfprintf+0x350>
    6ac0:	24 2d       	mov	r18, r4
    6ac2:	29 7e       	andi	r18, 0xE9	; 233
    6ac4:	42 2e       	mov	r4, r18
    6ac6:	84 2d       	mov	r24, r4
    6ac8:	88 70       	andi	r24, 0x08	; 8
    6aca:	58 2e       	mov	r5, r24
    6acc:	43 fc       	sbrc	r4, 3
    6ace:	95 c0       	rjmp	.+298    	; 0x6bfa <vfprintf+0x37c>
    6ad0:	40 fe       	sbrs	r4, 0
    6ad2:	8f c0       	rjmp	.+286    	; 0x6bf2 <vfprintf+0x374>
    6ad4:	9c 2c       	mov	r9, r12
    6ad6:	82 14       	cp	r8, r2
    6ad8:	18 f4       	brcc	.+6      	; 0x6ae0 <vfprintf+0x262>
    6ada:	2c 0c       	add	r2, r12
    6adc:	92 2c       	mov	r9, r2
    6ade:	98 18       	sub	r9, r8
    6ae0:	44 fe       	sbrs	r4, 4
    6ae2:	91 c0       	rjmp	.+290    	; 0x6c06 <vfprintf+0x388>
    6ae4:	b7 01       	movw	r22, r14
    6ae6:	80 e3       	ldi	r24, 0x30	; 48
    6ae8:	90 e0       	ldi	r25, 0x00	; 0
    6aea:	0e 94 2f 36 	call	0x6c5e	; 0x6c5e <fputc>
    6aee:	42 fe       	sbrs	r4, 2
    6af0:	09 c0       	rjmp	.+18     	; 0x6b04 <vfprintf+0x286>
    6af2:	88 e7       	ldi	r24, 0x78	; 120
    6af4:	90 e0       	ldi	r25, 0x00	; 0
    6af6:	41 fe       	sbrs	r4, 1
    6af8:	02 c0       	rjmp	.+4      	; 0x6afe <vfprintf+0x280>
    6afa:	88 e5       	ldi	r24, 0x58	; 88
    6afc:	90 e0       	ldi	r25, 0x00	; 0
    6afe:	b7 01       	movw	r22, r14
    6b00:	0e 94 2f 36 	call	0x6c5e	; 0x6c5e <fputc>
    6b04:	c9 14       	cp	r12, r9
    6b06:	08 f4       	brcc	.+2      	; 0x6b0a <vfprintf+0x28c>
    6b08:	8a c0       	rjmp	.+276    	; 0x6c1e <vfprintf+0x3a0>
    6b0a:	ca 94       	dec	r12
    6b0c:	d1 2c       	mov	r13, r1
    6b0e:	9f ef       	ldi	r25, 0xFF	; 255
    6b10:	c9 1a       	sub	r12, r25
    6b12:	d9 0a       	sbc	r13, r25
    6b14:	ca 0c       	add	r12, r10
    6b16:	db 1c       	adc	r13, r11
    6b18:	f6 01       	movw	r30, r12
    6b1a:	82 91       	ld	r24, -Z
    6b1c:	6f 01       	movw	r12, r30
    6b1e:	b7 01       	movw	r22, r14
    6b20:	90 e0       	ldi	r25, 0x00	; 0
    6b22:	0e 94 2f 36 	call	0x6c5e	; 0x6c5e <fputc>
    6b26:	ac 14       	cp	r10, r12
    6b28:	bd 04       	cpc	r11, r13
    6b2a:	b1 f7       	brne	.-20     	; 0x6b18 <vfprintf+0x29a>
    6b2c:	4f cf       	rjmp	.-354    	; 0x69cc <vfprintf+0x14e>
    6b2e:	60 81       	ld	r22, Z
    6b30:	71 81       	ldd	r23, Z+1	; 0x01
    6b32:	07 2e       	mov	r0, r23
    6b34:	00 0c       	add	r0, r0
    6b36:	88 0b       	sbc	r24, r24
    6b38:	99 0b       	sbc	r25, r25
    6b3a:	0e 5f       	subi	r16, 0xFE	; 254
    6b3c:	1f 4f       	sbci	r17, 0xFF	; 255
    6b3e:	92 cf       	rjmp	.-220    	; 0x6a64 <vfprintf+0x1e6>
    6b40:	d3 2c       	mov	r13, r3
    6b42:	e8 94       	clt
    6b44:	d4 f8       	bld	r13, 4
    6b46:	2a e0       	ldi	r18, 0x0A	; 10
    6b48:	30 e0       	ldi	r19, 0x00	; 0
    6b4a:	85 37       	cpi	r24, 0x75	; 117
    6b4c:	39 f1       	breq	.+78     	; 0x6b9c <vfprintf+0x31e>
    6b4e:	23 2d       	mov	r18, r3
    6b50:	29 7f       	andi	r18, 0xF9	; 249
    6b52:	d2 2e       	mov	r13, r18
    6b54:	8f 36       	cpi	r24, 0x6F	; 111
    6b56:	01 f1       	breq	.+64     	; 0x6b98 <vfprintf+0x31a>
    6b58:	48 f4       	brcc	.+18     	; 0x6b6c <vfprintf+0x2ee>
    6b5a:	88 35       	cpi	r24, 0x58	; 88
    6b5c:	a9 f0       	breq	.+42     	; 0x6b88 <vfprintf+0x30a>
    6b5e:	f7 01       	movw	r30, r14
    6b60:	86 81       	ldd	r24, Z+6	; 0x06
    6b62:	97 81       	ldd	r25, Z+7	; 0x07
    6b64:	2b 96       	adiw	r28, 0x0b	; 11
    6b66:	e2 e1       	ldi	r30, 0x12	; 18
    6b68:	0c 94 09 37 	jmp	0x6e12	; 0x6e12 <__epilogue_restores__>
    6b6c:	80 37       	cpi	r24, 0x70	; 112
    6b6e:	49 f0       	breq	.+18     	; 0x6b82 <vfprintf+0x304>
    6b70:	88 37       	cpi	r24, 0x78	; 120
    6b72:	a9 f7       	brne	.-22     	; 0x6b5e <vfprintf+0x2e0>
    6b74:	d4 fe       	sbrs	r13, 4
    6b76:	02 c0       	rjmp	.+4      	; 0x6b7c <vfprintf+0x2fe>
    6b78:	68 94       	set
    6b7a:	d2 f8       	bld	r13, 2
    6b7c:	20 e1       	ldi	r18, 0x10	; 16
    6b7e:	30 e0       	ldi	r19, 0x00	; 0
    6b80:	0d c0       	rjmp	.+26     	; 0x6b9c <vfprintf+0x31e>
    6b82:	68 94       	set
    6b84:	d4 f8       	bld	r13, 4
    6b86:	f6 cf       	rjmp	.-20     	; 0x6b74 <vfprintf+0x2f6>
    6b88:	34 fe       	sbrs	r3, 4
    6b8a:	03 c0       	rjmp	.+6      	; 0x6b92 <vfprintf+0x314>
    6b8c:	82 2f       	mov	r24, r18
    6b8e:	86 60       	ori	r24, 0x06	; 6
    6b90:	d8 2e       	mov	r13, r24
    6b92:	20 e1       	ldi	r18, 0x10	; 16
    6b94:	32 e0       	ldi	r19, 0x02	; 2
    6b96:	02 c0       	rjmp	.+4      	; 0x6b9c <vfprintf+0x31e>
    6b98:	28 e0       	ldi	r18, 0x08	; 8
    6b9a:	30 e0       	ldi	r19, 0x00	; 0
    6b9c:	f8 01       	movw	r30, r16
    6b9e:	d7 fe       	sbrs	r13, 7
    6ba0:	0f c0       	rjmp	.+30     	; 0x6bc0 <vfprintf+0x342>
    6ba2:	60 81       	ld	r22, Z
    6ba4:	71 81       	ldd	r23, Z+1	; 0x01
    6ba6:	82 81       	ldd	r24, Z+2	; 0x02
    6ba8:	93 81       	ldd	r25, Z+3	; 0x03
    6baa:	0c 5f       	subi	r16, 0xFC	; 252
    6bac:	1f 4f       	sbci	r17, 0xFF	; 255
    6bae:	a5 01       	movw	r20, r10
    6bb0:	0e 94 5f 36 	call	0x6cbe	; 0x6cbe <__ultoa_invert>
    6bb4:	c8 2e       	mov	r12, r24
    6bb6:	ca 18       	sub	r12, r10
    6bb8:	3d 2c       	mov	r3, r13
    6bba:	e8 94       	clt
    6bbc:	37 f8       	bld	r3, 7
    6bbe:	67 cf       	rjmp	.-306    	; 0x6a8e <vfprintf+0x210>
    6bc0:	60 81       	ld	r22, Z
    6bc2:	71 81       	ldd	r23, Z+1	; 0x01
    6bc4:	90 e0       	ldi	r25, 0x00	; 0
    6bc6:	80 e0       	ldi	r24, 0x00	; 0
    6bc8:	0e 5f       	subi	r16, 0xFE	; 254
    6bca:	1f 4f       	sbci	r17, 0xFF	; 255
    6bcc:	f0 cf       	rjmp	.-32     	; 0x6bae <vfprintf+0x330>
    6bce:	42 fc       	sbrc	r4, 2
    6bd0:	02 c0       	rjmp	.+4      	; 0x6bd6 <vfprintf+0x358>
    6bd2:	83 94       	inc	r8
    6bd4:	78 cf       	rjmp	.-272    	; 0x6ac6 <vfprintf+0x248>
    6bd6:	83 94       	inc	r8
    6bd8:	83 94       	inc	r8
    6bda:	75 cf       	rjmp	.-278    	; 0x6ac6 <vfprintf+0x248>
    6bdc:	84 2d       	mov	r24, r4
    6bde:	86 78       	andi	r24, 0x86	; 134
    6be0:	09 f4       	brne	.+2      	; 0x6be4 <vfprintf+0x366>
    6be2:	71 cf       	rjmp	.-286    	; 0x6ac6 <vfprintf+0x248>
    6be4:	f6 cf       	rjmp	.-20     	; 0x6bd2 <vfprintf+0x354>
    6be6:	b7 01       	movw	r22, r14
    6be8:	80 e2       	ldi	r24, 0x20	; 32
    6bea:	90 e0       	ldi	r25, 0x00	; 0
    6bec:	0e 94 2f 36 	call	0x6c5e	; 0x6c5e <fputc>
    6bf0:	83 94       	inc	r8
    6bf2:	82 14       	cp	r8, r2
    6bf4:	c0 f3       	brcs	.-16     	; 0x6be6 <vfprintf+0x368>
    6bf6:	51 2c       	mov	r5, r1
    6bf8:	73 cf       	rjmp	.-282    	; 0x6ae0 <vfprintf+0x262>
    6bfa:	52 2c       	mov	r5, r2
    6bfc:	58 18       	sub	r5, r8
    6bfe:	82 14       	cp	r8, r2
    6c00:	08 f4       	brcc	.+2      	; 0x6c04 <vfprintf+0x386>
    6c02:	6e cf       	rjmp	.-292    	; 0x6ae0 <vfprintf+0x262>
    6c04:	f8 cf       	rjmp	.-16     	; 0x6bf6 <vfprintf+0x378>
    6c06:	84 2d       	mov	r24, r4
    6c08:	86 78       	andi	r24, 0x86	; 134
    6c0a:	09 f4       	brne	.+2      	; 0x6c0e <vfprintf+0x390>
    6c0c:	7b cf       	rjmp	.-266    	; 0x6b04 <vfprintf+0x286>
    6c0e:	8b e2       	ldi	r24, 0x2B	; 43
    6c10:	41 fe       	sbrs	r4, 1
    6c12:	80 e2       	ldi	r24, 0x20	; 32
    6c14:	47 fc       	sbrc	r4, 7
    6c16:	8d e2       	ldi	r24, 0x2D	; 45
    6c18:	b7 01       	movw	r22, r14
    6c1a:	90 e0       	ldi	r25, 0x00	; 0
    6c1c:	71 cf       	rjmp	.-286    	; 0x6b00 <vfprintf+0x282>
    6c1e:	b7 01       	movw	r22, r14
    6c20:	80 e3       	ldi	r24, 0x30	; 48
    6c22:	90 e0       	ldi	r25, 0x00	; 0
    6c24:	0e 94 2f 36 	call	0x6c5e	; 0x6c5e <fputc>
    6c28:	9a 94       	dec	r9
    6c2a:	6c cf       	rjmp	.-296    	; 0x6b04 <vfprintf+0x286>
    6c2c:	8f ef       	ldi	r24, 0xFF	; 255
    6c2e:	9f ef       	ldi	r25, 0xFF	; 255
    6c30:	99 cf       	rjmp	.-206    	; 0x6b64 <vfprintf+0x2e6>

00006c32 <strnlen_P>:
strnlen_P():
    6c32:	fc 01       	movw	r30, r24
    6c34:	05 90       	lpm	r0, Z+
    6c36:	61 50       	subi	r22, 0x01	; 1
    6c38:	70 40       	sbci	r23, 0x00	; 0
    6c3a:	01 10       	cpse	r0, r1
    6c3c:	d8 f7       	brcc	.-10     	; 0x6c34 <strnlen_P+0x2>
    6c3e:	80 95       	com	r24
    6c40:	90 95       	com	r25
    6c42:	8e 0f       	add	r24, r30
    6c44:	9f 1f       	adc	r25, r31
    6c46:	08 95       	ret

00006c48 <strnlen>:
strnlen():
    6c48:	fc 01       	movw	r30, r24
    6c4a:	61 50       	subi	r22, 0x01	; 1
    6c4c:	70 40       	sbci	r23, 0x00	; 0
    6c4e:	01 90       	ld	r0, Z+
    6c50:	01 10       	cpse	r0, r1
    6c52:	d8 f7       	brcc	.-10     	; 0x6c4a <strnlen+0x2>
    6c54:	80 95       	com	r24
    6c56:	90 95       	com	r25
    6c58:	8e 0f       	add	r24, r30
    6c5a:	9f 1f       	adc	r25, r31
    6c5c:	08 95       	ret

00006c5e <fputc>:
fputc():
    6c5e:	0f 93       	push	r16
    6c60:	1f 93       	push	r17
    6c62:	cf 93       	push	r28
    6c64:	df 93       	push	r29
    6c66:	18 2f       	mov	r17, r24
    6c68:	09 2f       	mov	r16, r25
    6c6a:	eb 01       	movw	r28, r22
    6c6c:	8b 81       	ldd	r24, Y+3	; 0x03
    6c6e:	81 fd       	sbrc	r24, 1
    6c70:	09 c0       	rjmp	.+18     	; 0x6c84 <fputc+0x26>
    6c72:	1f ef       	ldi	r17, 0xFF	; 255
    6c74:	0f ef       	ldi	r16, 0xFF	; 255
    6c76:	81 2f       	mov	r24, r17
    6c78:	90 2f       	mov	r25, r16
    6c7a:	df 91       	pop	r29
    6c7c:	cf 91       	pop	r28
    6c7e:	1f 91       	pop	r17
    6c80:	0f 91       	pop	r16
    6c82:	08 95       	ret
    6c84:	82 ff       	sbrs	r24, 2
    6c86:	14 c0       	rjmp	.+40     	; 0x6cb0 <fputc+0x52>
    6c88:	2e 81       	ldd	r18, Y+6	; 0x06
    6c8a:	3f 81       	ldd	r19, Y+7	; 0x07
    6c8c:	8c 81       	ldd	r24, Y+4	; 0x04
    6c8e:	9d 81       	ldd	r25, Y+5	; 0x05
    6c90:	28 17       	cp	r18, r24
    6c92:	39 07       	cpc	r19, r25
    6c94:	3c f4       	brge	.+14     	; 0x6ca4 <fputc+0x46>
    6c96:	e8 81       	ld	r30, Y
    6c98:	f9 81       	ldd	r31, Y+1	; 0x01
    6c9a:	cf 01       	movw	r24, r30
    6c9c:	01 96       	adiw	r24, 0x01	; 1
    6c9e:	99 83       	std	Y+1, r25	; 0x01
    6ca0:	88 83       	st	Y, r24
    6ca2:	10 83       	st	Z, r17
    6ca4:	8e 81       	ldd	r24, Y+6	; 0x06
    6ca6:	9f 81       	ldd	r25, Y+7	; 0x07
    6ca8:	01 96       	adiw	r24, 0x01	; 1
    6caa:	9f 83       	std	Y+7, r25	; 0x07
    6cac:	8e 83       	std	Y+6, r24	; 0x06
    6cae:	e3 cf       	rjmp	.-58     	; 0x6c76 <fputc+0x18>
    6cb0:	e8 85       	ldd	r30, Y+8	; 0x08
    6cb2:	f9 85       	ldd	r31, Y+9	; 0x09
    6cb4:	81 2f       	mov	r24, r17
    6cb6:	09 95       	icall
    6cb8:	89 2b       	or	r24, r25
    6cba:	a1 f3       	breq	.-24     	; 0x6ca4 <fputc+0x46>
    6cbc:	da cf       	rjmp	.-76     	; 0x6c72 <fputc+0x14>

00006cbe <__ultoa_invert>:
__ultoa_invert():
    6cbe:	fa 01       	movw	r30, r20
    6cc0:	aa 27       	eor	r26, r26
    6cc2:	28 30       	cpi	r18, 0x08	; 8
    6cc4:	51 f1       	breq	.+84     	; 0x6d1a <__ultoa_invert+0x5c>
    6cc6:	20 31       	cpi	r18, 0x10	; 16
    6cc8:	81 f1       	breq	.+96     	; 0x6d2a <__ultoa_invert+0x6c>
    6cca:	e8 94       	clt
    6ccc:	6f 93       	push	r22
    6cce:	6e 7f       	andi	r22, 0xFE	; 254
    6cd0:	6e 5f       	subi	r22, 0xFE	; 254
    6cd2:	7f 4f       	sbci	r23, 0xFF	; 255
    6cd4:	8f 4f       	sbci	r24, 0xFF	; 255
    6cd6:	9f 4f       	sbci	r25, 0xFF	; 255
    6cd8:	af 4f       	sbci	r26, 0xFF	; 255
    6cda:	b1 e0       	ldi	r27, 0x01	; 1
    6cdc:	3e d0       	rcall	.+124    	; 0x6d5a <__ultoa_invert+0x9c>
    6cde:	b4 e0       	ldi	r27, 0x04	; 4
    6ce0:	3c d0       	rcall	.+120    	; 0x6d5a <__ultoa_invert+0x9c>
    6ce2:	67 0f       	add	r22, r23
    6ce4:	78 1f       	adc	r23, r24
    6ce6:	89 1f       	adc	r24, r25
    6ce8:	9a 1f       	adc	r25, r26
    6cea:	a1 1d       	adc	r26, r1
    6cec:	68 0f       	add	r22, r24
    6cee:	79 1f       	adc	r23, r25
    6cf0:	8a 1f       	adc	r24, r26
    6cf2:	91 1d       	adc	r25, r1
    6cf4:	a1 1d       	adc	r26, r1
    6cf6:	6a 0f       	add	r22, r26
    6cf8:	71 1d       	adc	r23, r1
    6cfa:	81 1d       	adc	r24, r1
    6cfc:	91 1d       	adc	r25, r1
    6cfe:	a1 1d       	adc	r26, r1
    6d00:	20 d0       	rcall	.+64     	; 0x6d42 <__ultoa_invert+0x84>
    6d02:	09 f4       	brne	.+2      	; 0x6d06 <__ultoa_invert+0x48>
    6d04:	68 94       	set
    6d06:	3f 91       	pop	r19
    6d08:	2a e0       	ldi	r18, 0x0A	; 10
    6d0a:	26 9f       	mul	r18, r22
    6d0c:	11 24       	eor	r1, r1
    6d0e:	30 19       	sub	r19, r0
    6d10:	30 5d       	subi	r19, 0xD0	; 208
    6d12:	31 93       	st	Z+, r19
    6d14:	de f6       	brtc	.-74     	; 0x6ccc <__ultoa_invert+0xe>
    6d16:	cf 01       	movw	r24, r30
    6d18:	08 95       	ret
    6d1a:	46 2f       	mov	r20, r22
    6d1c:	47 70       	andi	r20, 0x07	; 7
    6d1e:	40 5d       	subi	r20, 0xD0	; 208
    6d20:	41 93       	st	Z+, r20
    6d22:	b3 e0       	ldi	r27, 0x03	; 3
    6d24:	0f d0       	rcall	.+30     	; 0x6d44 <__ultoa_invert+0x86>
    6d26:	c9 f7       	brne	.-14     	; 0x6d1a <__ultoa_invert+0x5c>
    6d28:	f6 cf       	rjmp	.-20     	; 0x6d16 <__ultoa_invert+0x58>
    6d2a:	46 2f       	mov	r20, r22
    6d2c:	4f 70       	andi	r20, 0x0F	; 15
    6d2e:	40 5d       	subi	r20, 0xD0	; 208
    6d30:	4a 33       	cpi	r20, 0x3A	; 58
    6d32:	18 f0       	brcs	.+6      	; 0x6d3a <__ultoa_invert+0x7c>
    6d34:	49 5d       	subi	r20, 0xD9	; 217
    6d36:	31 fd       	sbrc	r19, 1
    6d38:	40 52       	subi	r20, 0x20	; 32
    6d3a:	41 93       	st	Z+, r20
    6d3c:	02 d0       	rcall	.+4      	; 0x6d42 <__ultoa_invert+0x84>
    6d3e:	a9 f7       	brne	.-22     	; 0x6d2a <__ultoa_invert+0x6c>
    6d40:	ea cf       	rjmp	.-44     	; 0x6d16 <__ultoa_invert+0x58>
    6d42:	b4 e0       	ldi	r27, 0x04	; 4
    6d44:	a6 95       	lsr	r26
    6d46:	97 95       	ror	r25
    6d48:	87 95       	ror	r24
    6d4a:	77 95       	ror	r23
    6d4c:	67 95       	ror	r22
    6d4e:	ba 95       	dec	r27
    6d50:	c9 f7       	brne	.-14     	; 0x6d44 <__ultoa_invert+0x86>
    6d52:	00 97       	sbiw	r24, 0x00	; 0
    6d54:	61 05       	cpc	r22, r1
    6d56:	71 05       	cpc	r23, r1
    6d58:	08 95       	ret
    6d5a:	9b 01       	movw	r18, r22
    6d5c:	ac 01       	movw	r20, r24
    6d5e:	0a 2e       	mov	r0, r26
    6d60:	06 94       	lsr	r0
    6d62:	57 95       	ror	r21
    6d64:	47 95       	ror	r20
    6d66:	37 95       	ror	r19
    6d68:	27 95       	ror	r18
    6d6a:	ba 95       	dec	r27
    6d6c:	c9 f7       	brne	.-14     	; 0x6d60 <__ultoa_invert+0xa2>
    6d6e:	62 0f       	add	r22, r18
    6d70:	73 1f       	adc	r23, r19
    6d72:	84 1f       	adc	r24, r20
    6d74:	95 1f       	adc	r25, r21
    6d76:	a0 1d       	adc	r26, r0
    6d78:	08 95       	ret

00006d7a <eeprom_read_block>:
eeprom_read_block():
    6d7a:	dc 01       	movw	r26, r24
    6d7c:	cb 01       	movw	r24, r22

00006d7e <eeprom_read_blraw>:
    6d7e:	fc 01       	movw	r30, r24
    6d80:	f9 99       	sbic	0x1f, 1	; 31
    6d82:	fe cf       	rjmp	.-4      	; 0x6d80 <eeprom_read_blraw+0x2>
    6d84:	06 c0       	rjmp	.+12     	; 0x6d92 <eeprom_read_blraw+0x14>
    6d86:	f2 bd       	out	0x22, r31	; 34
    6d88:	e1 bd       	out	0x21, r30	; 33
    6d8a:	f8 9a       	sbi	0x1f, 0	; 31
    6d8c:	31 96       	adiw	r30, 0x01	; 1
    6d8e:	00 b4       	in	r0, 0x20	; 32
    6d90:	0d 92       	st	X+, r0
    6d92:	41 50       	subi	r20, 0x01	; 1
    6d94:	50 40       	sbci	r21, 0x00	; 0
    6d96:	b8 f7       	brcc	.-18     	; 0x6d86 <eeprom_read_blraw+0x8>
    6d98:	08 95       	ret

00006d9a <eeprom_read_byte>:
eeprom_read_byte():
    6d9a:	f9 99       	sbic	0x1f, 1	; 31
    6d9c:	fe cf       	rjmp	.-4      	; 0x6d9a <eeprom_read_byte>
    6d9e:	92 bd       	out	0x22, r25	; 34
    6da0:	81 bd       	out	0x21, r24	; 33
    6da2:	f8 9a       	sbi	0x1f, 0	; 31
    6da4:	99 27       	eor	r25, r25
    6da6:	80 b5       	in	r24, 0x20	; 32
    6da8:	08 95       	ret

00006daa <eeprom_write_block>:
eeprom_write_block():
    6daa:	dc 01       	movw	r26, r24
    6dac:	cb 01       	movw	r24, r22
    6dae:	03 c0       	rjmp	.+6      	; 0x6db6 <eeprom_write_block+0xc>
    6db0:	2d 91       	ld	r18, X+
    6db2:	0e 94 e0 36 	call	0x6dc0	; 0x6dc0 <eeprom_write_r18>
    6db6:	41 50       	subi	r20, 0x01	; 1
    6db8:	50 40       	sbci	r21, 0x00	; 0
    6dba:	d0 f7       	brcc	.-12     	; 0x6db0 <eeprom_write_block+0x6>
    6dbc:	08 95       	ret

00006dbe <eeprom_write_byte>:
eeprom_write_byte():
    6dbe:	26 2f       	mov	r18, r22

00006dc0 <eeprom_write_r18>:
    6dc0:	f9 99       	sbic	0x1f, 1	; 31
    6dc2:	fe cf       	rjmp	.-4      	; 0x6dc0 <eeprom_write_r18>
    6dc4:	1f ba       	out	0x1f, r1	; 31
    6dc6:	92 bd       	out	0x22, r25	; 34
    6dc8:	81 bd       	out	0x21, r24	; 33
    6dca:	20 bd       	out	0x20, r18	; 32
    6dcc:	0f b6       	in	r0, 0x3f	; 63
    6dce:	f8 94       	cli
    6dd0:	fa 9a       	sbi	0x1f, 2	; 31
    6dd2:	f9 9a       	sbi	0x1f, 1	; 31
    6dd4:	0f be       	out	0x3f, r0	; 63
    6dd6:	01 96       	adiw	r24, 0x01	; 1
    6dd8:	08 95       	ret

00006dda <__prologue_saves__>:
__prologue_saves__():
/home/jenkins/workspace/avr-gcc-staging/label/debian7-x86_64/gcc-build/avr/avr5/libgcc/../../../../gcc/libgcc/config/avr/lib1funcs.S:2169
    6dda:	2f 92       	push	r2
/home/jenkins/workspace/avr-gcc-staging/label/debian7-x86_64/gcc-build/avr/avr5/libgcc/../../../../gcc/libgcc/config/avr/lib1funcs.S:2170
    6ddc:	3f 92       	push	r3
/home/jenkins/workspace/avr-gcc-staging/label/debian7-x86_64/gcc-build/avr/avr5/libgcc/../../../../gcc/libgcc/config/avr/lib1funcs.S:2171
    6dde:	4f 92       	push	r4
/home/jenkins/workspace/avr-gcc-staging/label/debian7-x86_64/gcc-build/avr/avr5/libgcc/../../../../gcc/libgcc/config/avr/lib1funcs.S:2172
    6de0:	5f 92       	push	r5
/home/jenkins/workspace/avr-gcc-staging/label/debian7-x86_64/gcc-build/avr/avr5/libgcc/../../../../gcc/libgcc/config/avr/lib1funcs.S:2173
    6de2:	6f 92       	push	r6
/home/jenkins/workspace/avr-gcc-staging/label/debian7-x86_64/gcc-build/avr/avr5/libgcc/../../../../gcc/libgcc/config/avr/lib1funcs.S:2174
    6de4:	7f 92       	push	r7
/home/jenkins/workspace/avr-gcc-staging/label/debian7-x86_64/gcc-build/avr/avr5/libgcc/../../../../gcc/libgcc/config/avr/lib1funcs.S:2175
    6de6:	8f 92       	push	r8
/home/jenkins/workspace/avr-gcc-staging/label/debian7-x86_64/gcc-build/avr/avr5/libgcc/../../../../gcc/libgcc/config/avr/lib1funcs.S:2176
    6de8:	9f 92       	push	r9
/home/jenkins/workspace/avr-gcc-staging/label/debian7-x86_64/gcc-build/avr/avr5/libgcc/../../../../gcc/libgcc/config/avr/lib1funcs.S:2177
    6dea:	af 92       	push	r10
/home/jenkins/workspace/avr-gcc-staging/label/debian7-x86_64/gcc-build/avr/avr5/libgcc/../../../../gcc/libgcc/config/avr/lib1funcs.S:2178
    6dec:	bf 92       	push	r11
/home/jenkins/workspace/avr-gcc-staging/label/debian7-x86_64/gcc-build/avr/avr5/libgcc/../../../../gcc/libgcc/config/avr/lib1funcs.S:2179
    6dee:	cf 92       	push	r12
/home/jenkins/workspace/avr-gcc-staging/label/debian7-x86_64/gcc-build/avr/avr5/libgcc/../../../../gcc/libgcc/config/avr/lib1funcs.S:2180
    6df0:	df 92       	push	r13
/home/jenkins/workspace/avr-gcc-staging/label/debian7-x86_64/gcc-build/avr/avr5/libgcc/../../../../gcc/libgcc/config/avr/lib1funcs.S:2181
    6df2:	ef 92       	push	r14
/home/jenkins/workspace/avr-gcc-staging/label/debian7-x86_64/gcc-build/avr/avr5/libgcc/../../../../gcc/libgcc/config/avr/lib1funcs.S:2182
    6df4:	ff 92       	push	r15
/home/jenkins/workspace/avr-gcc-staging/label/debian7-x86_64/gcc-build/avr/avr5/libgcc/../../../../gcc/libgcc/config/avr/lib1funcs.S:2183
    6df6:	0f 93       	push	r16
/home/jenkins/workspace/avr-gcc-staging/label/debian7-x86_64/gcc-build/avr/avr5/libgcc/../../../../gcc/libgcc/config/avr/lib1funcs.S:2184
    6df8:	1f 93       	push	r17
/home/jenkins/workspace/avr-gcc-staging/label/debian7-x86_64/gcc-build/avr/avr5/libgcc/../../../../gcc/libgcc/config/avr/lib1funcs.S:2185
    6dfa:	cf 93       	push	r28
/home/jenkins/workspace/avr-gcc-staging/label/debian7-x86_64/gcc-build/avr/avr5/libgcc/../../../../gcc/libgcc/config/avr/lib1funcs.S:2186
    6dfc:	df 93       	push	r29
/home/jenkins/workspace/avr-gcc-staging/label/debian7-x86_64/gcc-build/avr/avr5/libgcc/../../../../gcc/libgcc/config/avr/lib1funcs.S:2200
    6dfe:	cd b7       	in	r28, 0x3d	; 61
/home/jenkins/workspace/avr-gcc-staging/label/debian7-x86_64/gcc-build/avr/avr5/libgcc/../../../../gcc/libgcc/config/avr/lib1funcs.S:2201
    6e00:	de b7       	in	r29, 0x3e	; 62
/home/jenkins/workspace/avr-gcc-staging/label/debian7-x86_64/gcc-build/avr/avr5/libgcc/../../../../gcc/libgcc/config/avr/lib1funcs.S:2202
    6e02:	ca 1b       	sub	r28, r26
/home/jenkins/workspace/avr-gcc-staging/label/debian7-x86_64/gcc-build/avr/avr5/libgcc/../../../../gcc/libgcc/config/avr/lib1funcs.S:2203
    6e04:	db 0b       	sbc	r29, r27
/home/jenkins/workspace/avr-gcc-staging/label/debian7-x86_64/gcc-build/avr/avr5/libgcc/../../../../gcc/libgcc/config/avr/lib1funcs.S:2204
    6e06:	0f b6       	in	r0, 0x3f	; 63
/home/jenkins/workspace/avr-gcc-staging/label/debian7-x86_64/gcc-build/avr/avr5/libgcc/../../../../gcc/libgcc/config/avr/lib1funcs.S:2205
    6e08:	f8 94       	cli
/home/jenkins/workspace/avr-gcc-staging/label/debian7-x86_64/gcc-build/avr/avr5/libgcc/../../../../gcc/libgcc/config/avr/lib1funcs.S:2206
    6e0a:	de bf       	out	0x3e, r29	; 62
/home/jenkins/workspace/avr-gcc-staging/label/debian7-x86_64/gcc-build/avr/avr5/libgcc/../../../../gcc/libgcc/config/avr/lib1funcs.S:2207
    6e0c:	0f be       	out	0x3f, r0	; 63
/home/jenkins/workspace/avr-gcc-staging/label/debian7-x86_64/gcc-build/avr/avr5/libgcc/../../../../gcc/libgcc/config/avr/lib1funcs.S:2208
    6e0e:	cd bf       	out	0x3d, r28	; 61
/home/jenkins/workspace/avr-gcc-staging/label/debian7-x86_64/gcc-build/avr/avr5/libgcc/../../../../gcc/libgcc/config/avr/lib1funcs.S:2211
    6e10:	09 94       	ijmp

00006e12 <__epilogue_restores__>:
__epilogue_restores__():
/home/jenkins/workspace/avr-gcc-staging/label/debian7-x86_64/gcc-build/avr/avr5/libgcc/../../../../gcc/libgcc/config/avr/lib1funcs.S:2222
    6e12:	2a 88       	ldd	r2, Y+18	; 0x12
/home/jenkins/workspace/avr-gcc-staging/label/debian7-x86_64/gcc-build/avr/avr5/libgcc/../../../../gcc/libgcc/config/avr/lib1funcs.S:2223
    6e14:	39 88       	ldd	r3, Y+17	; 0x11
/home/jenkins/workspace/avr-gcc-staging/label/debian7-x86_64/gcc-build/avr/avr5/libgcc/../../../../gcc/libgcc/config/avr/lib1funcs.S:2224
    6e16:	48 88       	ldd	r4, Y+16	; 0x10
/home/jenkins/workspace/avr-gcc-staging/label/debian7-x86_64/gcc-build/avr/avr5/libgcc/../../../../gcc/libgcc/config/avr/lib1funcs.S:2225
    6e18:	5f 84       	ldd	r5, Y+15	; 0x0f
/home/jenkins/workspace/avr-gcc-staging/label/debian7-x86_64/gcc-build/avr/avr5/libgcc/../../../../gcc/libgcc/config/avr/lib1funcs.S:2226
    6e1a:	6e 84       	ldd	r6, Y+14	; 0x0e
/home/jenkins/workspace/avr-gcc-staging/label/debian7-x86_64/gcc-build/avr/avr5/libgcc/../../../../gcc/libgcc/config/avr/lib1funcs.S:2227
    6e1c:	7d 84       	ldd	r7, Y+13	; 0x0d
/home/jenkins/workspace/avr-gcc-staging/label/debian7-x86_64/gcc-build/avr/avr5/libgcc/../../../../gcc/libgcc/config/avr/lib1funcs.S:2228
    6e1e:	8c 84       	ldd	r8, Y+12	; 0x0c
/home/jenkins/workspace/avr-gcc-staging/label/debian7-x86_64/gcc-build/avr/avr5/libgcc/../../../../gcc/libgcc/config/avr/lib1funcs.S:2229
    6e20:	9b 84       	ldd	r9, Y+11	; 0x0b
/home/jenkins/workspace/avr-gcc-staging/label/debian7-x86_64/gcc-build/avr/avr5/libgcc/../../../../gcc/libgcc/config/avr/lib1funcs.S:2230
    6e22:	aa 84       	ldd	r10, Y+10	; 0x0a
/home/jenkins/workspace/avr-gcc-staging/label/debian7-x86_64/gcc-build/avr/avr5/libgcc/../../../../gcc/libgcc/config/avr/lib1funcs.S:2231
    6e24:	b9 84       	ldd	r11, Y+9	; 0x09
/home/jenkins/workspace/avr-gcc-staging/label/debian7-x86_64/gcc-build/avr/avr5/libgcc/../../../../gcc/libgcc/config/avr/lib1funcs.S:2232
    6e26:	c8 84       	ldd	r12, Y+8	; 0x08
/home/jenkins/workspace/avr-gcc-staging/label/debian7-x86_64/gcc-build/avr/avr5/libgcc/../../../../gcc/libgcc/config/avr/lib1funcs.S:2233
    6e28:	df 80       	ldd	r13, Y+7	; 0x07
/home/jenkins/workspace/avr-gcc-staging/label/debian7-x86_64/gcc-build/avr/avr5/libgcc/../../../../gcc/libgcc/config/avr/lib1funcs.S:2234
    6e2a:	ee 80       	ldd	r14, Y+6	; 0x06
/home/jenkins/workspace/avr-gcc-staging/label/debian7-x86_64/gcc-build/avr/avr5/libgcc/../../../../gcc/libgcc/config/avr/lib1funcs.S:2235
    6e2c:	fd 80       	ldd	r15, Y+5	; 0x05
/home/jenkins/workspace/avr-gcc-staging/label/debian7-x86_64/gcc-build/avr/avr5/libgcc/../../../../gcc/libgcc/config/avr/lib1funcs.S:2236
    6e2e:	0c 81       	ldd	r16, Y+4	; 0x04
/home/jenkins/workspace/avr-gcc-staging/label/debian7-x86_64/gcc-build/avr/avr5/libgcc/../../../../gcc/libgcc/config/avr/lib1funcs.S:2237
    6e30:	1b 81       	ldd	r17, Y+3	; 0x03
/home/jenkins/workspace/avr-gcc-staging/label/debian7-x86_64/gcc-build/avr/avr5/libgcc/../../../../gcc/libgcc/config/avr/lib1funcs.S:2238
    6e32:	aa 81       	ldd	r26, Y+2	; 0x02
/home/jenkins/workspace/avr-gcc-staging/label/debian7-x86_64/gcc-build/avr/avr5/libgcc/../../../../gcc/libgcc/config/avr/lib1funcs.S:2252
    6e34:	b9 81       	ldd	r27, Y+1	; 0x01
/home/jenkins/workspace/avr-gcc-staging/label/debian7-x86_64/gcc-build/avr/avr5/libgcc/../../../../gcc/libgcc/config/avr/lib1funcs.S:2253
    6e36:	ce 0f       	add	r28, r30
/home/jenkins/workspace/avr-gcc-staging/label/debian7-x86_64/gcc-build/avr/avr5/libgcc/../../../../gcc/libgcc/config/avr/lib1funcs.S:2254
    6e38:	d1 1d       	adc	r29, r1
/home/jenkins/workspace/avr-gcc-staging/label/debian7-x86_64/gcc-build/avr/avr5/libgcc/../../../../gcc/libgcc/config/avr/lib1funcs.S:2255
    6e3a:	0f b6       	in	r0, 0x3f	; 63
/home/jenkins/workspace/avr-gcc-staging/label/debian7-x86_64/gcc-build/avr/avr5/libgcc/../../../../gcc/libgcc/config/avr/lib1funcs.S:2256
    6e3c:	f8 94       	cli
/home/jenkins/workspace/avr-gcc-staging/label/debian7-x86_64/gcc-build/avr/avr5/libgcc/../../../../gcc/libgcc/config/avr/lib1funcs.S:2257
    6e3e:	de bf       	out	0x3e, r29	; 62
/home/jenkins/workspace/avr-gcc-staging/label/debian7-x86_64/gcc-build/avr/avr5/libgcc/../../../../gcc/libgcc/config/avr/lib1funcs.S:2258
    6e40:	0f be       	out	0x3f, r0	; 63
/home/jenkins/workspace/avr-gcc-staging/label/debian7-x86_64/gcc-build/avr/avr5/libgcc/../../../../gcc/libgcc/config/avr/lib1funcs.S:2259
    6e42:	cd bf       	out	0x3d, r28	; 61
/home/jenkins/workspace/avr-gcc-staging/label/debian7-x86_64/gcc-build/avr/avr5/libgcc/../../../../gcc/libgcc/config/avr/lib1funcs.S:2260
    6e44:	ed 01       	movw	r28, r26
/home/jenkins/workspace/avr-gcc-staging/label/debian7-x86_64/gcc-build/avr/avr5/libgcc/../../../../gcc/libgcc/config/avr/lib1funcs.S:2263
    6e46:	08 95       	ret

00006e48 <__subsf3>:
__subsf3():
    6e48:	50 58       	subi	r21, 0x80	; 128

00006e4a <__addsf3>:
    6e4a:	bb 27       	eor	r27, r27
    6e4c:	aa 27       	eor	r26, r26
    6e4e:	0e 94 3c 37 	call	0x6e78	; 0x6e78 <__addsf3x>
    6e52:	0c 94 b6 38 	jmp	0x716c	; 0x716c <__fp_round>
__addsf3():
    6e56:	0e 94 a8 38 	call	0x7150	; 0x7150 <__fp_pscA>
    6e5a:	38 f0       	brcs	.+14     	; 0x6e6a <__addsf3+0x20>
    6e5c:	0e 94 af 38 	call	0x715e	; 0x715e <__fp_pscB>
    6e60:	20 f0       	brcs	.+8      	; 0x6e6a <__addsf3+0x20>
    6e62:	39 f4       	brne	.+14     	; 0x6e72 <__addsf3+0x28>
    6e64:	9f 3f       	cpi	r25, 0xFF	; 255
    6e66:	19 f4       	brne	.+6      	; 0x6e6e <__addsf3+0x24>
    6e68:	26 f4       	brtc	.+8      	; 0x6e72 <__addsf3+0x28>
    6e6a:	0c 94 a5 38 	jmp	0x714a	; 0x714a <__fp_nan>
    6e6e:	0e f4       	brtc	.+2      	; 0x6e72 <__addsf3+0x28>
    6e70:	e0 95       	com	r30
    6e72:	e7 fb       	bst	r30, 7
    6e74:	0c 94 9f 38 	jmp	0x713e	; 0x713e <__fp_inf>

00006e78 <__addsf3x>:
__addsf3x():
    6e78:	e9 2f       	mov	r30, r25
    6e7a:	0e 94 c7 38 	call	0x718e	; 0x718e <__fp_split3>
    6e7e:	58 f3       	brcs	.-42     	; 0x6e56 <__addsf3+0xc>
    6e80:	ba 17       	cp	r27, r26
    6e82:	62 07       	cpc	r22, r18
    6e84:	73 07       	cpc	r23, r19
    6e86:	84 07       	cpc	r24, r20
    6e88:	95 07       	cpc	r25, r21
    6e8a:	20 f0       	brcs	.+8      	; 0x6e94 <__addsf3x+0x1c>
    6e8c:	79 f4       	brne	.+30     	; 0x6eac <__addsf3x+0x34>
    6e8e:	a6 f5       	brtc	.+104    	; 0x6ef8 <__addsf3x+0x80>
    6e90:	0c 94 e9 38 	jmp	0x71d2	; 0x71d2 <__fp_zero>
    6e94:	0e f4       	brtc	.+2      	; 0x6e98 <__addsf3x+0x20>
    6e96:	e0 95       	com	r30
    6e98:	0b 2e       	mov	r0, r27
    6e9a:	ba 2f       	mov	r27, r26
    6e9c:	a0 2d       	mov	r26, r0
    6e9e:	0b 01       	movw	r0, r22
    6ea0:	b9 01       	movw	r22, r18
    6ea2:	90 01       	movw	r18, r0
    6ea4:	0c 01       	movw	r0, r24
    6ea6:	ca 01       	movw	r24, r20
    6ea8:	a0 01       	movw	r20, r0
    6eaa:	11 24       	eor	r1, r1
    6eac:	ff 27       	eor	r31, r31
    6eae:	59 1b       	sub	r21, r25
    6eb0:	99 f0       	breq	.+38     	; 0x6ed8 <__addsf3x+0x60>
    6eb2:	59 3f       	cpi	r21, 0xF9	; 249
    6eb4:	50 f4       	brcc	.+20     	; 0x6eca <__addsf3x+0x52>
    6eb6:	50 3e       	cpi	r21, 0xE0	; 224
    6eb8:	68 f1       	brcs	.+90     	; 0x6f14 <__addsf3x+0x9c>
    6eba:	1a 16       	cp	r1, r26
    6ebc:	f0 40       	sbci	r31, 0x00	; 0
    6ebe:	a2 2f       	mov	r26, r18
    6ec0:	23 2f       	mov	r18, r19
    6ec2:	34 2f       	mov	r19, r20
    6ec4:	44 27       	eor	r20, r20
    6ec6:	58 5f       	subi	r21, 0xF8	; 248
    6ec8:	f3 cf       	rjmp	.-26     	; 0x6eb0 <__addsf3x+0x38>
    6eca:	46 95       	lsr	r20
    6ecc:	37 95       	ror	r19
    6ece:	27 95       	ror	r18
    6ed0:	a7 95       	ror	r26
    6ed2:	f0 40       	sbci	r31, 0x00	; 0
    6ed4:	53 95       	inc	r21
    6ed6:	c9 f7       	brne	.-14     	; 0x6eca <__addsf3x+0x52>
    6ed8:	7e f4       	brtc	.+30     	; 0x6ef8 <__addsf3x+0x80>
    6eda:	1f 16       	cp	r1, r31
    6edc:	ba 0b       	sbc	r27, r26
    6ede:	62 0b       	sbc	r22, r18
    6ee0:	73 0b       	sbc	r23, r19
    6ee2:	84 0b       	sbc	r24, r20
    6ee4:	ba f0       	brmi	.+46     	; 0x6f14 <__addsf3x+0x9c>
    6ee6:	91 50       	subi	r25, 0x01	; 1
    6ee8:	a1 f0       	breq	.+40     	; 0x6f12 <__addsf3x+0x9a>
    6eea:	ff 0f       	add	r31, r31
    6eec:	bb 1f       	adc	r27, r27
    6eee:	66 1f       	adc	r22, r22
    6ef0:	77 1f       	adc	r23, r23
    6ef2:	88 1f       	adc	r24, r24
    6ef4:	c2 f7       	brpl	.-16     	; 0x6ee6 <__addsf3x+0x6e>
    6ef6:	0e c0       	rjmp	.+28     	; 0x6f14 <__addsf3x+0x9c>
    6ef8:	ba 0f       	add	r27, r26
    6efa:	62 1f       	adc	r22, r18
    6efc:	73 1f       	adc	r23, r19
    6efe:	84 1f       	adc	r24, r20
    6f00:	48 f4       	brcc	.+18     	; 0x6f14 <__addsf3x+0x9c>
    6f02:	87 95       	ror	r24
    6f04:	77 95       	ror	r23
    6f06:	67 95       	ror	r22
    6f08:	b7 95       	ror	r27
    6f0a:	f7 95       	ror	r31
    6f0c:	9e 3f       	cpi	r25, 0xFE	; 254
    6f0e:	08 f0       	brcs	.+2      	; 0x6f12 <__addsf3x+0x9a>
    6f10:	b0 cf       	rjmp	.-160    	; 0x6e72 <__addsf3+0x28>
    6f12:	93 95       	inc	r25
    6f14:	88 0f       	add	r24, r24
    6f16:	08 f0       	brcs	.+2      	; 0x6f1a <__addsf3x+0xa2>
    6f18:	99 27       	eor	r25, r25
    6f1a:	ee 0f       	add	r30, r30
    6f1c:	97 95       	ror	r25
    6f1e:	87 95       	ror	r24
    6f20:	08 95       	ret

00006f22 <__cmpsf2>:
    6f22:	0e 94 7b 38 	call	0x70f6	; 0x70f6 <__fp_cmp>
    6f26:	08 f4       	brcc	.+2      	; 0x6f2a <__cmpsf2+0x8>
    6f28:	81 e0       	ldi	r24, 0x01	; 1
    6f2a:	08 95       	ret

00006f2c <__divsf3>:
    6f2c:	0e 94 aa 37 	call	0x6f54	; 0x6f54 <__divsf3x>
    6f30:	0c 94 b6 38 	jmp	0x716c	; 0x716c <__fp_round>
    6f34:	0e 94 af 38 	call	0x715e	; 0x715e <__fp_pscB>
    6f38:	58 f0       	brcs	.+22     	; 0x6f50 <__divsf3+0x24>
    6f3a:	0e 94 a8 38 	call	0x7150	; 0x7150 <__fp_pscA>
    6f3e:	40 f0       	brcs	.+16     	; 0x6f50 <__divsf3+0x24>
    6f40:	29 f4       	brne	.+10     	; 0x6f4c <__divsf3+0x20>
    6f42:	5f 3f       	cpi	r21, 0xFF	; 255
__divsf3():
    6f44:	29 f0       	breq	.+10     	; 0x6f50 <__divsf3+0x24>
    6f46:	0c 94 9f 38 	jmp	0x713e	; 0x713e <__fp_inf>
    6f4a:	51 11       	cpse	r21, r1
    6f4c:	0c 94 ea 38 	jmp	0x71d4	; 0x71d4 <__fp_szero>
    6f50:	0c 94 a5 38 	jmp	0x714a	; 0x714a <__fp_nan>

00006f54 <__divsf3x>:
__divsf3x():
    6f54:	0e 94 c7 38 	call	0x718e	; 0x718e <__fp_split3>
    6f58:	68 f3       	brcs	.-38     	; 0x6f34 <__divsf3+0x8>

00006f5a <__divsf3_pse>:
    6f5a:	99 23       	and	r25, r25
    6f5c:	b1 f3       	breq	.-20     	; 0x6f4a <__divsf3+0x1e>
    6f5e:	55 23       	and	r21, r21
    6f60:	91 f3       	breq	.-28     	; 0x6f46 <__divsf3+0x1a>
    6f62:	95 1b       	sub	r25, r21
    6f64:	55 0b       	sbc	r21, r21
    6f66:	bb 27       	eor	r27, r27
    6f68:	aa 27       	eor	r26, r26
    6f6a:	62 17       	cp	r22, r18
    6f6c:	73 07       	cpc	r23, r19
    6f6e:	84 07       	cpc	r24, r20
    6f70:	38 f0       	brcs	.+14     	; 0x6f80 <__divsf3_pse+0x26>
    6f72:	9f 5f       	subi	r25, 0xFF	; 255
    6f74:	5f 4f       	sbci	r21, 0xFF	; 255
    6f76:	22 0f       	add	r18, r18
    6f78:	33 1f       	adc	r19, r19
    6f7a:	44 1f       	adc	r20, r20
    6f7c:	aa 1f       	adc	r26, r26
    6f7e:	a9 f3       	breq	.-22     	; 0x6f6a <__divsf3_pse+0x10>
    6f80:	35 d0       	rcall	.+106    	; 0x6fec <__divsf3_pse+0x92>
    6f82:	0e 2e       	mov	r0, r30
    6f84:	3a f0       	brmi	.+14     	; 0x6f94 <__divsf3_pse+0x3a>
    6f86:	e0 e8       	ldi	r30, 0x80	; 128
    6f88:	32 d0       	rcall	.+100    	; 0x6fee <__divsf3_pse+0x94>
    6f8a:	91 50       	subi	r25, 0x01	; 1
    6f8c:	50 40       	sbci	r21, 0x00	; 0
    6f8e:	e6 95       	lsr	r30
    6f90:	00 1c       	adc	r0, r0
    6f92:	ca f7       	brpl	.-14     	; 0x6f86 <__divsf3_pse+0x2c>
    6f94:	2b d0       	rcall	.+86     	; 0x6fec <__divsf3_pse+0x92>
    6f96:	fe 2f       	mov	r31, r30
    6f98:	29 d0       	rcall	.+82     	; 0x6fec <__divsf3_pse+0x92>
    6f9a:	66 0f       	add	r22, r22
    6f9c:	77 1f       	adc	r23, r23
    6f9e:	88 1f       	adc	r24, r24
    6fa0:	bb 1f       	adc	r27, r27
    6fa2:	26 17       	cp	r18, r22
    6fa4:	37 07       	cpc	r19, r23
    6fa6:	48 07       	cpc	r20, r24
    6fa8:	ab 07       	cpc	r26, r27
    6faa:	b0 e8       	ldi	r27, 0x80	; 128
    6fac:	09 f0       	breq	.+2      	; 0x6fb0 <__divsf3_pse+0x56>
    6fae:	bb 0b       	sbc	r27, r27
    6fb0:	80 2d       	mov	r24, r0
    6fb2:	bf 01       	movw	r22, r30
    6fb4:	ff 27       	eor	r31, r31
    6fb6:	93 58       	subi	r25, 0x83	; 131
    6fb8:	5f 4f       	sbci	r21, 0xFF	; 255
    6fba:	3a f0       	brmi	.+14     	; 0x6fca <__divsf3_pse+0x70>
    6fbc:	9e 3f       	cpi	r25, 0xFE	; 254
    6fbe:	51 05       	cpc	r21, r1
    6fc0:	78 f0       	brcs	.+30     	; 0x6fe0 <__divsf3_pse+0x86>
    6fc2:	0c 94 9f 38 	jmp	0x713e	; 0x713e <__fp_inf>
    6fc6:	0c 94 ea 38 	jmp	0x71d4	; 0x71d4 <__fp_szero>
    6fca:	5f 3f       	cpi	r21, 0xFF	; 255
    6fcc:	e4 f3       	brlt	.-8      	; 0x6fc6 <__divsf3_pse+0x6c>
    6fce:	98 3e       	cpi	r25, 0xE8	; 232
    6fd0:	d4 f3       	brlt	.-12     	; 0x6fc6 <__divsf3_pse+0x6c>
    6fd2:	86 95       	lsr	r24
    6fd4:	77 95       	ror	r23
    6fd6:	67 95       	ror	r22
    6fd8:	b7 95       	ror	r27
    6fda:	f7 95       	ror	r31
    6fdc:	9f 5f       	subi	r25, 0xFF	; 255
    6fde:	c9 f7       	brne	.-14     	; 0x6fd2 <__divsf3_pse+0x78>
    6fe0:	88 0f       	add	r24, r24
    6fe2:	91 1d       	adc	r25, r1
    6fe4:	96 95       	lsr	r25
    6fe6:	87 95       	ror	r24
    6fe8:	97 f9       	bld	r25, 7
    6fea:	08 95       	ret
    6fec:	e1 e0       	ldi	r30, 0x01	; 1
    6fee:	66 0f       	add	r22, r22
    6ff0:	77 1f       	adc	r23, r23
    6ff2:	88 1f       	adc	r24, r24
    6ff4:	bb 1f       	adc	r27, r27
    6ff6:	62 17       	cp	r22, r18
    6ff8:	73 07       	cpc	r23, r19
    6ffa:	84 07       	cpc	r24, r20
    6ffc:	ba 07       	cpc	r27, r26
    6ffe:	20 f0       	brcs	.+8      	; 0x7008 <__divsf3_pse+0xae>
    7000:	62 1b       	sub	r22, r18
    7002:	73 0b       	sbc	r23, r19
    7004:	84 0b       	sbc	r24, r20
    7006:	ba 0b       	sbc	r27, r26
    7008:	ee 1f       	adc	r30, r30
    700a:	88 f7       	brcc	.-30     	; 0x6fee <__divsf3_pse+0x94>
    700c:	e0 95       	com	r30
    700e:	08 95       	ret

00007010 <__fixsfsi>:
    7010:	0e 94 0f 38 	call	0x701e	; 0x701e <__fixunssfsi>
    7014:	68 94       	set
    7016:	b1 11       	cpse	r27, r1
    7018:	0c 94 ea 38 	jmp	0x71d4	; 0x71d4 <__fp_szero>
    701c:	08 95       	ret

0000701e <__fixunssfsi>:
    701e:	0e 94 cf 38 	call	0x719e	; 0x719e <__fp_splitA>
    7022:	88 f0       	brcs	.+34     	; 0x7046 <__fixunssfsi+0x28>
    7024:	9f 57       	subi	r25, 0x7F	; 127
    7026:	98 f0       	brcs	.+38     	; 0x704e <__fixunssfsi+0x30>
    7028:	b9 2f       	mov	r27, r25
    702a:	99 27       	eor	r25, r25
    702c:	b7 51       	subi	r27, 0x17	; 23
    702e:	b0 f0       	brcs	.+44     	; 0x705c <__fixunssfsi+0x3e>
__fixunssfsi():
    7030:	e1 f0       	breq	.+56     	; 0x706a <__fixunssfsi+0x4c>
    7032:	66 0f       	add	r22, r22
    7034:	77 1f       	adc	r23, r23
    7036:	88 1f       	adc	r24, r24
    7038:	99 1f       	adc	r25, r25
    703a:	1a f0       	brmi	.+6      	; 0x7042 <__fixunssfsi+0x24>
    703c:	ba 95       	dec	r27
    703e:	c9 f7       	brne	.-14     	; 0x7032 <__fixunssfsi+0x14>
    7040:	14 c0       	rjmp	.+40     	; 0x706a <__fixunssfsi+0x4c>
    7042:	b1 30       	cpi	r27, 0x01	; 1
    7044:	91 f0       	breq	.+36     	; 0x706a <__fixunssfsi+0x4c>
    7046:	0e 94 e9 38 	call	0x71d2	; 0x71d2 <__fp_zero>
    704a:	b1 e0       	ldi	r27, 0x01	; 1
    704c:	08 95       	ret
    704e:	0c 94 e9 38 	jmp	0x71d2	; 0x71d2 <__fp_zero>
    7052:	67 2f       	mov	r22, r23
    7054:	78 2f       	mov	r23, r24
    7056:	88 27       	eor	r24, r24
    7058:	b8 5f       	subi	r27, 0xF8	; 248
    705a:	39 f0       	breq	.+14     	; 0x706a <__fixunssfsi+0x4c>
    705c:	b9 3f       	cpi	r27, 0xF9	; 249
    705e:	cc f3       	brlt	.-14     	; 0x7052 <__fixunssfsi+0x34>
    7060:	86 95       	lsr	r24
    7062:	77 95       	ror	r23
    7064:	67 95       	ror	r22
    7066:	b3 95       	inc	r27
    7068:	d9 f7       	brne	.-10     	; 0x7060 <__fixunssfsi+0x42>
    706a:	3e f4       	brtc	.+14     	; 0x707a <__fixunssfsi+0x5c>
    706c:	90 95       	com	r25
    706e:	80 95       	com	r24
    7070:	70 95       	com	r23
    7072:	61 95       	neg	r22
    7074:	7f 4f       	sbci	r23, 0xFF	; 255
    7076:	8f 4f       	sbci	r24, 0xFF	; 255
    7078:	9f 4f       	sbci	r25, 0xFF	; 255
    707a:	08 95       	ret

0000707c <__floatunsisf>:
__floatunsisf():
    707c:	e8 94       	clt
    707e:	09 c0       	rjmp	.+18     	; 0x7092 <__floatsisf+0x12>

00007080 <__floatsisf>:
    7080:	97 fb       	bst	r25, 7
    7082:	3e f4       	brtc	.+14     	; 0x7092 <__floatsisf+0x12>
    7084:	90 95       	com	r25
    7086:	80 95       	com	r24
    7088:	70 95       	com	r23
    708a:	61 95       	neg	r22
    708c:	7f 4f       	sbci	r23, 0xFF	; 255
    708e:	8f 4f       	sbci	r24, 0xFF	; 255
    7090:	9f 4f       	sbci	r25, 0xFF	; 255
    7092:	99 23       	and	r25, r25
    7094:	a9 f0       	breq	.+42     	; 0x70c0 <__floatsisf+0x40>
    7096:	f9 2f       	mov	r31, r25
    7098:	96 e9       	ldi	r25, 0x96	; 150
    709a:	bb 27       	eor	r27, r27
    709c:	93 95       	inc	r25
    709e:	f6 95       	lsr	r31
    70a0:	87 95       	ror	r24
    70a2:	77 95       	ror	r23
    70a4:	67 95       	ror	r22
    70a6:	b7 95       	ror	r27
    70a8:	f1 11       	cpse	r31, r1
    70aa:	f8 cf       	rjmp	.-16     	; 0x709c <__floatsisf+0x1c>
    70ac:	fa f4       	brpl	.+62     	; 0x70ec <__floatsisf+0x6c>
    70ae:	bb 0f       	add	r27, r27
    70b0:	11 f4       	brne	.+4      	; 0x70b6 <__floatsisf+0x36>
    70b2:	60 ff       	sbrs	r22, 0
    70b4:	1b c0       	rjmp	.+54     	; 0x70ec <__floatsisf+0x6c>
    70b6:	6f 5f       	subi	r22, 0xFF	; 255
    70b8:	7f 4f       	sbci	r23, 0xFF	; 255
    70ba:	8f 4f       	sbci	r24, 0xFF	; 255
    70bc:	9f 4f       	sbci	r25, 0xFF	; 255
    70be:	16 c0       	rjmp	.+44     	; 0x70ec <__floatsisf+0x6c>
    70c0:	88 23       	and	r24, r24
    70c2:	11 f0       	breq	.+4      	; 0x70c8 <__floatsisf+0x48>
    70c4:	96 e9       	ldi	r25, 0x96	; 150
    70c6:	11 c0       	rjmp	.+34     	; 0x70ea <__floatsisf+0x6a>
    70c8:	77 23       	and	r23, r23
    70ca:	21 f0       	breq	.+8      	; 0x70d4 <__floatsisf+0x54>
    70cc:	9e e8       	ldi	r25, 0x8E	; 142
    70ce:	87 2f       	mov	r24, r23
    70d0:	76 2f       	mov	r23, r22
    70d2:	05 c0       	rjmp	.+10     	; 0x70de <__floatsisf+0x5e>
    70d4:	66 23       	and	r22, r22
    70d6:	71 f0       	breq	.+28     	; 0x70f4 <__floatsisf+0x74>
    70d8:	96 e8       	ldi	r25, 0x86	; 134
    70da:	86 2f       	mov	r24, r22
    70dc:	70 e0       	ldi	r23, 0x00	; 0
    70de:	60 e0       	ldi	r22, 0x00	; 0
    70e0:	2a f0       	brmi	.+10     	; 0x70ec <__floatsisf+0x6c>
    70e2:	9a 95       	dec	r25
    70e4:	66 0f       	add	r22, r22
    70e6:	77 1f       	adc	r23, r23
    70e8:	88 1f       	adc	r24, r24
    70ea:	da f7       	brpl	.-10     	; 0x70e2 <__floatsisf+0x62>
    70ec:	88 0f       	add	r24, r24
    70ee:	96 95       	lsr	r25
    70f0:	87 95       	ror	r24
    70f2:	97 f9       	bld	r25, 7
    70f4:	08 95       	ret

000070f6 <__fp_cmp>:
__fp_cmp():
    70f6:	99 0f       	add	r25, r25
    70f8:	00 08       	sbc	r0, r0
    70fa:	55 0f       	add	r21, r21
    70fc:	aa 0b       	sbc	r26, r26
    70fe:	e0 e8       	ldi	r30, 0x80	; 128
    7100:	fe ef       	ldi	r31, 0xFE	; 254
    7102:	16 16       	cp	r1, r22
    7104:	17 06       	cpc	r1, r23
    7106:	e8 07       	cpc	r30, r24
    7108:	f9 07       	cpc	r31, r25
    710a:	c0 f0       	brcs	.+48     	; 0x713c <__fp_cmp+0x46>
    710c:	12 16       	cp	r1, r18
    710e:	13 06       	cpc	r1, r19
    7110:	e4 07       	cpc	r30, r20
    7112:	f5 07       	cpc	r31, r21
    7114:	98 f0       	brcs	.+38     	; 0x713c <__fp_cmp+0x46>
    7116:	62 1b       	sub	r22, r18
    7118:	73 0b       	sbc	r23, r19
    711a:	84 0b       	sbc	r24, r20
    711c:	95 0b       	sbc	r25, r21
    711e:	39 f4       	brne	.+14     	; 0x712e <__fp_cmp+0x38>
    7120:	0a 26       	eor	r0, r26
    7122:	61 f0       	breq	.+24     	; 0x713c <__fp_cmp+0x46>
    7124:	23 2b       	or	r18, r19
    7126:	24 2b       	or	r18, r20
    7128:	25 2b       	or	r18, r21
    712a:	21 f4       	brne	.+8      	; 0x7134 <__fp_cmp+0x3e>
    712c:	08 95       	ret
    712e:	0a 26       	eor	r0, r26
    7130:	09 f4       	brne	.+2      	; 0x7134 <__fp_cmp+0x3e>
    7132:	a1 40       	sbci	r26, 0x01	; 1
    7134:	a6 95       	lsr	r26
    7136:	8f ef       	ldi	r24, 0xFF	; 255
    7138:	81 1d       	adc	r24, r1
    713a:	81 1d       	adc	r24, r1
    713c:	08 95       	ret

0000713e <__fp_inf>:
__fp_inf():
    713e:	97 f9       	bld	r25, 7
    7140:	9f 67       	ori	r25, 0x7F	; 127
    7142:	80 e8       	ldi	r24, 0x80	; 128
    7144:	70 e0       	ldi	r23, 0x00	; 0
    7146:	60 e0       	ldi	r22, 0x00	; 0
    7148:	08 95       	ret

0000714a <__fp_nan>:
__fp_nan():
    714a:	9f ef       	ldi	r25, 0xFF	; 255
    714c:	80 ec       	ldi	r24, 0xC0	; 192
    714e:	08 95       	ret

00007150 <__fp_pscA>:
__fp_pscA():
    7150:	00 24       	eor	r0, r0
    7152:	0a 94       	dec	r0
    7154:	16 16       	cp	r1, r22
    7156:	17 06       	cpc	r1, r23
    7158:	18 06       	cpc	r1, r24
    715a:	09 06       	cpc	r0, r25
    715c:	08 95       	ret

0000715e <__fp_pscB>:
__fp_pscB():
    715e:	00 24       	eor	r0, r0
    7160:	0a 94       	dec	r0
    7162:	12 16       	cp	r1, r18
    7164:	13 06       	cpc	r1, r19
    7166:	14 06       	cpc	r1, r20
    7168:	05 06       	cpc	r0, r21
    716a:	08 95       	ret

0000716c <__fp_round>:
__fp_round():
    716c:	09 2e       	mov	r0, r25
    716e:	03 94       	inc	r0
    7170:	00 0c       	add	r0, r0
    7172:	11 f4       	brne	.+4      	; 0x7178 <__fp_round+0xc>
    7174:	88 23       	and	r24, r24
    7176:	52 f0       	brmi	.+20     	; 0x718c <__fp_round+0x20>
    7178:	bb 0f       	add	r27, r27
    717a:	40 f4       	brcc	.+16     	; 0x718c <__fp_round+0x20>
    717c:	bf 2b       	or	r27, r31
    717e:	11 f4       	brne	.+4      	; 0x7184 <__fp_round+0x18>
    7180:	60 ff       	sbrs	r22, 0
    7182:	04 c0       	rjmp	.+8      	; 0x718c <__fp_round+0x20>
    7184:	6f 5f       	subi	r22, 0xFF	; 255
    7186:	7f 4f       	sbci	r23, 0xFF	; 255
    7188:	8f 4f       	sbci	r24, 0xFF	; 255
    718a:	9f 4f       	sbci	r25, 0xFF	; 255
    718c:	08 95       	ret

0000718e <__fp_split3>:
__fp_split3():
    718e:	57 fd       	sbrc	r21, 7
    7190:	90 58       	subi	r25, 0x80	; 128
    7192:	44 0f       	add	r20, r20
    7194:	55 1f       	adc	r21, r21
    7196:	59 f0       	breq	.+22     	; 0x71ae <__fp_splitA+0x10>
    7198:	5f 3f       	cpi	r21, 0xFF	; 255
    719a:	71 f0       	breq	.+28     	; 0x71b8 <__fp_splitA+0x1a>
    719c:	47 95       	ror	r20

0000719e <__fp_splitA>:
    719e:	88 0f       	add	r24, r24
    71a0:	97 fb       	bst	r25, 7
    71a2:	99 1f       	adc	r25, r25
    71a4:	61 f0       	breq	.+24     	; 0x71be <__fp_splitA+0x20>
    71a6:	9f 3f       	cpi	r25, 0xFF	; 255
    71a8:	79 f0       	breq	.+30     	; 0x71c8 <__fp_splitA+0x2a>
    71aa:	87 95       	ror	r24
    71ac:	08 95       	ret
    71ae:	12 16       	cp	r1, r18
    71b0:	13 06       	cpc	r1, r19
    71b2:	14 06       	cpc	r1, r20
    71b4:	55 1f       	adc	r21, r21
    71b6:	f2 cf       	rjmp	.-28     	; 0x719c <__fp_split3+0xe>
    71b8:	46 95       	lsr	r20
    71ba:	f1 df       	rcall	.-30     	; 0x719e <__fp_splitA>
    71bc:	08 c0       	rjmp	.+16     	; 0x71ce <__fp_splitA+0x30>
    71be:	16 16       	cp	r1, r22
    71c0:	17 06       	cpc	r1, r23
    71c2:	18 06       	cpc	r1, r24
    71c4:	99 1f       	adc	r25, r25
    71c6:	f1 cf       	rjmp	.-30     	; 0x71aa <__fp_splitA+0xc>
    71c8:	86 95       	lsr	r24
    71ca:	71 05       	cpc	r23, r1
    71cc:	61 05       	cpc	r22, r1
    71ce:	08 94       	sec
    71d0:	08 95       	ret

000071d2 <__fp_zero>:
__fp_zero():
    71d2:	e8 94       	clt

000071d4 <__fp_szero>:
    71d4:	bb 27       	eor	r27, r27
    71d6:	66 27       	eor	r22, r22
    71d8:	77 27       	eor	r23, r23
    71da:	cb 01       	movw	r24, r22
    71dc:	97 f9       	bld	r25, 7
    71de:	08 95       	ret

000071e0 <__gesf2>:
__gesf2():
    71e0:	0e 94 7b 38 	call	0x70f6	; 0x70f6 <__fp_cmp>
    71e4:	08 f4       	brcc	.+2      	; 0x71e8 <__gesf2+0x8>
    71e6:	8f ef       	ldi	r24, 0xFF	; 255
    71e8:	08 95       	ret

000071ea <__mulsf3>:
__mulsf3():
    71ea:	0e 94 08 39 	call	0x7210	; 0x7210 <__mulsf3x>
    71ee:	0c 94 b6 38 	jmp	0x716c	; 0x716c <__fp_round>
    71f2:	0e 94 a8 38 	call	0x7150	; 0x7150 <__fp_pscA>
    71f6:	38 f0       	brcs	.+14     	; 0x7206 <__mulsf3+0x1c>
    71f8:	0e 94 af 38 	call	0x715e	; 0x715e <__fp_pscB>
    71fc:	20 f0       	brcs	.+8      	; 0x7206 <__mulsf3+0x1c>
    71fe:	95 23       	and	r25, r21
    7200:	11 f0       	breq	.+4      	; 0x7206 <__mulsf3+0x1c>
    7202:	0c 94 9f 38 	jmp	0x713e	; 0x713e <__fp_inf>
    7206:	0c 94 a5 38 	jmp	0x714a	; 0x714a <__fp_nan>
    720a:	11 24       	eor	r1, r1
    720c:	0c 94 ea 38 	jmp	0x71d4	; 0x71d4 <__fp_szero>

00007210 <__mulsf3x>:
__mulsf3x():
    7210:	0e 94 c7 38 	call	0x718e	; 0x718e <__fp_split3>
    7214:	70 f3       	brcs	.-36     	; 0x71f2 <__mulsf3+0x8>

00007216 <__mulsf3_pse>:
    7216:	95 9f       	mul	r25, r21
    7218:	c1 f3       	breq	.-16     	; 0x720a <__mulsf3+0x20>
    721a:	95 0f       	add	r25, r21
    721c:	50 e0       	ldi	r21, 0x00	; 0
    721e:	55 1f       	adc	r21, r21
    7220:	62 9f       	mul	r22, r18
    7222:	f0 01       	movw	r30, r0
    7224:	72 9f       	mul	r23, r18
    7226:	bb 27       	eor	r27, r27
    7228:	f0 0d       	add	r31, r0
    722a:	b1 1d       	adc	r27, r1
    722c:	63 9f       	mul	r22, r19
    722e:	aa 27       	eor	r26, r26
    7230:	f0 0d       	add	r31, r0
    7232:	b1 1d       	adc	r27, r1
    7234:	aa 1f       	adc	r26, r26
    7236:	64 9f       	mul	r22, r20
    7238:	66 27       	eor	r22, r22
    723a:	b0 0d       	add	r27, r0
    723c:	a1 1d       	adc	r26, r1
    723e:	66 1f       	adc	r22, r22
    7240:	82 9f       	mul	r24, r18
    7242:	22 27       	eor	r18, r18
    7244:	b0 0d       	add	r27, r0
    7246:	a1 1d       	adc	r26, r1
    7248:	62 1f       	adc	r22, r18
    724a:	73 9f       	mul	r23, r19
    724c:	b0 0d       	add	r27, r0
    724e:	a1 1d       	adc	r26, r1
    7250:	62 1f       	adc	r22, r18
    7252:	83 9f       	mul	r24, r19
    7254:	a0 0d       	add	r26, r0
    7256:	61 1d       	adc	r22, r1
    7258:	22 1f       	adc	r18, r18
    725a:	74 9f       	mul	r23, r20
    725c:	33 27       	eor	r19, r19
    725e:	a0 0d       	add	r26, r0
    7260:	61 1d       	adc	r22, r1
    7262:	23 1f       	adc	r18, r19
    7264:	84 9f       	mul	r24, r20
    7266:	60 0d       	add	r22, r0
    7268:	21 1d       	adc	r18, r1
    726a:	82 2f       	mov	r24, r18
    726c:	76 2f       	mov	r23, r22
    726e:	6a 2f       	mov	r22, r26
    7270:	11 24       	eor	r1, r1
    7272:	9f 57       	subi	r25, 0x7F	; 127
    7274:	50 40       	sbci	r21, 0x00	; 0
    7276:	9a f0       	brmi	.+38     	; 0x729e <__mulsf3_pse+0x88>
    7278:	f1 f0       	breq	.+60     	; 0x72b6 <__mulsf3_pse+0xa0>
    727a:	88 23       	and	r24, r24
    727c:	4a f0       	brmi	.+18     	; 0x7290 <__mulsf3_pse+0x7a>
    727e:	ee 0f       	add	r30, r30
    7280:	ff 1f       	adc	r31, r31
    7282:	bb 1f       	adc	r27, r27
    7284:	66 1f       	adc	r22, r22
    7286:	77 1f       	adc	r23, r23
    7288:	88 1f       	adc	r24, r24
    728a:	91 50       	subi	r25, 0x01	; 1
    728c:	50 40       	sbci	r21, 0x00	; 0
    728e:	a9 f7       	brne	.-22     	; 0x727a <__mulsf3_pse+0x64>
    7290:	9e 3f       	cpi	r25, 0xFE	; 254
    7292:	51 05       	cpc	r21, r1
    7294:	80 f0       	brcs	.+32     	; 0x72b6 <__mulsf3_pse+0xa0>
    7296:	0c 94 9f 38 	jmp	0x713e	; 0x713e <__fp_inf>
    729a:	0c 94 ea 38 	jmp	0x71d4	; 0x71d4 <__fp_szero>
    729e:	5f 3f       	cpi	r21, 0xFF	; 255
    72a0:	e4 f3       	brlt	.-8      	; 0x729a <__mulsf3_pse+0x84>
    72a2:	98 3e       	cpi	r25, 0xE8	; 232
    72a4:	d4 f3       	brlt	.-12     	; 0x729a <__mulsf3_pse+0x84>
    72a6:	86 95       	lsr	r24
    72a8:	77 95       	ror	r23
    72aa:	67 95       	ror	r22
    72ac:	b7 95       	ror	r27
    72ae:	f7 95       	ror	r31
    72b0:	e7 95       	ror	r30
    72b2:	9f 5f       	subi	r25, 0xFF	; 255
    72b4:	c1 f7       	brne	.-16     	; 0x72a6 <__mulsf3_pse+0x90>
    72b6:	fe 2b       	or	r31, r30
    72b8:	88 0f       	add	r24, r24
    72ba:	91 1d       	adc	r25, r1
    72bc:	96 95       	lsr	r25
    72be:	87 95       	ror	r24
    72c0:	97 f9       	bld	r25, 7
    72c2:	08 95       	ret

000072c4 <__mulsi3>:
/home/jenkins/workspace/avr-gcc-staging/label/debian7-x86_64/gcc-build/avr/avr5/libgcc/../../../../gcc/libgcc/config/avr/lib1funcs.S:648
    72c4:	db 01       	movw	r26, r22
/home/jenkins/workspace/avr-gcc-staging/label/debian7-x86_64/gcc-build/avr/avr5/libgcc/../../../../gcc/libgcc/config/avr/lib1funcs.S:649
    72c6:	8f 93       	push	r24
/home/jenkins/workspace/avr-gcc-staging/label/debian7-x86_64/gcc-build/avr/avr5/libgcc/../../../../gcc/libgcc/config/avr/lib1funcs.S:650
    72c8:	9f 93       	push	r25
/home/jenkins/workspace/avr-gcc-staging/label/debian7-x86_64/gcc-build/avr/avr5/libgcc/../../../../gcc/libgcc/config/avr/lib1funcs.S:651
    72ca:	0e 94 0b 3a 	call	0x7416	; 0x7416 <__muluhisi3>
/home/jenkins/workspace/avr-gcc-staging/label/debian7-x86_64/gcc-build/avr/avr5/libgcc/../../../../gcc/libgcc/config/avr/lib1funcs.S:652
    72ce:	bf 91       	pop	r27
/home/jenkins/workspace/avr-gcc-staging/label/debian7-x86_64/gcc-build/avr/avr5/libgcc/../../../../gcc/libgcc/config/avr/lib1funcs.S:653
    72d0:	af 91       	pop	r26
/home/jenkins/workspace/avr-gcc-staging/label/debian7-x86_64/gcc-build/avr/avr5/libgcc/../../../../gcc/libgcc/config/avr/lib1funcs.S:655
    72d2:	a2 9f       	mul	r26, r18
/home/jenkins/workspace/avr-gcc-staging/label/debian7-x86_64/gcc-build/avr/avr5/libgcc/../../../../gcc/libgcc/config/avr/lib1funcs.S:656
    72d4:	80 0d       	add	r24, r0
/home/jenkins/workspace/avr-gcc-staging/label/debian7-x86_64/gcc-build/avr/avr5/libgcc/../../../../gcc/libgcc/config/avr/lib1funcs.S:657
    72d6:	91 1d       	adc	r25, r1
/home/jenkins/workspace/avr-gcc-staging/label/debian7-x86_64/gcc-build/avr/avr5/libgcc/../../../../gcc/libgcc/config/avr/lib1funcs.S:658
    72d8:	a3 9f       	mul	r26, r19
/home/jenkins/workspace/avr-gcc-staging/label/debian7-x86_64/gcc-build/avr/avr5/libgcc/../../../../gcc/libgcc/config/avr/lib1funcs.S:659
    72da:	90 0d       	add	r25, r0
/home/jenkins/workspace/avr-gcc-staging/label/debian7-x86_64/gcc-build/avr/avr5/libgcc/../../../../gcc/libgcc/config/avr/lib1funcs.S:660
    72dc:	b2 9f       	mul	r27, r18
/home/jenkins/workspace/avr-gcc-staging/label/debian7-x86_64/gcc-build/avr/avr5/libgcc/../../../../gcc/libgcc/config/avr/lib1funcs.S:661
    72de:	90 0d       	add	r25, r0
/home/jenkins/workspace/avr-gcc-staging/label/debian7-x86_64/gcc-build/avr/avr5/libgcc/../../../../gcc/libgcc/config/avr/lib1funcs.S:662
    72e0:	11 24       	eor	r1, r1
__mulsi3():
/home/jenkins/workspace/avr-gcc-staging/label/debian7-x86_64/gcc-build/avr/avr5/libgcc/../../../../gcc/libgcc/config/avr/lib1funcs.S:663
    72e2:	08 95       	ret

000072e4 <__udivmodqi4>:
__udivmodqi4():
/home/jenkins/workspace/avr-gcc-staging/label/debian7-x86_64/gcc-build/avr/avr5/libgcc/../../../../gcc/libgcc/config/avr/lib1funcs.S:1346
    72e4:	99 1b       	sub	r25, r25
/home/jenkins/workspace/avr-gcc-staging/label/debian7-x86_64/gcc-build/avr/avr5/libgcc/../../../../gcc/libgcc/config/avr/lib1funcs.S:1347
    72e6:	79 e0       	ldi	r23, 0x09	; 9
/home/jenkins/workspace/avr-gcc-staging/label/debian7-x86_64/gcc-build/avr/avr5/libgcc/../../../../gcc/libgcc/config/avr/lib1funcs.S:1348
    72e8:	04 c0       	rjmp	.+8      	; 0x72f2 <__udivmodqi4_ep>

000072ea <__udivmodqi4_loop>:
/home/jenkins/workspace/avr-gcc-staging/label/debian7-x86_64/gcc-build/avr/avr5/libgcc/../../../../gcc/libgcc/config/avr/lib1funcs.S:1350
    72ea:	99 1f       	adc	r25, r25
/home/jenkins/workspace/avr-gcc-staging/label/debian7-x86_64/gcc-build/avr/avr5/libgcc/../../../../gcc/libgcc/config/avr/lib1funcs.S:1351
    72ec:	96 17       	cp	r25, r22
/home/jenkins/workspace/avr-gcc-staging/label/debian7-x86_64/gcc-build/avr/avr5/libgcc/../../../../gcc/libgcc/config/avr/lib1funcs.S:1352
    72ee:	08 f0       	brcs	.+2      	; 0x72f2 <__udivmodqi4_ep>
/home/jenkins/workspace/avr-gcc-staging/label/debian7-x86_64/gcc-build/avr/avr5/libgcc/../../../../gcc/libgcc/config/avr/lib1funcs.S:1353
    72f0:	96 1b       	sub	r25, r22

000072f2 <__udivmodqi4_ep>:
/home/jenkins/workspace/avr-gcc-staging/label/debian7-x86_64/gcc-build/avr/avr5/libgcc/../../../../gcc/libgcc/config/avr/lib1funcs.S:1355
    72f2:	88 1f       	adc	r24, r24
/home/jenkins/workspace/avr-gcc-staging/label/debian7-x86_64/gcc-build/avr/avr5/libgcc/../../../../gcc/libgcc/config/avr/lib1funcs.S:1356
    72f4:	7a 95       	dec	r23
/home/jenkins/workspace/avr-gcc-staging/label/debian7-x86_64/gcc-build/avr/avr5/libgcc/../../../../gcc/libgcc/config/avr/lib1funcs.S:1357
    72f6:	c9 f7       	brne	.-14     	; 0x72ea <__udivmodqi4_loop>
/home/jenkins/workspace/avr-gcc-staging/label/debian7-x86_64/gcc-build/avr/avr5/libgcc/../../../../gcc/libgcc/config/avr/lib1funcs.S:1358
    72f8:	80 95       	com	r24
/home/jenkins/workspace/avr-gcc-staging/label/debian7-x86_64/gcc-build/avr/avr5/libgcc/../../../../gcc/libgcc/config/avr/lib1funcs.S:1360
    72fa:	08 95       	ret

000072fc <__udivmodhi4>:
__udivmodhi4():
/home/jenkins/workspace/avr-gcc-staging/label/debian7-x86_64/gcc-build/avr/avr5/libgcc/../../../../gcc/libgcc/config/avr/lib1funcs.S:1408
    72fc:	aa 1b       	sub	r26, r26
/home/jenkins/workspace/avr-gcc-staging/label/debian7-x86_64/gcc-build/avr/avr5/libgcc/../../../../gcc/libgcc/config/avr/lib1funcs.S:1409
    72fe:	bb 1b       	sub	r27, r27
/home/jenkins/workspace/avr-gcc-staging/label/debian7-x86_64/gcc-build/avr/avr5/libgcc/../../../../gcc/libgcc/config/avr/lib1funcs.S:1410
    7300:	51 e1       	ldi	r21, 0x11	; 17
/home/jenkins/workspace/avr-gcc-staging/label/debian7-x86_64/gcc-build/avr/avr5/libgcc/../../../../gcc/libgcc/config/avr/lib1funcs.S:1411
    7302:	07 c0       	rjmp	.+14     	; 0x7312 <__udivmodhi4_ep>

00007304 <__udivmodhi4_loop>:
/home/jenkins/workspace/avr-gcc-staging/label/debian7-x86_64/gcc-build/avr/avr5/libgcc/../../../../gcc/libgcc/config/avr/lib1funcs.S:1413
    7304:	aa 1f       	adc	r26, r26
/home/jenkins/workspace/avr-gcc-staging/label/debian7-x86_64/gcc-build/avr/avr5/libgcc/../../../../gcc/libgcc/config/avr/lib1funcs.S:1414
    7306:	bb 1f       	adc	r27, r27
/home/jenkins/workspace/avr-gcc-staging/label/debian7-x86_64/gcc-build/avr/avr5/libgcc/../../../../gcc/libgcc/config/avr/lib1funcs.S:1415
    7308:	a6 17       	cp	r26, r22
/home/jenkins/workspace/avr-gcc-staging/label/debian7-x86_64/gcc-build/avr/avr5/libgcc/../../../../gcc/libgcc/config/avr/lib1funcs.S:1416
    730a:	b7 07       	cpc	r27, r23
/home/jenkins/workspace/avr-gcc-staging/label/debian7-x86_64/gcc-build/avr/avr5/libgcc/../../../../gcc/libgcc/config/avr/lib1funcs.S:1417
    730c:	10 f0       	brcs	.+4      	; 0x7312 <__udivmodhi4_ep>
/home/jenkins/workspace/avr-gcc-staging/label/debian7-x86_64/gcc-build/avr/avr5/libgcc/../../../../gcc/libgcc/config/avr/lib1funcs.S:1418
    730e:	a6 1b       	sub	r26, r22
/home/jenkins/workspace/avr-gcc-staging/label/debian7-x86_64/gcc-build/avr/avr5/libgcc/../../../../gcc/libgcc/config/avr/lib1funcs.S:1419
    7310:	b7 0b       	sbc	r27, r23

00007312 <__udivmodhi4_ep>:
/home/jenkins/workspace/avr-gcc-staging/label/debian7-x86_64/gcc-build/avr/avr5/libgcc/../../../../gcc/libgcc/config/avr/lib1funcs.S:1421
    7312:	88 1f       	adc	r24, r24
/home/jenkins/workspace/avr-gcc-staging/label/debian7-x86_64/gcc-build/avr/avr5/libgcc/../../../../gcc/libgcc/config/avr/lib1funcs.S:1422
    7314:	99 1f       	adc	r25, r25
/home/jenkins/workspace/avr-gcc-staging/label/debian7-x86_64/gcc-build/avr/avr5/libgcc/../../../../gcc/libgcc/config/avr/lib1funcs.S:1423
    7316:	5a 95       	dec	r21
/home/jenkins/workspace/avr-gcc-staging/label/debian7-x86_64/gcc-build/avr/avr5/libgcc/../../../../gcc/libgcc/config/avr/lib1funcs.S:1424
    7318:	a9 f7       	brne	.-22     	; 0x7304 <__udivmodhi4_loop>
/home/jenkins/workspace/avr-gcc-staging/label/debian7-x86_64/gcc-build/avr/avr5/libgcc/../../../../gcc/libgcc/config/avr/lib1funcs.S:1425
    731a:	80 95       	com	r24
/home/jenkins/workspace/avr-gcc-staging/label/debian7-x86_64/gcc-build/avr/avr5/libgcc/../../../../gcc/libgcc/config/avr/lib1funcs.S:1426
    731c:	90 95       	com	r25
/home/jenkins/workspace/avr-gcc-staging/label/debian7-x86_64/gcc-build/avr/avr5/libgcc/../../../../gcc/libgcc/config/avr/lib1funcs.S:1428
    731e:	bc 01       	movw	r22, r24
/home/jenkins/workspace/avr-gcc-staging/label/debian7-x86_64/gcc-build/avr/avr5/libgcc/../../../../gcc/libgcc/config/avr/lib1funcs.S:1430
    7320:	cd 01       	movw	r24, r26
/home/jenkins/workspace/avr-gcc-staging/label/debian7-x86_64/gcc-build/avr/avr5/libgcc/../../../../gcc/libgcc/config/avr/lib1funcs.S:1432
    7322:	08 95       	ret

00007324 <__divmodhi4>:
__divmodhi4():
/home/jenkins/workspace/avr-gcc-staging/label/debian7-x86_64/gcc-build/avr/avr5/libgcc/../../../../gcc/libgcc/config/avr/lib1funcs.S:1440
    7324:	97 fb       	bst	r25, 7
/home/jenkins/workspace/avr-gcc-staging/label/debian7-x86_64/gcc-build/avr/avr5/libgcc/../../../../gcc/libgcc/config/avr/lib1funcs.S:1441
    7326:	07 2e       	mov	r0, r23
/home/jenkins/workspace/avr-gcc-staging/label/debian7-x86_64/gcc-build/avr/avr5/libgcc/../../../../gcc/libgcc/config/avr/lib1funcs.S:1442
    7328:	16 f4       	brtc	.+4      	; 0x732e <__divmodhi4+0xa>
/home/jenkins/workspace/avr-gcc-staging/label/debian7-x86_64/gcc-build/avr/avr5/libgcc/../../../../gcc/libgcc/config/avr/lib1funcs.S:1443
    732a:	00 94       	com	r0
/home/jenkins/workspace/avr-gcc-staging/label/debian7-x86_64/gcc-build/avr/avr5/libgcc/../../../../gcc/libgcc/config/avr/lib1funcs.S:1444
    732c:	07 d0       	rcall	.+14     	; 0x733c <__divmodhi4_neg1>
/home/jenkins/workspace/avr-gcc-staging/label/debian7-x86_64/gcc-build/avr/avr5/libgcc/../../../../gcc/libgcc/config/avr/lib1funcs.S:1446
    732e:	77 fd       	sbrc	r23, 7
/home/jenkins/workspace/avr-gcc-staging/label/debian7-x86_64/gcc-build/avr/avr5/libgcc/../../../../gcc/libgcc/config/avr/lib1funcs.S:1447
    7330:	09 d0       	rcall	.+18     	; 0x7344 <__divmodhi4_neg2>
/home/jenkins/workspace/avr-gcc-staging/label/debian7-x86_64/gcc-build/avr/avr5/libgcc/../../../../gcc/libgcc/config/avr/lib1funcs.S:1448
    7332:	0e 94 7e 39 	call	0x72fc	; 0x72fc <__udivmodhi4>
/home/jenkins/workspace/avr-gcc-staging/label/debian7-x86_64/gcc-build/avr/avr5/libgcc/../../../../gcc/libgcc/config/avr/lib1funcs.S:1449
    7336:	07 fc       	sbrc	r0, 7
/home/jenkins/workspace/avr-gcc-staging/label/debian7-x86_64/gcc-build/avr/avr5/libgcc/../../../../gcc/libgcc/config/avr/lib1funcs.S:1450
    7338:	05 d0       	rcall	.+10     	; 0x7344 <__divmodhi4_neg2>
/home/jenkins/workspace/avr-gcc-staging/label/debian7-x86_64/gcc-build/avr/avr5/libgcc/../../../../gcc/libgcc/config/avr/lib1funcs.S:1451
    733a:	3e f4       	brtc	.+14     	; 0x734a <__divmodhi4_exit>

0000733c <__divmodhi4_neg1>:
/home/jenkins/workspace/avr-gcc-staging/label/debian7-x86_64/gcc-build/avr/avr5/libgcc/../../../../gcc/libgcc/config/avr/lib1funcs.S:1454
    733c:	90 95       	com	r25
/home/jenkins/workspace/avr-gcc-staging/label/debian7-x86_64/gcc-build/avr/avr5/libgcc/../../../../gcc/libgcc/config/avr/lib1funcs.S:1455
    733e:	81 95       	neg	r24
/home/jenkins/workspace/avr-gcc-staging/label/debian7-x86_64/gcc-build/avr/avr5/libgcc/../../../../gcc/libgcc/config/avr/lib1funcs.S:1456
    7340:	9f 4f       	sbci	r25, 0xFF	; 255
/home/jenkins/workspace/avr-gcc-staging/label/debian7-x86_64/gcc-build/avr/avr5/libgcc/../../../../gcc/libgcc/config/avr/lib1funcs.S:1457
    7342:	08 95       	ret

00007344 <__divmodhi4_neg2>:
/home/jenkins/workspace/avr-gcc-staging/label/debian7-x86_64/gcc-build/avr/avr5/libgcc/../../../../gcc/libgcc/config/avr/lib1funcs.S:1460
    7344:	70 95       	com	r23
/home/jenkins/workspace/avr-gcc-staging/label/debian7-x86_64/gcc-build/avr/avr5/libgcc/../../../../gcc/libgcc/config/avr/lib1funcs.S:1461
    7346:	61 95       	neg	r22
/home/jenkins/workspace/avr-gcc-staging/label/debian7-x86_64/gcc-build/avr/avr5/libgcc/../../../../gcc/libgcc/config/avr/lib1funcs.S:1462
    7348:	7f 4f       	sbci	r23, 0xFF	; 255

0000734a <__divmodhi4_exit>:
/home/jenkins/workspace/avr-gcc-staging/label/debian7-x86_64/gcc-build/avr/avr5/libgcc/../../../../gcc/libgcc/config/avr/lib1funcs.S:1464
    734a:	08 95       	ret

0000734c <__udivmodsi4>:
__udivmodsi4():
/home/jenkins/workspace/avr-gcc-staging/label/debian7-x86_64/gcc-build/avr/avr5/libgcc/../../../../gcc/libgcc/config/avr/lib1funcs.S:1638
    734c:	a1 e2       	ldi	r26, 0x21	; 33
/home/jenkins/workspace/avr-gcc-staging/label/debian7-x86_64/gcc-build/avr/avr5/libgcc/../../../../gcc/libgcc/config/avr/lib1funcs.S:1639
    734e:	1a 2e       	mov	r1, r26
/home/jenkins/workspace/avr-gcc-staging/label/debian7-x86_64/gcc-build/avr/avr5/libgcc/../../../../gcc/libgcc/config/avr/lib1funcs.S:1640
    7350:	aa 1b       	sub	r26, r26
/home/jenkins/workspace/avr-gcc-staging/label/debian7-x86_64/gcc-build/avr/avr5/libgcc/../../../../gcc/libgcc/config/avr/lib1funcs.S:1641
    7352:	bb 1b       	sub	r27, r27
/home/jenkins/workspace/avr-gcc-staging/label/debian7-x86_64/gcc-build/avr/avr5/libgcc/../../../../gcc/libgcc/config/avr/lib1funcs.S:1642
    7354:	fd 01       	movw	r30, r26
/home/jenkins/workspace/avr-gcc-staging/label/debian7-x86_64/gcc-build/avr/avr5/libgcc/../../../../gcc/libgcc/config/avr/lib1funcs.S:1644
    7356:	0d c0       	rjmp	.+26     	; 0x7372 <__udivmodsi4_ep>

00007358 <__udivmodsi4_loop>:
/home/jenkins/workspace/avr-gcc-staging/label/debian7-x86_64/gcc-build/avr/avr5/libgcc/../../../../gcc/libgcc/config/avr/lib1funcs.S:1646
    7358:	aa 1f       	adc	r26, r26
/home/jenkins/workspace/avr-gcc-staging/label/debian7-x86_64/gcc-build/avr/avr5/libgcc/../../../../gcc/libgcc/config/avr/lib1funcs.S:1647
    735a:	bb 1f       	adc	r27, r27
/home/jenkins/workspace/avr-gcc-staging/label/debian7-x86_64/gcc-build/avr/avr5/libgcc/../../../../gcc/libgcc/config/avr/lib1funcs.S:1648
    735c:	ee 1f       	adc	r30, r30
/home/jenkins/workspace/avr-gcc-staging/label/debian7-x86_64/gcc-build/avr/avr5/libgcc/../../../../gcc/libgcc/config/avr/lib1funcs.S:1649
    735e:	ff 1f       	adc	r31, r31
/home/jenkins/workspace/avr-gcc-staging/label/debian7-x86_64/gcc-build/avr/avr5/libgcc/../../../../gcc/libgcc/config/avr/lib1funcs.S:1650
    7360:	a2 17       	cp	r26, r18
/home/jenkins/workspace/avr-gcc-staging/label/debian7-x86_64/gcc-build/avr/avr5/libgcc/../../../../gcc/libgcc/config/avr/lib1funcs.S:1651
    7362:	b3 07       	cpc	r27, r19
/home/jenkins/workspace/avr-gcc-staging/label/debian7-x86_64/gcc-build/avr/avr5/libgcc/../../../../gcc/libgcc/config/avr/lib1funcs.S:1652
    7364:	e4 07       	cpc	r30, r20
/home/jenkins/workspace/avr-gcc-staging/label/debian7-x86_64/gcc-build/avr/avr5/libgcc/../../../../gcc/libgcc/config/avr/lib1funcs.S:1653
    7366:	f5 07       	cpc	r31, r21
/home/jenkins/workspace/avr-gcc-staging/label/debian7-x86_64/gcc-build/avr/avr5/libgcc/../../../../gcc/libgcc/config/avr/lib1funcs.S:1654
    7368:	20 f0       	brcs	.+8      	; 0x7372 <__udivmodsi4_ep>
/home/jenkins/workspace/avr-gcc-staging/label/debian7-x86_64/gcc-build/avr/avr5/libgcc/../../../../gcc/libgcc/config/avr/lib1funcs.S:1655
    736a:	a2 1b       	sub	r26, r18
/home/jenkins/workspace/avr-gcc-staging/label/debian7-x86_64/gcc-build/avr/avr5/libgcc/../../../../gcc/libgcc/config/avr/lib1funcs.S:1656
    736c:	b3 0b       	sbc	r27, r19
/home/jenkins/workspace/avr-gcc-staging/label/debian7-x86_64/gcc-build/avr/avr5/libgcc/../../../../gcc/libgcc/config/avr/lib1funcs.S:1657
    736e:	e4 0b       	sbc	r30, r20
/home/jenkins/workspace/avr-gcc-staging/label/debian7-x86_64/gcc-build/avr/avr5/libgcc/../../../../gcc/libgcc/config/avr/lib1funcs.S:1658
    7370:	f5 0b       	sbc	r31, r21

00007372 <__udivmodsi4_ep>:
/home/jenkins/workspace/avr-gcc-staging/label/debian7-x86_64/gcc-build/avr/avr5/libgcc/../../../../gcc/libgcc/config/avr/lib1funcs.S:1660
    7372:	66 1f       	adc	r22, r22
/home/jenkins/workspace/avr-gcc-staging/label/debian7-x86_64/gcc-build/avr/avr5/libgcc/../../../../gcc/libgcc/config/avr/lib1funcs.S:1661
    7374:	77 1f       	adc	r23, r23
/home/jenkins/workspace/avr-gcc-staging/label/debian7-x86_64/gcc-build/avr/avr5/libgcc/../../../../gcc/libgcc/config/avr/lib1funcs.S:1662
    7376:	88 1f       	adc	r24, r24
/home/jenkins/workspace/avr-gcc-staging/label/debian7-x86_64/gcc-build/avr/avr5/libgcc/../../../../gcc/libgcc/config/avr/lib1funcs.S:1663
    7378:	99 1f       	adc	r25, r25
/home/jenkins/workspace/avr-gcc-staging/label/debian7-x86_64/gcc-build/avr/avr5/libgcc/../../../../gcc/libgcc/config/avr/lib1funcs.S:1664
    737a:	1a 94       	dec	r1
/home/jenkins/workspace/avr-gcc-staging/label/debian7-x86_64/gcc-build/avr/avr5/libgcc/../../../../gcc/libgcc/config/avr/lib1funcs.S:1665
    737c:	69 f7       	brne	.-38     	; 0x7358 <__udivmodsi4_loop>
/home/jenkins/workspace/avr-gcc-staging/label/debian7-x86_64/gcc-build/avr/avr5/libgcc/../../../../gcc/libgcc/config/avr/lib1funcs.S:1667
    737e:	60 95       	com	r22
/home/jenkins/workspace/avr-gcc-staging/label/debian7-x86_64/gcc-build/avr/avr5/libgcc/../../../../gcc/libgcc/config/avr/lib1funcs.S:1668
    7380:	70 95       	com	r23
/home/jenkins/workspace/avr-gcc-staging/label/debian7-x86_64/gcc-build/avr/avr5/libgcc/../../../../gcc/libgcc/config/avr/lib1funcs.S:1669
    7382:	80 95       	com	r24
/home/jenkins/workspace/avr-gcc-staging/label/debian7-x86_64/gcc-build/avr/avr5/libgcc/../../../../gcc/libgcc/config/avr/lib1funcs.S:1670
    7384:	90 95       	com	r25
/home/jenkins/workspace/avr-gcc-staging/label/debian7-x86_64/gcc-build/avr/avr5/libgcc/../../../../gcc/libgcc/config/avr/lib1funcs.S:1672
    7386:	9b 01       	movw	r18, r22
/home/jenkins/workspace/avr-gcc-staging/label/debian7-x86_64/gcc-build/avr/avr5/libgcc/../../../../gcc/libgcc/config/avr/lib1funcs.S:1674
    7388:	ac 01       	movw	r20, r24
/home/jenkins/workspace/avr-gcc-staging/label/debian7-x86_64/gcc-build/avr/avr5/libgcc/../../../../gcc/libgcc/config/avr/lib1funcs.S:1676
    738a:	bd 01       	movw	r22, r26
/home/jenkins/workspace/avr-gcc-staging/label/debian7-x86_64/gcc-build/avr/avr5/libgcc/../../../../gcc/libgcc/config/avr/lib1funcs.S:1678
    738c:	cf 01       	movw	r24, r30
/home/jenkins/workspace/avr-gcc-staging/label/debian7-x86_64/gcc-build/avr/avr5/libgcc/../../../../gcc/libgcc/config/avr/lib1funcs.S:1680
    738e:	08 95       	ret

00007390 <__divmodsi4>:
__divmodsi4():
/home/jenkins/workspace/avr-gcc-staging/label/debian7-x86_64/gcc-build/avr/avr5/libgcc/../../../../gcc/libgcc/config/avr/lib1funcs.S:1686
    7390:	05 2e       	mov	r0, r21
/home/jenkins/workspace/avr-gcc-staging/label/debian7-x86_64/gcc-build/avr/avr5/libgcc/../../../../gcc/libgcc/config/avr/lib1funcs.S:1687
    7392:	97 fb       	bst	r25, 7
/home/jenkins/workspace/avr-gcc-staging/label/debian7-x86_64/gcc-build/avr/avr5/libgcc/../../../../gcc/libgcc/config/avr/lib1funcs.S:1688
    7394:	1e f4       	brtc	.+6      	; 0x739c <__divmodsi4+0xc>
/home/jenkins/workspace/avr-gcc-staging/label/debian7-x86_64/gcc-build/avr/avr5/libgcc/../../../../gcc/libgcc/config/avr/lib1funcs.S:1689
    7396:	00 94       	com	r0
/home/jenkins/workspace/avr-gcc-staging/label/debian7-x86_64/gcc-build/avr/avr5/libgcc/../../../../gcc/libgcc/config/avr/lib1funcs.S:1690
    7398:	0e 94 df 39 	call	0x73be	; 0x73be <__negsi2>
/home/jenkins/workspace/avr-gcc-staging/label/debian7-x86_64/gcc-build/avr/avr5/libgcc/../../../../gcc/libgcc/config/avr/lib1funcs.S:1692
    739c:	57 fd       	sbrc	r21, 7
/home/jenkins/workspace/avr-gcc-staging/label/debian7-x86_64/gcc-build/avr/avr5/libgcc/../../../../gcc/libgcc/config/avr/lib1funcs.S:1693
    739e:	07 d0       	rcall	.+14     	; 0x73ae <__divmodsi4_neg2>
/home/jenkins/workspace/avr-gcc-staging/label/debian7-x86_64/gcc-build/avr/avr5/libgcc/../../../../gcc/libgcc/config/avr/lib1funcs.S:1694
    73a0:	0e 94 a6 39 	call	0x734c	; 0x734c <__udivmodsi4>
/home/jenkins/workspace/avr-gcc-staging/label/debian7-x86_64/gcc-build/avr/avr5/libgcc/../../../../gcc/libgcc/config/avr/lib1funcs.S:1695
    73a4:	07 fc       	sbrc	r0, 7
/home/jenkins/workspace/avr-gcc-staging/label/debian7-x86_64/gcc-build/avr/avr5/libgcc/../../../../gcc/libgcc/config/avr/lib1funcs.S:1696
    73a6:	03 d0       	rcall	.+6      	; 0x73ae <__divmodsi4_neg2>
/home/jenkins/workspace/avr-gcc-staging/label/debian7-x86_64/gcc-build/avr/avr5/libgcc/../../../../gcc/libgcc/config/avr/lib1funcs.S:1697
    73a8:	4e f4       	brtc	.+18     	; 0x73bc <__divmodsi4_exit>
/home/jenkins/workspace/avr-gcc-staging/label/debian7-x86_64/gcc-build/avr/avr5/libgcc/../../../../gcc/libgcc/config/avr/lib1funcs.S:1698
    73aa:	0c 94 df 39 	jmp	0x73be	; 0x73be <__negsi2>

000073ae <__divmodsi4_neg2>:
/home/jenkins/workspace/avr-gcc-staging/label/debian7-x86_64/gcc-build/avr/avr5/libgcc/../../../../gcc/libgcc/config/avr/lib1funcs.S:1701
    73ae:	50 95       	com	r21
/home/jenkins/workspace/avr-gcc-staging/label/debian7-x86_64/gcc-build/avr/avr5/libgcc/../../../../gcc/libgcc/config/avr/lib1funcs.S:1702
    73b0:	40 95       	com	r20
/home/jenkins/workspace/avr-gcc-staging/label/debian7-x86_64/gcc-build/avr/avr5/libgcc/../../../../gcc/libgcc/config/avr/lib1funcs.S:1703
    73b2:	30 95       	com	r19
/home/jenkins/workspace/avr-gcc-staging/label/debian7-x86_64/gcc-build/avr/avr5/libgcc/../../../../gcc/libgcc/config/avr/lib1funcs.S:1704
    73b4:	21 95       	neg	r18
/home/jenkins/workspace/avr-gcc-staging/label/debian7-x86_64/gcc-build/avr/avr5/libgcc/../../../../gcc/libgcc/config/avr/lib1funcs.S:1705
    73b6:	3f 4f       	sbci	r19, 0xFF	; 255
/home/jenkins/workspace/avr-gcc-staging/label/debian7-x86_64/gcc-build/avr/avr5/libgcc/../../../../gcc/libgcc/config/avr/lib1funcs.S:1706
    73b8:	4f 4f       	sbci	r20, 0xFF	; 255
/home/jenkins/workspace/avr-gcc-staging/label/debian7-x86_64/gcc-build/avr/avr5/libgcc/../../../../gcc/libgcc/config/avr/lib1funcs.S:1707
    73ba:	5f 4f       	sbci	r21, 0xFF	; 255

000073bc <__divmodsi4_exit>:
/home/jenkins/workspace/avr-gcc-staging/label/debian7-x86_64/gcc-build/avr/avr5/libgcc/../../../../gcc/libgcc/config/avr/lib1funcs.S:1709
    73bc:	08 95       	ret

000073be <__negsi2>:
__negsi2():
/home/jenkins/workspace/avr-gcc-staging/label/debian7-x86_64/gcc-build/avr/avr5/libgcc/../../../../gcc/libgcc/config/avr/lib1funcs.S:1718
    73be:	90 95       	com	r25
    73c0:	80 95       	com	r24
    73c2:	70 95       	com	r23
    73c4:	61 95       	neg	r22
    73c6:	7f 4f       	sbci	r23, 0xFF	; 255
    73c8:	8f 4f       	sbci	r24, 0xFF	; 255
    73ca:	9f 4f       	sbci	r25, 0xFF	; 255
/home/jenkins/workspace/avr-gcc-staging/label/debian7-x86_64/gcc-build/avr/avr5/libgcc/../../../../gcc/libgcc/config/avr/lib1funcs.S:1719
    73cc:	08 95       	ret

000073ce <__tablejump2__>:
__tablejump2__():
/home/jenkins/workspace/avr-gcc-staging/label/debian7-x86_64/gcc-build/avr/avr5/libgcc/../../../../gcc/libgcc/config/avr/lib1funcs.S:2296
    73ce:	ee 0f       	add	r30, r30
/home/jenkins/workspace/avr-gcc-staging/label/debian7-x86_64/gcc-build/avr/avr5/libgcc/../../../../gcc/libgcc/config/avr/lib1funcs.S:2297
    73d0:	ff 1f       	adc	r31, r31
/home/jenkins/workspace/avr-gcc-staging/label/debian7-x86_64/gcc-build/avr/avr5/libgcc/../../../../gcc/libgcc/config/avr/lib1funcs.S:2328
    73d2:	05 90       	lpm	r0, Z+
/home/jenkins/workspace/avr-gcc-staging/label/debian7-x86_64/gcc-build/avr/avr5/libgcc/../../../../gcc/libgcc/config/avr/lib1funcs.S:2329
    73d4:	f4 91       	lpm	r31, Z
/home/jenkins/workspace/avr-gcc-staging/label/debian7-x86_64/gcc-build/avr/avr5/libgcc/../../../../gcc/libgcc/config/avr/lib1funcs.S:2330
    73d6:	e0 2d       	mov	r30, r0
/home/jenkins/workspace/avr-gcc-staging/label/debian7-x86_64/gcc-build/avr/avr5/libgcc/../../../../gcc/libgcc/config/avr/lib1funcs.S:2331
    73d8:	09 94       	ijmp

000073da <__mulhisi3>:
__mulhisi3():
/home/jenkins/workspace/avr-gcc-staging/label/debian7-x86_64/gcc-build/avr/avr5/libgcc/../../../../gcc/libgcc/config/avr/lib1funcs.S:529
    73da:	0e 94 f5 39 	call	0x73ea	; 0x73ea <__umulhisi3>
/home/jenkins/workspace/avr-gcc-staging/label/debian7-x86_64/gcc-build/avr/avr5/libgcc/../../../../gcc/libgcc/config/avr/lib1funcs.S:531
    73de:	33 23       	and	r19, r19
/home/jenkins/workspace/avr-gcc-staging/label/debian7-x86_64/gcc-build/avr/avr5/libgcc/../../../../gcc/libgcc/config/avr/lib1funcs.S:532
    73e0:	12 f4       	brpl	.+4      	; 0x73e6 <__mulhisi3+0xc>
/home/jenkins/workspace/avr-gcc-staging/label/debian7-x86_64/gcc-build/avr/avr5/libgcc/../../../../gcc/libgcc/config/avr/lib1funcs.S:533
    73e2:	8a 1b       	sub	r24, r26
/home/jenkins/workspace/avr-gcc-staging/label/debian7-x86_64/gcc-build/avr/avr5/libgcc/../../../../gcc/libgcc/config/avr/lib1funcs.S:534
    73e4:	9b 0b       	sbc	r25, r27
/home/jenkins/workspace/avr-gcc-staging/label/debian7-x86_64/gcc-build/avr/avr5/libgcc/../../../../gcc/libgcc/config/avr/lib1funcs.S:536
    73e6:	0c 94 06 3a 	jmp	0x740c	; 0x740c <__usmulhisi3_tail>

000073ea <__umulhisi3>:
__umulhisi3():
/home/jenkins/workspace/avr-gcc-staging/label/debian7-x86_64/gcc-build/avr/avr5/libgcc/../../../../gcc/libgcc/config/avr/lib1funcs.S:564
    73ea:	a2 9f       	mul	r26, r18
/home/jenkins/workspace/avr-gcc-staging/label/debian7-x86_64/gcc-build/avr/avr5/libgcc/../../../../gcc/libgcc/config/avr/lib1funcs.S:565
    73ec:	b0 01       	movw	r22, r0
/home/jenkins/workspace/avr-gcc-staging/label/debian7-x86_64/gcc-build/avr/avr5/libgcc/../../../../gcc/libgcc/config/avr/lib1funcs.S:566
    73ee:	b3 9f       	mul	r27, r19
/home/jenkins/workspace/avr-gcc-staging/label/debian7-x86_64/gcc-build/avr/avr5/libgcc/../../../../gcc/libgcc/config/avr/lib1funcs.S:567
    73f0:	c0 01       	movw	r24, r0
/home/jenkins/workspace/avr-gcc-staging/label/debian7-x86_64/gcc-build/avr/avr5/libgcc/../../../../gcc/libgcc/config/avr/lib1funcs.S:568
    73f2:	a3 9f       	mul	r26, r19
/home/jenkins/workspace/avr-gcc-staging/label/debian7-x86_64/gcc-build/avr/avr5/libgcc/../../../../gcc/libgcc/config/avr/lib1funcs.S:573
    73f4:	70 0d       	add	r23, r0
/home/jenkins/workspace/avr-gcc-staging/label/debian7-x86_64/gcc-build/avr/avr5/libgcc/../../../../gcc/libgcc/config/avr/lib1funcs.S:574
    73f6:	81 1d       	adc	r24, r1
/home/jenkins/workspace/avr-gcc-staging/label/debian7-x86_64/gcc-build/avr/avr5/libgcc/../../../../gcc/libgcc/config/avr/lib1funcs.S:575
    73f8:	11 24       	eor	r1, r1
/home/jenkins/workspace/avr-gcc-staging/label/debian7-x86_64/gcc-build/avr/avr5/libgcc/../../../../gcc/libgcc/config/avr/lib1funcs.S:576
    73fa:	91 1d       	adc	r25, r1
/home/jenkins/workspace/avr-gcc-staging/label/debian7-x86_64/gcc-build/avr/avr5/libgcc/../../../../gcc/libgcc/config/avr/lib1funcs.S:580
    73fc:	b2 9f       	mul	r27, r18
/home/jenkins/workspace/avr-gcc-staging/label/debian7-x86_64/gcc-build/avr/avr5/libgcc/../../../../gcc/libgcc/config/avr/lib1funcs.S:581
    73fe:	70 0d       	add	r23, r0
/home/jenkins/workspace/avr-gcc-staging/label/debian7-x86_64/gcc-build/avr/avr5/libgcc/../../../../gcc/libgcc/config/avr/lib1funcs.S:582
    7400:	81 1d       	adc	r24, r1
/home/jenkins/workspace/avr-gcc-staging/label/debian7-x86_64/gcc-build/avr/avr5/libgcc/../../../../gcc/libgcc/config/avr/lib1funcs.S:583
    7402:	11 24       	eor	r1, r1
/home/jenkins/workspace/avr-gcc-staging/label/debian7-x86_64/gcc-build/avr/avr5/libgcc/../../../../gcc/libgcc/config/avr/lib1funcs.S:584
    7404:	91 1d       	adc	r25, r1
/home/jenkins/workspace/avr-gcc-staging/label/debian7-x86_64/gcc-build/avr/avr5/libgcc/../../../../gcc/libgcc/config/avr/lib1funcs.S:585
    7406:	08 95       	ret

00007408 <__usmulhisi3>:
__usmulhisi3():
/home/jenkins/workspace/avr-gcc-staging/label/debian7-x86_64/gcc-build/avr/avr5/libgcc/../../../../gcc/libgcc/config/avr/lib1funcs.S:545
    7408:	0e 94 f5 39 	call	0x73ea	; 0x73ea <__umulhisi3>

0000740c <__usmulhisi3_tail>:
__usmulhisi3_tail():
/home/jenkins/workspace/avr-gcc-staging/label/debian7-x86_64/gcc-build/avr/avr5/libgcc/../../../../gcc/libgcc/config/avr/lib1funcs.S:551
    740c:	b7 ff       	sbrs	r27, 7
/home/jenkins/workspace/avr-gcc-staging/label/debian7-x86_64/gcc-build/avr/avr5/libgcc/../../../../gcc/libgcc/config/avr/lib1funcs.S:552
    740e:	08 95       	ret
/home/jenkins/workspace/avr-gcc-staging/label/debian7-x86_64/gcc-build/avr/avr5/libgcc/../../../../gcc/libgcc/config/avr/lib1funcs.S:553
    7410:	82 1b       	sub	r24, r18
/home/jenkins/workspace/avr-gcc-staging/label/debian7-x86_64/gcc-build/avr/avr5/libgcc/../../../../gcc/libgcc/config/avr/lib1funcs.S:554
    7412:	93 0b       	sbc	r25, r19
/home/jenkins/workspace/avr-gcc-staging/label/debian7-x86_64/gcc-build/avr/avr5/libgcc/../../../../gcc/libgcc/config/avr/lib1funcs.S:555
    7414:	08 95       	ret

00007416 <__muluhisi3>:
__muluhisi3():
/home/jenkins/workspace/avr-gcc-staging/label/debian7-x86_64/gcc-build/avr/avr5/libgcc/../../../../gcc/libgcc/config/avr/lib1funcs.S:626
    7416:	0e 94 f5 39 	call	0x73ea	; 0x73ea <__umulhisi3>
/home/jenkins/workspace/avr-gcc-staging/label/debian7-x86_64/gcc-build/avr/avr5/libgcc/../../../../gcc/libgcc/config/avr/lib1funcs.S:627
    741a:	a5 9f       	mul	r26, r21
/home/jenkins/workspace/avr-gcc-staging/label/debian7-x86_64/gcc-build/avr/avr5/libgcc/../../../../gcc/libgcc/config/avr/lib1funcs.S:628
    741c:	90 0d       	add	r25, r0
/home/jenkins/workspace/avr-gcc-staging/label/debian7-x86_64/gcc-build/avr/avr5/libgcc/../../../../gcc/libgcc/config/avr/lib1funcs.S:629
    741e:	b4 9f       	mul	r27, r20
/home/jenkins/workspace/avr-gcc-staging/label/debian7-x86_64/gcc-build/avr/avr5/libgcc/../../../../gcc/libgcc/config/avr/lib1funcs.S:630
    7420:	90 0d       	add	r25, r0
/home/jenkins/workspace/avr-gcc-staging/label/debian7-x86_64/gcc-build/avr/avr5/libgcc/../../../../gcc/libgcc/config/avr/lib1funcs.S:631
    7422:	a4 9f       	mul	r26, r20
/home/jenkins/workspace/avr-gcc-staging/label/debian7-x86_64/gcc-build/avr/avr5/libgcc/../../../../gcc/libgcc/config/avr/lib1funcs.S:632
    7424:	80 0d       	add	r24, r0
/home/jenkins/workspace/avr-gcc-staging/label/debian7-x86_64/gcc-build/avr/avr5/libgcc/../../../../gcc/libgcc/config/avr/lib1funcs.S:633
    7426:	91 1d       	adc	r25, r1
/home/jenkins/workspace/avr-gcc-staging/label/debian7-x86_64/gcc-build/avr/avr5/libgcc/../../../../gcc/libgcc/config/avr/lib1funcs.S:634
    7428:	11 24       	eor	r1, r1
/home/jenkins/workspace/avr-gcc-staging/label/debian7-x86_64/gcc-build/avr/avr5/libgcc/../../../../gcc/libgcc/config/avr/lib1funcs.S:635
    742a:	08 95       	ret

0000742c <__mulshisi3>:
__mulshisi3():
/home/jenkins/workspace/avr-gcc-staging/label/debian7-x86_64/gcc-build/avr/avr5/libgcc/../../../../gcc/libgcc/config/avr/lib1funcs.S:603
    742c:	b7 ff       	sbrs	r27, 7
/home/jenkins/workspace/avr-gcc-staging/label/debian7-x86_64/gcc-build/avr/avr5/libgcc/../../../../gcc/libgcc/config/avr/lib1funcs.S:605
    742e:	0c 94 0b 3a 	jmp	0x7416	; 0x7416 <__muluhisi3>

00007432 <__mulohisi3>:
__mulohisi3():
/home/jenkins/workspace/avr-gcc-staging/label/debian7-x86_64/gcc-build/avr/avr5/libgcc/../../../../gcc/libgcc/config/avr/lib1funcs.S:613
    7432:	0e 94 0b 3a 	call	0x7416	; 0x7416 <__muluhisi3>
/home/jenkins/workspace/avr-gcc-staging/label/debian7-x86_64/gcc-build/avr/avr5/libgcc/../../../../gcc/libgcc/config/avr/lib1funcs.S:615
    7436:	82 1b       	sub	r24, r18
/home/jenkins/workspace/avr-gcc-staging/label/debian7-x86_64/gcc-build/avr/avr5/libgcc/../../../../gcc/libgcc/config/avr/lib1funcs.S:616
    7438:	93 0b       	sbc	r25, r19
/home/jenkins/workspace/avr-gcc-staging/label/debian7-x86_64/gcc-build/avr/avr5/libgcc/../../../../gcc/libgcc/config/avr/lib1funcs.S:617
    743a:	08 95       	ret

0000743c <__moddi3>:
__moddi3():
/home/jenkins/workspace/avr-gcc-staging/label/debian7-x86_64/gcc-build/avr/avr5/libgcc/../../../../gcc/libgcc/config/avr/lib1funcs.S:1964
    743c:	68 94       	set
/home/jenkins/workspace/avr-gcc-staging/label/debian7-x86_64/gcc-build/avr/avr5/libgcc/../../../../gcc/libgcc/config/avr/lib1funcs.S:1965
    743e:	01 c0       	rjmp	.+2      	; 0x7442 <__divdi3_moddi3>

00007440 <__divdi3>:
__divdi3():
/home/jenkins/workspace/avr-gcc-staging/label/debian7-x86_64/gcc-build/avr/avr5/libgcc/../../../../gcc/libgcc/config/avr/lib1funcs.S:1972
    7440:	e8 94       	clt

00007442 <__divdi3_moddi3>:
__divdi3_moddi3():
/home/jenkins/workspace/avr-gcc-staging/label/debian7-x86_64/gcc-build/avr/avr5/libgcc/../../../../gcc/libgcc/config/avr/lib1funcs.S:1977
    7442:	f9 2f       	mov	r31, r25
/home/jenkins/workspace/avr-gcc-staging/label/debian7-x86_64/gcc-build/avr/avr5/libgcc/../../../../gcc/libgcc/config/avr/lib1funcs.S:1978
    7444:	f1 2b       	or	r31, r17
/home/jenkins/workspace/avr-gcc-staging/label/debian7-x86_64/gcc-build/avr/avr5/libgcc/../../../../gcc/libgcc/config/avr/lib1funcs.S:1979
    7446:	12 f0       	brmi	.+4      	; 0x744c <__divdi3_moddi3+0xa>
/home/jenkins/workspace/avr-gcc-staging/label/debian7-x86_64/gcc-build/avr/avr5/libgcc/../../../../gcc/libgcc/config/avr/lib1funcs.S:1981
    7448:	0c 94 52 3a 	jmp	0x74a4	; 0x74a4 <__udivdi3_umoddi3>
/home/jenkins/workspace/avr-gcc-staging/label/debian7-x86_64/gcc-build/avr/avr5/libgcc/../../../../gcc/libgcc/config/avr/lib1funcs.S:1987
    744c:	a0 e0       	ldi	r26, 0x00	; 0
    744e:	b0 e0       	ldi	r27, 0x00	; 0
    7450:	ec e2       	ldi	r30, 0x2C	; 44
    7452:	fa e3       	ldi	r31, 0x3A	; 58
    7454:	0c 94 f3 36 	jmp	0x6de6	; 0x6de6 <__prologue_saves__+0xc>
/home/jenkins/workspace/avr-gcc-staging/label/debian7-x86_64/gcc-build/avr/avr5/libgcc/../../../../gcc/libgcc/config/avr/lib1funcs.S:1991
    7458:	09 2e       	mov	r0, r25
/home/jenkins/workspace/avr-gcc-staging/label/debian7-x86_64/gcc-build/avr/avr5/libgcc/../../../../gcc/libgcc/config/avr/lib1funcs.S:1992
    745a:	05 94       	asr	r0
/home/jenkins/workspace/avr-gcc-staging/label/debian7-x86_64/gcc-build/avr/avr5/libgcc/../../../../gcc/libgcc/config/avr/lib1funcs.S:1997
    745c:	22 f4       	brpl	.+8      	; 0x7466 <__divdi3_moddi3+0x24>
/home/jenkins/workspace/avr-gcc-staging/label/debian7-x86_64/gcc-build/avr/avr5/libgcc/../../../../gcc/libgcc/config/avr/lib1funcs.S:2002
    745e:	0e 94 ae 3a 	call	0x755c	; 0x755c <__negdi2>
/home/jenkins/workspace/avr-gcc-staging/label/debian7-x86_64/gcc-build/avr/avr5/libgcc/../../../../gcc/libgcc/config/avr/lib1funcs.S:2005
    7462:	11 23       	and	r17, r17
/home/jenkins/workspace/avr-gcc-staging/label/debian7-x86_64/gcc-build/avr/avr5/libgcc/../../../../gcc/libgcc/config/avr/lib1funcs.S:2006
    7464:	92 f4       	brpl	.+36     	; 0x748a <__divdi3_moddi3+0x48>
/home/jenkins/workspace/avr-gcc-staging/label/debian7-x86_64/gcc-build/avr/avr5/libgcc/../../../../gcc/libgcc/config/avr/lib1funcs.S:2007
    7466:	f0 e8       	ldi	r31, 0x80	; 128
/home/jenkins/workspace/avr-gcc-staging/label/debian7-x86_64/gcc-build/avr/avr5/libgcc/../../../../gcc/libgcc/config/avr/lib1funcs.S:2008
    7468:	0f 26       	eor	r0, r31
/home/jenkins/workspace/avr-gcc-staging/label/debian7-x86_64/gcc-build/avr/avr5/libgcc/../../../../gcc/libgcc/config/avr/lib1funcs.S:2010
    746a:	ff ef       	ldi	r31, 0xFF	; 255
/home/jenkins/workspace/avr-gcc-staging/label/debian7-x86_64/gcc-build/avr/avr5/libgcc/../../../../gcc/libgcc/config/avr/lib1funcs.S:2011
    746c:	e0 94       	com	r14
    746e:	f0 94       	com	r15
    7470:	00 95       	com	r16
    7472:	10 95       	com	r17
/home/jenkins/workspace/avr-gcc-staging/label/debian7-x86_64/gcc-build/avr/avr5/libgcc/../../../../gcc/libgcc/config/avr/lib1funcs.S:2012
    7474:	b0 94       	com	r11
    7476:	c0 94       	com	r12
    7478:	d0 94       	com	r13
/home/jenkins/workspace/avr-gcc-staging/label/debian7-x86_64/gcc-build/avr/avr5/libgcc/../../../../gcc/libgcc/config/avr/lib1funcs.S:2013
    747a:	a1 94       	neg	r10
/home/jenkins/workspace/avr-gcc-staging/label/debian7-x86_64/gcc-build/avr/avr5/libgcc/../../../../gcc/libgcc/config/avr/lib1funcs.S:2014
    747c:	bf 0a       	sbc	r11, r31
    747e:	cf 0a       	sbc	r12, r31
    7480:	df 0a       	sbc	r13, r31
/home/jenkins/workspace/avr-gcc-staging/label/debian7-x86_64/gcc-build/avr/avr5/libgcc/../../../../gcc/libgcc/config/avr/lib1funcs.S:2015
    7482:	ef 0a       	sbc	r14, r31
    7484:	ff 0a       	sbc	r15, r31
    7486:	0f 0b       	sbc	r16, r31
    7488:	1f 0b       	sbc	r17, r31
/home/jenkins/workspace/avr-gcc-staging/label/debian7-x86_64/gcc-build/avr/avr5/libgcc/../../../../gcc/libgcc/config/avr/lib1funcs.S:2018
    748a:	0e 94 5d 3a 	call	0x74ba	; 0x74ba <__udivmod64>
/home/jenkins/workspace/avr-gcc-staging/label/debian7-x86_64/gcc-build/avr/avr5/libgcc/../../../../gcc/libgcc/config/avr/lib1funcs.S:2025
    748e:	07 fc       	sbrc	r0, 7
/home/jenkins/workspace/avr-gcc-staging/label/debian7-x86_64/gcc-build/avr/avr5/libgcc/../../../../gcc/libgcc/config/avr/lib1funcs.S:2027
    7490:	0e 94 ae 3a 	call	0x755c	; 0x755c <__negdi2>
/home/jenkins/workspace/avr-gcc-staging/label/debian7-x86_64/gcc-build/avr/avr5/libgcc/../../../../gcc/libgcc/config/avr/lib1funcs.S:2030
    7494:	cd b7       	in	r28, 0x3d	; 61
    7496:	de b7       	in	r29, 0x3e	; 62
    7498:	ec e0       	ldi	r30, 0x0C	; 12
    749a:	0c 94 0f 37 	jmp	0x6e1e	; 0x6e1e <__epilogue_restores__+0xc>

0000749e <__umoddi3>:
__umoddi3():
/home/jenkins/workspace/avr-gcc-staging/label/debian7-x86_64/gcc-build/avr/avr5/libgcc/../../../../gcc/libgcc/config/avr/lib1funcs.S:1806
    749e:	68 94       	set
/home/jenkins/workspace/avr-gcc-staging/label/debian7-x86_64/gcc-build/avr/avr5/libgcc/../../../../gcc/libgcc/config/avr/lib1funcs.S:1807
    74a0:	01 c0       	rjmp	.+2      	; 0x74a4 <__udivdi3_umoddi3>

000074a2 <__udivdi3>:
__udivdi3():
/home/jenkins/workspace/avr-gcc-staging/label/debian7-x86_64/gcc-build/avr/avr5/libgcc/../../../../gcc/libgcc/config/avr/lib1funcs.S:1814
    74a2:	e8 94       	clt

000074a4 <__udivdi3_umoddi3>:
__udivdi3_umoddi3():
/home/jenkins/workspace/avr-gcc-staging/label/debian7-x86_64/gcc-build/avr/avr5/libgcc/../../../../gcc/libgcc/config/avr/lib1funcs.S:1818
    74a4:	8f 92       	push	r8
/home/jenkins/workspace/avr-gcc-staging/label/debian7-x86_64/gcc-build/avr/avr5/libgcc/../../../../gcc/libgcc/config/avr/lib1funcs.S:1819
    74a6:	9f 92       	push	r9
/home/jenkins/workspace/avr-gcc-staging/label/debian7-x86_64/gcc-build/avr/avr5/libgcc/../../../../gcc/libgcc/config/avr/lib1funcs.S:1820
    74a8:	cf 93       	push	r28
/home/jenkins/workspace/avr-gcc-staging/label/debian7-x86_64/gcc-build/avr/avr5/libgcc/../../../../gcc/libgcc/config/avr/lib1funcs.S:1821
    74aa:	df 93       	push	r29
/home/jenkins/workspace/avr-gcc-staging/label/debian7-x86_64/gcc-build/avr/avr5/libgcc/../../../../gcc/libgcc/config/avr/lib1funcs.S:1822
    74ac:	0e 94 5d 3a 	call	0x74ba	; 0x74ba <__udivmod64>
/home/jenkins/workspace/avr-gcc-staging/label/debian7-x86_64/gcc-build/avr/avr5/libgcc/../../../../gcc/libgcc/config/avr/lib1funcs.S:1823
    74b0:	df 91       	pop	r29
/home/jenkins/workspace/avr-gcc-staging/label/debian7-x86_64/gcc-build/avr/avr5/libgcc/../../../../gcc/libgcc/config/avr/lib1funcs.S:1824
    74b2:	cf 91       	pop	r28
/home/jenkins/workspace/avr-gcc-staging/label/debian7-x86_64/gcc-build/avr/avr5/libgcc/../../../../gcc/libgcc/config/avr/lib1funcs.S:1825
    74b4:	9f 90       	pop	r9
/home/jenkins/workspace/avr-gcc-staging/label/debian7-x86_64/gcc-build/avr/avr5/libgcc/../../../../gcc/libgcc/config/avr/lib1funcs.S:1826
    74b6:	8f 90       	pop	r8
/home/jenkins/workspace/avr-gcc-staging/label/debian7-x86_64/gcc-build/avr/avr5/libgcc/../../../../gcc/libgcc/config/avr/lib1funcs.S:1827
    74b8:	08 95       	ret

000074ba <__udivmod64>:
__udivmod64():
/home/jenkins/workspace/avr-gcc-staging/label/debian7-x86_64/gcc-build/avr/avr5/libgcc/../../../../gcc/libgcc/config/avr/lib1funcs.S:1842
    74ba:	88 24       	eor	r8, r8
/home/jenkins/workspace/avr-gcc-staging/label/debian7-x86_64/gcc-build/avr/avr5/libgcc/../../../../gcc/libgcc/config/avr/lib1funcs.S:1843
    74bc:	99 24       	eor	r9, r9
/home/jenkins/workspace/avr-gcc-staging/label/debian7-x86_64/gcc-build/avr/avr5/libgcc/../../../../gcc/libgcc/config/avr/lib1funcs.S:1844
    74be:	f4 01       	movw	r30, r8
/home/jenkins/workspace/avr-gcc-staging/label/debian7-x86_64/gcc-build/avr/avr5/libgcc/../../../../gcc/libgcc/config/avr/lib1funcs.S:1845
    74c0:	e4 01       	movw	r28, r8
/home/jenkins/workspace/avr-gcc-staging/label/debian7-x86_64/gcc-build/avr/avr5/libgcc/../../../../gcc/libgcc/config/avr/lib1funcs.S:1846
    74c2:	b0 e4       	ldi	r27, 0x40	; 64
/home/jenkins/workspace/avr-gcc-staging/label/debian7-x86_64/gcc-build/avr/avr5/libgcc/../../../../gcc/libgcc/config/avr/lib1funcs.S:1856
    74c4:	9f 93       	push	r25
/home/jenkins/workspace/avr-gcc-staging/label/debian7-x86_64/gcc-build/avr/avr5/libgcc/../../../../gcc/libgcc/config/avr/lib1funcs.S:1857
    74c6:	aa 27       	eor	r26, r26
/home/jenkins/workspace/avr-gcc-staging/label/debian7-x86_64/gcc-build/avr/avr5/libgcc/../../../../gcc/libgcc/config/avr/lib1funcs.S:1861
    74c8:	9a 15       	cp	r25, r10
    74ca:	8b 04       	cpc	r8, r11
    74cc:	9c 04       	cpc	r9, r12
    74ce:	ed 05       	cpc	r30, r13
/home/jenkins/workspace/avr-gcc-staging/label/debian7-x86_64/gcc-build/avr/avr5/libgcc/../../../../gcc/libgcc/config/avr/lib1funcs.S:1862
    74d0:	fe 05       	cpc	r31, r14
    74d2:	cf 05       	cpc	r28, r15
    74d4:	d0 07       	cpc	r29, r16
    74d6:	a1 07       	cpc	r26, r17
/home/jenkins/workspace/avr-gcc-staging/label/debian7-x86_64/gcc-build/avr/avr5/libgcc/../../../../gcc/libgcc/config/avr/lib1funcs.S:1863
    74d8:	98 f4       	brcc	.+38     	; 0x7500 <__udivmod64+0x46>
/home/jenkins/workspace/avr-gcc-staging/label/debian7-x86_64/gcc-build/avr/avr5/libgcc/../../../../gcc/libgcc/config/avr/lib1funcs.S:1866
    74da:	ad 2f       	mov	r26, r29
    74dc:	dc 2f       	mov	r29, r28
    74de:	cf 2f       	mov	r28, r31
/home/jenkins/workspace/avr-gcc-staging/label/debian7-x86_64/gcc-build/avr/avr5/libgcc/../../../../gcc/libgcc/config/avr/lib1funcs.S:1867
    74e0:	fe 2f       	mov	r31, r30
    74e2:	e9 2d       	mov	r30, r9
    74e4:	98 2c       	mov	r9, r8
    74e6:	89 2e       	mov	r8, r25
/home/jenkins/workspace/avr-gcc-staging/label/debian7-x86_64/gcc-build/avr/avr5/libgcc/../../../../gcc/libgcc/config/avr/lib1funcs.S:1868
    74e8:	98 2f       	mov	r25, r24
    74ea:	87 2f       	mov	r24, r23
    74ec:	76 2f       	mov	r23, r22
    74ee:	65 2f       	mov	r22, r21
/home/jenkins/workspace/avr-gcc-staging/label/debian7-x86_64/gcc-build/avr/avr5/libgcc/../../../../gcc/libgcc/config/avr/lib1funcs.S:1869
    74f0:	54 2f       	mov	r21, r20
    74f2:	43 2f       	mov	r20, r19
    74f4:	32 2f       	mov	r19, r18
    74f6:	22 27       	eor	r18, r18
/home/jenkins/workspace/avr-gcc-staging/label/debian7-x86_64/gcc-build/avr/avr5/libgcc/../../../../gcc/libgcc/config/avr/lib1funcs.S:1872
    74f8:	b8 50       	subi	r27, 0x08	; 8
/home/jenkins/workspace/avr-gcc-staging/label/debian7-x86_64/gcc-build/avr/avr5/libgcc/../../../../gcc/libgcc/config/avr/lib1funcs.S:1873
    74fa:	31 f7       	brne	.-52     	; 0x74c8 <__udivmod64+0xe>
/home/jenkins/workspace/avr-gcc-staging/label/debian7-x86_64/gcc-build/avr/avr5/libgcc/../../../../gcc/libgcc/config/avr/lib1funcs.S:1876
    74fc:	bf 91       	pop	r27
/home/jenkins/workspace/avr-gcc-staging/label/debian7-x86_64/gcc-build/avr/avr5/libgcc/../../../../gcc/libgcc/config/avr/lib1funcs.S:1881
    74fe:	27 c0       	rjmp	.+78     	; 0x754e <__udivmod64+0x94>
/home/jenkins/workspace/avr-gcc-staging/label/debian7-x86_64/gcc-build/avr/avr5/libgcc/../../../../gcc/libgcc/config/avr/lib1funcs.S:1884
    7500:	1b 2e       	mov	r1, r27
/home/jenkins/workspace/avr-gcc-staging/label/debian7-x86_64/gcc-build/avr/avr5/libgcc/../../../../gcc/libgcc/config/avr/lib1funcs.S:1887
    7502:	bf 91       	pop	r27
/home/jenkins/workspace/avr-gcc-staging/label/debian7-x86_64/gcc-build/avr/avr5/libgcc/../../../../gcc/libgcc/config/avr/lib1funcs.S:1888
    7504:	bb 27       	eor	r27, r27
/home/jenkins/workspace/avr-gcc-staging/label/debian7-x86_64/gcc-build/avr/avr5/libgcc/../../../../gcc/libgcc/config/avr/lib1funcs.S:1916
    7506:	22 0f       	add	r18, r18
    7508:	33 1f       	adc	r19, r19
    750a:	44 1f       	adc	r20, r20
    750c:	55 1f       	adc	r21, r21
/home/jenkins/workspace/avr-gcc-staging/label/debian7-x86_64/gcc-build/avr/avr5/libgcc/../../../../gcc/libgcc/config/avr/lib1funcs.S:1917
    750e:	66 1f       	adc	r22, r22
    7510:	77 1f       	adc	r23, r23
    7512:	88 1f       	adc	r24, r24
    7514:	99 1f       	adc	r25, r25
/home/jenkins/workspace/avr-gcc-staging/label/debian7-x86_64/gcc-build/avr/avr5/libgcc/../../../../gcc/libgcc/config/avr/lib1funcs.S:1920
    7516:	88 1c       	adc	r8, r8
    7518:	99 1c       	adc	r9, r9
    751a:	ee 1f       	adc	r30, r30
    751c:	ff 1f       	adc	r31, r31
/home/jenkins/workspace/avr-gcc-staging/label/debian7-x86_64/gcc-build/avr/avr5/libgcc/../../../../gcc/libgcc/config/avr/lib1funcs.S:1921
    751e:	cc 1f       	adc	r28, r28
    7520:	dd 1f       	adc	r29, r29
    7522:	aa 1f       	adc	r26, r26
    7524:	bb 1f       	adc	r27, r27
/home/jenkins/workspace/avr-gcc-staging/label/debian7-x86_64/gcc-build/avr/avr5/libgcc/../../../../gcc/libgcc/config/avr/lib1funcs.S:1924
    7526:	8a 14       	cp	r8, r10
    7528:	9b 04       	cpc	r9, r11
    752a:	ec 05       	cpc	r30, r12
    752c:	fd 05       	cpc	r31, r13
/home/jenkins/workspace/avr-gcc-staging/label/debian7-x86_64/gcc-build/avr/avr5/libgcc/../../../../gcc/libgcc/config/avr/lib1funcs.S:1925
    752e:	ce 05       	cpc	r28, r14
    7530:	df 05       	cpc	r29, r15
    7532:	a0 07       	cpc	r26, r16
    7534:	b1 07       	cpc	r27, r17
/home/jenkins/workspace/avr-gcc-staging/label/debian7-x86_64/gcc-build/avr/avr5/libgcc/../../../../gcc/libgcc/config/avr/lib1funcs.S:1927
    7536:	48 f0       	brcs	.+18     	; 0x754a <__udivmod64+0x90>
/home/jenkins/workspace/avr-gcc-staging/label/debian7-x86_64/gcc-build/avr/avr5/libgcc/../../../../gcc/libgcc/config/avr/lib1funcs.S:1930
    7538:	8a 18       	sub	r8, r10
    753a:	9b 08       	sbc	r9, r11
    753c:	ec 09       	sbc	r30, r12
    753e:	fd 09       	sbc	r31, r13
/home/jenkins/workspace/avr-gcc-staging/label/debian7-x86_64/gcc-build/avr/avr5/libgcc/../../../../gcc/libgcc/config/avr/lib1funcs.S:1931
    7540:	ce 09       	sbc	r28, r14
    7542:	df 09       	sbc	r29, r15
    7544:	a0 0b       	sbc	r26, r16
    7546:	b1 0b       	sbc	r27, r17
/home/jenkins/workspace/avr-gcc-staging/label/debian7-x86_64/gcc-build/avr/avr5/libgcc/../../../../gcc/libgcc/config/avr/lib1funcs.S:1935
    7548:	21 60       	ori	r18, 0x01	; 1
/home/jenkins/workspace/avr-gcc-staging/label/debian7-x86_64/gcc-build/avr/avr5/libgcc/../../../../gcc/libgcc/config/avr/lib1funcs.S:1938
    754a:	1a 94       	dec	r1
/home/jenkins/workspace/avr-gcc-staging/label/debian7-x86_64/gcc-build/avr/avr5/libgcc/../../../../gcc/libgcc/config/avr/lib1funcs.S:1939
    754c:	e1 f6       	brne	.-72     	; 0x7506 <__udivmod64+0x4c>
/home/jenkins/workspace/avr-gcc-staging/label/debian7-x86_64/gcc-build/avr/avr5/libgcc/../../../../gcc/libgcc/config/avr/lib1funcs.S:1944
    754e:	2e f4       	brtc	.+10     	; 0x755a <__udivmod64+0xa0>
/home/jenkins/workspace/avr-gcc-staging/label/debian7-x86_64/gcc-build/avr/avr5/libgcc/../../../../gcc/libgcc/config/avr/lib1funcs.S:1945
    7550:	94 01       	movw	r18, r8
/home/jenkins/workspace/avr-gcc-staging/label/debian7-x86_64/gcc-build/avr/avr5/libgcc/../../../../gcc/libgcc/config/avr/lib1funcs.S:1946
    7552:	af 01       	movw	r20, r30
/home/jenkins/workspace/avr-gcc-staging/label/debian7-x86_64/gcc-build/avr/avr5/libgcc/../../../../gcc/libgcc/config/avr/lib1funcs.S:1947
    7554:	be 01       	movw	r22, r28
/home/jenkins/workspace/avr-gcc-staging/label/debian7-x86_64/gcc-build/avr/avr5/libgcc/../../../../gcc/libgcc/config/avr/lib1funcs.S:1948
    7556:	cd 01       	movw	r24, r26
/home/jenkins/workspace/avr-gcc-staging/label/debian7-x86_64/gcc-build/avr/avr5/libgcc/../../../../gcc/libgcc/config/avr/lib1funcs.S:1950
    7558:	00 0c       	add	r0, r0
/home/jenkins/workspace/avr-gcc-staging/label/debian7-x86_64/gcc-build/avr/avr5/libgcc/../../../../gcc/libgcc/config/avr/lib1funcs.S:1952
    755a:	08 95       	ret

0000755c <__negdi2>:
__negdi2():
/home/jenkins/workspace/avr-gcc-staging/label/debian7-x86_64/gcc-build/avr/avr5/libgcc/../../../../gcc/libgcc/config/avr/lib1funcs.S:2117
    755c:	60 95       	com	r22
    755e:	70 95       	com	r23
    7560:	80 95       	com	r24
    7562:	90 95       	com	r25
/home/jenkins/workspace/avr-gcc-staging/label/debian7-x86_64/gcc-build/avr/avr5/libgcc/../../../../gcc/libgcc/config/avr/lib1funcs.S:2118
    7564:	30 95       	com	r19
    7566:	40 95       	com	r20
    7568:	50 95       	com	r21
/home/jenkins/workspace/avr-gcc-staging/label/debian7-x86_64/gcc-build/avr/avr5/libgcc/../../../../gcc/libgcc/config/avr/lib1funcs.S:2119
    756a:	21 95       	neg	r18
/home/jenkins/workspace/avr-gcc-staging/label/debian7-x86_64/gcc-build/avr/avr5/libgcc/../../../../gcc/libgcc/config/avr/lib1funcs.S:2120
    756c:	3f 4f       	sbci	r19, 0xFF	; 255
    756e:	4f 4f       	sbci	r20, 0xFF	; 255
    7570:	5f 4f       	sbci	r21, 0xFF	; 255
/home/jenkins/workspace/avr-gcc-staging/label/debian7-x86_64/gcc-build/avr/avr5/libgcc/../../../../gcc/libgcc/config/avr/lib1funcs.S:2121
    7572:	6f 4f       	sbci	r22, 0xFF	; 255
    7574:	7f 4f       	sbci	r23, 0xFF	; 255
    7576:	8f 4f       	sbci	r24, 0xFF	; 255
    7578:	9f 4f       	sbci	r25, 0xFF	; 255
/home/jenkins/workspace/avr-gcc-staging/label/debian7-x86_64/gcc-build/avr/avr5/libgcc/../../../../gcc/libgcc/config/avr/lib1funcs.S:2122
    757a:	08 95       	ret

0000757c <__ashldi3>:
__ashldi3():
/home/jenkins/workspace/avr-gcc-staging/label/debian7-x86_64/gcc-build/avr/avr5/libgcc/../../../../gcc/libgcc/config/avr/lib1funcs.S:3169
    757c:	00 2e       	mov	r0, r16
/home/jenkins/workspace/avr-gcc-staging/label/debian7-x86_64/gcc-build/avr/avr5/libgcc/../../../../gcc/libgcc/config/avr/lib1funcs.S:3170
    757e:	08 30       	cpi	r16, 0x08	; 8
/home/jenkins/workspace/avr-gcc-staging/label/debian7-x86_64/gcc-build/avr/avr5/libgcc/../../../../gcc/libgcc/config/avr/lib1funcs.S:3171
    7580:	90 f0       	brcs	.+36     	; 0x75a6 <__ashldi3+0x2a>
/home/jenkins/workspace/avr-gcc-staging/label/debian7-x86_64/gcc-build/avr/avr5/libgcc/../../../../gcc/libgcc/config/avr/lib1funcs.S:3172
    7582:	98 2f       	mov	r25, r24
/home/jenkins/workspace/avr-gcc-staging/label/debian7-x86_64/gcc-build/avr/avr5/libgcc/../../../../gcc/libgcc/config/avr/lib1funcs.S:3173
    7584:	87 2f       	mov	r24, r23
/home/jenkins/workspace/avr-gcc-staging/label/debian7-x86_64/gcc-build/avr/avr5/libgcc/../../../../gcc/libgcc/config/avr/lib1funcs.S:3174
    7586:	76 2f       	mov	r23, r22
/home/jenkins/workspace/avr-gcc-staging/label/debian7-x86_64/gcc-build/avr/avr5/libgcc/../../../../gcc/libgcc/config/avr/lib1funcs.S:3175
    7588:	65 2f       	mov	r22, r21
/home/jenkins/workspace/avr-gcc-staging/label/debian7-x86_64/gcc-build/avr/avr5/libgcc/../../../../gcc/libgcc/config/avr/lib1funcs.S:3176
    758a:	54 2f       	mov	r21, r20
/home/jenkins/workspace/avr-gcc-staging/label/debian7-x86_64/gcc-build/avr/avr5/libgcc/../../../../gcc/libgcc/config/avr/lib1funcs.S:3177
    758c:	43 2f       	mov	r20, r19
/home/jenkins/workspace/avr-gcc-staging/label/debian7-x86_64/gcc-build/avr/avr5/libgcc/../../../../gcc/libgcc/config/avr/lib1funcs.S:3178
    758e:	32 2f       	mov	r19, r18
/home/jenkins/workspace/avr-gcc-staging/label/debian7-x86_64/gcc-build/avr/avr5/libgcc/../../../../gcc/libgcc/config/avr/lib1funcs.S:3179
    7590:	22 27       	eor	r18, r18
/home/jenkins/workspace/avr-gcc-staging/label/debian7-x86_64/gcc-build/avr/avr5/libgcc/../../../../gcc/libgcc/config/avr/lib1funcs.S:3180
    7592:	08 50       	subi	r16, 0x08	; 8
/home/jenkins/workspace/avr-gcc-staging/label/debian7-x86_64/gcc-build/avr/avr5/libgcc/../../../../gcc/libgcc/config/avr/lib1funcs.S:3181
    7594:	f4 cf       	rjmp	.-24     	; 0x757e <__ashldi3+0x2>
/home/jenkins/workspace/avr-gcc-staging/label/debian7-x86_64/gcc-build/avr/avr5/libgcc/../../../../gcc/libgcc/config/avr/lib1funcs.S:3182
    7596:	22 0f       	add	r18, r18
/home/jenkins/workspace/avr-gcc-staging/label/debian7-x86_64/gcc-build/avr/avr5/libgcc/../../../../gcc/libgcc/config/avr/lib1funcs.S:3183
    7598:	33 1f       	adc	r19, r19
/home/jenkins/workspace/avr-gcc-staging/label/debian7-x86_64/gcc-build/avr/avr5/libgcc/../../../../gcc/libgcc/config/avr/lib1funcs.S:3184
    759a:	44 1f       	adc	r20, r20
/home/jenkins/workspace/avr-gcc-staging/label/debian7-x86_64/gcc-build/avr/avr5/libgcc/../../../../gcc/libgcc/config/avr/lib1funcs.S:3185
    759c:	55 1f       	adc	r21, r21
/home/jenkins/workspace/avr-gcc-staging/label/debian7-x86_64/gcc-build/avr/avr5/libgcc/../../../../gcc/libgcc/config/avr/lib1funcs.S:3186
    759e:	66 1f       	adc	r22, r22
/home/jenkins/workspace/avr-gcc-staging/label/debian7-x86_64/gcc-build/avr/avr5/libgcc/../../../../gcc/libgcc/config/avr/lib1funcs.S:3187
    75a0:	77 1f       	adc	r23, r23
/home/jenkins/workspace/avr-gcc-staging/label/debian7-x86_64/gcc-build/avr/avr5/libgcc/../../../../gcc/libgcc/config/avr/lib1funcs.S:3188
    75a2:	88 1f       	adc	r24, r24
/home/jenkins/workspace/avr-gcc-staging/label/debian7-x86_64/gcc-build/avr/avr5/libgcc/../../../../gcc/libgcc/config/avr/lib1funcs.S:3189
    75a4:	99 1f       	adc	r25, r25
/home/jenkins/workspace/avr-gcc-staging/label/debian7-x86_64/gcc-build/avr/avr5/libgcc/../../../../gcc/libgcc/config/avr/lib1funcs.S:3190
    75a6:	0a 95       	dec	r16
/home/jenkins/workspace/avr-gcc-staging/label/debian7-x86_64/gcc-build/avr/avr5/libgcc/../../../../gcc/libgcc/config/avr/lib1funcs.S:3191
    75a8:	b2 f7       	brpl	.-20     	; 0x7596 <__ashldi3+0x1a>
/home/jenkins/workspace/avr-gcc-staging/label/debian7-x86_64/gcc-build/avr/avr5/libgcc/../../../../gcc/libgcc/config/avr/lib1funcs.S:3192
    75aa:	00 2d       	mov	r16, r0
/home/jenkins/workspace/avr-gcc-staging/label/debian7-x86_64/gcc-build/avr/avr5/libgcc/../../../../gcc/libgcc/config/avr/lib1funcs.S:3193
    75ac:	08 95       	ret

000075ae <strcpy>:
strcpy():
    75ae:	fb 01       	movw	r30, r22
    75b0:	dc 01       	movw	r26, r24
    75b2:	01 90       	ld	r0, Z+
    75b4:	0d 92       	st	X+, r0
    75b6:	00 20       	and	r0, r0
    75b8:	e1 f7       	brne	.-8      	; 0x75b2 <strcpy+0x4>
    75ba:	08 95       	ret

000075bc <strncpy>:
strncpy():
    75bc:	fb 01       	movw	r30, r22
    75be:	dc 01       	movw	r26, r24
    75c0:	41 50       	subi	r20, 0x01	; 1
    75c2:	50 40       	sbci	r21, 0x00	; 0
    75c4:	48 f0       	brcs	.+18     	; 0x75d8 <strncpy+0x1c>
    75c6:	01 90       	ld	r0, Z+
    75c8:	0d 92       	st	X+, r0
    75ca:	00 20       	and	r0, r0
    75cc:	c9 f7       	brne	.-14     	; 0x75c0 <strncpy+0x4>
    75ce:	01 c0       	rjmp	.+2      	; 0x75d2 <strncpy+0x16>
    75d0:	1d 92       	st	X+, r1
    75d2:	41 50       	subi	r20, 0x01	; 1
    75d4:	50 40       	sbci	r21, 0x00	; 0
    75d6:	e0 f7       	brcc	.-8      	; 0x75d0 <strncpy+0x14>
    75d8:	08 95       	ret

000075da <sprintf>:
sprintf():
    75da:	ae e0       	ldi	r26, 0x0E	; 14
    75dc:	b0 e0       	ldi	r27, 0x00	; 0
    75de:	e3 ef       	ldi	r30, 0xF3	; 243
    75e0:	fa e3       	ldi	r31, 0x3A	; 58
    75e2:	0c 94 fb 36 	jmp	0x6df6	; 0x6df6 <__prologue_saves__+0x1c>
    75e6:	0d 89       	ldd	r16, Y+21	; 0x15
    75e8:	1e 89       	ldd	r17, Y+22	; 0x16
    75ea:	86 e0       	ldi	r24, 0x06	; 6
    75ec:	8c 83       	std	Y+4, r24	; 0x04
    75ee:	1a 83       	std	Y+2, r17	; 0x02
    75f0:	09 83       	std	Y+1, r16	; 0x01
    75f2:	8f ef       	ldi	r24, 0xFF	; 255
    75f4:	9f e7       	ldi	r25, 0x7F	; 127
    75f6:	9e 83       	std	Y+6, r25	; 0x06
    75f8:	8d 83       	std	Y+5, r24	; 0x05
    75fa:	ae 01       	movw	r20, r28
    75fc:	47 5e       	subi	r20, 0xE7	; 231
    75fe:	5f 4f       	sbci	r21, 0xFF	; 255
    7600:	6f 89       	ldd	r22, Y+23	; 0x17
    7602:	78 8d       	ldd	r23, Y+24	; 0x18
    7604:	ce 01       	movw	r24, r28
    7606:	01 96       	adiw	r24, 0x01	; 1
    7608:	0e 94 3f 34 	call	0x687e	; 0x687e <vfprintf>
    760c:	2f 81       	ldd	r18, Y+7	; 0x07
    760e:	38 85       	ldd	r19, Y+8	; 0x08
    7610:	02 0f       	add	r16, r18
    7612:	13 1f       	adc	r17, r19
    7614:	f8 01       	movw	r30, r16
    7616:	10 82       	st	Z, r1
    7618:	2e 96       	adiw	r28, 0x0e	; 14
    761a:	e4 e0       	ldi	r30, 0x04	; 4
    761c:	0c 94 17 37 	jmp	0x6e2e	; 0x6e2e <__epilogue_restores__+0x1c>

00007620 <_exit>:
exit():
/home/jenkins/workspace/avr-gcc-staging/label/debian7-x86_64/gcc-build/avr/avr5/libgcc/../../../../gcc/libgcc/config/avr/lib1funcs.S:2278
    7620:	f8 94       	cli

00007622 <__stop_program>:
__stop_program():
/home/jenkins/workspace/avr-gcc-staging/label/debian7-x86_64/gcc-build/avr/avr5/libgcc/../../../../gcc/libgcc/config/avr/lib1funcs.S:2280
    7622:	ff cf       	rjmp	.-2      	; 0x7622 <__stop_program>
