
/home/jgalera/.cache/arduino/sketches/85E86EB66F45355D5E750D67146DA2C0/usdx_plus_orange.ino.elf:     file format elf32-avr


Disassembly of section .text:

00000000 <__vectors>:
__vectors():
       0:	0c 94 7d 01 	jmp	0x2fa	; 0x2fa <__dtors_end>
       4:	0c 94 a5 01 	jmp	0x34a	; 0x34a <__bad_interrupt>
       8:	0c 94 a5 01 	jmp	0x34a	; 0x34a <__bad_interrupt>
       c:	0c 94 a5 01 	jmp	0x34a	; 0x34a <__bad_interrupt>
      10:	0c 94 a5 01 	jmp	0x34a	; 0x34a <__bad_interrupt>
      14:	0c 94 5a 22 	jmp	0x44b4	; 0x44b4 <__vector_5>
      18:	0c 94 a5 01 	jmp	0x34a	; 0x34a <__bad_interrupt>
      1c:	0c 94 33 22 	jmp	0x4466	; 0x4466 <__vector_7>
      20:	0c 94 a5 01 	jmp	0x34a	; 0x34a <__bad_interrupt>
      24:	0c 94 a5 01 	jmp	0x34a	; 0x34a <__bad_interrupt>
      28:	0c 94 a5 01 	jmp	0x34a	; 0x34a <__bad_interrupt>
      2c:	0c 94 a5 01 	jmp	0x34a	; 0x34a <__bad_interrupt>
      30:	0c 94 a5 01 	jmp	0x34a	; 0x34a <__bad_interrupt>
      34:	0c 94 a5 01 	jmp	0x34a	; 0x34a <__bad_interrupt>
      38:	0c 94 a5 01 	jmp	0x34a	; 0x34a <__bad_interrupt>
      3c:	0c 94 a5 01 	jmp	0x34a	; 0x34a <__bad_interrupt>
      40:	0c 94 91 21 	jmp	0x4322	; 0x4322 <__vector_16>
      44:	0c 94 a5 01 	jmp	0x34a	; 0x34a <__bad_interrupt>
      48:	0c 94 01 22 	jmp	0x4402	; 0x4402 <__vector_18>
      4c:	0c 94 db 21 	jmp	0x43b6	; 0x43b6 <__vector_19>
      50:	0c 94 a5 01 	jmp	0x34a	; 0x34a <__bad_interrupt>
      54:	0c 94 a5 01 	jmp	0x34a	; 0x34a <__bad_interrupt>
      58:	0c 94 a5 01 	jmp	0x34a	; 0x34a <__bad_interrupt>
      5c:	0c 94 a5 01 	jmp	0x34a	; 0x34a <__bad_interrupt>
      60:	0c 94 a5 01 	jmp	0x34a	; 0x34a <__bad_interrupt>
      64:	0c 94 a5 01 	jmp	0x34a	; 0x34a <__bad_interrupt>

00000068 <__trampolines_end>:
__trampolines_start():
      68:	45 41       	sbci	r20, 0x15	; 21
      6a:	37 4c       	sbci	r19, 0xC7	; 199
      6c:	4a 59       	subi	r20, 0x9A	; 154
	...

0000006f <printlabel(unsigned char, unsigned char, __FlashStringHelper const*)::__c>:
      6f:	3a 20 00                                            : .

00000072 <_ZZ11paramActionhhE3__c__23_>:
      72:	42 61 63 6b 6c 69 67 68 74 00                       Backlight.

0000007c <_ZZ11paramActionhhE3__c__22_>:
      7c:	49 51 20 50 68 61 73 65 00                          IQ Phase.

00000085 <_ZZ11paramActionhhE3__c__21_>:
      85:	52 65 66 20 66 72 65 71 00                          Ref freq.

0000008e <_ZZ11paramActionhhE3__c__20_>:
      8e:	50 41 20 42 69 61 73 20 6d 61 78 00                 PA Bias max.

0000009a <_ZZ11paramActionhhE3__c__19_>:
      9a:	50 41 20 42 69 61 73 20 6d 69 6e 00                 PA Bias min.

000000a6 <_ZZ11paramActionhhE3__c__18_>:
      a6:	4e 6f 69 73 65 20 47 61 74 65 00                    Noise Gate.

000000b1 <_ZZ11paramActionhhE3__c__17_>:
      b1:	56 4f 58 00                                         VOX.

000000b5 <_ZZ11paramActionhhE3__c__16_>:
      b5:	50 72 61 63 74 69 63 65 00                          Practice.

000000be <_ZZ11paramActionhhE3__c__15_>:
      be:	4b 65 79 65 72 20 53 77 61 70 00                    Keyer Swap.

000000c9 <_ZZ11paramActionhhE3__c__14_>:
      c9:	4b 65 79 65 72 20 4d 6f 64 65 00                    Keyer Mode.

000000d4 <_ZZ11paramActionhhE3__c__13_>:
      d4:	4b 65 79 65 72 20 53 70 65 65 64 00                 Keyer Speed.

000000e0 <_ZZ11paramActionhhE3__c__12_>:
      e0:	53 65 6d 69 20 51 53 4b 00                          Semi QSK.

000000e9 <_ZZ11paramActionhhE3__c__11_>:
      e9:	43 57 20 44 65 63 6f 64 65 72 00                    CW Decoder.

000000f4 <_ZZ11paramActionhhE3__c__10_>:
      f4:	53 2d 6d 65 74 65 72 00                             S-meter.

000000fc <paramAction(unsigned char, unsigned char)::__c>:
      fc:	41 54 54 32 00                                      ATT2.

00000101 <paramAction(unsigned char, unsigned char)::__c>:
     101:	41 54 54 00                                         ATT.

00000105 <paramAction(unsigned char, unsigned char)::__c>:
     105:	4e 52 00                                            NR.

00000108 <paramAction(unsigned char, unsigned char)::__c>:
     108:	41 47 43 00                                         AGC.

0000010c <paramAction(unsigned char, unsigned char)::__c>:
     10c:	52 49 54 00                                         RIT.

00000110 <paramAction(unsigned char, unsigned char)::__c>:
     110:	56 46 4f 20 4d 6f 64 65 00                          VFO Mode.

00000119 <paramAction(unsigned char, unsigned char)::__c>:
     119:	54 75 6e 65 20 52 61 74 65 00                       Tune Rate.

00000123 <paramAction(unsigned char, unsigned char)::__c>:
     123:	42 61 6e 64 00                                      Band.

00000128 <paramAction(unsigned char, unsigned char)::__c>:
     128:	46 69 6c 74 65 72 20 42 57 00                       Filter BW.

00000132 <paramAction(unsigned char, unsigned char)::__c>:
     132:	4d 6f 64 65 00                                      Mode.

00000137 <paramAction(unsigned char, unsigned char)::__c>:
     137:	56 6f 6c 75 6d 65 00                                Volume.

0000013e <ramp>:
     13e:	ff fe fc f9 f5 ef e9 e2 d9 d0 c6 bb b0 a4 98 8b     ................
     14e:	7f 73 66 5a 4e 43 38 2e 25 1c 15 0f 09 05 02 00     .sfZNC8.%.......

0000015e <lcd_blanks()::__c>:
     15e:	20 20 20 20 20 20 20 20 00                                  .

00000167 <_ZZ5setupE3__c__11_>:
     167:	43 68 65 63 6b 20 50 54 54 2f 6b 65 79 00           Check PTT/key.

00000175 <_ZZ5setupE3__c__10_>:
     175:	52 65 73 65 74 20 73 65 74 74 69 6e 67 73 2e 2e     Reset settings..
	...

00000186 <setup::__c>:
     186:	42 45 52 5f 69 32 63 00                             BER_i2c.

0000018e <setup::__c>:
     18e:	56 61 64 63 31 00                                   Vadc1.

00000194 <setup::__c>:
     194:	56 61 64 63 30 00                                   Vadc0.

0000019a <setup::__c>:
     19a:	56 61 64 63 32 00                                   Vadc2.

000001a0 <setup::__c>:
     1a0:	56 61 76 63 63 00                                   Vavcc.

000001a6 <setup::__c>:
     1a6:	56 33 2e 33 00                                      V3.3.

000001ab <setup::__c>:
     1ab:	56 35 2e 30 00                                      V5.0.

000001b0 <setup::__c>:
     1b0:	31 2e 30 33 78 00                                   1.03x.

000001b6 <setup::__c>:
     1b6:	20 52 00                                             R.

000001b9 <fonts>:
     1b9:	08 04 0a 05 0a 04 08 00 00 00 00 00 00 00 00 00     ................
     1c9:	10 10 10 10 10 10 10 10 10 10 14 14 14 14 14 14     ................
     1d9:	10 10 15 15 15 15 15 15 0c 12 1e 12 12 00 00 00     ................
     1e9:	1c 12 1c 12 1c 00 00 00 00 00 00 00 00 00 00 00     ................

000001f9 <smeter(int)::__c>:
     1f9:	64 42 6d 20 00                                      dBm .

000001fe <powerDown()::__c>:
     1fe:	50 6f 77 65 72 2d 6f 66 66 20 37 33 20 3a 2d 29     Power-off 73 :-)
	...

0000020f <display_vfo(long)::__c>:
     20f:	52 49 54 20 00                                      RIT .

00000214 <port_to_mode_PGM>:
     214:	00 00 00 00 24 00 27 00 2a 00                       ....$.'.*.

0000021e <port_to_output_PGM>:
     21e:	00 00 00 00 25 00 28 00 2b 00                       ....%.(.+.

00000228 <port_to_input_PGM>:
     228:	00 00 00 00 23 00 26 00 29 00                       ....#.&.).

00000232 <digital_pin_to_port_PGM>:
     232:	04 04 04 04 04 04 04 04 02 02 02 02 02 02 03 03     ................
     242:	03 03 03 03 02 02 03                                .......

00000249 <digital_pin_to_bit_mask_PGM>:
     249:	01 02 04 08 10 20 40 80 01 02 04 08 10 20 01 02     ..... @...... ..
     259:	04 08 10 20 40 80 40                                ... @.@

00000260 <digital_pin_to_timer_PGM>:
     260:	00 00 00 09 00 03 02 00 00 04 05 08 00 00 00 00     ................
     270:	00 00 00 00 00 00 00                                .......

00000277 <m2c>:
     277:	7e 20 45 54 49 41 4e 4d 53 55 52 57 44 4b 47 4f     ~ ETIANMSURWDKGO
     287:	48 56 46 2a 4c 2a 50 4a 42 58 43 59 5a 51 2a 2a     HVF*L*PJBXCYZQ**
     297:	35 34 53 33 2a 2a 2a 32 2a 2a 2b 2a 2a 2a 4a 31     54S3***2**+***J1
     2a7:	36 3d 2f 2a 2a 2a 48 2a 37 2a 47 2a 38 2a 39 30     6=/***H*7*G*8*90
     2b7:	2a 2a 2a 2a 2a 2a 2a 2a 2a 2a 2a 2a 3f 5f 2a 2a     ************?_**
     2c7:	2a 2a 22 2a 2a 2e 2a 2a 2a 2a 40 2a 2a 2a 27 2a     **"**.****@***'*
     2d7:	2a 2d 2a 2a 2a 2a 2a 2a 2a 2a 3b 21 2a 29 2a 2a     *-********;!*)**
     2e7:	2a 2a 2a 2c 2a 2a 2a 2a 3a 2a 2a 2a 2a 00 00        ***,****:****..

000002f6 <__ctors_start>:
__ctors_start():
     2f6:	a2 22       	and	r10, r18

000002f8 <__ctors_end>:
__dtors_start():
     2f8:	e2 33       	cpi	r30, 0x32	; 50

000002fa <__dtors_end>:
__dtors_end():
     2fa:	11 24       	eor	r1, r1
     2fc:	1f be       	out	0x3f, r1	; 63
     2fe:	cf ef       	ldi	r28, 0xFF	; 255
     300:	d8 e0       	ldi	r29, 0x08	; 8
     302:	de bf       	out	0x3e, r29	; 62
     304:	cd bf       	out	0x3d, r28	; 61

00000306 <__do_copy_data>:
__do_copy_data():
/home/jenkins/workspace/avr-gcc-staging/label/debian7-x86_64/gcc-build/avr/avr5/libgcc/../../../../gcc/libgcc/config/avr/lib1funcs.S:2409
     306:	13 e0       	ldi	r17, 0x03	; 3
/home/jenkins/workspace/avr-gcc-staging/label/debian7-x86_64/gcc-build/avr/avr5/libgcc/../../../../gcc/libgcc/config/avr/lib1funcs.S:2410
     308:	a0 e0       	ldi	r26, 0x00	; 0
/home/jenkins/workspace/avr-gcc-staging/label/debian7-x86_64/gcc-build/avr/avr5/libgcc/../../../../gcc/libgcc/config/avr/lib1funcs.S:2411
     30a:	b1 e0       	ldi	r27, 0x01	; 1
/home/jenkins/workspace/avr-gcc-staging/label/debian7-x86_64/gcc-build/avr/avr5/libgcc/../../../../gcc/libgcc/config/avr/lib1funcs.S:2412
     30c:	e8 e1       	ldi	r30, 0x18	; 24
/home/jenkins/workspace/avr-gcc-staging/label/debian7-x86_64/gcc-build/avr/avr5/libgcc/../../../../gcc/libgcc/config/avr/lib1funcs.S:2413
     30e:	f6 e7       	ldi	r31, 0x76	; 118
/home/jenkins/workspace/avr-gcc-staging/label/debian7-x86_64/gcc-build/avr/avr5/libgcc/../../../../gcc/libgcc/config/avr/lib1funcs.S:2414
     310:	02 c0       	rjmp	.+4      	; 0x316 <__do_copy_data+0x10>
/home/jenkins/workspace/avr-gcc-staging/label/debian7-x86_64/gcc-build/avr/avr5/libgcc/../../../../gcc/libgcc/config/avr/lib1funcs.S:2417
     312:	05 90       	lpm	r0, Z+
/home/jenkins/workspace/avr-gcc-staging/label/debian7-x86_64/gcc-build/avr/avr5/libgcc/../../../../gcc/libgcc/config/avr/lib1funcs.S:2422
     314:	0d 92       	st	X+, r0
/home/jenkins/workspace/avr-gcc-staging/label/debian7-x86_64/gcc-build/avr/avr5/libgcc/../../../../gcc/libgcc/config/avr/lib1funcs.S:2424
     316:	a4 3d       	cpi	r26, 0xD4	; 212
/home/jenkins/workspace/avr-gcc-staging/label/debian7-x86_64/gcc-build/avr/avr5/libgcc/../../../../gcc/libgcc/config/avr/lib1funcs.S:2425
     318:	b1 07       	cpc	r27, r17
/home/jenkins/workspace/avr-gcc-staging/label/debian7-x86_64/gcc-build/avr/avr5/libgcc/../../../../gcc/libgcc/config/avr/lib1funcs.S:2426
     31a:	d9 f7       	brne	.-10     	; 0x312 <__do_copy_data+0xc>

0000031c <__do_clear_bss>:
__do_clear_bss():
/home/jenkins/workspace/avr-gcc-staging/label/debian7-x86_64/gcc-build/avr/avr5/libgcc/../../../../gcc/libgcc/config/avr/lib1funcs.S:2441
     31c:	26 e0       	ldi	r18, 0x06	; 6
/home/jenkins/workspace/avr-gcc-staging/label/debian7-x86_64/gcc-build/avr/avr5/libgcc/../../../../gcc/libgcc/config/avr/lib1funcs.S:2442
     31e:	a4 ed       	ldi	r26, 0xD4	; 212
/home/jenkins/workspace/avr-gcc-staging/label/debian7-x86_64/gcc-build/avr/avr5/libgcc/../../../../gcc/libgcc/config/avr/lib1funcs.S:2443
     320:	b3 e0       	ldi	r27, 0x03	; 3
/home/jenkins/workspace/avr-gcc-staging/label/debian7-x86_64/gcc-build/avr/avr5/libgcc/../../../../gcc/libgcc/config/avr/lib1funcs.S:2444
     322:	01 c0       	rjmp	.+2      	; 0x326 <.do_clear_bss_start>

00000324 <.do_clear_bss_loop>:
/home/jenkins/workspace/avr-gcc-staging/label/debian7-x86_64/gcc-build/avr/avr5/libgcc/../../../../gcc/libgcc/config/avr/lib1funcs.S:2446
     324:	1d 92       	st	X+, r1

00000326 <.do_clear_bss_start>:
/home/jenkins/workspace/avr-gcc-staging/label/debian7-x86_64/gcc-build/avr/avr5/libgcc/../../../../gcc/libgcc/config/avr/lib1funcs.S:2448
     326:	a5 3d       	cpi	r26, 0xD5	; 213
/home/jenkins/workspace/avr-gcc-staging/label/debian7-x86_64/gcc-build/avr/avr5/libgcc/../../../../gcc/libgcc/config/avr/lib1funcs.S:2449
     328:	b2 07       	cpc	r27, r18
/home/jenkins/workspace/avr-gcc-staging/label/debian7-x86_64/gcc-build/avr/avr5/libgcc/../../../../gcc/libgcc/config/avr/lib1funcs.S:2450
     32a:	e1 f7       	brne	.-8      	; 0x324 <.do_clear_bss_loop>

0000032c <__do_global_ctors>:
__do_global_ctors():
/home/jenkins/workspace/avr-gcc-staging/label/debian7-x86_64/gcc-build/avr/avr5/libgcc/../../../../gcc/libgcc/config/avr/lib1funcs.S:2466
     32c:	11 e0       	ldi	r17, 0x01	; 1
/home/jenkins/workspace/avr-gcc-staging/label/debian7-x86_64/gcc-build/avr/avr5/libgcc/../../../../gcc/libgcc/config/avr/lib1funcs.S:2467
     32e:	cc e7       	ldi	r28, 0x7C	; 124
/home/jenkins/workspace/avr-gcc-staging/label/debian7-x86_64/gcc-build/avr/avr5/libgcc/../../../../gcc/libgcc/config/avr/lib1funcs.S:2468
     330:	d1 e0       	ldi	r29, 0x01	; 1
/home/jenkins/workspace/avr-gcc-staging/label/debian7-x86_64/gcc-build/avr/avr5/libgcc/../../../../gcc/libgcc/config/avr/lib1funcs.S:2472
     332:	04 c0       	rjmp	.+8      	; 0x33c <__do_global_ctors+0x10>
/home/jenkins/workspace/avr-gcc-staging/label/debian7-x86_64/gcc-build/avr/avr5/libgcc/../../../../gcc/libgcc/config/avr/lib1funcs.S:2474
     334:	21 97       	sbiw	r28, 0x01	; 1
/home/jenkins/workspace/avr-gcc-staging/label/debian7-x86_64/gcc-build/avr/avr5/libgcc/../../../../gcc/libgcc/config/avr/lib1funcs.S:2480
     336:	fe 01       	movw	r30, r28
/home/jenkins/workspace/avr-gcc-staging/label/debian7-x86_64/gcc-build/avr/avr5/libgcc/../../../../gcc/libgcc/config/avr/lib1funcs.S:2481
     338:	0e 94 d6 39 	call	0x73ac	; 0x73ac <__tablejump2__>
/home/jenkins/workspace/avr-gcc-staging/label/debian7-x86_64/gcc-build/avr/avr5/libgcc/../../../../gcc/libgcc/config/avr/lib1funcs.S:2483
     33c:	cb 37       	cpi	r28, 0x7B	; 123
/home/jenkins/workspace/avr-gcc-staging/label/debian7-x86_64/gcc-build/avr/avr5/libgcc/../../../../gcc/libgcc/config/avr/lib1funcs.S:2484
     33e:	d1 07       	cpc	r29, r17
/home/jenkins/workspace/avr-gcc-staging/label/debian7-x86_64/gcc-build/avr/avr5/libgcc/../../../../gcc/libgcc/config/avr/lib1funcs.S:2489
     340:	c9 f7       	brne	.-14     	; 0x334 <__do_global_ctors+0x8>
     342:	0e 94 ed 22 	call	0x45da	; 0x45da <main>
     346:	0c 94 ff 3a 	jmp	0x75fe	; 0x75fe <__do_global_dtors>

0000034a <__bad_interrupt>:
__vector_22():
     34a:	0c 94 00 00 	jmp	0	; 0x0 <__vectors>

0000034e <LCD::post() [clone .constprop.57]>:
_ZN3LCD4postEv.constprop.57():
/home/jgalera/develop/arduino/usdx/usdx_plus_orange/src/driver/display.cpp:350
  UCSR0B &= ~((1 << RXEN0) | (1 << TXEN0));
#endif
  noInterrupts();
}
void LCD::post() {
  if (backlight)
     34e:	80 91 de 01 	lds	r24, 0x01DE	; 0x8001de <backlight>
     352:	88 23       	and	r24, r24
     354:	81 f0       	breq	.+32     	; 0x376 <LCD::post() [clone .constprop.57]+0x28>
/home/jgalera/develop/arduino/usdx/usdx_plus_orange/src/driver/display.cpp:351
    PORTD |= 0x08;
     356:	5b 9a       	sbi	0x0b, 3	; 11
/home/jgalera/develop/arduino/usdx/usdx_plus_orange/src/driver/display.cpp:355
  else
    PORTD &= ~0x08;
#ifdef _SERIAL
  UCSR0B |= (1 << RXEN0) | (1 << TXEN0);
     358:	80 91 c1 00 	lds	r24, 0x00C1	; 0x8000c1 <__DATA_REGION_ORIGIN__+0x61>
     35c:	88 61       	ori	r24, 0x18	; 24
     35e:	80 93 c1 00 	sts	0x00C1, r24	; 0x8000c1 <__DATA_REGION_ORIGIN__+0x61>
/home/jgalera/develop/arduino/usdx/usdx_plus_orange/src/driver/display.cpp:356
  if (!vox)
     362:	80 91 19 06 	lds	r24, 0x0619	; 0x800619 <vox>
     366:	81 11       	cpse	r24, r1
     368:	04 c0       	rjmp	.+8      	; 0x372 <LCD::post() [clone .constprop.57]+0x24>
/home/jgalera/develop/arduino/usdx/usdx_plus_orange/src/driver/display.cpp:357
    if (cat_active) {
     36a:	80 91 18 06 	lds	r24, 0x0618	; 0x800618 <cat_active>
     36e:	81 11       	cpse	r24, r1
/home/jgalera/develop/arduino/usdx/usdx_plus_orange/src/driver/display.cpp:358
      PORTC &= ~(1 << 2);
     370:	42 98       	cbi	0x08, 2	; 8
/home/jgalera/develop/arduino/usdx/usdx_plus_orange/src/driver/display.cpp:361
    }
#endif
  interrupts();
     372:	78 94       	sei
/home/jgalera/develop/arduino/usdx/usdx_plus_orange/src/driver/display.cpp:362
}
     374:	08 95       	ret
/home/jgalera/develop/arduino/usdx/usdx_plus_orange/src/driver/display.cpp:353
}
void LCD::post() {
  if (backlight)
    PORTD |= 0x08;
  else
    PORTD &= ~0x08;
     376:	5b 98       	cbi	0x0b, 3	; 11
     378:	ef cf       	rjmp	.-34     	; 0x358 <LCD::post() [clone .constprop.57]+0xa>

0000037a <I2C::stop() [clone .constprop.39]>:
_ZN3I2C4stopEv.constprop.39():
/home/jgalera/develop/arduino/usdx/usdx_plus_orange/src/hardware/soft_i2c.cpp:75
  I2C_SCL_LO();
  I2C_SDA_HI();
}

void I2C::stop() {
  I2C_SDA_LO(); // ensure SDA is LO so STOP-condition can be initiated by
     37a:	3c 9a       	sbi	0x07, 4	; 7
/home/jgalera/develop/arduino/usdx/usdx_plus_orange/src/hardware/soft_i2c.cpp:78
                // pulling SCL HI (in case of ACK it SDA was already LO, but
                // for a delayed ACK or NACK it is not!)
  I2C_SCL_HI();
     37c:	3d 98       	cbi	0x07, 5	; 7
	...
/home/jgalera/develop/arduino/usdx/usdx_plus_orange/src/hardware/soft_i2c.cpp:79
  I2C_SDA_HI();
     386:	3c 98       	cbi	0x07, 4	; 7
/home/jgalera/develop/arduino/usdx/usdx_plus_orange/src/hardware/soft_i2c.cpp:80
  I2C_DDR &= ~(I2C_SDA | I2C_SCL); // prepare for a start: pull-up both SDA, SCL
     388:	87 b1       	in	r24, 0x07	; 7
     38a:	8f 7c       	andi	r24, 0xCF	; 207
     38c:	87 b9       	out	0x07, r24	; 7
suspend():
/home/jgalera/develop/arduino/usdx/usdx_plus_orange/src/hardware/soft_i2c.cpp:151
  I2C_PORT &= ~I2C_SDA; // pin sharing SDA/LCD_RS mitigation
#endif
}

void I2C::suspend() {
  I2C_SDA_LO(); // pin sharing SDA/LCD_RS: pin sharing SDA/LCD_RS: pull-down
     38e:	3c 9a       	sbi	0x07, 4	; 7
_ZN3I2C4stopEv.constprop.39():
/home/jgalera/develop/arduino/usdx/usdx_plus_orange/src/hardware/soft_i2c.cpp:84
  I2C_SDA_HI();
  I2C_DDR &= ~(I2C_SDA | I2C_SCL); // prepare for a start: pull-up both SDA, SCL
#ifndef RS_HIGH_ON_IDLE
  suspend();
#endif
}
     390:	08 95       	ret

00000392 <I2C::RecvBit(unsigned char) [clone .constprop.38]>:
_ZN3I2C7RecvBitEh.constprop.38():
/home/jgalera/develop/arduino/usdx/usdx_plus_orange/src/hardware/soft_i2c.cpp:111
  I2C_SCL_HI();
  I2C_SCL_LO();
}

uint8_t I2C::RecvBit(uint8_t mask) {
  I2C_SCL_HI();
     392:	3d 98       	cbi	0x07, 5	; 7
	...
     39c:	21 e6       	ldi	r18, 0x61	; 97
     39e:	3a ee       	ldi	r19, 0xEA	; 234
/home/jgalera/develop/arduino/usdx/usdx_plus_orange/src/hardware/soft_i2c.cpp:113
  uint16_t i = 60000;
  for (; !(I2C_SCL_GET()) && i; i--)
     3a0:	35 99       	sbic	0x06, 5	; 6
     3a2:	03 c0       	rjmp	.+6      	; 0x3aa <I2C::RecvBit(unsigned char) [clone .constprop.38]+0x18>
     3a4:	21 50       	subi	r18, 0x01	; 1
     3a6:	31 09       	sbc	r19, r1
     3a8:	d9 f7       	brne	.-10     	; 0x3a0 <I2C::RecvBit(unsigned char) [clone .constprop.38]+0xe>
/home/jgalera/develop/arduino/usdx/usdx_plus_orange/src/hardware/soft_i2c.cpp:117
    ; // wait util slave release SCL to HIGH (meaning data valid), or timeout
      // at 3ms
  // if(!i){ lcd.setCursor(0, 1); lcd.print(F("E07 I2C timeout")); }
  uint8_t data = I2C_SDA_GET();
     3aa:	96 b1       	in	r25, 0x06	; 6
     3ac:	90 71       	andi	r25, 0x10	; 16
/home/jgalera/develop/arduino/usdx/usdx_plus_orange/src/hardware/soft_i2c.cpp:118
  I2C_SCL_LO();
     3ae:	3d 9a       	sbi	0x07, 5	; 7
	...
/home/jgalera/develop/arduino/usdx/usdx_plus_orange/src/hardware/soft_i2c.cpp:119
  return (data) ? mask : 0;
     3b8:	91 11       	cpse	r25, r1
     3ba:	01 c0       	rjmp	.+2      	; 0x3be <I2C::RecvBit(unsigned char) [clone .constprop.38]+0x2c>
     3bc:	80 e0       	ldi	r24, 0x00	; 0
/home/jgalera/develop/arduino/usdx/usdx_plus_orange/src/hardware/soft_i2c.cpp:120
}
     3be:	08 95       	ret

000003c0 <I2C::SendByte(unsigned char) [clone .constprop.36]>:
_ZN3I2C8SendByteEh.constprop.36():
/home/jgalera/develop/arduino/usdx/usdx_plus_orange/src/hardware/soft_i2c.cpp:96
  }                                                                            \
  I2C_SCL_HI();                                                                \
  I2C_SCL_LO();

void I2C::SendByte(uint8_t data) {
  SendBit(data, 1 << 7);
     3c0:	87 ff       	sbrs	r24, 7
     3c2:	76 c0       	rjmp	.+236    	; 0x4b0 <__LOCK_REGION_LENGTH__+0xb0>
     3c4:	3c 98       	cbi	0x07, 4	; 7
     3c6:	3d 98       	cbi	0x07, 5	; 7
	...
     3d0:	3d 9a       	sbi	0x07, 5	; 7
	...
/home/jgalera/develop/arduino/usdx/usdx_plus_orange/src/hardware/soft_i2c.cpp:97
  SendBit(data, 1 << 6);
     3da:	86 ff       	sbrs	r24, 6
     3dc:	6b c0       	rjmp	.+214    	; 0x4b4 <__LOCK_REGION_LENGTH__+0xb4>
     3de:	3c 98       	cbi	0x07, 4	; 7
     3e0:	3d 98       	cbi	0x07, 5	; 7
	...
     3ea:	3d 9a       	sbi	0x07, 5	; 7
	...
/home/jgalera/develop/arduino/usdx/usdx_plus_orange/src/hardware/soft_i2c.cpp:98
  SendBit(data, 1 << 5);
     3f4:	85 ff       	sbrs	r24, 5
     3f6:	60 c0       	rjmp	.+192    	; 0x4b8 <__LOCK_REGION_LENGTH__+0xb8>
     3f8:	3c 98       	cbi	0x07, 4	; 7
     3fa:	3d 98       	cbi	0x07, 5	; 7
	...
     404:	3d 9a       	sbi	0x07, 5	; 7
	...
/home/jgalera/develop/arduino/usdx/usdx_plus_orange/src/hardware/soft_i2c.cpp:99
  SendBit(data, 1 << 4);
     40e:	84 ff       	sbrs	r24, 4
     410:	55 c0       	rjmp	.+170    	; 0x4bc <__LOCK_REGION_LENGTH__+0xbc>
     412:	3c 98       	cbi	0x07, 4	; 7
     414:	3d 98       	cbi	0x07, 5	; 7
	...
     41e:	3d 9a       	sbi	0x07, 5	; 7
	...
/home/jgalera/develop/arduino/usdx/usdx_plus_orange/src/hardware/soft_i2c.cpp:100
  SendBit(data, 1 << 3);
     428:	83 ff       	sbrs	r24, 3
     42a:	4a c0       	rjmp	.+148    	; 0x4c0 <__LOCK_REGION_LENGTH__+0xc0>
     42c:	3c 98       	cbi	0x07, 4	; 7
     42e:	3d 98       	cbi	0x07, 5	; 7
	...
     438:	3d 9a       	sbi	0x07, 5	; 7
	...
/home/jgalera/develop/arduino/usdx/usdx_plus_orange/src/hardware/soft_i2c.cpp:101
  SendBit(data, 1 << 2);
     442:	82 ff       	sbrs	r24, 2
     444:	3f c0       	rjmp	.+126    	; 0x4c4 <__LOCK_REGION_LENGTH__+0xc4>
     446:	3c 98       	cbi	0x07, 4	; 7
     448:	3d 98       	cbi	0x07, 5	; 7
	...
     452:	3d 9a       	sbi	0x07, 5	; 7
	...
/home/jgalera/develop/arduino/usdx/usdx_plus_orange/src/hardware/soft_i2c.cpp:102
  SendBit(data, 1 << 1);
     45c:	81 ff       	sbrs	r24, 1
     45e:	34 c0       	rjmp	.+104    	; 0x4c8 <__LOCK_REGION_LENGTH__+0xc8>
     460:	3c 98       	cbi	0x07, 4	; 7
     462:	3d 98       	cbi	0x07, 5	; 7
	...
     46c:	3d 9a       	sbi	0x07, 5	; 7
	...
/home/jgalera/develop/arduino/usdx/usdx_plus_orange/src/hardware/soft_i2c.cpp:103
  SendBit(data, 1 << 0);
     476:	80 ff       	sbrs	r24, 0
     478:	29 c0       	rjmp	.+82     	; 0x4cc <__LOCK_REGION_LENGTH__+0xcc>
     47a:	3c 98       	cbi	0x07, 4	; 7
     47c:	3d 98       	cbi	0x07, 5	; 7
	...
     486:	3d 9a       	sbi	0x07, 5	; 7
	...
/home/jgalera/develop/arduino/usdx/usdx_plus_orange/src/hardware/soft_i2c.cpp:104
  I2C_SDA_HI(); // recv ACK
     490:	3c 98       	cbi	0x07, 4	; 7
	...
/home/jgalera/develop/arduino/usdx/usdx_plus_orange/src/hardware/soft_i2c.cpp:106
  DELAY(I2C_DELAY);
  I2C_SCL_HI();
     49a:	3d 98       	cbi	0x07, 5	; 7
	...
/home/jgalera/develop/arduino/usdx/usdx_plus_orange/src/hardware/soft_i2c.cpp:107
  I2C_SCL_LO();
     4a4:	3d 9a       	sbi	0x07, 5	; 7
	...
/home/jgalera/develop/arduino/usdx/usdx_plus_orange/src/hardware/soft_i2c.cpp:108
}
     4ae:	08 95       	ret
/home/jgalera/develop/arduino/usdx/usdx_plus_orange/src/hardware/soft_i2c.cpp:96
  }                                                                            \
  I2C_SCL_HI();                                                                \
  I2C_SCL_LO();

void I2C::SendByte(uint8_t data) {
  SendBit(data, 1 << 7);
     4b0:	3c 9a       	sbi	0x07, 4	; 7
     4b2:	89 cf       	rjmp	.-238    	; 0x3c6 <I2C::SendByte(unsigned char) [clone .constprop.36]+0x6>
/home/jgalera/develop/arduino/usdx/usdx_plus_orange/src/hardware/soft_i2c.cpp:97
  SendBit(data, 1 << 6);
     4b4:	3c 9a       	sbi	0x07, 4	; 7
     4b6:	94 cf       	rjmp	.-216    	; 0x3e0 <I2C::SendByte(unsigned char) [clone .constprop.36]+0x20>
/home/jgalera/develop/arduino/usdx/usdx_plus_orange/src/hardware/soft_i2c.cpp:98
  SendBit(data, 1 << 5);
     4b8:	3c 9a       	sbi	0x07, 4	; 7
     4ba:	9f cf       	rjmp	.-194    	; 0x3fa <I2C::SendByte(unsigned char) [clone .constprop.36]+0x3a>
/home/jgalera/develop/arduino/usdx/usdx_plus_orange/src/hardware/soft_i2c.cpp:99
  SendBit(data, 1 << 4);
     4bc:	3c 9a       	sbi	0x07, 4	; 7
     4be:	aa cf       	rjmp	.-172    	; 0x414 <__LOCK_REGION_LENGTH__+0x14>
/home/jgalera/develop/arduino/usdx/usdx_plus_orange/src/hardware/soft_i2c.cpp:100
  SendBit(data, 1 << 3);
     4c0:	3c 9a       	sbi	0x07, 4	; 7
     4c2:	b5 cf       	rjmp	.-150    	; 0x42e <__LOCK_REGION_LENGTH__+0x2e>
/home/jgalera/develop/arduino/usdx/usdx_plus_orange/src/hardware/soft_i2c.cpp:101
  SendBit(data, 1 << 2);
     4c4:	3c 9a       	sbi	0x07, 4	; 7
     4c6:	c0 cf       	rjmp	.-128    	; 0x448 <__LOCK_REGION_LENGTH__+0x48>
/home/jgalera/develop/arduino/usdx/usdx_plus_orange/src/hardware/soft_i2c.cpp:102
  SendBit(data, 1 << 1);
     4c8:	3c 9a       	sbi	0x07, 4	; 7
     4ca:	cb cf       	rjmp	.-106    	; 0x462 <__LOCK_REGION_LENGTH__+0x62>
/home/jgalera/develop/arduino/usdx/usdx_plus_orange/src/hardware/soft_i2c.cpp:103
  SendBit(data, 1 << 0);
     4cc:	3c 9a       	sbi	0x07, 4	; 7
     4ce:	d6 cf       	rjmp	.-84     	; 0x47c <__LOCK_REGION_LENGTH__+0x7c>

000004d0 <I2C::start() [clone .constprop.35]>:
_ZN3I2C5startEv.constprop.35():
/home/jgalera/develop/arduino/usdx/usdx_plus_orange/src/hardware/soft_i2c.cpp:70
#ifdef RS_HIGH_ON_IDLE
  I2C_SDA_LO();
#else
  resume(); // prepare for I2C
#endif
  I2C_SCL_LO();
     4d0:	3d 9a       	sbi	0x07, 5	; 7
	...
/home/jgalera/develop/arduino/usdx/usdx_plus_orange/src/hardware/soft_i2c.cpp:71
  I2C_SDA_HI();
     4da:	3c 98       	cbi	0x07, 4	; 7
/home/jgalera/develop/arduino/usdx/usdx_plus_orange/src/hardware/soft_i2c.cpp:72
}
     4dc:	08 95       	ret

000004de <SI5351::SendPLLRegisterBulk() [clone .constprop.33]>:
_ZN6SI535119SendPLLRegisterBulkEv.constprop.33():
/home/jgalera/develop/arduino/usdx/usdx_plus_orange/src/driver/si5351.cpp:19
  pll_regs[5] = ((_MSC & 0xF0000) >> (16 - 4));
  pll_regs[6] = BB1(msp2);
  pll_regs[7] = BB0(msp2);
}

void SI5351::SendPLLRegisterBulk() {
     4de:	cf 93       	push	r28
     4e0:	df 93       	push	r29
/home/jgalera/develop/arduino/usdx/usdx_plus_orange/src/driver/si5351.cpp:20
  i2c.start();
     4e2:	0e 94 68 02 	call	0x4d0	; 0x4d0 <I2C::start() [clone .constprop.35]>
/home/jgalera/develop/arduino/usdx/usdx_plus_orange/src/driver/si5351.cpp:21
  i2c.SendByte(SI5351_ADDR << 1);
     4e6:	80 ec       	ldi	r24, 0xC0	; 192
     4e8:	0e 94 e0 01 	call	0x3c0	; 0x3c0 <I2C::SendByte(unsigned char) [clone .constprop.36]>
/home/jgalera/develop/arduino/usdx/usdx_plus_orange/src/driver/si5351.cpp:22
  i2c.SendByte(26 + 0 * 8 + 4); // Write to PLLA
     4ec:	8e e1       	ldi	r24, 0x1E	; 30
     4ee:	0e 94 e0 01 	call	0x3c0	; 0x3c0 <I2C::SendByte(unsigned char) [clone .constprop.36]>
/home/jgalera/develop/arduino/usdx/usdx_plus_orange/src/driver/si5351.cpp:23
  i2c.SendByte(pll_regs[4]);
     4f2:	c7 eb       	ldi	r28, 0xB7	; 183
     4f4:	d6 e0       	ldi	r29, 0x06	; 6
     4f6:	8f 85       	ldd	r24, Y+15	; 0x0f
     4f8:	0e 94 e0 01 	call	0x3c0	; 0x3c0 <I2C::SendByte(unsigned char) [clone .constprop.36]>
/home/jgalera/develop/arduino/usdx/usdx_plus_orange/src/driver/si5351.cpp:24
  i2c.SendByte(pll_regs[5]);
     4fc:	88 89       	ldd	r24, Y+16	; 0x10
     4fe:	0e 94 e0 01 	call	0x3c0	; 0x3c0 <I2C::SendByte(unsigned char) [clone .constprop.36]>
/home/jgalera/develop/arduino/usdx/usdx_plus_orange/src/driver/si5351.cpp:25
  i2c.SendByte(pll_regs[6]);
     502:	89 89       	ldd	r24, Y+17	; 0x11
     504:	0e 94 e0 01 	call	0x3c0	; 0x3c0 <I2C::SendByte(unsigned char) [clone .constprop.36]>
/home/jgalera/develop/arduino/usdx/usdx_plus_orange/src/driver/si5351.cpp:26
  i2c.SendByte(pll_regs[7]);
     508:	8a 89       	ldd	r24, Y+18	; 0x12
     50a:	0e 94 e0 01 	call	0x3c0	; 0x3c0 <I2C::SendByte(unsigned char) [clone .constprop.36]>
/home/jgalera/develop/arduino/usdx/usdx_plus_orange/src/driver/si5351.cpp:28
  i2c.stop();
}
     50e:	df 91       	pop	r29
     510:	cf 91       	pop	r28
/home/jgalera/develop/arduino/usdx/usdx_plus_orange/src/driver/si5351.cpp:27
  i2c.SendByte(26 + 0 * 8 + 4); // Write to PLLA
  i2c.SendByte(pll_regs[4]);
  i2c.SendByte(pll_regs[5]);
  i2c.SendByte(pll_regs[6]);
  i2c.SendByte(pll_regs[7]);
  i2c.stop();
     512:	0c 94 bd 01 	jmp	0x37a	; 0x37a <I2C::stop() [clone .constprop.39]>

00000516 <SI5351::freq_calc_fast(int) [clone .constprop.32]>:
_ZN6SI535114freq_calc_fastEi.constprop.32():
/home/jgalera/develop/arduino/usdx/usdx_plus_orange/src/driver/si5351.cpp:6
#include "si5351.h"

SI5351 si5351;

#ifdef NEW_TX
void FAST SI5351::freq_calc_fast(int16_t df) {
     516:	2f 92       	push	r2
     518:	3f 92       	push	r3
     51a:	4f 92       	push	r4
     51c:	5f 92       	push	r5
     51e:	6f 92       	push	r6
     520:	7f 92       	push	r7
     522:	8f 92       	push	r8
     524:	9f 92       	push	r9
     526:	af 92       	push	r10
     528:	bf 92       	push	r11
     52a:	cf 92       	push	r12
     52c:	df 92       	push	r13
     52e:	ef 92       	push	r14
     530:	ff 92       	push	r15
     532:	0f 93       	push	r16
     534:	1f 93       	push	r17
     536:	cf 93       	push	r28
     538:	df 93       	push	r29
     53a:	00 d0       	rcall	.+0      	; 0x53c <SI5351::freq_calc_fast(int) [clone .constprop.32]+0x26>
     53c:	00 d0       	rcall	.+0      	; 0x53e <SI5351::freq_calc_fast(int) [clone .constprop.32]+0x28>
     53e:	cd b7       	in	r28, 0x3d	; 61
     540:	de b7       	in	r29, 0x3e	; 62
/home/jgalera/develop/arduino/usdx/usdx_plus_orange/src/driver/si5351.cpp:9
#define _MSC 0x10000
  uint32_t msb128 =
      _msb128 + ((int64_t)(_div * (int32_t)df) * _MSC * 128) / fxtal;
     542:	20 91 be 06 	lds	r18, 0x06BE	; 0x8006be <si5351+0x7>
     546:	30 91 bf 06 	lds	r19, 0x06BF	; 0x8006bf <si5351+0x8>
     54a:	40 91 c0 06 	lds	r20, 0x06C0	; 0x8006c0 <si5351+0x9>
     54e:	50 91 c1 06 	lds	r21, 0x06C1	; 0x8006c1 <si5351+0xa>
     552:	29 83       	std	Y+1, r18	; 0x01
     554:	3a 83       	std	Y+2, r19	; 0x02
     556:	4b 83       	std	Y+3, r20	; 0x03
     558:	5c 83       	std	Y+4, r21	; 0x04
     55a:	20 91 bb 06 	lds	r18, 0x06BB	; 0x8006bb <si5351+0x4>
     55e:	c0 90 ca 06 	lds	r12, 0x06CA	; 0x8006ca <si5351+0x13>
     562:	d0 90 cb 06 	lds	r13, 0x06CB	; 0x8006cb <si5351+0x14>
     566:	e0 90 cc 06 	lds	r14, 0x06CC	; 0x8006cc <si5351+0x15>
     56a:	f0 90 cd 06 	lds	r15, 0x06CD	; 0x8006cd <si5351+0x16>
     56e:	30 e0       	ldi	r19, 0x00	; 0
     570:	dc 01       	movw	r26, r24
     572:	0e 94 f3 39 	call	0x73e6	; 0x73e6 <__usmulhisi3>
     576:	4b 01       	movw	r8, r22
     578:	5c 01       	movw	r10, r24
     57a:	bb 0c       	add	r11, r11
     57c:	88 08       	sbc	r8, r8
     57e:	98 2c       	mov	r9, r8
     580:	54 01       	movw	r10, r8
     582:	9b 01       	movw	r18, r22
     584:	ac 01       	movw	r20, r24
     586:	68 2d       	mov	r22, r8
     588:	78 2d       	mov	r23, r8
     58a:	88 2d       	mov	r24, r8
     58c:	98 2d       	mov	r25, r8
     58e:	07 e1       	ldi	r16, 0x17	; 23
     590:	0e 94 ad 3a 	call	0x755a	; 0x755a <__ashldi3>
     594:	56 01       	movw	r10, r12
     596:	67 01       	movw	r12, r14
     598:	e1 2c       	mov	r14, r1
     59a:	f1 2c       	mov	r15, r1
     59c:	00 e0       	ldi	r16, 0x00	; 0
     59e:	10 e0       	ldi	r17, 0x00	; 0
     5a0:	0e 94 0f 3a 	call	0x741e	; 0x741e <__divdi3>
     5a4:	49 01       	movw	r8, r18
     5a6:	5a 01       	movw	r10, r20
     5a8:	49 80       	ldd	r4, Y+1	; 0x01
     5aa:	5a 80       	ldd	r5, Y+2	; 0x02
     5ac:	6b 80       	ldd	r6, Y+3	; 0x03
     5ae:	7c 80       	ldd	r7, Y+4	; 0x04
     5b0:	48 0c       	add	r4, r8
     5b2:	59 1c       	adc	r5, r9
     5b4:	6a 1c       	adc	r6, r10
     5b6:	7b 1c       	adc	r7, r11
/home/jgalera/develop/arduino/usdx/usdx_plus_orange/src/driver/si5351.cpp:11

  uint16_t msp1 = _msa128min512 + msb128 / _MSC;
     5b8:	80 91 bc 06 	lds	r24, 0x06BC	; 0x8006bc <si5351+0x5>
     5bc:	90 91 bd 06 	lds	r25, 0x06BD	; 0x8006bd <si5351+0x6>
     5c0:	86 0d       	add	r24, r6
     5c2:	97 1d       	adc	r25, r7
/home/jgalera/develop/arduino/usdx/usdx_plus_orange/src/driver/si5351.cpp:13
  uint16_t msp2 = msb128;
  pll_regs[4] = BB0(msp1);
     5c4:	80 93 c6 06 	sts	0x06C6, r24	; 0x8006c6 <si5351+0xf>
/home/jgalera/develop/arduino/usdx/usdx_plus_orange/src/driver/si5351.cpp:14
  pll_regs[5] = ((_MSC & 0xF0000) >> (16 - 4));
     5c8:	80 e1       	ldi	r24, 0x10	; 16
     5ca:	80 93 c7 06 	sts	0x06C7, r24	; 0x8006c7 <si5351+0x10>
/home/jgalera/develop/arduino/usdx/usdx_plus_orange/src/driver/si5351.cpp:15
  pll_regs[6] = BB1(msp2);
     5ce:	85 2d       	mov	r24, r5
     5d0:	99 27       	eor	r25, r25
     5d2:	80 93 c8 06 	sts	0x06C8, r24	; 0x8006c8 <si5351+0x11>
/home/jgalera/develop/arduino/usdx/usdx_plus_orange/src/driver/si5351.cpp:16
  pll_regs[7] = BB0(msp2);
     5d6:	40 92 c9 06 	sts	0x06C9, r4	; 0x8006c9 <si5351+0x12>
/home/jgalera/develop/arduino/usdx/usdx_plus_orange/src/driver/si5351.cpp:17
}
     5da:	0f 90       	pop	r0
     5dc:	0f 90       	pop	r0
     5de:	0f 90       	pop	r0
     5e0:	0f 90       	pop	r0
     5e2:	df 91       	pop	r29
     5e4:	cf 91       	pop	r28
     5e6:	1f 91       	pop	r17
     5e8:	0f 91       	pop	r16
     5ea:	ff 90       	pop	r15
     5ec:	ef 90       	pop	r14
     5ee:	df 90       	pop	r13
     5f0:	cf 90       	pop	r12
     5f2:	bf 90       	pop	r11
     5f4:	af 90       	pop	r10
     5f6:	9f 90       	pop	r9
     5f8:	8f 90       	pop	r8
     5fa:	7f 90       	pop	r7
     5fc:	6f 90       	pop	r6
     5fe:	5f 90       	pop	r5
     600:	4f 90       	pop	r4
     602:	3f 90       	pop	r3
     604:	2f 90       	pop	r2
     606:	08 95       	ret

00000608 <SI5351::SendRegister(unsigned char, unsigned char*, unsigned char) [clone .constprop.31]>:
_ZN6SI535112SendRegisterEhPhh.constprop.31():
/home/jgalera/develop/arduino/usdx/usdx_plus_orange/src/driver/si5351.cpp:56
  i2c.SendByte(pll_regs[7]);
  i2c.stop();
}
#endif

void SI5351::SendRegister(uint8_t reg, uint8_t *data, uint8_t n) {
     608:	ff 92       	push	r15
     60a:	0f 93       	push	r16
     60c:	1f 93       	push	r17
     60e:	cf 93       	push	r28
     610:	df 93       	push	r29
     612:	c8 2f       	mov	r28, r24
     614:	f6 2e       	mov	r15, r22
     616:	07 2f       	mov	r16, r23
     618:	14 2f       	mov	r17, r20
/home/jgalera/develop/arduino/usdx/usdx_plus_orange/src/driver/si5351.cpp:57
  i2c.start();
     61a:	0e 94 68 02 	call	0x4d0	; 0x4d0 <I2C::start() [clone .constprop.35]>
/home/jgalera/develop/arduino/usdx/usdx_plus_orange/src/driver/si5351.cpp:58
  i2c.SendByte(SI5351_ADDR << 1);
     61e:	80 ec       	ldi	r24, 0xC0	; 192
     620:	0e 94 e0 01 	call	0x3c0	; 0x3c0 <I2C::SendByte(unsigned char) [clone .constprop.36]>
/home/jgalera/develop/arduino/usdx/usdx_plus_orange/src/driver/si5351.cpp:59
  i2c.SendByte(reg);
     624:	8c 2f       	mov	r24, r28
     626:	0e 94 e0 01 	call	0x3c0	; 0x3c0 <I2C::SendByte(unsigned char) [clone .constprop.36]>
     62a:	cf 2d       	mov	r28, r15
     62c:	d0 2f       	mov	r29, r16
/home/jgalera/develop/arduino/usdx/usdx_plus_orange/src/driver/si5351.cpp:60
  while (n--)
     62e:	11 50       	subi	r17, 0x01	; 1
     630:	20 f0       	brcs	.+8      	; 0x63a <SI5351::SendRegister(unsigned char, unsigned char*, unsigned char) [clone .constprop.31]+0x32>
/home/jgalera/develop/arduino/usdx/usdx_plus_orange/src/driver/si5351.cpp:61
    i2c.SendByte(*data++);
     632:	89 91       	ld	r24, Y+
     634:	0e 94 e0 01 	call	0x3c0	; 0x3c0 <I2C::SendByte(unsigned char) [clone .constprop.36]>
     638:	fa cf       	rjmp	.-12     	; 0x62e <SI5351::SendRegister(unsigned char, unsigned char*, unsigned char) [clone .constprop.31]+0x26>
/home/jgalera/develop/arduino/usdx/usdx_plus_orange/src/driver/si5351.cpp:63
  i2c.stop();
}
     63a:	df 91       	pop	r29
     63c:	cf 91       	pop	r28
     63e:	1f 91       	pop	r17
     640:	0f 91       	pop	r16
     642:	ff 90       	pop	r15
/home/jgalera/develop/arduino/usdx/usdx_plus_orange/src/driver/si5351.cpp:62
  i2c.start();
  i2c.SendByte(SI5351_ADDR << 1);
  i2c.SendByte(reg);
  while (n--)
    i2c.SendByte(*data++);
  i2c.stop();
     644:	0c 94 bd 01 	jmp	0x37a	; 0x37a <I2C::stop() [clone .constprop.39]>

00000648 <SI5351::SendRegister(unsigned char, unsigned char) [clone .constprop.30]>:
_ZN6SI535112SendRegisterEhh.constprop.30():
/home/jgalera/develop/arduino/usdx/usdx_plus_orange/src/driver/si5351.cpp:65
}

void SI5351::SendRegister(uint8_t reg, uint8_t val) {
     648:	cf 93       	push	r28
     64a:	df 93       	push	r29
     64c:	1f 92       	push	r1
     64e:	cd b7       	in	r28, 0x3d	; 61
     650:	de b7       	in	r29, 0x3e	; 62
     652:	69 83       	std	Y+1, r22	; 0x01
/home/jgalera/develop/arduino/usdx/usdx_plus_orange/src/driver/si5351.cpp:66
  SendRegister(reg, &val, 1);
     654:	41 e0       	ldi	r20, 0x01	; 1
     656:	be 01       	movw	r22, r28
     658:	6f 5f       	subi	r22, 0xFF	; 255
     65a:	7f 4f       	sbci	r23, 0xFF	; 255
     65c:	0e 94 04 03 	call	0x608	; 0x608 <SI5351::SendRegister(unsigned char, unsigned char*, unsigned char) [clone .constprop.31]>
/home/jgalera/develop/arduino/usdx/usdx_plus_orange/src/driver/si5351.cpp:67
}
     660:	0f 90       	pop	r0
     662:	df 91       	pop	r29
     664:	cf 91       	pop	r28
     666:	08 95       	ret

00000668 <SI5351::ms(signed char, unsigned long, unsigned long, unsigned char, unsigned char, unsigned int, unsigned char) [clone .constprop.27]>:
_ZN6SI53512msEammhhjh.constprop.27():
/home/jgalera/develop/arduino/usdx/usdx_plus_orange/src/driver/si5351.cpp:69

void SI5351::ms(int8_t n, uint32_t div_nom, uint32_t div_denom, uint8_t pll,
     668:	2f 92       	push	r2
     66a:	3f 92       	push	r3
     66c:	4f 92       	push	r4
     66e:	5f 92       	push	r5
     670:	6f 92       	push	r6
     672:	7f 92       	push	r7
     674:	8f 92       	push	r8
     676:	9f 92       	push	r9
     678:	af 92       	push	r10
     67a:	bf 92       	push	r11
     67c:	cf 92       	push	r12
     67e:	df 92       	push	r13
     680:	ef 92       	push	r14
     682:	ff 92       	push	r15
     684:	0f 93       	push	r16
     686:	1f 93       	push	r17
     688:	cf 93       	push	r28
     68a:	df 93       	push	r29
     68c:	cd b7       	in	r28, 0x3d	; 61
     68e:	de b7       	in	r29, 0x3e	; 62
     690:	64 97       	sbiw	r28, 0x14	; 20
     692:	0f b6       	in	r0, 0x3f	; 63
     694:	f8 94       	cli
     696:	de bf       	out	0x3e, r29	; 62
     698:	0f be       	out	0x3f, r0	; 63
     69a:	cd bf       	out	0x3d, r28	; 61
     69c:	89 8b       	std	Y+17, r24	; 0x11
     69e:	48 01       	movw	r8, r16
     6a0:	59 01       	movw	r10, r18
     6a2:	fb 8a       	std	Y+19, r15	; 0x13
     6a4:	ea 8a       	std	Y+18, r14	; 0x12
     6a6:	cc 8a       	std	Y+20, r12	; 0x14
     6a8:	cb 01       	movw	r24, r22
     6aa:	ba 01       	movw	r22, r20
     6ac:	a9 01       	movw	r20, r18
     6ae:	98 01       	movw	r18, r16
     6b0:	0e 94 95 39 	call	0x732a	; 0x732a <__udivmodsi4>
     6b4:	29 01       	movw	r4, r18
/home/jgalera/develop/arduino/usdx/usdx_plus_orange/src/driver/si5351.cpp:73
                uint8_t _int, uint16_t phase, uint8_t rdiv) {
  uint16_t msa;
  uint32_t msb, msc, msp1, msp2, msp3;
  msa = div_nom / div_denom;
     6b6:	19 01       	movw	r2, r18
/home/jgalera/develop/arduino/usdx/usdx_plus_orange/src/driver/si5351.cpp:74
  if (msa == 4)
     6b8:	24 30       	cpi	r18, 0x04	; 4
     6ba:	31 05       	cpc	r19, r1
     6bc:	09 f4       	brne	.+2      	; 0x6c0 <SI5351::ms(signed char, unsigned long, unsigned long, unsigned char, unsigned char, unsigned int, unsigned char) [clone .constprop.27]+0x58>
     6be:	97 c0       	rjmp	.+302    	; 0x7ee <SI5351::ms(signed char, unsigned long, unsigned long, unsigned char, unsigned char, unsigned int, unsigned char) [clone .constprop.27]+0x186>
/home/jgalera/develop/arduino/usdx/usdx_plus_orange/src/driver/si5351.cpp:76
    _int = 1;
  msb = (_int) ? 0 : (((uint64_t)(div_nom % div_denom) * _MSC) / div_denom);
     6c0:	9b 01       	movw	r18, r22
     6c2:	ac 01       	movw	r20, r24
     6c4:	60 e0       	ldi	r22, 0x00	; 0
     6c6:	70 e0       	ldi	r23, 0x00	; 0
     6c8:	80 e0       	ldi	r24, 0x00	; 0
     6ca:	90 e0       	ldi	r25, 0x00	; 0
     6cc:	00 e1       	ldi	r16, 0x10	; 16
     6ce:	0e 94 ad 3a 	call	0x755a	; 0x755a <__ashldi3>
     6d2:	f9 01       	movw	r30, r18
     6d4:	75 01       	movw	r14, r10
     6d6:	64 01       	movw	r12, r8
     6d8:	00 e0       	ldi	r16, 0x00	; 0
     6da:	10 e0       	ldi	r17, 0x00	; 0
     6dc:	98 01       	movw	r18, r16
     6de:	89 86       	std	Y+9, r8	; 0x09
     6e0:	da 86       	std	Y+10, r13	; 0x0a
     6e2:	ab 86       	std	Y+11, r10	; 0x0b
     6e4:	fc 86       	std	Y+12, r15	; 0x0c
     6e6:	0d 87       	std	Y+13, r16	; 0x0d
     6e8:	1e 87       	std	Y+14, r17	; 0x0e
     6ea:	2f 87       	std	Y+15, r18	; 0x0f
     6ec:	38 8b       	std	Y+16, r19	; 0x10
     6ee:	54 01       	movw	r10, r8
     6f0:	67 01       	movw	r12, r14
     6f2:	e1 2c       	mov	r14, r1
     6f4:	f1 2c       	mov	r15, r1
     6f6:	00 e0       	ldi	r16, 0x00	; 0
     6f8:	10 e0       	ldi	r17, 0x00	; 0
     6fa:	9f 01       	movw	r18, r30
     6fc:	0e 94 40 3a 	call	0x7480	; 0x7480 <__udivdi3>
     700:	a3 2f       	mov	r26, r19
     702:	f4 2f       	mov	r31, r20
     704:	e5 2f       	mov	r30, r21
     706:	42 2f       	mov	r20, r18
     708:	5a 2f       	mov	r21, r26
     70a:	6f 2f       	mov	r22, r31
     70c:	7e 2f       	mov	r23, r30
/home/jgalera/develop/arduino/usdx/usdx_plus_orange/src/driver/si5351.cpp:77
  msc = (_int) ? 1 : _MSC;
     70e:	c1 2c       	mov	r12, r1
     710:	d1 2c       	mov	r13, r1
     712:	76 01       	movw	r14, r12
     714:	e3 94       	inc	r14
/home/jgalera/develop/arduino/usdx/usdx_plus_orange/src/driver/si5351.cpp:78
  msp1 = 128 * msa + 128 * msb / msc - 512;
     716:	cb 01       	movw	r24, r22
     718:	ba 01       	movw	r22, r20
     71a:	27 e0       	ldi	r18, 0x07	; 7
     71c:	66 0f       	add	r22, r22
     71e:	77 1f       	adc	r23, r23
     720:	88 1f       	adc	r24, r24
     722:	99 1f       	adc	r25, r25
     724:	2a 95       	dec	r18
     726:	d1 f7       	brne	.-12     	; 0x71c <SI5351::ms(signed char, unsigned long, unsigned long, unsigned char, unsigned char, unsigned int, unsigned char) [clone .constprop.27]+0xb4>
     728:	a7 01       	movw	r20, r14
     72a:	96 01       	movw	r18, r12
     72c:	0e 94 95 39 	call	0x732a	; 0x732a <__udivmodsi4>
     730:	42 01       	movw	r8, r4
     732:	96 94       	lsr	r9
     734:	98 2c       	mov	r9, r8
     736:	88 24       	eor	r8, r8
     738:	97 94       	ror	r9
     73a:	87 94       	ror	r8
     73c:	b1 2c       	mov	r11, r1
     73e:	a1 2c       	mov	r10, r1
     740:	02 e0       	ldi	r16, 0x02	; 2
     742:	90 1a       	sub	r9, r16
     744:	a1 08       	sbc	r10, r1
     746:	b1 08       	sbc	r11, r1
     748:	28 0d       	add	r18, r8
     74a:	39 1d       	adc	r19, r9
     74c:	4a 1d       	adc	r20, r10
     74e:	5b 1d       	adc	r21, r11
/home/jgalera/develop/arduino/usdx/usdx_plus_orange/src/driver/si5351.cpp:81
  msp2 = 128 * msb - 128 * msb / msc * msc;
  msp3 = msc;
  uint8_t ms_reg2 = BB2(msp1) | (rdiv << 4) | ((msa == 4) * 0x0C);
     750:	bc 89       	ldd	r27, Y+20	; 0x14
     752:	a0 e1       	ldi	r26, 0x10	; 16
     754:	ba 9f       	mul	r27, r26
     756:	f0 01       	movw	r30, r0
     758:	11 24       	eor	r1, r1
     75a:	84 2e       	mov	r8, r20
     75c:	8e 2a       	or	r8, r30
     75e:	e4 e0       	ldi	r30, 0x04	; 4
     760:	2e 16       	cp	r2, r30
     762:	31 04       	cpc	r3, r1
     764:	09 f0       	breq	.+2      	; 0x768 <SI5351::ms(signed char, unsigned long, unsigned long, unsigned char, unsigned char, unsigned int, unsigned char) [clone .constprop.27]+0x100>
     766:	4c c0       	rjmp	.+152    	; 0x800 <SI5351::ms(signed char, unsigned long, unsigned long, unsigned char, unsigned char, unsigned int, unsigned char) [clone .constprop.27]+0x198>
     768:	ec e0       	ldi	r30, 0x0C	; 12
/home/jgalera/develop/arduino/usdx/usdx_plus_orange/src/driver/si5351.cpp:85
  uint8_t ms_regs[8] = {BB1(msp3), BB0(msp3),
                        ms_reg2,   BB1(msp1),
                        BB0(msp1), BB2(((msp3 & 0x0F0000) << 4) | msp2),
                        BB1(msp2), BB0(msp2)};
     76a:	19 82       	std	Y+1, r1	; 0x01
     76c:	ca 82       	std	Y+2, r12	; 0x02
/home/jgalera/develop/arduino/usdx/usdx_plus_orange/src/driver/si5351.cpp:81
  msb = (_int) ? 0 : (((uint64_t)(div_nom % div_denom) * _MSC) / div_denom);
  msc = (_int) ? 1 : _MSC;
  msp1 = 128 * msa + 128 * msb / msc - 512;
  msp2 = 128 * msb - 128 * msb / msc * msc;
  msp3 = msc;
  uint8_t ms_reg2 = BB2(msp1) | (rdiv << 4) | ((msa == 4) * 0x0C);
     76e:	8e 2a       	or	r8, r30
/home/jgalera/develop/arduino/usdx/usdx_plus_orange/src/driver/si5351.cpp:85
  uint8_t ms_regs[8] = {BB1(msp3), BB0(msp3),
                        ms_reg2,   BB1(msp1),
                        BB0(msp1), BB2(((msp3 & 0x0F0000) << 4) | msp2),
                        BB1(msp2), BB0(msp2)};
     770:	8b 82       	std	Y+3, r8	; 0x03
     772:	3c 83       	std	Y+4, r19	; 0x04
     774:	2d 83       	std	Y+5, r18	; 0x05
/home/jgalera/develop/arduino/usdx/usdx_plus_orange/src/driver/si5351.cpp:84
  msp2 = 128 * msb - 128 * msb / msc * msc;
  msp3 = msc;
  uint8_t ms_reg2 = BB2(msp1) | (rdiv << 4) | ((msa == 4) * 0x0C);
  uint8_t ms_regs[8] = {BB1(msp3), BB0(msp3),
                        ms_reg2,   BB1(msp1),
                        BB0(msp1), BB2(((msp3 & 0x0F0000) << 4) | msp2),
     776:	94 e0       	ldi	r25, 0x04	; 4
     778:	cc 0c       	add	r12, r12
     77a:	dd 1c       	adc	r13, r13
     77c:	ee 1c       	adc	r14, r14
     77e:	ff 1c       	adc	r15, r15
     780:	9a 95       	dec	r25
     782:	d1 f7       	brne	.-12     	; 0x778 <SI5351::ms(signed char, unsigned long, unsigned long, unsigned char, unsigned char, unsigned int, unsigned char) [clone .constprop.27]+0x110>
     784:	e8 2a       	or	r14, r24
/home/jgalera/develop/arduino/usdx/usdx_plus_orange/src/driver/si5351.cpp:85
                        BB1(msp2), BB0(msp2)};
     786:	ee 82       	std	Y+6, r14	; 0x06
     788:	7f 83       	std	Y+7, r23	; 0x07
     78a:	68 87       	std	Y+8, r22	; 0x08
/home/jgalera/develop/arduino/usdx/usdx_plus_orange/src/driver/si5351.cpp:87

  SendRegister(n * 8 + 42, ms_regs, 8);
     78c:	48 e0       	ldi	r20, 0x08	; 8
     78e:	be 01       	movw	r22, r28
     790:	6f 5f       	subi	r22, 0xFF	; 255
     792:	7f 4f       	sbci	r23, 0xFF	; 255
     794:	89 89       	ldd	r24, Y+17	; 0x11
     796:	88 0f       	add	r24, r24
     798:	88 0f       	add	r24, r24
     79a:	88 0f       	add	r24, r24
     79c:	86 5d       	subi	r24, 0xD6	; 214
     79e:	0e 94 04 03 	call	0x608	; 0x608 <SI5351::SendRegister(unsigned char, unsigned char*, unsigned char) [clone .constprop.31]>
     7a2:	61 2f       	mov	r22, r17
     7a4:	62 95       	swap	r22
     7a6:	66 0f       	add	r22, r22
     7a8:	66 0f       	add	r22, r22
     7aa:	60 7c       	andi	r22, 0xC0	; 192
/home/jgalera/develop/arduino/usdx/usdx_plus_orange/src/driver/si5351.cpp:88
  if (n < 0) {
     7ac:	c9 88       	ldd	r12, Y+17	; 0x11
     7ae:	c7 fe       	sbrs	r12, 7
     7b0:	29 c0       	rjmp	.+82     	; 0x804 <SI5351::ms(signed char, unsigned long, unsigned long, unsigned char, unsigned char, unsigned int, unsigned char) [clone .constprop.27]+0x19c>
/home/jgalera/develop/arduino/usdx/usdx_plus_orange/src/driver/si5351.cpp:89
    SendRegister(n + 16 + 8, 0x80 | (0x40 * _int));
     7b2:	60 68       	ori	r22, 0x80	; 128
     7b4:	8c 2d       	mov	r24, r12
     7b6:	88 5e       	subi	r24, 0xE8	; 232
/home/jgalera/develop/arduino/usdx/usdx_plus_orange/src/driver/si5351.cpp:92
  } else {
    SendRegister(n + 16, ((pll) * 0x20) | 0x0C | 3 | (0x40 * _int));
    SendRegister(n + 165, (!_int) * phase * msa / 90);
     7b8:	0e 94 24 03 	call	0x648	; 0x648 <SI5351::SendRegister(unsigned char, unsigned char) [clone .constprop.30]>
/home/jgalera/develop/arduino/usdx/usdx_plus_orange/src/driver/si5351.cpp:94
  }
}
     7bc:	64 96       	adiw	r28, 0x14	; 20
     7be:	0f b6       	in	r0, 0x3f	; 63
     7c0:	f8 94       	cli
     7c2:	de bf       	out	0x3e, r29	; 62
     7c4:	0f be       	out	0x3f, r0	; 63
     7c6:	cd bf       	out	0x3d, r28	; 61
     7c8:	df 91       	pop	r29
     7ca:	cf 91       	pop	r28
     7cc:	1f 91       	pop	r17
     7ce:	0f 91       	pop	r16
     7d0:	ff 90       	pop	r15
     7d2:	ef 90       	pop	r14
     7d4:	df 90       	pop	r13
     7d6:	cf 90       	pop	r12
     7d8:	bf 90       	pop	r11
     7da:	af 90       	pop	r10
     7dc:	9f 90       	pop	r9
     7de:	8f 90       	pop	r8
     7e0:	7f 90       	pop	r7
     7e2:	6f 90       	pop	r6
     7e4:	5f 90       	pop	r5
     7e6:	4f 90       	pop	r4
     7e8:	3f 90       	pop	r3
     7ea:	2f 90       	pop	r2
     7ec:	08 95       	ret
/home/jgalera/develop/arduino/usdx/usdx_plus_orange/src/driver/si5351.cpp:76
  uint16_t msa;
  uint32_t msb, msc, msp1, msp2, msp3;
  msa = div_nom / div_denom;
  if (msa == 4)
    _int = 1;
  msb = (_int) ? 0 : (((uint64_t)(div_nom % div_denom) * _MSC) / div_denom);
     7ee:	40 e0       	ldi	r20, 0x00	; 0
     7f0:	50 e0       	ldi	r21, 0x00	; 0
     7f2:	ba 01       	movw	r22, r20
/home/jgalera/develop/arduino/usdx/usdx_plus_orange/src/driver/si5351.cpp:75
                uint8_t _int, uint16_t phase, uint8_t rdiv) {
  uint16_t msa;
  uint32_t msb, msc, msp1, msp2, msp3;
  msa = div_nom / div_denom;
  if (msa == 4)
    _int = 1;
     7f4:	11 e0       	ldi	r17, 0x01	; 1
/home/jgalera/develop/arduino/usdx/usdx_plus_orange/src/driver/si5351.cpp:77
  msb = (_int) ? 0 : (((uint64_t)(div_nom % div_denom) * _MSC) / div_denom);
  msc = (_int) ? 1 : _MSC;
     7f6:	c1 2c       	mov	r12, r1
     7f8:	d1 2c       	mov	r13, r1
     7fa:	76 01       	movw	r14, r12
     7fc:	c3 94       	inc	r12
     7fe:	8b cf       	rjmp	.-234    	; 0x716 <SI5351::ms(signed char, unsigned long, unsigned long, unsigned char, unsigned char, unsigned int, unsigned char) [clone .constprop.27]+0xae>
/home/jgalera/develop/arduino/usdx/usdx_plus_orange/src/driver/si5351.cpp:81
  msp1 = 128 * msa + 128 * msb / msc - 512;
  msp2 = 128 * msb - 128 * msb / msc * msc;
  msp3 = msc;
  uint8_t ms_reg2 = BB2(msp1) | (rdiv << 4) | ((msa == 4) * 0x0C);
     800:	e0 e0       	ldi	r30, 0x00	; 0
     802:	b3 cf       	rjmp	.-154    	; 0x76a <SI5351::ms(signed char, unsigned long, unsigned long, unsigned char, unsigned char, unsigned int, unsigned char) [clone .constprop.27]+0x102>
/home/jgalera/develop/arduino/usdx/usdx_plus_orange/src/driver/si5351.cpp:91

  SendRegister(n * 8 + 42, ms_regs, 8);
  if (n < 0) {
    SendRegister(n + 16 + 8, 0x80 | (0x40 * _int));
  } else {
    SendRegister(n + 16, ((pll) * 0x20) | 0x0C | 3 | (0x40 * _int));
     804:	6f 60       	ori	r22, 0x0F	; 15
     806:	89 89       	ldd	r24, Y+17	; 0x11
     808:	80 5f       	subi	r24, 0xF0	; 240
     80a:	0e 94 24 03 	call	0x648	; 0x648 <SI5351::SendRegister(unsigned char, unsigned char) [clone .constprop.30]>
/home/jgalera/develop/arduino/usdx/usdx_plus_orange/src/driver/si5351.cpp:92
    SendRegister(n + 165, (!_int) * phase * msa / 90);
     80e:	ea 88       	ldd	r14, Y+18	; 0x12
     810:	fb 88       	ldd	r15, Y+19	; 0x13
     812:	e4 9c       	mul	r14, r4
     814:	a0 01       	movw	r20, r0
     816:	e5 9c       	mul	r14, r5
     818:	50 0d       	add	r21, r0
     81a:	f4 9c       	mul	r15, r4
     81c:	50 0d       	add	r21, r0
     81e:	11 24       	eor	r1, r1
     820:	21 e0       	ldi	r18, 0x01	; 1
     822:	12 27       	eor	r17, r18
     824:	21 2f       	mov	r18, r17
     826:	30 e0       	ldi	r19, 0x00	; 0
     828:	42 9f       	mul	r20, r18
     82a:	c0 01       	movw	r24, r0
     82c:	43 9f       	mul	r20, r19
     82e:	90 0d       	add	r25, r0
     830:	52 9f       	mul	r21, r18
     832:	90 0d       	add	r25, r0
     834:	11 24       	eor	r1, r1
     836:	6a e5       	ldi	r22, 0x5A	; 90
     838:	70 e0       	ldi	r23, 0x00	; 0
     83a:	0e 94 6d 39 	call	0x72da	; 0x72da <__udivmodhi4>
     83e:	89 89       	ldd	r24, Y+17	; 0x11
     840:	8b 55       	subi	r24, 0x5B	; 91
     842:	ba cf       	rjmp	.-140    	; 0x7b8 <SI5351::ms(signed char, unsigned long, unsigned long, unsigned char, unsigned char, unsigned int, unsigned char) [clone .constprop.27]+0x150>

00000844 <SI5351::freq(long, unsigned int, unsigned int) [clone .constprop.26]>:
_ZN6SI53514freqEljj.constprop.26():
/home/jgalera/develop/arduino/usdx/usdx_plus_orange/src/driver/si5351.cpp:105

void SI5351::reset() { SendRegister(177, 0xA0); }

void SI5351::oe(uint8_t mask) { SendRegister(3, ~mask); }

void SI5351::freq(int32_t fout, uint16_t i, uint16_t q) {
     844:	2f 92       	push	r2
     846:	3f 92       	push	r3
     848:	4f 92       	push	r4
     84a:	5f 92       	push	r5
     84c:	6f 92       	push	r6
     84e:	7f 92       	push	r7
     850:	8f 92       	push	r8
     852:	9f 92       	push	r9
     854:	af 92       	push	r10
     856:	bf 92       	push	r11
     858:	cf 92       	push	r12
     85a:	df 92       	push	r13
     85c:	ef 92       	push	r14
     85e:	ff 92       	push	r15
     860:	0f 93       	push	r16
     862:	1f 93       	push	r17
     864:	cf 93       	push	r28
     866:	df 93       	push	r29
     868:	cd b7       	in	r28, 0x3d	; 61
     86a:	de b7       	in	r29, 0x3e	; 62
     86c:	60 97       	sbiw	r28, 0x10	; 16
     86e:	0f b6       	in	r0, 0x3f	; 63
     870:	f8 94       	cli
     872:	de bf       	out	0x3e, r29	; 62
     874:	0f be       	out	0x3f, r0	; 63
     876:	cd bf       	out	0x3d, r28	; 61
     878:	4b 01       	movw	r8, r22
     87a:	5c 01       	movw	r10, r24
     87c:	49 87       	std	Y+9, r20	; 0x09
     87e:	5a 83       	std	Y+2, r21	; 0x02
     880:	29 83       	std	Y+1, r18	; 0x01
     882:	3b 83       	std	Y+3, r19	; 0x03
/home/jgalera/develop/arduino/usdx/usdx_plus_orange/src/driver/si5351.cpp:107
  uint8_t rdiv = 0;
  if (fout > 300000000) {
     884:	21 e0       	ldi	r18, 0x01	; 1
     886:	82 16       	cp	r8, r18
     888:	23 ea       	ldi	r18, 0xA3	; 163
     88a:	92 06       	cpc	r9, r18
     88c:	21 ee       	ldi	r18, 0xE1	; 225
     88e:	a2 06       	cpc	r10, r18
     890:	21 e1       	ldi	r18, 0x11	; 17
     892:	b2 06       	cpc	r11, r18
     894:	dc f0       	brlt	.+54     	; 0x8cc <SI5351::freq(long, unsigned int, unsigned int) [clone .constprop.26]+0x88>
/home/jgalera/develop/arduino/usdx/usdx_plus_orange/src/driver/si5351.cpp:108
    i /= 3;
     896:	23 e0       	ldi	r18, 0x03	; 3
     898:	30 e0       	ldi	r19, 0x00	; 0
     89a:	ca 01       	movw	r24, r20
     89c:	b9 01       	movw	r22, r18
     89e:	0e 94 6d 39 	call	0x72da	; 0x72da <__udivmodhi4>
     8a2:	69 87       	std	Y+9, r22	; 0x09
     8a4:	7a 83       	std	Y+2, r23	; 0x02
/home/jgalera/develop/arduino/usdx/usdx_plus_orange/src/driver/si5351.cpp:109
    q /= 3;
     8a6:	89 81       	ldd	r24, Y+1	; 0x01
     8a8:	9b 81       	ldd	r25, Y+3	; 0x03
     8aa:	b9 01       	movw	r22, r18
     8ac:	0e 94 6d 39 	call	0x72da	; 0x72da <__udivmodhi4>
     8b0:	69 83       	std	Y+1, r22	; 0x01
     8b2:	7b 83       	std	Y+3, r23	; 0x03
/home/jgalera/develop/arduino/usdx/usdx_plus_orange/src/driver/si5351.cpp:110
    fout /= 3;
     8b4:	c5 01       	movw	r24, r10
     8b6:	b4 01       	movw	r22, r8
     8b8:	23 e0       	ldi	r18, 0x03	; 3
     8ba:	30 e0       	ldi	r19, 0x00	; 0
     8bc:	40 e0       	ldi	r20, 0x00	; 0
     8be:	50 e0       	ldi	r21, 0x00	; 0
     8c0:	0e 94 b7 39 	call	0x736e	; 0x736e <__divmodsi4>
     8c4:	49 01       	movw	r8, r18
     8c6:	5a 01       	movw	r10, r20
/home/jgalera/develop/arduino/usdx/usdx_plus_orange/src/driver/si5351.cpp:106
void SI5351::reset() { SendRegister(177, 0xA0); }

void SI5351::oe(uint8_t mask) { SendRegister(3, ~mask); }

void SI5351::freq(int32_t fout, uint16_t i, uint16_t q) {
  uint8_t rdiv = 0;
     8c8:	18 86       	std	Y+8, r1	; 0x08
     8ca:	11 c0       	rjmp	.+34     	; 0x8ee <SI5351::freq(long, unsigned int, unsigned int) [clone .constprop.26]+0xaa>
/home/jgalera/develop/arduino/usdx/usdx_plus_orange/src/driver/si5351.cpp:112
  if (fout > 300000000) {
    i /= 3;
    q /= 3;
    fout /= 3;
  }
  if (fout < 500000) {
     8cc:	60 e2       	ldi	r22, 0x20	; 32
     8ce:	86 16       	cp	r8, r22
     8d0:	61 ea       	ldi	r22, 0xA1	; 161
     8d2:	96 06       	cpc	r9, r22
     8d4:	67 e0       	ldi	r22, 0x07	; 7
     8d6:	a6 06       	cpc	r10, r22
     8d8:	b1 04       	cpc	r11, r1
     8da:	b4 f7       	brge	.-20     	; 0x8c8 <SI5351::freq(long, unsigned int, unsigned int) [clone .constprop.26]+0x84>
/home/jgalera/develop/arduino/usdx/usdx_plus_orange/src/driver/si5351.cpp:114
    rdiv = 7;
    fout *= 128;
     8dc:	47 e0       	ldi	r20, 0x07	; 7
     8de:	88 0c       	add	r8, r8
     8e0:	99 1c       	adc	r9, r9
     8e2:	aa 1c       	adc	r10, r10
     8e4:	bb 1c       	adc	r11, r11
     8e6:	4a 95       	dec	r20
     8e8:	d1 f7       	brne	.-12     	; 0x8de <SI5351::freq(long, unsigned int, unsigned int) [clone .constprop.26]+0x9a>
/home/jgalera/develop/arduino/usdx/usdx_plus_orange/src/driver/si5351.cpp:113
    i /= 3;
    q /= 3;
    fout /= 3;
  }
  if (fout < 500000) {
    rdiv = 7;
     8ea:	77 e0       	ldi	r23, 0x07	; 7
     8ec:	78 87       	std	Y+8, r23	; 0x08
/home/jgalera/develop/arduino/usdx/usdx_plus_orange/src/driver/si5351.cpp:117
    fout *= 128;
  }
  uint16_t d;
  if (fout < 30000000)
     8ee:	80 e8       	ldi	r24, 0x80	; 128
     8f0:	88 16       	cp	r8, r24
     8f2:	83 ec       	ldi	r24, 0xC3	; 195
     8f4:	98 06       	cpc	r9, r24
     8f6:	89 ec       	ldi	r24, 0xC9	; 201
     8f8:	a8 06       	cpc	r10, r24
     8fa:	81 e0       	ldi	r24, 0x01	; 1
     8fc:	b8 06       	cpc	r11, r24
     8fe:	cc f4       	brge	.+50     	; 0x932 <__stack+0x33>
/home/jgalera/develop/arduino/usdx/usdx_plus_orange/src/driver/si5351.cpp:118
    d = (16 * fxtal) / fout;
     900:	60 91 ca 06 	lds	r22, 0x06CA	; 0x8006ca <si5351+0x13>
     904:	70 91 cb 06 	lds	r23, 0x06CB	; 0x8006cb <si5351+0x14>
     908:	80 91 cc 06 	lds	r24, 0x06CC	; 0x8006cc <si5351+0x15>
     90c:	90 91 cd 06 	lds	r25, 0x06CD	; 0x8006cd <si5351+0x16>
/home/jgalera/develop/arduino/usdx/usdx_plus_orange/src/driver/si5351.cpp:121
  else
    d = (32 * fxtal) / fout;
  if (fout < 3500000)
     910:	a0 ee       	ldi	r26, 0xE0	; 224
     912:	8a 16       	cp	r8, r26
     914:	a7 e6       	ldi	r26, 0x67	; 103
     916:	9a 06       	cpc	r9, r26
     918:	a5 e3       	ldi	r26, 0x35	; 53
     91a:	aa 06       	cpc	r10, r26
     91c:	b1 04       	cpc	r11, r1
     91e:	0c f4       	brge	.+2      	; 0x922 <__stack+0x23>
     920:	45 c1       	rjmp	.+650    	; 0xbac <__stack+0x2ad>
/home/jgalera/develop/arduino/usdx/usdx_plus_orange/src/driver/si5351.cpp:118
    rdiv = 7;
    fout *= 128;
  }
  uint16_t d;
  if (fout < 30000000)
    d = (16 * fxtal) / fout;
     922:	24 e0       	ldi	r18, 0x04	; 4
     924:	66 0f       	add	r22, r22
     926:	77 1f       	adc	r23, r23
     928:	88 1f       	adc	r24, r24
     92a:	99 1f       	adc	r25, r25
     92c:	2a 95       	dec	r18
     92e:	d1 f7       	brne	.-12     	; 0x924 <__stack+0x25>
     930:	49 c1       	rjmp	.+658    	; 0xbc4 <__stack+0x2c5>
/home/jgalera/develop/arduino/usdx/usdx_plus_orange/src/driver/si5351.cpp:120
  else
    d = (32 * fxtal) / fout;
     932:	60 91 ca 06 	lds	r22, 0x06CA	; 0x8006ca <si5351+0x13>
     936:	70 91 cb 06 	lds	r23, 0x06CB	; 0x8006cb <si5351+0x14>
     93a:	80 91 cc 06 	lds	r24, 0x06CC	; 0x8006cc <si5351+0x15>
     93e:	90 91 cd 06 	lds	r25, 0x06CD	; 0x8006cd <si5351+0x16>
     942:	35 e0       	ldi	r19, 0x05	; 5
     944:	66 0f       	add	r22, r22
     946:	77 1f       	adc	r23, r23
     948:	88 1f       	adc	r24, r24
     94a:	99 1f       	adc	r25, r25
     94c:	3a 95       	dec	r19
     94e:	d1 f7       	brne	.-12     	; 0x944 <__stack+0x45>
     950:	a5 01       	movw	r20, r10
     952:	94 01       	movw	r18, r8
     954:	0e 94 95 39 	call	0x732a	; 0x732a <__udivmodsi4>
     958:	19 01       	movw	r2, r18
/home/jgalera/develop/arduino/usdx/usdx_plus_orange/src/driver/si5351.cpp:123
  if (fout < 3500000)
    d = (7 * fxtal) / fout;
  if (fout > 140000000)
     95a:	b1 e0       	ldi	r27, 0x01	; 1
     95c:	8b 16       	cp	r8, r27
     95e:	bb e3       	ldi	r27, 0x3B	; 59
     960:	9b 06       	cpc	r9, r27
     962:	b8 e5       	ldi	r27, 0x58	; 88
     964:	ab 06       	cpc	r10, r27
     966:	b8 e0       	ldi	r27, 0x08	; 8
     968:	bb 06       	cpc	r11, r27
     96a:	0c f0       	brlt	.+2      	; 0x96e <__stack+0x6f>
     96c:	31 c1       	rjmp	.+610    	; 0xbd0 <__stack+0x2d1>
/home/jgalera/develop/arduino/usdx/usdx_plus_orange/src/driver/si5351.cpp:125
    d = 4;
  if (d % 2)
     96e:	20 fe       	sbrs	r2, 0
     970:	03 c0       	rjmp	.+6      	; 0x978 <__stack+0x79>
/home/jgalera/develop/arduino/usdx/usdx_plus_orange/src/driver/si5351.cpp:126
    d++;
     972:	2f ef       	ldi	r18, 0xFF	; 255
     974:	22 1a       	sub	r2, r18
     976:	32 0a       	sbc	r3, r18
/home/jgalera/develop/arduino/usdx/usdx_plus_orange/src/driver/si5351.cpp:127
  if ((d * (fout - 5000) / fxtal) != (d * (fout + 5000) / fxtal))
     978:	d1 01       	movw	r26, r2
     97a:	a5 01       	movw	r20, r10
     97c:	94 01       	movw	r18, r8
     97e:	28 58       	subi	r18, 0x88	; 136
     980:	33 41       	sbci	r19, 0x13	; 19
     982:	41 09       	sbc	r20, r1
     984:	51 09       	sbc	r21, r1
     986:	0e 94 fa 39 	call	0x73f4	; 0x73f4 <__muluhisi3>
     98a:	6b 01       	movw	r12, r22
     98c:	7c 01       	movw	r14, r24
     98e:	20 91 ca 06 	lds	r18, 0x06CA	; 0x8006ca <si5351+0x13>
     992:	30 91 cb 06 	lds	r19, 0x06CB	; 0x8006cb <si5351+0x14>
     996:	40 91 cc 06 	lds	r20, 0x06CC	; 0x8006cc <si5351+0x15>
     99a:	50 91 cd 06 	lds	r21, 0x06CD	; 0x8006cd <si5351+0x16>
     99e:	40 90 ca 06 	lds	r4, 0x06CA	; 0x8006ca <si5351+0x13>
     9a2:	50 90 cb 06 	lds	r5, 0x06CB	; 0x8006cb <si5351+0x14>
     9a6:	60 90 cc 06 	lds	r6, 0x06CC	; 0x8006cc <si5351+0x15>
     9aa:	70 90 cd 06 	lds	r7, 0x06CD	; 0x8006cd <si5351+0x16>
     9ae:	4c 82       	std	Y+4, r4	; 0x04
     9b0:	5d 82       	std	Y+5, r5	; 0x05
     9b2:	6e 82       	std	Y+6, r6	; 0x06
     9b4:	7f 82       	std	Y+7, r7	; 0x07
     9b6:	0e 94 95 39 	call	0x732a	; 0x732a <__udivmodsi4>
     9ba:	29 01       	movw	r4, r18
     9bc:	3a 01       	movw	r6, r20
     9be:	91 01       	movw	r18, r2
     9c0:	a0 e1       	ldi	r26, 0x10	; 16
     9c2:	b7 e2       	ldi	r27, 0x27	; 39
     9c4:	0e 94 e4 39 	call	0x73c8	; 0x73c8 <__umulhisi3>
     9c8:	6c 0d       	add	r22, r12
     9ca:	7d 1d       	adc	r23, r13
     9cc:	8e 1d       	adc	r24, r14
     9ce:	9f 1d       	adc	r25, r15
     9d0:	2c 81       	ldd	r18, Y+4	; 0x04
     9d2:	3d 81       	ldd	r19, Y+5	; 0x05
     9d4:	4e 81       	ldd	r20, Y+6	; 0x06
     9d6:	5f 81       	ldd	r21, Y+7	; 0x07
     9d8:	0e 94 95 39 	call	0x732a	; 0x732a <__udivmodsi4>
     9dc:	42 16       	cp	r4, r18
     9de:	53 06       	cpc	r5, r19
     9e0:	64 06       	cpc	r6, r20
     9e2:	75 06       	cpc	r7, r21
     9e4:	19 f0       	breq	.+6      	; 0x9ec <__stack+0xed>
/home/jgalera/develop/arduino/usdx/usdx_plus_orange/src/driver/si5351.cpp:128
    d += 2;
     9e6:	22 e0       	ldi	r18, 0x02	; 2
     9e8:	22 0e       	add	r2, r18
     9ea:	31 1c       	adc	r3, r1
/home/jgalera/develop/arduino/usdx/usdx_plus_orange/src/driver/si5351.cpp:129
  uint32_t fvcoa = d * fout;
     9ec:	d1 01       	movw	r26, r2
     9ee:	a5 01       	movw	r20, r10
     9f0:	94 01       	movw	r18, r8
     9f2:	0e 94 fa 39 	call	0x73f4	; 0x73f4 <__muluhisi3>
     9f6:	2b 01       	movw	r4, r22
     9f8:	3c 01       	movw	r6, r24
/home/jgalera/develop/arduino/usdx/usdx_plus_orange/src/driver/si5351.cpp:130
  ms(MSNA, fvcoa, fxtal);
     9fa:	00 91 ca 06 	lds	r16, 0x06CA	; 0x8006ca <si5351+0x13>
     9fe:	10 91 cb 06 	lds	r17, 0x06CB	; 0x8006cb <si5351+0x14>
     a02:	20 91 cc 06 	lds	r18, 0x06CC	; 0x8006cc <si5351+0x15>
     a06:	30 91 cd 06 	lds	r19, 0x06CD	; 0x8006cd <si5351+0x16>
     a0a:	c1 2c       	mov	r12, r1
     a0c:	f1 2c       	mov	r15, r1
     a0e:	e1 2c       	mov	r14, r1
     a10:	bc 01       	movw	r22, r24
     a12:	a2 01       	movw	r20, r4
     a14:	8e ef       	ldi	r24, 0xFE	; 254
     a16:	0e 94 34 03 	call	0x668	; 0x668 <SI5351::ms(signed char, unsigned long, unsigned long, unsigned char, unsigned char, unsigned int, unsigned char) [clone .constprop.27]>
/home/jgalera/develop/arduino/usdx/usdx_plus_orange/src/driver/si5351.cpp:131
  ms(MS0, fvcoa, fout, PLLA, 0, i, rdiv);
     a1a:	c8 84       	ldd	r12, Y+8	; 0x08
     a1c:	e9 84       	ldd	r14, Y+9	; 0x09
     a1e:	fa 80       	ldd	r15, Y+2	; 0x02
     a20:	95 01       	movw	r18, r10
     a22:	84 01       	movw	r16, r8
     a24:	b3 01       	movw	r22, r6
     a26:	a2 01       	movw	r20, r4
     a28:	80 e0       	ldi	r24, 0x00	; 0
     a2a:	0e 94 34 03 	call	0x668	; 0x668 <SI5351::ms(signed char, unsigned long, unsigned long, unsigned char, unsigned char, unsigned int, unsigned char) [clone .constprop.27]>
/home/jgalera/develop/arduino/usdx/usdx_plus_orange/src/driver/si5351.cpp:132
  ms(MS1, fvcoa, fout, PLLA, 0, q, rdiv);
     a2e:	c8 84       	ldd	r12, Y+8	; 0x08
     a30:	e9 80       	ldd	r14, Y+1	; 0x01
     a32:	fb 80       	ldd	r15, Y+3	; 0x03
     a34:	95 01       	movw	r18, r10
     a36:	b3 01       	movw	r22, r6
     a38:	a2 01       	movw	r20, r4
     a3a:	81 e0       	ldi	r24, 0x01	; 1
     a3c:	0e 94 34 03 	call	0x668	; 0x668 <SI5351::ms(signed char, unsigned long, unsigned long, unsigned char, unsigned char, unsigned int, unsigned char) [clone .constprop.27]>
/home/jgalera/develop/arduino/usdx/usdx_plus_orange/src/driver/si5351.cpp:136
#ifdef F_CLK2
  freqb(F_CLK2);
#else
  ms(MS2, fvcoa, fout, PLLA, 0, 0, rdiv);
     a40:	c8 84       	ldd	r12, Y+8	; 0x08
     a42:	f1 2c       	mov	r15, r1
     a44:	e1 2c       	mov	r14, r1
     a46:	95 01       	movw	r18, r10
     a48:	b3 01       	movw	r22, r6
     a4a:	a2 01       	movw	r20, r4
     a4c:	82 e0       	ldi	r24, 0x02	; 2
     a4e:	0e 94 34 03 	call	0x668	; 0x668 <SI5351::ms(signed char, unsigned long, unsigned long, unsigned char, unsigned char, unsigned int, unsigned char) [clone .constprop.27]>
/home/jgalera/develop/arduino/usdx/usdx_plus_orange/src/driver/si5351.cpp:138
#endif
  if (iqmsa != (((int8_t)i - (int8_t)q) * ((int16_t)(fvcoa / fout)) / 90)) {
     a52:	69 85       	ldd	r22, Y+9	; 0x09
     a54:	06 2e       	mov	r0, r22
     a56:	00 0c       	add	r0, r0
     a58:	77 0b       	sbc	r23, r23
     a5a:	89 81       	ldd	r24, Y+1	; 0x01
     a5c:	68 1b       	sub	r22, r24
     a5e:	71 09       	sbc	r23, r1
     a60:	87 fd       	sbrc	r24, 7
     a62:	73 95       	inc	r23
     a64:	7d 83       	std	Y+5, r23	; 0x05
     a66:	6c 83       	std	Y+4, r22	; 0x04
     a68:	c3 01       	movw	r24, r6
     a6a:	b2 01       	movw	r22, r4
     a6c:	a5 01       	movw	r20, r10
     a6e:	94 01       	movw	r18, r8
     a70:	0e 94 95 39 	call	0x732a	; 0x732a <__udivmodsi4>
     a74:	ac 81       	ldd	r26, Y+4	; 0x04
     a76:	bd 81       	ldd	r27, Y+5	; 0x05
     a78:	a2 9f       	mul	r26, r18
     a7a:	c0 01       	movw	r24, r0
     a7c:	a3 9f       	mul	r26, r19
     a7e:	90 0d       	add	r25, r0
     a80:	b2 9f       	mul	r27, r18
     a82:	90 0d       	add	r25, r0
     a84:	11 24       	eor	r1, r1
     a86:	6a e5       	ldi	r22, 0x5A	; 90
     a88:	70 e0       	ldi	r23, 0x00	; 0
     a8a:	0e 94 81 39 	call	0x7302	; 0x7302 <__divmodhi4>
     a8e:	80 91 ce 06 	lds	r24, 0x06CE	; 0x8006ce <si5351+0x17>
     a92:	90 91 cf 06 	lds	r25, 0x06CF	; 0x8006cf <si5351+0x18>
     a96:	86 17       	cp	r24, r22
     a98:	97 07       	cpc	r25, r23
     a9a:	41 f0       	breq	.+16     	; 0xaac <__stack+0x1ad>
/home/jgalera/develop/arduino/usdx/usdx_plus_orange/src/driver/si5351.cpp:139
    iqmsa = ((int8_t)i - (int8_t)q) * ((int16_t)(fvcoa / fout)) / 90;
     a9c:	70 93 cf 06 	sts	0x06CF, r23	; 0x8006cf <si5351+0x18>
     aa0:	60 93 ce 06 	sts	0x06CE, r22	; 0x8006ce <si5351+0x17>
reset():
/home/jgalera/develop/arduino/usdx/usdx_plus_orange/src/driver/si5351.cpp:101
void SI5351::phase(int8_t n, uint32_t div_nom, uint32_t div_denom,
                   uint16_t phase) {
  SendRegister(n + 165, phase * (div_nom / div_denom) / 90);
}

void SI5351::reset() { SendRegister(177, 0xA0); }
     aa4:	60 ea       	ldi	r22, 0xA0	; 160
     aa6:	81 eb       	ldi	r24, 0xB1	; 177
     aa8:	0e 94 24 03 	call	0x648	; 0x648 <SI5351::SendRegister(unsigned char, unsigned char) [clone .constprop.30]>
oe():
/home/jgalera/develop/arduino/usdx/usdx_plus_orange/src/driver/si5351.cpp:103

void SI5351::oe(uint8_t mask) { SendRegister(3, ~mask); }
     aac:	6c ef       	ldi	r22, 0xFC	; 252
     aae:	83 e0       	ldi	r24, 0x03	; 3
     ab0:	0e 94 24 03 	call	0x648	; 0x648 <SI5351::SendRegister(unsigned char, unsigned char) [clone .constprop.30]>
_ZN6SI53514freqEljj.constprop.26():
/home/jgalera/develop/arduino/usdx/usdx_plus_orange/src/driver/si5351.cpp:144
    iqmsa = ((int8_t)i - (int8_t)q) * ((int16_t)(fvcoa / fout)) / 90;
    reset();
  }
  oe(0b00000011);

  _fout = fout;
     ab4:	80 92 b7 06 	sts	0x06B7, r8	; 0x8006b7 <si5351>
     ab8:	90 92 b8 06 	sts	0x06B8, r9	; 0x8006b8 <si5351+0x1>
     abc:	a0 92 b9 06 	sts	0x06B9, r10	; 0x8006b9 <si5351+0x2>
     ac0:	b0 92 ba 06 	sts	0x06BA, r11	; 0x8006ba <si5351+0x3>
/home/jgalera/develop/arduino/usdx/usdx_plus_orange/src/driver/si5351.cpp:145
  _div = d;
     ac4:	20 92 bb 06 	sts	0x06BB, r2	; 0x8006bb <si5351+0x4>
/home/jgalera/develop/arduino/usdx/usdx_plus_orange/src/driver/si5351.cpp:146
  _msa128min512 = fvcoa / fxtal * 128 - 512;
     ac8:	20 91 ca 06 	lds	r18, 0x06CA	; 0x8006ca <si5351+0x13>
     acc:	30 91 cb 06 	lds	r19, 0x06CB	; 0x8006cb <si5351+0x14>
     ad0:	40 91 cc 06 	lds	r20, 0x06CC	; 0x8006cc <si5351+0x15>
     ad4:	50 91 cd 06 	lds	r21, 0x06CD	; 0x8006cd <si5351+0x16>
     ad8:	c3 01       	movw	r24, r6
     ada:	b2 01       	movw	r22, r4
     adc:	0e 94 95 39 	call	0x732a	; 0x732a <__udivmodsi4>
     ae0:	24 50       	subi	r18, 0x04	; 4
     ae2:	31 09       	sbc	r19, r1
     ae4:	41 09       	sbc	r20, r1
     ae6:	5e 4f       	sbci	r21, 0xFE	; 254
     ae8:	36 95       	lsr	r19
     aea:	32 2f       	mov	r19, r18
     aec:	22 27       	eor	r18, r18
     aee:	37 95       	ror	r19
     af0:	27 95       	ror	r18
     af2:	30 93 bd 06 	sts	0x06BD, r19	; 0x8006bd <si5351+0x6>
     af6:	20 93 bc 06 	sts	0x06BC, r18	; 0x8006bc <si5351+0x5>
/home/jgalera/develop/arduino/usdx/usdx_plus_orange/src/driver/si5351.cpp:147
  _msb128 = ((uint64_t)(fvcoa % fxtal) * _MSC * 128) / fxtal;
     afa:	20 91 ca 06 	lds	r18, 0x06CA	; 0x8006ca <si5351+0x13>
     afe:	30 91 cb 06 	lds	r19, 0x06CB	; 0x8006cb <si5351+0x14>
     b02:	40 91 cc 06 	lds	r20, 0x06CC	; 0x8006cc <si5351+0x15>
     b06:	50 91 cd 06 	lds	r21, 0x06CD	; 0x8006cd <si5351+0x16>
     b0a:	c0 90 ca 06 	lds	r12, 0x06CA	; 0x8006ca <si5351+0x13>
     b0e:	d0 90 cb 06 	lds	r13, 0x06CB	; 0x8006cb <si5351+0x14>
     b12:	e0 90 cc 06 	lds	r14, 0x06CC	; 0x8006cc <si5351+0x15>
     b16:	f0 90 cd 06 	lds	r15, 0x06CD	; 0x8006cd <si5351+0x16>
     b1a:	c3 01       	movw	r24, r6
     b1c:	b2 01       	movw	r22, r4
     b1e:	0e 94 95 39 	call	0x732a	; 0x732a <__udivmodsi4>
     b22:	2b 01       	movw	r4, r22
     b24:	3c 01       	movw	r6, r24
     b26:	81 2c       	mov	r8, r1
     b28:	91 2c       	mov	r9, r1
     b2a:	54 01       	movw	r10, r8
     b2c:	69 87       	std	Y+9, r22	; 0x09
     b2e:	5a 86       	std	Y+10, r5	; 0x0a
     b30:	8b 87       	std	Y+11, r24	; 0x0b
     b32:	7c 86       	std	Y+12, r7	; 0x0c
     b34:	8d 86       	std	Y+13, r8	; 0x0d
     b36:	9e 86       	std	Y+14, r9	; 0x0e
     b38:	af 86       	std	Y+15, r10	; 0x0f
     b3a:	b8 8a       	std	Y+16, r11	; 0x10
     b3c:	9b 01       	movw	r18, r22
     b3e:	ac 01       	movw	r20, r24
     b40:	60 e0       	ldi	r22, 0x00	; 0
     b42:	70 e0       	ldi	r23, 0x00	; 0
     b44:	80 e0       	ldi	r24, 0x00	; 0
     b46:	90 e0       	ldi	r25, 0x00	; 0
     b48:	07 e1       	ldi	r16, 0x17	; 23
     b4a:	0e 94 ad 3a 	call	0x755a	; 0x755a <__ashldi3>
     b4e:	2a 83       	std	Y+2, r18	; 0x02
     b50:	39 83       	std	Y+1, r19	; 0x01
     b52:	56 01       	movw	r10, r12
     b54:	67 01       	movw	r12, r14
     b56:	e1 2c       	mov	r14, r1
     b58:	f1 2c       	mov	r15, r1
     b5a:	00 e0       	ldi	r16, 0x00	; 0
     b5c:	10 e0       	ldi	r17, 0x00	; 0
     b5e:	2a 81       	ldd	r18, Y+2	; 0x02
     b60:	39 81       	ldd	r19, Y+1	; 0x01
     b62:	0e 94 40 3a 	call	0x7480	; 0x7480 <__udivdi3>
     b66:	c9 01       	movw	r24, r18
     b68:	da 01       	movw	r26, r20
     b6a:	80 93 be 06 	sts	0x06BE, r24	; 0x8006be <si5351+0x7>
     b6e:	90 93 bf 06 	sts	0x06BF, r25	; 0x8006bf <si5351+0x8>
     b72:	a0 93 c0 06 	sts	0x06C0, r26	; 0x8006c0 <si5351+0x9>
     b76:	b0 93 c1 06 	sts	0x06C1, r27	; 0x8006c1 <si5351+0xa>
/home/jgalera/develop/arduino/usdx/usdx_plus_orange/src/driver/si5351.cpp:148
}
     b7a:	60 96       	adiw	r28, 0x10	; 16
     b7c:	0f b6       	in	r0, 0x3f	; 63
     b7e:	f8 94       	cli
     b80:	de bf       	out	0x3e, r29	; 62
     b82:	0f be       	out	0x3f, r0	; 63
     b84:	cd bf       	out	0x3d, r28	; 61
     b86:	df 91       	pop	r29
     b88:	cf 91       	pop	r28
     b8a:	1f 91       	pop	r17
     b8c:	0f 91       	pop	r16
     b8e:	ff 90       	pop	r15
     b90:	ef 90       	pop	r14
     b92:	df 90       	pop	r13
     b94:	cf 90       	pop	r12
     b96:	bf 90       	pop	r11
     b98:	af 90       	pop	r10
     b9a:	9f 90       	pop	r9
     b9c:	8f 90       	pop	r8
     b9e:	7f 90       	pop	r7
     ba0:	6f 90       	pop	r6
     ba2:	5f 90       	pop	r5
     ba4:	4f 90       	pop	r4
     ba6:	3f 90       	pop	r3
     ba8:	2f 90       	pop	r2
     baa:	08 95       	ret
/home/jgalera/develop/arduino/usdx/usdx_plus_orange/src/driver/si5351.cpp:122
  if (fout < 30000000)
    d = (16 * fxtal) / fout;
  else
    d = (32 * fxtal) / fout;
  if (fout < 3500000)
    d = (7 * fxtal) / fout;
     bac:	20 91 ca 06 	lds	r18, 0x06CA	; 0x8006ca <si5351+0x13>
     bb0:	30 91 cb 06 	lds	r19, 0x06CB	; 0x8006cb <si5351+0x14>
     bb4:	40 91 cc 06 	lds	r20, 0x06CC	; 0x8006cc <si5351+0x15>
     bb8:	50 91 cd 06 	lds	r21, 0x06CD	; 0x8006cd <si5351+0x16>
     bbc:	a7 e0       	ldi	r26, 0x07	; 7
     bbe:	b0 e0       	ldi	r27, 0x00	; 0
     bc0:	0e 94 fa 39 	call	0x73f4	; 0x73f4 <__muluhisi3>
/home/jgalera/develop/arduino/usdx/usdx_plus_orange/src/driver/si5351.cpp:118
    rdiv = 7;
    fout *= 128;
  }
  uint16_t d;
  if (fout < 30000000)
    d = (16 * fxtal) / fout;
     bc4:	a5 01       	movw	r20, r10
     bc6:	94 01       	movw	r18, r8
     bc8:	0e 94 95 39 	call	0x732a	; 0x732a <__udivmodsi4>
     bcc:	19 01       	movw	r2, r18
     bce:	cf ce       	rjmp	.-610    	; 0x96e <__stack+0x6f>
/home/jgalera/develop/arduino/usdx/usdx_plus_orange/src/driver/si5351.cpp:124
  else
    d = (32 * fxtal) / fout;
  if (fout < 3500000)
    d = (7 * fxtal) / fout;
  if (fout > 140000000)
    d = 4;
     bd0:	94 e0       	ldi	r25, 0x04	; 4
     bd2:	29 2e       	mov	r2, r25
     bd4:	31 2c       	mov	r3, r1
     bd6:	cb ce       	rjmp	.-618    	; 0x96e <__stack+0x6f>

00000bd8 <SI5351::powerDown() [clone .constprop.23]>:
_ZN6SI53519powerDownEv.constprop.23():
/home/jgalera/develop/arduino/usdx/usdx_plus_orange/src/driver/si5351.cpp:172
  uint8_t data = i2c.RecvByte(true);
  i2c.stop();
  return data;
}

void SI5351::powerDown() {
     bd8:	cf 93       	push	r28
/home/jgalera/develop/arduino/usdx/usdx_plus_orange/src/driver/si5351.cpp:173
  SendRegister(3, 0b11111111);
     bda:	6f ef       	ldi	r22, 0xFF	; 255
     bdc:	83 e0       	ldi	r24, 0x03	; 3
     bde:	0e 94 24 03 	call	0x648	; 0x648 <SI5351::SendRegister(unsigned char, unsigned char) [clone .constprop.30]>
/home/jgalera/develop/arduino/usdx/usdx_plus_orange/src/driver/si5351.cpp:174
  SendRegister(24, 0b00010000);
     be2:	60 e1       	ldi	r22, 0x10	; 16
     be4:	88 e1       	ldi	r24, 0x18	; 24
     be6:	0e 94 24 03 	call	0x648	; 0x648 <SI5351::SendRegister(unsigned char, unsigned char) [clone .constprop.30]>
/home/jgalera/develop/arduino/usdx/usdx_plus_orange/src/driver/si5351.cpp:175
  SendRegister(25, 0b00000000);
     bea:	60 e0       	ldi	r22, 0x00	; 0
     bec:	89 e1       	ldi	r24, 0x19	; 25
     bee:	0e 94 24 03 	call	0x648	; 0x648 <SI5351::SendRegister(unsigned char, unsigned char) [clone .constprop.30]>
     bf2:	c0 e1       	ldi	r28, 0x10	; 16
/home/jgalera/develop/arduino/usdx/usdx_plus_orange/src/driver/si5351.cpp:177
  for (int addr = 16; addr != 24; addr++)
    SendRegister(addr, 0b10000000);
     bf4:	60 e8       	ldi	r22, 0x80	; 128
     bf6:	8c 2f       	mov	r24, r28
     bf8:	0e 94 24 03 	call	0x648	; 0x648 <SI5351::SendRegister(unsigned char, unsigned char) [clone .constprop.30]>
     bfc:	cf 5f       	subi	r28, 0xFF	; 255
/home/jgalera/develop/arduino/usdx/usdx_plus_orange/src/driver/si5351.cpp:176

void SI5351::powerDown() {
  SendRegister(3, 0b11111111);
  SendRegister(24, 0b00010000);
  SendRegister(25, 0b00000000);
  for (int addr = 16; addr != 24; addr++)
     bfe:	c8 31       	cpi	r28, 0x18	; 24
     c00:	c9 f7       	brne	.-14     	; 0xbf4 <SI5351::powerDown() [clone .constprop.23]+0x1c>
/home/jgalera/develop/arduino/usdx/usdx_plus_orange/src/driver/si5351.cpp:178
    SendRegister(addr, 0b10000000);
  SendRegister(187, 0);
     c02:	60 e0       	ldi	r22, 0x00	; 0
     c04:	8b eb       	ldi	r24, 0xBB	; 187
     c06:	0e 94 24 03 	call	0x648	; 0x648 <SI5351::SendRegister(unsigned char, unsigned char) [clone .constprop.30]>
/home/jgalera/develop/arduino/usdx/usdx_plus_orange/src/driver/si5351.cpp:179
  SendRegister(149, 0);
     c0a:	60 e0       	ldi	r22, 0x00	; 0
     c0c:	85 e9       	ldi	r24, 0x95	; 149
     c0e:	0e 94 24 03 	call	0x648	; 0x648 <SI5351::SendRegister(unsigned char, unsigned char) [clone .constprop.30]>
/home/jgalera/develop/arduino/usdx/usdx_plus_orange/src/driver/si5351.cpp:180
  SendRegister(183, 0b11010010);
     c12:	62 ed       	ldi	r22, 0xD2	; 210
     c14:	87 eb       	ldi	r24, 0xB7	; 183
/home/jgalera/develop/arduino/usdx/usdx_plus_orange/src/driver/si5351.cpp:181
}
     c16:	cf 91       	pop	r28
/home/jgalera/develop/arduino/usdx/usdx_plus_orange/src/driver/si5351.cpp:180
  SendRegister(25, 0b00000000);
  for (int addr = 16; addr != 24; addr++)
    SendRegister(addr, 0b10000000);
  SendRegister(187, 0);
  SendRegister(149, 0);
  SendRegister(183, 0b11010010);
     c18:	0c 94 24 03 	jmp	0x648	; 0x648 <SI5351::SendRegister(unsigned char, unsigned char) [clone .constprop.30]>

00000c1c <printsym(bool) [clone .constprop.22]>:
_Z8printsymb.constprop.22():
/home/jgalera/develop/arduino/usdx/usdx_plus_orange/src/dsp/dsp.cpp:519
volatile uint32_t _amp32 = 0;
char out[] = "                ";
volatile uint8_t cw_event = false;

void printsym(bool submit = true) {
  if (sym < 128) {
     c1c:	e0 91 12 06 	lds	r30, 0x0612	; 0x800612 <sym>
     c20:	e7 fd       	sbrc	r30, 7
     c22:	16 c0       	rjmp	.+44     	; 0xc50 <printsym(bool) [clone .constprop.22]+0x34>
/home/jgalera/develop/arduino/usdx/usdx_plus_orange/src/dsp/dsp.cpp:520
    char ch = pgm_read_byte_near(m2c + sym);
     c24:	f0 e0       	ldi	r31, 0x00	; 0
     c26:	e9 58       	subi	r30, 0x89	; 137
     c28:	fd 4f       	sbci	r31, 0xFD	; 253
     c2a:	e4 91       	lpm	r30, Z
/home/jgalera/develop/arduino/usdx/usdx_plus_orange/src/dsp/dsp.cpp:521
    if (ch != '*') {
     c2c:	ea 32       	cpi	r30, 0x2A	; 42
     c2e:	81 f0       	breq	.+32     	; 0xc50 <printsym(bool) [clone .constprop.22]+0x34>
/home/jgalera/develop/arduino/usdx/usdx_plus_orange/src/dsp/dsp.cpp:523
#ifdef CW_INTERMEDIATE
      out[15] = ch;
     c30:	e0 93 dc 01 	sts	0x01DC, r30	; 0x8001dc <out+0xf>
/home/jgalera/develop/arduino/usdx/usdx_plus_orange/src/dsp/dsp.cpp:524
      cw_event = true;
     c34:	81 e0       	ldi	r24, 0x01	; 1
     c36:	80 93 11 06 	sts	0x0611, r24	; 0x800611 <cw_event>
     c3a:	ed ec       	ldi	r30, 0xCD	; 205
     c3c:	f1 e0       	ldi	r31, 0x01	; 1
/home/jgalera/develop/arduino/usdx/usdx_plus_orange/src/dsp/dsp.cpp:527
      if (submit) {
        for (int i = 0; i != 15; i++) {
          out[i] = out[i + 1];
     c3e:	81 81       	ldd	r24, Z+1	; 0x01
     c40:	81 93       	st	Z+, r24
/home/jgalera/develop/arduino/usdx/usdx_plus_orange/src/dsp/dsp.cpp:526
    if (ch != '*') {
#ifdef CW_INTERMEDIATE
      out[15] = ch;
      cw_event = true;
      if (submit) {
        for (int i = 0; i != 15; i++) {
     c42:	81 e0       	ldi	r24, 0x01	; 1
     c44:	ec 3d       	cpi	r30, 0xDC	; 220
     c46:	f8 07       	cpc	r31, r24
     c48:	d1 f7       	brne	.-12     	; 0xc3e <printsym(bool) [clone .constprop.22]+0x22>
/home/jgalera/develop/arduino/usdx/usdx_plus_orange/src/dsp/dsp.cpp:529
          out[i] = out[i + 1];
        }
        out[15] = ' ';
     c4a:	80 e2       	ldi	r24, 0x20	; 32
     c4c:	80 93 dc 01 	sts	0x01DC, r24	; 0x8001dc <out+0xf>
/home/jgalera/develop/arduino/usdx/usdx_plus_orange/src/dsp/dsp.cpp:541
      cw_event = true; // update LCD
#endif
    }
  }
  if (submit)
    sym = 1;
     c50:	81 e0       	ldi	r24, 0x01	; 1
     c52:	80 93 12 06 	sts	0x0612, r24	; 0x800612 <sym>
/home/jgalera/develop/arduino/usdx/usdx_plus_orange/src/dsp/dsp.cpp:542
}
     c56:	08 95       	ret

00000c58 <turnOffPWM>:
turnOffPWM():
/home/jgalera/.arduino15/packages/MiniCore/hardware/avr/3.1.1/cores/MCUdude_corefiles/wiring_digital.c:77
//
//static inline void turnOffPWM(uint8_t timer) __attribute__ ((always_inline));
//static inline void turnOffPWM(uint8_t timer)
static void turnOffPWM(uint8_t timer)
{
  switch (timer)
     c58:	84 30       	cpi	r24, 0x04	; 4
     c5a:	81 f0       	breq	.+32     	; 0xc7c <turnOffPWM+0x24>
     c5c:	28 f4       	brcc	.+10     	; 0xc68 <turnOffPWM+0x10>
     c5e:	82 30       	cpi	r24, 0x02	; 2
     c60:	e9 f0       	breq	.+58     	; 0xc9c <turnOffPWM+0x44>
     c62:	83 30       	cpi	r24, 0x03	; 3
     c64:	f9 f0       	breq	.+62     	; 0xca4 <turnOffPWM+0x4c>
     c66:	08 95       	ret
     c68:	88 30       	cpi	r24, 0x08	; 8
     c6a:	71 f0       	breq	.+28     	; 0xc88 <turnOffPWM+0x30>
     c6c:	89 30       	cpi	r24, 0x09	; 9
     c6e:	91 f0       	breq	.+36     	; 0xc94 <turnOffPWM+0x3c>
     c70:	85 30       	cpi	r24, 0x05	; 5
     c72:	b9 f4       	brne	.+46     	; 0xca2 <turnOffPWM+0x4a>
/home/jgalera/.arduino15/packages/MiniCore/hardware/avr/3.1.1/cores/MCUdude_corefiles/wiring_digital.c:87
        TCCR1A &= ~_BV(COM1A1);
        break;
    #endif
    #if defined(TCCR1A) && defined(COM1B1)
      case TIMER1B:
        TCCR1A &= ~_BV(COM1B1);
     c74:	80 91 80 00 	lds	r24, 0x0080	; 0x800080 <__DATA_REGION_ORIGIN__+0x20>
     c78:	8f 7d       	andi	r24, 0xDF	; 223
     c7a:	03 c0       	rjmp	.+6      	; 0xc82 <turnOffPWM+0x2a>
/home/jgalera/.arduino15/packages/MiniCore/hardware/avr/3.1.1/cores/MCUdude_corefiles/wiring_digital.c:82
  switch (timer)
  {
    // Timer1
    #if defined(TCCR1A) && defined(COM1A1)
      case TIMER1A:
        TCCR1A &= ~_BV(COM1A1);
     c7c:	80 91 80 00 	lds	r24, 0x0080	; 0x800080 <__DATA_REGION_ORIGIN__+0x20>
     c80:	8f 77       	andi	r24, 0x7F	; 127
/home/jgalera/.arduino15/packages/MiniCore/hardware/avr/3.1.1/cores/MCUdude_corefiles/wiring_digital.c:87
        break;
    #endif
    #if defined(TCCR1A) && defined(COM1B1)
      case TIMER1B:
        TCCR1A &= ~_BV(COM1B1);
     c82:	80 93 80 00 	sts	0x0080, r24	; 0x800080 <__DATA_REGION_ORIGIN__+0x20>
     c86:	08 95       	ret
/home/jgalera/.arduino15/packages/MiniCore/hardware/avr/3.1.1/cores/MCUdude_corefiles/wiring_digital.c:104
        TCCR2 &= ~_BV(COM21);
        break;
    #endif
    #if defined(TCCR2A) && defined(COM2A1)
      case TIMER2A:
        TCCR2A &= ~_BV(COM2A1);
     c88:	80 91 b0 00 	lds	r24, 0x00B0	; 0x8000b0 <__DATA_REGION_ORIGIN__+0x50>
     c8c:	8f 77       	andi	r24, 0x7F	; 127
/home/jgalera/.arduino15/packages/MiniCore/hardware/avr/3.1.1/cores/MCUdude_corefiles/wiring_digital.c:109
        break;
    #endif
    #if defined(TCCR2A) && defined(COM2B1)
      case TIMER2B:
        TCCR2A &= ~_BV(COM2B1);
     c8e:	80 93 b0 00 	sts	0x00B0, r24	; 0x8000b0 <__DATA_REGION_ORIGIN__+0x50>
     c92:	08 95       	ret
     c94:	80 91 b0 00 	lds	r24, 0x00B0	; 0x8000b0 <__DATA_REGION_ORIGIN__+0x50>
     c98:	8f 7d       	andi	r24, 0xDF	; 223
     c9a:	f9 cf       	rjmp	.-14     	; 0xc8e <turnOffPWM+0x36>
/home/jgalera/.arduino15/packages/MiniCore/hardware/avr/3.1.1/cores/MCUdude_corefiles/wiring_digital.c:176
        TCCR0 &= ~_BV(COM01);
        break;
    #endif
    #if defined(TCCR0A) && defined(COM0A1)
      case TIMER0A:
        TCCR0A &= ~_BV(COM0A1);
     c9c:	84 b5       	in	r24, 0x24	; 36
     c9e:	8f 77       	andi	r24, 0x7F	; 127
/home/jgalera/.arduino15/packages/MiniCore/hardware/avr/3.1.1/cores/MCUdude_corefiles/wiring_digital.c:181
        break;
    #endif
    #if defined(TCCR0A) && defined(COM0B1)
      case TIMER0B:
        TCCR0A &= ~_BV(COM0B1);
     ca0:	84 bd       	out	0x24, r24	; 36
/home/jgalera/.arduino15/packages/MiniCore/hardware/avr/3.1.1/cores/MCUdude_corefiles/wiring_digital.c:185
        break;
    #endif
  }
}
     ca2:	08 95       	ret
/home/jgalera/.arduino15/packages/MiniCore/hardware/avr/3.1.1/cores/MCUdude_corefiles/wiring_digital.c:181
        TCCR0A &= ~_BV(COM0A1);
        break;
    #endif
    #if defined(TCCR0A) && defined(COM0B1)
      case TIMER0B:
        TCCR0A &= ~_BV(COM0B1);
     ca4:	84 b5       	in	r24, 0x24	; 36
     ca6:	8f 7d       	andi	r24, 0xDF	; 223
     ca8:	fb cf       	rjmp	.-10     	; 0xca0 <turnOffPWM+0x48>

00000caa <digitalRead>:
digitalRead():
/home/jgalera/.arduino15/packages/MiniCore/hardware/avr/3.1.1/cores/MCUdude_corefiles/wiring_digital.c:215

  SREG = oldSREG;
}

int digitalRead(uint8_t pin)
{
     caa:	cf 93       	push	r28
     cac:	df 93       	push	r29
/home/jgalera/.arduino15/packages/MiniCore/hardware/avr/3.1.1/cores/MCUdude_corefiles/wiring_digital.c:216
  uint8_t timer = digitalPinToTimer(pin);
     cae:	28 2f       	mov	r18, r24
     cb0:	30 e0       	ldi	r19, 0x00	; 0
     cb2:	f9 01       	movw	r30, r18
     cb4:	e0 5a       	subi	r30, 0xA0	; 160
     cb6:	fd 4f       	sbci	r31, 0xFD	; 253
     cb8:	84 91       	lpm	r24, Z
/home/jgalera/.arduino15/packages/MiniCore/hardware/avr/3.1.1/cores/MCUdude_corefiles/wiring_digital.c:217
  uint8_t bit = digitalPinToBitMask(pin);
     cba:	f9 01       	movw	r30, r18
     cbc:	e7 5b       	subi	r30, 0xB7	; 183
     cbe:	fd 4f       	sbci	r31, 0xFD	; 253
     cc0:	d4 91       	lpm	r29, Z
/home/jgalera/.arduino15/packages/MiniCore/hardware/avr/3.1.1/cores/MCUdude_corefiles/wiring_digital.c:218
  uint8_t port = digitalPinToPort(pin);
     cc2:	f9 01       	movw	r30, r18
     cc4:	ee 5c       	subi	r30, 0xCE	; 206
     cc6:	fd 4f       	sbci	r31, 0xFD	; 253
     cc8:	c4 91       	lpm	r28, Z
/home/jgalera/.arduino15/packages/MiniCore/hardware/avr/3.1.1/cores/MCUdude_corefiles/wiring_digital.c:220

  if (port == NOT_A_PIN) return LOW;
     cca:	cc 23       	and	r28, r28
     ccc:	a1 f0       	breq	.+40     	; 0xcf6 <digitalRead+0x4c>
/home/jgalera/.arduino15/packages/MiniCore/hardware/avr/3.1.1/cores/MCUdude_corefiles/wiring_digital.c:224

  // If the pin that support PWM output, we need to turn it off
  // before getting a digital reading.
  if (timer != NOT_ON_TIMER) turnOffPWM(timer);
     cce:	81 11       	cpse	r24, r1
     cd0:	0e 94 2c 06 	call	0xc58	; 0xc58 <turnOffPWM>
/home/jgalera/.arduino15/packages/MiniCore/hardware/avr/3.1.1/cores/MCUdude_corefiles/wiring_digital.c:226

  if (*portInputRegister(port) & bit) return HIGH;
     cd4:	ec 2f       	mov	r30, r28
     cd6:	f0 e0       	ldi	r31, 0x00	; 0
     cd8:	ee 0f       	add	r30, r30
     cda:	ff 1f       	adc	r31, r31
     cdc:	e8 5d       	subi	r30, 0xD8	; 216
     cde:	fd 4f       	sbci	r31, 0xFD	; 253
     ce0:	a5 91       	lpm	r26, Z+
     ce2:	b4 91       	lpm	r27, Z
     ce4:	ec 91       	ld	r30, X
     ce6:	ed 23       	and	r30, r29
     ce8:	81 e0       	ldi	r24, 0x01	; 1
     cea:	90 e0       	ldi	r25, 0x00	; 0
     cec:	09 f4       	brne	.+2      	; 0xcf0 <digitalRead+0x46>
     cee:	80 e0       	ldi	r24, 0x00	; 0
/home/jgalera/.arduino15/packages/MiniCore/hardware/avr/3.1.1/cores/MCUdude_corefiles/wiring_digital.c:228
  return LOW;
}
     cf0:	df 91       	pop	r29
     cf2:	cf 91       	pop	r28
     cf4:	08 95       	ret
/home/jgalera/.arduino15/packages/MiniCore/hardware/avr/3.1.1/cores/MCUdude_corefiles/wiring_digital.c:220
{
  uint8_t timer = digitalPinToTimer(pin);
  uint8_t bit = digitalPinToBitMask(pin);
  uint8_t port = digitalPinToPort(pin);

  if (port == NOT_A_PIN) return LOW;
     cf6:	80 e0       	ldi	r24, 0x00	; 0
     cf8:	90 e0       	ldi	r25, 0x00	; 0
     cfa:	fa cf       	rjmp	.-12     	; 0xcf0 <digitalRead+0x46>

00000cfc <digitalWrite>:
digitalWrite():
/home/jgalera/.arduino15/packages/MiniCore/hardware/avr/3.1.1/cores/MCUdude_corefiles/wiring_digital.c:188
    #endif
  }
}

void digitalWrite(uint8_t pin, uint8_t val)
{
     cfc:	1f 93       	push	r17
     cfe:	cf 93       	push	r28
     d00:	df 93       	push	r29
/home/jgalera/.arduino15/packages/MiniCore/hardware/avr/3.1.1/cores/MCUdude_corefiles/wiring_digital.c:189
  uint8_t timer = digitalPinToTimer(pin);
     d02:	28 2f       	mov	r18, r24
     d04:	30 e0       	ldi	r19, 0x00	; 0
     d06:	f9 01       	movw	r30, r18
     d08:	e0 5a       	subi	r30, 0xA0	; 160
     d0a:	fd 4f       	sbci	r31, 0xFD	; 253
     d0c:	84 91       	lpm	r24, Z
/home/jgalera/.arduino15/packages/MiniCore/hardware/avr/3.1.1/cores/MCUdude_corefiles/wiring_digital.c:190
  uint8_t bit = digitalPinToBitMask(pin);
     d0e:	f9 01       	movw	r30, r18
     d10:	e7 5b       	subi	r30, 0xB7	; 183
     d12:	fd 4f       	sbci	r31, 0xFD	; 253
     d14:	d4 91       	lpm	r29, Z
/home/jgalera/.arduino15/packages/MiniCore/hardware/avr/3.1.1/cores/MCUdude_corefiles/wiring_digital.c:191
  uint8_t port = digitalPinToPort(pin);
     d16:	f9 01       	movw	r30, r18
     d18:	ee 5c       	subi	r30, 0xCE	; 206
     d1a:	fd 4f       	sbci	r31, 0xFD	; 253
     d1c:	c4 91       	lpm	r28, Z
/home/jgalera/.arduino15/packages/MiniCore/hardware/avr/3.1.1/cores/MCUdude_corefiles/wiring_digital.c:194
  volatile uint8_t *out;

  if (port == NOT_A_PIN) return;
     d1e:	cc 23       	and	r28, r28
     d20:	a9 f0       	breq	.+42     	; 0xd4c <digitalWrite+0x50>
     d22:	16 2f       	mov	r17, r22
/home/jgalera/.arduino15/packages/MiniCore/hardware/avr/3.1.1/cores/MCUdude_corefiles/wiring_digital.c:198

  // If the pin that support PWM output, we need to turn it off
  // before doing a digital write.
  if (timer != NOT_ON_TIMER) turnOffPWM(timer);
     d24:	81 11       	cpse	r24, r1
     d26:	0e 94 2c 06 	call	0xc58	; 0xc58 <turnOffPWM>
/home/jgalera/.arduino15/packages/MiniCore/hardware/avr/3.1.1/cores/MCUdude_corefiles/wiring_digital.c:200

  out = portOutputRegister(port);
     d2a:	ec 2f       	mov	r30, r28
     d2c:	f0 e0       	ldi	r31, 0x00	; 0
     d2e:	ee 0f       	add	r30, r30
     d30:	ff 1f       	adc	r31, r31
     d32:	e2 5e       	subi	r30, 0xE2	; 226
     d34:	fd 4f       	sbci	r31, 0xFD	; 253
     d36:	a5 91       	lpm	r26, Z+
     d38:	b4 91       	lpm	r27, Z
/home/jgalera/.arduino15/packages/MiniCore/hardware/avr/3.1.1/cores/MCUdude_corefiles/wiring_digital.c:202

  uint8_t oldSREG = SREG;
     d3a:	8f b7       	in	r24, 0x3f	; 63
/home/jgalera/.arduino15/packages/MiniCore/hardware/avr/3.1.1/cores/MCUdude_corefiles/wiring_digital.c:203
  cli();
     d3c:	f8 94       	cli
/home/jgalera/.arduino15/packages/MiniCore/hardware/avr/3.1.1/cores/MCUdude_corefiles/wiring_digital.c:206

  if (val == LOW) {
    *out &= ~bit;
     d3e:	ec 91       	ld	r30, X
/home/jgalera/.arduino15/packages/MiniCore/hardware/avr/3.1.1/cores/MCUdude_corefiles/wiring_digital.c:205
  out = portOutputRegister(port);

  uint8_t oldSREG = SREG;
  cli();

  if (val == LOW) {
     d40:	11 11       	cpse	r17, r1
     d42:	08 c0       	rjmp	.+16     	; 0xd54 <digitalWrite+0x58>
/home/jgalera/.arduino15/packages/MiniCore/hardware/avr/3.1.1/cores/MCUdude_corefiles/wiring_digital.c:206
    *out &= ~bit;
     d44:	d0 95       	com	r29
     d46:	de 23       	and	r29, r30
/home/jgalera/.arduino15/packages/MiniCore/hardware/avr/3.1.1/cores/MCUdude_corefiles/wiring_digital.c:208
  } else {
    *out |= bit;
     d48:	dc 93       	st	X, r29
/home/jgalera/.arduino15/packages/MiniCore/hardware/avr/3.1.1/cores/MCUdude_corefiles/wiring_digital.c:211
  }

  SREG = oldSREG;
     d4a:	8f bf       	out	0x3f, r24	; 63
/home/jgalera/.arduino15/packages/MiniCore/hardware/avr/3.1.1/cores/MCUdude_corefiles/wiring_digital.c:212
}
     d4c:	df 91       	pop	r29
     d4e:	cf 91       	pop	r28
     d50:	1f 91       	pop	r17
     d52:	08 95       	ret
/home/jgalera/.arduino15/packages/MiniCore/hardware/avr/3.1.1/cores/MCUdude_corefiles/wiring_digital.c:208
  cli();

  if (val == LOW) {
    *out &= ~bit;
  } else {
    *out |= bit;
     d54:	de 2b       	or	r29, r30
     d56:	f8 cf       	rjmp	.-16     	; 0xd48 <digitalWrite+0x4c>

00000d58 <pinMode>:
pinMode():
/home/jgalera/.arduino15/packages/MiniCore/hardware/avr/3.1.1/cores/MCUdude_corefiles/wiring_digital.c:30
#define ARDUINO_MAIN
#include "wiring_private.h"
#include "pins_arduino.h"

void pinMode(uint8_t pin, uint8_t mode)
{
     d58:	cf 93       	push	r28
     d5a:	df 93       	push	r29
/home/jgalera/.arduino15/packages/MiniCore/hardware/avr/3.1.1/cores/MCUdude_corefiles/wiring_digital.c:31
  uint8_t bit = digitalPinToBitMask(pin);
     d5c:	90 e0       	ldi	r25, 0x00	; 0
     d5e:	fc 01       	movw	r30, r24
     d60:	e7 5b       	subi	r30, 0xB7	; 183
     d62:	fd 4f       	sbci	r31, 0xFD	; 253
     d64:	24 91       	lpm	r18, Z
/home/jgalera/.arduino15/packages/MiniCore/hardware/avr/3.1.1/cores/MCUdude_corefiles/wiring_digital.c:32
  uint8_t port = digitalPinToPort(pin);
     d66:	8e 5c       	subi	r24, 0xCE	; 206
     d68:	9d 4f       	sbci	r25, 0xFD	; 253
     d6a:	fc 01       	movw	r30, r24
     d6c:	84 91       	lpm	r24, Z
/home/jgalera/.arduino15/packages/MiniCore/hardware/avr/3.1.1/cores/MCUdude_corefiles/wiring_digital.c:35
  volatile uint8_t *reg, *out;

  if (port == NOT_A_PIN) return;
     d6e:	88 23       	and	r24, r24
     d70:	c9 f0       	breq	.+50     	; 0xda4 <pinMode+0x4c>
/home/jgalera/.arduino15/packages/MiniCore/hardware/avr/3.1.1/cores/MCUdude_corefiles/wiring_digital.c:38

  // JWS: can I let the optimizer do this?
  reg = portModeRegister(port);
     d72:	90 e0       	ldi	r25, 0x00	; 0
     d74:	88 0f       	add	r24, r24
     d76:	99 1f       	adc	r25, r25
     d78:	fc 01       	movw	r30, r24
     d7a:	ec 5e       	subi	r30, 0xEC	; 236
     d7c:	fd 4f       	sbci	r31, 0xFD	; 253
     d7e:	a5 91       	lpm	r26, Z+
     d80:	b4 91       	lpm	r27, Z
/home/jgalera/.arduino15/packages/MiniCore/hardware/avr/3.1.1/cores/MCUdude_corefiles/wiring_digital.c:39
  out = portOutputRegister(port);
     d82:	fc 01       	movw	r30, r24
     d84:	e2 5e       	subi	r30, 0xE2	; 226
     d86:	fd 4f       	sbci	r31, 0xFD	; 253
     d88:	c5 91       	lpm	r28, Z+
     d8a:	d4 91       	lpm	r29, Z
/home/jgalera/.arduino15/packages/MiniCore/hardware/avr/3.1.1/cores/MCUdude_corefiles/wiring_digital.c:41

  if (mode == INPUT) { 
     d8c:	61 11       	cpse	r22, r1
     d8e:	0d c0       	rjmp	.+26     	; 0xdaa <pinMode+0x52>
/home/jgalera/.arduino15/packages/MiniCore/hardware/avr/3.1.1/cores/MCUdude_corefiles/wiring_digital.c:42
    uint8_t oldSREG = SREG;
     d90:	9f b7       	in	r25, 0x3f	; 63
/home/jgalera/.arduino15/packages/MiniCore/hardware/avr/3.1.1/cores/MCUdude_corefiles/wiring_digital.c:43
    cli();
     d92:	f8 94       	cli
/home/jgalera/.arduino15/packages/MiniCore/hardware/avr/3.1.1/cores/MCUdude_corefiles/wiring_digital.c:44
    *reg &= ~bit;
     d94:	8c 91       	ld	r24, X
     d96:	20 95       	com	r18
     d98:	82 23       	and	r24, r18
     d9a:	8c 93       	st	X, r24
/home/jgalera/.arduino15/packages/MiniCore/hardware/avr/3.1.1/cores/MCUdude_corefiles/wiring_digital.c:45
    *out &= ~bit;
     d9c:	88 81       	ld	r24, Y
     d9e:	28 23       	and	r18, r24
/home/jgalera/.arduino15/packages/MiniCore/hardware/avr/3.1.1/cores/MCUdude_corefiles/wiring_digital.c:51
    SREG = oldSREG;
  } else if (mode == INPUT_PULLUP) {
    uint8_t oldSREG = SREG;
    cli();
    *reg &= ~bit;
    *out |= bit;
     da0:	28 83       	st	Y, r18
/home/jgalera/.arduino15/packages/MiniCore/hardware/avr/3.1.1/cores/MCUdude_corefiles/wiring_digital.c:52
    SREG = oldSREG;
     da2:	9f bf       	out	0x3f, r25	; 63
/home/jgalera/.arduino15/packages/MiniCore/hardware/avr/3.1.1/cores/MCUdude_corefiles/wiring_digital.c:59
    uint8_t oldSREG = SREG;
    cli();
    *reg |= bit;
    SREG = oldSREG;
  }
}
     da4:	df 91       	pop	r29
     da6:	cf 91       	pop	r28
     da8:	08 95       	ret
/home/jgalera/.arduino15/packages/MiniCore/hardware/avr/3.1.1/cores/MCUdude_corefiles/wiring_digital.c:47
    uint8_t oldSREG = SREG;
    cli();
    *reg &= ~bit;
    *out &= ~bit;
    SREG = oldSREG;
  } else if (mode == INPUT_PULLUP) {
     daa:	62 30       	cpi	r22, 0x02	; 2
     dac:	51 f4       	brne	.+20     	; 0xdc2 <pinMode+0x6a>
/home/jgalera/.arduino15/packages/MiniCore/hardware/avr/3.1.1/cores/MCUdude_corefiles/wiring_digital.c:48
    uint8_t oldSREG = SREG;
     dae:	9f b7       	in	r25, 0x3f	; 63
/home/jgalera/.arduino15/packages/MiniCore/hardware/avr/3.1.1/cores/MCUdude_corefiles/wiring_digital.c:49
    cli();
     db0:	f8 94       	cli
/home/jgalera/.arduino15/packages/MiniCore/hardware/avr/3.1.1/cores/MCUdude_corefiles/wiring_digital.c:50
    *reg &= ~bit;
     db2:	3c 91       	ld	r19, X
     db4:	82 2f       	mov	r24, r18
     db6:	80 95       	com	r24
     db8:	83 23       	and	r24, r19
     dba:	8c 93       	st	X, r24
/home/jgalera/.arduino15/packages/MiniCore/hardware/avr/3.1.1/cores/MCUdude_corefiles/wiring_digital.c:51
    *out |= bit;
     dbc:	e8 81       	ld	r30, Y
     dbe:	2e 2b       	or	r18, r30
     dc0:	ef cf       	rjmp	.-34     	; 0xda0 <pinMode+0x48>
/home/jgalera/.arduino15/packages/MiniCore/hardware/avr/3.1.1/cores/MCUdude_corefiles/wiring_digital.c:54
    SREG = oldSREG;
  } else {
    uint8_t oldSREG = SREG;
     dc2:	8f b7       	in	r24, 0x3f	; 63
/home/jgalera/.arduino15/packages/MiniCore/hardware/avr/3.1.1/cores/MCUdude_corefiles/wiring_digital.c:55
    cli();
     dc4:	f8 94       	cli
/home/jgalera/.arduino15/packages/MiniCore/hardware/avr/3.1.1/cores/MCUdude_corefiles/wiring_digital.c:56
    *reg |= bit;
     dc6:	ec 91       	ld	r30, X
     dc8:	2e 2b       	or	r18, r30
     dca:	2c 93       	st	X, r18
/home/jgalera/.arduino15/packages/MiniCore/hardware/avr/3.1.1/cores/MCUdude_corefiles/wiring_digital.c:57
    SREG = oldSREG;
     dcc:	8f bf       	out	0x3f, r24	; 63
     dce:	ea cf       	rjmp	.-44     	; 0xda4 <pinMode+0x4c>

00000dd0 <analogRead>:
analogRead():
/home/jgalera/.arduino15/packages/MiniCore/hardware/avr/3.1.1/cores/MCUdude_corefiles/wiring_analog.c:49
int analogRead(uint8_t pin)
{

// Macro located in the pins_arduino.h file
#ifdef analogPinToChannel
  pin = analogPinToChannel(pin);
     dd0:	88 30       	cpi	r24, 0x08	; 8
     dd2:	20 f0       	brcs	.+8      	; 0xddc <analogRead+0xc>
     dd4:	8d 30       	cpi	r24, 0x0D	; 13
     dd6:	08 f4       	brcc	.+2      	; 0xdda <analogRead+0xa>
     dd8:	8d e0       	ldi	r24, 0x0D	; 13
     dda:	8e 50       	subi	r24, 0x0E	; 14
/home/jgalera/.arduino15/packages/MiniCore/hardware/avr/3.1.1/cores/MCUdude_corefiles/wiring_analog.c:68
  
  // set the analog reference (high two bits of ADMUX) and select the
  // channel (low 4 bits).  this also sets ADLAR (left-adjust result)
  // to 0 (the default).
#if defined(ADMUX)
  ADMUX = (analog_reference << 6) | (pin & 0x07);
     ddc:	87 70       	andi	r24, 0x07	; 7
     dde:	80 64       	ori	r24, 0x40	; 64
     de0:	80 93 7c 00 	sts	0x007C, r24	; 0x80007c <__DATA_REGION_ORIGIN__+0x1c>
/home/jgalera/.arduino15/packages/MiniCore/hardware/avr/3.1.1/cores/MCUdude_corefiles/wiring_analog.c:76
  // without a delay, we seem to read from the wrong channel
  //delay(1);

#if defined(ADCSRA) && defined(ADC)
  // start the conversion
  ADCSRA |= _BV(ADSC);
     de4:	80 91 7a 00 	lds	r24, 0x007A	; 0x80007a <__DATA_REGION_ORIGIN__+0x1a>
     de8:	80 64       	ori	r24, 0x40	; 64
     dea:	80 93 7a 00 	sts	0x007A, r24	; 0x80007a <__DATA_REGION_ORIGIN__+0x1a>
/home/jgalera/.arduino15/packages/MiniCore/hardware/avr/3.1.1/cores/MCUdude_corefiles/wiring_analog.c:79

  // ADSC is cleared when the conversion finishes
  while (ADCSRA & _BV(ADSC)) {};
     dee:	80 91 7a 00 	lds	r24, 0x007A	; 0x80007a <__DATA_REGION_ORIGIN__+0x1a>
     df2:	86 fd       	sbrc	r24, 6
     df4:	fc cf       	rjmp	.-8      	; 0xdee <analogRead+0x1e>
/home/jgalera/.arduino15/packages/MiniCore/hardware/avr/3.1.1/cores/MCUdude_corefiles/wiring_analog.c:83

  // ADC macro takes care of reading ADC register.
 	// avr-gcc implements the proper reading order: ADCL is read first.
 	return ADC;
     df6:	80 91 78 00 	lds	r24, 0x0078	; 0x800078 <__DATA_REGION_ORIGIN__+0x18>
     dfa:	90 91 79 00 	lds	r25, 0x0079	; 0x800079 <__DATA_REGION_ORIGIN__+0x19>
/home/jgalera/.arduino15/packages/MiniCore/hardware/avr/3.1.1/cores/MCUdude_corefiles/wiring_analog.c:87
#else
  return 0;
#endif
}
     dfe:	08 95       	ret

00000e00 <delayMicroseconds>:
delayMicroseconds():
/home/jgalera/.arduino15/packages/MiniCore/hardware/avr/3.1.1/cores/MCUdude_corefiles/wiring.c:624
  if (us <= 1) return; //  = 3 cycles, (4 when true)

  // the following loop takes 1/4 of a microsecond (4 cycles)
  // per iteration, so execute it four times for each microsecond of
  // delay requested.
  us <<= 2; // x4 us, = 4 cycles
     e00:	88 0f       	add	r24, r24
     e02:	99 1f       	adc	r25, r25
     e04:	88 0f       	add	r24, r24
     e06:	99 1f       	adc	r25, r25
/home/jgalera/.arduino15/packages/MiniCore/hardware/avr/3.1.1/cores/MCUdude_corefiles/wiring.c:629

  // account for the time taken in the preceeding commands.
  // we just burned 19 (21) cycles above, remove 5, (5*4=20)
  // to 2nd us is at least 8 so we can substract 5
  us -= 5; // = 2 cycles,
     e08:	05 97       	sbiw	r24, 0x05	; 5
/home/jgalera/.arduino15/packages/MiniCore/hardware/avr/3.1.1/cores/MCUdude_corefiles/wiring.c:929
  us >>= 2; // us div 4, = 4 cycles

#endif

  // busy wait
  __asm__ __volatile__ (
     e0a:	01 97       	sbiw	r24, 0x01	; 1
     e0c:	f1 f7       	brne	.-4      	; 0xe0a <delayMicroseconds+0xa>
/home/jgalera/.arduino15/packages/MiniCore/hardware/avr/3.1.1/cores/MCUdude_corefiles/wiring.c:939
    "   brne 1b"                     // 2 cycles
    : /* no outputs */
    : "w" (us)
  );
  // return = 4 cycles
}
     e0e:	08 95       	ret

00000e10 <micros>:
micros():
/home/jgalera/.arduino15/packages/MiniCore/hardware/avr/3.1.1/cores/MCUdude_corefiles/wiring.c:237
  unsigned char f; // temporary storage for millis fraction counter
  unsigned char q = 0; // record whether an overflow is flagged
#endif
  // t will be the number where the timer0 counter stopped
  uint8_t t;
  uint8_t oldSREG = SREG;
     e10:	3f b7       	in	r19, 0x3f	; 63
/home/jgalera/.arduino15/packages/MiniCore/hardware/avr/3.1.1/cores/MCUdude_corefiles/wiring.c:240

  // Stop all interrupts
  cli();
     e12:	f8 94       	cli
/home/jgalera/.arduino15/packages/MiniCore/hardware/avr/3.1.1/cores/MCUdude_corefiles/wiring.c:247
#ifdef CORRECT_EXACT_MICROS
  // combine exact millisec and 8usec counters
  m = timer0_millis;
  f = timer0_fract;
#else
  m = timer0_overflow_count;
     e14:	80 91 0d 06 	lds	r24, 0x060D	; 0x80060d <timer0_overflow_count>
     e18:	90 91 0e 06 	lds	r25, 0x060E	; 0x80060e <timer0_overflow_count+0x1>
     e1c:	a0 91 0f 06 	lds	r26, 0x060F	; 0x80060f <timer0_overflow_count+0x2>
     e20:	b0 91 10 06 	lds	r27, 0x0610	; 0x800610 <timer0_overflow_count+0x3>
/home/jgalera/.arduino15/packages/MiniCore/hardware/avr/3.1.1/cores/MCUdude_corefiles/wiring.c:252
#endif

  // TCNT0 : The Timer Counter Register
#if defined(TCNT0)
  t = TCNT0;
     e24:	26 b5       	in	r18, 0x26	; 38
/home/jgalera/.arduino15/packages/MiniCore/hardware/avr/3.1.1/cores/MCUdude_corefiles/wiring.c:261
  #error TIMER 0 not defined
#endif

  // Timer0 Interrupt Flag Register
#ifdef TIFR0
  if ((TIFR0 & _BV(TOV0)) && (t < 255))
     e26:	a8 9b       	sbis	0x15, 0	; 21
     e28:	05 c0       	rjmp	.+10     	; 0xe34 <micros+0x24>
     e2a:	2f 3f       	cpi	r18, 0xFF	; 255
     e2c:	19 f0       	breq	.+6      	; 0xe34 <micros+0x24>
/home/jgalera/.arduino15/packages/MiniCore/hardware/avr/3.1.1/cores/MCUdude_corefiles/wiring.c:263
#ifndef CORRECT_EXACT_MICROS
    m++;
     e2e:	01 96       	adiw	r24, 0x01	; 1
     e30:	a1 1d       	adc	r26, r1
     e32:	b1 1d       	adc	r27, r1
/home/jgalera/.arduino15/packages/MiniCore/hardware/avr/3.1.1/cores/MCUdude_corefiles/wiring.c:276
#else
    q = 1;
#endif
#endif
  // Restore SREG
  SREG = oldSREG;
     e34:	3f bf       	out	0x3f, r19	; 63
/home/jgalera/.arduino15/packages/MiniCore/hardware/avr/3.1.1/cores/MCUdude_corefiles/wiring.c:292
      ((t * MICROSECONDS_PER_TIMER0_OVERFLOW) >> 8);
  return q ? m + MICROSECONDS_PER_TIMER0_OVERFLOW : m;
#elif 1
  /* All power-of-two Megahertz frequencies enter here, as well as 12.8 MHz.
     We only end up here if right shift before multiplication is exact. */
  return ((m << 8) + t) * (MICROSECONDS_PER_TIMER0_OVERFLOW >> 8);
     e36:	ba 2f       	mov	r27, r26
     e38:	a9 2f       	mov	r26, r25
     e3a:	98 2f       	mov	r25, r24
     e3c:	88 27       	eor	r24, r24
     e3e:	bc 01       	movw	r22, r24
     e40:	cd 01       	movw	r24, r26
     e42:	62 0f       	add	r22, r18
     e44:	71 1d       	adc	r23, r1
     e46:	81 1d       	adc	r24, r1
     e48:	91 1d       	adc	r25, r1
     e4a:	42 e0       	ldi	r20, 0x02	; 2
     e4c:	66 0f       	add	r22, r22
     e4e:	77 1f       	adc	r23, r23
     e50:	88 1f       	adc	r24, r24
     e52:	99 1f       	adc	r25, r25
     e54:	4a 95       	dec	r20
     e56:	d1 f7       	brne	.-12     	; 0xe4c <micros+0x3c>
/home/jgalera/.arduino15/packages/MiniCore/hardware/avr/3.1.1/cores/MCUdude_corefiles/wiring.c:393
  // m & t are multiplied by 4 (since it was already multiplied by 256)
  // t is multiplied by 4
  return ((m << 8) + t) * (64 / clockCyclesPerMicrosecond());
#endif
#endif // 0
}
     e58:	08 95       	ret

00000e5a <delay>:
delay():
/home/jgalera/.arduino15/packages/MiniCore/hardware/avr/3.1.1/cores/MCUdude_corefiles/wiring.c:396

void delay(unsigned long ms)
{
     e5a:	8f 92       	push	r8
     e5c:	9f 92       	push	r9
     e5e:	af 92       	push	r10
     e60:	bf 92       	push	r11
     e62:	cf 92       	push	r12
     e64:	df 92       	push	r13
     e66:	ef 92       	push	r14
     e68:	ff 92       	push	r15
     e6a:	6b 01       	movw	r12, r22
     e6c:	7c 01       	movw	r14, r24
/home/jgalera/.arduino15/packages/MiniCore/hardware/avr/3.1.1/cores/MCUdude_corefiles/wiring.c:397
  unsigned long start = micros();
     e6e:	0e 94 08 07 	call	0xe10	; 0xe10 <micros>
     e72:	4b 01       	movw	r8, r22
     e74:	5c 01       	movw	r10, r24
/home/jgalera/.arduino15/packages/MiniCore/hardware/avr/3.1.1/cores/MCUdude_corefiles/wiring.c:401

  while (ms > 0UL) {
    yield();
    while (ms > 0UL && (micros() - start) >= 1000UL) {
     e76:	c1 14       	cp	r12, r1
     e78:	d1 04       	cpc	r13, r1
     e7a:	e1 04       	cpc	r14, r1
     e7c:	f1 04       	cpc	r15, r1
     e7e:	b9 f0       	breq	.+46     	; 0xeae <delay+0x54>
     e80:	0e 94 08 07 	call	0xe10	; 0xe10 <micros>
     e84:	68 19       	sub	r22, r8
     e86:	79 09       	sbc	r23, r9
     e88:	8a 09       	sbc	r24, r10
     e8a:	9b 09       	sbc	r25, r11
     e8c:	68 3e       	cpi	r22, 0xE8	; 232
     e8e:	73 40       	sbci	r23, 0x03	; 3
     e90:	81 05       	cpc	r24, r1
     e92:	91 05       	cpc	r25, r1
     e94:	80 f3       	brcs	.-32     	; 0xe76 <delay+0x1c>
/home/jgalera/.arduino15/packages/MiniCore/hardware/avr/3.1.1/cores/MCUdude_corefiles/wiring.c:402
      ms--;
     e96:	21 e0       	ldi	r18, 0x01	; 1
     e98:	c2 1a       	sub	r12, r18
     e9a:	d1 08       	sbc	r13, r1
     e9c:	e1 08       	sbc	r14, r1
     e9e:	f1 08       	sbc	r15, r1
/home/jgalera/.arduino15/packages/MiniCore/hardware/avr/3.1.1/cores/MCUdude_corefiles/wiring.c:403
      start += 1000UL;
     ea0:	88 ee       	ldi	r24, 0xE8	; 232
     ea2:	88 0e       	add	r8, r24
     ea4:	83 e0       	ldi	r24, 0x03	; 3
     ea6:	98 1e       	adc	r9, r24
     ea8:	a1 1c       	adc	r10, r1
     eaa:	b1 1c       	adc	r11, r1
     eac:	e4 cf       	rjmp	.-56     	; 0xe76 <delay+0x1c>
/home/jgalera/.arduino15/packages/MiniCore/hardware/avr/3.1.1/cores/MCUdude_corefiles/wiring.c:406
    }
  }
}
     eae:	ff 90       	pop	r15
     eb0:	ef 90       	pop	r14
     eb2:	df 90       	pop	r13
     eb4:	cf 90       	pop	r12
     eb6:	bf 90       	pop	r11
     eb8:	af 90       	pop	r10
     eba:	9f 90       	pop	r9
     ebc:	8f 90       	pop	r8
     ebe:	08 95       	ret

00000ec0 <millis>:
millis():
/home/jgalera/.arduino15/packages/MiniCore/hardware/avr/3.1.1/cores/MCUdude_corefiles/wiring.c:218
}

unsigned long millis()
{
  unsigned long m;
  uint8_t oldSREG = SREG;
     ec0:	2f b7       	in	r18, 0x3f	; 63
/home/jgalera/.arduino15/packages/MiniCore/hardware/avr/3.1.1/cores/MCUdude_corefiles/wiring.c:222

  // disable interrupts while we read timer0_millis or we might get an
  // inconsistent value (e.g. in the middle of a write to timer0_millis)
  cli();
     ec2:	f8 94       	cli
/home/jgalera/.arduino15/packages/MiniCore/hardware/avr/3.1.1/cores/MCUdude_corefiles/wiring.c:223
  m = timer0_millis;
     ec4:	60 91 09 06 	lds	r22, 0x0609	; 0x800609 <timer0_millis>
     ec8:	70 91 0a 06 	lds	r23, 0x060A	; 0x80060a <timer0_millis+0x1>
     ecc:	80 91 0b 06 	lds	r24, 0x060B	; 0x80060b <timer0_millis+0x2>
     ed0:	90 91 0c 06 	lds	r25, 0x060C	; 0x80060c <timer0_millis+0x3>
/home/jgalera/.arduino15/packages/MiniCore/hardware/avr/3.1.1/cores/MCUdude_corefiles/wiring.c:224
  SREG = oldSREG;
     ed4:	2f bf       	out	0x3f, r18	; 63
/home/jgalera/.arduino15/packages/MiniCore/hardware/avr/3.1.1/cores/MCUdude_corefiles/wiring.c:227

  return m;
}
     ed6:	08 95       	ret

00000ed8 <Print::print(char)>:
_ZN5Print5printEc():
/home/jgalera/.arduino15/packages/MiniCore/hardware/avr/3.1.1/cores/MCUdude_corefiles/Print.cpp:69
  return write(str);
}

size_t Print::print(char c)
{
  return write(c);
     ed8:	dc 01       	movw	r26, r24
     eda:	ed 91       	ld	r30, X+
     edc:	fc 91       	ld	r31, X
     ede:	01 90       	ld	r0, Z+
     ee0:	f0 81       	ld	r31, Z
     ee2:	e0 2d       	mov	r30, r0
     ee4:	09 94       	ijmp

00000ee6 <Print::write(unsigned char const*, unsigned int)>:
_ZN5Print5writeEPKhj():
/home/jgalera/.arduino15/packages/MiniCore/hardware/avr/3.1.1/cores/MCUdude_corefiles/Print.cpp:35

// Public Methods //////////////////////////////////////////////////////////////

/* default implementation: may be overridden */
size_t Print::write(const uint8_t *buffer, size_t size)
{
     ee6:	af 92       	push	r10
     ee8:	bf 92       	push	r11
     eea:	cf 92       	push	r12
     eec:	df 92       	push	r13
     eee:	ef 92       	push	r14
     ef0:	ff 92       	push	r15
     ef2:	0f 93       	push	r16
     ef4:	1f 93       	push	r17
     ef6:	cf 93       	push	r28
     ef8:	df 93       	push	r29
     efa:	6c 01       	movw	r12, r24
     efc:	7b 01       	movw	r14, r22
     efe:	8b 01       	movw	r16, r22
     f00:	04 0f       	add	r16, r20
     f02:	15 1f       	adc	r17, r21
     f04:	eb 01       	movw	r28, r22
     f06:	5e 01       	movw	r10, r28
     f08:	ae 18       	sub	r10, r14
     f0a:	bf 08       	sbc	r11, r15
/home/jgalera/.arduino15/packages/MiniCore/hardware/avr/3.1.1/cores/MCUdude_corefiles/Print.cpp:37
  size_t n = 0;
  while (size--) {
     f0c:	c0 17       	cp	r28, r16
     f0e:	d1 07       	cpc	r29, r17
     f10:	59 f0       	breq	.+22     	; 0xf28 <Print::write(unsigned char const*, unsigned int)+0x42>
/home/jgalera/.arduino15/packages/MiniCore/hardware/avr/3.1.1/cores/MCUdude_corefiles/Print.cpp:38
    if (write(*buffer++)) n++;
     f12:	69 91       	ld	r22, Y+
     f14:	d6 01       	movw	r26, r12
     f16:	ed 91       	ld	r30, X+
     f18:	fc 91       	ld	r31, X
     f1a:	01 90       	ld	r0, Z+
     f1c:	f0 81       	ld	r31, Z
     f1e:	e0 2d       	mov	r30, r0
     f20:	c6 01       	movw	r24, r12
     f22:	09 95       	icall
     f24:	89 2b       	or	r24, r25
     f26:	79 f7       	brne	.-34     	; 0xf06 <Print::write(unsigned char const*, unsigned int)+0x20>
/home/jgalera/.arduino15/packages/MiniCore/hardware/avr/3.1.1/cores/MCUdude_corefiles/Print.cpp:42
    else break;
  }
  return n;
}
     f28:	c5 01       	movw	r24, r10
     f2a:	df 91       	pop	r29
     f2c:	cf 91       	pop	r28
     f2e:	1f 91       	pop	r17
     f30:	0f 91       	pop	r16
     f32:	ff 90       	pop	r15
     f34:	ef 90       	pop	r14
     f36:	df 90       	pop	r13
     f38:	cf 90       	pop	r12
     f3a:	bf 90       	pop	r11
     f3c:	af 90       	pop	r10
     f3e:	08 95       	ret

00000f40 <HardwareSerial::availableForWrite()>:
_ZN14HardwareSerial17availableForWriteEv():
/home/jgalera/.arduino15/packages/MiniCore/hardware/avr/3.1.1/cores/MCUdude_corefiles/HardwareSerial.cpp:195
{
  tx_buffer_index_t head;
  tx_buffer_index_t tail;

  TX_BUFFER_ATOMIC {
    head = _tx_buffer_head;
     f40:	fc 01       	movw	r30, r24
     f42:	53 8d       	ldd	r21, Z+27	; 0x1b
/home/jgalera/.arduino15/packages/MiniCore/hardware/avr/3.1.1/cores/MCUdude_corefiles/HardwareSerial.cpp:196
    tail = _tx_buffer_tail;
     f44:	44 8d       	ldd	r20, Z+28	; 0x1c
     f46:	25 2f       	mov	r18, r21
     f48:	30 e0       	ldi	r19, 0x00	; 0
     f4a:	84 2f       	mov	r24, r20
     f4c:	90 e0       	ldi	r25, 0x00	; 0
/home/jgalera/.arduino15/packages/MiniCore/hardware/avr/3.1.1/cores/MCUdude_corefiles/HardwareSerial.cpp:198
  }
  if (head >= tail) return SERIAL_TX_BUFFER_SIZE - 1 - head + tail;
     f4e:	82 1b       	sub	r24, r18
     f50:	93 0b       	sbc	r25, r19
     f52:	54 17       	cp	r21, r20
     f54:	10 f0       	brcs	.+4      	; 0xf5a <HardwareSerial::availableForWrite()+0x1a>
     f56:	cf 96       	adiw	r24, 0x3f	; 63
     f58:	08 95       	ret
/home/jgalera/.arduino15/packages/MiniCore/hardware/avr/3.1.1/cores/MCUdude_corefiles/HardwareSerial.cpp:199
  return tail - head - 1;
     f5a:	01 97       	sbiw	r24, 0x01	; 1
/home/jgalera/.arduino15/packages/MiniCore/hardware/avr/3.1.1/cores/MCUdude_corefiles/HardwareSerial.cpp:200
}
     f5c:	08 95       	ret

00000f5e <HardwareSerial::read()>:
_ZN14HardwareSerial4readEv():
/home/jgalera/.arduino15/packages/MiniCore/hardware/avr/3.1.1/cores/MCUdude_corefiles/HardwareSerial.cpp:178
    return _rx_buffer[_rx_buffer_tail];
  }
}

int HardwareSerial::read(void)
{
     f5e:	fc 01       	movw	r30, r24
/home/jgalera/.arduino15/packages/MiniCore/hardware/avr/3.1.1/cores/MCUdude_corefiles/HardwareSerial.cpp:180
  // if the head isn't ahead of the tail, we don't have any characters
  if (_rx_buffer_head == _rx_buffer_tail) {
     f60:	91 8d       	ldd	r25, Z+25	; 0x19
     f62:	82 8d       	ldd	r24, Z+26	; 0x1a
     f64:	98 17       	cp	r25, r24
     f66:	61 f0       	breq	.+24     	; 0xf80 <HardwareSerial::read()+0x22>
/home/jgalera/.arduino15/packages/MiniCore/hardware/avr/3.1.1/cores/MCUdude_corefiles/HardwareSerial.cpp:183
    return -1;
  } else {
    unsigned char c = _rx_buffer[_rx_buffer_tail];
     f68:	a2 8d       	ldd	r26, Z+26	; 0x1a
     f6a:	ae 0f       	add	r26, r30
     f6c:	bf 2f       	mov	r27, r31
     f6e:	b1 1d       	adc	r27, r1
     f70:	5d 96       	adiw	r26, 0x1d	; 29
     f72:	8c 91       	ld	r24, X
/home/jgalera/.arduino15/packages/MiniCore/hardware/avr/3.1.1/cores/MCUdude_corefiles/HardwareSerial.cpp:184
    _rx_buffer_tail = (rx_buffer_index_t)(_rx_buffer_tail + 1) % SERIAL_RX_BUFFER_SIZE;
     f74:	92 8d       	ldd	r25, Z+26	; 0x1a
     f76:	9f 5f       	subi	r25, 0xFF	; 255
     f78:	9f 73       	andi	r25, 0x3F	; 63
     f7a:	92 8f       	std	Z+26, r25	; 0x1a
/home/jgalera/.arduino15/packages/MiniCore/hardware/avr/3.1.1/cores/MCUdude_corefiles/HardwareSerial.cpp:185
    return c;
     f7c:	90 e0       	ldi	r25, 0x00	; 0
     f7e:	08 95       	ret
/home/jgalera/.arduino15/packages/MiniCore/hardware/avr/3.1.1/cores/MCUdude_corefiles/HardwareSerial.cpp:181

int HardwareSerial::read(void)
{
  // if the head isn't ahead of the tail, we don't have any characters
  if (_rx_buffer_head == _rx_buffer_tail) {
    return -1;
     f80:	8f ef       	ldi	r24, 0xFF	; 255
     f82:	9f ef       	ldi	r25, 0xFF	; 255
/home/jgalera/.arduino15/packages/MiniCore/hardware/avr/3.1.1/cores/MCUdude_corefiles/HardwareSerial.cpp:187
  } else {
    unsigned char c = _rx_buffer[_rx_buffer_tail];
    _rx_buffer_tail = (rx_buffer_index_t)(_rx_buffer_tail + 1) % SERIAL_RX_BUFFER_SIZE;
    return c;
  }
}
     f84:	08 95       	ret

00000f86 <HardwareSerial::peek()>:
_ZN14HardwareSerial4peekEv():
/home/jgalera/.arduino15/packages/MiniCore/hardware/avr/3.1.1/cores/MCUdude_corefiles/HardwareSerial.cpp:169
{
  return ((unsigned int)(SERIAL_RX_BUFFER_SIZE + _rx_buffer_head - _rx_buffer_tail)) % SERIAL_RX_BUFFER_SIZE;
}

int HardwareSerial::peek(void)
{
     f86:	fc 01       	movw	r30, r24
/home/jgalera/.arduino15/packages/MiniCore/hardware/avr/3.1.1/cores/MCUdude_corefiles/HardwareSerial.cpp:170
  if (_rx_buffer_head == _rx_buffer_tail) {
     f88:	91 8d       	ldd	r25, Z+25	; 0x19
     f8a:	82 8d       	ldd	r24, Z+26	; 0x1a
     f8c:	98 17       	cp	r25, r24
     f8e:	31 f0       	breq	.+12     	; 0xf9c <HardwareSerial::peek()+0x16>
/home/jgalera/.arduino15/packages/MiniCore/hardware/avr/3.1.1/cores/MCUdude_corefiles/HardwareSerial.cpp:173
    return -1;
  } else {
    return _rx_buffer[_rx_buffer_tail];
     f90:	82 8d       	ldd	r24, Z+26	; 0x1a
     f92:	e8 0f       	add	r30, r24
     f94:	f1 1d       	adc	r31, r1
     f96:	85 8d       	ldd	r24, Z+29	; 0x1d
     f98:	90 e0       	ldi	r25, 0x00	; 0
     f9a:	08 95       	ret
/home/jgalera/.arduino15/packages/MiniCore/hardware/avr/3.1.1/cores/MCUdude_corefiles/HardwareSerial.cpp:171
}

int HardwareSerial::peek(void)
{
  if (_rx_buffer_head == _rx_buffer_tail) {
    return -1;
     f9c:	8f ef       	ldi	r24, 0xFF	; 255
     f9e:	9f ef       	ldi	r25, 0xFF	; 255
/home/jgalera/.arduino15/packages/MiniCore/hardware/avr/3.1.1/cores/MCUdude_corefiles/HardwareSerial.cpp:175
  } else {
    return _rx_buffer[_rx_buffer_tail];
  }
}
     fa0:	08 95       	ret

00000fa2 <HardwareSerial::available()>:
_ZN14HardwareSerial9availableEv():
/home/jgalera/.arduino15/packages/MiniCore/hardware/avr/3.1.1/cores/MCUdude_corefiles/HardwareSerial.cpp:164
  // clear any received data
  _rx_buffer_head = _rx_buffer_tail;
}

int HardwareSerial::available(void)
{
     fa2:	fc 01       	movw	r30, r24
/home/jgalera/.arduino15/packages/MiniCore/hardware/avr/3.1.1/cores/MCUdude_corefiles/HardwareSerial.cpp:165
  return ((unsigned int)(SERIAL_RX_BUFFER_SIZE + _rx_buffer_head - _rx_buffer_tail)) % SERIAL_RX_BUFFER_SIZE;
     fa4:	91 8d       	ldd	r25, Z+25	; 0x19
     fa6:	22 8d       	ldd	r18, Z+26	; 0x1a
     fa8:	89 2f       	mov	r24, r25
     faa:	90 e0       	ldi	r25, 0x00	; 0
     fac:	80 5c       	subi	r24, 0xC0	; 192
     fae:	9f 4f       	sbci	r25, 0xFF	; 255
     fb0:	82 1b       	sub	r24, r18
     fb2:	91 09       	sbc	r25, r1
/home/jgalera/.arduino15/packages/MiniCore/hardware/avr/3.1.1/cores/MCUdude_corefiles/HardwareSerial.cpp:166
}
     fb4:	8f 73       	andi	r24, 0x3F	; 63
     fb6:	99 27       	eor	r25, r25
     fb8:	08 95       	ret

00000fba <Serial0_available()>:
_Z17Serial0_availablev():
/home/jgalera/.arduino15/packages/MiniCore/hardware/avr/3.1.1/cores/MCUdude_corefiles/HardwareSerial0.cpp:76
#endif

// Function that can be weakly referenced by serialEventRun to prevent
// pulling in this file if it's not otherwise used.
bool Serial0_available() {
  return Serial.available();
     fba:	8a e1       	ldi	r24, 0x1A	; 26
     fbc:	96 e0       	ldi	r25, 0x06	; 6
     fbe:	0e 94 d1 07 	call	0xfa2	; 0xfa2 <HardwareSerial::available()>
     fc2:	21 e0       	ldi	r18, 0x01	; 1
     fc4:	89 2b       	or	r24, r25
     fc6:	09 f4       	brne	.+2      	; 0xfca <Serial0_available()+0x10>
     fc8:	20 e0       	ldi	r18, 0x00	; 0
/home/jgalera/.arduino15/packages/MiniCore/hardware/avr/3.1.1/cores/MCUdude_corefiles/HardwareSerial0.cpp:77
}
     fca:	82 2f       	mov	r24, r18
     fcc:	08 95       	ret

00000fce <HardwareSerial::_tx_udr_empty_irq()>:
_ZN14HardwareSerial17_tx_udr_empty_irqEv():
/home/jgalera/.arduino15/packages/MiniCore/hardware/avr/3.1.1/cores/MCUdude_corefiles/HardwareSerial.cpp:90
#endif

// Actual interrupt handlers //////////////////////////////////////////////////////////////

void HardwareSerial::_tx_udr_empty_irq(void)
{
     fce:	fc 01       	movw	r30, r24
/home/jgalera/.arduino15/packages/MiniCore/hardware/avr/3.1.1/cores/MCUdude_corefiles/HardwareSerial.cpp:93
  // If interrupts are enabled, there must be more data in the output
  // buffer. Send the next byte
  unsigned char c = _tx_buffer[_tx_buffer_tail];
     fd0:	a4 8d       	ldd	r26, Z+28	; 0x1c
     fd2:	a8 0f       	add	r26, r24
     fd4:	b9 2f       	mov	r27, r25
     fd6:	b1 1d       	adc	r27, r1
     fd8:	a3 5a       	subi	r26, 0xA3	; 163
     fda:	bf 4f       	sbci	r27, 0xFF	; 255
     fdc:	2c 91       	ld	r18, X
/home/jgalera/.arduino15/packages/MiniCore/hardware/avr/3.1.1/cores/MCUdude_corefiles/HardwareSerial.cpp:94
  _tx_buffer_tail = (_tx_buffer_tail + 1) % SERIAL_TX_BUFFER_SIZE;
     fde:	84 8d       	ldd	r24, Z+28	; 0x1c
     fe0:	90 e0       	ldi	r25, 0x00	; 0
     fe2:	01 96       	adiw	r24, 0x01	; 1
     fe4:	8f 73       	andi	r24, 0x3F	; 63
     fe6:	99 27       	eor	r25, r25
     fe8:	84 8f       	std	Z+28, r24	; 0x1c
/home/jgalera/.arduino15/packages/MiniCore/hardware/avr/3.1.1/cores/MCUdude_corefiles/HardwareSerial.cpp:96

  *_udr = c;
     fea:	a6 89       	ldd	r26, Z+22	; 0x16
     fec:	b7 89       	ldd	r27, Z+23	; 0x17
     fee:	2c 93       	st	X, r18
/home/jgalera/.arduino15/packages/MiniCore/hardware/avr/3.1.1/cores/MCUdude_corefiles/HardwareSerial.cpp:104
  // location". This makes sure flush() won't return until the bytes
  // actually got written. Other r/w bits are preserved, and zeroes
  // written to the rest.

  #ifdef MPCM0
    *_ucsra = ((*_ucsra) & ((1 << U2X0) | (1 << MPCM0))) | (1 << TXC0);
     ff0:	a0 89       	ldd	r26, Z+16	; 0x10
     ff2:	b1 89       	ldd	r27, Z+17	; 0x11
     ff4:	8c 91       	ld	r24, X
     ff6:	83 70       	andi	r24, 0x03	; 3
     ff8:	80 64       	ori	r24, 0x40	; 64
     ffa:	8c 93       	st	X, r24
/home/jgalera/.arduino15/packages/MiniCore/hardware/avr/3.1.1/cores/MCUdude_corefiles/HardwareSerial.cpp:109
  #else
    *_ucsra = ((*_ucsra) & ((1 << U2X0) | (1 << TXC0)));
  #endif

  if (_tx_buffer_head == _tx_buffer_tail) {
     ffc:	93 8d       	ldd	r25, Z+27	; 0x1b
     ffe:	84 8d       	ldd	r24, Z+28	; 0x1c
    1000:	98 13       	cpse	r25, r24
    1002:	06 c0       	rjmp	.+12     	; 0x1010 <HardwareSerial::_tx_udr_empty_irq()+0x42>
/home/jgalera/.arduino15/packages/MiniCore/hardware/avr/3.1.1/cores/MCUdude_corefiles/HardwareSerial.cpp:111
    // Buffer empty, so disable interrupts
    *_ucsrb &= ~_BV(UDRIE0);
    1004:	02 88       	ldd	r0, Z+18	; 0x12
    1006:	f3 89       	ldd	r31, Z+19	; 0x13
    1008:	e0 2d       	mov	r30, r0
    100a:	80 81       	ld	r24, Z
    100c:	8f 7d       	andi	r24, 0xDF	; 223
    100e:	80 83       	st	Z, r24
/home/jgalera/.arduino15/packages/MiniCore/hardware/avr/3.1.1/cores/MCUdude_corefiles/HardwareSerial.cpp:113
  }
}
    1010:	08 95       	ret

00001012 <HardwareSerial::write(unsigned char)>:
_ZN14HardwareSerial5writeEh():
/home/jgalera/.arduino15/packages/MiniCore/hardware/avr/3.1.1/cores/MCUdude_corefiles/HardwareSerial.cpp:223
  // If we get here, nothing is queued anymore (DRIE is disabled) and
  // the hardware finished tranmission (TXC is set).
}

size_t HardwareSerial::write(uint8_t c)
{
    1012:	ef 92       	push	r14
    1014:	ff 92       	push	r15
    1016:	0f 93       	push	r16
    1018:	1f 93       	push	r17
    101a:	cf 93       	push	r28
    101c:	df 93       	push	r29
    101e:	ec 01       	movw	r28, r24
/home/jgalera/.arduino15/packages/MiniCore/hardware/avr/3.1.1/cores/MCUdude_corefiles/HardwareSerial.cpp:224
  _written = true;
    1020:	81 e0       	ldi	r24, 0x01	; 1
    1022:	88 8f       	std	Y+24, r24	; 0x18
/home/jgalera/.arduino15/packages/MiniCore/hardware/avr/3.1.1/cores/MCUdude_corefiles/HardwareSerial.cpp:229
  // If the buffer and the data register is empty, just write the byte
  // to the data register and be done. This shortcut helps
  // significantly improve the effective datarate at high (>
  // 500kbit/s) bitrates, where interrupt overhead becomes a slowdown.
  if (_tx_buffer_head == _tx_buffer_tail && bit_is_set(*_ucsra, UDRE0)) {
    1024:	9b 8d       	ldd	r25, Y+27	; 0x1b
    1026:	8c 8d       	ldd	r24, Y+28	; 0x1c
    1028:	98 13       	cpse	r25, r24
    102a:	1a c0       	rjmp	.+52     	; 0x1060 <HardwareSerial::write(unsigned char)+0x4e>
    102c:	e8 89       	ldd	r30, Y+16	; 0x10
    102e:	f9 89       	ldd	r31, Y+17	; 0x11
    1030:	80 81       	ld	r24, Z
    1032:	85 ff       	sbrs	r24, 5
    1034:	15 c0       	rjmp	.+42     	; 0x1060 <HardwareSerial::write(unsigned char)+0x4e>
/home/jgalera/.arduino15/packages/MiniCore/hardware/avr/3.1.1/cores/MCUdude_corefiles/HardwareSerial.cpp:238
    // So writing UDR must happen first.
    // Writing UDR and clearing TC must be done atomically, otherwise
    // interrupts might delay the TXC clear so the byte written to UDR
    // is transmitted (setting TXC) before clearing TXC. Then TXC will
    // be cleared when no bytes are left, causing flush() to hang
    ATOMIC_BLOCK(ATOMIC_RESTORESTATE) {
    1036:	9f b7       	in	r25, 0x3f	; 63
__iCliRetVal():
/home/jgalera/.arduino15/packages/arduino/tools/avr-gcc/7.3.0-atmel3.6.1-arduino7/avr/include/util/atomic.h:50
    return 1;
}

static __inline__ uint8_t __iCliRetVal(void)
{
    cli();
    1038:	f8 94       	cli
_ZN14HardwareSerial5writeEh():
/home/jgalera/.arduino15/packages/MiniCore/hardware/avr/3.1.1/cores/MCUdude_corefiles/HardwareSerial.cpp:239
      *_udr = c;
    103a:	ee 89       	ldd	r30, Y+22	; 0x16
    103c:	ff 89       	ldd	r31, Y+23	; 0x17
    103e:	60 83       	st	Z, r22
/home/jgalera/.arduino15/packages/MiniCore/hardware/avr/3.1.1/cores/MCUdude_corefiles/HardwareSerial.cpp:241
      #ifdef MPCM0
        *_ucsra = ((*_ucsra) & ((1 << U2X0) | (1 << MPCM0))) | (1 << TXC0);
    1040:	e8 89       	ldd	r30, Y+16	; 0x10
    1042:	f9 89       	ldd	r31, Y+17	; 0x11
    1044:	80 81       	ld	r24, Z
    1046:	83 70       	andi	r24, 0x03	; 3
    1048:	80 64       	ori	r24, 0x40	; 64
/home/jgalera/.arduino15/packages/MiniCore/hardware/avr/3.1.1/cores/MCUdude_corefiles/HardwareSerial.cpp:271
  // make atomic to prevent execution of ISR between setting the
  // head pointer and setting the interrupt flag resulting in buffer
  // retransmission
  ATOMIC_BLOCK(ATOMIC_RESTORESTATE) {
    _tx_buffer_head = i;
    *_ucsrb |= _BV(UDRIE0);
    104a:	80 83       	st	Z, r24
__iRestore():
/home/jgalera/.arduino15/packages/arduino/tools/avr-gcc/7.3.0-atmel3.6.1-arduino7/avr/include/util/atomic.h:70
    (void)__s;
}

static __inline__ void __iRestore(const  uint8_t *__s)
{
    SREG = *__s;
    104c:	9f bf       	out	0x3f, r25	; 63
_ZN14HardwareSerial5writeEh():
/home/jgalera/.arduino15/packages/MiniCore/hardware/avr/3.1.1/cores/MCUdude_corefiles/HardwareSerial.cpp:275
  }
  
  return 1;
}
    104e:	81 e0       	ldi	r24, 0x01	; 1
    1050:	90 e0       	ldi	r25, 0x00	; 0
    1052:	df 91       	pop	r29
    1054:	cf 91       	pop	r28
    1056:	1f 91       	pop	r17
    1058:	0f 91       	pop	r16
    105a:	ff 90       	pop	r15
    105c:	ef 90       	pop	r14
    105e:	08 95       	ret
    1060:	f6 2e       	mov	r15, r22
/home/jgalera/.arduino15/packages/MiniCore/hardware/avr/3.1.1/cores/MCUdude_corefiles/HardwareSerial.cpp:248
        *_ucsra = ((*_ucsra) & ((1 << U2X0) | (1 << TXC0)));
      #endif
    }
    return 1;
  }
  tx_buffer_index_t i = (_tx_buffer_head + 1) % SERIAL_TX_BUFFER_SIZE;
    1062:	0b 8d       	ldd	r16, Y+27	; 0x1b
    1064:	10 e0       	ldi	r17, 0x00	; 0
    1066:	0f 5f       	subi	r16, 0xFF	; 255
    1068:	1f 4f       	sbci	r17, 0xFF	; 255
    106a:	0f 73       	andi	r16, 0x3F	; 63
    106c:	11 27       	eor	r17, r17
    106e:	e0 2e       	mov	r14, r16
/home/jgalera/.arduino15/packages/MiniCore/hardware/avr/3.1.1/cores/MCUdude_corefiles/HardwareSerial.cpp:252

  // If the output buffer is full, there's nothing for it other than to 
  // wait for the interrupt handler to empty it a bit
  while (i == _tx_buffer_tail) {
    1070:	8c 8d       	ldd	r24, Y+28	; 0x1c
    1072:	8e 11       	cpse	r24, r14
    1074:	0c c0       	rjmp	.+24     	; 0x108e <HardwareSerial::write(unsigned char)+0x7c>
/home/jgalera/.arduino15/packages/MiniCore/hardware/avr/3.1.1/cores/MCUdude_corefiles/HardwareSerial.cpp:253
    if (bit_is_clear(SREG, SREG_I)) {
    1076:	0f b6       	in	r0, 0x3f	; 63
    1078:	07 fc       	sbrc	r0, 7
    107a:	fa cf       	rjmp	.-12     	; 0x1070 <HardwareSerial::write(unsigned char)+0x5e>
/home/jgalera/.arduino15/packages/MiniCore/hardware/avr/3.1.1/cores/MCUdude_corefiles/HardwareSerial.cpp:258
      // Interrupts are disabled, so we'll have to poll the data
      // register empty flag ourselves. If it is set, pretend an
      // interrupt has happened and call the handler to free up
      // space for us.
      if(bit_is_set(*_ucsra, UDRE0))
    107c:	e8 89       	ldd	r30, Y+16	; 0x10
    107e:	f9 89       	ldd	r31, Y+17	; 0x11
    1080:	80 81       	ld	r24, Z
    1082:	85 ff       	sbrs	r24, 5
    1084:	f5 cf       	rjmp	.-22     	; 0x1070 <HardwareSerial::write(unsigned char)+0x5e>
/home/jgalera/.arduino15/packages/MiniCore/hardware/avr/3.1.1/cores/MCUdude_corefiles/HardwareSerial.cpp:259
        _tx_udr_empty_irq();
    1086:	ce 01       	movw	r24, r28
    1088:	0e 94 e7 07 	call	0xfce	; 0xfce <HardwareSerial::_tx_udr_empty_irq()>
    108c:	f1 cf       	rjmp	.-30     	; 0x1070 <HardwareSerial::write(unsigned char)+0x5e>
/home/jgalera/.arduino15/packages/MiniCore/hardware/avr/3.1.1/cores/MCUdude_corefiles/HardwareSerial.cpp:265
    } else {
      // nop, the interrupt handler will free up space for us
    }
  }

  _tx_buffer[_tx_buffer_head] = c;
    108e:	eb 8d       	ldd	r30, Y+27	; 0x1b
    1090:	ec 0f       	add	r30, r28
    1092:	fd 2f       	mov	r31, r29
    1094:	f1 1d       	adc	r31, r1
    1096:	e3 5a       	subi	r30, 0xA3	; 163
    1098:	ff 4f       	sbci	r31, 0xFF	; 255
    109a:	f0 82       	st	Z, r15
/home/jgalera/.arduino15/packages/MiniCore/hardware/avr/3.1.1/cores/MCUdude_corefiles/HardwareSerial.cpp:269
  // make atomic to prevent execution of ISR between setting the
  // head pointer and setting the interrupt flag resulting in buffer
  // retransmission
  ATOMIC_BLOCK(ATOMIC_RESTORESTATE) {
    109c:	9f b7       	in	r25, 0x3f	; 63
__iCliRetVal():
/home/jgalera/.arduino15/packages/arduino/tools/avr-gcc/7.3.0-atmel3.6.1-arduino7/avr/include/util/atomic.h:50
    return 1;
}

static __inline__ uint8_t __iCliRetVal(void)
{
    cli();
    109e:	f8 94       	cli
_ZN14HardwareSerial5writeEh():
/home/jgalera/.arduino15/packages/MiniCore/hardware/avr/3.1.1/cores/MCUdude_corefiles/HardwareSerial.cpp:270
    _tx_buffer_head = i;
    10a0:	0b 8f       	std	Y+27, r16	; 0x1b
/home/jgalera/.arduino15/packages/MiniCore/hardware/avr/3.1.1/cores/MCUdude_corefiles/HardwareSerial.cpp:271
    *_ucsrb |= _BV(UDRIE0);
    10a2:	ea 89       	ldd	r30, Y+18	; 0x12
    10a4:	fb 89       	ldd	r31, Y+19	; 0x13
    10a6:	80 81       	ld	r24, Z
    10a8:	80 62       	ori	r24, 0x20	; 32
    10aa:	cf cf       	rjmp	.-98     	; 0x104a <HardwareSerial::write(unsigned char)+0x38>

000010ac <HardwareSerial::flush()>:
_ZN14HardwareSerial5flushEv():
/home/jgalera/.arduino15/packages/MiniCore/hardware/avr/3.1.1/cores/MCUdude_corefiles/HardwareSerial.cpp:203
  if (head >= tail) return SERIAL_TX_BUFFER_SIZE - 1 - head + tail;
  return tail - head - 1;
}

void HardwareSerial::flush()
{
    10ac:	cf 93       	push	r28
    10ae:	df 93       	push	r29
    10b0:	ec 01       	movw	r28, r24
/home/jgalera/.arduino15/packages/MiniCore/hardware/avr/3.1.1/cores/MCUdude_corefiles/HardwareSerial.cpp:207
  // If we have never written a byte, no need to flush. This special
  // case is needed since there is no way to force the TXC (transmit
  // complete) bit to 1 during initialization
  if (!_written)
    10b2:	88 8d       	ldd	r24, Y+24	; 0x18
    10b4:	88 23       	and	r24, r24
    10b6:	b9 f0       	breq	.+46     	; 0x10e6 <HardwareSerial::flush()+0x3a>
/home/jgalera/.arduino15/packages/MiniCore/hardware/avr/3.1.1/cores/MCUdude_corefiles/HardwareSerial.cpp:210
    return;

  while (bit_is_set(*_ucsrb, UDRIE0) || bit_is_clear(*_ucsra, TXC0)) {
    10b8:	aa 89       	ldd	r26, Y+18	; 0x12
    10ba:	bb 89       	ldd	r27, Y+19	; 0x13
    10bc:	e8 89       	ldd	r30, Y+16	; 0x10
    10be:	f9 89       	ldd	r31, Y+17	; 0x11
    10c0:	8c 91       	ld	r24, X
    10c2:	85 fd       	sbrc	r24, 5
    10c4:	03 c0       	rjmp	.+6      	; 0x10cc <HardwareSerial::flush()+0x20>
    10c6:	80 81       	ld	r24, Z
    10c8:	86 fd       	sbrc	r24, 6
    10ca:	0d c0       	rjmp	.+26     	; 0x10e6 <HardwareSerial::flush()+0x3a>
/home/jgalera/.arduino15/packages/MiniCore/hardware/avr/3.1.1/cores/MCUdude_corefiles/HardwareSerial.cpp:211
    if (bit_is_clear(SREG, SREG_I) && bit_is_set(*_ucsrb, UDRIE0))
    10cc:	0f b6       	in	r0, 0x3f	; 63
    10ce:	07 fc       	sbrc	r0, 7
    10d0:	f7 cf       	rjmp	.-18     	; 0x10c0 <HardwareSerial::flush()+0x14>
    10d2:	8c 91       	ld	r24, X
    10d4:	85 ff       	sbrs	r24, 5
    10d6:	f2 cf       	rjmp	.-28     	; 0x10bc <HardwareSerial::flush()+0x10>
/home/jgalera/.arduino15/packages/MiniCore/hardware/avr/3.1.1/cores/MCUdude_corefiles/HardwareSerial.cpp:215
      // Interrupts are globally disabled, but the DR empty
      // interrupt should be enabled, so poll the DR empty flag to
      // prevent deadlock
      if (bit_is_set(*_ucsra, UDRE0))
    10d8:	80 81       	ld	r24, Z
    10da:	85 ff       	sbrs	r24, 5
    10dc:	ed cf       	rjmp	.-38     	; 0x10b8 <HardwareSerial::flush()+0xc>
/home/jgalera/.arduino15/packages/MiniCore/hardware/avr/3.1.1/cores/MCUdude_corefiles/HardwareSerial.cpp:216
        _tx_udr_empty_irq();
    10de:	ce 01       	movw	r24, r28
    10e0:	0e 94 e7 07 	call	0xfce	; 0xfce <HardwareSerial::_tx_udr_empty_irq()>
    10e4:	e9 cf       	rjmp	.-46     	; 0x10b8 <HardwareSerial::flush()+0xc>
/home/jgalera/.arduino15/packages/MiniCore/hardware/avr/3.1.1/cores/MCUdude_corefiles/HardwareSerial.cpp:220
  }
  // If we get here, nothing is queued anymore (DRIE is disabled) and
  // the hardware finished tranmission (TXC is set).
}
    10e6:	df 91       	pop	r29
    10e8:	cf 91       	pop	r28
    10ea:	08 95       	ret

000010ec <LCD::pre() [clone .constprop.56]>:
_ZN3LCD3preEv.constprop.56():
/home/jgalera/develop/arduino/usdx/usdx_plus_orange/src/driver/display.cpp:335
  nib((b), true);
  Wire.endTransmission();
  return 1;
}
#else
void LCD::pre() {
    10ec:	0f 93       	push	r16
    10ee:	1f 93       	push	r17
/home/jgalera/develop/arduino/usdx/usdx_plus_orange/src/driver/display.cpp:337
#ifdef _SERIAL
  if (!vox)
    10f0:	80 91 19 06 	lds	r24, 0x0619	; 0x800619 <vox>
    10f4:	81 11       	cpse	r24, r1
    10f6:	1b c0       	rjmp	.+54     	; 0x112e <LCD::pre() [clone .constprop.56]+0x42>
/home/jgalera/develop/arduino/usdx/usdx_plus_orange/src/driver/display.cpp:338
    if (cat_active) {
    10f8:	80 91 18 06 	lds	r24, 0x0618	; 0x800618 <cat_active>
    10fc:	88 23       	and	r24, r24
    10fe:	b9 f0       	breq	.+46     	; 0x112e <LCD::pre() [clone .constprop.56]+0x42>
/home/jgalera/develop/arduino/usdx/usdx_plus_orange/src/driver/display.cpp:339
      Serial.flush();
    1100:	8a e1       	ldi	r24, 0x1A	; 26
    1102:	96 e0       	ldi	r25, 0x06	; 6
    1104:	0e 94 56 08 	call	0x10ac	; 0x10ac <HardwareSerial::flush()>
/home/jgalera/develop/arduino/usdx/usdx_plus_orange/src/driver/display.cpp:340
      for (; millis() < rxend_event;)
    1108:	0e 94 60 07 	call	0xec0	; 0xec0 <millis>
    110c:	00 91 14 06 	lds	r16, 0x0614	; 0x800614 <rxend_event>
    1110:	10 91 15 06 	lds	r17, 0x0615	; 0x800615 <rxend_event+0x1>
    1114:	20 91 16 06 	lds	r18, 0x0616	; 0x800616 <rxend_event+0x2>
    1118:	30 91 17 06 	lds	r19, 0x0617	; 0x800617 <rxend_event+0x3>
    111c:	60 17       	cp	r22, r16
    111e:	71 07       	cpc	r23, r17
    1120:	82 07       	cpc	r24, r18
    1122:	93 07       	cpc	r25, r19
    1124:	10 f4       	brcc	.+4      	; 0x112a <LCD::pre() [clone .constprop.56]+0x3e>
/home/jgalera/develop/arduino/usdx/usdx_plus_orange/src/driver/display.cpp:341
        wdt_reset();
    1126:	a8 95       	wdr
    1128:	ef cf       	rjmp	.-34     	; 0x1108 <LCD::pre() [clone .constprop.56]+0x1c>
/home/jgalera/develop/arduino/usdx/usdx_plus_orange/src/driver/display.cpp:342
      PORTC |= 1 << 2;
    112a:	42 9a       	sbi	0x08, 2	; 8
/home/jgalera/develop/arduino/usdx/usdx_plus_orange/src/driver/display.cpp:343
      DDRC |= 1 << 2;
    112c:	3a 9a       	sbi	0x07, 2	; 7
/home/jgalera/develop/arduino/usdx/usdx_plus_orange/src/driver/display.cpp:345
    }
  UCSR0B &= ~((1 << RXEN0) | (1 << TXEN0));
    112e:	80 91 c1 00 	lds	r24, 0x00C1	; 0x8000c1 <__DATA_REGION_ORIGIN__+0x61>
    1132:	87 7e       	andi	r24, 0xE7	; 231
    1134:	80 93 c1 00 	sts	0x00C1, r24	; 0x8000c1 <__DATA_REGION_ORIGIN__+0x61>
/home/jgalera/develop/arduino/usdx/usdx_plus_orange/src/driver/display.cpp:347
#endif
  noInterrupts();
    1138:	f8 94       	cli
/home/jgalera/develop/arduino/usdx/usdx_plus_orange/src/driver/display.cpp:348
}
    113a:	1f 91       	pop	r17
    113c:	0f 91       	pop	r16
    113e:	08 95       	ret

00001140 <LCD::nib(unsigned char) [clone .constprop.55]>:
_ZN3LCD3nibEh.constprop.55():
/home/jgalera/develop/arduino/usdx/usdx_plus_orange/src/driver/display.cpp:395
  post();
  delayMicroseconds(60);
  return 1;
}
#else
void LCD::nib(uint8_t b) {
    1140:	cf 93       	push	r28
    1142:	c8 2f       	mov	r28, r24
/home/jgalera/develop/arduino/usdx/usdx_plus_orange/src/driver/display.cpp:396
  pre();
    1144:	0e 94 76 08 	call	0x10ec	; 0x10ec <LCD::pre() [clone .constprop.56]>
/home/jgalera/develop/arduino/usdx/usdx_plus_orange/src/driver/display.cpp:397
  PORTD = LCD_PREP_NIBBLE(b);
    1148:	8b b1       	in	r24, 0x0b	; 11
    114a:	80 7f       	andi	r24, 0xF0	; 240
    114c:	80 61       	ori	r24, 0x10	; 16
    114e:	8c 2b       	or	r24, r28
    1150:	8b b9       	out	0x0b, r24	; 11
/home/jgalera/develop/arduino/usdx/usdx_plus_orange/src/driver/display.cpp:398
  delayMicroseconds(4);
    1152:	84 e0       	ldi	r24, 0x04	; 4
    1154:	90 e0       	ldi	r25, 0x00	; 0
    1156:	0e 94 00 07 	call	0xe00	; 0xe00 <delayMicroseconds>
/home/jgalera/develop/arduino/usdx/usdx_plus_orange/src/driver/display.cpp:399
  LCD_EN_LO();
    115a:	5c 98       	cbi	0x0b, 4	; 11
/home/jgalera/develop/arduino/usdx/usdx_plus_orange/src/driver/display.cpp:400
  post();
    115c:	0e 94 a7 01 	call	0x34e	; 0x34e <LCD::post() [clone .constprop.57]>
/home/jgalera/develop/arduino/usdx/usdx_plus_orange/src/driver/display.cpp:401
  delayMicroseconds(60);
    1160:	8c e3       	ldi	r24, 0x3C	; 60
    1162:	90 e0       	ldi	r25, 0x00	; 0
/home/jgalera/develop/arduino/usdx/usdx_plus_orange/src/driver/display.cpp:402
}
    1164:	cf 91       	pop	r28
/home/jgalera/develop/arduino/usdx/usdx_plus_orange/src/driver/display.cpp:401
  pre();
  PORTD = LCD_PREP_NIBBLE(b);
  delayMicroseconds(4);
  LCD_EN_LO();
  post();
  delayMicroseconds(60);
    1166:	0c 94 00 07 	jmp	0xe00	; 0xe00 <delayMicroseconds>

0000116a <LCD::cmd(unsigned char) [clone .constprop.54]>:
_ZN3LCD3cmdEh.constprop.54():
/home/jgalera/develop/arduino/usdx/usdx_plus_orange/src/driver/display.cpp:403
}
void LCD::cmd(uint8_t b) {
    116a:	cf 93       	push	r28
    116c:	c8 2f       	mov	r28, r24
/home/jgalera/develop/arduino/usdx/usdx_plus_orange/src/driver/display.cpp:404
  nib(b >> 4);
    116e:	82 95       	swap	r24
    1170:	8f 70       	andi	r24, 0x0F	; 15
    1172:	0e 94 a0 08 	call	0x1140	; 0x1140 <LCD::nib(unsigned char) [clone .constprop.55]>
/home/jgalera/develop/arduino/usdx/usdx_plus_orange/src/driver/display.cpp:405
  nib(b & 0xf);
    1176:	8c 2f       	mov	r24, r28
    1178:	8f 70       	andi	r24, 0x0F	; 15
/home/jgalera/develop/arduino/usdx/usdx_plus_orange/src/driver/display.cpp:406
}
    117a:	cf 91       	pop	r28
/home/jgalera/develop/arduino/usdx/usdx_plus_orange/src/driver/display.cpp:405
  post();
  delayMicroseconds(60);
}
void LCD::cmd(uint8_t b) {
  nib(b >> 4);
  nib(b & 0xf);
    117c:	0c 94 a0 08 	jmp	0x1140	; 0x1140 <LCD::nib(unsigned char) [clone .constprop.55]>

00001180 <LCD::noCursor() [clone .constprop.50]>:
_ZN3LCD8noCursorEv.constprop.50():
/home/jgalera/develop/arduino/usdx/usdx_plus_orange/src/driver/display.cpp:433
}
#else
void LCD::setCursor(uint8_t x, uint8_t y) { cmd(0x80 | (x + y * 0x40)); }
#endif
void LCD::cursor() { cmd(0x0e); }
void LCD::noCursor() { cmd(0x0c); }
    1180:	8c e0       	ldi	r24, 0x0C	; 12
    1182:	0c 94 b5 08 	jmp	0x116a	; 0x116a <LCD::cmd(unsigned char) [clone .constprop.54]>

00001186 <IOExpander16::SendRegister(unsigned char, unsigned char) [clone .isra.0]>:
_ZN12IOExpander1612SendRegisterEhh.isra.0():
/home/jgalera/develop/arduino/usdx/usdx_plus_orange/src/hardware/io_expander.cpp:70
#define IOEXP16_ADDR 0x24
#endif
#ifdef LPF_SWITCHING_DL2MAN_USDX_REV3
#define IOEXP16_ADDR 0x20
#endif
  void SendRegister(uint8_t reg, uint8_t val) {
    1186:	cf 93       	push	r28
    1188:	df 93       	push	r29
    118a:	d8 2f       	mov	r29, r24
    118c:	c6 2f       	mov	r28, r22
beginTransmission():
/home/jgalera/develop/arduino/usdx/usdx_plus_orange/src/hardware/soft_i2c.cpp:158
}

void I2C::begin() {}

void I2C::beginTransmission(uint8_t addr) {
  start();
    118e:	0e 94 68 02 	call	0x4d0	; 0x4d0 <I2C::start() [clone .constprop.35]>
/home/jgalera/develop/arduino/usdx/usdx_plus_orange/src/hardware/soft_i2c.cpp:159
  SendByte(addr << 1);
    1192:	80 e4       	ldi	r24, 0x40	; 64
    1194:	0e 94 e0 01 	call	0x3c0	; 0x3c0 <I2C::SendByte(unsigned char) [clone .constprop.36]>
write():
/home/jgalera/develop/arduino/usdx/usdx_plus_orange/src/hardware/soft_i2c.cpp:163
}

bool I2C::write(uint8_t byte) {
  SendByte(byte);
    1198:	8d 2f       	mov	r24, r29
    119a:	0e 94 e0 01 	call	0x3c0	; 0x3c0 <I2C::SendByte(unsigned char) [clone .constprop.36]>
    119e:	8c 2f       	mov	r24, r28
    11a0:	0e 94 e0 01 	call	0x3c0	; 0x3c0 <I2C::SendByte(unsigned char) [clone .constprop.36]>
_ZN12IOExpander1612SendRegisterEhh.isra.0():
/home/jgalera/develop/arduino/usdx/usdx_plus_orange/src/hardware/io_expander.cpp:76
    i2c.begin();
    i2c.beginTransmission(IOEXP16_ADDR);
    i2c.write(reg);
    i2c.write(val);
    i2c.endTransmission();
  }
    11a4:	df 91       	pop	r29
    11a6:	cf 91       	pop	r28
endTransmission():
/home/jgalera/develop/arduino/usdx/usdx_plus_orange/src/hardware/soft_i2c.cpp:168
  return 1;
}

uint8_t I2C::endTransmission() {
  stop();
    11a8:	0c 94 bd 01 	jmp	0x37a	; 0x37a <I2C::stop() [clone .constprop.39]>

000011ac <IOExpander16::write(unsigned int) [clone .isra.1]>:
_ZN12IOExpander165writeEj.isra.1():
/home/jgalera/develop/arduino/usdx/usdx_plus_orange/src/hardware/io_expander.cpp:78
  void init() { write(0U); }
  void write(uint16_t data) {
    11ac:	cf 93       	push	r28
    11ae:	df 93       	push	r29
    11b0:	d8 2f       	mov	r29, r24
    11b2:	c9 2f       	mov	r28, r25
/home/jgalera/develop/arduino/usdx/usdx_plus_orange/src/hardware/io_expander.cpp:79
    SendRegister(0x07, 0xff);
    11b4:	6f ef       	ldi	r22, 0xFF	; 255
    11b6:	87 e0       	ldi	r24, 0x07	; 7
    11b8:	0e 94 c3 08 	call	0x1186	; 0x1186 <IOExpander16::SendRegister(unsigned char, unsigned char) [clone .isra.0]>
/home/jgalera/develop/arduino/usdx/usdx_plus_orange/src/hardware/io_expander.cpp:80
    SendRegister(0x06, 0xff); /*Common last!*/
    11bc:	6f ef       	ldi	r22, 0xFF	; 255
    11be:	86 e0       	ldi	r24, 0x06	; 6
    11c0:	0e 94 c3 08 	call	0x1186	; 0x1186 <IOExpander16::SendRegister(unsigned char, unsigned char) [clone .isra.0]>
/home/jgalera/develop/arduino/usdx/usdx_plus_orange/src/hardware/io_expander.cpp:81
    SendRegister(0x02, data);
    11c4:	6d 2f       	mov	r22, r29
    11c6:	82 e0       	ldi	r24, 0x02	; 2
    11c8:	0e 94 c3 08 	call	0x1186	; 0x1186 <IOExpander16::SendRegister(unsigned char, unsigned char) [clone .isra.0]>
/home/jgalera/develop/arduino/usdx/usdx_plus_orange/src/hardware/io_expander.cpp:82
    SendRegister(0x06, 0x00); /*Common first!*/
    11cc:	60 e0       	ldi	r22, 0x00	; 0
    11ce:	86 e0       	ldi	r24, 0x06	; 6
    11d0:	0e 94 c3 08 	call	0x1186	; 0x1186 <IOExpander16::SendRegister(unsigned char, unsigned char) [clone .isra.0]>
/home/jgalera/develop/arduino/usdx/usdx_plus_orange/src/hardware/io_expander.cpp:83
    SendRegister(0x03, data >> 8);
    11d4:	6c 2f       	mov	r22, r28
    11d6:	83 e0       	ldi	r24, 0x03	; 3
    11d8:	0e 94 c3 08 	call	0x1186	; 0x1186 <IOExpander16::SendRegister(unsigned char, unsigned char) [clone .isra.0]>
/home/jgalera/develop/arduino/usdx/usdx_plus_orange/src/hardware/io_expander.cpp:84
    SendRegister(0x07, 0x00);
    11dc:	60 e0       	ldi	r22, 0x00	; 0
    11de:	87 e0       	ldi	r24, 0x07	; 7
/home/jgalera/develop/arduino/usdx/usdx_plus_orange/src/hardware/io_expander.cpp:85
  }
    11e0:	df 91       	pop	r29
    11e2:	cf 91       	pop	r28
/home/jgalera/develop/arduino/usdx/usdx_plus_orange/src/hardware/io_expander.cpp:84
    SendRegister(0x07, 0xff);
    SendRegister(0x06, 0xff); /*Common last!*/
    SendRegister(0x02, data);
    SendRegister(0x06, 0x00); /*Common first!*/
    SendRegister(0x03, data >> 8);
    SendRegister(0x07, 0x00);
    11e4:	0c 94 c3 08 	jmp	0x1186	; 0x1186 <IOExpander16::SendRegister(unsigned char, unsigned char) [clone .isra.0]>

000011e8 <adc_start(unsigned char, bool, unsigned long)>:
_Z9adc_starthbm():
/home/jgalera/develop/arduino/usdx/usdx_plus_orange/src/hal/hal.cpp:16
    y++;
  return y;
}

void adc_start(uint8_t adcpin, bool ref1v1, uint32_t fs) {
  DIDR0 |= (1 << adcpin);   // disable digital input
    11e8:	90 91 7e 00 	lds	r25, 0x007E	; 0x80007e <__DATA_REGION_ORIGIN__+0x1e>
    11ec:	e1 e0       	ldi	r30, 0x01	; 1
    11ee:	f0 e0       	ldi	r31, 0x00	; 0
    11f0:	08 2e       	mov	r0, r24
    11f2:	01 c0       	rjmp	.+2      	; 0x11f6 <adc_start(unsigned char, bool, unsigned long)+0xe>
    11f4:	ee 0f       	add	r30, r30
    11f6:	0a 94       	dec	r0
    11f8:	ea f7       	brpl	.-6      	; 0x11f4 <adc_start(unsigned char, bool, unsigned long)+0xc>
    11fa:	9e 2b       	or	r25, r30
    11fc:	90 93 7e 00 	sts	0x007E, r25	; 0x80007e <__DATA_REGION_ORIGIN__+0x1e>
/home/jgalera/develop/arduino/usdx/usdx_plus_orange/src/hal/hal.cpp:17
  ADCSRA = 0;               // clear ADCSRA register
    1200:	10 92 7a 00 	sts	0x007A, r1	; 0x80007a <__DATA_REGION_ORIGIN__+0x1a>
/home/jgalera/develop/arduino/usdx/usdx_plus_orange/src/hal/hal.cpp:18
  ADCSRB = 0;               // clear ADCSRB register
    1204:	10 92 7b 00 	sts	0x007B, r1	; 0x80007b <__DATA_REGION_ORIGIN__+0x1b>
/home/jgalera/develop/arduino/usdx/usdx_plus_orange/src/hal/hal.cpp:19
  ADMUX = 0;                // clear ADMUX register
    1208:	10 92 7c 00 	sts	0x007C, r1	; 0x80007c <__DATA_REGION_ORIGIN__+0x1c>
/home/jgalera/develop/arduino/usdx/usdx_plus_orange/src/hal/hal.cpp:20
  ADMUX |= (adcpin & 0x0f); // set analog input pin
    120c:	90 91 7c 00 	lds	r25, 0x007C	; 0x80007c <__DATA_REGION_ORIGIN__+0x1c>
    1210:	89 2b       	or	r24, r25
    1212:	80 93 7c 00 	sts	0x007C, r24	; 0x80007c <__DATA_REGION_ORIGIN__+0x1c>
/home/jgalera/develop/arduino/usdx/usdx_plus_orange/src/hal/hal.cpp:21
  ADMUX |= ((ref1v1) ? (1 << REFS1) : 0) |
    1216:	80 91 7c 00 	lds	r24, 0x007C	; 0x80007c <__DATA_REGION_ORIGIN__+0x1c>
    121a:	90 e4       	ldi	r25, 0x40	; 64
    121c:	61 11       	cpse	r22, r1
    121e:	90 ec       	ldi	r25, 0xC0	; 192
    1220:	89 2b       	or	r24, r25
    1222:	80 93 7c 00 	sts	0x007C, r24	; 0x80007c <__DATA_REGION_ORIGIN__+0x1c>
/home/jgalera/develop/arduino/usdx/usdx_plus_orange/src/hal/hal.cpp:25
           (1 << REFS0); // If reflvl == true, set AREF=1.1V (Internal ref);
                         // otherwise AREF=AVCC=(5V)
  ADCSRA |=
      ((uint8_t)log2((uint8_t)(F_CPU / 13 / fs))) &
    1226:	61 eb       	ldi	r22, 0xB1	; 177
    1228:	77 ec       	ldi	r23, 0xC7	; 199
    122a:	82 e1       	ldi	r24, 0x12	; 18
    122c:	90 e0       	ldi	r25, 0x00	; 0
    122e:	0e 94 95 39 	call	0x732a	; 0x732a <__udivmodsi4>
/home/jgalera/develop/arduino/usdx/usdx_plus_orange/src/core/core.cpp:120
  last_state = (_digitalRead(ROT_B) << 1) | _digitalRead(ROT_A);
  interrupts();
}

uint8_t log2(uint16_t x) {
  uint8_t y = 0;
    1232:	80 e0       	ldi	r24, 0x00	; 0
log2():
/home/jgalera/develop/arduino/usdx/usdx_plus_orange/src/core/core.cpp:121
  for (; x >>= 1;)
    1234:	36 95       	lsr	r19
    1236:	27 95       	ror	r18
    1238:	21 15       	cp	r18, r1
    123a:	31 05       	cpc	r19, r1
    123c:	11 f0       	breq	.+4      	; 0x1242 <adc_start(unsigned char, bool, unsigned long)+0x5a>
/home/jgalera/develop/arduino/usdx/usdx_plus_orange/src/core/core.cpp:122
    y++;
    123e:	8f 5f       	subi	r24, 0xFF	; 255
    1240:	f9 cf       	rjmp	.-14     	; 0x1234 <adc_start(unsigned char, bool, unsigned long)+0x4c>
_Z9adc_starthbm():
/home/jgalera/develop/arduino/usdx/usdx_plus_orange/src/hal/hal.cpp:24
  ADMUX = 0;                // clear ADMUX register
  ADMUX |= (adcpin & 0x0f); // set analog input pin
  ADMUX |= ((ref1v1) ? (1 << REFS1) : 0) |
           (1 << REFS0); // If reflvl == true, set AREF=1.1V (Internal ref);
                         // otherwise AREF=AVCC=(5V)
  ADCSRA |=
    1242:	90 91 7a 00 	lds	r25, 0x007A	; 0x80007a <__DATA_REGION_ORIGIN__+0x1a>
    1246:	87 70       	andi	r24, 0x07	; 7
    1248:	89 2b       	or	r24, r25
    124a:	80 93 7a 00 	sts	0x007A, r24	; 0x80007a <__DATA_REGION_ORIGIN__+0x1a>
/home/jgalera/develop/arduino/usdx/usdx_plus_orange/src/hal/hal.cpp:30
      ((uint8_t)log2((uint8_t)(F_CPU / 13 / fs))) &
      0x07; // ADC Prescaler (for normal conversions non-auto-triggered): ADPS =
            // log2(F_CPU / 13 / Fs) - 1; ADSP=0..7 resulting in resp.
            // conversion rate of 1536, 768, 384, 192, 96, 48, 24, 12 kHz
  // ADCSRA |= (1 << ADIE);  // enable interrupts when measurement complete
  ADCSRA |= (1 << ADEN); // enable ADC
    124e:	80 91 7a 00 	lds	r24, 0x007A	; 0x80007a <__DATA_REGION_ORIGIN__+0x1a>
    1252:	80 68       	ori	r24, 0x80	; 128
    1254:	80 93 7a 00 	sts	0x007A, r24	; 0x80007a <__DATA_REGION_ORIGIN__+0x1a>
/home/jgalera/develop/arduino/usdx/usdx_plus_orange/src/hal/hal.cpp:39
  //  integrity, therefore Idle sleep is better alternative (keeping clkIO as an
  //  active clock domain)
  set_sleep_mode(SLEEP_MODE_IDLE);
  sleep_enable();
#endif
}
    1258:	08 95       	ret

0000125a <sdr_rx_07()>:
_Z15sdr_rx_common_qv():
/home/jgalera/develop/arduino/usdx/usdx_plus_orange/src/dsp/dsp.cpp:1305
// */

static int16_t ozi1, ozi2;

inline int16_t sdr_rx_common_q() {
  ADMUX = admux[0];
    125a:	80 91 e5 05 	lds	r24, 0x05E5	; 0x8005e5 <admux>
    125e:	80 93 7c 00 	sts	0x007C, r24	; 0x80007c <__DATA_REGION_ORIGIN__+0x1c>
/home/jgalera/develop/arduino/usdx/usdx_plus_orange/src/dsp/dsp.cpp:1306
  ADCSRA |= (1 << ADSC);
    1262:	ea e7       	ldi	r30, 0x7A	; 122
    1264:	f0 e0       	ldi	r31, 0x00	; 0
    1266:	80 81       	ld	r24, Z
    1268:	80 64       	ori	r24, 0x40	; 64
    126a:	80 83       	st	Z, r24
/home/jgalera/develop/arduino/usdx/usdx_plus_orange/src/dsp/dsp.cpp:1307
  int16_t ac = ADC - 511;
    126c:	20 91 78 00 	lds	r18, 0x0078	; 0x800078 <__DATA_REGION_ORIGIN__+0x18>
    1270:	30 91 79 00 	lds	r19, 0x0079	; 0x800079 <__DATA_REGION_ORIGIN__+0x19>
    1274:	2f 5f       	subi	r18, 0xFF	; 255
    1276:	31 40       	sbci	r19, 0x01	; 1
_Z9sdr_rx_07v():
/home/jgalera/develop/arduino/usdx/usdx_plus_orange/src/dsp/dsp.cpp:1294
  q_s0zb1 = q_s0zb0;
  q_s0zb0 = ac;
}
void sdr_rx_07() {
  int16_t ac = sdr_rx_common_q();
  func_ptr = sdr_rx_00;
    1278:	84 e7       	ldi	r24, 0x74	; 116
    127a:	9b e0       	ldi	r25, 0x0B	; 11
    127c:	90 93 bb 05 	sts	0x05BB, r25	; 0x8005bb <func_ptr+0x1>
    1280:	80 93 ba 05 	sts	0x05BA, r24	; 0x8005ba <func_ptr>
/home/jgalera/develop/arduino/usdx/usdx_plus_orange/src/dsp/dsp.cpp:1295
  int16_t q_s1za0 = (ac + (q_s0za1 + q_s0zb0) * 3 + q_s0zb1) >> M_SR;
    1284:	80 91 96 05 	lds	r24, 0x0596	; 0x800596 <q_s0za1>
    1288:	90 91 97 05 	lds	r25, 0x0597	; 0x800597 <q_s0za1+0x1>
    128c:	40 91 94 05 	lds	r20, 0x0594	; 0x800594 <q_s0zb0>
    1290:	50 91 95 05 	lds	r21, 0x0595	; 0x800595 <q_s0zb0+0x1>
    1294:	48 0f       	add	r20, r24
    1296:	59 1f       	adc	r21, r25
    1298:	ca 01       	movw	r24, r20
    129a:	88 0f       	add	r24, r24
    129c:	99 1f       	adc	r25, r25
    129e:	84 0f       	add	r24, r20
    12a0:	95 1f       	adc	r25, r21
    12a2:	82 0f       	add	r24, r18
    12a4:	93 1f       	adc	r25, r19
    12a6:	40 91 92 05 	lds	r20, 0x0592	; 0x800592 <q_s0zb1>
    12aa:	50 91 93 05 	lds	r21, 0x0593	; 0x800593 <q_s0zb1+0x1>
    12ae:	84 0f       	add	r24, r20
    12b0:	95 1f       	adc	r25, r21
    12b2:	95 95       	asr	r25
    12b4:	87 95       	ror	r24
/home/jgalera/develop/arduino/usdx/usdx_plus_orange/src/dsp/dsp.cpp:1296
  q_s0za1 = ac;
    12b6:	30 93 97 05 	sts	0x0597, r19	; 0x800597 <q_s0za1+0x1>
    12ba:	20 93 96 05 	sts	0x0596, r18	; 0x800596 <q_s0za1>
/home/jgalera/develop/arduino/usdx/usdx_plus_orange/src/dsp/dsp.cpp:1297
  q_ac2 = (q_s1za0 + (q_s1za1 + q_s1zb0) * 3 + q_s1zb1);
    12be:	20 91 90 05 	lds	r18, 0x0590	; 0x800590 <q_s1za1>
    12c2:	30 91 91 05 	lds	r19, 0x0591	; 0x800591 <q_s1za1+0x1>
    12c6:	40 91 8e 05 	lds	r20, 0x058E	; 0x80058e <q_s1zb0>
    12ca:	50 91 8f 05 	lds	r21, 0x058F	; 0x80058f <q_s1zb0+0x1>
    12ce:	42 0f       	add	r20, r18
    12d0:	53 1f       	adc	r21, r19
    12d2:	9a 01       	movw	r18, r20
    12d4:	22 0f       	add	r18, r18
    12d6:	33 1f       	adc	r19, r19
    12d8:	24 0f       	add	r18, r20
    12da:	35 1f       	adc	r19, r21
    12dc:	28 0f       	add	r18, r24
    12de:	39 1f       	adc	r19, r25
    12e0:	40 91 8c 05 	lds	r20, 0x058C	; 0x80058c <q_s1zb1>
    12e4:	50 91 8d 05 	lds	r21, 0x058D	; 0x80058d <q_s1zb1+0x1>
    12e8:	24 0f       	add	r18, r20
    12ea:	35 1f       	adc	r19, r21
    12ec:	30 93 8b 05 	sts	0x058B, r19	; 0x80058b <q_ac2+0x1>
    12f0:	20 93 8a 05 	sts	0x058A, r18	; 0x80058a <q_ac2>
/home/jgalera/develop/arduino/usdx/usdx_plus_orange/src/dsp/dsp.cpp:1298
  q_s1za1 = q_s1za0;
    12f4:	90 93 91 05 	sts	0x0591, r25	; 0x800591 <q_s1za1+0x1>
    12f8:	80 93 90 05 	sts	0x0590, r24	; 0x800590 <q_s1za1>
/home/jgalera/develop/arduino/usdx/usdx_plus_orange/src/dsp/dsp.cpp:1299
}
    12fc:	08 95       	ret

000012fe <sdr_rx_05()>:
_Z15sdr_rx_common_qv():
/home/jgalera/develop/arduino/usdx/usdx_plus_orange/src/dsp/dsp.cpp:1305
// */

static int16_t ozi1, ozi2;

inline int16_t sdr_rx_common_q() {
  ADMUX = admux[0];
    12fe:	80 91 e5 05 	lds	r24, 0x05E5	; 0x8005e5 <admux>
    1302:	80 93 7c 00 	sts	0x007C, r24	; 0x80007c <__DATA_REGION_ORIGIN__+0x1c>
/home/jgalera/develop/arduino/usdx/usdx_plus_orange/src/dsp/dsp.cpp:1306
  ADCSRA |= (1 << ADSC);
    1306:	ea e7       	ldi	r30, 0x7A	; 122
    1308:	f0 e0       	ldi	r31, 0x00	; 0
    130a:	80 81       	ld	r24, Z
    130c:	80 64       	ori	r24, 0x40	; 64
    130e:	80 83       	st	Z, r24
/home/jgalera/develop/arduino/usdx/usdx_plus_orange/src/dsp/dsp.cpp:1307
  int16_t ac = ADC - 511;
    1310:	80 91 78 00 	lds	r24, 0x0078	; 0x800078 <__DATA_REGION_ORIGIN__+0x18>
    1314:	90 91 79 00 	lds	r25, 0x0079	; 0x800079 <__DATA_REGION_ORIGIN__+0x19>
_Z9sdr_rx_05v():
/home/jgalera/develop/arduino/usdx/usdx_plus_orange/src/dsp/dsp.cpp:1288
  q_s1zb0 = (ac + (q_s0za1 + q_s0zb0) * 3 + q_s0zb1) >> M_SR;
  q_s0za1 = ac;
}
void sdr_rx_05() {
  int16_t ac = sdr_rx_common_q();
  func_ptr = sdr_rx_06;
    1318:	22 e0       	ldi	r18, 0x02	; 2
    131a:	3a e0       	ldi	r19, 0x0A	; 10
    131c:	30 93 bb 05 	sts	0x05BB, r19	; 0x8005bb <func_ptr+0x1>
    1320:	20 93 ba 05 	sts	0x05BA, r18	; 0x8005ba <func_ptr>
/home/jgalera/develop/arduino/usdx/usdx_plus_orange/src/dsp/dsp.cpp:1289
  q_s0zb1 = q_s0zb0;
    1324:	20 91 94 05 	lds	r18, 0x0594	; 0x800594 <q_s0zb0>
    1328:	30 91 95 05 	lds	r19, 0x0595	; 0x800595 <q_s0zb0+0x1>
    132c:	30 93 93 05 	sts	0x0593, r19	; 0x800593 <q_s0zb1+0x1>
    1330:	20 93 92 05 	sts	0x0592, r18	; 0x800592 <q_s0zb1>
_Z15sdr_rx_common_qv():
/home/jgalera/develop/arduino/usdx/usdx_plus_orange/src/dsp/dsp.cpp:1307
static int16_t ozi1, ozi2;

inline int16_t sdr_rx_common_q() {
  ADMUX = admux[0];
  ADCSRA |= (1 << ADSC);
  int16_t ac = ADC - 511;
    1334:	8f 5f       	subi	r24, 0xFF	; 255
    1336:	91 40       	sbci	r25, 0x01	; 1
_Z9sdr_rx_05v():
/home/jgalera/develop/arduino/usdx/usdx_plus_orange/src/dsp/dsp.cpp:1290
}
void sdr_rx_05() {
  int16_t ac = sdr_rx_common_q();
  func_ptr = sdr_rx_06;
  q_s0zb1 = q_s0zb0;
  q_s0zb0 = ac;
    1338:	90 93 95 05 	sts	0x0595, r25	; 0x800595 <q_s0zb0+0x1>
    133c:	80 93 94 05 	sts	0x0594, r24	; 0x800594 <q_s0zb0>
/home/jgalera/develop/arduino/usdx/usdx_plus_orange/src/dsp/dsp.cpp:1291
}
    1340:	08 95       	ret

00001342 <sdr_rx_03()>:
_Z15sdr_rx_common_qv():
/home/jgalera/develop/arduino/usdx/usdx_plus_orange/src/dsp/dsp.cpp:1305
// */

static int16_t ozi1, ozi2;

inline int16_t sdr_rx_common_q() {
  ADMUX = admux[0];
    1342:	80 91 e5 05 	lds	r24, 0x05E5	; 0x8005e5 <admux>
    1346:	80 93 7c 00 	sts	0x007C, r24	; 0x80007c <__DATA_REGION_ORIGIN__+0x1c>
/home/jgalera/develop/arduino/usdx/usdx_plus_orange/src/dsp/dsp.cpp:1306
  ADCSRA |= (1 << ADSC);
    134a:	ea e7       	ldi	r30, 0x7A	; 122
    134c:	f0 e0       	ldi	r31, 0x00	; 0
    134e:	80 81       	ld	r24, Z
    1350:	80 64       	ori	r24, 0x40	; 64
    1352:	80 83       	st	Z, r24
/home/jgalera/develop/arduino/usdx/usdx_plus_orange/src/dsp/dsp.cpp:1307
  int16_t ac = ADC - 511;
    1354:	20 91 78 00 	lds	r18, 0x0078	; 0x800078 <__DATA_REGION_ORIGIN__+0x18>
    1358:	30 91 79 00 	lds	r19, 0x0079	; 0x800079 <__DATA_REGION_ORIGIN__+0x19>
    135c:	2f 5f       	subi	r18, 0xFF	; 255
    135e:	31 40       	sbci	r19, 0x01	; 1
_Z9sdr_rx_03v():
/home/jgalera/develop/arduino/usdx/usdx_plus_orange/src/dsp/dsp.cpp:1281
  q_s0zb1 = q_s0zb0;
  q_s0zb0 = ac;
}
void sdr_rx_03() {
  int16_t ac = sdr_rx_common_q();
  func_ptr = sdr_rx_04;
    1360:	83 e7       	ldi	r24, 0x73	; 115
    1362:	9a e0       	ldi	r25, 0x0A	; 10
    1364:	90 93 bb 05 	sts	0x05BB, r25	; 0x8005bb <func_ptr+0x1>
    1368:	80 93 ba 05 	sts	0x05BA, r24	; 0x8005ba <func_ptr>
/home/jgalera/develop/arduino/usdx/usdx_plus_orange/src/dsp/dsp.cpp:1282
  q_s1zb1 = q_s1zb0;
    136c:	80 91 8e 05 	lds	r24, 0x058E	; 0x80058e <q_s1zb0>
    1370:	90 91 8f 05 	lds	r25, 0x058F	; 0x80058f <q_s1zb0+0x1>
    1374:	90 93 8d 05 	sts	0x058D, r25	; 0x80058d <q_s1zb1+0x1>
    1378:	80 93 8c 05 	sts	0x058C, r24	; 0x80058c <q_s1zb1>
/home/jgalera/develop/arduino/usdx/usdx_plus_orange/src/dsp/dsp.cpp:1283
  q_s1zb0 = (ac + (q_s0za1 + q_s0zb0) * 3 + q_s0zb1) >> M_SR;
    137c:	80 91 96 05 	lds	r24, 0x0596	; 0x800596 <q_s0za1>
    1380:	90 91 97 05 	lds	r25, 0x0597	; 0x800597 <q_s0za1+0x1>
    1384:	40 91 94 05 	lds	r20, 0x0594	; 0x800594 <q_s0zb0>
    1388:	50 91 95 05 	lds	r21, 0x0595	; 0x800595 <q_s0zb0+0x1>
    138c:	48 0f       	add	r20, r24
    138e:	59 1f       	adc	r21, r25
    1390:	ca 01       	movw	r24, r20
    1392:	88 0f       	add	r24, r24
    1394:	99 1f       	adc	r25, r25
    1396:	84 0f       	add	r24, r20
    1398:	95 1f       	adc	r25, r21
    139a:	82 0f       	add	r24, r18
    139c:	93 1f       	adc	r25, r19
    139e:	40 91 92 05 	lds	r20, 0x0592	; 0x800592 <q_s0zb1>
    13a2:	50 91 93 05 	lds	r21, 0x0593	; 0x800593 <q_s0zb1+0x1>
    13a6:	84 0f       	add	r24, r20
    13a8:	95 1f       	adc	r25, r21
    13aa:	95 95       	asr	r25
    13ac:	87 95       	ror	r24
    13ae:	90 93 8f 05 	sts	0x058F, r25	; 0x80058f <q_s1zb0+0x1>
    13b2:	80 93 8e 05 	sts	0x058E, r24	; 0x80058e <q_s1zb0>
/home/jgalera/develop/arduino/usdx/usdx_plus_orange/src/dsp/dsp.cpp:1284
  q_s0za1 = ac;
    13b6:	30 93 97 05 	sts	0x0597, r19	; 0x800597 <q_s0za1+0x1>
    13ba:	20 93 96 05 	sts	0x0596, r18	; 0x800596 <q_s0za1>
/home/jgalera/develop/arduino/usdx/usdx_plus_orange/src/dsp/dsp.cpp:1285
}
    13be:	08 95       	ret

000013c0 <sdr_rx_01()>:
_Z15sdr_rx_common_qv():
/home/jgalera/develop/arduino/usdx/usdx_plus_orange/src/dsp/dsp.cpp:1305
// */

static int16_t ozi1, ozi2;

inline int16_t sdr_rx_common_q() {
  ADMUX = admux[0];
    13c0:	80 91 e5 05 	lds	r24, 0x05E5	; 0x8005e5 <admux>
    13c4:	80 93 7c 00 	sts	0x007C, r24	; 0x80007c <__DATA_REGION_ORIGIN__+0x1c>
/home/jgalera/develop/arduino/usdx/usdx_plus_orange/src/dsp/dsp.cpp:1306
  ADCSRA |= (1 << ADSC);
    13c8:	ea e7       	ldi	r30, 0x7A	; 122
    13ca:	f0 e0       	ldi	r31, 0x00	; 0
    13cc:	80 81       	ld	r24, Z
    13ce:	80 64       	ori	r24, 0x40	; 64
    13d0:	80 83       	st	Z, r24
/home/jgalera/develop/arduino/usdx/usdx_plus_orange/src/dsp/dsp.cpp:1307
  int16_t ac = ADC - 511;
    13d2:	80 91 78 00 	lds	r24, 0x0078	; 0x800078 <__DATA_REGION_ORIGIN__+0x18>
    13d6:	90 91 79 00 	lds	r25, 0x0079	; 0x800079 <__DATA_REGION_ORIGIN__+0x19>
_Z9sdr_rx_01v():
/home/jgalera/develop/arduino/usdx/usdx_plus_orange/src/dsp/dsp.cpp:1275
  i_s0zb1 = i_s0zb0;
  i_s0zb0 = ac;
}
void sdr_rx_01() {
  int16_t ac = sdr_rx_common_q();
  func_ptr = sdr_rx_02;
    13da:	23 e0       	ldi	r18, 0x03	; 3
    13dc:	3b e0       	ldi	r19, 0x0B	; 11
    13de:	30 93 bb 05 	sts	0x05BB, r19	; 0x8005bb <func_ptr+0x1>
    13e2:	20 93 ba 05 	sts	0x05BA, r18	; 0x8005ba <func_ptr>
/home/jgalera/develop/arduino/usdx/usdx_plus_orange/src/dsp/dsp.cpp:1276
  q_s0zb1 = q_s0zb0;
    13e6:	20 91 94 05 	lds	r18, 0x0594	; 0x800594 <q_s0zb0>
    13ea:	30 91 95 05 	lds	r19, 0x0595	; 0x800595 <q_s0zb0+0x1>
    13ee:	30 93 93 05 	sts	0x0593, r19	; 0x800593 <q_s0zb1+0x1>
    13f2:	20 93 92 05 	sts	0x0592, r18	; 0x800592 <q_s0zb1>
_Z15sdr_rx_common_qv():
/home/jgalera/develop/arduino/usdx/usdx_plus_orange/src/dsp/dsp.cpp:1307
static int16_t ozi1, ozi2;

inline int16_t sdr_rx_common_q() {
  ADMUX = admux[0];
  ADCSRA |= (1 << ADSC);
  int16_t ac = ADC - 511;
    13f6:	8f 5f       	subi	r24, 0xFF	; 255
    13f8:	91 40       	sbci	r25, 0x01	; 1
_Z9sdr_rx_01v():
/home/jgalera/develop/arduino/usdx/usdx_plus_orange/src/dsp/dsp.cpp:1277
}
void sdr_rx_01() {
  int16_t ac = sdr_rx_common_q();
  func_ptr = sdr_rx_02;
  q_s0zb1 = q_s0zb0;
  q_s0zb0 = ac;
    13fa:	90 93 95 05 	sts	0x0595, r25	; 0x800595 <q_s0zb0+0x1>
    13fe:	80 93 94 05 	sts	0x0594, r24	; 0x800594 <q_s0zb0>
/home/jgalera/develop/arduino/usdx/usdx_plus_orange/src/dsp/dsp.cpp:1278
}
    1402:	08 95       	ret

00001404 <sdr_rx_06()>:
_Z9sdr_rx_06v():
/home/jgalera/develop/arduino/usdx/usdx_plus_orange/src/dsp/dsp.cpp:1312
  int16_t ac = ADC - 511;
  return ac;
}

inline int16_t sdr_rx_common_i() {
  ADMUX = admux[1];
    1404:	80 91 e6 05 	lds	r24, 0x05E6	; 0x8005e6 <admux+0x1>
    1408:	80 93 7c 00 	sts	0x007C, r24	; 0x80007c <__DATA_REGION_ORIGIN__+0x1c>
/home/jgalera/develop/arduino/usdx/usdx_plus_orange/src/dsp/dsp.cpp:1313
  ADCSRA |= (1 << ADSC);
    140c:	80 91 7a 00 	lds	r24, 0x007A	; 0x80007a <__DATA_REGION_ORIGIN__+0x1a>
    1410:	80 64       	ori	r24, 0x40	; 64
    1412:	80 93 7a 00 	sts	0x007A, r24	; 0x80007a <__DATA_REGION_ORIGIN__+0x1a>
/home/jgalera/develop/arduino/usdx/usdx_plus_orange/src/dsp/dsp.cpp:1314
  int16_t adc = ADC - 511;
    1416:	20 91 78 00 	lds	r18, 0x0078	; 0x800078 <__DATA_REGION_ORIGIN__+0x18>
    141a:	30 91 79 00 	lds	r19, 0x0079	; 0x800079 <__DATA_REGION_ORIGIN__+0x19>
    141e:	2f 5f       	subi	r18, 0xFF	; 255
    1420:	31 40       	sbci	r19, 0x01	; 1
/home/jgalera/develop/arduino/usdx/usdx_plus_orange/src/dsp/dsp.cpp:1316
  static int16_t prev_adc;
  int16_t ac = (prev_adc + adc) / 2;
    1422:	80 91 84 05 	lds	r24, 0x0584	; 0x800584 <sdr_rx_common_i()::prev_adc>
    1426:	90 91 85 05 	lds	r25, 0x0585	; 0x800585 <sdr_rx_common_i()::prev_adc+0x1>
    142a:	82 0f       	add	r24, r18
    142c:	93 1f       	adc	r25, r19
    142e:	97 fd       	sbrc	r25, 7
    1430:	01 96       	adiw	r24, 0x01	; 1
    1432:	95 95       	asr	r25
    1434:	87 95       	ror	r24
/home/jgalera/develop/arduino/usdx/usdx_plus_orange/src/dsp/dsp.cpp:1317
  prev_adc = adc;
    1436:	30 93 85 05 	sts	0x0585, r19	; 0x800585 <sdr_rx_common_i()::prev_adc+0x1>
    143a:	20 93 84 05 	sts	0x0584, r18	; 0x800584 <sdr_rx_common_i()::prev_adc>
/home/jgalera/develop/arduino/usdx/usdx_plus_orange/src/dsp/dsp.cpp:1319
#ifdef AF_OUT
  if (_init) {
    143e:	20 91 ea 05 	lds	r18, 0x05EA	; 0x8005ea <_init>
    1442:	21 11       	cpse	r18, r1
    1444:	40 c0       	rjmp	.+128    	; 0x14c6 <sdr_rx_06()+0xc2>
    1446:	40 91 80 05 	lds	r20, 0x0580	; 0x800580 <ozi1>
    144a:	50 91 81 05 	lds	r21, 0x0581	; 0x800581 <ozi1+0x1>
    144e:	60 91 7e 05 	lds	r22, 0x057E	; 0x80057e <ozi2>
    1452:	70 91 7f 05 	lds	r23, 0x057F	; 0x80057f <ozi2+0x1>
    1456:	64 0f       	add	r22, r20
    1458:	75 1f       	adc	r23, r21
    145a:	9b 01       	movw	r18, r22
    145c:	35 95       	asr	r19
    145e:	27 95       	ror	r18
    1460:	35 95       	asr	r19
    1462:	27 95       	ror	r18
    1464:	35 95       	asr	r19
    1466:	27 95       	ror	r18
    1468:	35 95       	asr	r19
    146a:	27 95       	ror	r18
    146c:	35 95       	asr	r19
    146e:	27 95       	ror	r18
    1470:	20 58       	subi	r18, 0x80	; 128
    1472:	3f 4f       	sbci	r19, 0xFF	; 255
    1474:	2f 3f       	cpi	r18, 0xFF	; 255
    1476:	31 05       	cpc	r19, r1
    1478:	09 f0       	breq	.+2      	; 0x147c <sdr_rx_06()+0x78>
    147a:	7c f5       	brge	.+94     	; 0x14da <sdr_rx_06()+0xd6>
    147c:	37 fd       	sbrc	r19, 7
    147e:	31 c0       	rjmp	.+98     	; 0x14e2 <sdr_rx_06()+0xde>
/home/jgalera/develop/arduino/usdx/usdx_plus_orange/src/dsp/dsp.cpp:1324
    ocomb = 0;
    ozi1 = 0;
    ozi2 = 0;
  } // hack
  ozi2 = ozi1 + ozi2; // Integrator section
    1480:	70 93 7f 05 	sts	0x057F, r23	; 0x80057f <ozi2+0x1>
    1484:	60 93 7e 05 	sts	0x057E, r22	; 0x80057e <ozi2>
/home/jgalera/develop/arduino/usdx/usdx_plus_orange/src/dsp/dsp.cpp:1325
  ozi1 = ocomb + ozi1;
    1488:	60 91 82 05 	lds	r22, 0x0582	; 0x800582 <ocomb>
    148c:	70 91 83 05 	lds	r23, 0x0583	; 0x800583 <ocomb+0x1>
    1490:	46 0f       	add	r20, r22
    1492:	57 1f       	adc	r21, r23
    1494:	50 93 81 05 	sts	0x0581, r21	; 0x800581 <ozi1+0x1>
    1498:	40 93 80 05 	sts	0x0580, r20	; 0x800580 <ozi1>
/home/jgalera/develop/arduino/usdx/usdx_plus_orange/src/dsp/dsp.cpp:1326
  OCR1AL = min(max((ozi2 >> 5) + 128, 0), 255);
    149c:	20 93 88 00 	sts	0x0088, r18	; 0x800088 <__DATA_REGION_ORIGIN__+0x28>
/home/jgalera/develop/arduino/usdx/usdx_plus_orange/src/dsp/dsp.cpp:1269
  i_s1zb0 = (ac + (i_s0za1 + i_s0zb0) * 3 + i_s0zb1) >> M_SR;
  i_s0za1 = ac;
}
void sdr_rx_06() {
  int16_t ac = sdr_rx_common_i();
  func_ptr = sdr_rx_07;
    14a0:	2d e2       	ldi	r18, 0x2D	; 45
    14a2:	39 e0       	ldi	r19, 0x09	; 9
    14a4:	30 93 bb 05 	sts	0x05BB, r19	; 0x8005bb <func_ptr+0x1>
    14a8:	20 93 ba 05 	sts	0x05BA, r18	; 0x8005ba <func_ptr>
/home/jgalera/develop/arduino/usdx/usdx_plus_orange/src/dsp/dsp.cpp:1270
  i_s0zb1 = i_s0zb0;
    14ac:	20 91 88 05 	lds	r18, 0x0588	; 0x800588 <i_s0zb0>
    14b0:	30 91 89 05 	lds	r19, 0x0589	; 0x800589 <i_s0zb0+0x1>
    14b4:	30 93 87 05 	sts	0x0587, r19	; 0x800587 <i_s0zb1+0x1>
    14b8:	20 93 86 05 	sts	0x0586, r18	; 0x800586 <i_s0zb1>
/home/jgalera/develop/arduino/usdx/usdx_plus_orange/src/dsp/dsp.cpp:1271
  i_s0zb0 = ac;
    14bc:	90 93 89 05 	sts	0x0589, r25	; 0x800589 <i_s0zb0+0x1>
    14c0:	80 93 88 05 	sts	0x0588, r24	; 0x800588 <i_s0zb0>
/home/jgalera/develop/arduino/usdx/usdx_plus_orange/src/dsp/dsp.cpp:1272
}
    14c4:	08 95       	ret
/home/jgalera/develop/arduino/usdx/usdx_plus_orange/src/dsp/dsp.cpp:1320
  static int16_t prev_adc;
  int16_t ac = (prev_adc + adc) / 2;
  prev_adc = adc;
#ifdef AF_OUT
  if (_init) {
    ocomb = 0;
    14c6:	10 92 83 05 	sts	0x0583, r1	; 0x800583 <ocomb+0x1>
    14ca:	10 92 82 05 	sts	0x0582, r1	; 0x800582 <ocomb>
    14ce:	20 e8       	ldi	r18, 0x80	; 128
    14d0:	70 e0       	ldi	r23, 0x00	; 0
    14d2:	60 e0       	ldi	r22, 0x00	; 0
    14d4:	50 e0       	ldi	r21, 0x00	; 0
    14d6:	40 e0       	ldi	r20, 0x00	; 0
    14d8:	d3 cf       	rjmp	.-90     	; 0x1480 <sdr_rx_06()+0x7c>
    14da:	2f ef       	ldi	r18, 0xFF	; 255
    14dc:	30 e0       	ldi	r19, 0x00	; 0
    14de:	37 ff       	sbrs	r19, 7
    14e0:	cf cf       	rjmp	.-98     	; 0x1480 <sdr_rx_06()+0x7c>
    14e2:	20 e0       	ldi	r18, 0x00	; 0
    14e4:	cd cf       	rjmp	.-102    	; 0x1480 <sdr_rx_06()+0x7c>

000014e6 <sdr_rx_04()>:
_Z9sdr_rx_04v():
/home/jgalera/develop/arduino/usdx/usdx_plus_orange/src/dsp/dsp.cpp:1312
  int16_t ac = ADC - 511;
  return ac;
}

inline int16_t sdr_rx_common_i() {
  ADMUX = admux[1];
    14e6:	80 91 e6 05 	lds	r24, 0x05E6	; 0x8005e6 <admux+0x1>
    14ea:	80 93 7c 00 	sts	0x007C, r24	; 0x80007c <__DATA_REGION_ORIGIN__+0x1c>
/home/jgalera/develop/arduino/usdx/usdx_plus_orange/src/dsp/dsp.cpp:1313
  ADCSRA |= (1 << ADSC);
    14ee:	80 91 7a 00 	lds	r24, 0x007A	; 0x80007a <__DATA_REGION_ORIGIN__+0x1a>
    14f2:	80 64       	ori	r24, 0x40	; 64
    14f4:	80 93 7a 00 	sts	0x007A, r24	; 0x80007a <__DATA_REGION_ORIGIN__+0x1a>
/home/jgalera/develop/arduino/usdx/usdx_plus_orange/src/dsp/dsp.cpp:1314
  int16_t adc = ADC - 511;
    14f8:	40 91 78 00 	lds	r20, 0x0078	; 0x800078 <__DATA_REGION_ORIGIN__+0x18>
    14fc:	50 91 79 00 	lds	r21, 0x0079	; 0x800079 <__DATA_REGION_ORIGIN__+0x19>
    1500:	4f 5f       	subi	r20, 0xFF	; 255
    1502:	51 40       	sbci	r21, 0x01	; 1
/home/jgalera/develop/arduino/usdx/usdx_plus_orange/src/dsp/dsp.cpp:1316
  static int16_t prev_adc;
  int16_t ac = (prev_adc + adc) / 2;
    1504:	80 91 84 05 	lds	r24, 0x0584	; 0x800584 <sdr_rx_common_i()::prev_adc>
    1508:	90 91 85 05 	lds	r25, 0x0585	; 0x800585 <sdr_rx_common_i()::prev_adc+0x1>
    150c:	84 0f       	add	r24, r20
    150e:	95 1f       	adc	r25, r21
    1510:	97 fd       	sbrc	r25, 7
    1512:	01 96       	adiw	r24, 0x01	; 1
    1514:	9c 01       	movw	r18, r24
    1516:	35 95       	asr	r19
    1518:	27 95       	ror	r18
/home/jgalera/develop/arduino/usdx/usdx_plus_orange/src/dsp/dsp.cpp:1317
  prev_adc = adc;
    151a:	50 93 85 05 	sts	0x0585, r21	; 0x800585 <sdr_rx_common_i()::prev_adc+0x1>
    151e:	40 93 84 05 	sts	0x0584, r20	; 0x800584 <sdr_rx_common_i()::prev_adc>
/home/jgalera/develop/arduino/usdx/usdx_plus_orange/src/dsp/dsp.cpp:1319
#ifdef AF_OUT
  if (_init) {
    1522:	80 91 ea 05 	lds	r24, 0x05EA	; 0x8005ea <_init>
    1526:	81 11       	cpse	r24, r1
    1528:	5e c0       	rjmp	.+188    	; 0x15e6 <sdr_rx_04()+0x100>
    152a:	40 91 80 05 	lds	r20, 0x0580	; 0x800580 <ozi1>
    152e:	50 91 81 05 	lds	r21, 0x0581	; 0x800581 <ozi1+0x1>
    1532:	60 91 7e 05 	lds	r22, 0x057E	; 0x80057e <ozi2>
    1536:	70 91 7f 05 	lds	r23, 0x057F	; 0x80057f <ozi2+0x1>
    153a:	64 0f       	add	r22, r20
    153c:	75 1f       	adc	r23, r21
    153e:	cb 01       	movw	r24, r22
    1540:	95 95       	asr	r25
    1542:	87 95       	ror	r24
    1544:	95 95       	asr	r25
    1546:	87 95       	ror	r24
    1548:	95 95       	asr	r25
    154a:	87 95       	ror	r24
    154c:	95 95       	asr	r25
    154e:	87 95       	ror	r24
    1550:	95 95       	asr	r25
    1552:	87 95       	ror	r24
    1554:	80 58       	subi	r24, 0x80	; 128
    1556:	9f 4f       	sbci	r25, 0xFF	; 255
    1558:	8f 3f       	cpi	r24, 0xFF	; 255
    155a:	91 05       	cpc	r25, r1
    155c:	11 f0       	breq	.+4      	; 0x1562 <sdr_rx_04()+0x7c>
    155e:	0c f0       	brlt	.+2      	; 0x1562 <sdr_rx_04()+0x7c>
    1560:	4c c0       	rjmp	.+152    	; 0x15fa <sdr_rx_04()+0x114>
    1562:	97 fd       	sbrc	r25, 7
    1564:	4e c0       	rjmp	.+156    	; 0x1602 <sdr_rx_04()+0x11c>
/home/jgalera/develop/arduino/usdx/usdx_plus_orange/src/dsp/dsp.cpp:1324
    ocomb = 0;
    ozi1 = 0;
    ozi2 = 0;
  } // hack
  ozi2 = ozi1 + ozi2; // Integrator section
    1566:	70 93 7f 05 	sts	0x057F, r23	; 0x80057f <ozi2+0x1>
    156a:	60 93 7e 05 	sts	0x057E, r22	; 0x80057e <ozi2>
/home/jgalera/develop/arduino/usdx/usdx_plus_orange/src/dsp/dsp.cpp:1325
  ozi1 = ocomb + ozi1;
    156e:	60 91 82 05 	lds	r22, 0x0582	; 0x800582 <ocomb>
    1572:	70 91 83 05 	lds	r23, 0x0583	; 0x800583 <ocomb+0x1>
    1576:	46 0f       	add	r20, r22
    1578:	57 1f       	adc	r21, r23
    157a:	50 93 81 05 	sts	0x0581, r21	; 0x800581 <ozi1+0x1>
    157e:	40 93 80 05 	sts	0x0580, r20	; 0x800580 <ozi1>
/home/jgalera/develop/arduino/usdx/usdx_plus_orange/src/dsp/dsp.cpp:1326
  OCR1AL = min(max((ozi2 >> 5) + 128, 0), 255);
    1582:	80 93 88 00 	sts	0x0088, r24	; 0x800088 <__DATA_REGION_ORIGIN__+0x28>
/home/jgalera/develop/arduino/usdx/usdx_plus_orange/src/dsp/dsp.cpp:1262
  i_s0zb1 = i_s0zb0;
  i_s0zb0 = ac;
}
void sdr_rx_04() {
  int16_t ac = sdr_rx_common_i();
  func_ptr = sdr_rx_05;
    1586:	8f e7       	ldi	r24, 0x7F	; 127
    1588:	99 e0       	ldi	r25, 0x09	; 9
    158a:	90 93 bb 05 	sts	0x05BB, r25	; 0x8005bb <func_ptr+0x1>
    158e:	80 93 ba 05 	sts	0x05BA, r24	; 0x8005ba <func_ptr>
/home/jgalera/develop/arduino/usdx/usdx_plus_orange/src/dsp/dsp.cpp:1263
  i_s1zb1 = i_s1zb0;
    1592:	80 91 7c 05 	lds	r24, 0x057C	; 0x80057c <i_s1zb0>
    1596:	90 91 7d 05 	lds	r25, 0x057D	; 0x80057d <i_s1zb0+0x1>
    159a:	90 93 7b 05 	sts	0x057B, r25	; 0x80057b <i_s1zb1+0x1>
    159e:	80 93 7a 05 	sts	0x057A, r24	; 0x80057a <i_s1zb1>
/home/jgalera/develop/arduino/usdx/usdx_plus_orange/src/dsp/dsp.cpp:1264
  i_s1zb0 = (ac + (i_s0za1 + i_s0zb0) * 3 + i_s0zb1) >> M_SR;
    15a2:	80 91 78 05 	lds	r24, 0x0578	; 0x800578 <i_s0za1>
    15a6:	90 91 79 05 	lds	r25, 0x0579	; 0x800579 <i_s0za1+0x1>
    15aa:	40 91 88 05 	lds	r20, 0x0588	; 0x800588 <i_s0zb0>
    15ae:	50 91 89 05 	lds	r21, 0x0589	; 0x800589 <i_s0zb0+0x1>
    15b2:	48 0f       	add	r20, r24
    15b4:	59 1f       	adc	r21, r25
    15b6:	ca 01       	movw	r24, r20
    15b8:	88 0f       	add	r24, r24
    15ba:	99 1f       	adc	r25, r25
    15bc:	84 0f       	add	r24, r20
    15be:	95 1f       	adc	r25, r21
    15c0:	82 0f       	add	r24, r18
    15c2:	93 1f       	adc	r25, r19
    15c4:	40 91 86 05 	lds	r20, 0x0586	; 0x800586 <i_s0zb1>
    15c8:	50 91 87 05 	lds	r21, 0x0587	; 0x800587 <i_s0zb1+0x1>
    15cc:	84 0f       	add	r24, r20
    15ce:	95 1f       	adc	r25, r21
    15d0:	95 95       	asr	r25
    15d2:	87 95       	ror	r24
    15d4:	90 93 7d 05 	sts	0x057D, r25	; 0x80057d <i_s1zb0+0x1>
    15d8:	80 93 7c 05 	sts	0x057C, r24	; 0x80057c <i_s1zb0>
/home/jgalera/develop/arduino/usdx/usdx_plus_orange/src/dsp/dsp.cpp:1265
  i_s0za1 = ac;
    15dc:	30 93 79 05 	sts	0x0579, r19	; 0x800579 <i_s0za1+0x1>
    15e0:	20 93 78 05 	sts	0x0578, r18	; 0x800578 <i_s0za1>
/home/jgalera/develop/arduino/usdx/usdx_plus_orange/src/dsp/dsp.cpp:1266
}
    15e4:	08 95       	ret
/home/jgalera/develop/arduino/usdx/usdx_plus_orange/src/dsp/dsp.cpp:1320
  static int16_t prev_adc;
  int16_t ac = (prev_adc + adc) / 2;
  prev_adc = adc;
#ifdef AF_OUT
  if (_init) {
    ocomb = 0;
    15e6:	10 92 83 05 	sts	0x0583, r1	; 0x800583 <ocomb+0x1>
    15ea:	10 92 82 05 	sts	0x0582, r1	; 0x800582 <ocomb>
    15ee:	80 e8       	ldi	r24, 0x80	; 128
    15f0:	70 e0       	ldi	r23, 0x00	; 0
    15f2:	60 e0       	ldi	r22, 0x00	; 0
    15f4:	50 e0       	ldi	r21, 0x00	; 0
    15f6:	40 e0       	ldi	r20, 0x00	; 0
    15f8:	b6 cf       	rjmp	.-148    	; 0x1566 <sdr_rx_04()+0x80>
    15fa:	8f ef       	ldi	r24, 0xFF	; 255
    15fc:	90 e0       	ldi	r25, 0x00	; 0
    15fe:	97 ff       	sbrs	r25, 7
    1600:	b2 cf       	rjmp	.-156    	; 0x1566 <sdr_rx_04()+0x80>
    1602:	80 e0       	ldi	r24, 0x00	; 0
    1604:	b0 cf       	rjmp	.-160    	; 0x1566 <sdr_rx_04()+0x80>

00001606 <sdr_rx_02()>:
_Z9sdr_rx_02v():
/home/jgalera/develop/arduino/usdx/usdx_plus_orange/src/dsp/dsp.cpp:1312
  int16_t ac = ADC - 511;
  return ac;
}

inline int16_t sdr_rx_common_i() {
  ADMUX = admux[1];
    1606:	80 91 e6 05 	lds	r24, 0x05E6	; 0x8005e6 <admux+0x1>
    160a:	80 93 7c 00 	sts	0x007C, r24	; 0x80007c <__DATA_REGION_ORIGIN__+0x1c>
/home/jgalera/develop/arduino/usdx/usdx_plus_orange/src/dsp/dsp.cpp:1313
  ADCSRA |= (1 << ADSC);
    160e:	80 91 7a 00 	lds	r24, 0x007A	; 0x80007a <__DATA_REGION_ORIGIN__+0x1a>
    1612:	80 64       	ori	r24, 0x40	; 64
    1614:	80 93 7a 00 	sts	0x007A, r24	; 0x80007a <__DATA_REGION_ORIGIN__+0x1a>
/home/jgalera/develop/arduino/usdx/usdx_plus_orange/src/dsp/dsp.cpp:1314
  int16_t adc = ADC - 511;
    1618:	20 91 78 00 	lds	r18, 0x0078	; 0x800078 <__DATA_REGION_ORIGIN__+0x18>
    161c:	30 91 79 00 	lds	r19, 0x0079	; 0x800079 <__DATA_REGION_ORIGIN__+0x19>
    1620:	2f 5f       	subi	r18, 0xFF	; 255
    1622:	31 40       	sbci	r19, 0x01	; 1
/home/jgalera/develop/arduino/usdx/usdx_plus_orange/src/dsp/dsp.cpp:1316
  static int16_t prev_adc;
  int16_t ac = (prev_adc + adc) / 2;
    1624:	80 91 84 05 	lds	r24, 0x0584	; 0x800584 <sdr_rx_common_i()::prev_adc>
    1628:	90 91 85 05 	lds	r25, 0x0585	; 0x800585 <sdr_rx_common_i()::prev_adc+0x1>
    162c:	82 0f       	add	r24, r18
    162e:	93 1f       	adc	r25, r19
    1630:	97 fd       	sbrc	r25, 7
    1632:	01 96       	adiw	r24, 0x01	; 1
    1634:	95 95       	asr	r25
    1636:	87 95       	ror	r24
/home/jgalera/develop/arduino/usdx/usdx_plus_orange/src/dsp/dsp.cpp:1317
  prev_adc = adc;
    1638:	30 93 85 05 	sts	0x0585, r19	; 0x800585 <sdr_rx_common_i()::prev_adc+0x1>
    163c:	20 93 84 05 	sts	0x0584, r18	; 0x800584 <sdr_rx_common_i()::prev_adc>
/home/jgalera/develop/arduino/usdx/usdx_plus_orange/src/dsp/dsp.cpp:1319
#ifdef AF_OUT
  if (_init) {
    1640:	20 91 ea 05 	lds	r18, 0x05EA	; 0x8005ea <_init>
    1644:	21 11       	cpse	r18, r1
    1646:	40 c0       	rjmp	.+128    	; 0x16c8 <sdr_rx_02()+0xc2>
    1648:	40 91 80 05 	lds	r20, 0x0580	; 0x800580 <ozi1>
    164c:	50 91 81 05 	lds	r21, 0x0581	; 0x800581 <ozi1+0x1>
    1650:	60 91 7e 05 	lds	r22, 0x057E	; 0x80057e <ozi2>
    1654:	70 91 7f 05 	lds	r23, 0x057F	; 0x80057f <ozi2+0x1>
    1658:	64 0f       	add	r22, r20
    165a:	75 1f       	adc	r23, r21
    165c:	9b 01       	movw	r18, r22
    165e:	35 95       	asr	r19
    1660:	27 95       	ror	r18
    1662:	35 95       	asr	r19
    1664:	27 95       	ror	r18
    1666:	35 95       	asr	r19
    1668:	27 95       	ror	r18
    166a:	35 95       	asr	r19
    166c:	27 95       	ror	r18
    166e:	35 95       	asr	r19
    1670:	27 95       	ror	r18
    1672:	20 58       	subi	r18, 0x80	; 128
    1674:	3f 4f       	sbci	r19, 0xFF	; 255
    1676:	2f 3f       	cpi	r18, 0xFF	; 255
    1678:	31 05       	cpc	r19, r1
    167a:	09 f0       	breq	.+2      	; 0x167e <sdr_rx_02()+0x78>
    167c:	7c f5       	brge	.+94     	; 0x16dc <sdr_rx_02()+0xd6>
    167e:	37 fd       	sbrc	r19, 7
    1680:	31 c0       	rjmp	.+98     	; 0x16e4 <sdr_rx_02()+0xde>
/home/jgalera/develop/arduino/usdx/usdx_plus_orange/src/dsp/dsp.cpp:1324
    ocomb = 0;
    ozi1 = 0;
    ozi2 = 0;
  } // hack
  ozi2 = ozi1 + ozi2; // Integrator section
    1682:	70 93 7f 05 	sts	0x057F, r23	; 0x80057f <ozi2+0x1>
    1686:	60 93 7e 05 	sts	0x057E, r22	; 0x80057e <ozi2>
/home/jgalera/develop/arduino/usdx/usdx_plus_orange/src/dsp/dsp.cpp:1325
  ozi1 = ocomb + ozi1;
    168a:	60 91 82 05 	lds	r22, 0x0582	; 0x800582 <ocomb>
    168e:	70 91 83 05 	lds	r23, 0x0583	; 0x800583 <ocomb+0x1>
    1692:	46 0f       	add	r20, r22
    1694:	57 1f       	adc	r21, r23
    1696:	50 93 81 05 	sts	0x0581, r21	; 0x800581 <ozi1+0x1>
    169a:	40 93 80 05 	sts	0x0580, r20	; 0x800580 <ozi1>
/home/jgalera/develop/arduino/usdx/usdx_plus_orange/src/dsp/dsp.cpp:1326
  OCR1AL = min(max((ozi2 >> 5) + 128, 0), 255);
    169e:	20 93 88 00 	sts	0x0088, r18	; 0x800088 <__DATA_REGION_ORIGIN__+0x28>
/home/jgalera/develop/arduino/usdx/usdx_plus_orange/src/dsp/dsp.cpp:1256
  i_s1za1 = i_s1za0;
  process(ac2, q_ac2);
}
void sdr_rx_02() {
  int16_t ac = sdr_rx_common_i();
  func_ptr = sdr_rx_03;
    16a2:	21 ea       	ldi	r18, 0xA1	; 161
    16a4:	39 e0       	ldi	r19, 0x09	; 9
    16a6:	30 93 bb 05 	sts	0x05BB, r19	; 0x8005bb <func_ptr+0x1>
    16aa:	20 93 ba 05 	sts	0x05BA, r18	; 0x8005ba <func_ptr>
/home/jgalera/develop/arduino/usdx/usdx_plus_orange/src/dsp/dsp.cpp:1257
  i_s0zb1 = i_s0zb0;
    16ae:	20 91 88 05 	lds	r18, 0x0588	; 0x800588 <i_s0zb0>
    16b2:	30 91 89 05 	lds	r19, 0x0589	; 0x800589 <i_s0zb0+0x1>
    16b6:	30 93 87 05 	sts	0x0587, r19	; 0x800587 <i_s0zb1+0x1>
    16ba:	20 93 86 05 	sts	0x0586, r18	; 0x800586 <i_s0zb1>
/home/jgalera/develop/arduino/usdx/usdx_plus_orange/src/dsp/dsp.cpp:1258
  i_s0zb0 = ac;
    16be:	90 93 89 05 	sts	0x0589, r25	; 0x800589 <i_s0zb0+0x1>
    16c2:	80 93 88 05 	sts	0x0588, r24	; 0x800588 <i_s0zb0>
/home/jgalera/develop/arduino/usdx/usdx_plus_orange/src/dsp/dsp.cpp:1259
}
    16c6:	08 95       	ret
/home/jgalera/develop/arduino/usdx/usdx_plus_orange/src/dsp/dsp.cpp:1320
  static int16_t prev_adc;
  int16_t ac = (prev_adc + adc) / 2;
  prev_adc = adc;
#ifdef AF_OUT
  if (_init) {
    ocomb = 0;
    16c8:	10 92 83 05 	sts	0x0583, r1	; 0x800583 <ocomb+0x1>
    16cc:	10 92 82 05 	sts	0x0582, r1	; 0x800582 <ocomb>
    16d0:	20 e8       	ldi	r18, 0x80	; 128
    16d2:	70 e0       	ldi	r23, 0x00	; 0
    16d4:	60 e0       	ldi	r22, 0x00	; 0
    16d6:	50 e0       	ldi	r21, 0x00	; 0
    16d8:	40 e0       	ldi	r20, 0x00	; 0
    16da:	d3 cf       	rjmp	.-90     	; 0x1682 <sdr_rx_02()+0x7c>
    16dc:	2f ef       	ldi	r18, 0xFF	; 255
    16de:	30 e0       	ldi	r19, 0x00	; 0
    16e0:	37 ff       	sbrs	r19, 7
    16e2:	cf cf       	rjmp	.-98     	; 0x1682 <sdr_rx_02()+0x7c>
    16e4:	20 e0       	ldi	r18, 0x00	; 0
    16e6:	cd cf       	rjmp	.-102    	; 0x1682 <sdr_rx_02()+0x7c>

000016e8 <sdr_rx_00()>:
_Z9sdr_rx_00v():
/home/jgalera/develop/arduino/usdx/usdx_plus_orange/src/dsp/dsp.cpp:1245

static int16_t i_s0za1, i_s0zb0, i_s0zb1, i_s1za1, i_s1zb0, i_s1zb1;
static int16_t q_s0za1, q_s0zb0, q_s0zb1, q_s1za1, q_s1zb0, q_s1zb1, q_ac2;

#define M_SR 1 // CIC N=3
void sdr_rx_00() {
    16e8:	4f 92       	push	r4
    16ea:	5f 92       	push	r5
    16ec:	6f 92       	push	r6
    16ee:	7f 92       	push	r7
    16f0:	8f 92       	push	r8
    16f2:	9f 92       	push	r9
    16f4:	af 92       	push	r10
    16f6:	bf 92       	push	r11
    16f8:	cf 92       	push	r12
    16fa:	df 92       	push	r13
    16fc:	ef 92       	push	r14
    16fe:	ff 92       	push	r15
    1700:	0f 93       	push	r16
    1702:	1f 93       	push	r17
    1704:	cf 93       	push	r28
    1706:	df 93       	push	r29
sdr_rx_common_i():
/home/jgalera/develop/arduino/usdx/usdx_plus_orange/src/dsp/dsp.cpp:1312
  int16_t ac = ADC - 511;
  return ac;
}

inline int16_t sdr_rx_common_i() {
  ADMUX = admux[1];
    1708:	80 91 e6 05 	lds	r24, 0x05E6	; 0x8005e6 <admux+0x1>
    170c:	80 93 7c 00 	sts	0x007C, r24	; 0x80007c <__DATA_REGION_ORIGIN__+0x1c>
/home/jgalera/develop/arduino/usdx/usdx_plus_orange/src/dsp/dsp.cpp:1313
  ADCSRA |= (1 << ADSC);
    1710:	80 91 7a 00 	lds	r24, 0x007A	; 0x80007a <__DATA_REGION_ORIGIN__+0x1a>
    1714:	80 64       	ori	r24, 0x40	; 64
    1716:	80 93 7a 00 	sts	0x007A, r24	; 0x80007a <__DATA_REGION_ORIGIN__+0x1a>
/home/jgalera/develop/arduino/usdx/usdx_plus_orange/src/dsp/dsp.cpp:1314
  int16_t adc = ADC - 511;
    171a:	40 91 78 00 	lds	r20, 0x0078	; 0x800078 <__DATA_REGION_ORIGIN__+0x18>
    171e:	50 91 79 00 	lds	r21, 0x0079	; 0x800079 <__DATA_REGION_ORIGIN__+0x19>
    1722:	4f 5f       	subi	r20, 0xFF	; 255
    1724:	51 40       	sbci	r21, 0x01	; 1
/home/jgalera/develop/arduino/usdx/usdx_plus_orange/src/dsp/dsp.cpp:1316
  static int16_t prev_adc;
  int16_t ac = (prev_adc + adc) / 2;
    1726:	80 91 84 05 	lds	r24, 0x0584	; 0x800584 <sdr_rx_common_i()::prev_adc>
    172a:	90 91 85 05 	lds	r25, 0x0585	; 0x800585 <sdr_rx_common_i()::prev_adc+0x1>
    172e:	84 0f       	add	r24, r20
    1730:	95 1f       	adc	r25, r21
    1732:	97 fd       	sbrc	r25, 7
    1734:	01 96       	adiw	r24, 0x01	; 1
    1736:	9c 01       	movw	r18, r24
    1738:	35 95       	asr	r19
    173a:	27 95       	ror	r18
/home/jgalera/develop/arduino/usdx/usdx_plus_orange/src/dsp/dsp.cpp:1317
  prev_adc = adc;
    173c:	50 93 85 05 	sts	0x0585, r21	; 0x800585 <sdr_rx_common_i()::prev_adc+0x1>
    1740:	40 93 84 05 	sts	0x0584, r20	; 0x800584 <sdr_rx_common_i()::prev_adc>
/home/jgalera/develop/arduino/usdx/usdx_plus_orange/src/dsp/dsp.cpp:1319
#ifdef AF_OUT
  if (_init) {
    1744:	80 91 ea 05 	lds	r24, 0x05EA	; 0x8005ea <_init>
    1748:	81 11       	cpse	r24, r1
    174a:	dd c2       	rjmp	.+1466   	; 0x1d06 <sdr_rx_00()+0x61e>
    174c:	e0 91 80 05 	lds	r30, 0x0580	; 0x800580 <ozi1>
    1750:	f0 91 81 05 	lds	r31, 0x0581	; 0x800581 <ozi1+0x1>
    1754:	60 91 7e 05 	lds	r22, 0x057E	; 0x80057e <ozi2>
    1758:	70 91 7f 05 	lds	r23, 0x057F	; 0x80057f <ozi2+0x1>
    175c:	6e 0f       	add	r22, r30
    175e:	7f 1f       	adc	r23, r31
    1760:	cb 01       	movw	r24, r22
    1762:	95 95       	asr	r25
    1764:	87 95       	ror	r24
    1766:	95 95       	asr	r25
    1768:	87 95       	ror	r24
    176a:	95 95       	asr	r25
    176c:	87 95       	ror	r24
    176e:	95 95       	asr	r25
    1770:	87 95       	ror	r24
    1772:	95 95       	asr	r25
    1774:	87 95       	ror	r24
    1776:	80 58       	subi	r24, 0x80	; 128
    1778:	9f 4f       	sbci	r25, 0xFF	; 255
    177a:	8f 3f       	cpi	r24, 0xFF	; 255
    177c:	91 05       	cpc	r25, r1
    177e:	11 f0       	breq	.+4      	; 0x1784 <sdr_rx_00()+0x9c>
    1780:	0c f0       	brlt	.+2      	; 0x1784 <sdr_rx_00()+0x9c>
    1782:	77 c3       	rjmp	.+1774   	; 0x1e72 <sdr_rx_00()+0x78a>
    1784:	97 fd       	sbrc	r25, 7
    1786:	b1 c3       	rjmp	.+1890   	; 0x1eea <sdr_rx_00()+0x802>
/home/jgalera/develop/arduino/usdx/usdx_plus_orange/src/dsp/dsp.cpp:1324
    ocomb = 0;
    ozi1 = 0;
    ozi2 = 0;
  } // hack
  ozi2 = ozi1 + ozi2; // Integrator section
    1788:	70 93 7f 05 	sts	0x057F, r23	; 0x80057f <ozi2+0x1>
    178c:	60 93 7e 05 	sts	0x057E, r22	; 0x80057e <ozi2>
/home/jgalera/develop/arduino/usdx/usdx_plus_orange/src/dsp/dsp.cpp:1325
  ozi1 = ocomb + ozi1;
    1790:	40 91 82 05 	lds	r20, 0x0582	; 0x800582 <ocomb>
    1794:	50 91 83 05 	lds	r21, 0x0583	; 0x800583 <ocomb+0x1>
    1798:	4e 0f       	add	r20, r30
    179a:	5f 1f       	adc	r21, r31
    179c:	50 93 81 05 	sts	0x0581, r21	; 0x800581 <ozi1+0x1>
    17a0:	40 93 80 05 	sts	0x0580, r20	; 0x800580 <ozi1>
/home/jgalera/develop/arduino/usdx/usdx_plus_orange/src/dsp/dsp.cpp:1326
  OCR1AL = min(max((ozi2 >> 5) + 128, 0), 255);
    17a4:	80 93 88 00 	sts	0x0088, r24	; 0x800088 <__DATA_REGION_ORIGIN__+0x28>
_Z9sdr_rx_00v():
/home/jgalera/develop/arduino/usdx/usdx_plus_orange/src/dsp/dsp.cpp:1247
static int16_t q_s0za1, q_s0zb0, q_s0zb1, q_s1za1, q_s1zb0, q_s1zb1, q_ac2;

#define M_SR 1 // CIC N=3
void sdr_rx_00() {
  int16_t ac = sdr_rx_common_i();
  func_ptr = sdr_rx_01;
    17a8:	80 ee       	ldi	r24, 0xE0	; 224
    17aa:	99 e0       	ldi	r25, 0x09	; 9
    17ac:	90 93 bb 05 	sts	0x05BB, r25	; 0x8005bb <func_ptr+0x1>
    17b0:	80 93 ba 05 	sts	0x05BA, r24	; 0x8005ba <func_ptr>
/home/jgalera/develop/arduino/usdx/usdx_plus_orange/src/dsp/dsp.cpp:1248
  int16_t i_s1za0 = (ac + (i_s0za1 + i_s0zb0) * 3 + i_s0zb1) >> M_SR;
    17b4:	80 91 78 05 	lds	r24, 0x0578	; 0x800578 <i_s0za1>
    17b8:	90 91 79 05 	lds	r25, 0x0579	; 0x800579 <i_s0za1+0x1>
    17bc:	40 91 88 05 	lds	r20, 0x0588	; 0x800588 <i_s0zb0>
    17c0:	50 91 89 05 	lds	r21, 0x0589	; 0x800589 <i_s0zb0+0x1>
    17c4:	48 0f       	add	r20, r24
    17c6:	59 1f       	adc	r21, r25
    17c8:	ca 01       	movw	r24, r20
    17ca:	88 0f       	add	r24, r24
    17cc:	99 1f       	adc	r25, r25
    17ce:	84 0f       	add	r24, r20
    17d0:	95 1f       	adc	r25, r21
    17d2:	82 0f       	add	r24, r18
    17d4:	93 1f       	adc	r25, r19
    17d6:	40 91 86 05 	lds	r20, 0x0586	; 0x800586 <i_s0zb1>
    17da:	50 91 87 05 	lds	r21, 0x0587	; 0x800587 <i_s0zb1+0x1>
    17de:	84 0f       	add	r24, r20
    17e0:	95 1f       	adc	r25, r21
    17e2:	95 95       	asr	r25
    17e4:	87 95       	ror	r24
/home/jgalera/develop/arduino/usdx/usdx_plus_orange/src/dsp/dsp.cpp:1249
  i_s0za1 = ac;
    17e6:	30 93 79 05 	sts	0x0579, r19	; 0x800579 <i_s0za1+0x1>
    17ea:	20 93 78 05 	sts	0x0578, r18	; 0x800578 <i_s0za1>
/home/jgalera/develop/arduino/usdx/usdx_plus_orange/src/dsp/dsp.cpp:1250
  int16_t ac2 = (i_s1za0 + (i_s1za1 + i_s1zb0) * 3 + i_s1zb1);
    17ee:	60 90 76 05 	lds	r6, 0x0576	; 0x800576 <i_s1za1>
    17f2:	70 90 77 05 	lds	r7, 0x0577	; 0x800577 <i_s1za1+0x1>
    17f6:	20 91 7c 05 	lds	r18, 0x057C	; 0x80057c <i_s1zb0>
    17fa:	30 91 7d 05 	lds	r19, 0x057D	; 0x80057d <i_s1zb0+0x1>
    17fe:	26 0d       	add	r18, r6
    1800:	37 1d       	adc	r19, r7
    1802:	39 01       	movw	r6, r18
    1804:	66 0c       	add	r6, r6
    1806:	77 1c       	adc	r7, r7
    1808:	62 0e       	add	r6, r18
    180a:	73 1e       	adc	r7, r19
    180c:	68 0e       	add	r6, r24
    180e:	79 1e       	adc	r7, r25
    1810:	20 91 7a 05 	lds	r18, 0x057A	; 0x80057a <i_s1zb1>
    1814:	30 91 7b 05 	lds	r19, 0x057B	; 0x80057b <i_s1zb1+0x1>
    1818:	62 0e       	add	r6, r18
    181a:	73 1e       	adc	r7, r19
/home/jgalera/develop/arduino/usdx/usdx_plus_orange/src/dsp/dsp.cpp:1251
  i_s1za1 = i_s1za0;
    181c:	90 93 77 05 	sts	0x0577, r25	; 0x800577 <i_s1za1+0x1>
    1820:	80 93 76 05 	sts	0x0576, r24	; 0x800576 <i_s1za1>
/home/jgalera/develop/arduino/usdx/usdx_plus_orange/src/dsp/dsp.cpp:1252
  process(ac2, q_ac2);
    1824:	60 91 8a 05 	lds	r22, 0x058A	; 0x80058a <q_ac2>
    1828:	70 91 8b 05 	lds	r23, 0x058B	; 0x80058b <q_ac2+0x1>
process():
/home/jgalera/develop/arduino/usdx/usdx_plus_orange/src/dsp/dsp.cpp:1168
  } // UDR0 = (uint8_t)(ac3 + 128);   // from:
    // https://www.xanthium.in/how-to-avr-atmega328p-microcontroller-usart-uart-embedded-programming-avrgcc
#endif // CAT_STREAMING
#ifdef AF_OUT
  static int16_t ozd1, ozd2; // Output stage
  if (_init) {
    182c:	80 91 ea 05 	lds	r24, 0x05EA	; 0x8005ea <_init>
    1830:	81 11       	cpse	r24, r1
    1832:	54 c2       	rjmp	.+1192   	; 0x1cdc <sdr_rx_00()+0x5f4>
    1834:	80 91 74 05 	lds	r24, 0x0574	; 0x800574 <process(int, int)::ac3>
    1838:	90 91 75 05 	lds	r25, 0x0575	; 0x800575 <process(int, int)::ac3+0x1>
    183c:	20 91 72 05 	lds	r18, 0x0572	; 0x800572 <process(int, int)::ozd1>
    1840:	30 91 73 05 	lds	r19, 0x0573	; 0x800573 <process(int, int)::ozd1+0x1>
    1844:	ac 01       	movw	r20, r24
    1846:	42 1b       	sub	r20, r18
    1848:	53 0b       	sbc	r21, r19
    184a:	9a 01       	movw	r18, r20
    184c:	40 91 70 05 	lds	r20, 0x0570	; 0x800570 <process(int, int)::ozd2>
    1850:	50 91 71 05 	lds	r21, 0x0571	; 0x800571 <process(int, int)::ozd2+0x1>
    1854:	d9 01       	movw	r26, r18
    1856:	a4 1b       	sub	r26, r20
    1858:	b5 0b       	sbc	r27, r21
    185a:	ad 01       	movw	r20, r26
/home/jgalera/develop/arduino/usdx/usdx_plus_orange/src/dsp/dsp.cpp:1176
    ozd2 = 0;
    _init = 0;
  } // hack: on first sample init accumlators of further stages (to prevent
    // instability)
  int16_t od1 = ac3 - ozd1; // Comb section
  ocomb = od1 - ozd2;
    185c:	50 93 83 05 	sts	0x0583, r21	; 0x800583 <ocomb+0x1>
    1860:	40 93 82 05 	sts	0x0582, r20	; 0x800582 <ocomb>
/home/jgalera/develop/arduino/usdx/usdx_plus_orange/src/dsp/dsp.cpp:1180
#endif // AF_OUT
#define OUTLET 1
#ifdef OUTLET
  if (tc++ == 0) // prevent recursion
    1864:	40 91 6f 05 	lds	r20, 0x056F	; 0x80056f <tc>
    1868:	54 2f       	mov	r21, r20
    186a:	4f 5f       	subi	r20, 0xFF	; 255
    186c:	40 93 6f 05 	sts	0x056F, r20	; 0x80056f <tc>
    1870:	51 11       	cpse	r21, r1
    1872:	07 c0       	rjmp	.+14     	; 0x1882 <sdr_rx_00()+0x19a>
/home/jgalera/develop/arduino/usdx/usdx_plus_orange/src/dsp/dsp.cpp:1182
#endif
    interrupts(); // hack, since slow_dsp process exceeds rx sample-time, allow
    1874:	78 94       	sei
    1876:	80 91 74 05 	lds	r24, 0x0574	; 0x800574 <process(int, int)::ac3>
    187a:	90 91 75 05 	lds	r25, 0x0575	; 0x800575 <process(int, int)::ac3+0x1>
    187e:	40 91 6f 05 	lds	r20, 0x056F	; 0x80056f <tc>
/home/jgalera/develop/arduino/usdx/usdx_plus_orange/src/dsp/dsp.cpp:1186
                  // subsequent 7 interrupts for further rx sampling while
                  // processing, prevent nested interrupts with tc
#ifdef AF_OUT
  ozd2 = od1;
    1882:	30 93 71 05 	sts	0x0571, r19	; 0x800571 <process(int, int)::ozd2+0x1>
    1886:	20 93 70 05 	sts	0x0570, r18	; 0x800570 <process(int, int)::ozd2>
/home/jgalera/develop/arduino/usdx/usdx_plus_orange/src/dsp/dsp.cpp:1187
  ozd1 = ac3;
    188a:	90 93 73 05 	sts	0x0573, r25	; 0x800573 <process(int, int)::ozd1+0x1>
    188e:	80 93 72 05 	sts	0x0572, r24	; 0x800572 <process(int, int)::ozd1>
/home/jgalera/develop/arduino/usdx/usdx_plus_orange/src/dsp/dsp.cpp:1191
#endif // AF_OUT
  int16_t qh;
  {
    q_ac2 >>= att2;       // digital gain control
    1892:	80 91 71 01 	lds	r24, 0x0171	; 0x800171 <att2>
    1896:	02 c0       	rjmp	.+4      	; 0x189c <sdr_rx_00()+0x1b4>
    1898:	75 95       	asr	r23
    189a:	67 95       	ror	r22
    189c:	8a 95       	dec	r24
    189e:	e2 f7       	brpl	.-8      	; 0x1898 <sdr_rx_00()+0x1b0>
/home/jgalera/develop/arduino/usdx/usdx_plus_orange/src/dsp/dsp.cpp:1196
    static int16_t v[14]; // Process Q (down-sampled) samples
    // Hilbert transform, BasicDSP model:  outi= fir(inl,  0, 0, 0, 0, 0,  0, 0,
    // 1,   0, 0,   0, 0,  0, 0, 0, 0); outq = fir(inr, 2, 0, 8, 0, 21, 0, 79,
    // 0, -79, 0, -21, 0, -8, 0, -2, 0) / 128;
    qh = ((v[0] - q_ac2) + (v[2] - v[12]) * 4) / 64 +
    18a0:	c0 90 57 05 	lds	r12, 0x0557	; 0x800557 <process(int, int)::v+0x4>
    18a4:	d0 90 58 05 	lds	r13, 0x0558	; 0x800558 <process(int, int)::v+0x5>
    18a8:	a0 90 6b 05 	lds	r10, 0x056B	; 0x80056b <process(int, int)::v+0x18>
    18ac:	b0 90 6c 05 	lds	r11, 0x056C	; 0x80056c <process(int, int)::v+0x19>
/home/jgalera/develop/arduino/usdx/usdx_plus_orange/src/dsp/dsp.cpp:1197
         ((v[4] - v[10]) + (v[6] - v[8])) / 8 +
    18b0:	e0 90 5b 05 	lds	r14, 0x055B	; 0x80055b <process(int, int)::v+0x8>
    18b4:	f0 90 5c 05 	lds	r15, 0x055C	; 0x80055c <process(int, int)::v+0x9>
    18b8:	a0 91 67 05 	lds	r26, 0x0567	; 0x800567 <process(int, int)::v+0x14>
    18bc:	b0 91 68 05 	lds	r27, 0x0568	; 0x800568 <process(int, int)::v+0x15>
    18c0:	f7 01       	movw	r30, r14
    18c2:	ea 1b       	sub	r30, r26
    18c4:	fb 0b       	sbc	r31, r27
    18c6:	00 91 5f 05 	lds	r16, 0x055F	; 0x80055f <process(int, int)::v+0xc>
    18ca:	10 91 60 05 	lds	r17, 0x0560	; 0x800560 <process(int, int)::v+0xd>
    18ce:	c0 91 63 05 	lds	r28, 0x0563	; 0x800563 <process(int, int)::v+0x10>
    18d2:	d0 91 64 05 	lds	r29, 0x0564	; 0x800564 <process(int, int)::v+0x11>
    18d6:	98 01       	movw	r18, r16
    18d8:	2c 1b       	sub	r18, r28
    18da:	3d 0b       	sbc	r19, r29
/home/jgalera/develop/arduino/usdx/usdx_plus_orange/src/dsp/dsp.cpp:1196
    q_ac2 >>= att2;       // digital gain control
    static int16_t v[14]; // Process Q (down-sampled) samples
    // Hilbert transform, BasicDSP model:  outi= fir(inl,  0, 0, 0, 0, 0,  0, 0,
    // 1,   0, 0,   0, 0,  0, 0, 0, 0); outq = fir(inr, 2, 0, 8, 0, 21, 0, 79,
    // 0, -79, 0, -21, 0, -8, 0, -2, 0) / 128;
    qh = ((v[0] - q_ac2) + (v[2] - v[12]) * 4) / 64 +
    18dc:	80 90 53 05 	lds	r8, 0x0553	; 0x800553 <process(int, int)::v>
    18e0:	90 90 54 05 	lds	r9, 0x0554	; 0x800554 <process(int, int)::v+0x1>
    18e4:	86 1a       	sub	r8, r22
    18e6:	97 0a       	sbc	r9, r23
    18e8:	c6 01       	movw	r24, r12
    18ea:	8a 19       	sub	r24, r10
    18ec:	9b 09       	sbc	r25, r11
    18ee:	88 0f       	add	r24, r24
    18f0:	99 1f       	adc	r25, r25
    18f2:	88 0f       	add	r24, r24
    18f4:	99 1f       	adc	r25, r25
    18f6:	88 0e       	add	r8, r24
    18f8:	99 1e       	adc	r9, r25
    18fa:	97 fe       	sbrs	r9, 7
    18fc:	03 c0       	rjmp	.+6      	; 0x1904 <sdr_rx_00()+0x21c>
    18fe:	5f e3       	ldi	r21, 0x3F	; 63
    1900:	85 0e       	add	r8, r21
    1902:	91 1c       	adc	r9, r1
    1904:	08 2c       	mov	r0, r8
    1906:	89 2c       	mov	r8, r9
    1908:	00 0c       	add	r0, r0
    190a:	88 1c       	adc	r8, r8
    190c:	99 08       	sbc	r9, r9
    190e:	00 0c       	add	r0, r0
    1910:	88 1c       	adc	r8, r8
    1912:	99 1c       	adc	r9, r9
/home/jgalera/develop/arduino/usdx/usdx_plus_orange/src/dsp/dsp.cpp:1197
         ((v[4] - v[10]) + (v[6] - v[8])) / 8 +
    1914:	cf 01       	movw	r24, r30
    1916:	82 0f       	add	r24, r18
    1918:	93 1f       	adc	r25, r19
    191a:	97 fd       	sbrc	r25, 7
    191c:	07 96       	adiw	r24, 0x07	; 7
    191e:	95 95       	asr	r25
    1920:	87 95       	ror	r24
    1922:	95 95       	asr	r25
    1924:	87 95       	ror	r24
    1926:	95 95       	asr	r25
    1928:	87 95       	ror	r24
/home/jgalera/develop/arduino/usdx/usdx_plus_orange/src/dsp/dsp.cpp:1196
    q_ac2 >>= att2;       // digital gain control
    static int16_t v[14]; // Process Q (down-sampled) samples
    // Hilbert transform, BasicDSP model:  outi= fir(inl,  0, 0, 0, 0, 0,  0, 0,
    // 1,   0, 0,   0, 0,  0, 0, 0, 0); outq = fir(inr, 2, 0, 8, 0, 21, 0, 79,
    // 0, -79, 0, -21, 0, -8, 0, -2, 0) / 128;
    qh = ((v[0] - q_ac2) + (v[2] - v[12]) * 4) / 64 +
    192a:	88 0e       	add	r8, r24
    192c:	99 1e       	adc	r9, r25
/home/jgalera/develop/arduino/usdx/usdx_plus_orange/src/dsp/dsp.cpp:1198
         ((v[4] - v[10]) + (v[6] - v[8])) / 8 +
         ((v[4] - v[10]) * 5 - (v[6] - v[8])) / 128 +
    192e:	cf 01       	movw	r24, r30
    1930:	88 0f       	add	r24, r24
    1932:	99 1f       	adc	r25, r25
    1934:	88 0f       	add	r24, r24
    1936:	99 1f       	adc	r25, r25
    1938:	8e 0f       	add	r24, r30
    193a:	9f 1f       	adc	r25, r31
    193c:	82 1b       	sub	r24, r18
    193e:	93 0b       	sbc	r25, r19
    1940:	97 ff       	sbrs	r25, 7
    1942:	02 c0       	rjmp	.+4      	; 0x1948 <sdr_rx_00()+0x260>
    1944:	81 58       	subi	r24, 0x81	; 129
    1946:	9f 4f       	sbci	r25, 0xFF	; 255
    1948:	88 0f       	add	r24, r24
    194a:	89 2f       	mov	r24, r25
    194c:	88 1f       	adc	r24, r24
    194e:	99 0b       	sbc	r25, r25
/home/jgalera/develop/arduino/usdx/usdx_plus_orange/src/dsp/dsp.cpp:1197
    static int16_t v[14]; // Process Q (down-sampled) samples
    // Hilbert transform, BasicDSP model:  outi= fir(inl,  0, 0, 0, 0, 0,  0, 0,
    // 1,   0, 0,   0, 0,  0, 0, 0, 0); outq = fir(inr, 2, 0, 8, 0, 21, 0, 79,
    // 0, -79, 0, -21, 0, -8, 0, -2, 0) / 128;
    qh = ((v[0] - q_ac2) + (v[2] - v[12]) * 4) / 64 +
         ((v[4] - v[10]) + (v[6] - v[8])) / 8 +
    1950:	88 0d       	add	r24, r8
    1952:	99 1d       	adc	r25, r9
/home/jgalera/develop/arduino/usdx/usdx_plus_orange/src/dsp/dsp.cpp:1199
         ((v[4] - v[10]) * 5 - (v[6] - v[8])) / 128 +
         (v[6] - v[8]) /
    1954:	37 ff       	sbrs	r19, 7
    1956:	02 c0       	rjmp	.+4      	; 0x195c <sdr_rx_00()+0x274>
    1958:	2f 5f       	subi	r18, 0xFF	; 255
    195a:	3f 4f       	sbci	r19, 0xFF	; 255
    195c:	35 95       	asr	r19
    195e:	27 95       	ror	r18
/home/jgalera/develop/arduino/usdx/usdx_plus_orange/src/dsp/dsp.cpp:1196
    q_ac2 >>= att2;       // digital gain control
    static int16_t v[14]; // Process Q (down-sampled) samples
    // Hilbert transform, BasicDSP model:  outi= fir(inl,  0, 0, 0, 0, 0,  0, 0,
    // 1,   0, 0,   0, 0,  0, 0, 0, 0); outq = fir(inr, 2, 0, 8, 0, 21, 0, 79,
    // 0, -79, 0, -21, 0, -8, 0, -2, 0) / 128;
    qh = ((v[0] - q_ac2) + (v[2] - v[12]) * 4) / 64 +
    1960:	28 0f       	add	r18, r24
    1962:	39 1f       	adc	r19, r25
/home/jgalera/develop/arduino/usdx/usdx_plus_orange/src/dsp/dsp.cpp:1207
                // transform require 4 additional bits)
    // qh = ((v[0] - q_ac2) * 2 + (v[2] - v[12]) * 8 + (v[4] - v[10]) * 21 +
    // (v[6] - v[8]) * 15) / 128 + (v[6] - v[8]) / 2; // Hilbert transform, 40dB
    // side-band rejection in 400..1900Hz (@4kSPS) when used in image-rejection
    // scenario; (Hilbert transform require 5 additional bits)
    v[0] = v[1];
    1964:	80 91 55 05 	lds	r24, 0x0555	; 0x800555 <process(int, int)::v+0x2>
    1968:	90 91 56 05 	lds	r25, 0x0556	; 0x800556 <process(int, int)::v+0x3>
    196c:	90 93 54 05 	sts	0x0554, r25	; 0x800554 <process(int, int)::v+0x1>
    1970:	80 93 53 05 	sts	0x0553, r24	; 0x800553 <process(int, int)::v>
/home/jgalera/develop/arduino/usdx/usdx_plus_orange/src/dsp/dsp.cpp:1208
    v[1] = v[2];
    1974:	d0 92 56 05 	sts	0x0556, r13	; 0x800556 <process(int, int)::v+0x3>
    1978:	c0 92 55 05 	sts	0x0555, r12	; 0x800555 <process(int, int)::v+0x2>
/home/jgalera/develop/arduino/usdx/usdx_plus_orange/src/dsp/dsp.cpp:1209
    v[2] = v[3];
    197c:	80 91 59 05 	lds	r24, 0x0559	; 0x800559 <process(int, int)::v+0x6>
    1980:	90 91 5a 05 	lds	r25, 0x055A	; 0x80055a <process(int, int)::v+0x7>
    1984:	90 93 58 05 	sts	0x0558, r25	; 0x800558 <process(int, int)::v+0x5>
    1988:	80 93 57 05 	sts	0x0557, r24	; 0x800557 <process(int, int)::v+0x4>
/home/jgalera/develop/arduino/usdx/usdx_plus_orange/src/dsp/dsp.cpp:1210
    v[3] = v[4];
    198c:	f0 92 5a 05 	sts	0x055A, r15	; 0x80055a <process(int, int)::v+0x7>
    1990:	e0 92 59 05 	sts	0x0559, r14	; 0x800559 <process(int, int)::v+0x6>
/home/jgalera/develop/arduino/usdx/usdx_plus_orange/src/dsp/dsp.cpp:1211
    v[4] = v[5];
    1994:	80 91 5d 05 	lds	r24, 0x055D	; 0x80055d <process(int, int)::v+0xa>
    1998:	90 91 5e 05 	lds	r25, 0x055E	; 0x80055e <process(int, int)::v+0xb>
    199c:	90 93 5c 05 	sts	0x055C, r25	; 0x80055c <process(int, int)::v+0x9>
    19a0:	80 93 5b 05 	sts	0x055B, r24	; 0x80055b <process(int, int)::v+0x8>
/home/jgalera/develop/arduino/usdx/usdx_plus_orange/src/dsp/dsp.cpp:1212
    v[5] = v[6];
    19a4:	10 93 5e 05 	sts	0x055E, r17	; 0x80055e <process(int, int)::v+0xb>
    19a8:	00 93 5d 05 	sts	0x055D, r16	; 0x80055d <process(int, int)::v+0xa>
/home/jgalera/develop/arduino/usdx/usdx_plus_orange/src/dsp/dsp.cpp:1213
    v[6] = v[7];
    19ac:	80 91 61 05 	lds	r24, 0x0561	; 0x800561 <process(int, int)::v+0xe>
    19b0:	90 91 62 05 	lds	r25, 0x0562	; 0x800562 <process(int, int)::v+0xf>
    19b4:	90 93 60 05 	sts	0x0560, r25	; 0x800560 <process(int, int)::v+0xd>
    19b8:	80 93 5f 05 	sts	0x055F, r24	; 0x80055f <process(int, int)::v+0xc>
/home/jgalera/develop/arduino/usdx/usdx_plus_orange/src/dsp/dsp.cpp:1214
    v[7] = v[8];
    19bc:	d0 93 62 05 	sts	0x0562, r29	; 0x800562 <process(int, int)::v+0xf>
    19c0:	c0 93 61 05 	sts	0x0561, r28	; 0x800561 <process(int, int)::v+0xe>
/home/jgalera/develop/arduino/usdx/usdx_plus_orange/src/dsp/dsp.cpp:1215
    v[8] = v[9];
    19c4:	80 91 65 05 	lds	r24, 0x0565	; 0x800565 <process(int, int)::v+0x12>
    19c8:	90 91 66 05 	lds	r25, 0x0566	; 0x800566 <process(int, int)::v+0x13>
    19cc:	90 93 64 05 	sts	0x0564, r25	; 0x800564 <process(int, int)::v+0x11>
    19d0:	80 93 63 05 	sts	0x0563, r24	; 0x800563 <process(int, int)::v+0x10>
/home/jgalera/develop/arduino/usdx/usdx_plus_orange/src/dsp/dsp.cpp:1216
    v[9] = v[10];
    19d4:	b0 93 66 05 	sts	0x0566, r27	; 0x800566 <process(int, int)::v+0x13>
    19d8:	a0 93 65 05 	sts	0x0565, r26	; 0x800565 <process(int, int)::v+0x12>
/home/jgalera/develop/arduino/usdx/usdx_plus_orange/src/dsp/dsp.cpp:1217
    v[10] = v[11];
    19dc:	80 91 69 05 	lds	r24, 0x0569	; 0x800569 <process(int, int)::v+0x16>
    19e0:	90 91 6a 05 	lds	r25, 0x056A	; 0x80056a <process(int, int)::v+0x17>
    19e4:	90 93 68 05 	sts	0x0568, r25	; 0x800568 <process(int, int)::v+0x15>
    19e8:	80 93 67 05 	sts	0x0567, r24	; 0x800567 <process(int, int)::v+0x14>
/home/jgalera/develop/arduino/usdx/usdx_plus_orange/src/dsp/dsp.cpp:1218
    v[11] = v[12];
    19ec:	b0 92 6a 05 	sts	0x056A, r11	; 0x80056a <process(int, int)::v+0x17>
    19f0:	a0 92 69 05 	sts	0x0569, r10	; 0x800569 <process(int, int)::v+0x16>
/home/jgalera/develop/arduino/usdx/usdx_plus_orange/src/dsp/dsp.cpp:1219
    v[12] = v[13];
    19f4:	80 91 6d 05 	lds	r24, 0x056D	; 0x80056d <process(int, int)::v+0x1a>
    19f8:	90 91 6e 05 	lds	r25, 0x056E	; 0x80056e <process(int, int)::v+0x1b>
    19fc:	90 93 6c 05 	sts	0x056C, r25	; 0x80056c <process(int, int)::v+0x19>
    1a00:	80 93 6b 05 	sts	0x056B, r24	; 0x80056b <process(int, int)::v+0x18>
/home/jgalera/develop/arduino/usdx/usdx_plus_orange/src/dsp/dsp.cpp:1220
    v[13] = q_ac2;
    1a04:	70 93 6e 05 	sts	0x056E, r23	; 0x80056e <process(int, int)::v+0x1b>
    1a08:	60 93 6d 05 	sts	0x056D, r22	; 0x80056d <process(int, int)::v+0x1a>
/home/jgalera/develop/arduino/usdx/usdx_plus_orange/src/dsp/dsp.cpp:1222
  }
  i_ac2 >>= att2;      // digital gain control
    1a0c:	80 91 71 01 	lds	r24, 0x0171	; 0x800171 <att2>
    1a10:	02 c0       	rjmp	.+4      	; 0x1a16 <sdr_rx_00()+0x32e>
    1a12:	75 94       	asr	r7
    1a14:	67 94       	ror	r6
    1a16:	8a 95       	dec	r24
    1a18:	e2 f7       	brpl	.-8      	; 0x1a12 <sdr_rx_00()+0x32a>
/home/jgalera/develop/arduino/usdx/usdx_plus_orange/src/dsp/dsp.cpp:1224
  static int16_t v[7]; // Post processing I and Q (down-sampled) results
  i = i_ac2;
    1a1a:	70 92 c5 05 	sts	0x05C5, r7	; 0x8005c5 <i+0x1>
    1a1e:	60 92 c4 05 	sts	0x05C4, r6	; 0x8005c4 <i>
/home/jgalera/develop/arduino/usdx/usdx_plus_orange/src/dsp/dsp.cpp:1225
  q = q_ac2; // tbd: this can be more efficient
    1a22:	70 93 52 05 	sts	0x0552, r23	; 0x800552 <q+0x1>
    1a26:	60 93 51 05 	sts	0x0551, r22	; 0x800551 <q>
/home/jgalera/develop/arduino/usdx/usdx_plus_orange/src/dsp/dsp.cpp:1226
  int16_t i = v[0];
    1a2a:	e0 91 43 05 	lds	r30, 0x0543	; 0x800543 <process(int, int)::v>
    1a2e:	f0 91 44 05 	lds	r31, 0x0544	; 0x800544 <process(int, int)::v+0x1>
/home/jgalera/develop/arduino/usdx/usdx_plus_orange/src/dsp/dsp.cpp:1227
  v[0] = v[1];
    1a32:	80 91 45 05 	lds	r24, 0x0545	; 0x800545 <process(int, int)::v+0x2>
    1a36:	90 91 46 05 	lds	r25, 0x0546	; 0x800546 <process(int, int)::v+0x3>
    1a3a:	90 93 44 05 	sts	0x0544, r25	; 0x800544 <process(int, int)::v+0x1>
    1a3e:	80 93 43 05 	sts	0x0543, r24	; 0x800543 <process(int, int)::v>
/home/jgalera/develop/arduino/usdx/usdx_plus_orange/src/dsp/dsp.cpp:1228
  v[1] = v[2];
    1a42:	80 91 47 05 	lds	r24, 0x0547	; 0x800547 <process(int, int)::v+0x4>
    1a46:	90 91 48 05 	lds	r25, 0x0548	; 0x800548 <process(int, int)::v+0x5>
    1a4a:	90 93 46 05 	sts	0x0546, r25	; 0x800546 <process(int, int)::v+0x3>
    1a4e:	80 93 45 05 	sts	0x0545, r24	; 0x800545 <process(int, int)::v+0x2>
/home/jgalera/develop/arduino/usdx/usdx_plus_orange/src/dsp/dsp.cpp:1229
  v[2] = v[3];
    1a52:	80 91 49 05 	lds	r24, 0x0549	; 0x800549 <process(int, int)::v+0x6>
    1a56:	90 91 4a 05 	lds	r25, 0x054A	; 0x80054a <process(int, int)::v+0x7>
    1a5a:	90 93 48 05 	sts	0x0548, r25	; 0x800548 <process(int, int)::v+0x5>
    1a5e:	80 93 47 05 	sts	0x0547, r24	; 0x800547 <process(int, int)::v+0x4>
/home/jgalera/develop/arduino/usdx/usdx_plus_orange/src/dsp/dsp.cpp:1230
  v[3] = v[4];
    1a62:	80 91 4b 05 	lds	r24, 0x054B	; 0x80054b <process(int, int)::v+0x8>
    1a66:	90 91 4c 05 	lds	r25, 0x054C	; 0x80054c <process(int, int)::v+0x9>
    1a6a:	90 93 4a 05 	sts	0x054A, r25	; 0x80054a <process(int, int)::v+0x7>
    1a6e:	80 93 49 05 	sts	0x0549, r24	; 0x800549 <process(int, int)::v+0x6>
/home/jgalera/develop/arduino/usdx/usdx_plus_orange/src/dsp/dsp.cpp:1231
  v[4] = v[5];
    1a72:	80 91 4d 05 	lds	r24, 0x054D	; 0x80054d <process(int, int)::v+0xa>
    1a76:	90 91 4e 05 	lds	r25, 0x054E	; 0x80054e <process(int, int)::v+0xb>
    1a7a:	90 93 4c 05 	sts	0x054C, r25	; 0x80054c <process(int, int)::v+0x9>
    1a7e:	80 93 4b 05 	sts	0x054B, r24	; 0x80054b <process(int, int)::v+0x8>
/home/jgalera/develop/arduino/usdx/usdx_plus_orange/src/dsp/dsp.cpp:1232
  v[5] = v[6];
    1a82:	80 91 4f 05 	lds	r24, 0x054F	; 0x80054f <process(int, int)::v+0xc>
    1a86:	90 91 50 05 	lds	r25, 0x0550	; 0x800550 <process(int, int)::v+0xd>
    1a8a:	90 93 4e 05 	sts	0x054E, r25	; 0x80054e <process(int, int)::v+0xb>
    1a8e:	80 93 4d 05 	sts	0x054D, r24	; 0x80054d <process(int, int)::v+0xa>
/home/jgalera/develop/arduino/usdx/usdx_plus_orange/src/dsp/dsp.cpp:1233
  v[6] = i_ac2;            // Delay to match Hilbert transform on Q branch
    1a92:	70 92 50 05 	sts	0x0550, r7	; 0x800550 <process(int, int)::v+0xd>
    1a96:	60 92 4f 05 	sts	0x054F, r6	; 0x80054f <process(int, int)::v+0xc>
/home/jgalera/develop/arduino/usdx/usdx_plus_orange/src/dsp/dsp.cpp:1234
  ac3 = slow_dsp(-i - qh); // inverting I and Q helps dampening a feedback-loop
    1a9a:	f1 95       	neg	r31
    1a9c:	e1 95       	neg	r30
    1a9e:	f1 09       	sbc	r31, r1
    1aa0:	e2 1b       	sub	r30, r18
    1aa2:	f3 0b       	sbc	r31, r19
slow_dsp():
/home/jgalera/develop/arduino/usdx/usdx_plus_orange/src/dsp/dsp.cpp:1031
volatile uint32_t _absavg256 = 0;
volatile int16_t i, q;

inline int16_t slow_dsp(int16_t ac) {
  static uint8_t absavg256cnt;
  if (!(absavg256cnt--)) {
    1aa4:	90 91 42 05 	lds	r25, 0x0542	; 0x800542 <slow_dsp(int)::absavg256cnt>
    1aa8:	cf ef       	ldi	r28, 0xFF	; 255
    1aaa:	c9 0f       	add	r28, r25
    1aac:	c0 93 42 05 	sts	0x0542, r28	; 0x800542 <slow_dsp(int)::absavg256cnt>
    1ab0:	c0 90 3e 05 	lds	r12, 0x053E	; 0x80053e <absavg256>
    1ab4:	d0 90 3f 05 	lds	r13, 0x053F	; 0x80053f <absavg256+0x1>
    1ab8:	e0 90 40 05 	lds	r14, 0x0540	; 0x800540 <absavg256+0x2>
    1abc:	f0 90 41 05 	lds	r15, 0x0541	; 0x800541 <absavg256+0x3>
    1ac0:	91 11       	cpse	r25, r1
    1ac2:	73 c0       	rjmp	.+230    	; 0x1baa <sdr_rx_00()+0x4c2>
/home/jgalera/develop/arduino/usdx/usdx_plus_orange/src/dsp/dsp.cpp:1032
    _absavg256 = absavg256;
    1ac4:	c0 92 d9 05 	sts	0x05D9, r12	; 0x8005d9 <_absavg256>
    1ac8:	d0 92 da 05 	sts	0x05DA, r13	; 0x8005da <_absavg256+0x1>
    1acc:	e0 92 db 05 	sts	0x05DB, r14	; 0x8005db <_absavg256+0x2>
    1ad0:	f0 92 dc 05 	sts	0x05DC, r15	; 0x8005dc <_absavg256+0x3>
/home/jgalera/develop/arduino/usdx/usdx_plus_orange/src/dsp/dsp.cpp:1033
    absavg256 = 0;
    1ad4:	10 92 3e 05 	sts	0x053E, r1	; 0x80053e <absavg256>
    1ad8:	10 92 3f 05 	sts	0x053F, r1	; 0x80053f <absavg256+0x1>
    1adc:	10 92 40 05 	sts	0x0540, r1	; 0x800540 <absavg256+0x2>
    1ae0:	10 92 41 05 	sts	0x0541, r1	; 0x800541 <absavg256+0x3>
/home/jgalera/develop/arduino/usdx/usdx_plus_orange/src/dsp/dsp.cpp:1037
  } else
    absavg256 += abs(ac);

  if (mode == AM) {
    1ae4:	80 91 cc 01 	lds	r24, 0x01CC	; 0x8001cc <mode>
    1ae8:	84 30       	cpi	r24, 0x04	; 4
    1aea:	09 f4       	brne	.+2      	; 0x1aee <sdr_rx_00()+0x406>
    1aec:	76 c0       	rjmp	.+236    	; 0x1bda <sdr_rx_00()+0x4f2>
/home/jgalera/develop/arduino/usdx/usdx_plus_orange/src/dsp/dsp.cpp:1044
    {
      static int16_t dc; // DC decoupling
      dc += (ac - dc) / 2;
      ac = ac - dc;
    }
  } else if (mode == FM) {
    1aee:	80 91 cc 01 	lds	r24, 0x01CC	; 0x8001cc <mode>
    1af2:	83 30       	cpi	r24, 0x03	; 3
    1af4:	09 f4       	brne	.+2      	; 0x1af8 <sdr_rx_00()+0x410>
    1af6:	c2 c1       	rjmp	.+900    	; 0x1e7c <sdr_rx_00()+0x794>
/home/jgalera/develop/arduino/usdx/usdx_plus_orange/src/dsp/dsp.cpp:1062
    ac = ac >> (16 - volume);
  } else if (agc == 1) {
    ac = process_agc_fast(ac);
    ac = ac >> (16 - volume);
#else
  if (agc == 1) {
    1af8:	80 91 69 01 	lds	r24, 0x0169	; 0x800169 <agc>
    1afc:	81 30       	cpi	r24, 0x01	; 1
    1afe:	09 f4       	brne	.+2      	; 0x1b02 <sdr_rx_00()+0x41a>
    1b00:	b4 c0       	rjmp	.+360    	; 0x1c6a <sdr_rx_00()+0x582>
/home/jgalera/develop/arduino/usdx/usdx_plus_orange/src/dsp/dsp.cpp:1068
    ac = process_agc_fast(ac);
    ac = ac >> (16 - volume);
#endif //! FAST_AGC
  } else {
    // ac = ac >> (16-volume);
    if (volume <= 13) // if no AGC allow volume control to boost weak signals
    1b02:	80 91 b2 01 	lds	r24, 0x01B2	; 0x8001b2 <volume>
    1b06:	8e 30       	cpi	r24, 0x0E	; 14
    1b08:	0c f4       	brge	.+2      	; 0x1b0c <sdr_rx_00()+0x424>
    1b0a:	07 c1       	rjmp	.+526    	; 0x1d1a <sdr_rx_00()+0x632>
/home/jgalera/develop/arduino/usdx/usdx_plus_orange/src/dsp/dsp.cpp:1071
      ac = ac >> (13 - volume);
    else
      ac = ac << (volume - 13);
    1b0c:	80 91 b2 01 	lds	r24, 0x01B2	; 0x8001b2 <volume>
    1b10:	8d 50       	subi	r24, 0x0D	; 13
    1b12:	02 c0       	rjmp	.+4      	; 0x1b18 <sdr_rx_00()+0x430>
    1b14:	ee 0f       	add	r30, r30
    1b16:	ff 1f       	adc	r31, r31
    1b18:	8a 95       	dec	r24
    1b1a:	e2 f7       	brpl	.-8      	; 0x1b14 <sdr_rx_00()+0x42c>
/home/jgalera/develop/arduino/usdx/usdx_plus_orange/src/dsp/dsp.cpp:1073
  }
  if (nr)
    1b1c:	80 91 c4 01 	lds	r24, 0x01C4	; 0x8001c4 <nr>
    1b20:	81 11       	cpse	r24, r1
    1b22:	0d c1       	rjmp	.+538    	; 0x1d3e <sdr_rx_00()+0x656>
/home/jgalera/develop/arduino/usdx/usdx_plus_orange/src/dsp/dsp.cpp:1076
    ac = process_nr(ac);

  if (filt)
    1b24:	80 91 ec 05 	lds	r24, 0x05EC	; 0x8005ec <filt>
    1b28:	81 11       	cpse	r24, r1
    1b2a:	29 c1       	rjmp	.+594    	; 0x1d7e <sdr_rx_00()+0x696>
    1b2c:	c0 90 36 05 	lds	r12, 0x0536	; 0x800536 <amp32>
    1b30:	d0 90 37 05 	lds	r13, 0x0537	; 0x800537 <amp32+0x1>
    1b34:	e0 90 38 05 	lds	r14, 0x0538	; 0x800538 <amp32+0x2>
    1b38:	f0 90 39 05 	lds	r15, 0x0539	; 0x800539 <amp32+0x3>
/home/jgalera/develop/arduino/usdx/usdx_plus_orange/src/dsp/dsp.cpp:1080
    ac = filt_var(ac);

#ifdef CW_DECODER
  if (!(absavg256cnt % 64)) {
    1b3c:	cf 73       	andi	r28, 0x3F	; 63
    1b3e:	09 f0       	breq	.+2      	; 0x1b42 <sdr_rx_00()+0x45a>
    1b40:	b7 c1       	rjmp	.+878    	; 0x1eb0 <sdr_rx_00()+0x7c8>
/home/jgalera/develop/arduino/usdx/usdx_plus_orange/src/dsp/dsp.cpp:1081
    _amp32 = amp32;
    1b42:	c0 92 cd 05 	sts	0x05CD, r12	; 0x8005cd <_amp32>
    1b46:	d0 92 ce 05 	sts	0x05CE, r13	; 0x8005ce <_amp32+0x1>
    1b4a:	e0 92 cf 05 	sts	0x05CF, r14	; 0x8005cf <_amp32+0x2>
    1b4e:	f0 92 d0 05 	sts	0x05D0, r15	; 0x8005d0 <_amp32+0x3>
/home/jgalera/develop/arduino/usdx/usdx_plus_orange/src/dsp/dsp.cpp:1082
    amp32 = 0;
    1b52:	10 92 36 05 	sts	0x0536, r1	; 0x800536 <amp32>
    1b56:	10 92 37 05 	sts	0x0537, r1	; 0x800537 <amp32+0x1>
    1b5a:	10 92 38 05 	sts	0x0538, r1	; 0x800538 <amp32+0x2>
    1b5e:	10 92 39 05 	sts	0x0539, r1	; 0x800539 <amp32+0x3>
process():
/home/jgalera/develop/arduino/usdx/usdx_plus_orange/src/dsp/dsp.cpp:1234
  v[2] = v[3];
  v[3] = v[4];
  v[4] = v[5];
  v[5] = v[6];
  v[6] = i_ac2;            // Delay to match Hilbert transform on Q branch
  ac3 = slow_dsp(-i - qh); // inverting I and Q helps dampening a feedback-loop
    1b62:	e1 15       	cp	r30, r1
    1b64:	b2 e0       	ldi	r27, 0x02	; 2
    1b66:	fb 07       	cpc	r31, r27
    1b68:	14 f0       	brlt	.+4      	; 0x1b6e <sdr_rx_00()+0x486>
    1b6a:	ef ef       	ldi	r30, 0xFF	; 255
    1b6c:	f1 e0       	ldi	r31, 0x01	; 1
    1b6e:	e1 15       	cp	r30, r1
    1b70:	2e ef       	ldi	r18, 0xFE	; 254
    1b72:	f2 07       	cpc	r31, r18
    1b74:	14 f4       	brge	.+4      	; 0x1b7a <sdr_rx_00()+0x492>
    1b76:	e0 e0       	ldi	r30, 0x00	; 0
    1b78:	fe ef       	ldi	r31, 0xFE	; 254
    1b7a:	f0 93 75 05 	sts	0x0575, r31	; 0x800575 <process(int, int)::ac3+0x1>
    1b7e:	e0 93 74 05 	sts	0x0574, r30	; 0x800574 <process(int, int)::ac3>
/home/jgalera/develop/arduino/usdx/usdx_plus_orange/src/dsp/dsp.cpp:1237
                           // between PWM out and ADC inputs
#ifdef OUTLET
  tc--;
    1b82:	41 50       	subi	r20, 0x01	; 1
    1b84:	40 93 6f 05 	sts	0x056F, r20	; 0x80056f <tc>
_Z9sdr_rx_00v():
/home/jgalera/develop/arduino/usdx/usdx_plus_orange/src/dsp/dsp.cpp:1253
  int16_t i_s1za0 = (ac + (i_s0za1 + i_s0zb0) * 3 + i_s0zb1) >> M_SR;
  i_s0za1 = ac;
  int16_t ac2 = (i_s1za0 + (i_s1za1 + i_s1zb0) * 3 + i_s1zb1);
  i_s1za1 = i_s1za0;
  process(ac2, q_ac2);
}
    1b88:	df 91       	pop	r29
    1b8a:	cf 91       	pop	r28
    1b8c:	1f 91       	pop	r17
    1b8e:	0f 91       	pop	r16
    1b90:	ff 90       	pop	r15
    1b92:	ef 90       	pop	r14
    1b94:	df 90       	pop	r13
    1b96:	cf 90       	pop	r12
    1b98:	bf 90       	pop	r11
    1b9a:	af 90       	pop	r10
    1b9c:	9f 90       	pop	r9
    1b9e:	8f 90       	pop	r8
    1ba0:	7f 90       	pop	r7
    1ba2:	6f 90       	pop	r6
    1ba4:	5f 90       	pop	r5
    1ba6:	4f 90       	pop	r4
    1ba8:	08 95       	ret
slow_dsp():
/home/jgalera/develop/arduino/usdx/usdx_plus_orange/src/dsp/dsp.cpp:1035
  static uint8_t absavg256cnt;
  if (!(absavg256cnt--)) {
    _absavg256 = absavg256;
    absavg256 = 0;
  } else
    absavg256 += abs(ac);
    1baa:	cf 01       	movw	r24, r30
    1bac:	f7 fd       	sbrc	r31, 7
    1bae:	98 c1       	rjmp	.+816    	; 0x1ee0 <sdr_rx_00()+0x7f8>
    1bb0:	09 2e       	mov	r0, r25
    1bb2:	00 0c       	add	r0, r0
    1bb4:	aa 0b       	sbc	r26, r26
    1bb6:	bb 0b       	sbc	r27, r27
    1bb8:	8c 0d       	add	r24, r12
    1bba:	9d 1d       	adc	r25, r13
    1bbc:	ae 1d       	adc	r26, r14
    1bbe:	bf 1d       	adc	r27, r15
    1bc0:	80 93 3e 05 	sts	0x053E, r24	; 0x80053e <absavg256>
    1bc4:	90 93 3f 05 	sts	0x053F, r25	; 0x80053f <absavg256+0x1>
    1bc8:	a0 93 40 05 	sts	0x0540, r26	; 0x800540 <absavg256+0x2>
    1bcc:	b0 93 41 05 	sts	0x0541, r27	; 0x800541 <absavg256+0x3>
/home/jgalera/develop/arduino/usdx/usdx_plus_orange/src/dsp/dsp.cpp:1037

  if (mode == AM) {
    1bd0:	80 91 cc 01 	lds	r24, 0x01CC	; 0x8001cc <mode>
    1bd4:	84 30       	cpi	r24, 0x04	; 4
    1bd6:	09 f0       	breq	.+2      	; 0x1bda <sdr_rx_00()+0x4f2>
    1bd8:	8a cf       	rjmp	.-236    	; 0x1aee <sdr_rx_00()+0x406>
/home/jgalera/develop/arduino/usdx/usdx_plus_orange/src/dsp/dsp.cpp:1038
    ac = magn(i, q);
    1bda:	20 91 c4 05 	lds	r18, 0x05C4	; 0x8005c4 <i>
    1bde:	30 91 c5 05 	lds	r19, 0x05C5	; 0x8005c5 <i+0x1>
    1be2:	80 91 51 05 	lds	r24, 0x0551	; 0x800551 <q>
    1be6:	90 91 52 05 	lds	r25, 0x0552	; 0x800552 <q+0x1>
    1bea:	37 ff       	sbrs	r19, 7
    1bec:	03 c0       	rjmp	.+6      	; 0x1bf4 <sdr_rx_00()+0x50c>
    1bee:	31 95       	neg	r19
    1bf0:	21 95       	neg	r18
    1bf2:	31 09       	sbc	r19, r1
    1bf4:	97 ff       	sbrs	r25, 7
    1bf6:	03 c0       	rjmp	.+6      	; 0x1bfe <sdr_rx_00()+0x516>
    1bf8:	91 95       	neg	r25
    1bfa:	81 95       	neg	r24
    1bfc:	91 09       	sbc	r25, r1
    1bfe:	82 17       	cp	r24, r18
    1c00:	93 07       	cpc	r25, r19
    1c02:	0c f4       	brge	.+2      	; 0x1c06 <sdr_rx_00()+0x51e>
    1c04:	74 c1       	rjmp	.+744    	; 0x1eee <sdr_rx_00()+0x806>
    1c06:	80 91 51 05 	lds	r24, 0x0551	; 0x800551 <q>
    1c0a:	90 91 52 05 	lds	r25, 0x0552	; 0x800552 <q+0x1>
    1c0e:	e0 91 c4 05 	lds	r30, 0x05C4	; 0x8005c4 <i>
    1c12:	f0 91 c5 05 	lds	r31, 0x05C5	; 0x8005c5 <i+0x1>
    1c16:	f7 ff       	sbrs	r31, 7
    1c18:	03 c0       	rjmp	.+6      	; 0x1c20 <sdr_rx_00()+0x538>
    1c1a:	f1 95       	neg	r31
    1c1c:	e1 95       	neg	r30
    1c1e:	f1 09       	sbc	r31, r1
    1c20:	f5 95       	asr	r31
    1c22:	e7 95       	ror	r30
    1c24:	f5 95       	asr	r31
    1c26:	e7 95       	ror	r30
    1c28:	97 ff       	sbrs	r25, 7
    1c2a:	03 c0       	rjmp	.+6      	; 0x1c32 <sdr_rx_00()+0x54a>
    1c2c:	91 95       	neg	r25
    1c2e:	81 95       	neg	r24
    1c30:	91 09       	sbc	r25, r1
    1c32:	e8 0f       	add	r30, r24
    1c34:	f9 1f       	adc	r31, r25
/home/jgalera/develop/arduino/usdx/usdx_plus_orange/src/dsp/dsp.cpp:1041
    {
      static int16_t dc; // DC decoupling
      dc += (ac - dc) / 2;
    1c36:	80 91 3c 05 	lds	r24, 0x053C	; 0x80053c <slow_dsp(int)::dc>
    1c3a:	90 91 3d 05 	lds	r25, 0x053D	; 0x80053d <slow_dsp(int)::dc+0x1>
    1c3e:	9f 01       	movw	r18, r30
    1c40:	28 1b       	sub	r18, r24
    1c42:	39 0b       	sbc	r19, r25
    1c44:	37 ff       	sbrs	r19, 7
    1c46:	02 c0       	rjmp	.+4      	; 0x1c4c <sdr_rx_00()+0x564>
    1c48:	2f 5f       	subi	r18, 0xFF	; 255
    1c4a:	3f 4f       	sbci	r19, 0xFF	; 255
    1c4c:	35 95       	asr	r19
    1c4e:	27 95       	ror	r18
    1c50:	28 0f       	add	r18, r24
    1c52:	39 1f       	adc	r19, r25
    1c54:	30 93 3d 05 	sts	0x053D, r19	; 0x80053d <slow_dsp(int)::dc+0x1>
    1c58:	20 93 3c 05 	sts	0x053C, r18	; 0x80053c <slow_dsp(int)::dc>
/home/jgalera/develop/arduino/usdx/usdx_plus_orange/src/dsp/dsp.cpp:1042
      ac = ac - dc;
    1c5c:	e2 1b       	sub	r30, r18
    1c5e:	f3 0b       	sbc	r31, r19
/home/jgalera/develop/arduino/usdx/usdx_plus_orange/src/dsp/dsp.cpp:1062
    ac = ac >> (16 - volume);
  } else if (agc == 1) {
    ac = process_agc_fast(ac);
    ac = ac >> (16 - volume);
#else
  if (agc == 1) {
    1c60:	80 91 69 01 	lds	r24, 0x0169	; 0x800169 <agc>
    1c64:	81 30       	cpi	r24, 0x01	; 1
    1c66:	09 f0       	breq	.+2      	; 0x1c6a <sdr_rx_00()+0x582>
    1c68:	4c cf       	rjmp	.-360    	; 0x1b02 <sdr_rx_00()+0x41a>
process_agc_fast():
/home/jgalera/develop/arduino/usdx/usdx_plus_orange/src/dsp/dsp.cpp:775
// range is x1 to x31 = 30dB approx. Decay time is fine (about 1s) but attack
// time is much slower than I like. For weak/medium signals it aims to keep the
// sample value between 1024 and 2048.
static int16_t gain = 1024;
inline int16_t process_agc_fast(int16_t in) {
  int16_t out = (gain >= 1024) ? (gain >> 10) * in : in;
    1c6a:	80 91 67 01 	lds	r24, 0x0167	; 0x800167 <gain>
    1c6e:	90 91 68 01 	lds	r25, 0x0168	; 0x800168 <gain+0x1>
    1c72:	81 15       	cp	r24, r1
    1c74:	64 e0       	ldi	r22, 0x04	; 4
    1c76:	96 07       	cpc	r25, r22
    1c78:	74 f0       	brlt	.+28     	; 0x1c96 <sdr_rx_00()+0x5ae>
    1c7a:	9c 01       	movw	r18, r24
    1c7c:	23 2f       	mov	r18, r19
    1c7e:	33 0f       	add	r19, r19
    1c80:	33 0b       	sbc	r19, r19
    1c82:	25 95       	asr	r18
    1c84:	25 95       	asr	r18
    1c86:	df 01       	movw	r26, r30
    1c88:	a2 9f       	mul	r26, r18
    1c8a:	f0 01       	movw	r30, r0
    1c8c:	a3 9f       	mul	r26, r19
    1c8e:	f0 0d       	add	r31, r0
    1c90:	b2 9f       	mul	r27, r18
    1c92:	f0 0d       	add	r31, r0
    1c94:	11 24       	eor	r1, r1
/home/jgalera/develop/arduino/usdx/usdx_plus_orange/src/dsp/dsp.cpp:776
  int16_t accum = (1 - abs(out >> 10));
    1c96:	2f 2f       	mov	r18, r31
    1c98:	25 95       	asr	r18
    1c9a:	25 95       	asr	r18
    1c9c:	3f 2f       	mov	r19, r31
    1c9e:	33 0f       	add	r19, r19
    1ca0:	33 0b       	sbc	r19, r19
    1ca2:	37 fd       	sbrc	r19, 7
    1ca4:	e2 c1       	rjmp	.+964    	; 0x206a <sdr_rx_00()+0x982>
    1ca6:	61 e0       	ldi	r22, 0x01	; 1
    1ca8:	70 e0       	ldi	r23, 0x00	; 0
    1caa:	db 01       	movw	r26, r22
    1cac:	a2 1b       	sub	r26, r18
    1cae:	b3 0b       	sbc	r27, r19
/home/jgalera/develop/arduino/usdx/usdx_plus_orange/src/dsp/dsp.cpp:777
  if ((INT16_MAX - gain) > accum)
    1cb0:	6f ef       	ldi	r22, 0xFF	; 255
    1cb2:	7f e7       	ldi	r23, 0x7F	; 127
    1cb4:	68 1b       	sub	r22, r24
    1cb6:	79 0b       	sbc	r23, r25
    1cb8:	a6 17       	cp	r26, r22
    1cba:	b7 07       	cpc	r27, r23
    1cbc:	34 f4       	brge	.+12     	; 0x1cca <sdr_rx_00()+0x5e2>
/home/jgalera/develop/arduino/usdx/usdx_plus_orange/src/dsp/dsp.cpp:778
    gain = gain + accum;
    1cbe:	8a 0f       	add	r24, r26
    1cc0:	9b 1f       	adc	r25, r27
    1cc2:	90 93 68 01 	sts	0x0168, r25	; 0x800168 <gain+0x1>
    1cc6:	80 93 67 01 	sts	0x0167, r24	; 0x800167 <gain>
/home/jgalera/develop/arduino/usdx/usdx_plus_orange/src/dsp/dsp.cpp:779
  if (gain < 1)
    1cca:	18 16       	cp	r1, r24
    1ccc:	19 06       	cpc	r1, r25
    1cce:	0c f0       	brlt	.+2      	; 0x1cd2 <sdr_rx_00()+0x5ea>
    1cd0:	c5 c1       	rjmp	.+906    	; 0x205c <sdr_rx_00()+0x974>
slow_dsp():
/home/jgalera/develop/arduino/usdx/usdx_plus_orange/src/dsp/dsp.cpp:1064
    ac = process_agc_fast(ac);
    ac = ac >> (16 - volume);
#else
  if (agc == 1) {
    ac = process_agc_fast(ac);
    ac = ac >> (16 - volume);
    1cd2:	20 91 b2 01 	lds	r18, 0x01B2	; 0x8001b2 <volume>
    1cd6:	80 e1       	ldi	r24, 0x10	; 16
    1cd8:	90 e0       	ldi	r25, 0x00	; 0
    1cda:	23 c0       	rjmp	.+70     	; 0x1d22 <sdr_rx_00()+0x63a>
process():
/home/jgalera/develop/arduino/usdx/usdx_plus_orange/src/dsp/dsp.cpp:1169
    // https://www.xanthium.in/how-to-avr-atmega328p-microcontroller-usart-uart-embedded-programming-avrgcc
#endif // CAT_STREAMING
#ifdef AF_OUT
  static int16_t ozd1, ozd2; // Output stage
  if (_init) {
    ac3 = 0;
    1cdc:	10 92 75 05 	sts	0x0575, r1	; 0x800575 <process(int, int)::ac3+0x1>
    1ce0:	10 92 74 05 	sts	0x0574, r1	; 0x800574 <process(int, int)::ac3>
/home/jgalera/develop/arduino/usdx/usdx_plus_orange/src/dsp/dsp.cpp:1170
    ozd1 = 0;
    1ce4:	10 92 73 05 	sts	0x0573, r1	; 0x800573 <process(int, int)::ozd1+0x1>
    1ce8:	10 92 72 05 	sts	0x0572, r1	; 0x800572 <process(int, int)::ozd1>
/home/jgalera/develop/arduino/usdx/usdx_plus_orange/src/dsp/dsp.cpp:1171
    ozd2 = 0;
    1cec:	10 92 71 05 	sts	0x0571, r1	; 0x800571 <process(int, int)::ozd2+0x1>
    1cf0:	10 92 70 05 	sts	0x0570, r1	; 0x800570 <process(int, int)::ozd2>
/home/jgalera/develop/arduino/usdx/usdx_plus_orange/src/dsp/dsp.cpp:1172
    _init = 0;
    1cf4:	10 92 ea 05 	sts	0x05EA, r1	; 0x8005ea <_init>
    1cf8:	50 e0       	ldi	r21, 0x00	; 0
    1cfa:	40 e0       	ldi	r20, 0x00	; 0
    1cfc:	30 e0       	ldi	r19, 0x00	; 0
    1cfe:	20 e0       	ldi	r18, 0x00	; 0
    1d00:	90 e0       	ldi	r25, 0x00	; 0
    1d02:	80 e0       	ldi	r24, 0x00	; 0
    1d04:	ab cd       	rjmp	.-1194   	; 0x185c <sdr_rx_00()+0x174>
sdr_rx_common_i():
/home/jgalera/develop/arduino/usdx/usdx_plus_orange/src/dsp/dsp.cpp:1320
  static int16_t prev_adc;
  int16_t ac = (prev_adc + adc) / 2;
  prev_adc = adc;
#ifdef AF_OUT
  if (_init) {
    ocomb = 0;
    1d06:	10 92 83 05 	sts	0x0583, r1	; 0x800583 <ocomb+0x1>
    1d0a:	10 92 82 05 	sts	0x0582, r1	; 0x800582 <ocomb>
    1d0e:	80 e8       	ldi	r24, 0x80	; 128
    1d10:	70 e0       	ldi	r23, 0x00	; 0
    1d12:	60 e0       	ldi	r22, 0x00	; 0
    1d14:	f0 e0       	ldi	r31, 0x00	; 0
    1d16:	e0 e0       	ldi	r30, 0x00	; 0
    1d18:	37 cd       	rjmp	.-1426   	; 0x1788 <sdr_rx_00()+0xa0>
slow_dsp():
/home/jgalera/develop/arduino/usdx/usdx_plus_orange/src/dsp/dsp.cpp:1069
    ac = ac >> (16 - volume);
#endif //! FAST_AGC
  } else {
    // ac = ac >> (16-volume);
    if (volume <= 13) // if no AGC allow volume control to boost weak signals
      ac = ac >> (13 - volume);
    1d1a:	20 91 b2 01 	lds	r18, 0x01B2	; 0x8001b2 <volume>
    1d1e:	8d e0       	ldi	r24, 0x0D	; 13
    1d20:	90 e0       	ldi	r25, 0x00	; 0
    1d22:	82 1b       	sub	r24, r18
    1d24:	91 09       	sbc	r25, r1
    1d26:	27 fd       	sbrc	r18, 7
    1d28:	93 95       	inc	r25
    1d2a:	02 c0       	rjmp	.+4      	; 0x1d30 <sdr_rx_00()+0x648>
    1d2c:	f5 95       	asr	r31
    1d2e:	e7 95       	ror	r30
    1d30:	8a 95       	dec	r24
    1d32:	e2 f7       	brpl	.-8      	; 0x1d2c <sdr_rx_00()+0x644>
/home/jgalera/develop/arduino/usdx/usdx_plus_orange/src/dsp/dsp.cpp:1073
    else
      ac = ac << (volume - 13);
  }
  if (nr)
    1d34:	80 91 c4 01 	lds	r24, 0x01C4	; 0x8001c4 <nr>
    1d38:	88 23       	and	r24, r24
    1d3a:	09 f4       	brne	.+2      	; 0x1d3e <sdr_rx_00()+0x656>
    1d3c:	f3 ce       	rjmp	.-538    	; 0x1b24 <sdr_rx_00()+0x43c>
process_nr():
/home/jgalera/develop/arduino/usdx/usdx_plus_orange/src/dsp/dsp.cpp:858
  return ea1;
}

inline int16_t process_nr(int16_t in) {
  static int16_t ea1;
  ea1 = EA(ea1, in, 1 << (nr - 1));
    1d3e:	00 91 22 05 	lds	r16, 0x0522	; 0x800522 <process_nr(int)::ea1>
    1d42:	10 91 23 05 	lds	r17, 0x0523	; 0x800523 <process_nr(int)::ea1+0x1>
    1d46:	20 91 c4 01 	lds	r18, 0x01C4	; 0x8001c4 <nr>
    1d4a:	cf 01       	movw	r24, r30
    1d4c:	80 1b       	sub	r24, r16
    1d4e:	91 0b       	sbc	r25, r17
    1d50:	21 50       	subi	r18, 0x01	; 1
    1d52:	33 0b       	sbc	r19, r19
    1d54:	61 e0       	ldi	r22, 0x01	; 1
    1d56:	70 e0       	ldi	r23, 0x00	; 0
    1d58:	02 c0       	rjmp	.+4      	; 0x1d5e <sdr_rx_00()+0x676>
    1d5a:	66 0f       	add	r22, r22
    1d5c:	77 1f       	adc	r23, r23
    1d5e:	2a 95       	dec	r18
    1d60:	e2 f7       	brpl	.-8      	; 0x1d5a <sdr_rx_00()+0x672>
    1d62:	0e 94 81 39 	call	0x7302	; 0x7302 <__divmodhi4>
    1d66:	fb 01       	movw	r30, r22
    1d68:	e0 0f       	add	r30, r16
    1d6a:	f1 1f       	adc	r31, r17
    1d6c:	f0 93 23 05 	sts	0x0523, r31	; 0x800523 <process_nr(int)::ea1+0x1>
    1d70:	e0 93 22 05 	sts	0x0522, r30	; 0x800522 <process_nr(int)::ea1>
slow_dsp():
/home/jgalera/develop/arduino/usdx/usdx_plus_orange/src/dsp/dsp.cpp:1076
      ac = ac << (volume - 13);
  }
  if (nr)
    ac = process_nr(ac);

  if (filt)
    1d74:	80 91 ec 05 	lds	r24, 0x05EC	; 0x8005ec <filt>
    1d78:	88 23       	and	r24, r24
    1d7a:	09 f4       	brne	.+2      	; 0x1d7e <sdr_rx_00()+0x696>
    1d7c:	d7 ce       	rjmp	.-594    	; 0x1b2c <sdr_rx_00()+0x444>
filt_var():
/home/jgalera/develop/arduino/usdx/usdx_plus_orange/src/dsp/dsp.cpp:872
{
  static int16_t za1, za2;
  static int16_t zb0, zb1, zb2;
  static int16_t zc0, zc1, zc2;

  if (filt < 4) { // for SSB filters
    1d7e:	80 91 ec 05 	lds	r24, 0x05EC	; 0x8005ec <filt>
    1d82:	e0 90 2e 05 	lds	r14, 0x052E	; 0x80052e <filt_var(int)::zb1>
    1d86:	f0 90 2f 05 	lds	r15, 0x052F	; 0x80052f <filt_var(int)::zb1+0x1>
    1d8a:	c0 90 32 05 	lds	r12, 0x0532	; 0x800532 <filt_var(int)::za1>
    1d8e:	d0 90 33 05 	lds	r13, 0x0533	; 0x800533 <filt_var(int)::za1+0x1>
    1d92:	84 30       	cpi	r24, 0x04	; 4
    1d94:	08 f0       	brcs	.+2      	; 0x1d98 <sdr_rx_00()+0x6b0>
    1d96:	b4 c0       	rjmp	.+360    	; 0x1f00 <sdr_rx_00()+0x818>
/home/jgalera/develop/arduino/usdx/usdx_plus_orange/src/dsp/dsp.cpp:882
    //    zz2=zz1;
    //    zz1=za0;
    // After correction, this filter still introduced almost 6dB attenuation, so
    // I adjusted the coefficients
    static int16_t zz1, zz2;
    zz2 = zz1;
    1d98:	80 91 34 05 	lds	r24, 0x0534	; 0x800534 <filt_var(int)::zz1>
    1d9c:	90 91 35 05 	lds	r25, 0x0535	; 0x800535 <filt_var(int)::zz1+0x1>
/home/jgalera/develop/arduino/usdx/usdx_plus_orange/src/dsp/dsp.cpp:883
    zz1 = za0;
    1da0:	f0 93 35 05 	sts	0x0535, r31	; 0x800535 <filt_var(int)::zz1+0x1>
    1da4:	e0 93 34 05 	sts	0x0534, r30	; 0x800534 <filt_var(int)::zz1>
/home/jgalera/develop/arduino/usdx/usdx_plus_orange/src/dsp/dsp.cpp:884
    za0 = ((((za0 - zz2) << 5) - ((za0 - zz2) << 1)) +
    1da8:	df 01       	movw	r26, r30
    1daa:	a8 1b       	sub	r26, r24
    1dac:	b9 0b       	sbc	r27, r25
/home/jgalera/develop/arduino/usdx/usdx_plus_orange/src/dsp/dsp.cpp:885
           (((zz1) << 4) + ((zz1) << 3) + zz1)) >>
    1dae:	9f 01       	movw	r18, r30
    1db0:	22 95       	swap	r18
    1db2:	32 95       	swap	r19
    1db4:	30 7f       	andi	r19, 0xF0	; 240
    1db6:	32 27       	eor	r19, r18
    1db8:	20 7f       	andi	r18, 0xF0	; 240
    1dba:	32 27       	eor	r19, r18
    1dbc:	cf 01       	movw	r24, r30
    1dbe:	88 0f       	add	r24, r24
    1dc0:	99 1f       	adc	r25, r25
    1dc2:	88 0f       	add	r24, r24
    1dc4:	99 1f       	adc	r25, r25
    1dc6:	88 0f       	add	r24, r24
    1dc8:	99 1f       	adc	r25, r25
    1dca:	28 0f       	add	r18, r24
    1dcc:	39 1f       	adc	r19, r25
    1dce:	2e 0f       	add	r18, r30
    1dd0:	3f 1f       	adc	r19, r31
/home/jgalera/develop/arduino/usdx/usdx_plus_orange/src/dsp/dsp.cpp:884
    // After correction, this filter still introduced almost 6dB attenuation, so
    // I adjusted the coefficients
    static int16_t zz1, zz2;
    zz2 = zz1;
    zz1 = za0;
    za0 = ((((za0 - zz2) << 5) - ((za0 - zz2) << 1)) +
    1dd2:	8e e1       	ldi	r24, 0x1E	; 30
    1dd4:	90 e0       	ldi	r25, 0x00	; 0
    1dd6:	a8 9f       	mul	r26, r24
    1dd8:	f0 01       	movw	r30, r0
    1dda:	a9 9f       	mul	r26, r25
    1ddc:	f0 0d       	add	r31, r0
    1dde:	b8 9f       	mul	r27, r24
    1de0:	f0 0d       	add	r31, r0
    1de2:	11 24       	eor	r1, r1
    1de4:	2e 0f       	add	r18, r30
    1de6:	3f 1f       	adc	r19, r31
    1de8:	35 95       	asr	r19
    1dea:	27 95       	ror	r18
    1dec:	35 95       	asr	r19
    1dee:	27 95       	ror	r18
    1df0:	35 95       	asr	r19
    1df2:	27 95       	ror	r18
    1df4:	35 95       	asr	r19
    1df6:	27 95       	ror	r18
    1df8:	35 95       	asr	r19
    1dfa:	27 95       	ror	r18
/home/jgalera/develop/arduino/usdx/usdx_plus_orange/src/dsp/dsp.cpp:888
           (((zz1) << 4) + ((zz1) << 3) + zz1)) >>
          5; // 300-Hz

    switch (filt) {
    1dfc:	80 91 ec 05 	lds	r24, 0x05EC	; 0x8005ec <filt>
    1e00:	82 30       	cpi	r24, 0x02	; 2
    1e02:	09 f4       	brne	.+2      	; 0x1e06 <sdr_rx_00()+0x71e>
    1e04:	57 c2       	rjmp	.+1198   	; 0x22b4 <sdr_rx_00()+0xbcc>
    1e06:	83 30       	cpi	r24, 0x03	; 3
    1e08:	09 f4       	brne	.+2      	; 0x1e0c <sdr_rx_00()+0x724>
    1e0a:	3e c2       	rjmp	.+1148   	; 0x2288 <sdr_rx_00()+0xba0>
    1e0c:	81 30       	cpi	r24, 0x01	; 1
    1e0e:	09 f4       	brne	.+2      	; 0x1e12 <sdr_rx_00()+0x72a>
    1e10:	fb c1       	rjmp	.+1014   	; 0x2208 <sdr_rx_00()+0xb20>
    1e12:	a0 91 2a 05 	lds	r26, 0x052A	; 0x80052a <filt_var(int)::zb0>
    1e16:	b0 91 2b 05 	lds	r27, 0x052B	; 0x80052b <filt_var(int)::zb0+0x1>
/home/jgalera/develop/arduino/usdx/usdx_plus_orange/src/dsp/dsp.cpp:902
    case 3:
      zb0 = ((za0 + 2 * za1 + za2) >> 1) - ((zb2 << 2) >> 4);
      break; // 0-1800Hz  elliptic
    }

    switch (filt) {
    1e1a:	80 91 ec 05 	lds	r24, 0x05EC	; 0x8005ec <filt>
    1e1e:	00 91 28 05 	lds	r16, 0x0528	; 0x800528 <filt_var(int)::zc1>
    1e22:	10 91 29 05 	lds	r17, 0x0529	; 0x800529 <filt_var(int)::zc1+0x1>
    1e26:	82 30       	cpi	r24, 0x02	; 2
    1e28:	09 f4       	brne	.+2      	; 0x1e2c <sdr_rx_00()+0x744>
    1e2a:	cd c1       	rjmp	.+922    	; 0x21c6 <sdr_rx_00()+0xade>
    1e2c:	83 30       	cpi	r24, 0x03	; 3
    1e2e:	09 f4       	brne	.+2      	; 0x1e32 <sdr_rx_00()+0x74a>
    1e30:	a8 c1       	rjmp	.+848    	; 0x2182 <sdr_rx_00()+0xa9a>
    1e32:	81 30       	cpi	r24, 0x01	; 1
    1e34:	09 f4       	brne	.+2      	; 0x1e38 <sdr_rx_00()+0x750>
    1e36:	69 c1       	rjmp	.+722    	; 0x210a <sdr_rx_00()+0xa22>
    1e38:	e0 91 24 05 	lds	r30, 0x0524	; 0x800524 <filt_var(int)::zc0>
    1e3c:	f0 91 25 05 	lds	r31, 0x0525	; 0x800525 <filt_var(int)::zc0+0x1>
/home/jgalera/develop/arduino/usdx/usdx_plus_orange/src/dsp/dsp.cpp:916
    case 3:
      zc0 = ((zb0 + 2 * zb1 + zb2) >> 2) - ((zc2 << 2) >> 4);
      break; // 0-1800Hz  elliptic
    }

    zc2 = zc1;
    1e40:	10 93 27 05 	sts	0x0527, r17	; 0x800527 <filt_var(int)::zc2+0x1>
    1e44:	00 93 26 05 	sts	0x0526, r16	; 0x800526 <filt_var(int)::zc2>
/home/jgalera/develop/arduino/usdx/usdx_plus_orange/src/dsp/dsp.cpp:917
    zc1 = zc0;
    1e48:	f0 93 29 05 	sts	0x0529, r31	; 0x800529 <filt_var(int)::zc1+0x1>
    1e4c:	e0 93 28 05 	sts	0x0528, r30	; 0x800528 <filt_var(int)::zc1>
/home/jgalera/develop/arduino/usdx/usdx_plus_orange/src/dsp/dsp.cpp:919

    zb2 = zb1;
    1e50:	f0 92 2d 05 	sts	0x052D, r15	; 0x80052d <filt_var(int)::zb2+0x1>
    1e54:	e0 92 2c 05 	sts	0x052C, r14	; 0x80052c <filt_var(int)::zb2>
/home/jgalera/develop/arduino/usdx/usdx_plus_orange/src/dsp/dsp.cpp:920
    zb1 = zb0;
    1e58:	b0 93 2f 05 	sts	0x052F, r27	; 0x80052f <filt_var(int)::zb1+0x1>
    1e5c:	a0 93 2e 05 	sts	0x052E, r26	; 0x80052e <filt_var(int)::zb1>
/home/jgalera/develop/arduino/usdx/usdx_plus_orange/src/dsp/dsp.cpp:922

    za2 = za1;
    1e60:	d0 92 31 05 	sts	0x0531, r13	; 0x800531 <filt_var(int)::za2+0x1>
    1e64:	c0 92 30 05 	sts	0x0530, r12	; 0x800530 <filt_var(int)::za2>
/home/jgalera/develop/arduino/usdx/usdx_plus_orange/src/dsp/dsp.cpp:923
    za1 = za0;
    1e68:	30 93 33 05 	sts	0x0533, r19	; 0x800533 <filt_var(int)::za1+0x1>
    1e6c:	20 93 32 05 	sts	0x0532, r18	; 0x800532 <filt_var(int)::za1>
    1e70:	5d ce       	rjmp	.-838    	; 0x1b2c <sdr_rx_00()+0x444>
    1e72:	8f ef       	ldi	r24, 0xFF	; 255
    1e74:	90 e0       	ldi	r25, 0x00	; 0
    1e76:	97 ff       	sbrs	r25, 7
    1e78:	87 cc       	rjmp	.-1778   	; 0x1788 <sdr_rx_00()+0xa0>
    1e7a:	37 c0       	rjmp	.+110    	; 0x1eea <sdr_rx_00()+0x802>
slow_dsp():
/home/jgalera/develop/arduino/usdx/usdx_plus_orange/src/dsp/dsp.cpp:1046
      dc += (ac - dc) / 2;
      ac = ac - dc;
    }
  } else if (mode == FM) {
    static int16_t zi;
    ac = ((ac + i) * zi); // -qh = ac + i
    1e7c:	80 91 c4 05 	lds	r24, 0x05C4	; 0x8005c4 <i>
    1e80:	90 91 c5 05 	lds	r25, 0x05C5	; 0x8005c5 <i+0x1>
    1e84:	8e 0f       	add	r24, r30
    1e86:	9f 1f       	adc	r25, r31
    1e88:	20 91 3a 05 	lds	r18, 0x053A	; 0x80053a <slow_dsp(int)::zi>
    1e8c:	30 91 3b 05 	lds	r19, 0x053B	; 0x80053b <slow_dsp(int)::zi+0x1>
    1e90:	82 9f       	mul	r24, r18
    1e92:	f0 01       	movw	r30, r0
    1e94:	83 9f       	mul	r24, r19
    1e96:	f0 0d       	add	r31, r0
    1e98:	92 9f       	mul	r25, r18
    1e9a:	f0 0d       	add	r31, r0
    1e9c:	11 24       	eor	r1, r1
/home/jgalera/develop/arduino/usdx/usdx_plus_orange/src/dsp/dsp.cpp:1047
    zi = i;
    1e9e:	80 91 c4 05 	lds	r24, 0x05C4	; 0x8005c4 <i>
    1ea2:	90 91 c5 05 	lds	r25, 0x05C5	; 0x8005c5 <i+0x1>
    1ea6:	90 93 3b 05 	sts	0x053B, r25	; 0x80053b <slow_dsp(int)::zi+0x1>
    1eaa:	80 93 3a 05 	sts	0x053A, r24	; 0x80053a <slow_dsp(int)::zi>
    1eae:	24 ce       	rjmp	.-952    	; 0x1af8 <sdr_rx_00()+0x410>
/home/jgalera/develop/arduino/usdx/usdx_plus_orange/src/dsp/dsp.cpp:1084
#ifdef CW_DECODER
  if (!(absavg256cnt % 64)) {
    _amp32 = amp32;
    amp32 = 0;
  } else
    amp32 += abs(ac);
    1eb0:	cf 01       	movw	r24, r30
    1eb2:	f7 ff       	sbrs	r31, 7
    1eb4:	04 c0       	rjmp	.+8      	; 0x1ebe <sdr_rx_00()+0x7d6>
    1eb6:	88 27       	eor	r24, r24
    1eb8:	99 27       	eor	r25, r25
    1eba:	8e 1b       	sub	r24, r30
    1ebc:	9f 0b       	sbc	r25, r31
    1ebe:	09 2e       	mov	r0, r25
    1ec0:	00 0c       	add	r0, r0
    1ec2:	aa 0b       	sbc	r26, r26
    1ec4:	bb 0b       	sbc	r27, r27
    1ec6:	8c 0d       	add	r24, r12
    1ec8:	9d 1d       	adc	r25, r13
    1eca:	ae 1d       	adc	r26, r14
    1ecc:	bf 1d       	adc	r27, r15
    1ece:	80 93 36 05 	sts	0x0536, r24	; 0x800536 <amp32>
    1ed2:	90 93 37 05 	sts	0x0537, r25	; 0x800537 <amp32+0x1>
    1ed6:	a0 93 38 05 	sts	0x0538, r26	; 0x800538 <amp32+0x2>
    1eda:	b0 93 39 05 	sts	0x0539, r27	; 0x800539 <amp32+0x3>
    1ede:	41 ce       	rjmp	.-894    	; 0x1b62 <sdr_rx_00()+0x47a>
/home/jgalera/develop/arduino/usdx/usdx_plus_orange/src/dsp/dsp.cpp:1035
  static uint8_t absavg256cnt;
  if (!(absavg256cnt--)) {
    _absavg256 = absavg256;
    absavg256 = 0;
  } else
    absavg256 += abs(ac);
    1ee0:	88 27       	eor	r24, r24
    1ee2:	99 27       	eor	r25, r25
    1ee4:	8e 1b       	sub	r24, r30
    1ee6:	9f 0b       	sbc	r25, r31
    1ee8:	63 ce       	rjmp	.-826    	; 0x1bb0 <sdr_rx_00()+0x4c8>
    1eea:	80 e0       	ldi	r24, 0x00	; 0
    1eec:	4d cc       	rjmp	.-1894   	; 0x1788 <sdr_rx_00()+0xa0>
/home/jgalera/develop/arduino/usdx/usdx_plus_orange/src/dsp/dsp.cpp:1038

  if (mode == AM) {
    ac = magn(i, q);
    1eee:	80 91 c4 05 	lds	r24, 0x05C4	; 0x8005c4 <i>
    1ef2:	90 91 c5 05 	lds	r25, 0x05C5	; 0x8005c5 <i+0x1>
    1ef6:	e0 91 51 05 	lds	r30, 0x0551	; 0x800551 <q>
    1efa:	f0 91 52 05 	lds	r31, 0x0552	; 0x800552 <q+0x1>
    1efe:	8b ce       	rjmp	.-746    	; 0x1c16 <sdr_rx_00()+0x52e>
filt_var():
/home/jgalera/develop/arduino/usdx/usdx_plus_orange/src/dsp/dsp.cpp:965
      }
    }
    if (cw_tone == 1)
#endif
    {
      switch (filt) {
    1f00:	80 91 ec 05 	lds	r24, 0x05EC	; 0x8005ec <filt>
    1f04:	85 30       	cpi	r24, 0x05	; 5
    1f06:	09 f4       	brne	.+2      	; 0x1f0a <sdr_rx_00()+0x822>
    1f08:	f0 c1       	rjmp	.+992    	; 0x22ea <sdr_rx_00()+0xc02>
    1f0a:	08 f4       	brcc	.+2      	; 0x1f0e <sdr_rx_00()+0x826>
    1f0c:	ee c0       	rjmp	.+476    	; 0x20ea <sdr_rx_00()+0xa02>
    1f0e:	86 30       	cpi	r24, 0x06	; 6
    1f10:	09 f4       	brne	.+2      	; 0x1f14 <sdr_rx_00()+0x82c>
    1f12:	af c0       	rjmp	.+350    	; 0x2072 <sdr_rx_00()+0x98a>
/home/jgalera/develop/arduino/usdx/usdx_plus_orange/src/dsp/dsp.cpp:976
        break; // 600Hz+-100Hz
      case 6:
        zb0 = (0 * za0 + 1 * za1 + 0 * za2) + (110L * zb1 - 62L * zb2) / 64;
        break; // 600Hz+-50Hz
      case 7:
        zb0 = (0 * za0 + 1 * za1 + 0 * za2) + (110L * zb1 - 61L * zb2) / 64;
    1f14:	20 91 2c 05 	lds	r18, 0x052C	; 0x80052c <filt_var(int)::zb2>
    1f18:	30 91 2d 05 	lds	r19, 0x052D	; 0x80052d <filt_var(int)::zb2+0x1>
    1f1c:	a3 ec       	ldi	r26, 0xC3	; 195
    1f1e:	bf ef       	ldi	r27, 0xFF	; 255
/home/jgalera/develop/arduino/usdx/usdx_plus_orange/src/dsp/dsp.cpp:965
      }
    }
    if (cw_tone == 1)
#endif
    {
      switch (filt) {
    1f20:	87 30       	cpi	r24, 0x07	; 7
    1f22:	09 f0       	breq	.+2      	; 0x1f26 <sdr_rx_00()+0x83e>
    1f24:	ef c1       	rjmp	.+990    	; 0x2304 <sdr_rx_00()+0xc1c>
/home/jgalera/develop/arduino/usdx/usdx_plus_orange/src/dsp/dsp.cpp:976
        break; // 600Hz+-100Hz
      case 6:
        zb0 = (0 * za0 + 1 * za1 + 0 * za2) + (110L * zb1 - 62L * zb2) / 64;
        break; // 600Hz+-50Hz
      case 7:
        zb0 = (0 * za0 + 1 * za1 + 0 * za2) + (110L * zb1 - 61L * zb2) / 64;
    1f26:	0e 94 dc 39 	call	0x73b8	; 0x73b8 <__mulhisi3>
    1f2a:	4b 01       	movw	r8, r22
    1f2c:	5c 01       	movw	r10, r24
    1f2e:	2e e6       	ldi	r18, 0x6E	; 110
    1f30:	30 e0       	ldi	r19, 0x00	; 0
    1f32:	d7 01       	movw	r26, r14
    1f34:	0e 94 f3 39 	call	0x73e6	; 0x73e6 <__usmulhisi3>
    1f38:	95 01       	movw	r18, r10
    1f3a:	84 01       	movw	r16, r8
    1f3c:	06 0f       	add	r16, r22
    1f3e:	17 1f       	adc	r17, r23
    1f40:	28 1f       	adc	r18, r24
    1f42:	39 1f       	adc	r19, r25
    1f44:	37 ff       	sbrs	r19, 7
    1f46:	04 c0       	rjmp	.+8      	; 0x1f50 <sdr_rx_00()+0x868>
    1f48:	01 5c       	subi	r16, 0xC1	; 193
    1f4a:	1f 4f       	sbci	r17, 0xFF	; 255
    1f4c:	2f 4f       	sbci	r18, 0xFF	; 255
    1f4e:	3f 4f       	sbci	r19, 0xFF	; 255
    1f50:	56 e0       	ldi	r21, 0x06	; 6
    1f52:	35 95       	asr	r19
    1f54:	27 95       	ror	r18
    1f56:	17 95       	ror	r17
    1f58:	07 95       	ror	r16
    1f5a:	5a 95       	dec	r21
    1f5c:	d1 f7       	brne	.-12     	; 0x1f52 <sdr_rx_00()+0x86a>
    1f5e:	0c 0d       	add	r16, r12
    1f60:	1d 1d       	adc	r17, r13
    1f62:	10 93 2b 05 	sts	0x052B, r17	; 0x80052b <filt_var(int)::zb0+0x1>
    1f66:	00 93 2a 05 	sts	0x052A, r16	; 0x80052a <filt_var(int)::zb0>
/home/jgalera/develop/arduino/usdx/usdx_plus_orange/src/dsp/dsp.cpp:980
        break; // 600Hz+-18Hz
      }

      switch (filt) {
    1f6a:	80 91 ec 05 	lds	r24, 0x05EC	; 0x8005ec <filt>
    1f6e:	a0 90 28 05 	lds	r10, 0x0528	; 0x800528 <filt_var(int)::zc1>
    1f72:	b0 90 29 05 	lds	r11, 0x0529	; 0x800529 <filt_var(int)::zc1+0x1>
    1f76:	85 30       	cpi	r24, 0x05	; 5
    1f78:	09 f4       	brne	.+2      	; 0x1f7c <sdr_rx_00()+0x894>
    1f7a:	c9 c1       	rjmp	.+914    	; 0x230e <sdr_rx_00()+0xc26>
    1f7c:	08 f4       	brcc	.+2      	; 0x1f80 <sdr_rx_00()+0x898>
    1f7e:	80 c0       	rjmp	.+256    	; 0x2080 <sdr_rx_00()+0x998>
    1f80:	86 30       	cpi	r24, 0x06	; 6
    1f82:	09 f4       	brne	.+2      	; 0x1f86 <sdr_rx_00()+0x89e>
    1f84:	f9 c1       	rjmp	.+1010   	; 0x2378 <sdr_rx_00()+0xc90>
    1f86:	87 30       	cpi	r24, 0x07	; 7
    1f88:	09 f0       	breq	.+2      	; 0x1f8c <sdr_rx_00()+0x8a4>
    1f8a:	f1 c1       	rjmp	.+994    	; 0x236e <sdr_rx_00()+0xc86>
/home/jgalera/develop/arduino/usdx/usdx_plus_orange/src/dsp/dsp.cpp:991
        break; // 600Hz+-100Hz
      case 6:
        zc0 = (zb0 - 2 * zb1 + zb2) / 16 + (113L * zc1 - 62L * zc2) / 64;
        break; // 600Hz+-50Hz
      case 7:
        zc0 = (zb0 - 2 * zb1 + zb2) / 32 + (112L * zc1 - 62L * zc2) / 64;
    1f8c:	c7 01       	movw	r24, r14
    1f8e:	88 0f       	add	r24, r24
    1f90:	99 1f       	adc	r25, r25
    1f92:	b8 01       	movw	r22, r16
    1f94:	68 1b       	sub	r22, r24
    1f96:	79 0b       	sbc	r23, r25
    1f98:	80 90 2c 05 	lds	r8, 0x052C	; 0x80052c <filt_var(int)::zb2>
    1f9c:	90 90 2d 05 	lds	r9, 0x052D	; 0x80052d <filt_var(int)::zb2+0x1>
    1fa0:	86 0e       	add	r8, r22
    1fa2:	97 1e       	adc	r9, r23
    1fa4:	97 fe       	sbrs	r9, 7
    1fa6:	03 c0       	rjmp	.+6      	; 0x1fae <sdr_rx_00()+0x8c6>
    1fa8:	8f e1       	ldi	r24, 0x1F	; 31
    1faa:	88 0e       	add	r8, r24
    1fac:	91 1c       	adc	r9, r1
    1fae:	95 94       	asr	r9
    1fb0:	87 94       	ror	r8
    1fb2:	95 94       	asr	r9
    1fb4:	87 94       	ror	r8
    1fb6:	95 94       	asr	r9
    1fb8:	87 94       	ror	r8
    1fba:	95 94       	asr	r9
    1fbc:	87 94       	ror	r8
    1fbe:	95 94       	asr	r9
    1fc0:	87 94       	ror	r8
    1fc2:	20 91 26 05 	lds	r18, 0x0526	; 0x800526 <filt_var(int)::zc2>
    1fc6:	30 91 27 05 	lds	r19, 0x0527	; 0x800527 <filt_var(int)::zc2+0x1>
    1fca:	a2 ec       	ldi	r26, 0xC2	; 194
    1fcc:	bf ef       	ldi	r27, 0xFF	; 255
    1fce:	0e 94 dc 39 	call	0x73b8	; 0x73b8 <__mulhisi3>
    1fd2:	2b 01       	movw	r4, r22
    1fd4:	3c 01       	movw	r6, r24
    1fd6:	20 e7       	ldi	r18, 0x70	; 112
    1fd8:	30 e0       	ldi	r19, 0x00	; 0
    1fda:	d5 01       	movw	r26, r10
    1fdc:	0e 94 f3 39 	call	0x73e6	; 0x73e6 <__usmulhisi3>
    1fe0:	46 0e       	add	r4, r22
    1fe2:	57 1e       	adc	r5, r23
    1fe4:	68 1e       	adc	r6, r24
    1fe6:	79 1e       	adc	r7, r25
    1fe8:	77 fe       	sbrs	r7, 7
    1fea:	05 c0       	rjmp	.+10     	; 0x1ff6 <sdr_rx_00()+0x90e>
    1fec:	af e3       	ldi	r26, 0x3F	; 63
    1fee:	4a 0e       	add	r4, r26
    1ff0:	51 1c       	adc	r5, r1
    1ff2:	61 1c       	adc	r6, r1
    1ff4:	71 1c       	adc	r7, r1
    1ff6:	c3 01       	movw	r24, r6
    1ff8:	b2 01       	movw	r22, r4
    1ffa:	26 e0       	ldi	r18, 0x06	; 6
    1ffc:	95 95       	asr	r25
    1ffe:	87 95       	ror	r24
    2000:	77 95       	ror	r23
    2002:	67 95       	ror	r22
    2004:	2a 95       	dec	r18
    2006:	d1 f7       	brne	.-12     	; 0x1ffc <sdr_rx_00()+0x914>
    2008:	68 0d       	add	r22, r8
    200a:	79 1d       	adc	r23, r9
    200c:	70 93 25 05 	sts	0x0525, r23	; 0x800525 <filt_var(int)::zc0+0x1>
    2010:	60 93 24 05 	sts	0x0524, r22	; 0x800524 <filt_var(int)::zc0>
/home/jgalera/develop/arduino/usdx/usdx_plus_orange/src/dsp/dsp.cpp:995
        break; // 600Hz+-18Hz
      }
    }
    zc2 = zc1;
    2014:	b0 92 27 05 	sts	0x0527, r11	; 0x800527 <filt_var(int)::zc2+0x1>
    2018:	a0 92 26 05 	sts	0x0526, r10	; 0x800526 <filt_var(int)::zc2>
/home/jgalera/develop/arduino/usdx/usdx_plus_orange/src/dsp/dsp.cpp:996
    zc1 = zc0;
    201c:	70 93 29 05 	sts	0x0529, r23	; 0x800529 <filt_var(int)::zc1+0x1>
    2020:	60 93 28 05 	sts	0x0528, r22	; 0x800528 <filt_var(int)::zc1>
/home/jgalera/develop/arduino/usdx/usdx_plus_orange/src/dsp/dsp.cpp:998

    zb2 = zb1;
    2024:	f0 92 2d 05 	sts	0x052D, r15	; 0x80052d <filt_var(int)::zb2+0x1>
    2028:	e0 92 2c 05 	sts	0x052C, r14	; 0x80052c <filt_var(int)::zb2>
/home/jgalera/develop/arduino/usdx/usdx_plus_orange/src/dsp/dsp.cpp:999
    zb1 = zb0;
    202c:	10 93 2f 05 	sts	0x052F, r17	; 0x80052f <filt_var(int)::zb1+0x1>
    2030:	00 93 2e 05 	sts	0x052E, r16	; 0x80052e <filt_var(int)::zb1>
/home/jgalera/develop/arduino/usdx/usdx_plus_orange/src/dsp/dsp.cpp:1001

    za2 = za1;
    2034:	d0 92 31 05 	sts	0x0531, r13	; 0x800531 <filt_var(int)::za2+0x1>
    2038:	c0 92 30 05 	sts	0x0530, r12	; 0x800530 <filt_var(int)::za2>
/home/jgalera/develop/arduino/usdx/usdx_plus_orange/src/dsp/dsp.cpp:1002
    za1 = za0;
    203c:	f0 93 33 05 	sts	0x0533, r31	; 0x800533 <filt_var(int)::za1+0x1>
    2040:	e0 93 32 05 	sts	0x0532, r30	; 0x800532 <filt_var(int)::za1>
/home/jgalera/develop/arduino/usdx/usdx_plus_orange/src/dsp/dsp.cpp:1005

    // return zc0 / 64; // compensate the 64x front-end gain
    return zc0 / 8; // compensate the front-end gain
    2044:	77 ff       	sbrs	r23, 7
    2046:	02 c0       	rjmp	.+4      	; 0x204c <sdr_rx_00()+0x964>
    2048:	69 5f       	subi	r22, 0xF9	; 249
    204a:	7f 4f       	sbci	r23, 0xFF	; 255
    204c:	fb 01       	movw	r30, r22
    204e:	f5 95       	asr	r31
    2050:	e7 95       	ror	r30
    2052:	f5 95       	asr	r31
    2054:	e7 95       	ror	r30
    2056:	f5 95       	asr	r31
    2058:	e7 95       	ror	r30
    205a:	68 cd       	rjmp	.-1328   	; 0x1b2c <sdr_rx_00()+0x444>
process_agc_fast():
/home/jgalera/develop/arduino/usdx/usdx_plus_orange/src/dsp/dsp.cpp:780
  int16_t out = (gain >= 1024) ? (gain >> 10) * in : in;
  int16_t accum = (1 - abs(out >> 10));
  if ((INT16_MAX - gain) > accum)
    gain = gain + accum;
  if (gain < 1)
    gain = 1;
    205c:	81 e0       	ldi	r24, 0x01	; 1
    205e:	90 e0       	ldi	r25, 0x00	; 0
    2060:	90 93 68 01 	sts	0x0168, r25	; 0x800168 <gain+0x1>
    2064:	80 93 67 01 	sts	0x0167, r24	; 0x800167 <gain>
    2068:	34 ce       	rjmp	.-920    	; 0x1cd2 <sdr_rx_00()+0x5ea>
/home/jgalera/develop/arduino/usdx/usdx_plus_orange/src/dsp/dsp.cpp:776
// time is much slower than I like. For weak/medium signals it aims to keep the
// sample value between 1024 and 2048.
static int16_t gain = 1024;
inline int16_t process_agc_fast(int16_t in) {
  int16_t out = (gain >= 1024) ? (gain >> 10) * in : in;
  int16_t accum = (1 - abs(out >> 10));
    206a:	31 95       	neg	r19
    206c:	21 95       	neg	r18
    206e:	31 09       	sbc	r19, r1
    2070:	1a ce       	rjmp	.-972    	; 0x1ca6 <sdr_rx_00()+0x5be>
filt_var():
/home/jgalera/develop/arduino/usdx/usdx_plus_orange/src/dsp/dsp.cpp:973
        break; // 600Hz+-250Hz
      case 5:
        zb0 = (0 * za0 + 1 * za1 + 0 * za2) + (113L * zb1 - 60L * zb2) / 64;
        break; // 600Hz+-100Hz
      case 6:
        zb0 = (0 * za0 + 1 * za1 + 0 * za2) + (110L * zb1 - 62L * zb2) / 64;
    2072:	20 91 2c 05 	lds	r18, 0x052C	; 0x80052c <filt_var(int)::zb2>
    2076:	30 91 2d 05 	lds	r19, 0x052D	; 0x80052d <filt_var(int)::zb2+0x1>
    207a:	a2 ec       	ldi	r26, 0xC2	; 194
    207c:	bf ef       	ldi	r27, 0xFF	; 255
    207e:	53 cf       	rjmp	.-346    	; 0x1f26 <sdr_rx_00()+0x83e>
/home/jgalera/develop/arduino/usdx/usdx_plus_orange/src/dsp/dsp.cpp:980
      case 7:
        zb0 = (0 * za0 + 1 * za1 + 0 * za2) + (110L * zb1 - 61L * zb2) / 64;
        break; // 600Hz+-18Hz
      }

      switch (filt) {
    2080:	84 30       	cpi	r24, 0x04	; 4
    2082:	09 f0       	breq	.+2      	; 0x2086 <sdr_rx_00()+0x99e>
    2084:	74 c1       	rjmp	.+744    	; 0x236e <sdr_rx_00()+0xc86>
/home/jgalera/develop/arduino/usdx/usdx_plus_orange/src/dsp/dsp.cpp:982
      case 4:
        zc0 = (zb0 - 2 * zb1 + zb2) / 1 + (95L * zc1 - 52L * zc2) / 64;
    2086:	20 91 26 05 	lds	r18, 0x0526	; 0x800526 <filt_var(int)::zc2>
    208a:	30 91 27 05 	lds	r19, 0x0527	; 0x800527 <filt_var(int)::zc2+0x1>
    208e:	ac ec       	ldi	r26, 0xCC	; 204
    2090:	bf ef       	ldi	r27, 0xFF	; 255
    2092:	0e 94 dc 39 	call	0x73b8	; 0x73b8 <__mulhisi3>
    2096:	2b 01       	movw	r4, r22
    2098:	3c 01       	movw	r6, r24
    209a:	2f e5       	ldi	r18, 0x5F	; 95
    209c:	30 e0       	ldi	r19, 0x00	; 0
    209e:	d5 01       	movw	r26, r10
    20a0:	0e 94 f3 39 	call	0x73e6	; 0x73e6 <__usmulhisi3>
    20a4:	46 0e       	add	r4, r22
    20a6:	57 1e       	adc	r5, r23
    20a8:	68 1e       	adc	r6, r24
    20aa:	79 1e       	adc	r7, r25
    20ac:	77 fe       	sbrs	r7, 7
    20ae:	05 c0       	rjmp	.+10     	; 0x20ba <sdr_rx_00()+0x9d2>
    20b0:	bf e3       	ldi	r27, 0x3F	; 63
    20b2:	4b 0e       	add	r4, r27
    20b4:	51 1c       	adc	r5, r1
    20b6:	61 1c       	adc	r6, r1
    20b8:	71 1c       	adc	r7, r1
    20ba:	d6 e0       	ldi	r29, 0x06	; 6
    20bc:	75 94       	asr	r7
    20be:	67 94       	ror	r6
    20c0:	57 94       	ror	r5
    20c2:	47 94       	ror	r4
    20c4:	da 95       	dec	r29
    20c6:	d1 f7       	brne	.-12     	; 0x20bc <sdr_rx_00()+0x9d4>
    20c8:	c7 01       	movw	r24, r14
    20ca:	88 0f       	add	r24, r24
    20cc:	99 1f       	adc	r25, r25
    20ce:	98 01       	movw	r18, r16
    20d0:	28 1b       	sub	r18, r24
    20d2:	39 0b       	sbc	r19, r25
    20d4:	c9 01       	movw	r24, r18
    20d6:	20 91 2c 05 	lds	r18, 0x052C	; 0x80052c <filt_var(int)::zb2>
    20da:	30 91 2d 05 	lds	r19, 0x052D	; 0x80052d <filt_var(int)::zb2+0x1>
    20de:	82 0f       	add	r24, r18
    20e0:	93 1f       	adc	r25, r19
    20e2:	bc 01       	movw	r22, r24
    20e4:	64 0d       	add	r22, r4
    20e6:	75 1d       	adc	r23, r5
    20e8:	91 cf       	rjmp	.-222    	; 0x200c <sdr_rx_00()+0x924>
/home/jgalera/develop/arduino/usdx/usdx_plus_orange/src/dsp/dsp.cpp:965
      }
    }
    if (cw_tone == 1)
#endif
    {
      switch (filt) {
    20ea:	84 30       	cpi	r24, 0x04	; 4
    20ec:	09 f0       	breq	.+2      	; 0x20f0 <sdr_rx_00()+0xa08>
    20ee:	0a c1       	rjmp	.+532    	; 0x2304 <sdr_rx_00()+0xc1c>
/home/jgalera/develop/arduino/usdx/usdx_plus_orange/src/dsp/dsp.cpp:967
      case 4:
        zb0 = (0 * za0 + 1 * za1 + 0 * za2) + (114L * zb1 - 57L * zb2) / 64;
    20f0:	20 91 2c 05 	lds	r18, 0x052C	; 0x80052c <filt_var(int)::zb2>
    20f4:	30 91 2d 05 	lds	r19, 0x052D	; 0x80052d <filt_var(int)::zb2+0x1>
    20f8:	a7 ec       	ldi	r26, 0xC7	; 199
    20fa:	bf ef       	ldi	r27, 0xFF	; 255
    20fc:	0e 94 dc 39 	call	0x73b8	; 0x73b8 <__mulhisi3>
    2100:	4b 01       	movw	r8, r22
    2102:	5c 01       	movw	r10, r24
    2104:	22 e7       	ldi	r18, 0x72	; 114
    2106:	30 e0       	ldi	r19, 0x00	; 0
    2108:	14 cf       	rjmp	.-472    	; 0x1f32 <sdr_rx_00()+0x84a>
/home/jgalera/develop/arduino/usdx/usdx_plus_orange/src/dsp/dsp.cpp:906

    switch (filt) {
    case 1:
      zc0 =
          ((zb0 + 2 * zb1 + zb2) >> 1) -
          ((((zc1 << 4) + (zc1 << 1)) + ((zc2 << 3) + (zc2 << 1) + zc2)) >> 4);
    210a:	80 91 26 05 	lds	r24, 0x0526	; 0x800526 <filt_var(int)::zc2>
    210e:	90 91 27 05 	lds	r25, 0x0527	; 0x800527 <filt_var(int)::zc2+0x1>
/home/jgalera/develop/arduino/usdx/usdx_plus_orange/src/dsp/dsp.cpp:905
    }

    switch (filt) {
    case 1:
      zc0 =
          ((zb0 + 2 * zb1 + zb2) >> 1) -
    2112:	f7 01       	movw	r30, r14
    2114:	ee 0f       	add	r30, r30
    2116:	ff 1f       	adc	r31, r31
    2118:	ea 0f       	add	r30, r26
    211a:	fb 1f       	adc	r31, r27
    211c:	60 91 2c 05 	lds	r22, 0x052C	; 0x80052c <filt_var(int)::zb2>
    2120:	70 91 2d 05 	lds	r23, 0x052D	; 0x80052d <filt_var(int)::zb2+0x1>
    2124:	e6 0f       	add	r30, r22
    2126:	f7 1f       	adc	r31, r23
    2128:	f5 95       	asr	r31
    212a:	e7 95       	ror	r30
/home/jgalera/develop/arduino/usdx/usdx_plus_orange/src/dsp/dsp.cpp:906
          ((((zc1 << 4) + (zc1 << 1)) + ((zc2 << 3) + (zc2 << 1) + zc2)) >> 4);
    212c:	5c 01       	movw	r10, r24
    212e:	aa 0c       	add	r10, r10
    2130:	bb 1c       	adc	r11, r11
    2132:	aa 0c       	add	r10, r10
    2134:	bb 1c       	adc	r11, r11
    2136:	aa 0c       	add	r10, r10
    2138:	bb 1c       	adc	r11, r11
    213a:	bc 01       	movw	r22, r24
    213c:	66 0f       	add	r22, r22
    213e:	77 1f       	adc	r23, r23
    2140:	6a 0d       	add	r22, r10
    2142:	7b 1d       	adc	r23, r11
    2144:	68 0f       	add	r22, r24
    2146:	79 1f       	adc	r23, r25
    2148:	58 01       	movw	r10, r16
    214a:	aa 0c       	add	r10, r10
    214c:	bb 1c       	adc	r11, r11
    214e:	c8 01       	movw	r24, r16
    2150:	82 95       	swap	r24
    2152:	92 95       	swap	r25
    2154:	90 7f       	andi	r25, 0xF0	; 240
    2156:	98 27       	eor	r25, r24
    2158:	80 7f       	andi	r24, 0xF0	; 240
    215a:	98 27       	eor	r25, r24
    215c:	a8 0e       	add	r10, r24
    215e:	b9 1e       	adc	r11, r25
    2160:	a6 0e       	add	r10, r22
    2162:	b7 1e       	adc	r11, r23
/home/jgalera/develop/arduino/usdx/usdx_plus_orange/src/dsp/dsp.cpp:909
      break; // 0-2900Hz filter, second biquad section
    case 2:
      zc0 = ((zb0 + 2 * zb1 + zb2) >> 2) - (((zc1 << 2) + (zc2 << 3)) >> 4);
    2164:	b5 94       	asr	r11
    2166:	a7 94       	ror	r10
    2168:	b5 94       	asr	r11
    216a:	a7 94       	ror	r10
    216c:	b5 94       	asr	r11
    216e:	a7 94       	ror	r10
    2170:	b5 94       	asr	r11
    2172:	a7 94       	ror	r10
    2174:	ea 19       	sub	r30, r10
    2176:	fb 09       	sbc	r31, r11
/home/jgalera/develop/arduino/usdx/usdx_plus_orange/src/dsp/dsp.cpp:912
      break; // 0-2400Hz filter, second biquad section
    case 3:
      zc0 = ((zb0 + 2 * zb1 + zb2) >> 2) - ((zc2 << 2) >> 4);
    2178:	f0 93 25 05 	sts	0x0525, r31	; 0x800525 <filt_var(int)::zc0+0x1>
    217c:	e0 93 24 05 	sts	0x0524, r30	; 0x800524 <filt_var(int)::zc0>
    2180:	5f ce       	rjmp	.-834    	; 0x1e40 <sdr_rx_00()+0x758>
    2182:	f7 01       	movw	r30, r14
    2184:	ee 0f       	add	r30, r30
    2186:	ff 1f       	adc	r31, r31
    2188:	ea 0f       	add	r30, r26
    218a:	fb 1f       	adc	r31, r27
    218c:	80 91 2c 05 	lds	r24, 0x052C	; 0x80052c <filt_var(int)::zb2>
    2190:	90 91 2d 05 	lds	r25, 0x052D	; 0x80052d <filt_var(int)::zb2+0x1>
    2194:	e8 0f       	add	r30, r24
    2196:	f9 1f       	adc	r31, r25
    2198:	f5 95       	asr	r31
    219a:	e7 95       	ror	r30
    219c:	f5 95       	asr	r31
    219e:	e7 95       	ror	r30
    21a0:	80 91 26 05 	lds	r24, 0x0526	; 0x800526 <filt_var(int)::zc2>
    21a4:	90 91 27 05 	lds	r25, 0x0527	; 0x800527 <filt_var(int)::zc2+0x1>
    21a8:	88 0f       	add	r24, r24
    21aa:	99 1f       	adc	r25, r25
    21ac:	88 0f       	add	r24, r24
    21ae:	99 1f       	adc	r25, r25
    21b0:	95 95       	asr	r25
    21b2:	87 95       	ror	r24
    21b4:	95 95       	asr	r25
    21b6:	87 95       	ror	r24
    21b8:	95 95       	asr	r25
    21ba:	87 95       	ror	r24
    21bc:	95 95       	asr	r25
    21be:	87 95       	ror	r24
    21c0:	e8 1b       	sub	r30, r24
    21c2:	f9 0b       	sbc	r31, r25
    21c4:	d9 cf       	rjmp	.-78     	; 0x2178 <sdr_rx_00()+0xa90>
/home/jgalera/develop/arduino/usdx/usdx_plus_orange/src/dsp/dsp.cpp:909
      zc0 =
          ((zb0 + 2 * zb1 + zb2) >> 1) -
          ((((zc1 << 4) + (zc1 << 1)) + ((zc2 << 3) + (zc2 << 1) + zc2)) >> 4);
      break; // 0-2900Hz filter, second biquad section
    case 2:
      zc0 = ((zb0 + 2 * zb1 + zb2) >> 2) - (((zc1 << 2) + (zc2 << 3)) >> 4);
    21c6:	f7 01       	movw	r30, r14
    21c8:	ee 0f       	add	r30, r30
    21ca:	ff 1f       	adc	r31, r31
    21cc:	ea 0f       	add	r30, r26
    21ce:	fb 1f       	adc	r31, r27
    21d0:	80 91 2c 05 	lds	r24, 0x052C	; 0x80052c <filt_var(int)::zb2>
    21d4:	90 91 2d 05 	lds	r25, 0x052D	; 0x80052d <filt_var(int)::zb2+0x1>
    21d8:	e8 0f       	add	r30, r24
    21da:	f9 1f       	adc	r31, r25
    21dc:	f5 95       	asr	r31
    21de:	e7 95       	ror	r30
    21e0:	f5 95       	asr	r31
    21e2:	e7 95       	ror	r30
    21e4:	a0 90 26 05 	lds	r10, 0x0526	; 0x800526 <filt_var(int)::zc2>
    21e8:	b0 90 27 05 	lds	r11, 0x0527	; 0x800527 <filt_var(int)::zc2+0x1>
    21ec:	aa 0c       	add	r10, r10
    21ee:	bb 1c       	adc	r11, r11
    21f0:	aa 0c       	add	r10, r10
    21f2:	bb 1c       	adc	r11, r11
    21f4:	aa 0c       	add	r10, r10
    21f6:	bb 1c       	adc	r11, r11
    21f8:	c8 01       	movw	r24, r16
    21fa:	88 0f       	add	r24, r24
    21fc:	99 1f       	adc	r25, r25
    21fe:	88 0f       	add	r24, r24
    2200:	99 1f       	adc	r25, r25
    2202:	a8 0e       	add	r10, r24
    2204:	b9 1e       	adc	r11, r25
    2206:	ae cf       	rjmp	.-164    	; 0x2164 <sdr_rx_00()+0xa7c>
/home/jgalera/develop/arduino/usdx/usdx_plus_orange/src/dsp/dsp.cpp:891
          5; // 300-Hz

    switch (filt) {
    case 1:
      zb0 = ((za0 + 2 * za1 + za2) >> 1) - ((((zb1 << 3) + (zb1 << 2) + zb1) +
                                             ((zb2 << 3) + (zb2 << 1) + zb2)) >>
    2208:	e0 91 2c 05 	lds	r30, 0x052C	; 0x80052c <filt_var(int)::zb2>
    220c:	f0 91 2d 05 	lds	r31, 0x052D	; 0x80052d <filt_var(int)::zb2+0x1>
/home/jgalera/develop/arduino/usdx/usdx_plus_orange/src/dsp/dsp.cpp:890
           (((zz1) << 4) + ((zz1) << 3) + zz1)) >>
          5; // 300-Hz

    switch (filt) {
    case 1:
      zb0 = ((za0 + 2 * za1 + za2) >> 1) - ((((zb1 << 3) + (zb1 << 2) + zb1) +
    2210:	d6 01       	movw	r26, r12
    2212:	aa 0f       	add	r26, r26
    2214:	bb 1f       	adc	r27, r27
    2216:	a2 0f       	add	r26, r18
    2218:	b3 1f       	adc	r27, r19
    221a:	80 91 30 05 	lds	r24, 0x0530	; 0x800530 <filt_var(int)::za2>
    221e:	90 91 31 05 	lds	r25, 0x0531	; 0x800531 <filt_var(int)::za2+0x1>
    2222:	a8 0f       	add	r26, r24
    2224:	b9 1f       	adc	r27, r25
    2226:	b5 95       	asr	r27
    2228:	a7 95       	ror	r26
    222a:	b7 01       	movw	r22, r14
    222c:	66 0f       	add	r22, r22
    222e:	77 1f       	adc	r23, r23
    2230:	66 0f       	add	r22, r22
    2232:	77 1f       	adc	r23, r23
    2234:	c7 01       	movw	r24, r14
    2236:	88 0f       	add	r24, r24
    2238:	99 1f       	adc	r25, r25
    223a:	88 0f       	add	r24, r24
    223c:	99 1f       	adc	r25, r25
    223e:	88 0f       	add	r24, r24
    2240:	99 1f       	adc	r25, r25
    2242:	86 0f       	add	r24, r22
    2244:	97 1f       	adc	r25, r23
    2246:	8e 0d       	add	r24, r14
    2248:	9f 1d       	adc	r25, r15
/home/jgalera/develop/arduino/usdx/usdx_plus_orange/src/dsp/dsp.cpp:891
                                             ((zb2 << 3) + (zb2 << 1) + zb2)) >>
    224a:	bf 01       	movw	r22, r30
    224c:	66 0f       	add	r22, r22
    224e:	77 1f       	adc	r23, r23
    2250:	66 0f       	add	r22, r22
    2252:	77 1f       	adc	r23, r23
    2254:	66 0f       	add	r22, r22
    2256:	77 1f       	adc	r23, r23
    2258:	8f 01       	movw	r16, r30
    225a:	00 0f       	add	r16, r16
    225c:	11 1f       	adc	r17, r17
    225e:	60 0f       	add	r22, r16
    2260:	71 1f       	adc	r23, r17
    2262:	6e 0f       	add	r22, r30
    2264:	7f 1f       	adc	r23, r31
/home/jgalera/develop/arduino/usdx/usdx_plus_orange/src/dsp/dsp.cpp:895
                                            4);
      break; // 0-2900Hz filter, first biquad section
    case 2:
      zb0 = ((za0 + 2 * za1 + za2) >> 1) - (((zb1 << 1) + (zb2 << 3)) >> 4);
    2266:	86 0f       	add	r24, r22
    2268:	97 1f       	adc	r25, r23
/home/jgalera/develop/arduino/usdx/usdx_plus_orange/src/dsp/dsp.cpp:898
      break; // 0-2400Hz filter, first biquad section
    case 3:
      zb0 = ((za0 + 2 * za1 + za2) >> 1) - ((zb2 << 2) >> 4);
    226a:	95 95       	asr	r25
    226c:	87 95       	ror	r24
    226e:	95 95       	asr	r25
    2270:	87 95       	ror	r24
    2272:	95 95       	asr	r25
    2274:	87 95       	ror	r24
    2276:	95 95       	asr	r25
    2278:	87 95       	ror	r24
    227a:	a8 1b       	sub	r26, r24
    227c:	b9 0b       	sbc	r27, r25
    227e:	b0 93 2b 05 	sts	0x052B, r27	; 0x80052b <filt_var(int)::zb0+0x1>
    2282:	a0 93 2a 05 	sts	0x052A, r26	; 0x80052a <filt_var(int)::zb0>
    2286:	c9 cd       	rjmp	.-1134   	; 0x1e1a <sdr_rx_00()+0x732>
    2288:	d6 01       	movw	r26, r12
    228a:	aa 0f       	add	r26, r26
    228c:	bb 1f       	adc	r27, r27
    228e:	a2 0f       	add	r26, r18
    2290:	b3 1f       	adc	r27, r19
    2292:	80 91 30 05 	lds	r24, 0x0530	; 0x800530 <filt_var(int)::za2>
    2296:	90 91 31 05 	lds	r25, 0x0531	; 0x800531 <filt_var(int)::za2+0x1>
    229a:	a8 0f       	add	r26, r24
    229c:	b9 1f       	adc	r27, r25
    229e:	b5 95       	asr	r27
    22a0:	a7 95       	ror	r26
    22a2:	80 91 2c 05 	lds	r24, 0x052C	; 0x80052c <filt_var(int)::zb2>
    22a6:	90 91 2d 05 	lds	r25, 0x052D	; 0x80052d <filt_var(int)::zb2+0x1>
    22aa:	88 0f       	add	r24, r24
    22ac:	99 1f       	adc	r25, r25
    22ae:	88 0f       	add	r24, r24
    22b0:	99 1f       	adc	r25, r25
    22b2:	db cf       	rjmp	.-74     	; 0x226a <sdr_rx_00()+0xb82>
/home/jgalera/develop/arduino/usdx/usdx_plus_orange/src/dsp/dsp.cpp:895
      zb0 = ((za0 + 2 * za1 + za2) >> 1) - ((((zb1 << 3) + (zb1 << 2) + zb1) +
                                             ((zb2 << 3) + (zb2 << 1) + zb2)) >>
                                            4);
      break; // 0-2900Hz filter, first biquad section
    case 2:
      zb0 = ((za0 + 2 * za1 + za2) >> 1) - (((zb1 << 1) + (zb2 << 3)) >> 4);
    22b4:	d6 01       	movw	r26, r12
    22b6:	aa 0f       	add	r26, r26
    22b8:	bb 1f       	adc	r27, r27
    22ba:	a2 0f       	add	r26, r18
    22bc:	b3 1f       	adc	r27, r19
    22be:	80 91 30 05 	lds	r24, 0x0530	; 0x800530 <filt_var(int)::za2>
    22c2:	90 91 31 05 	lds	r25, 0x0531	; 0x800531 <filt_var(int)::za2+0x1>
    22c6:	a8 0f       	add	r26, r24
    22c8:	b9 1f       	adc	r27, r25
    22ca:	b5 95       	asr	r27
    22cc:	a7 95       	ror	r26
    22ce:	80 91 2c 05 	lds	r24, 0x052C	; 0x80052c <filt_var(int)::zb2>
    22d2:	90 91 2d 05 	lds	r25, 0x052D	; 0x80052d <filt_var(int)::zb2+0x1>
    22d6:	88 0f       	add	r24, r24
    22d8:	99 1f       	adc	r25, r25
    22da:	88 0f       	add	r24, r24
    22dc:	99 1f       	adc	r25, r25
    22de:	88 0f       	add	r24, r24
    22e0:	99 1f       	adc	r25, r25
    22e2:	b7 01       	movw	r22, r14
    22e4:	66 0f       	add	r22, r22
    22e6:	77 1f       	adc	r23, r23
    22e8:	be cf       	rjmp	.-132    	; 0x2266 <sdr_rx_00()+0xb7e>
/home/jgalera/develop/arduino/usdx/usdx_plus_orange/src/dsp/dsp.cpp:970
      switch (filt) {
      case 4:
        zb0 = (0 * za0 + 1 * za1 + 0 * za2) + (114L * zb1 - 57L * zb2) / 64;
        break; // 600Hz+-250Hz
      case 5:
        zb0 = (0 * za0 + 1 * za1 + 0 * za2) + (113L * zb1 - 60L * zb2) / 64;
    22ea:	20 91 2c 05 	lds	r18, 0x052C	; 0x80052c <filt_var(int)::zb2>
    22ee:	30 91 2d 05 	lds	r19, 0x052D	; 0x80052d <filt_var(int)::zb2+0x1>
    22f2:	a4 ec       	ldi	r26, 0xC4	; 196
    22f4:	bf ef       	ldi	r27, 0xFF	; 255
    22f6:	0e 94 dc 39 	call	0x73b8	; 0x73b8 <__mulhisi3>
    22fa:	4b 01       	movw	r8, r22
    22fc:	5c 01       	movw	r10, r24
    22fe:	21 e7       	ldi	r18, 0x71	; 113
    2300:	30 e0       	ldi	r19, 0x00	; 0
    2302:	17 ce       	rjmp	.-978    	; 0x1f32 <sdr_rx_00()+0x84a>
    2304:	00 91 2a 05 	lds	r16, 0x052A	; 0x80052a <filt_var(int)::zb0>
    2308:	10 91 2b 05 	lds	r17, 0x052B	; 0x80052b <filt_var(int)::zb0+0x1>
    230c:	2e ce       	rjmp	.-932    	; 0x1f6a <sdr_rx_00()+0x882>
/home/jgalera/develop/arduino/usdx/usdx_plus_orange/src/dsp/dsp.cpp:985
      switch (filt) {
      case 4:
        zc0 = (zb0 - 2 * zb1 + zb2) / 1 + (95L * zc1 - 52L * zc2) / 64;
        break; // 600Hz+-250Hz
      case 5:
        zc0 = (zb0 - 2 * zb1 + zb2) / 4 + (106L * zc1 - 59L * zc2) / 64;
    230e:	c7 01       	movw	r24, r14
    2310:	88 0f       	add	r24, r24
    2312:	99 1f       	adc	r25, r25
    2314:	b8 01       	movw	r22, r16
    2316:	68 1b       	sub	r22, r24
    2318:	79 0b       	sbc	r23, r25
    231a:	80 90 2c 05 	lds	r8, 0x052C	; 0x80052c <filt_var(int)::zb2>
    231e:	90 90 2d 05 	lds	r9, 0x052D	; 0x80052d <filt_var(int)::zb2+0x1>
    2322:	86 0e       	add	r8, r22
    2324:	97 1e       	adc	r9, r23
    2326:	97 fe       	sbrs	r9, 7
    2328:	03 c0       	rjmp	.+6      	; 0x2330 <sdr_rx_00()+0xc48>
    232a:	33 e0       	ldi	r19, 0x03	; 3
    232c:	83 0e       	add	r8, r19
    232e:	91 1c       	adc	r9, r1
    2330:	95 94       	asr	r9
    2332:	87 94       	ror	r8
    2334:	95 94       	asr	r9
    2336:	87 94       	ror	r8
    2338:	20 91 26 05 	lds	r18, 0x0526	; 0x800526 <filt_var(int)::zc2>
    233c:	30 91 27 05 	lds	r19, 0x0527	; 0x800527 <filt_var(int)::zc2+0x1>
    2340:	a5 ec       	ldi	r26, 0xC5	; 197
    2342:	bf ef       	ldi	r27, 0xFF	; 255
    2344:	0e 94 dc 39 	call	0x73b8	; 0x73b8 <__mulhisi3>
    2348:	2b 01       	movw	r4, r22
    234a:	3c 01       	movw	r6, r24
    234c:	2a e6       	ldi	r18, 0x6A	; 106
    234e:	30 e0       	ldi	r19, 0x00	; 0
    2350:	d5 01       	movw	r26, r10
    2352:	0e 94 f3 39 	call	0x73e6	; 0x73e6 <__usmulhisi3>
    2356:	46 0e       	add	r4, r22
    2358:	57 1e       	adc	r5, r23
    235a:	68 1e       	adc	r6, r24
    235c:	79 1e       	adc	r7, r25
    235e:	77 fe       	sbrs	r7, 7
    2360:	4a ce       	rjmp	.-876    	; 0x1ff6 <sdr_rx_00()+0x90e>
    2362:	5f e3       	ldi	r21, 0x3F	; 63
    2364:	45 0e       	add	r4, r21
    2366:	51 1c       	adc	r5, r1
    2368:	61 1c       	adc	r6, r1
    236a:	71 1c       	adc	r7, r1
    236c:	44 ce       	rjmp	.-888    	; 0x1ff6 <sdr_rx_00()+0x90e>
    236e:	60 91 24 05 	lds	r22, 0x0524	; 0x800524 <filt_var(int)::zc0>
    2372:	70 91 25 05 	lds	r23, 0x0525	; 0x800525 <filt_var(int)::zc0+0x1>
    2376:	4e ce       	rjmp	.-868    	; 0x2014 <sdr_rx_00()+0x92c>
/home/jgalera/develop/arduino/usdx/usdx_plus_orange/src/dsp/dsp.cpp:988
        break; // 600Hz+-100Hz
      case 6:
        zc0 = (zb0 - 2 * zb1 + zb2) / 16 + (113L * zc1 - 62L * zc2) / 64;
    2378:	c7 01       	movw	r24, r14
    237a:	88 0f       	add	r24, r24
    237c:	99 1f       	adc	r25, r25
    237e:	b8 01       	movw	r22, r16
    2380:	68 1b       	sub	r22, r24
    2382:	79 0b       	sbc	r23, r25
    2384:	80 90 2c 05 	lds	r8, 0x052C	; 0x80052c <filt_var(int)::zb2>
    2388:	90 90 2d 05 	lds	r9, 0x052D	; 0x80052d <filt_var(int)::zb2+0x1>
    238c:	86 0e       	add	r8, r22
    238e:	97 1e       	adc	r9, r23
    2390:	97 fe       	sbrs	r9, 7
    2392:	03 c0       	rjmp	.+6      	; 0x239a <sdr_rx_00()+0xcb2>
    2394:	6f e0       	ldi	r22, 0x0F	; 15
    2396:	86 0e       	add	r8, r22
    2398:	91 1c       	adc	r9, r1
    239a:	95 94       	asr	r9
    239c:	87 94       	ror	r8
    239e:	95 94       	asr	r9
    23a0:	87 94       	ror	r8
    23a2:	95 94       	asr	r9
    23a4:	87 94       	ror	r8
    23a6:	95 94       	asr	r9
    23a8:	87 94       	ror	r8
    23aa:	20 91 26 05 	lds	r18, 0x0526	; 0x800526 <filt_var(int)::zc2>
    23ae:	30 91 27 05 	lds	r19, 0x0527	; 0x800527 <filt_var(int)::zc2+0x1>
    23b2:	a2 ec       	ldi	r26, 0xC2	; 194
    23b4:	bf ef       	ldi	r27, 0xFF	; 255
    23b6:	0e 94 dc 39 	call	0x73b8	; 0x73b8 <__mulhisi3>
    23ba:	2b 01       	movw	r4, r22
    23bc:	3c 01       	movw	r6, r24
    23be:	21 e7       	ldi	r18, 0x71	; 113
    23c0:	30 e0       	ldi	r19, 0x00	; 0
    23c2:	d5 01       	movw	r26, r10
    23c4:	0e 94 f3 39 	call	0x73e6	; 0x73e6 <__usmulhisi3>
    23c8:	46 0e       	add	r4, r22
    23ca:	57 1e       	adc	r5, r23
    23cc:	68 1e       	adc	r6, r24
    23ce:	79 1e       	adc	r7, r25
    23d0:	77 fe       	sbrs	r7, 7
    23d2:	11 ce       	rjmp	.-990    	; 0x1ff6 <sdr_rx_00()+0x90e>
    23d4:	7f e3       	ldi	r23, 0x3F	; 63
    23d6:	47 0e       	add	r4, r23
    23d8:	51 1c       	adc	r5, r1
    23da:	61 1c       	adc	r6, r1
    23dc:	71 1c       	adc	r7, r1
    23de:	0b ce       	rjmp	.-1002   	; 0x1ff6 <sdr_rx_00()+0x90e>

000023e0 <delayWithKeySense(unsigned long)>:
_Z17delayWithKeySensem():
/home/jgalera/develop/arduino/usdx/usdx_plus_orange/src/dsp/dsp.cpp:436
                           "*****;!*)*****,****:****";

#ifdef CW_MESSAGE
#define MENU_STR 1

uint8_t delayWithKeySense(uint32_t ms) {
    23e0:	cf 92       	push	r12
    23e2:	df 92       	push	r13
    23e4:	ef 92       	push	r14
    23e6:	ff 92       	push	r15
    23e8:	6b 01       	movw	r12, r22
    23ea:	7c 01       	movw	r14, r24
/home/jgalera/develop/arduino/usdx/usdx_plus_orange/src/dsp/dsp.cpp:437
  uint32_t event = millis() + ms;
    23ec:	0e 94 60 07 	call	0xec0	; 0xec0 <millis>
    23f0:	c6 0e       	add	r12, r22
    23f2:	d7 1e       	adc	r13, r23
    23f4:	e8 1e       	adc	r14, r24
    23f6:	f9 1e       	adc	r15, r25
/home/jgalera/develop/arduino/usdx/usdx_plus_orange/src/dsp/dsp.cpp:438
  for (; millis() < event;) {
    23f8:	0e 94 60 07 	call	0xec0	; 0xec0 <millis>
    23fc:	6c 15       	cp	r22, r12
    23fe:	7d 05       	cpc	r23, r13
    2400:	8e 05       	cpc	r24, r14
    2402:	9f 05       	cpc	r25, r15
    2404:	c0 f4       	brcc	.+48     	; 0x2436 <delayWithKeySense(unsigned long)+0x56>
/home/jgalera/develop/arduino/usdx/usdx_plus_orange/src/dsp/dsp.cpp:439
    wdt_reset();
    2406:	a8 95       	wdr
/home/jgalera/develop/arduino/usdx/usdx_plus_orange/src/dsp/dsp.cpp:440
    if (inv ^ digitalRead(BUTTONS) || !digitalRead(DAH) || !digitalRead(DIT)) {
    2408:	81 e1       	ldi	r24, 0x11	; 17
    240a:	0e 94 55 06 	call	0xcaa	; 0xcaa <digitalRead>
    240e:	01 97       	sbiw	r24, 0x01	; 1
    2410:	29 f4       	brne	.+10     	; 0x241c <delayWithKeySense(unsigned long)+0x3c>
    2412:	8c e0       	ldi	r24, 0x0C	; 12
    2414:	0e 94 55 06 	call	0xcaa	; 0xcaa <digitalRead>
    2418:	89 2b       	or	r24, r25
    241a:	39 f4       	brne	.+14     	; 0x242a <delayWithKeySense(unsigned long)+0x4a>
/home/jgalera/develop/arduino/usdx/usdx_plus_orange/src/dsp/dsp.cpp:441
      for (; inv ^ digitalRead(BUTTONS);)
    241c:	81 e1       	ldi	r24, 0x11	; 17
    241e:	0e 94 55 06 	call	0xcaa	; 0xcaa <digitalRead>
    2422:	01 97       	sbiw	r24, 0x01	; 1
    2424:	71 f0       	breq	.+28     	; 0x2442 <delayWithKeySense(unsigned long)+0x62>
/home/jgalera/develop/arduino/usdx/usdx_plus_orange/src/dsp/dsp.cpp:442
        wdt_reset(); // wait until buttons released
    2426:	a8 95       	wdr
    2428:	f9 cf       	rjmp	.-14     	; 0x241c <delayWithKeySense(unsigned long)+0x3c>
/home/jgalera/develop/arduino/usdx/usdx_plus_orange/src/dsp/dsp.cpp:440

uint8_t delayWithKeySense(uint32_t ms) {
  uint32_t event = millis() + ms;
  for (; millis() < event;) {
    wdt_reset();
    if (inv ^ digitalRead(BUTTONS) || !digitalRead(DAH) || !digitalRead(DIT)) {
    242a:	8d e0       	ldi	r24, 0x0D	; 13
    242c:	0e 94 55 06 	call	0xcaa	; 0xcaa <digitalRead>
    2430:	89 2b       	or	r24, r25
    2432:	11 f7       	brne	.-60     	; 0x23f8 <delayWithKeySense(unsigned long)+0x18>
    2434:	f3 cf       	rjmp	.-26     	; 0x241c <delayWithKeySense(unsigned long)+0x3c>
/home/jgalera/develop/arduino/usdx/usdx_plus_orange/src/dsp/dsp.cpp:446
      for (; inv ^ digitalRead(BUTTONS);)
        wdt_reset(); // wait until buttons released
      return 1;      // stop when button/key pressed
    }
  }
  return 0;
    2436:	80 e0       	ldi	r24, 0x00	; 0
/home/jgalera/develop/arduino/usdx/usdx_plus_orange/src/dsp/dsp.cpp:447
}
    2438:	ff 90       	pop	r15
    243a:	ef 90       	pop	r14
    243c:	df 90       	pop	r13
    243e:	cf 90       	pop	r12
    2440:	08 95       	ret
/home/jgalera/develop/arduino/usdx/usdx_plus_orange/src/dsp/dsp.cpp:441
uint8_t delayWithKeySense(uint32_t ms) {
  uint32_t event = millis() + ms;
  for (; millis() < event;) {
    wdt_reset();
    if (inv ^ digitalRead(BUTTONS) || !digitalRead(DAH) || !digitalRead(DIT)) {
      for (; inv ^ digitalRead(BUTTONS);)
    2442:	81 e0       	ldi	r24, 0x01	; 1
    2444:	f9 cf       	rjmp	.-14     	; 0x2438 <delayWithKeySense(unsigned long)+0x58>

00002446 <dsp_tx_fm()>:
_Z9dsp_tx_fmv():
/home/jgalera/develop/arduino/usdx/usdx_plus_orange/src/dsp/dsp.cpp:397
  in = max(0, min(255, (in + AM_BASE)));
  amp = in; // lut[in];
}

void dsp_tx_fm() {       // jitter dependent things first
  ADCSRA |= (1 << ADSC); // start next ADC conversion (trigger ADC interrupt if
    2446:	ea e7       	ldi	r30, 0x7A	; 122
    2448:	f0 e0       	ldi	r31, 0x00	; 0
    244a:	80 81       	ld	r24, Z
    244c:	80 64       	ori	r24, 0x40	; 64
    244e:	80 83       	st	Z, r24
/home/jgalera/develop/arduino/usdx/usdx_plus_orange/src/dsp/dsp.cpp:399
                         // ADIE flag is set)
  OCR1BL = lut[255]; // submit amplitude to PWM register (actually this is done
    2450:	80 91 10 05 	lds	r24, 0x0510	; 0x800510 <lut+0xff>
    2454:	80 93 8a 00 	sts	0x008A, r24	; 0x80008a <__DATA_REGION_ORIGIN__+0x2a>
/home/jgalera/develop/arduino/usdx/usdx_plus_orange/src/dsp/dsp.cpp:402
                     // in advance (about 140us) of phase-change, so that
                     // phase-delays in key-shaping circuit filter can settle)
  si5351.SendPLLRegisterBulk(); // submit frequency registers to SI5351 over
    2458:	0e 94 6f 02 	call	0x4de	; 0x4de <SI5351::SendPLLRegisterBulk() [clone .constprop.33]>
/home/jgalera/develop/arduino/usdx/usdx_plus_orange/src/dsp/dsp.cpp:406
                                // 731kbit/s I2C (transfer takes 64/731 = 88us,
                                // then PLL-loopfilter probably needs 50us to
                                // stabalize)
  int16_t adc = ADC - 512; // current ADC sample 10-bits analog input, NOTE:
    245c:	80 91 78 00 	lds	r24, 0x0078	; 0x800078 <__DATA_REGION_ORIGIN__+0x18>
    2460:	90 91 79 00 	lds	r25, 0x0079	; 0x800079 <__DATA_REGION_ORIGIN__+0x19>
/home/jgalera/develop/arduino/usdx/usdx_plus_orange/src/dsp/dsp.cpp:409
                           // first ADCL, then ADCH
  int16_t in = (adc >> MIC_ATTEN);
  in = in << (drive);
    2464:	20 91 6a 01 	lds	r18, 0x016A	; 0x80016a <drive>
/home/jgalera/develop/arduino/usdx/usdx_plus_orange/src/dsp/dsp.cpp:406
                     // phase-delays in key-shaping circuit filter can settle)
  si5351.SendPLLRegisterBulk(); // submit frequency registers to SI5351 over
                                // 731kbit/s I2C (transfer takes 64/731 = 88us,
                                // then PLL-loopfilter probably needs 50us to
                                // stabalize)
  int16_t adc = ADC - 512; // current ADC sample 10-bits analog input, NOTE:
    2468:	92 50       	subi	r25, 0x02	; 2
/home/jgalera/develop/arduino/usdx/usdx_plus_orange/src/dsp/dsp.cpp:411
                           // first ADCL, then ADCH
  int16_t in = (adc >> MIC_ATTEN);
  in = in << (drive);
  int16_t df = in;
  si5351.freq_calc_fast(df); // calculate SI5351 registers based on frequency
    246a:	02 c0       	rjmp	.+4      	; 0x2470 <dsp_tx_fm()+0x2a>
    246c:	88 0f       	add	r24, r24
    246e:	99 1f       	adc	r25, r25
    2470:	2a 95       	dec	r18
    2472:	e2 f7       	brpl	.-8      	; 0x246c <dsp_tx_fm()+0x26>
    2474:	0c 94 8b 02 	jmp	0x516	; 0x516 <SI5351::freq_calc_fast(int) [clone .constprop.32]>

00002478 <dsp_tx_am()>:
_Z9dsp_tx_amv():
/home/jgalera/develop/arduino/usdx/usdx_plus_orange/src/dsp/dsp.cpp:381

  process_minsky();
  OCR1AL = (p_sin >> (8 + (16 - volume))) + 128;
}

void dsp_tx_am() {       // jitter dependent things first
    2478:	cf 93       	push	r28
    247a:	df 93       	push	r29
    247c:	00 d0       	rcall	.+0      	; 0x247e <dsp_tx_am()+0x6>
    247e:	00 d0       	rcall	.+0      	; 0x2480 <dsp_tx_am()+0x8>
    2480:	00 d0       	rcall	.+0      	; 0x2482 <dsp_tx_am()+0xa>
    2482:	cd b7       	in	r28, 0x3d	; 61
    2484:	de b7       	in	r29, 0x3e	; 62
/home/jgalera/develop/arduino/usdx/usdx_plus_orange/src/dsp/dsp.cpp:382
  ADCSRA |= (1 << ADSC); // start next ADC conversion (trigger ADC interrupt if
    2486:	80 91 7a 00 	lds	r24, 0x007A	; 0x80007a <__DATA_REGION_ORIGIN__+0x1a>
    248a:	80 64       	ori	r24, 0x40	; 64
    248c:	80 93 7a 00 	sts	0x007A, r24	; 0x80007a <__DATA_REGION_ORIGIN__+0x1a>
/home/jgalera/develop/arduino/usdx/usdx_plus_orange/src/dsp/dsp.cpp:384
                         // ADIE flag is set)
  OCR1BL = amp; // submit amplitude to PWM register (actually this is done in
    2490:	80 91 10 04 	lds	r24, 0x0410	; 0x800410 <amp>
    2494:	80 93 8a 00 	sts	0x008A, r24	; 0x80008a <__DATA_REGION_ORIGIN__+0x2a>
/home/jgalera/develop/arduino/usdx/usdx_plus_orange/src/dsp/dsp.cpp:387
                // advance (about 140us) of phase-change, so that phase-delays
                // in key-shaping circuit filter can settle)
  int16_t adc = ADC - 512; // current ADC sample 10-bits analog input, NOTE:
    2498:	80 91 78 00 	lds	r24, 0x0078	; 0x800078 <__DATA_REGION_ORIGIN__+0x18>
    249c:	90 91 79 00 	lds	r25, 0x0079	; 0x800079 <__DATA_REGION_ORIGIN__+0x19>
/home/jgalera/develop/arduino/usdx/usdx_plus_orange/src/dsp/dsp.cpp:390
                           // first ADCL, then ADCH
  int16_t in = (adc >> MIC_ATTEN);
  in = in << (drive - 4);
    24a0:	20 91 6a 01 	lds	r18, 0x016A	; 0x80016a <drive>
/home/jgalera/develop/arduino/usdx/usdx_plus_orange/src/dsp/dsp.cpp:387
  ADCSRA |= (1 << ADSC); // start next ADC conversion (trigger ADC interrupt if
                         // ADIE flag is set)
  OCR1BL = amp; // submit amplitude to PWM register (actually this is done in
                // advance (about 140us) of phase-change, so that phase-delays
                // in key-shaping circuit filter can settle)
  int16_t adc = ADC - 512; // current ADC sample 10-bits analog input, NOTE:
    24a4:	92 50       	subi	r25, 0x02	; 2
/home/jgalera/develop/arduino/usdx/usdx_plus_orange/src/dsp/dsp.cpp:390
                           // first ADCL, then ADCH
  int16_t in = (adc >> MIC_ATTEN);
  in = in << (drive - 4);
    24a6:	24 50       	subi	r18, 0x04	; 4
    24a8:	33 0b       	sbc	r19, r19
    24aa:	02 c0       	rjmp	.+4      	; 0x24b0 <dsp_tx_am()+0x38>
    24ac:	88 0f       	add	r24, r24
    24ae:	99 1f       	adc	r25, r25
    24b0:	2a 95       	dec	r18
    24b2:	e2 f7       	brpl	.-8      	; 0x24ac <dsp_tx_am()+0x34>
/home/jgalera/develop/arduino/usdx/usdx_plus_orange/src/dsp/dsp.cpp:392
#define AM_BASE 32
  in = max(0, min(255, (in + AM_BASE)));
    24b4:	80 96       	adiw	r24, 0x20	; 32
    24b6:	9e 83       	std	Y+6, r25	; 0x06
    24b8:	8d 83       	std	Y+5, r24	; 0x05
    24ba:	2f ef       	ldi	r18, 0xFF	; 255
    24bc:	30 e0       	ldi	r19, 0x00	; 0
    24be:	3c 83       	std	Y+4, r19	; 0x04
    24c0:	2b 83       	std	Y+3, r18	; 0x03
/home/jgalera/.arduino15/packages/MiniCore/hardware/avr/3.1.1/cores/MCUdude_corefiles/Arduino.h:315
		return x > 0 ? x : -x;
	}

	template<class T, class L>
	auto min(const T& a, const L& b) -> decltype((b < a) ? b : a) {
		return (b < a) ? b : a;
    24c2:	fe 01       	movw	r30, r28
_Z3minIiiEDTqultfp0_fp_fp0_fp_ERKT_RKT0_():
    24c4:	8f 3f       	cpi	r24, 0xFF	; 255
    24c6:	91 05       	cpc	r25, r1
    24c8:	b4 f0       	brlt	.+44     	; 0x24f6 <dsp_tx_am()+0x7e>
_Z9dsp_tx_amv():
    24ca:	33 96       	adiw	r30, 0x03	; 3
/home/jgalera/develop/arduino/usdx/usdx_plus_orange/src/dsp/dsp.cpp:392
    24cc:	1a 82       	std	Y+2, r1	; 0x02
    24ce:	19 82       	std	Y+1, r1	; 0x01
_Z3maxIiiEDTqultfp0_fp_fp0_fp_ERKT_RKT0_():
/home/jgalera/.arduino15/packages/MiniCore/hardware/avr/3.1.1/cores/MCUdude_corefiles/Arduino.h:320
	}

	template<class T, class L>
	auto max(const T& a, const L& b) -> decltype((b < a) ? b : a) {
		return (a < b) ? b : a;
    24d0:	80 81       	ld	r24, Z
    24d2:	91 81       	ldd	r25, Z+1	; 0x01
    24d4:	18 16       	cp	r1, r24
    24d6:	19 06       	cpc	r1, r25
    24d8:	14 f0       	brlt	.+4      	; 0x24de <dsp_tx_am()+0x66>
_Z9dsp_tx_amv():
    24da:	fe 01       	movw	r30, r28
    24dc:	31 96       	adiw	r30, 0x01	; 1
/home/jgalera/develop/arduino/usdx/usdx_plus_orange/src/dsp/dsp.cpp:392
    24de:	80 81       	ld	r24, Z
/home/jgalera/develop/arduino/usdx/usdx_plus_orange/src/dsp/dsp.cpp:393
  amp = in; // lut[in];
    24e0:	80 93 10 04 	sts	0x0410, r24	; 0x800410 <amp>
/home/jgalera/develop/arduino/usdx/usdx_plus_orange/src/dsp/dsp.cpp:394
}
    24e4:	26 96       	adiw	r28, 0x06	; 6
    24e6:	0f b6       	in	r0, 0x3f	; 63
    24e8:	f8 94       	cli
    24ea:	de bf       	out	0x3e, r29	; 62
    24ec:	0f be       	out	0x3f, r0	; 63
    24ee:	cd bf       	out	0x3d, r28	; 61
    24f0:	df 91       	pop	r29
    24f2:	cf 91       	pop	r28
    24f4:	08 95       	ret
/home/jgalera/.arduino15/packages/MiniCore/hardware/avr/3.1.1/cores/MCUdude_corefiles/Arduino.h:315
		return x > 0 ? x : -x;
	}

	template<class T, class L>
	auto min(const T& a, const L& b) -> decltype((b < a) ? b : a) {
		return (b < a) ? b : a;
    24f6:	35 96       	adiw	r30, 0x05	; 5
    24f8:	e9 cf       	rjmp	.-46     	; 0x24cc <dsp_tx_am()+0x54>

000024fa <dsp_tx_cw()>:
_Z9dsp_tx_cwv():
/home/jgalera/develop/arduino/usdx/usdx_plus_orange/src/dsp/dsp.cpp:366
    56,  46,  37,  28,  21,  15,  9,   5,   2}; // raised-cosine(i) = 255 *
                                                // sq(cos(HALF_PI * i/32))

void dummy() {}

void dsp_tx_cw() { // jitter dependent things first
    24fa:	cf 92       	push	r12
    24fc:	df 92       	push	r13
    24fe:	ef 92       	push	r14
    2500:	ff 92       	push	r15
    2502:	cf 93       	push	r28
    2504:	df 93       	push	r29
/home/jgalera/develop/arduino/usdx/usdx_plus_orange/src/dsp/dsp.cpp:368
#ifdef KEY_CLICK
  if (OCR1BL < lut[255]) { // check if already ramped up: ramp up of amplitude
    2506:	90 91 8a 00 	lds	r25, 0x008A	; 0x80008a <__DATA_REGION_ORIGIN__+0x2a>
    250a:	80 91 10 05 	lds	r24, 0x0510	; 0x800510 <lut+0xff>
    250e:	98 17       	cp	r25, r24
    2510:	98 f4       	brcc	.+38     	; 0x2538 <dsp_tx_cw()+0x3e>
/home/jgalera/develop/arduino/usdx/usdx_plus_orange/src/dsp/dsp.cpp:369
    for (uint16_t i = 31; i != 0; i--) { // soft rising slope against key-clicks
    2512:	cf e1       	ldi	r28, 0x1F	; 31
    2514:	d0 e0       	ldi	r29, 0x00	; 0
/home/jgalera/develop/arduino/usdx/usdx_plus_orange/src/dsp/dsp.cpp:370
      OCR1BL = lut[pgm_read_byte_near(&ramp[i - 1])];
    2516:	21 97       	sbiw	r28, 0x01	; 1
    2518:	fe 01       	movw	r30, r28
    251a:	e2 5c       	subi	r30, 0xC2	; 194
    251c:	fe 4f       	sbci	r31, 0xFE	; 254
    251e:	e4 91       	lpm	r30, Z
    2520:	f0 e0       	ldi	r31, 0x00	; 0
    2522:	ef 5e       	subi	r30, 0xEF	; 239
    2524:	fb 4f       	sbci	r31, 0xFB	; 251
    2526:	80 81       	ld	r24, Z
    2528:	80 93 8a 00 	sts	0x008A, r24	; 0x80008a <__DATA_REGION_ORIGIN__+0x2a>
/home/jgalera/develop/arduino/usdx/usdx_plus_orange/src/dsp/dsp.cpp:371
      delayMicroseconds(60);
    252c:	8c e3       	ldi	r24, 0x3C	; 60
    252e:	90 e0       	ldi	r25, 0x00	; 0
    2530:	0e 94 00 07 	call	0xe00	; 0xe00 <delayMicroseconds>
/home/jgalera/develop/arduino/usdx/usdx_plus_orange/src/dsp/dsp.cpp:369
void dummy() {}

void dsp_tx_cw() { // jitter dependent things first
#ifdef KEY_CLICK
  if (OCR1BL < lut[255]) { // check if already ramped up: ramp up of amplitude
    for (uint16_t i = 31; i != 0; i--) { // soft rising slope against key-clicks
    2534:	20 97       	sbiw	r28, 0x00	; 0
    2536:	79 f7       	brne	.-34     	; 0x2516 <dsp_tx_cw()+0x1c>
/home/jgalera/develop/arduino/usdx/usdx_plus_orange/src/dsp/dsp.cpp:375
      OCR1BL = lut[pgm_read_byte_near(&ramp[i - 1])];
      delayMicroseconds(60);
    }
  }
#endif // KEY_CLICK
  OCR1BL = lut[255];
    2538:	80 91 10 05 	lds	r24, 0x0510	; 0x800510 <lut+0xff>
    253c:	80 93 8a 00 	sts	0x008A, r24	; 0x80008a <__DATA_REGION_ORIGIN__+0x2a>
process_minsky():
/home/jgalera/develop/arduino/usdx/usdx_plus_orange/src/dsp/dsp.cpp:351
inline void
process_minsky() // Minsky circle sample [source:
                 // https://www.cl.cam.ac.uk/~am21/hakmemc.html, ITEM 149]:
                 // p_sin+=n_cos*2*PI*f/fs; n_cos-=p_sin*2*PI*f/fs;
{
  int16_t alpha = (int32_t)tones[cw_tone] * 51 / F_SAMP_TX;
    2540:	e0 91 b1 01 	lds	r30, 0x01B1	; 0x8001b1 <cw_tone>
    2544:	84 e0       	ldi	r24, 0x04	; 4
    2546:	e8 9f       	mul	r30, r24
    2548:	f0 01       	movw	r30, r0
    254a:	11 24       	eor	r1, r1
    254c:	e4 5b       	subi	r30, 0xB4	; 180
    254e:	fd 4f       	sbci	r31, 0xFD	; 253
    2550:	20 81       	ld	r18, Z
    2552:	31 81       	ldd	r19, Z+1	; 0x01
    2554:	42 81       	ldd	r20, Z+2	; 0x02
    2556:	53 81       	ldd	r21, Z+3	; 0x03
    2558:	a3 e3       	ldi	r26, 0x33	; 51
    255a:	b0 e0       	ldi	r27, 0x00	; 0
    255c:	0e 94 fa 39 	call	0x73f4	; 0x73f4 <__muluhisi3>
    2560:	20 ec       	ldi	r18, 0xC0	; 192
    2562:	32 e1       	ldi	r19, 0x12	; 18
    2564:	40 e0       	ldi	r20, 0x00	; 0
    2566:	50 e0       	ldi	r21, 0x00	; 0
    2568:	0e 94 b7 39 	call	0x736e	; 0x736e <__divmodsi4>
    256c:	69 01       	movw	r12, r18
/home/jgalera/develop/arduino/usdx/usdx_plus_orange/src/dsp/dsp.cpp:352
  p_sin += (int32_t)alpha * n_cos >> 8;
    256e:	a0 91 65 01 	lds	r26, 0x0165	; 0x800165 <n_cos>
    2572:	b0 91 66 01 	lds	r27, 0x0166	; 0x800166 <n_cos+0x1>
    2576:	40 91 0e 04 	lds	r20, 0x040E	; 0x80040e <p_sin>
    257a:	50 91 0f 04 	lds	r21, 0x040F	; 0x80040f <p_sin+0x1>
    257e:	96 01       	movw	r18, r12
    2580:	0e 94 dc 39 	call	0x73b8	; 0x73b8 <__mulhisi3>
    2584:	67 2f       	mov	r22, r23
    2586:	78 2f       	mov	r23, r24
    2588:	89 2f       	mov	r24, r25
    258a:	99 27       	eor	r25, r25
    258c:	87 fd       	sbrc	r24, 7
    258e:	9a 95       	dec	r25
    2590:	64 0f       	add	r22, r20
    2592:	75 1f       	adc	r23, r21
    2594:	70 93 0f 04 	sts	0x040F, r23	; 0x80040f <p_sin+0x1>
    2598:	60 93 0e 04 	sts	0x040E, r22	; 0x80040e <p_sin>
/home/jgalera/develop/arduino/usdx/usdx_plus_orange/src/dsp/dsp.cpp:353
  n_cos -= (int32_t)alpha * p_sin >> 8;
    259c:	a0 91 0e 04 	lds	r26, 0x040E	; 0x80040e <p_sin>
    25a0:	b0 91 0f 04 	lds	r27, 0x040F	; 0x80040f <p_sin+0x1>
    25a4:	40 91 65 01 	lds	r20, 0x0165	; 0x800165 <n_cos>
    25a8:	50 91 66 01 	lds	r21, 0x0166	; 0x800166 <n_cos+0x1>
    25ac:	0e 94 dc 39 	call	0x73b8	; 0x73b8 <__mulhisi3>
    25b0:	67 2f       	mov	r22, r23
    25b2:	78 2f       	mov	r23, r24
    25b4:	89 2f       	mov	r24, r25
    25b6:	99 27       	eor	r25, r25
    25b8:	87 fd       	sbrc	r24, 7
    25ba:	9a 95       	dec	r25
    25bc:	46 1b       	sub	r20, r22
    25be:	57 0b       	sbc	r21, r23
    25c0:	50 93 66 01 	sts	0x0166, r21	; 0x800166 <n_cos+0x1>
    25c4:	40 93 65 01 	sts	0x0165, r20	; 0x800165 <n_cos>
_Z9dsp_tx_cwv():
/home/jgalera/develop/arduino/usdx/usdx_plus_orange/src/dsp/dsp.cpp:378
  }
#endif // KEY_CLICK
  OCR1BL = lut[255];

  process_minsky();
  OCR1AL = (p_sin >> (8 + (16 - volume))) + 128;
    25c8:	80 91 0e 04 	lds	r24, 0x040E	; 0x80040e <p_sin>
    25cc:	90 91 0f 04 	lds	r25, 0x040F	; 0x80040f <p_sin+0x1>
    25d0:	40 91 b2 01 	lds	r20, 0x01B2	; 0x8001b2 <volume>
    25d4:	28 e1       	ldi	r18, 0x18	; 24
    25d6:	30 e0       	ldi	r19, 0x00	; 0
    25d8:	24 1b       	sub	r18, r20
    25da:	31 09       	sbc	r19, r1
    25dc:	47 fd       	sbrc	r20, 7
    25de:	33 95       	inc	r19
    25e0:	02 c0       	rjmp	.+4      	; 0x25e6 <dsp_tx_cw()+0xec>
    25e2:	95 95       	asr	r25
    25e4:	87 95       	ror	r24
    25e6:	2a 95       	dec	r18
    25e8:	e2 f7       	brpl	.-8      	; 0x25e2 <dsp_tx_cw()+0xe8>
    25ea:	80 58       	subi	r24, 0x80	; 128
    25ec:	80 93 88 00 	sts	0x0088, r24	; 0x800088 <__DATA_REGION_ORIGIN__+0x28>
/home/jgalera/develop/arduino/usdx/usdx_plus_orange/src/dsp/dsp.cpp:379
}
    25f0:	df 91       	pop	r29
    25f2:	cf 91       	pop	r28
    25f4:	ff 90       	pop	r15
    25f6:	ef 90       	pop	r14
    25f8:	df 90       	pop	r13
    25fa:	cf 90       	pop	r12
    25fc:	08 95       	ret

000025fe <dummy()>:
_Z5dummyv():
/home/jgalera/develop/arduino/usdx/usdx_plus_orange/src/dsp/dsp.cpp:364
    255, 254, 252, 249, 245, 239, 233, 226, 217, 208, 198,
    187, 176, 164, 152, 139, 127, 115, 102, 90,  78,  67,
    56,  46,  37,  28,  21,  15,  9,   5,   2}; // raised-cosine(i) = 255 *
                                                // sq(cos(HALF_PI * i/32))

void dummy() {}
    25fe:	08 95       	ret

00002600 <ssb(int)>:
_Z3ssbi():
/home/jgalera/develop/arduino/usdx/usdx_plus_orange/src/dsp/dsp.cpp:141
volatile uint8_t drive = 2; // hmm.. drive>2 impacts cpu load..why?

volatile uint8_t quad = 0;
volatile bool dig_mode = false;

inline int16_t ssb(int16_t in) {
    2600:	0f 93       	push	r16
    2602:	1f 93       	push	r17
    2604:	cf 93       	push	r28
    2606:	df 93       	push	r29
    2608:	ec ee       	ldi	r30, 0xEC	; 236
    260a:	f3 e0       	ldi	r31, 0x03	; 3
    260c:	2a e0       	ldi	r18, 0x0A	; 10
    260e:	34 e0       	ldi	r19, 0x04	; 4
/home/jgalera/develop/arduino/usdx/usdx_plus_orange/src/dsp/dsp.cpp:148

  int16_t i, q;
  uint8_t j;
  static int16_t v[16];
  for (j = 0; j != 15; j++)
    v[j] = v[j + 1];
    2610:	42 81       	ldd	r20, Z+2	; 0x02
    2612:	53 81       	ldd	r21, Z+3	; 0x03
    2614:	41 93       	st	Z+, r20
    2616:	51 93       	st	Z+, r21
/home/jgalera/develop/arduino/usdx/usdx_plus_orange/src/dsp/dsp.cpp:147
  static int16_t dc, z1;

  int16_t i, q;
  uint8_t j;
  static int16_t v[16];
  for (j = 0; j != 15; j++)
    2618:	2e 17       	cp	r18, r30
    261a:	3f 07       	cpc	r19, r31
    261c:	c9 f7       	brne	.-14     	; 0x2610 <ssb(int)+0x10>
/home/jgalera/develop/arduino/usdx/usdx_plus_orange/src/dsp/dsp.cpp:152
    v[j] = v[j + 1];
#ifdef MORE_MIC_GAIN
  // #define DIG_MODE  // optimization for digital modes: for super flat TX
  // spectrum, (only down < 100Hz to cut-off DC components)
  if (dig_mode) {
    261e:	20 91 bd 05 	lds	r18, 0x05BD	; 0x8005bd <dig_mode>
    2622:	e0 91 ea 03 	lds	r30, 0x03EA	; 0x8003ea <ssb(int)::dc>
    2626:	f0 91 eb 03 	lds	r31, 0x03EB	; 0x8003eb <ssb(int)::dc+0x1>
    262a:	22 23       	and	r18, r18
    262c:	09 f4       	brne	.+2      	; 0x2630 <ssb(int)+0x30>
    262e:	50 c1       	rjmp	.+672    	; 0x28d0 <ssb(int)+0x2d0>
/home/jgalera/develop/arduino/usdx/usdx_plus_orange/src/dsp/dsp.cpp:154
    int16_t ac = in;
    dc = (ac + (7) * dc) / (7 + 1); // hpf: slow average
    2630:	47 e0       	ldi	r20, 0x07	; 7
    2632:	4e 9f       	mul	r20, r30
    2634:	90 01       	movw	r18, r0
    2636:	4f 9f       	mul	r20, r31
    2638:	30 0d       	add	r19, r0
    263a:	11 24       	eor	r1, r1
    263c:	28 0f       	add	r18, r24
    263e:	39 1f       	adc	r19, r25
    2640:	37 ff       	sbrs	r19, 7
    2642:	02 c0       	rjmp	.+4      	; 0x2648 <ssb(int)+0x48>
    2644:	29 5f       	subi	r18, 0xF9	; 249
    2646:	3f 4f       	sbci	r19, 0xFF	; 255
    2648:	d3 e0       	ldi	r29, 0x03	; 3
    264a:	35 95       	asr	r19
    264c:	27 95       	ror	r18
    264e:	da 95       	dec	r29
    2650:	e1 f7       	brne	.-8      	; 0x264a <ssb(int)+0x4a>
    2652:	30 93 eb 03 	sts	0x03EB, r19	; 0x8003eb <ssb(int)::dc+0x1>
    2656:	20 93 ea 03 	sts	0x03EA, r18	; 0x8003ea <ssb(int)::dc>
/home/jgalera/develop/arduino/usdx/usdx_plus_orange/src/dsp/dsp.cpp:155
    v[15] = (ac - dc) /
    265a:	82 1b       	sub	r24, r18
    265c:	93 0b       	sbc	r25, r19
    265e:	97 fd       	sbrc	r25, 7
    2660:	01 96       	adiw	r24, 0x01	; 1
    2662:	95 95       	asr	r25
    2664:	87 95       	ror	r24
    2666:	90 93 0b 04 	sts	0x040B, r25	; 0x80040b <ssb(int)::v+0x1f>
    266a:	80 93 0a 04 	sts	0x040A, r24	; 0x80040a <ssb(int)::v+0x1e>
/home/jgalera/develop/arduino/usdx/usdx_plus_orange/src/dsp/dsp.cpp:164
    ac = ac + z1;        // lpf
    z1 = (in - (2) * z1) / (2 + 1); // lpf: notch at Fs/2 (alias rejecting)
    dc = (ac + (2) * dc) / (2 + 1); // hpf: slow average
    v[15] = (ac - dc);              // hpf (dc decoupling)
  }
  i = v[7] *
    266e:	80 91 fa 03 	lds	r24, 0x03FA	; 0x8003fa <ssb(int)::v+0xe>
    2672:	90 91 fb 03 	lds	r25, 0x03FB	; 0x8003fb <ssb(int)::v+0xf>
    2676:	fc 01       	movw	r30, r24
    2678:	ee 0f       	add	r30, r30
    267a:	ff 1f       	adc	r31, r31
/home/jgalera/develop/arduino/usdx/usdx_plus_orange/src/dsp/dsp.cpp:168
      2; // 6dB gain for i, q  (to prevent quanitization issues in hilbert
         // transformer and phase calculation, corrected for magnitude calc)
  q = ((((v[0] - v[14]) << 1) + ((v[2] - v[12]) << 3) +
        (((v[4] - v[10]) << 4) + ((v[4] - v[10]) << 2) + (v[4] - v[10])) +
    267c:	a0 91 f4 03 	lds	r26, 0x03F4	; 0x8003f4 <ssb(int)::v+0x8>
    2680:	b0 91 f5 03 	lds	r27, 0x03F5	; 0x8003f5 <ssb(int)::v+0x9>
    2684:	40 91 00 04 	lds	r20, 0x0400	; 0x800400 <ssb(int)::v+0x14>
    2688:	50 91 01 04 	lds	r21, 0x0401	; 0x800401 <ssb(int)::v+0x15>
    268c:	a4 1b       	sub	r26, r20
    268e:	b5 0b       	sbc	r27, r21
/home/jgalera/develop/arduino/usdx/usdx_plus_orange/src/dsp/dsp.cpp:169
        ((v[6] - v[8]) << 4)) >>
    2690:	40 91 f8 03 	lds	r20, 0x03F8	; 0x8003f8 <ssb(int)::v+0xc>
    2694:	50 91 f9 03 	lds	r21, 0x03F9	; 0x8003f9 <ssb(int)::v+0xd>
    2698:	60 91 fc 03 	lds	r22, 0x03FC	; 0x8003fc <ssb(int)::v+0x10>
    269c:	70 91 fd 03 	lds	r23, 0x03FD	; 0x8003fd <ssb(int)::v+0x11>
    26a0:	46 1b       	sub	r20, r22
    26a2:	57 0b       	sbc	r21, r23
/home/jgalera/develop/arduino/usdx/usdx_plus_orange/src/dsp/dsp.cpp:167
    v[15] = (ac - dc);              // hpf (dc decoupling)
  }
  i = v[7] *
      2; // 6dB gain for i, q  (to prevent quanitization issues in hilbert
         // transformer and phase calculation, corrected for magnitude calc)
  q = ((((v[0] - v[14]) << 1) + ((v[2] - v[12]) << 3) +
    26a4:	20 91 ec 03 	lds	r18, 0x03EC	; 0x8003ec <ssb(int)::v>
    26a8:	30 91 ed 03 	lds	r19, 0x03ED	; 0x8003ed <ssb(int)::v+0x1>
    26ac:	60 91 08 04 	lds	r22, 0x0408	; 0x800408 <ssb(int)::v+0x1c>
    26b0:	70 91 09 04 	lds	r23, 0x0409	; 0x800409 <ssb(int)::v+0x1d>
    26b4:	26 1b       	sub	r18, r22
    26b6:	37 0b       	sbc	r19, r23
    26b8:	22 0f       	add	r18, r18
    26ba:	33 1f       	adc	r19, r19
    26bc:	60 91 f0 03 	lds	r22, 0x03F0	; 0x8003f0 <ssb(int)::v+0x4>
    26c0:	70 91 f1 03 	lds	r23, 0x03F1	; 0x8003f1 <ssb(int)::v+0x5>
    26c4:	c0 91 04 04 	lds	r28, 0x0404	; 0x800404 <ssb(int)::v+0x18>
    26c8:	d0 91 05 04 	lds	r29, 0x0405	; 0x800405 <ssb(int)::v+0x19>
    26cc:	6c 1b       	sub	r22, r28
    26ce:	7d 0b       	sbc	r23, r29
    26d0:	13 e0       	ldi	r17, 0x03	; 3
    26d2:	66 0f       	add	r22, r22
    26d4:	77 1f       	adc	r23, r23
    26d6:	1a 95       	dec	r17
    26d8:	e1 f7       	brne	.-8      	; 0x26d2 <ssb(int)+0xd2>
    26da:	26 0f       	add	r18, r22
    26dc:	37 1f       	adc	r19, r23
/home/jgalera/develop/arduino/usdx/usdx_plus_orange/src/dsp/dsp.cpp:168
        (((v[4] - v[10]) << 4) + ((v[4] - v[10]) << 2) + (v[4] - v[10])) +
    26de:	bd 01       	movw	r22, r26
    26e0:	04 e0       	ldi	r16, 0x04	; 4
    26e2:	66 0f       	add	r22, r22
    26e4:	77 1f       	adc	r23, r23
    26e6:	0a 95       	dec	r16
    26e8:	e1 f7       	brne	.-8      	; 0x26e2 <ssb(int)+0xe2>
    26ea:	ed 01       	movw	r28, r26
    26ec:	cc 0f       	add	r28, r28
    26ee:	dd 1f       	adc	r29, r29
    26f0:	cc 0f       	add	r28, r28
    26f2:	dd 1f       	adc	r29, r29
    26f4:	6c 0f       	add	r22, r28
    26f6:	7d 1f       	adc	r23, r29
    26f8:	6a 0f       	add	r22, r26
    26fa:	7b 1f       	adc	r23, r27
/home/jgalera/develop/arduino/usdx/usdx_plus_orange/src/dsp/dsp.cpp:167
    v[15] = (ac - dc);              // hpf (dc decoupling)
  }
  i = v[7] *
      2; // 6dB gain for i, q  (to prevent quanitization issues in hilbert
         // transformer and phase calculation, corrected for magnitude calc)
  q = ((((v[0] - v[14]) << 1) + ((v[2] - v[12]) << 3) +
    26fc:	26 0f       	add	r18, r22
    26fe:	37 1f       	adc	r19, r23
/home/jgalera/develop/arduino/usdx/usdx_plus_orange/src/dsp/dsp.cpp:169
        (((v[4] - v[10]) << 4) + ((v[4] - v[10]) << 2) + (v[4] - v[10])) +
        ((v[6] - v[8]) << 4)) >>
    2700:	ba 01       	movw	r22, r20
    2702:	04 e0       	ldi	r16, 0x04	; 4
    2704:	66 0f       	add	r22, r22
    2706:	77 1f       	adc	r23, r23
    2708:	0a 95       	dec	r16
    270a:	e1 f7       	brne	.-8      	; 0x2704 <ssb(int)+0x104>
/home/jgalera/develop/arduino/usdx/usdx_plus_orange/src/dsp/dsp.cpp:168
  }
  i = v[7] *
      2; // 6dB gain for i, q  (to prevent quanitization issues in hilbert
         // transformer and phase calculation, corrected for magnitude calc)
  q = ((((v[0] - v[14]) << 1) + ((v[2] - v[12]) << 3) +
        (((v[4] - v[10]) << 4) + ((v[4] - v[10]) << 2) + (v[4] - v[10])) +
    270c:	26 0f       	add	r18, r22
    270e:	37 1f       	adc	r19, r23
/home/jgalera/develop/arduino/usdx/usdx_plus_orange/src/dsp/dsp.cpp:169
        ((v[6] - v[8]) << 4)) >>
    2710:	66 e0       	ldi	r22, 0x06	; 6
    2712:	35 95       	asr	r19
    2714:	27 95       	ror	r18
    2716:	6a 95       	dec	r22
    2718:	e1 f7       	brne	.-8      	; 0x2712 <ssb(int)+0x112>
/home/jgalera/develop/arduino/usdx/usdx_plus_orange/src/dsp/dsp.cpp:167
    v[15] = (ac - dc);              // hpf (dc decoupling)
  }
  i = v[7] *
      2; // 6dB gain for i, q  (to prevent quanitization issues in hilbert
         // transformer and phase calculation, corrected for magnitude calc)
  q = ((((v[0] - v[14]) << 1) + ((v[2] - v[12]) << 3) +
    271a:	24 0f       	add	r18, r20
    271c:	35 1f       	adc	r19, r21
/home/jgalera/develop/arduino/usdx/usdx_plus_orange/src/dsp/dsp.cpp:175
       6) +
      (v[6] - v[8]); // Hilbert transform, 40dB side-band rejection in
                     // 400..1900Hz (@4kSPS) when used in image-rejection
                     // scenario; (Hilbert transform require 5 additional bits)

  uint16_t _amp = magn(i / 2, q / 2); // -6dB gain (correction)
    271e:	bc 01       	movw	r22, r24
    2720:	97 ff       	sbrs	r25, 7
    2722:	03 c0       	rjmp	.+6      	; 0x272a <ssb(int)+0x12a>
    2724:	71 95       	neg	r23
    2726:	61 95       	neg	r22
    2728:	71 09       	sbc	r23, r1
    272a:	a9 01       	movw	r20, r18
    272c:	37 ff       	sbrs	r19, 7
    272e:	02 c0       	rjmp	.+4      	; 0x2734 <ssb(int)+0x134>
    2730:	4f 5f       	subi	r20, 0xFF	; 255
    2732:	5f 4f       	sbci	r21, 0xFF	; 255
    2734:	55 95       	asr	r21
    2736:	47 95       	ror	r20
    2738:	57 ff       	sbrs	r21, 7
    273a:	03 c0       	rjmp	.+6      	; 0x2742 <ssb(int)+0x142>
    273c:	51 95       	neg	r21
    273e:	41 95       	neg	r20
    2740:	51 09       	sbc	r21, r1
    2742:	46 17       	cp	r20, r22
    2744:	57 07       	cpc	r21, r23
    2746:	0c f0       	brlt	.+2      	; 0x274a <ssb(int)+0x14a>
    2748:	ec c0       	rjmp	.+472    	; 0x2922 <ssb(int)+0x322>
    274a:	c9 01       	movw	r24, r18
    274c:	37 fd       	sbrc	r19, 7
    274e:	07 96       	adiw	r24, 0x07	; 7
    2750:	a3 e0       	ldi	r26, 0x03	; 3
    2752:	95 95       	asr	r25
    2754:	87 95       	ror	r24
    2756:	aa 95       	dec	r26
    2758:	e1 f7       	brne	.-8      	; 0x2752 <ssb(int)+0x152>
    275a:	97 ff       	sbrs	r25, 7
    275c:	03 c0       	rjmp	.+6      	; 0x2764 <ssb(int)+0x164>
    275e:	91 95       	neg	r25
    2760:	81 95       	neg	r24
    2762:	91 09       	sbc	r25, r1
    2764:	86 0f       	add	r24, r22
    2766:	97 1f       	adc	r25, r23
/home/jgalera/develop/arduino/usdx/usdx_plus_orange/src/dsp/dsp.cpp:196

  uint16_t _amp = magn(i, q);
#endif                                // MORE_MIC_GAIN

#ifdef CARRIER_COMPLETELY_OFF_ON_LOW
  _vox(_amp > vox_thresh);
    2768:	40 91 6b 01 	lds	r20, 0x016B	; 0x80016b <vox_thresh>
_vox():
/home/jgalera/develop/arduino/usdx/usdx_plus_orange/src/dsp/dsp.cpp:65
 * @brief VOX (Voice Operated Exchange) Logic.
 * Controls the PTT (Push-To-Talk) based on audio amplitude.
 * @param trigger True if amplitude exceeds threshold.
 */
inline void _vox(bool trigger) {
  if (trigger) {
    276c:	48 17       	cp	r20, r24
    276e:	19 06       	cpc	r1, r25
    2770:	08 f0       	brcs	.+2      	; 0x2774 <ssb(int)+0x174>
    2772:	e9 c0       	rjmp	.+466    	; 0x2946 <ssb(int)+0x346>
/home/jgalera/develop/arduino/usdx/usdx_plus_orange/src/dsp/dsp.cpp:66
    tx = (tx) ? 254 : 255; // hangtime = 255 / 4402 = 58ms (the time that TX at
    2774:	40 91 06 06 	lds	r20, 0x0606	; 0x800606 <tx>
    2778:	44 23       	and	r20, r20
    277a:	09 f4       	brne	.+2      	; 0x277e <ssb(int)+0x17e>
    277c:	e2 c0       	rjmp	.+452    	; 0x2942 <ssb(int)+0x342>
_Z3ssbi():
    277e:	4e ef       	ldi	r20, 0xFE	; 254
_vox():
/home/jgalera/develop/arduino/usdx/usdx_plus_orange/src/dsp/dsp.cpp:72
                           // least stays on when not triggered again). tx ==
                           // 255 when triggered first, 254 follows for
                           // subsequent triggers, until tx is off.
  } else {
    if (tx)
      tx--;
    2780:	40 93 06 06 	sts	0x0606, r20	; 0x800606 <tx>
_Z3ssbi():
/home/jgalera/develop/arduino/usdx/usdx_plus_orange/src/dsp/dsp.cpp:201
  _vox(_amp > vox_thresh);
#else
  if (vox)
    _vox(_amp > vox_thresh);
#endif
  _amp = _amp << (drive);
    2784:	40 91 6a 01 	lds	r20, 0x016A	; 0x80016a <drive>
    2788:	02 c0       	rjmp	.+4      	; 0x278e <ssb(int)+0x18e>
    278a:	88 0f       	add	r24, r24
    278c:	99 1f       	adc	r25, r25
    278e:	4a 95       	dec	r20
    2790:	e2 f7       	brpl	.-8      	; 0x278a <ssb(int)+0x18a>
/home/jgalera/develop/arduino/usdx/usdx_plus_orange/src/dsp/dsp.cpp:203
  _amp = ((_amp > 255) || (drive == 8))
             ? 255
    2792:	8f 3f       	cpi	r24, 0xFF	; 255
    2794:	91 05       	cpc	r25, r1
    2796:	09 f0       	breq	.+2      	; 0x279a <ssb(int)+0x19a>
    2798:	20 f4       	brcc	.+8      	; 0x27a2 <ssb(int)+0x1a2>
/home/jgalera/develop/arduino/usdx/usdx_plus_orange/src/dsp/dsp.cpp:202
#else
  if (vox)
    _vox(_amp > vox_thresh);
#endif
  _amp = _amp << (drive);
  _amp = ((_amp > 255) || (drive == 8))
    279a:	40 91 6a 01 	lds	r20, 0x016A	; 0x80016a <drive>
    279e:	48 30       	cpi	r20, 0x08	; 8
    27a0:	11 f4       	brne	.+4      	; 0x27a6 <ssb(int)+0x1a6>
/home/jgalera/develop/arduino/usdx/usdx_plus_orange/src/dsp/dsp.cpp:203
             ? 255
    27a2:	8f ef       	ldi	r24, 0xFF	; 255
    27a4:	90 e0       	ldi	r25, 0x00	; 0
/home/jgalera/develop/arduino/usdx/usdx_plus_orange/src/dsp/dsp.cpp:205
             : _amp; // clip or when drive=8 use max output
  amp = (tx) ? lut[_amp] : 0;
    27a6:	40 91 06 06 	lds	r20, 0x0606	; 0x800606 <tx>
    27aa:	44 23       	and	r20, r20
    27ac:	09 f4       	brne	.+2      	; 0x27b0 <ssb(int)+0x1b0>
    27ae:	d4 c0       	rjmp	.+424    	; 0x2958 <ssb(int)+0x358>
    27b0:	8f 5e       	subi	r24, 0xEF	; 239
    27b2:	9b 4f       	sbci	r25, 0xFB	; 251
    27b4:	dc 01       	movw	r26, r24
    27b6:	8c 91       	ld	r24, X
    27b8:	80 93 10 04 	sts	0x0410, r24	; 0x800410 <amp>
arctan3():
/home/jgalera/develop/arduino/usdx/usdx_plus_orange/src/dsp/dsp.cpp:113
      z // derived from (5) [1]   note that atan2 can overflow easily so keep
        // _UA low
  // #define _atan2(z)  (_UA/8 + _UA/24 - _UA/24 * z) * z  //derived from (7)
  // [1]
  int16_t r;
  if (abs(q) > abs(i))
    27bc:	e9 01       	movw	r28, r18
    27be:	37 ff       	sbrs	r19, 7
    27c0:	04 c0       	rjmp	.+8      	; 0x27ca <ssb(int)+0x1ca>
    27c2:	cc 27       	eor	r28, r28
    27c4:	dd 27       	eor	r29, r29
    27c6:	c2 1b       	sub	r28, r18
    27c8:	d3 0b       	sbc	r29, r19
    27ca:	8f 01       	movw	r16, r30
    27cc:	f7 ff       	sbrs	r31, 7
    27ce:	04 c0       	rjmp	.+8      	; 0x27d8 <ssb(int)+0x1d8>
    27d0:	00 27       	eor	r16, r16
    27d2:	11 27       	eor	r17, r17
    27d4:	0e 1b       	sub	r16, r30
    27d6:	1f 0b       	sbc	r17, r31
    27d8:	0c 17       	cp	r16, r28
    27da:	1d 07       	cpc	r17, r29
    27dc:	0c f0       	brlt	.+2      	; 0x27e0 <ssb(int)+0x1e0>
    27de:	be c0       	rjmp	.+380    	; 0x295c <ssb(int)+0x35c>
/home/jgalera/develop/arduino/usdx/usdx_plus_orange/src/dsp/dsp.cpp:114
    r = _UA / 4 - _atan2(abs(i) / abs(q)); // arctan(z) = 90-arctan(1/z)
    27e0:	45 ee       	ldi	r20, 0xE5	; 229
    27e2:	40 03       	mulsu	r20, r16
    27e4:	c0 01       	movw	r24, r0
    27e6:	41 9f       	mul	r20, r17
    27e8:	90 0d       	add	r25, r0
    27ea:	11 24       	eor	r1, r1
    27ec:	be 01       	movw	r22, r28
    27ee:	0e 94 81 39 	call	0x7302	; 0x7302 <__divmodhi4>
    27f2:	6a 59       	subi	r22, 0x9A	; 154
    27f4:	7f 4f       	sbci	r23, 0xFF	; 255
    27f6:	60 9f       	mul	r22, r16
    27f8:	c0 01       	movw	r24, r0
    27fa:	61 9f       	mul	r22, r17
    27fc:	90 0d       	add	r25, r0
    27fe:	70 9f       	mul	r23, r16
    2800:	90 0d       	add	r25, r0
    2802:	11 24       	eor	r1, r1
    2804:	be 01       	movw	r22, r28
    2806:	0e 94 81 39 	call	0x7302	; 0x7302 <__divmodhi4>
    280a:	86 e9       	ldi	r24, 0x96	; 150
    280c:	90 e0       	ldi	r25, 0x00	; 0
    280e:	ac 01       	movw	r20, r24
    2810:	46 1b       	sub	r20, r22
    2812:	57 0b       	sbc	r21, r23
    2814:	ba 01       	movw	r22, r20
/home/jgalera/develop/arduino/usdx/usdx_plus_orange/src/dsp/dsp.cpp:117
  else
    r = (i == 0) ? 0 : _atan2(abs(q) / abs(i)); // arctan(z)
  r = (i < 0) ? _UA / 2 - r : r;                // arctan(-z) = -arctan(z)
    2816:	f7 ff       	sbrs	r31, 7
    2818:	06 c0       	rjmp	.+12     	; 0x2826 <ssb(int)+0x226>
    281a:	8c e2       	ldi	r24, 0x2C	; 44
    281c:	91 e0       	ldi	r25, 0x01	; 1
    281e:	dc 01       	movw	r26, r24
    2820:	a6 1b       	sub	r26, r22
    2822:	b7 0b       	sbc	r27, r23
    2824:	bd 01       	movw	r22, r26
/home/jgalera/develop/arduino/usdx/usdx_plus_orange/src/dsp/dsp.cpp:118
  return (q < 0) ? -r : r;                      // arctan(-z) = -arctan(z)
    2826:	37 ff       	sbrs	r19, 7
    2828:	03 c0       	rjmp	.+6      	; 0x2830 <ssb(int)+0x230>
    282a:	71 95       	neg	r23
    282c:	61 95       	neg	r22
    282e:	71 09       	sbc	r23, r1
_Z3ssbi():
/home/jgalera/develop/arduino/usdx/usdx_plus_orange/src/dsp/dsp.cpp:210
  amp = (tx) ? lut[_amp] : 0;

  static int16_t prev_phase;
  int16_t phase = arctan3(q, i);

  int16_t dp = phase - prev_phase; // phase difference and restriction
    2830:	80 91 e6 03 	lds	r24, 0x03E6	; 0x8003e6 <ssb(int)::prev_phase>
    2834:	90 91 e7 03 	lds	r25, 0x03E7	; 0x8003e7 <ssb(int)::prev_phase+0x1>
    2838:	9b 01       	movw	r18, r22
    283a:	28 1b       	sub	r18, r24
    283c:	39 0b       	sbc	r19, r25
/home/jgalera/develop/arduino/usdx/usdx_plus_orange/src/dsp/dsp.cpp:211
  prev_phase = phase;
    283e:	70 93 e7 03 	sts	0x03E7, r23	; 0x8003e7 <ssb(int)::prev_phase+0x1>
    2842:	60 93 e6 03 	sts	0x03E6, r22	; 0x8003e6 <ssb(int)::prev_phase>
/home/jgalera/develop/arduino/usdx/usdx_plus_orange/src/dsp/dsp.cpp:213

  if (dp < 0)
    2846:	37 ff       	sbrs	r19, 7
    2848:	02 c0       	rjmp	.+4      	; 0x284e <ssb(int)+0x24e>
/home/jgalera/develop/arduino/usdx/usdx_plus_orange/src/dsp/dsp.cpp:214
    dp = dp + _UA; // make negative phase shifts positive: prevents negative
    284a:	28 5a       	subi	r18, 0xA8	; 168
    284c:	3d 4f       	sbci	r19, 0xFD	; 253
/home/jgalera/develop/arduino/usdx/usdx_plus_orange/src/dsp/dsp.cpp:224
    quad = !quad;
  }
#endif

#ifdef MAX_DP
  if (dp > MAX_DP) { // dp should be less than half unit-angle in order to keep
    284e:	80 91 ec 05 	lds	r24, 0x05EC	; 0x8005ec <filt>
    2852:	88 23       	and	r24, r24
    2854:	09 f4       	brne	.+2      	; 0x2858 <ssb(int)+0x258>
    2856:	9e c0       	rjmp	.+316    	; 0x2994 <ssb(int)+0x394>
    2858:	80 91 ec 05 	lds	r24, 0x05EC	; 0x8005ec <filt>
    285c:	83 30       	cpi	r24, 0x03	; 3
    285e:	09 f0       	breq	.+2      	; 0x2862 <ssb(int)+0x262>
    2860:	9c c0       	rjmp	.+312    	; 0x299a <ssb(int)+0x39a>
    2862:	86 e9       	ldi	r24, 0x96	; 150
    2864:	90 e0       	ldi	r25, 0x00	; 0
    2866:	82 17       	cp	r24, r18
    2868:	93 07       	cpc	r25, r19
    286a:	14 f5       	brge	.+68     	; 0x28b0 <ssb(int)+0x2b0>
/home/jgalera/develop/arduino/usdx/usdx_plus_orange/src/dsp/dsp.cpp:226
                     // frequencies below F_SAMP_TX/2
    prev_phase = phase - (dp - MAX_DP); // substract restdp
    286c:	80 91 ec 05 	lds	r24, 0x05EC	; 0x8005ec <filt>
    2870:	88 23       	and	r24, r24
    2872:	09 f4       	brne	.+2      	; 0x2876 <ssb(int)+0x276>
    2874:	95 c0       	rjmp	.+298    	; 0x29a0 <ssb(int)+0x3a0>
    2876:	80 91 ec 05 	lds	r24, 0x05EC	; 0x8005ec <filt>
    287a:	83 30       	cpi	r24, 0x03	; 3
    287c:	09 f0       	breq	.+2      	; 0x2880 <ssb(int)+0x280>
    287e:	93 c0       	rjmp	.+294    	; 0x29a6 <ssb(int)+0x3a6>
    2880:	86 e9       	ldi	r24, 0x96	; 150
    2882:	90 e0       	ldi	r25, 0x00	; 0
    2884:	28 1b       	sub	r18, r24
    2886:	39 0b       	sbc	r19, r25
    2888:	62 1b       	sub	r22, r18
    288a:	73 0b       	sbc	r23, r19
    288c:	70 93 e7 03 	sts	0x03E7, r23	; 0x8003e7 <ssb(int)::prev_phase+0x1>
    2890:	60 93 e6 03 	sts	0x03E6, r22	; 0x8003e6 <ssb(int)::prev_phase>
/home/jgalera/develop/arduino/usdx/usdx_plus_orange/src/dsp/dsp.cpp:227
    dp = MAX_DP;
    2894:	80 91 ec 05 	lds	r24, 0x05EC	; 0x8005ec <filt>
    2898:	28 e5       	ldi	r18, 0x58	; 88
    289a:	32 e0       	ldi	r19, 0x02	; 2
    289c:	88 23       	and	r24, r24
    289e:	41 f0       	breq	.+16     	; 0x28b0 <ssb(int)+0x2b0>
    28a0:	80 91 ec 05 	lds	r24, 0x05EC	; 0x8005ec <filt>
    28a4:	26 e9       	ldi	r18, 0x96	; 150
    28a6:	30 e0       	ldi	r19, 0x00	; 0
    28a8:	83 30       	cpi	r24, 0x03	; 3
    28aa:	11 f0       	breq	.+4      	; 0x28b0 <ssb(int)+0x2b0>
    28ac:	2c e2       	ldi	r18, 0x2C	; 44
    28ae:	31 e0       	ldi	r19, 0x01	; 1
/home/jgalera/develop/arduino/usdx/usdx_plus_orange/src/dsp/dsp.cpp:230
  }
#endif
  if (mode == USB)
    28b0:	80 91 cc 01 	lds	r24, 0x01CC	; 0x8001cc <mode>
    28b4:	81 30       	cpi	r24, 0x01	; 1
    28b6:	09 f0       	breq	.+2      	; 0x28ba <ssb(int)+0x2ba>
    28b8:	79 c0       	rjmp	.+242    	; 0x29ac <ssb(int)+0x3ac>
/home/jgalera/develop/arduino/usdx/usdx_plus_orange/src/dsp/dsp.cpp:233
    return dp *
           (F_SAMP_TX /
            _UA); // calculate frequency-difference based on phase-difference
    28ba:	c9 01       	movw	r24, r18
    28bc:	23 e0       	ldi	r18, 0x03	; 3
    28be:	88 0f       	add	r24, r24
    28c0:	99 1f       	adc	r25, r25
    28c2:	2a 95       	dec	r18
    28c4:	e1 f7       	brne	.-8      	; 0x28be <ssb(int)+0x2be>
/home/jgalera/develop/arduino/usdx/usdx_plus_orange/src/dsp/dsp.cpp:236
  else
    return dp * (-F_SAMP_TX / _UA);
}
    28c6:	df 91       	pop	r29
    28c8:	cf 91       	pop	r28
    28ca:	1f 91       	pop	r17
    28cc:	0f 91       	pop	r16
    28ce:	08 95       	ret
/home/jgalera/develop/arduino/usdx/usdx_plus_orange/src/dsp/dsp.cpp:158
    int16_t ac = in;
    dc = (ac + (7) * dc) / (7 + 1); // hpf: slow average
    v[15] = (ac - dc) /
            2; // hpf (dc decoupling)  (-6dB gain to compensate for DC-noise)
  } else {
    int16_t ac = in * 2; //   6dB gain (justified since lpf/hpf is losing -3dB)
    28d0:	9c 01       	movw	r18, r24
    28d2:	22 0f       	add	r18, r18
    28d4:	33 1f       	adc	r19, r19
/home/jgalera/develop/arduino/usdx/usdx_plus_orange/src/dsp/dsp.cpp:159
    ac = ac + z1;        // lpf
    28d6:	40 91 e8 03 	lds	r20, 0x03E8	; 0x8003e8 <ssb(int)::z1>
    28da:	50 91 e9 03 	lds	r21, 0x03E9	; 0x8003e9 <ssb(int)::z1+0x1>
    28de:	24 0f       	add	r18, r20
    28e0:	35 1f       	adc	r19, r21
/home/jgalera/develop/arduino/usdx/usdx_plus_orange/src/dsp/dsp.cpp:160
    z1 = (in - (2) * z1) / (2 + 1); // lpf: notch at Fs/2 (alias rejecting)
    28e2:	44 0f       	add	r20, r20
    28e4:	55 1f       	adc	r21, r21
    28e6:	84 1b       	sub	r24, r20
    28e8:	95 0b       	sbc	r25, r21
    28ea:	c3 e0       	ldi	r28, 0x03	; 3
    28ec:	d0 e0       	ldi	r29, 0x00	; 0
    28ee:	be 01       	movw	r22, r28
    28f0:	0e 94 81 39 	call	0x7302	; 0x7302 <__divmodhi4>
    28f4:	70 93 e9 03 	sts	0x03E9, r23	; 0x8003e9 <ssb(int)::z1+0x1>
    28f8:	60 93 e8 03 	sts	0x03E8, r22	; 0x8003e8 <ssb(int)::z1>
/home/jgalera/develop/arduino/usdx/usdx_plus_orange/src/dsp/dsp.cpp:161
    dc = (ac + (2) * dc) / (2 + 1); // hpf: slow average
    28fc:	cf 01       	movw	r24, r30
    28fe:	88 0f       	add	r24, r24
    2900:	99 1f       	adc	r25, r25
    2902:	82 0f       	add	r24, r18
    2904:	93 1f       	adc	r25, r19
    2906:	be 01       	movw	r22, r28
    2908:	0e 94 81 39 	call	0x7302	; 0x7302 <__divmodhi4>
    290c:	70 93 eb 03 	sts	0x03EB, r23	; 0x8003eb <ssb(int)::dc+0x1>
    2910:	60 93 ea 03 	sts	0x03EA, r22	; 0x8003ea <ssb(int)::dc>
/home/jgalera/develop/arduino/usdx/usdx_plus_orange/src/dsp/dsp.cpp:162
    v[15] = (ac - dc);              // hpf (dc decoupling)
    2914:	26 1b       	sub	r18, r22
    2916:	37 0b       	sbc	r19, r23
    2918:	30 93 0b 04 	sts	0x040B, r19	; 0x80040b <ssb(int)::v+0x1f>
    291c:	20 93 0a 04 	sts	0x040A, r18	; 0x80040a <ssb(int)::v+0x1e>
    2920:	a6 ce       	rjmp	.-692    	; 0x266e <ssb(int)+0x6e>
/home/jgalera/develop/arduino/usdx/usdx_plus_orange/src/dsp/dsp.cpp:175
       6) +
      (v[6] - v[8]); // Hilbert transform, 40dB side-band rejection in
                     // 400..1900Hz (@4kSPS) when used in image-rejection
                     // scenario; (Hilbert transform require 5 additional bits)

  uint16_t _amp = magn(i / 2, q / 2); // -6dB gain (correction)
    2922:	cf 01       	movw	r24, r30
    2924:	f7 fd       	sbrc	r31, 7
    2926:	07 96       	adiw	r24, 0x07	; 7
    2928:	63 e0       	ldi	r22, 0x03	; 3
    292a:	95 95       	asr	r25
    292c:	87 95       	ror	r24
    292e:	6a 95       	dec	r22
    2930:	e1 f7       	brne	.-8      	; 0x292a <ssb(int)+0x32a>
    2932:	97 ff       	sbrs	r25, 7
    2934:	03 c0       	rjmp	.+6      	; 0x293c <ssb(int)+0x33c>
    2936:	91 95       	neg	r25
    2938:	81 95       	neg	r24
    293a:	91 09       	sbc	r25, r1
    293c:	84 0f       	add	r24, r20
    293e:	95 1f       	adc	r25, r21
    2940:	13 cf       	rjmp	.-474    	; 0x2768 <ssb(int)+0x168>
/home/jgalera/develop/arduino/usdx/usdx_plus_orange/src/dsp/dsp.cpp:66
 * Controls the PTT (Push-To-Talk) based on audio amplitude.
 * @param trigger True if amplitude exceeds threshold.
 */
inline void _vox(bool trigger) {
  if (trigger) {
    tx = (tx) ? 254 : 255; // hangtime = 255 / 4402 = 58ms (the time that TX at
    2942:	4f ef       	ldi	r20, 0xFF	; 255
    2944:	1d cf       	rjmp	.-454    	; 0x2780 <ssb(int)+0x180>
_vox():
/home/jgalera/develop/arduino/usdx/usdx_plus_orange/src/dsp/dsp.cpp:71
                           // least stays on when not triggered again). tx ==
                           // 255 when triggered first, 254 follows for
                           // subsequent triggers, until tx is off.
  } else {
    if (tx)
    2946:	40 91 06 06 	lds	r20, 0x0606	; 0x800606 <tx>
    294a:	44 23       	and	r20, r20
    294c:	09 f4       	brne	.+2      	; 0x2950 <ssb(int)+0x350>
    294e:	1a cf       	rjmp	.-460    	; 0x2784 <ssb(int)+0x184>
/home/jgalera/develop/arduino/usdx/usdx_plus_orange/src/dsp/dsp.cpp:72
      tx--;
    2950:	40 91 06 06 	lds	r20, 0x0606	; 0x800606 <tx>
    2954:	41 50       	subi	r20, 0x01	; 1
    2956:	14 cf       	rjmp	.-472    	; 0x2780 <ssb(int)+0x180>
_Z3ssbi():
/home/jgalera/develop/arduino/usdx/usdx_plus_orange/src/dsp/dsp.cpp:205
#endif
  _amp = _amp << (drive);
  _amp = ((_amp > 255) || (drive == 8))
             ? 255
             : _amp; // clip or when drive=8 use max output
  amp = (tx) ? lut[_amp] : 0;
    2958:	80 e0       	ldi	r24, 0x00	; 0
    295a:	2e cf       	rjmp	.-420    	; 0x27b8 <ssb(int)+0x1b8>
/home/jgalera/develop/arduino/usdx/usdx_plus_orange/src/dsp/dsp.cpp:116
  // [1]
  int16_t r;
  if (abs(q) > abs(i))
    r = _UA / 4 - _atan2(abs(i) / abs(q)); // arctan(z) = 90-arctan(1/z)
  else
    r = (i == 0) ? 0 : _atan2(abs(q) / abs(i)); // arctan(z)
    295c:	70 e0       	ldi	r23, 0x00	; 0
    295e:	60 e0       	ldi	r22, 0x00	; 0
arctan3():
    2960:	30 97       	sbiw	r30, 0x00	; 0
    2962:	09 f4       	brne	.+2      	; 0x2966 <ssb(int)+0x366>
    2964:	60 cf       	rjmp	.-320    	; 0x2826 <ssb(int)+0x226>
    2966:	45 ee       	ldi	r20, 0xE5	; 229
    2968:	be 01       	movw	r22, r28
    296a:	46 03       	mulsu	r20, r22
    296c:	c0 01       	movw	r24, r0
    296e:	47 9f       	mul	r20, r23
    2970:	90 0d       	add	r25, r0
    2972:	11 24       	eor	r1, r1
    2974:	b8 01       	movw	r22, r16
    2976:	0e 94 81 39 	call	0x7302	; 0x7302 <__divmodhi4>
    297a:	6a 59       	subi	r22, 0x9A	; 154
    297c:	7f 4f       	sbci	r23, 0xFF	; 255
    297e:	6c 9f       	mul	r22, r28
    2980:	c0 01       	movw	r24, r0
    2982:	6d 9f       	mul	r22, r29
    2984:	90 0d       	add	r25, r0
    2986:	7c 9f       	mul	r23, r28
    2988:	90 0d       	add	r25, r0
    298a:	11 24       	eor	r1, r1
    298c:	b8 01       	movw	r22, r16
    298e:	0e 94 81 39 	call	0x7302	; 0x7302 <__divmodhi4>
    2992:	41 cf       	rjmp	.-382    	; 0x2816 <ssb(int)+0x216>
_Z3ssbi():
/home/jgalera/develop/arduino/usdx/usdx_plus_orange/src/dsp/dsp.cpp:224
    quad = !quad;
  }
#endif

#ifdef MAX_DP
  if (dp > MAX_DP) { // dp should be less than half unit-angle in order to keep
    2994:	88 e5       	ldi	r24, 0x58	; 88
    2996:	92 e0       	ldi	r25, 0x02	; 2
    2998:	66 cf       	rjmp	.-308    	; 0x2866 <ssb(int)+0x266>
    299a:	8c e2       	ldi	r24, 0x2C	; 44
    299c:	91 e0       	ldi	r25, 0x01	; 1
    299e:	63 cf       	rjmp	.-314    	; 0x2866 <ssb(int)+0x266>
/home/jgalera/develop/arduino/usdx/usdx_plus_orange/src/dsp/dsp.cpp:226
                     // frequencies below F_SAMP_TX/2
    prev_phase = phase - (dp - MAX_DP); // substract restdp
    29a0:	88 e5       	ldi	r24, 0x58	; 88
    29a2:	92 e0       	ldi	r25, 0x02	; 2
    29a4:	6f cf       	rjmp	.-290    	; 0x2884 <ssb(int)+0x284>
    29a6:	8c e2       	ldi	r24, 0x2C	; 44
    29a8:	91 e0       	ldi	r25, 0x01	; 1
    29aa:	6c cf       	rjmp	.-296    	; 0x2884 <ssb(int)+0x284>
/home/jgalera/develop/arduino/usdx/usdx_plus_orange/src/dsp/dsp.cpp:235
  if (mode == USB)
    return dp *
           (F_SAMP_TX /
            _UA); // calculate frequency-difference based on phase-difference
  else
    return dp * (-F_SAMP_TX / _UA);
    29ac:	48 ef       	ldi	r20, 0xF8	; 248
    29ae:	42 03       	mulsu	r20, r18
    29b0:	c0 01       	movw	r24, r0
    29b2:	43 9f       	mul	r20, r19
    29b4:	90 0d       	add	r25, r0
    29b6:	11 24       	eor	r1, r1
    29b8:	86 cf       	rjmp	.-244    	; 0x28c6 <ssb(int)+0x2c6>

000029ba <dsp_tx()>:
_Z6dsp_txv():
/home/jgalera/develop/arduino/usdx/usdx_plus_orange/src/dsp/dsp.cpp:247
// This is the ADC ISR, issued with sample-rate via timer1 compb interrupt.
// It performs in real-time the ADC sampling, calculation of SSB
// phase-differences, calculation of SI5351 frequency registers and send the
// registers to SI5351 over I2C.
static int16_t _adc;
void dsp_tx() {  // jitter dependent things first
    29ba:	cf 93       	push	r28
    29bc:	df 93       	push	r29
/home/jgalera/develop/arduino/usdx/usdx_plus_orange/src/dsp/dsp.cpp:251
#ifdef MULTI_ADC // SSB with multiple ADC conversions:
  int16_t adc;   // current ADC sample 10-bits analog input, NOTE: first ADCL,
                 // then ADCH
  adc = ADC;
    29be:	c0 91 78 00 	lds	r28, 0x0078	; 0x800078 <__DATA_REGION_ORIGIN__+0x18>
    29c2:	d0 91 79 00 	lds	r29, 0x0079	; 0x800079 <__DATA_REGION_ORIGIN__+0x19>
/home/jgalera/develop/arduino/usdx/usdx_plus_orange/src/dsp/dsp.cpp:252
  ADCSRA |= (1 << ADSC);
    29c6:	80 91 7a 00 	lds	r24, 0x007A	; 0x80007a <__DATA_REGION_ORIGIN__+0x1a>
    29ca:	80 64       	ori	r24, 0x40	; 64
    29cc:	80 93 7a 00 	sts	0x007A, r24	; 0x80007a <__DATA_REGION_ORIGIN__+0x1a>
/home/jgalera/develop/arduino/usdx/usdx_plus_orange/src/dsp/dsp.cpp:256
  // OCR1BL = amp;                        // submit amplitude to PWM register
  // (actually this is done in advance (about 140us) of phase-change, so that
  // phase-delays in key-shaping circuit filter can settle)
  si5351.SendPLLRegisterBulk(); // submit frequency registers to SI5351 over
    29d0:	0e 94 6f 02 	call	0x4de	; 0x4de <SI5351::SendPLLRegisterBulk() [clone .constprop.33]>
/home/jgalera/develop/arduino/usdx/usdx_plus_orange/src/dsp/dsp.cpp:277
      18, (quad)
              ? 0x1f
              : 0x0f); // Invert/non-invert CLK2 in case of a huge phase-change
#endif
#endif          // QUAD
  OCR1BL = amp; // submit amplitude to PWM register (takes about 1/32125 =
    29d4:	80 91 10 04 	lds	r24, 0x0410	; 0x800410 <amp>
    29d8:	80 93 8a 00 	sts	0x008A, r24	; 0x80008a <__DATA_REGION_ORIGIN__+0x2a>
/home/jgalera/develop/arduino/usdx/usdx_plus_orange/src/dsp/dsp.cpp:280
                // 31us+/-31us to propagate) -> amplitude-phase-alignment error
                // is about 30-50us
  adc += ADC;
    29dc:	80 91 78 00 	lds	r24, 0x0078	; 0x800078 <__DATA_REGION_ORIGIN__+0x18>
    29e0:	90 91 79 00 	lds	r25, 0x0079	; 0x800079 <__DATA_REGION_ORIGIN__+0x19>
    29e4:	c8 0f       	add	r28, r24
    29e6:	d9 1f       	adc	r29, r25
/home/jgalera/develop/arduino/usdx/usdx_plus_orange/src/dsp/dsp.cpp:281
  ADCSRA |=
    29e8:	80 91 7a 00 	lds	r24, 0x007A	; 0x80007a <__DATA_REGION_ORIGIN__+0x1a>
    29ec:	80 64       	ori	r24, 0x40	; 64
    29ee:	80 93 7a 00 	sts	0x007A, r24	; 0x80007a <__DATA_REGION_ORIGIN__+0x1a>
/home/jgalera/develop/arduino/usdx/usdx_plus_orange/src/dsp/dsp.cpp:285
      (1 << ADSC); // causes RFI on QCX-SSB units (not on units with direct
                   // biasing); ENABLE this line when using direct biasing!!
  int16_t df =
      ssb(_adc >> MIC_ATTEN); // convert analog input into phase-shifts (carrier
    29f2:	80 91 0c 04 	lds	r24, 0x040C	; 0x80040c <_adc>
    29f6:	90 91 0d 04 	lds	r25, 0x040D	; 0x80040d <_adc+0x1>
    29fa:	0e 94 00 13 	call	0x2600	; 0x2600 <ssb(int)>
/home/jgalera/develop/arduino/usdx/usdx_plus_orange/src/dsp/dsp.cpp:287
                              // out by periodic frequency shifts)
  adc += ADC;
    29fe:	20 91 78 00 	lds	r18, 0x0078	; 0x800078 <__DATA_REGION_ORIGIN__+0x18>
    2a02:	30 91 79 00 	lds	r19, 0x0079	; 0x800079 <__DATA_REGION_ORIGIN__+0x19>
    2a06:	c2 0f       	add	r28, r18
    2a08:	d3 1f       	adc	r29, r19
/home/jgalera/develop/arduino/usdx/usdx_plus_orange/src/dsp/dsp.cpp:288
  ADCSRA |= (1 << ADSC);
    2a0a:	20 91 7a 00 	lds	r18, 0x007A	; 0x80007a <__DATA_REGION_ORIGIN__+0x1a>
    2a0e:	20 64       	ori	r18, 0x40	; 64
    2a10:	20 93 7a 00 	sts	0x007A, r18	; 0x80007a <__DATA_REGION_ORIGIN__+0x1a>
/home/jgalera/develop/arduino/usdx/usdx_plus_orange/src/dsp/dsp.cpp:289
  si5351.freq_calc_fast(df); // calculate SI5351 registers based on frequency
    2a14:	0e 94 8b 02 	call	0x516	; 0x516 <SI5351::freq_calc_fast(int) [clone .constprop.32]>
/home/jgalera/develop/arduino/usdx/usdx_plus_orange/src/dsp/dsp.cpp:291
                             // shift and carrier frequency
  adc += ADC;
    2a18:	20 91 78 00 	lds	r18, 0x0078	; 0x800078 <__DATA_REGION_ORIGIN__+0x18>
    2a1c:	30 91 79 00 	lds	r19, 0x0079	; 0x800079 <__DATA_REGION_ORIGIN__+0x19>
/home/jgalera/develop/arduino/usdx/usdx_plus_orange/src/dsp/dsp.cpp:292
  ADCSRA |= (1 << ADSC);
    2a20:	90 91 7a 00 	lds	r25, 0x007A	; 0x80007a <__DATA_REGION_ORIGIN__+0x1a>
    2a24:	90 64       	ori	r25, 0x40	; 64
    2a26:	90 93 7a 00 	sts	0x007A, r25	; 0x80007a <__DATA_REGION_ORIGIN__+0x1a>
/home/jgalera/develop/arduino/usdx/usdx_plus_orange/src/dsp/dsp.cpp:291
                              // out by periodic frequency shifts)
  adc += ADC;
  ADCSRA |= (1 << ADSC);
  si5351.freq_calc_fast(df); // calculate SI5351 registers based on frequency
                             // shift and carrier frequency
  adc += ADC;
    2a2a:	ce 01       	movw	r24, r28
    2a2c:	82 0f       	add	r24, r18
    2a2e:	93 1f       	adc	r25, r19
/home/jgalera/develop/arduino/usdx/usdx_plus_orange/src/dsp/dsp.cpp:295
  ADCSRA |= (1 << ADSC);
  //_adc = (adc/4 - 512);
#define AF_BIAS 32
  _adc = (adc / 4 -
    2a30:	97 fd       	sbrc	r25, 7
    2a32:	03 96       	adiw	r24, 0x03	; 3
    2a34:	95 95       	asr	r25
    2a36:	87 95       	ror	r24
    2a38:	95 95       	asr	r25
    2a3a:	87 95       	ror	r24
    2a3c:	80 5e       	subi	r24, 0xE0	; 224
    2a3e:	91 40       	sbci	r25, 0x01	; 1
    2a40:	90 93 0d 04 	sts	0x040D, r25	; 0x80040d <_adc+0x1>
    2a44:	80 93 0c 04 	sts	0x040C, r24	; 0x80040c <_adc>
/home/jgalera/develop/arduino/usdx/usdx_plus_orange/src/dsp/dsp.cpp:322
  si5351.freq_calc_fast(df); // calculate SI5351 registers based on frequency
                             // shift and carrier frequency
#endif

#ifdef CARRIER_COMPLETELY_OFF_ON_LOW
  if (tx == 1) {
    2a48:	80 91 06 06 	lds	r24, 0x0606	; 0x800606 <tx>
    2a4c:	81 30       	cpi	r24, 0x01	; 1
    2a4e:	31 f4       	brne	.+12     	; 0x2a5c <dsp_tx()+0xa2>
/home/jgalera/develop/arduino/usdx/usdx_plus_orange/src/dsp/dsp.cpp:323
    OCR1BL = 0;
    2a50:	10 92 8a 00 	sts	0x008A, r1	; 0x80008a <__DATA_REGION_ORIGIN__+0x2a>
/home/jgalera/develop/arduino/usdx/usdx_plus_orange/src/dsp/dsp.cpp:324
    si5351.SendRegister(SI_CLK_OE, TX0RX0);
    2a54:	6f ef       	ldi	r22, 0xFF	; 255
    2a56:	83 e0       	ldi	r24, 0x03	; 3
    2a58:	0e 94 24 03 	call	0x648	; 0x648 <SI5351::SendRegister(unsigned char, unsigned char) [clone .constprop.30]>
/home/jgalera/develop/arduino/usdx/usdx_plus_orange/src/dsp/dsp.cpp:326
  } // disable carrier
  if (tx == 255) {
    2a5c:	80 91 06 06 	lds	r24, 0x0606	; 0x800606 <tx>
    2a60:	8f 3f       	cpi	r24, 0xFF	; 255
    2a62:	31 f4       	brne	.+12     	; 0x2a70 <dsp_tx()+0xb6>
/home/jgalera/develop/arduino/usdx/usdx_plus_orange/src/dsp/dsp.cpp:327
    si5351.SendRegister(SI_CLK_OE, TX1RX0);
    2a64:	6b ef       	ldi	r22, 0xFB	; 251
    2a66:	83 e0       	ldi	r24, 0x03	; 3
/home/jgalera/develop/arduino/usdx/usdx_plus_orange/src/dsp/dsp.cpp:336
#ifdef MOX_ENABLE
  if (!mox)
    return;
  OCR1AL = (adc << (mox - 1)) + 128; // TX audio monitoring
#endif
}
    2a68:	df 91       	pop	r29
    2a6a:	cf 91       	pop	r28
/home/jgalera/develop/arduino/usdx/usdx_plus_orange/src/dsp/dsp.cpp:327
  if (tx == 1) {
    OCR1BL = 0;
    si5351.SendRegister(SI_CLK_OE, TX0RX0);
  } // disable carrier
  if (tx == 255) {
    si5351.SendRegister(SI_CLK_OE, TX1RX0);
    2a6c:	0c 94 24 03 	jmp	0x648	; 0x648 <SI5351::SendRegister(unsigned char, unsigned char) [clone .constprop.30]>
/home/jgalera/develop/arduino/usdx/usdx_plus_orange/src/dsp/dsp.cpp:336
#ifdef MOX_ENABLE
  if (!mox)
    return;
  OCR1AL = (adc << (mox - 1)) + 128; // TX audio monitoring
#endif
}
    2a70:	df 91       	pop	r29
    2a72:	cf 91       	pop	r28
    2a74:	08 95       	ret

00002a76 <LCD::write(unsigned char)>:
_ZN3LCD5writeEh():
/home/jgalera/develop/arduino/usdx/usdx_plus_orange/src/driver/display.cpp:407
}
void LCD::cmd(uint8_t b) {
  nib(b >> 4);
  nib(b & 0xf);
}
size_t LCD::write(uint8_t b) {
    2a76:	cf 93       	push	r28
    2a78:	c6 2f       	mov	r28, r22
/home/jgalera/develop/arduino/usdx/usdx_plus_orange/src/driver/display.cpp:408
  pre();
    2a7a:	0e 94 76 08 	call	0x10ec	; 0x10ec <LCD::pre() [clone .constprop.56]>
/home/jgalera/develop/arduino/usdx/usdx_plus_orange/src/driver/display.cpp:409
  uint8_t nibh = LCD_PREP_NIBBLE(b >> 4);
    2a7e:	8b b1       	in	r24, 0x0b	; 11
    2a80:	80 7f       	andi	r24, 0xF0	; 240
    2a82:	80 61       	ori	r24, 0x10	; 16
    2a84:	9c 2f       	mov	r25, r28
    2a86:	92 95       	swap	r25
    2a88:	9f 70       	andi	r25, 0x0F	; 15
    2a8a:	89 2b       	or	r24, r25
/home/jgalera/develop/arduino/usdx/usdx_plus_orange/src/driver/display.cpp:410
  PORTD = nibh;
    2a8c:	8b b9       	out	0x0b, r24	; 11
/home/jgalera/develop/arduino/usdx/usdx_plus_orange/src/driver/display.cpp:411
  uint8_t nibl = LCD_PREP_NIBBLE(b & 0xf);
    2a8e:	6b b1       	in	r22, 0x0b	; 11
    2a90:	60 7f       	andi	r22, 0xF0	; 240
    2a92:	60 61       	ori	r22, 0x10	; 16
    2a94:	cf 70       	andi	r28, 0x0F	; 15
    2a96:	6c 2b       	or	r22, r28
/home/jgalera/develop/arduino/usdx/usdx_plus_orange/src/driver/display.cpp:412
  LCD_RS_HI();
    2a98:	3c 98       	cbi	0x07, 4	; 7
    2a9a:	00 00       	nop
/home/jgalera/develop/arduino/usdx/usdx_plus_orange/src/driver/display.cpp:413
  LCD_EN_LO();
    2a9c:	5c 98       	cbi	0x0b, 4	; 11
/home/jgalera/develop/arduino/usdx/usdx_plus_orange/src/driver/display.cpp:414
  PORTD = nibl;
    2a9e:	6b b9       	out	0x0b, r22	; 11
/home/jgalera/develop/arduino/usdx/usdx_plus_orange/src/driver/display.cpp:415
  LCD_RS_LO();
    2aa0:	3c 9a       	sbi	0x07, 4	; 7
/home/jgalera/develop/arduino/usdx/usdx_plus_orange/src/driver/display.cpp:416
  LCD_RS_HI();
    2aa2:	3c 98       	cbi	0x07, 4	; 7
    2aa4:	00 00       	nop
/home/jgalera/develop/arduino/usdx/usdx_plus_orange/src/driver/display.cpp:417
  LCD_EN_LO();
    2aa6:	5c 98       	cbi	0x0b, 4	; 11
/home/jgalera/develop/arduino/usdx/usdx_plus_orange/src/driver/display.cpp:418
  LCD_RS_LO();
    2aa8:	3c 9a       	sbi	0x07, 4	; 7
/home/jgalera/develop/arduino/usdx/usdx_plus_orange/src/driver/display.cpp:419
  post();
    2aaa:	0e 94 a7 01 	call	0x34e	; 0x34e <LCD::post() [clone .constprop.57]>
/home/jgalera/develop/arduino/usdx/usdx_plus_orange/src/driver/display.cpp:420
  delayMicroseconds(60);
    2aae:	8c e3       	ldi	r24, 0x3C	; 60
    2ab0:	90 e0       	ldi	r25, 0x00	; 0
    2ab2:	0e 94 00 07 	call	0xe00	; 0xe00 <delayMicroseconds>
/home/jgalera/develop/arduino/usdx/usdx_plus_orange/src/driver/display.cpp:422
  return 1;
}
    2ab6:	81 e0       	ldi	r24, 0x01	; 1
    2ab8:	90 e0       	ldi	r25, 0x00	; 0
    2aba:	cf 91       	pop	r28
    2abc:	08 95       	ret

00002abe <Print::print(__FlashStringHelper const*) [clone .constprop.60]>:
_ZN5Print5printEPK19__FlashStringHelper.constprop.60():
/home/jgalera/.arduino15/packages/MiniCore/hardware/avr/3.1.1/cores/MCUdude_corefiles/Print.cpp:44

size_t Print::print(const __FlashStringHelper *ifsh)
    2abe:	0f 93       	push	r16
    2ac0:	1f 93       	push	r17
    2ac2:	cf 93       	push	r28
    2ac4:	df 93       	push	r29
    2ac6:	8c 01       	movw	r16, r24
/home/jgalera/.arduino15/packages/MiniCore/hardware/avr/3.1.1/cores/MCUdude_corefiles/Print.cpp:47
{
  PGM_P p = reinterpret_cast<PGM_P>(ifsh);
  size_t n = 0;
    2ac8:	d0 e0       	ldi	r29, 0x00	; 0
    2aca:	c0 e0       	ldi	r28, 0x00	; 0
/home/jgalera/.arduino15/packages/MiniCore/hardware/avr/3.1.1/cores/MCUdude_corefiles/Print.cpp:49
  while (1) {
    unsigned char c = pgm_read_byte(p++);
    2acc:	f8 01       	movw	r30, r16
    2ace:	ec 0f       	add	r30, r28
    2ad0:	fd 1f       	adc	r31, r29
    2ad2:	64 91       	lpm	r22, Z
/home/jgalera/.arduino15/packages/MiniCore/hardware/avr/3.1.1/cores/MCUdude_corefiles/Print.cpp:50
    if (c == 0) break;
    2ad4:	66 23       	and	r22, r22
    2ad6:	41 f0       	breq	.+16     	; 0x2ae8 <Print::print(__FlashStringHelper const*) [clone .constprop.60]+0x2a>
/home/jgalera/.arduino15/packages/MiniCore/hardware/avr/3.1.1/cores/MCUdude_corefiles/Print.cpp:51
    if (write(c)) n++;
    2ad8:	80 ed       	ldi	r24, 0xD0	; 208
    2ada:	96 e0       	ldi	r25, 0x06	; 6
    2adc:	0e 94 3b 15 	call	0x2a76	; 0x2a76 <LCD::write(unsigned char)>
    2ae0:	89 2b       	or	r24, r25
    2ae2:	11 f0       	breq	.+4      	; 0x2ae8 <Print::print(__FlashStringHelper const*) [clone .constprop.60]+0x2a>
    2ae4:	21 96       	adiw	r28, 0x01	; 1
    2ae6:	f2 cf       	rjmp	.-28     	; 0x2acc <Print::print(__FlashStringHelper const*) [clone .constprop.60]+0xe>
/home/jgalera/.arduino15/packages/MiniCore/hardware/avr/3.1.1/cores/MCUdude_corefiles/Print.cpp:55
    else break;
  }
  return n;
}
    2ae8:	ce 01       	movw	r24, r28
    2aea:	df 91       	pop	r29
    2aec:	cf 91       	pop	r28
    2aee:	1f 91       	pop	r17
    2af0:	0f 91       	pop	r16
    2af2:	08 95       	ret

00002af4 <lcd_blanks()>:
_Z10lcd_blanksv():
/home/jgalera/develop/arduino/usdx/usdx_plus_orange/src/hal/hal.cpp:96
void timer2_stop() {        // Stop Timer 2 interrupt
  TIMSK2 &= ~(1 << OCIE2A); // disable timer compare interrupt
  delay(1); // wait until potential in-flight interrupts are finished
}

void lcd_blanks() { lcd.print(F("        ")); }
    2af4:	8e e5       	ldi	r24, 0x5E	; 94
    2af6:	91 e0       	ldi	r25, 0x01	; 1
    2af8:	0c 94 5f 15 	jmp	0x2abe	; 0x2abe <Print::print(__FlashStringHelper const*) [clone .constprop.60]>

00002afc <Print::flush()>:
_ZN5Print5flushEv():
/home/jgalera/.arduino15/packages/MiniCore/hardware/avr/3.1.1/cores/MCUdude_corefiles/Print.h:65

    // default to zero, meaning "a single write may block"
    // should be overriden by subclasses with buffering
    virtual int availableForWrite() { return 0; }

    virtual void flush() { /* Empty implementation for backward compatibility */ }
    2afc:	08 95       	ret

00002afe <Print::availableForWrite()>:
_ZN5Print17availableForWriteEv():
/home/jgalera/.arduino15/packages/MiniCore/hardware/avr/3.1.1/cores/MCUdude_corefiles/Print.h:63
      return write((const uint8_t *)buffer, size);
    }

    // default to zero, meaning "a single write may block"
    // should be overriden by subclasses with buffering
    virtual int availableForWrite() { return 0; }
    2afe:	90 e0       	ldi	r25, 0x00	; 0
    2b00:	80 e0       	ldi	r24, 0x00	; 0
    2b02:	08 95       	ret

00002b04 <build_lut()>:
_Z9build_lutv():
/home/jgalera/develop/arduino/usdx/usdx_plus_orange/src/core/core.cpp:904
  lcd_blanks();
  delay(1500);
  wdt_reset();
}

void build_lut() {
    2b04:	0f 93       	push	r16
    2b06:	1f 93       	push	r17
    2b08:	cf 93       	push	r28
    2b0a:	df 93       	push	r29
/home/jgalera/develop/arduino/usdx/usdx_plus_orange/src/core/core.cpp:906
  for (uint16_t i = 0; i != 256; i++)
    lut[i] = (i * (pwm_max - pwm_min)) / 255 + pwm_min;
    2b0c:	40 91 e1 03 	lds	r20, 0x03E1	; 0x8003e1 <pwm_min>
    2b10:	c0 91 02 01 	lds	r28, 0x0102	; 0x800102 <pwm_max>
    2b14:	c4 1b       	sub	r28, r20
    2b16:	dd 0b       	sbc	r29, r29
    2b18:	e1 e1       	ldi	r30, 0x11	; 17
    2b1a:	f4 e0       	ldi	r31, 0x04	; 4
    2b1c:	30 e0       	ldi	r19, 0x00	; 0
    2b1e:	20 e0       	ldi	r18, 0x00	; 0
    2b20:	0f ef       	ldi	r16, 0xFF	; 255
    2b22:	10 e0       	ldi	r17, 0x00	; 0
    2b24:	c9 01       	movw	r24, r18
    2b26:	b8 01       	movw	r22, r16
    2b28:	0e 94 6d 39 	call	0x72da	; 0x72da <__udivmodhi4>
    2b2c:	64 0f       	add	r22, r20
    2b2e:	61 93       	st	Z+, r22
    2b30:	2c 0f       	add	r18, r28
    2b32:	3d 1f       	adc	r19, r29
/home/jgalera/develop/arduino/usdx/usdx_plus_orange/src/core/core.cpp:905
  delay(1500);
  wdt_reset();
}

void build_lut() {
  for (uint16_t i = 0; i != 256; i++)
    2b34:	85 e0       	ldi	r24, 0x05	; 5
    2b36:	e1 31       	cpi	r30, 0x11	; 17
    2b38:	f8 07       	cpc	r31, r24
    2b3a:	a1 f7       	brne	.-24     	; 0x2b24 <build_lut()+0x20>
/home/jgalera/develop/arduino/usdx/usdx_plus_orange/src/core/core.cpp:907
    lut[i] = (i * (pwm_max - pwm_min)) / 255 + pwm_min;
}
    2b3c:	df 91       	pop	r29
    2b3e:	cf 91       	pop	r28
    2b40:	1f 91       	pop	r17
    2b42:	0f 91       	pop	r16
    2b44:	08 95       	ret

00002b46 <printlabel(unsigned char, unsigned char, __FlashStringHelper const*)>:
_Z10printlabelhhPK19__FlashStringHelper():
/home/jgalera/develop/arduino/usdx/usdx_plus_orange/src/core/core.cpp:720
    lcd.print(seperator[i]);
  }
}

void printlabel(uint8_t action, uint8_t menuid,
                const __FlashStringHelper *label) {
    2b46:	0f 93       	push	r16
    2b48:	1f 93       	push	r17
    2b4a:	cf 93       	push	r28
    2b4c:	c6 2f       	mov	r28, r22
    2b4e:	8a 01       	movw	r16, r20
/home/jgalera/develop/arduino/usdx/usdx_plus_orange/src/core/core.cpp:721
  if (action == UPDATE_MENU) {
    2b50:	81 30       	cpi	r24, 0x01	; 1
    2b52:	09 f0       	breq	.+2      	; 0x2b56 <printlabel(unsigned char, unsigned char, __FlashStringHelper const*)+0x10>
    2b54:	42 c0       	rjmp	.+132    	; 0x2bda <printlabel(unsigned char, unsigned char, __FlashStringHelper const*)+0x94>
setCursor():
/home/jgalera/develop/arduino/usdx/usdx_plus_orange/src/driver/display.cpp:430
#ifdef CONDENSED
void LCD::setCursor(uint8_t x, uint8_t y) {
  cmd(0x80 | (x + (uint8_t[]){0x00, 0x40, 0x00 + 20, 0x40 + 20}[y]));
}
#else
void LCD::setCursor(uint8_t x, uint8_t y) { cmd(0x80 | (x + y * 0x40)); }
    2b56:	80 e8       	ldi	r24, 0x80	; 128
    2b58:	0e 94 b5 08 	call	0x116a	; 0x116a <LCD::cmd(unsigned char) [clone .constprop.54]>
printmenuid():
/home/jgalera/develop/arduino/usdx/usdx_plus_orange/src/core/core.cpp:707
uint8_t eeprom_version;
int eeprom_addr;

void printmenuid(uint8_t menuid) {
  static const char seperator[] = {'.', ' '};
  uint8_t ids[] = {(uint8_t)(menuid >> 4), (uint8_t)(menuid & 0xF)};
    2b5c:	6c 2f       	mov	r22, r28
    2b5e:	62 95       	swap	r22
    2b60:	6f 70       	andi	r22, 0x0F	; 15
    2b62:	cf 70       	andi	r28, 0x0F	; 15
/home/jgalera/develop/arduino/usdx/usdx_plus_orange/src/core/core.cpp:710
  for (int i = 0; i < 2; i++) {
    uint8_t id = ids[i];
    if (id >= 10) {
    2b64:	6a 30       	cpi	r22, 0x0A	; 10
    2b66:	31 f4       	brne	.+12     	; 0x2b74 <printlabel(unsigned char, unsigned char, __FlashStringHelper const*)+0x2e>
/home/jgalera/develop/arduino/usdx/usdx_plus_orange/src/core/core.cpp:712
      id -= 10;
      lcd.print('1');
    2b68:	61 e3       	ldi	r22, 0x31	; 49
    2b6a:	80 ed       	ldi	r24, 0xD0	; 208
    2b6c:	96 e0       	ldi	r25, 0x06	; 6
    2b6e:	0e 94 6c 07 	call	0xed8	; 0xed8 <Print::print(char)>
/home/jgalera/develop/arduino/usdx/usdx_plus_orange/src/core/core.cpp:711
  static const char seperator[] = {'.', ' '};
  uint8_t ids[] = {(uint8_t)(menuid >> 4), (uint8_t)(menuid & 0xF)};
  for (int i = 0; i < 2; i++) {
    uint8_t id = ids[i];
    if (id >= 10) {
      id -= 10;
    2b72:	60 e0       	ldi	r22, 0x00	; 0
/home/jgalera/develop/arduino/usdx/usdx_plus_orange/src/core/core.cpp:714
      lcd.print('1');
    }
    lcd.print(char('0' + id));
    2b74:	60 5d       	subi	r22, 0xD0	; 208
    2b76:	80 ed       	ldi	r24, 0xD0	; 208
    2b78:	96 e0       	ldi	r25, 0x06	; 6
    2b7a:	0e 94 6c 07 	call	0xed8	; 0xed8 <Print::print(char)>
/home/jgalera/develop/arduino/usdx/usdx_plus_orange/src/core/core.cpp:715
    lcd.print(seperator[i]);
    2b7e:	6e e2       	ldi	r22, 0x2E	; 46
    2b80:	80 ed       	ldi	r24, 0xD0	; 208
    2b82:	96 e0       	ldi	r25, 0x06	; 6
    2b84:	0e 94 6c 07 	call	0xed8	; 0xed8 <Print::print(char)>
/home/jgalera/develop/arduino/usdx/usdx_plus_orange/src/core/core.cpp:710
void printmenuid(uint8_t menuid) {
  static const char seperator[] = {'.', ' '};
  uint8_t ids[] = {(uint8_t)(menuid >> 4), (uint8_t)(menuid & 0xF)};
  for (int i = 0; i < 2; i++) {
    uint8_t id = ids[i];
    if (id >= 10) {
    2b88:	ca 30       	cpi	r28, 0x0A	; 10
    2b8a:	30 f0       	brcs	.+12     	; 0x2b98 <printlabel(unsigned char, unsigned char, __FlashStringHelper const*)+0x52>
/home/jgalera/develop/arduino/usdx/usdx_plus_orange/src/core/core.cpp:711
      id -= 10;
    2b8c:	ca 50       	subi	r28, 0x0A	; 10
/home/jgalera/develop/arduino/usdx/usdx_plus_orange/src/core/core.cpp:712
      lcd.print('1');
    2b8e:	61 e3       	ldi	r22, 0x31	; 49
    2b90:	80 ed       	ldi	r24, 0xD0	; 208
    2b92:	96 e0       	ldi	r25, 0x06	; 6
    2b94:	0e 94 6c 07 	call	0xed8	; 0xed8 <Print::print(char)>
/home/jgalera/develop/arduino/usdx/usdx_plus_orange/src/core/core.cpp:714
    }
    lcd.print(char('0' + id));
    2b98:	60 e3       	ldi	r22, 0x30	; 48
    2b9a:	6c 0f       	add	r22, r28
    2b9c:	80 ed       	ldi	r24, 0xD0	; 208
    2b9e:	96 e0       	ldi	r25, 0x06	; 6
    2ba0:	0e 94 6c 07 	call	0xed8	; 0xed8 <Print::print(char)>
/home/jgalera/develop/arduino/usdx/usdx_plus_orange/src/core/core.cpp:715
    lcd.print(seperator[i]);
    2ba4:	60 e2       	ldi	r22, 0x20	; 32
    2ba6:	80 ed       	ldi	r24, 0xD0	; 208
    2ba8:	96 e0       	ldi	r25, 0x06	; 6
    2baa:	0e 94 6c 07 	call	0xed8	; 0xed8 <Print::print(char)>
_Z10printlabelhhPK19__FlashStringHelper():
/home/jgalera/develop/arduino/usdx/usdx_plus_orange/src/core/core.cpp:724
void printlabel(uint8_t action, uint8_t menuid,
                const __FlashStringHelper *label) {
  if (action == UPDATE_MENU) {
    lcd.setCursor(0, 0);
    printmenuid(menuid);
    lcd.print(label);
    2bae:	c8 01       	movw	r24, r16
    2bb0:	0e 94 5f 15 	call	0x2abe	; 0x2abe <Print::print(__FlashStringHelper const*) [clone .constprop.60]>
/home/jgalera/develop/arduino/usdx/usdx_plus_orange/src/core/core.cpp:725
    lcd_blanks();
    2bb4:	0e 94 7a 15 	call	0x2af4	; 0x2af4 <lcd_blanks()>
/home/jgalera/develop/arduino/usdx/usdx_plus_orange/src/core/core.cpp:726
    lcd_blanks();
    2bb8:	0e 94 7a 15 	call	0x2af4	; 0x2af4 <lcd_blanks()>
setCursor():
/home/jgalera/develop/arduino/usdx/usdx_plus_orange/src/driver/display.cpp:430
    2bbc:	80 ec       	ldi	r24, 0xC0	; 192
    2bbe:	0e 94 b5 08 	call	0x116a	; 0x116a <LCD::cmd(unsigned char) [clone .constprop.54]>
_Z10printlabelhhPK19__FlashStringHelper():
/home/jgalera/develop/arduino/usdx/usdx_plus_orange/src/core/core.cpp:728
    lcd.setCursor(0, 1);
    if (menumode >= 2)
    2bc2:	80 91 01 06 	lds	r24, 0x0601	; 0x800601 <menumode>
    2bc6:	82 30       	cpi	r24, 0x02	; 2
    2bc8:	a8 f0       	brcs	.+42     	; 0x2bf4 <printlabel(unsigned char, unsigned char, __FlashStringHelper const*)+0xae>
/home/jgalera/develop/arduino/usdx/usdx_plus_orange/src/core/core.cpp:729
      lcd.print('>');
    2bca:	6e e3       	ldi	r22, 0x3E	; 62
    2bcc:	80 ed       	ldi	r24, 0xD0	; 208
    2bce:	96 e0       	ldi	r25, 0x06	; 6
/home/jgalera/develop/arduino/usdx/usdx_plus_orange/src/core/core.cpp:735
  } else {
    lcd.setCursor(0, 1);
    lcd.print(label);
    lcd.print(F(": "));
  }
}
    2bd0:	cf 91       	pop	r28
    2bd2:	1f 91       	pop	r17
    2bd4:	0f 91       	pop	r16
/home/jgalera/develop/arduino/usdx/usdx_plus_orange/src/core/core.cpp:729
    lcd.print(label);
    lcd_blanks();
    lcd_blanks();
    lcd.setCursor(0, 1);
    if (menumode >= 2)
      lcd.print('>');
    2bd6:	0c 94 6c 07 	jmp	0xed8	; 0xed8 <Print::print(char)>
setCursor():
/home/jgalera/develop/arduino/usdx/usdx_plus_orange/src/driver/display.cpp:430
    2bda:	80 ec       	ldi	r24, 0xC0	; 192
    2bdc:	0e 94 b5 08 	call	0x116a	; 0x116a <LCD::cmd(unsigned char) [clone .constprop.54]>
_Z10printlabelhhPK19__FlashStringHelper():
/home/jgalera/develop/arduino/usdx/usdx_plus_orange/src/core/core.cpp:732
  } else {
    lcd.setCursor(0, 1);
    lcd.print(label);
    2be0:	c8 01       	movw	r24, r16
    2be2:	0e 94 5f 15 	call	0x2abe	; 0x2abe <Print::print(__FlashStringHelper const*) [clone .constprop.60]>
/home/jgalera/develop/arduino/usdx/usdx_plus_orange/src/core/core.cpp:733
    lcd.print(F(": "));
    2be6:	8f e6       	ldi	r24, 0x6F	; 111
    2be8:	90 e0       	ldi	r25, 0x00	; 0
/home/jgalera/develop/arduino/usdx/usdx_plus_orange/src/core/core.cpp:735
  }
}
    2bea:	cf 91       	pop	r28
    2bec:	1f 91       	pop	r17
    2bee:	0f 91       	pop	r16
/home/jgalera/develop/arduino/usdx/usdx_plus_orange/src/core/core.cpp:733
    if (menumode >= 2)
      lcd.print('>');
  } else {
    lcd.setCursor(0, 1);
    lcd.print(label);
    lcd.print(F(": "));
    2bf0:	0c 94 5f 15 	jmp	0x2abe	; 0x2abe <Print::print(__FlashStringHelper const*) [clone .constprop.60]>
/home/jgalera/develop/arduino/usdx/usdx_plus_orange/src/core/core.cpp:735
  }
}
    2bf4:	cf 91       	pop	r28
    2bf6:	1f 91       	pop	r17
    2bf8:	0f 91       	pop	r16
    2bfa:	08 95       	ret

00002bfc <show_banner()>:
_Z11show_bannerv():
/home/jgalera/develop/arduino/usdx/usdx_plus_orange/src/driver/display.cpp:430
    2bfc:	80 e8       	ldi	r24, 0x80	; 128
    2bfe:	0e 94 b5 08 	call	0x116a	; 0x116a <LCD::cmd(unsigned char) [clone .constprop.54]>
/home/jgalera/develop/arduino/usdx/usdx_plus_orange/src/core/core.cpp:657
  if (ssb_cap || dsp_cap) {
    lcd.print('-');
    lcd.print(cap_label[dsp_cap]);
  }
#else
  lcd.print(F(ARID));
    2c02:	88 e6       	ldi	r24, 0x68	; 104
    2c04:	90 e0       	ldi	r25, 0x00	; 0
    2c06:	0e 94 5f 15 	call	0x2abe	; 0x2abe <Print::print(__FlashStringHelper const*) [clone .constprop.60]>
/home/jgalera/develop/arduino/usdx/usdx_plus_orange/src/core/core.cpp:659
#endif
  lcd.print('\x01');
    2c0a:	61 e0       	ldi	r22, 0x01	; 1
    2c0c:	80 ed       	ldi	r24, 0xD0	; 208
    2c0e:	96 e0       	ldi	r25, 0x06	; 6
    2c10:	0e 94 6c 07 	call	0xed8	; 0xed8 <Print::print(char)>
/home/jgalera/develop/arduino/usdx/usdx_plus_orange/src/core/core.cpp:660
  lcd_blanks();
    2c14:	0e 94 7a 15 	call	0x2af4	; 0x2af4 <lcd_blanks()>
/home/jgalera/develop/arduino/usdx/usdx_plus_orange/src/core/core.cpp:661
  lcd_blanks();
    2c18:	0c 94 7a 15 	jmp	0x2af4	; 0x2af4 <lcd_blanks()>

00002c1c <stepsize_showcursor()>:
_Z19stepsize_showcursorv():
/home/jgalera/develop/arduino/usdx/usdx_plus_orange/src/core/core.cpp:588
  }
  change = true;
}

void stepsize_showcursor() {
  lcd.setCursor(stepsize + 1, 1);
    2c1c:	80 91 c6 01 	lds	r24, 0x01C6	; 0x8001c6 <stepsize>
setCursor():
/home/jgalera/develop/arduino/usdx/usdx_plus_orange/src/driver/display.cpp:430
    2c20:	8f 5b       	subi	r24, 0xBF	; 191
    2c22:	80 68       	ori	r24, 0x80	; 128
    2c24:	0e 94 b5 08 	call	0x116a	; 0x116a <LCD::cmd(unsigned char) [clone .constprop.54]>
cursor():
/home/jgalera/develop/arduino/usdx/usdx_plus_orange/src/driver/display.cpp:432
#endif
void LCD::cursor() { cmd(0x0e); }
    2c28:	8e e0       	ldi	r24, 0x0E	; 14
    2c2a:	0c 94 b5 08 	jmp	0x116a	; 0x116a <LCD::cmd(unsigned char) [clone .constprop.54]>

00002c2e <dec2()>:
_Z4dec2v():
/home/jgalera/develop/arduino/usdx/usdx_plus_orange/src/dsp/dsp.cpp:688
  filteredstatebefore = filteredstate;
}

#else // OLD_CW

void dec2() {
    2c2e:	8f 92       	push	r8
    2c30:	9f 92       	push	r9
    2c32:	af 92       	push	r10
    2c34:	bf 92       	push	r11
    2c36:	cf 92       	push	r12
    2c38:	df 92       	push	r13
    2c3a:	ef 92       	push	r14
    2c3c:	ff 92       	push	r15
/home/jgalera/develop/arduino/usdx/usdx_plus_orange/src/dsp/dsp.cpp:689
  if (filteredstate != filteredstatebefore) { // then we do want to have some
    2c3e:	f0 90 c6 05 	lds	r15, 0x05C6	; 0x8005c6 <filteredstate>
    2c42:	80 91 21 05 	lds	r24, 0x0521	; 0x800521 <filteredstatebefore>
    2c46:	f8 16       	cp	r15, r24
    2c48:	09 f4       	brne	.+2      	; 0x2c4c <dec2()+0x1e>
    2c4a:	7e c0       	rjmp	.+252    	; 0x2d48 <dec2()+0x11a>
/home/jgalera/develop/arduino/usdx/usdx_plus_orange/src/dsp/dsp.cpp:691
                                              // durations on high and low
    if (menumode == 0) {
    2c4c:	80 91 01 06 	lds	r24, 0x0601	; 0x800601 <menumode>
    2c50:	81 11       	cpse	r24, r1
    2c52:	0f c0       	rjmp	.+30     	; 0x2c72 <dec2()+0x44>
/home/jgalera/develop/arduino/usdx/usdx_plus_orange/src/dsp/dsp.cpp:692
      lcd.noCursor();
    2c54:	0e 94 c0 08 	call	0x1180	; 0x1180 <LCD::noCursor() [clone .constprop.50]>
setCursor():
/home/jgalera/develop/arduino/usdx/usdx_plus_orange/src/driver/display.cpp:430
#ifdef CONDENSED
void LCD::setCursor(uint8_t x, uint8_t y) {
  cmd(0x80 | (x + (uint8_t[]){0x00, 0x40, 0x00 + 20, 0x40 + 20}[y]));
}
#else
void LCD::setCursor(uint8_t x, uint8_t y) { cmd(0x80 | (x + y * 0x40)); }
    2c58:	8f ec       	ldi	r24, 0xCF	; 207
    2c5a:	0e 94 b5 08 	call	0x116a	; 0x116a <LCD::cmd(unsigned char) [clone .constprop.54]>
_Z4dec2v():
/home/jgalera/develop/arduino/usdx/usdx_plus_orange/src/dsp/dsp.cpp:694
      lcd.setCursor(15, 1);
      lcd.print((filteredstate) ? 'R' : ' ');
    2c5e:	62 e5       	ldi	r22, 0x52	; 82
    2c60:	f1 10       	cpse	r15, r1
    2c62:	01 c0       	rjmp	.+2      	; 0x2c66 <dec2()+0x38>
    2c64:	60 e2       	ldi	r22, 0x20	; 32
    2c66:	80 ed       	ldi	r24, 0xD0	; 208
    2c68:	96 e0       	ldi	r25, 0x06	; 6
    2c6a:	0e 94 6c 07 	call	0xed8	; 0xed8 <Print::print(char)>
/home/jgalera/develop/arduino/usdx/usdx_plus_orange/src/dsp/dsp.cpp:695
      stepsize_showcursor();
    2c6e:	0e 94 0e 16 	call	0x2c1c	; 0x2c1c <stepsize_showcursor()>
    2c72:	80 90 11 05 	lds	r8, 0x0511	; 0x800511 <hightimesavg>
    2c76:	90 90 12 05 	lds	r9, 0x0512	; 0x800512 <hightimesavg+0x1>
    2c7a:	a0 90 13 05 	lds	r10, 0x0513	; 0x800513 <hightimesavg+0x2>
    2c7e:	b0 90 14 05 	lds	r11, 0x0514	; 0x800514 <hightimesavg+0x3>
/home/jgalera/develop/arduino/usdx/usdx_plus_orange/src/dsp/dsp.cpp:698
    }

    if (filteredstate == HIGH) {
    2c82:	80 91 c6 05 	lds	r24, 0x05C6	; 0x8005c6 <filteredstate>
    2c86:	88 23       	and	r24, r24
    2c88:	09 f4       	brne	.+2      	; 0x2c8c <dec2()+0x5e>
    2c8a:	94 c0       	rjmp	.+296    	; 0x2db4 <dec2()+0x186>
/home/jgalera/develop/arduino/usdx/usdx_plus_orange/src/dsp/dsp.cpp:699
      starttimehigh = millis();
    2c8c:	0e 94 60 07 	call	0xec0	; 0xec0 <millis>
    2c90:	60 93 1d 05 	sts	0x051D, r22	; 0x80051d <starttimehigh>
    2c94:	70 93 1e 05 	sts	0x051E, r23	; 0x80051e <starttimehigh+0x1>
    2c98:	80 93 1f 05 	sts	0x051F, r24	; 0x80051f <starttimehigh+0x2>
    2c9c:	90 93 20 05 	sts	0x0520, r25	; 0x800520 <starttimehigh+0x3>
/home/jgalera/develop/arduino/usdx/usdx_plus_orange/src/dsp/dsp.cpp:700
      lowduration = (millis() - startttimelow);
    2ca0:	0e 94 60 07 	call	0xec0	; 0xec0 <millis>
    2ca4:	c0 90 19 05 	lds	r12, 0x0519	; 0x800519 <startttimelow>
    2ca8:	d0 90 1a 05 	lds	r13, 0x051A	; 0x80051a <startttimelow+0x1>
    2cac:	e0 90 1b 05 	lds	r14, 0x051B	; 0x80051b <startttimelow+0x2>
    2cb0:	f0 90 1c 05 	lds	r15, 0x051C	; 0x80051c <startttimelow+0x3>
    2cb4:	9b 01       	movw	r18, r22
    2cb6:	ac 01       	movw	r20, r24
    2cb8:	2c 19       	sub	r18, r12
    2cba:	3d 09       	sbc	r19, r13
    2cbc:	4e 09       	sbc	r20, r14
    2cbe:	5f 09       	sbc	r21, r15
    2cc0:	69 01       	movw	r12, r18
    2cc2:	7a 01       	movw	r14, r20
    2cc4:	c0 92 15 05 	sts	0x0515, r12	; 0x800515 <lowduration>
    2cc8:	d0 92 16 05 	sts	0x0516, r13	; 0x800516 <lowduration+0x1>
    2ccc:	e0 92 17 05 	sts	0x0517, r14	; 0x800517 <lowduration+0x2>
    2cd0:	f0 92 18 05 	sts	0x0518, r15	; 0x800518 <lowduration+0x3>
/home/jgalera/develop/arduino/usdx/usdx_plus_orange/src/dsp/dsp.cpp:703
      // highduration = 0;

      if ((sym > 1) &&
    2cd4:	80 91 12 06 	lds	r24, 0x0612	; 0x800612 <sym>
    2cd8:	82 30       	cpi	r24, 0x02	; 2
    2cda:	30 f1       	brcs	.+76     	; 0x2d28 <dec2()+0xfa>
/home/jgalera/develop/arduino/usdx/usdx_plus_orange/src/dsp/dsp.cpp:705
          lowduration >
              (hightimesavg *
    2cdc:	d5 01       	movw	r26, r10
    2cde:	c4 01       	movw	r24, r8
    2ce0:	88 0f       	add	r24, r24
    2ce2:	99 1f       	adc	r25, r25
    2ce4:	aa 1f       	adc	r26, r26
    2ce6:	bb 1f       	adc	r27, r27
/home/jgalera/develop/arduino/usdx/usdx_plus_orange/src/dsp/dsp.cpp:703
    if (filteredstate == HIGH) {
      starttimehigh = millis();
      lowduration = (millis() - startttimelow);
      // highduration = 0;

      if ((sym > 1) &&
    2ce8:	8c 15       	cp	r24, r12
    2cea:	9d 05       	cpc	r25, r13
    2cec:	ae 05       	cpc	r26, r14
    2cee:	bf 05       	cpc	r27, r15
    2cf0:	d8 f4       	brcc	.+54     	; 0x2d28 <dec2()+0xfa>
/home/jgalera/develop/arduino/usdx/usdx_plus_orange/src/dsp/dsp.cpp:708
          lowduration >
              (hightimesavg *
               2) /* && lowduration < hightimesavg*(5*lacktime)*/) { // letter
                                                                     // space
        printsym();
    2cf2:	0e 94 0e 06 	call	0xc1c	; 0xc1c <printsym(bool) [clone .constprop.22]>
/home/jgalera/develop/arduino/usdx/usdx_plus_orange/src/dsp/dsp.cpp:709
        wpm = (1200 / hightimesavg * 4 / 3);
    2cf6:	60 eb       	ldi	r22, 0xB0	; 176
    2cf8:	74 e0       	ldi	r23, 0x04	; 4
    2cfa:	80 e0       	ldi	r24, 0x00	; 0
    2cfc:	90 e0       	ldi	r25, 0x00	; 0
    2cfe:	a5 01       	movw	r20, r10
    2d00:	94 01       	movw	r18, r8
    2d02:	0e 94 95 39 	call	0x732a	; 0x732a <__udivmodsi4>
    2d06:	ca 01       	movw	r24, r20
    2d08:	b9 01       	movw	r22, r18
    2d0a:	a2 e0       	ldi	r26, 0x02	; 2
    2d0c:	66 0f       	add	r22, r22
    2d0e:	77 1f       	adc	r23, r23
    2d10:	88 1f       	adc	r24, r24
    2d12:	99 1f       	adc	r25, r25
    2d14:	aa 95       	dec	r26
    2d16:	d1 f7       	brne	.-12     	; 0x2d0c <dec2()+0xde>
    2d18:	23 e0       	ldi	r18, 0x03	; 3
    2d1a:	30 e0       	ldi	r19, 0x00	; 0
    2d1c:	40 e0       	ldi	r20, 0x00	; 0
    2d1e:	50 e0       	ldi	r21, 0x00	; 0
    2d20:	0e 94 95 39 	call	0x732a	; 0x732a <__udivmodsi4>
    2d24:	20 93 70 01 	sts	0x0170, r18	; 0x800170 <wpm>
/home/jgalera/develop/arduino/usdx/usdx_plus_orange/src/dsp/dsp.cpp:713
        // if(lowduration >= hightimesavg*(5)){ sym=1; printsym(); } // (print
        // additional space) word space
      }
      if (lowduration >= hightimesavg * (5)) {
    2d28:	a5 e0       	ldi	r26, 0x05	; 5
    2d2a:	b0 e0       	ldi	r27, 0x00	; 0
    2d2c:	a5 01       	movw	r20, r10
    2d2e:	94 01       	movw	r18, r8
    2d30:	0e 94 fa 39 	call	0x73f4	; 0x73f4 <__muluhisi3>
    2d34:	c6 16       	cp	r12, r22
    2d36:	d7 06       	cpc	r13, r23
    2d38:	e8 06       	cpc	r14, r24
    2d3a:	f9 06       	cpc	r15, r25
    2d3c:	28 f0       	brcs	.+10     	; 0x2d48 <dec2()+0x11a>
/home/jgalera/develop/arduino/usdx/usdx_plus_orange/src/dsp/dsp.cpp:714
        sym = 1;
    2d3e:	81 e0       	ldi	r24, 0x01	; 1
    2d40:	80 93 12 06 	sts	0x0612, r24	; 0x800612 <sym>
/home/jgalera/develop/arduino/usdx/usdx_plus_orange/src/dsp/dsp.cpp:715
        printsym();
    2d44:	0e 94 0e 06 	call	0xc1c	; 0xc1c <printsym(bool) [clone .constprop.22]>
/home/jgalera/develop/arduino/usdx/usdx_plus_orange/src/dsp/dsp.cpp:743
#endif
      }
    }
  }

  if (((millis() - startttimelow) > hightimesavg * (6)) && (sym > 1)) {
    2d48:	0e 94 60 07 	call	0xec0	; 0xec0 <millis>
    2d4c:	c0 90 19 05 	lds	r12, 0x0519	; 0x800519 <startttimelow>
    2d50:	d0 90 1a 05 	lds	r13, 0x051A	; 0x80051a <startttimelow+0x1>
    2d54:	e0 90 1b 05 	lds	r14, 0x051B	; 0x80051b <startttimelow+0x2>
    2d58:	f0 90 1c 05 	lds	r15, 0x051C	; 0x80051c <startttimelow+0x3>
    2d5c:	9b 01       	movw	r18, r22
    2d5e:	ac 01       	movw	r20, r24
    2d60:	2c 19       	sub	r18, r12
    2d62:	3d 09       	sbc	r19, r13
    2d64:	4e 09       	sbc	r20, r14
    2d66:	5f 09       	sbc	r21, r15
    2d68:	69 01       	movw	r12, r18
    2d6a:	7a 01       	movw	r14, r20
    2d6c:	20 91 11 05 	lds	r18, 0x0511	; 0x800511 <hightimesavg>
    2d70:	30 91 12 05 	lds	r19, 0x0512	; 0x800512 <hightimesavg+0x1>
    2d74:	40 91 13 05 	lds	r20, 0x0513	; 0x800513 <hightimesavg+0x2>
    2d78:	50 91 14 05 	lds	r21, 0x0514	; 0x800514 <hightimesavg+0x3>
    2d7c:	a6 e0       	ldi	r26, 0x06	; 6
    2d7e:	b0 e0       	ldi	r27, 0x00	; 0
    2d80:	0e 94 fa 39 	call	0x73f4	; 0x73f4 <__muluhisi3>
    2d84:	6c 15       	cp	r22, r12
    2d86:	7d 05       	cpc	r23, r13
    2d88:	8e 05       	cpc	r24, r14
    2d8a:	9f 05       	cpc	r25, r15
    2d8c:	30 f4       	brcc	.+12     	; 0x2d9a <dec2()+0x16c>
    2d8e:	80 91 12 06 	lds	r24, 0x0612	; 0x800612 <sym>
    2d92:	82 30       	cpi	r24, 0x02	; 2
    2d94:	10 f0       	brcs	.+4      	; 0x2d9a <dec2()+0x16c>
/home/jgalera/develop/arduino/usdx/usdx_plus_orange/src/dsp/dsp.cpp:744
    printsym(); // write if no more letters
    2d96:	0e 94 0e 06 	call	0xc1c	; 0xc1c <printsym(bool) [clone .constprop.22]>
/home/jgalera/develop/arduino/usdx/usdx_plus_orange/src/dsp/dsp.cpp:747
  }

  filteredstatebefore = filteredstate;
    2d9a:	80 91 c6 05 	lds	r24, 0x05C6	; 0x8005c6 <filteredstate>
    2d9e:	80 93 21 05 	sts	0x0521, r24	; 0x800521 <filteredstatebefore>
/home/jgalera/develop/arduino/usdx/usdx_plus_orange/src/dsp/dsp.cpp:748
}
    2da2:	ff 90       	pop	r15
    2da4:	ef 90       	pop	r14
    2da6:	df 90       	pop	r13
    2da8:	cf 90       	pop	r12
    2daa:	bf 90       	pop	r11
    2dac:	af 90       	pop	r10
    2dae:	9f 90       	pop	r9
    2db0:	8f 90       	pop	r8
    2db2:	08 95       	ret
/home/jgalera/develop/arduino/usdx/usdx_plus_orange/src/dsp/dsp.cpp:720
        printsym();
      } // (print additional space) word space
    }

    if (filteredstate == LOW) {
      startttimelow = millis();
    2db4:	0e 94 60 07 	call	0xec0	; 0xec0 <millis>
    2db8:	60 93 19 05 	sts	0x0519, r22	; 0x800519 <startttimelow>
    2dbc:	70 93 1a 05 	sts	0x051A, r23	; 0x80051a <startttimelow+0x1>
    2dc0:	80 93 1b 05 	sts	0x051B, r24	; 0x80051b <startttimelow+0x2>
    2dc4:	90 93 1c 05 	sts	0x051C, r25	; 0x80051c <startttimelow+0x3>
/home/jgalera/develop/arduino/usdx/usdx_plus_orange/src/dsp/dsp.cpp:721
      highduration = (millis() - starttimehigh);
    2dc8:	0e 94 60 07 	call	0xec0	; 0xec0 <millis>
    2dcc:	c0 90 1d 05 	lds	r12, 0x051D	; 0x80051d <starttimehigh>
    2dd0:	d0 90 1e 05 	lds	r13, 0x051E	; 0x80051e <starttimehigh+0x1>
    2dd4:	e0 90 1f 05 	lds	r14, 0x051F	; 0x80051f <starttimehigh+0x2>
    2dd8:	f0 90 20 05 	lds	r15, 0x0520	; 0x800520 <starttimehigh+0x3>
    2ddc:	9b 01       	movw	r18, r22
    2dde:	ac 01       	movw	r20, r24
    2de0:	2c 19       	sub	r18, r12
    2de2:	3d 09       	sbc	r19, r13
    2de4:	4e 09       	sbc	r20, r14
    2de6:	5f 09       	sbc	r21, r15
    2de8:	69 01       	movw	r12, r18
    2dea:	7a 01       	movw	r14, r20
/home/jgalera/develop/arduino/usdx/usdx_plus_orange/src/dsp/dsp.cpp:723
      // lowduration = 0;
      if (highduration < (2 * hightimesavg) || hightimesavg == 0) {
    2dec:	d5 01       	movw	r26, r10
    2dee:	c4 01       	movw	r24, r8
    2df0:	88 0f       	add	r24, r24
    2df2:	99 1f       	adc	r25, r25
    2df4:	aa 1f       	adc	r26, r26
    2df6:	bb 1f       	adc	r27, r27
    2df8:	c8 16       	cp	r12, r24
    2dfa:	d9 06       	cpc	r13, r25
    2dfc:	ea 06       	cpc	r14, r26
    2dfe:	fb 06       	cpc	r15, r27
    2e00:	20 f0       	brcs	.+8      	; 0x2e0a <dec2()+0x1dc>
    2e02:	89 28       	or	r8, r9
    2e04:	8a 28       	or	r8, r10
    2e06:	8b 28       	or	r8, r11
    2e08:	a1 f4       	brne	.+40     	; 0x2e32 <dec2()+0x204>
/home/jgalera/develop/arduino/usdx/usdx_plus_orange/src/dsp/dsp.cpp:724
        hightimesavg = (highduration + hightimesavg + hightimesavg) /
    2e0a:	bc 01       	movw	r22, r24
    2e0c:	cd 01       	movw	r24, r26
    2e0e:	6c 0d       	add	r22, r12
    2e10:	7d 1d       	adc	r23, r13
    2e12:	8e 1d       	adc	r24, r14
    2e14:	9f 1d       	adc	r25, r15
    2e16:	23 e0       	ldi	r18, 0x03	; 3
    2e18:	30 e0       	ldi	r19, 0x00	; 0
    2e1a:	40 e0       	ldi	r20, 0x00	; 0
    2e1c:	50 e0       	ldi	r21, 0x00	; 0
    2e1e:	0e 94 95 39 	call	0x732a	; 0x732a <__udivmodsi4>
    2e22:	20 93 11 05 	sts	0x0511, r18	; 0x800511 <hightimesavg>
    2e26:	30 93 12 05 	sts	0x0512, r19	; 0x800512 <hightimesavg+0x1>
    2e2a:	40 93 13 05 	sts	0x0513, r20	; 0x800513 <hightimesavg+0x2>
    2e2e:	50 93 14 05 	sts	0x0514, r21	; 0x800514 <hightimesavg+0x3>
/home/jgalera/develop/arduino/usdx/usdx_plus_orange/src/dsp/dsp.cpp:727
                       3; // now we know avg dit time (rolling 3 avg)
      }
      if (highduration > (5 * hightimesavg)) {
    2e32:	20 91 11 05 	lds	r18, 0x0511	; 0x800511 <hightimesavg>
    2e36:	30 91 12 05 	lds	r19, 0x0512	; 0x800512 <hightimesavg+0x1>
    2e3a:	40 91 13 05 	lds	r20, 0x0513	; 0x800513 <hightimesavg+0x2>
    2e3e:	50 91 14 05 	lds	r21, 0x0514	; 0x800514 <hightimesavg+0x3>
    2e42:	a5 e0       	ldi	r26, 0x05	; 5
    2e44:	b0 e0       	ldi	r27, 0x00	; 0
    2e46:	0e 94 fa 39 	call	0x73f4	; 0x73f4 <__muluhisi3>
    2e4a:	6c 15       	cp	r22, r12
    2e4c:	7d 05       	cpc	r23, r13
    2e4e:	8e 05       	cpc	r24, r14
    2e50:	9f 05       	cpc	r25, r15
    2e52:	80 f4       	brcc	.+32     	; 0x2e74 <dec2()+0x246>
/home/jgalera/develop/arduino/usdx/usdx_plus_orange/src/dsp/dsp.cpp:728
        hightimesavg = highduration / 3; // if speed decrease fast ..
    2e54:	c7 01       	movw	r24, r14
    2e56:	b6 01       	movw	r22, r12
    2e58:	23 e0       	ldi	r18, 0x03	; 3
    2e5a:	30 e0       	ldi	r19, 0x00	; 0
    2e5c:	40 e0       	ldi	r20, 0x00	; 0
    2e5e:	50 e0       	ldi	r21, 0x00	; 0
    2e60:	0e 94 95 39 	call	0x732a	; 0x732a <__udivmodsi4>
    2e64:	20 93 11 05 	sts	0x0511, r18	; 0x800511 <hightimesavg>
    2e68:	30 93 12 05 	sts	0x0512, r19	; 0x800512 <hightimesavg+0x1>
    2e6c:	40 93 13 05 	sts	0x0513, r20	; 0x800513 <hightimesavg+0x2>
    2e70:	50 93 14 05 	sts	0x0514, r21	; 0x800514 <hightimesavg+0x3>
/home/jgalera/develop/arduino/usdx/usdx_plus_orange/src/dsp/dsp.cpp:732
        // hightimesavg = highduration+hightimesavg;     // if speed decrease
        // fast ..
      }
      if (highduration > (hightimesavg / 2)) {
    2e74:	40 91 11 05 	lds	r20, 0x0511	; 0x800511 <hightimesavg>
    2e78:	50 91 12 05 	lds	r21, 0x0512	; 0x800512 <hightimesavg+0x1>
    2e7c:	60 91 13 05 	lds	r22, 0x0513	; 0x800513 <hightimesavg+0x2>
    2e80:	70 91 14 05 	lds	r23, 0x0514	; 0x800514 <hightimesavg+0x3>
    2e84:	db 01       	movw	r26, r22
    2e86:	ca 01       	movw	r24, r20
    2e88:	b6 95       	lsr	r27
    2e8a:	a7 95       	ror	r26
    2e8c:	97 95       	ror	r25
    2e8e:	87 95       	ror	r24
    2e90:	8c 15       	cp	r24, r12
    2e92:	9d 05       	cpc	r25, r13
    2e94:	ae 05       	cpc	r26, r14
    2e96:	bf 05       	cpc	r27, r15
    2e98:	08 f0       	brcs	.+2      	; 0x2e9c <dec2()+0x26e>
    2e9a:	56 cf       	rjmp	.-340    	; 0x2d48 <dec2()+0x11a>
/home/jgalera/develop/arduino/usdx/usdx_plus_orange/src/dsp/dsp.cpp:733
        sym = (sym << 1) |
    2e9c:	80 91 12 06 	lds	r24, 0x0612	; 0x800612 <sym>
    2ea0:	90 e0       	ldi	r25, 0x00	; 0
    2ea2:	88 0f       	add	r24, r24
    2ea4:	99 1f       	adc	r25, r25
/home/jgalera/develop/arduino/usdx/usdx_plus_orange/src/dsp/dsp.cpp:734
              (highduration > (hightimesavg * 2)); // dit (0) or dash (1)
    2ea6:	44 0f       	add	r20, r20
    2ea8:	55 1f       	adc	r21, r21
    2eaa:	66 1f       	adc	r22, r22
    2eac:	77 1f       	adc	r23, r23
    2eae:	21 e0       	ldi	r18, 0x01	; 1
    2eb0:	4c 15       	cp	r20, r12
    2eb2:	5d 05       	cpc	r21, r13
    2eb4:	6e 05       	cpc	r22, r14
    2eb6:	7f 05       	cpc	r23, r15
    2eb8:	08 f0       	brcs	.+2      	; 0x2ebc <dec2()+0x28e>
    2eba:	20 e0       	ldi	r18, 0x00	; 0
/home/jgalera/develop/arduino/usdx/usdx_plus_orange/src/dsp/dsp.cpp:733
        hightimesavg = highduration / 3; // if speed decrease fast ..
        // hightimesavg = highduration+hightimesavg;     // if speed decrease
        // fast ..
      }
      if (highduration > (hightimesavg / 2)) {
        sym = (sym << 1) |
    2ebc:	82 2b       	or	r24, r18
    2ebe:	80 93 12 06 	sts	0x0612, r24	; 0x800612 <sym>
    2ec2:	42 cf       	rjmp	.-380    	; 0x2d48 <dec2()+0x11a>

00002ec4 <stepsize_change(signed char)>:
_Z15stepsize_changea():
/home/jgalera/develop/arduino/usdx/usdx_plus_orange/src/core/core.cpp:593
  lcd.cursor();
}

void stepsize_change(int8_t val) {
  stepsize += val;
    2ec4:	90 91 c6 01 	lds	r25, 0x01C6	; 0x8001c6 <stepsize>
    2ec8:	98 0f       	add	r25, r24
    2eca:	90 93 c6 01 	sts	0x01C6, r25	; 0x8001c6 <stepsize>
/home/jgalera/develop/arduino/usdx/usdx_plus_orange/src/core/core.cpp:594
  if (stepsize < STEP_1M)
    2ece:	90 91 c6 01 	lds	r25, 0x01C6	; 0x8001c6 <stepsize>
    2ed2:	91 11       	cpse	r25, r1
    2ed4:	03 c0       	rjmp	.+6      	; 0x2edc <stepsize_change(signed char)+0x18>
/home/jgalera/develop/arduino/usdx/usdx_plus_orange/src/core/core.cpp:595
    stepsize = STEP_10;
    2ed6:	98 e0       	ldi	r25, 0x08	; 8
    2ed8:	90 93 c6 01 	sts	0x01C6, r25	; 0x8001c6 <stepsize>
/home/jgalera/develop/arduino/usdx/usdx_plus_orange/src/core/core.cpp:596
  if (stepsize > STEP_10)
    2edc:	90 91 c6 01 	lds	r25, 0x01C6	; 0x8001c6 <stepsize>
    2ee0:	99 30       	cpi	r25, 0x09	; 9
    2ee2:	18 f0       	brcs	.+6      	; 0x2eea <stepsize_change(signed char)+0x26>
/home/jgalera/develop/arduino/usdx/usdx_plus_orange/src/core/core.cpp:597
    stepsize = STEP_1M;
    2ee4:	91 e0       	ldi	r25, 0x01	; 1
    2ee6:	90 93 c6 01 	sts	0x01C6, r25	; 0x8001c6 <stepsize>
/home/jgalera/develop/arduino/usdx/usdx_plus_orange/src/core/core.cpp:598
  if (stepsize == STEP_10k || stepsize == STEP_500k)
    2eea:	90 91 c6 01 	lds	r25, 0x01C6	; 0x8001c6 <stepsize>
    2eee:	94 30       	cpi	r25, 0x04	; 4
    2ef0:	21 f0       	breq	.+8      	; 0x2efa <stepsize_change(signed char)+0x36>
    2ef2:	90 91 c6 01 	lds	r25, 0x01C6	; 0x8001c6 <stepsize>
    2ef6:	92 30       	cpi	r25, 0x02	; 2
    2ef8:	29 f4       	brne	.+10     	; 0x2f04 <stepsize_change(signed char)+0x40>
/home/jgalera/develop/arduino/usdx/usdx_plus_orange/src/core/core.cpp:599
    stepsize += val;
    2efa:	90 91 c6 01 	lds	r25, 0x01C6	; 0x8001c6 <stepsize>
    2efe:	89 0f       	add	r24, r25
    2f00:	80 93 c6 01 	sts	0x01C6, r24	; 0x8001c6 <stepsize>
/home/jgalera/develop/arduino/usdx/usdx_plus_orange/src/core/core.cpp:600
  stepsize_showcursor();
    2f04:	0c 94 0e 16 	jmp	0x2c1c	; 0x2c1c <stepsize_showcursor()>

00002f08 <switch_rxtx(unsigned char)>:
_Z11switch_rxtxh():
/home/jgalera/develop/arduino/usdx/usdx_plus_orange/src/core/core.cpp:307
volatile int16_t _centiGain = 0;
uint8_t txdelay = 0;
uint8_t semi_qsk = false;
uint32_t semi_qsk_timeout = 0;

void switch_rxtx(uint8_t tx_enable) {
    2f08:	cf 93       	push	r28
    2f0a:	df 93       	push	r29
    2f0c:	c8 2f       	mov	r28, r24
/home/jgalera/develop/arduino/usdx/usdx_plus_orange/src/core/core.cpp:308
  TIMSK2 &= ~(1 << OCIE2A);
    2f0e:	80 91 70 00 	lds	r24, 0x0070	; 0x800070 <__DATA_REGION_ORIGIN__+0x10>
    2f12:	8d 7f       	andi	r24, 0xFD	; 253
    2f14:	80 93 70 00 	sts	0x0070, r24	; 0x800070 <__DATA_REGION_ORIGIN__+0x10>
/home/jgalera/develop/arduino/usdx/usdx_plus_orange/src/core/core.cpp:309
  delayMicroseconds(20);
    2f18:	84 e1       	ldi	r24, 0x14	; 20
    2f1a:	90 e0       	ldi	r25, 0x00	; 0
    2f1c:	0e 94 00 07 	call	0xe00	; 0xe00 <delayMicroseconds>
/home/jgalera/develop/arduino/usdx/usdx_plus_orange/src/core/core.cpp:310
  noInterrupts();
    2f20:	f8 94       	cli
/home/jgalera/develop/arduino/usdx/usdx_plus_orange/src/core/core.cpp:330
      interrupts();
      delay(F_MCU / 16000000 * txdelay);
      noInterrupts();
    }
#endif
  tx = tx_enable;
    2f22:	c0 93 06 06 	sts	0x0606, r28	; 0x800606 <tx>
/home/jgalera/develop/arduino/usdx/usdx_plus_orange/src/core/core.cpp:331
  if (tx_enable) {
    2f26:	cc 23       	and	r28, r28
    2f28:	09 f4       	brne	.+2      	; 0x2f2c <switch_rxtx(unsigned char)+0x24>
    2f2a:	6a c0       	rjmp	.+212    	; 0x3000 <switch_rxtx(unsigned char)+0xf8>
/home/jgalera/develop/arduino/usdx/usdx_plus_orange/src/core/core.cpp:332
    _centiGain = centiGain;
    2f2c:	80 91 00 01 	lds	r24, 0x0100	; 0x800100 <__data_start>
    2f30:	90 91 01 01 	lds	r25, 0x0101	; 0x800101 <__data_start+0x1>
    2f34:	90 93 e0 03 	sts	0x03E0, r25	; 0x8003e0 <_centiGain+0x1>
    2f38:	80 93 df 03 	sts	0x03DF, r24	; 0x8003df <_centiGain>
/home/jgalera/develop/arduino/usdx/usdx_plus_orange/src/core/core.cpp:334
#ifdef SEMI_QSK
    semi_qsk_timeout = 0;
    2f3c:	10 92 02 06 	sts	0x0602, r1	; 0x800602 <semi_qsk_timeout>
    2f40:	10 92 03 06 	sts	0x0603, r1	; 0x800603 <semi_qsk_timeout+0x1>
    2f44:	10 92 04 06 	sts	0x0604, r1	; 0x800604 <semi_qsk_timeout+0x2>
    2f48:	10 92 05 06 	sts	0x0605, r1	; 0x800605 <semi_qsk_timeout+0x3>
/home/jgalera/develop/arduino/usdx/usdx_plus_orange/src/core/core.cpp:336
#endif
    switch (mode) {
    2f4c:	80 91 cc 01 	lds	r24, 0x01CC	; 0x8001cc <mode>
    2f50:	82 30       	cpi	r24, 0x02	; 2
    2f52:	09 f4       	brne	.+2      	; 0x2f56 <switch_rxtx(unsigned char)+0x4e>
    2f54:	4c c0       	rjmp	.+152    	; 0x2fee <switch_rxtx(unsigned char)+0xe6>
    2f56:	08 f4       	brcc	.+2      	; 0x2f5a <switch_rxtx(unsigned char)+0x52>
    2f58:	43 c0       	rjmp	.+134    	; 0x2fe0 <switch_rxtx(unsigned char)+0xd8>
    2f5a:	83 30       	cpi	r24, 0x03	; 3
    2f5c:	09 f4       	brne	.+2      	; 0x2f60 <switch_rxtx(unsigned char)+0x58>
    2f5e:	4d c0       	rjmp	.+154    	; 0x2ffa <switch_rxtx(unsigned char)+0xf2>
    2f60:	84 30       	cpi	r24, 0x04	; 4
    2f62:	09 f4       	brne	.+2      	; 0x2f66 <switch_rxtx(unsigned char)+0x5e>
    2f64:	47 c0       	rjmp	.+142    	; 0x2ff4 <switch_rxtx(unsigned char)+0xec>
/home/jgalera/develop/arduino/usdx/usdx_plus_orange/src/core/core.cpp:375
    }
  }
  if ((!dsp_cap) && (!tx_enable) && vox)
    func_ptr = dummy;

  interrupts();
    2f66:	78 94       	sei
/home/jgalera/develop/arduino/usdx/usdx_plus_orange/src/core/core.cpp:376
  if (tx_enable)
    2f68:	cc 23       	and	r28, r28
    2f6a:	09 f4       	brne	.+2      	; 0x2f6e <switch_rxtx(unsigned char)+0x66>
    2f6c:	93 c0       	rjmp	.+294    	; 0x3094 <switch_rxtx(unsigned char)+0x18c>
/home/jgalera/develop/arduino/usdx/usdx_plus_orange/src/core/core.cpp:377
    ADMUX = admux[2];
    2f6e:	80 91 e7 05 	lds	r24, 0x05E7	; 0x8005e7 <admux+0x2>
    2f72:	80 93 7c 00 	sts	0x007C, r24	; 0x80007c <__DATA_REGION_ORIGIN__+0x1c>
/home/jgalera/develop/arduino/usdx/usdx_plus_orange/src/core/core.cpp:380
  else
    _init = 1;
  rx_state = 0;
    2f76:	10 92 bc 05 	sts	0x05BC, r1	; 0x8005bc <rx_state>
/home/jgalera/develop/arduino/usdx/usdx_plus_orange/src/core/core.cpp:382
#ifdef CW_DECODER
  if ((cwdec) && (mode == CW)) {
    2f7a:	80 91 cb 01 	lds	r24, 0x01CB	; 0x8001cb <cwdec>
    2f7e:	88 23       	and	r24, r24
    2f80:	61 f0       	breq	.+24     	; 0x2f9a <switch_rxtx(unsigned char)+0x92>
    2f82:	80 91 cc 01 	lds	r24, 0x01CC	; 0x8001cc <mode>
    2f86:	82 30       	cpi	r24, 0x02	; 2
    2f88:	41 f4       	brne	.+16     	; 0x2f9a <switch_rxtx(unsigned char)+0x92>
/home/jgalera/develop/arduino/usdx/usdx_plus_orange/src/core/core.cpp:383
    filteredstate = tx_enable;
    2f8a:	81 e0       	ldi	r24, 0x01	; 1
    2f8c:	c1 11       	cpse	r28, r1
    2f8e:	01 c0       	rjmp	.+2      	; 0x2f92 <switch_rxtx(unsigned char)+0x8a>
    2f90:	80 e0       	ldi	r24, 0x00	; 0
    2f92:	80 93 c6 05 	sts	0x05C6, r24	; 0x8005c6 <filteredstate>
/home/jgalera/develop/arduino/usdx/usdx_plus_orange/src/core/core.cpp:384
    dec2();
    2f96:	0e 94 17 16 	call	0x2c2e	; 0x2c2e <dec2()>
/home/jgalera/develop/arduino/usdx/usdx_plus_orange/src/core/core.cpp:388
  }
#endif

  if (tx_enable) {
    2f9a:	cc 23       	and	r28, r28
    2f9c:	09 f4       	brne	.+2      	; 0x2fa0 <switch_rxtx(unsigned char)+0x98>
    2f9e:	c5 c0       	rjmp	.+394    	; 0x312a <switch_rxtx(unsigned char)+0x222>
/home/jgalera/develop/arduino/usdx/usdx_plus_orange/src/core/core.cpp:389
    if (practice) {
    2fa0:	80 91 e2 03 	lds	r24, 0x03E2	; 0x8003e2 <practice>
/home/jgalera/develop/arduino/usdx/usdx_plus_orange/src/core/core.cpp:390
      digitalWrite(RX, LOW);
    2fa4:	60 e0       	ldi	r22, 0x00	; 0
/home/jgalera/develop/arduino/usdx/usdx_plus_orange/src/core/core.cpp:389
    dec2();
  }
#endif

  if (tx_enable) {
    if (practice) {
    2fa6:	88 23       	and	r24, r24
    2fa8:	09 f4       	brne	.+2      	; 0x2fac <switch_rxtx(unsigned char)+0xa4>
    2faa:	78 c0       	rjmp	.+240    	; 0x309c <switch_rxtx(unsigned char)+0x194>
/home/jgalera/develop/arduino/usdx/usdx_plus_orange/src/core/core.cpp:390
      digitalWrite(RX, LOW);
    2fac:	88 e0       	ldi	r24, 0x08	; 8
    2fae:	0e 94 7e 06 	call	0xcfc	; 0xcfc <digitalWrite>
setCursor():
/home/jgalera/develop/arduino/usdx/usdx_plus_orange/src/driver/display.cpp:430
    2fb2:	8f ec       	ldi	r24, 0xCF	; 207
    2fb4:	0e 94 b5 08 	call	0x116a	; 0x116a <LCD::cmd(unsigned char) [clone .constprop.54]>
_Z11switch_rxtxh():
/home/jgalera/develop/arduino/usdx/usdx_plus_orange/src/core/core.cpp:392
      lcd.setCursor(15, 1);
      lcd.print('P');
    2fb8:	60 e5       	ldi	r22, 0x50	; 80
    2fba:	80 ed       	ldi	r24, 0xD0	; 208
    2fbc:	96 e0       	ldi	r25, 0x06	; 6
    2fbe:	0e 94 6c 07 	call	0xed8	; 0xed8 <Print::print(char)>
/home/jgalera/develop/arduino/usdx/usdx_plus_orange/src/core/core.cpp:393
      si5351.SendRegister(SI_CLK_OE, TX0RX0);
    2fc2:	6f ef       	ldi	r22, 0xFF	; 255
    2fc4:	83 e0       	ldi	r24, 0x03	; 3
    2fc6:	0e 94 24 03 	call	0x648	; 0x648 <SI5351::SendRegister(unsigned char, unsigned char) [clone .constprop.30]>
/home/jgalera/develop/arduino/usdx/usdx_plus_orange/src/core/core.cpp:481
      if (cat_active) {
        DDRC |= (1 << 2);
      }
#endif
  }
  OCR2A = ((F_CPU / 64) / ((tx_enable) ? F_SAMP_TX : F_SAMP_RX)) - 1;
    2fca:	83 e3       	ldi	r24, 0x33	; 51
    2fcc:	80 93 b3 00 	sts	0x00B3, r24	; 0x8000b3 <__DATA_REGION_ORIGIN__+0x53>
/home/jgalera/develop/arduino/usdx/usdx_plus_orange/src/core/core.cpp:482
  TIMSK2 |= (1 << OCIE2A);
    2fd0:	80 91 70 00 	lds	r24, 0x0070	; 0x800070 <__DATA_REGION_ORIGIN__+0x10>
    2fd4:	82 60       	ori	r24, 0x02	; 2
    2fd6:	80 93 70 00 	sts	0x0070, r24	; 0x800070 <__DATA_REGION_ORIGIN__+0x10>
/home/jgalera/develop/arduino/usdx/usdx_plus_orange/src/core/core.cpp:483
}
    2fda:	df 91       	pop	r29
    2fdc:	cf 91       	pop	r28
    2fde:	08 95       	ret
/home/jgalera/develop/arduino/usdx/usdx_plus_orange/src/core/core.cpp:339
    semi_qsk_timeout = 0;
#endif
    switch (mode) {
    case USB:
    case LSB:
      func_ptr = dsp_tx;
    2fe0:	8d ed       	ldi	r24, 0xDD	; 221
    2fe2:	94 e1       	ldi	r25, 0x14	; 20
/home/jgalera/develop/arduino/usdx/usdx_plus_orange/src/core/core.cpp:363
#endif
#endif
      if (semi_qsk)
        func_ptr = dummy;
      else
        func_ptr = sdr_rx_00;
    2fe4:	90 93 bb 05 	sts	0x05BB, r25	; 0x8005bb <func_ptr+0x1>
    2fe8:	80 93 ba 05 	sts	0x05BA, r24	; 0x8005ba <func_ptr>
    2fec:	bc cf       	rjmp	.-136    	; 0x2f66 <switch_rxtx(unsigned char)+0x5e>
/home/jgalera/develop/arduino/usdx/usdx_plus_orange/src/core/core.cpp:342
    case USB:
    case LSB:
      func_ptr = dsp_tx;
      break;
    case CW:
      func_ptr = dsp_tx_cw;
    2fee:	8d e7       	ldi	r24, 0x7D	; 125
    2ff0:	92 e1       	ldi	r25, 0x12	; 18
    2ff2:	f8 cf       	rjmp	.-16     	; 0x2fe4 <switch_rxtx(unsigned char)+0xdc>
/home/jgalera/develop/arduino/usdx/usdx_plus_orange/src/core/core.cpp:345
      break;
    case AM:
      func_ptr = dsp_tx_am;
    2ff4:	8c e3       	ldi	r24, 0x3C	; 60
    2ff6:	92 e1       	ldi	r25, 0x12	; 18
    2ff8:	f5 cf       	rjmp	.-22     	; 0x2fe4 <switch_rxtx(unsigned char)+0xdc>
/home/jgalera/develop/arduino/usdx/usdx_plus_orange/src/core/core.cpp:348
      break;
    case FM:
      func_ptr = dsp_tx_fm;
    2ffa:	83 e2       	ldi	r24, 0x23	; 35
    2ffc:	92 e1       	ldi	r25, 0x12	; 18
    2ffe:	f2 cf       	rjmp	.-28     	; 0x2fe4 <switch_rxtx(unsigned char)+0xdc>
/home/jgalera/develop/arduino/usdx/usdx_plus_orange/src/core/core.cpp:352
      break;
    }
  } else {
    if ((mode == CW) && (!(semi_qsk_timeout))) {
    3000:	80 91 cc 01 	lds	r24, 0x01CC	; 0x8001cc <mode>
    3004:	82 30       	cpi	r24, 0x02	; 2
    3006:	91 f5       	brne	.+100    	; 0x306c <switch_rxtx(unsigned char)+0x164>
    3008:	80 91 02 06 	lds	r24, 0x0602	; 0x800602 <semi_qsk_timeout>
    300c:	90 91 03 06 	lds	r25, 0x0603	; 0x800603 <semi_qsk_timeout+0x1>
    3010:	a0 91 04 06 	lds	r26, 0x0604	; 0x800604 <semi_qsk_timeout+0x2>
    3014:	b0 91 05 06 	lds	r27, 0x0605	; 0x800605 <semi_qsk_timeout+0x3>
    3018:	89 2b       	or	r24, r25
    301a:	8a 2b       	or	r24, r26
    301c:	8b 2b       	or	r24, r27
    301e:	31 f5       	brne	.+76     	; 0x306c <switch_rxtx(unsigned char)+0x164>
/home/jgalera/develop/arduino/usdx/usdx_plus_orange/src/core/core.cpp:355
#ifdef SEMI_QSK
#ifdef KEYER
      semi_qsk_timeout = millis() + ditTime * 8;
    3020:	0e 94 60 07 	call	0xec0	; 0xec0 <millis>
    3024:	ab 01       	movw	r20, r22
    3026:	bc 01       	movw	r22, r24
    3028:	80 91 f7 05 	lds	r24, 0x05F7	; 0x8005f7 <ditTime>
    302c:	90 91 f8 05 	lds	r25, 0x05F8	; 0x8005f8 <ditTime+0x1>
    3030:	a0 91 f9 05 	lds	r26, 0x05F9	; 0x8005f9 <ditTime+0x2>
    3034:	b0 91 fa 05 	lds	r27, 0x05FA	; 0x8005fa <ditTime+0x3>
    3038:	23 e0       	ldi	r18, 0x03	; 3
    303a:	88 0f       	add	r24, r24
    303c:	99 1f       	adc	r25, r25
    303e:	aa 1f       	adc	r26, r26
    3040:	bb 1f       	adc	r27, r27
    3042:	2a 95       	dec	r18
    3044:	d1 f7       	brne	.-12     	; 0x303a <switch_rxtx(unsigned char)+0x132>
    3046:	84 0f       	add	r24, r20
    3048:	95 1f       	adc	r25, r21
    304a:	a6 1f       	adc	r26, r22
    304c:	b7 1f       	adc	r27, r23
    304e:	80 93 02 06 	sts	0x0602, r24	; 0x800602 <semi_qsk_timeout>
    3052:	90 93 03 06 	sts	0x0603, r25	; 0x800603 <semi_qsk_timeout+0x1>
    3056:	a0 93 04 06 	sts	0x0604, r26	; 0x800604 <semi_qsk_timeout+0x2>
    305a:	b0 93 05 06 	sts	0x0605, r27	; 0x800605 <semi_qsk_timeout+0x3>
/home/jgalera/develop/arduino/usdx/usdx_plus_orange/src/core/core.cpp:360
#else
      semi_qsk_timeout = millis() + 8 * 8;
#endif
#endif
      if (semi_qsk)
    305e:	80 91 e3 03 	lds	r24, 0x03E3	; 0x8003e3 <semi_qsk>
    3062:	81 11       	cpse	r24, r1
    3064:	14 c0       	rjmp	.+40     	; 0x308e <switch_rxtx(unsigned char)+0x186>
/home/jgalera/develop/arduino/usdx/usdx_plus_orange/src/core/core.cpp:363
        func_ptr = dummy;
      else
        func_ptr = sdr_rx_00;
    3066:	84 e7       	ldi	r24, 0x74	; 116
    3068:	9b e0       	ldi	r25, 0x0B	; 11
    306a:	bc cf       	rjmp	.-136    	; 0x2fe4 <switch_rxtx(unsigned char)+0xdc>
/home/jgalera/develop/arduino/usdx/usdx_plus_orange/src/core/core.cpp:365
    } else {
      centiGain = _centiGain;
    306c:	80 91 df 03 	lds	r24, 0x03DF	; 0x8003df <_centiGain>
    3070:	90 91 e0 03 	lds	r25, 0x03E0	; 0x8003e0 <_centiGain+0x1>
    3074:	90 93 01 01 	sts	0x0101, r25	; 0x800101 <__data_start+0x1>
    3078:	80 93 00 01 	sts	0x0100, r24	; 0x800100 <__data_start>
/home/jgalera/develop/arduino/usdx/usdx_plus_orange/src/core/core.cpp:367
#ifdef SEMI_QSK
      semi_qsk_timeout = 0;
    307c:	10 92 02 06 	sts	0x0602, r1	; 0x800602 <semi_qsk_timeout>
    3080:	10 92 03 06 	sts	0x0603, r1	; 0x800603 <semi_qsk_timeout+0x1>
    3084:	10 92 04 06 	sts	0x0604, r1	; 0x800604 <semi_qsk_timeout+0x2>
    3088:	10 92 05 06 	sts	0x0605, r1	; 0x800605 <semi_qsk_timeout+0x3>
    308c:	ec cf       	rjmp	.-40     	; 0x3066 <switch_rxtx(unsigned char)+0x15e>
/home/jgalera/develop/arduino/usdx/usdx_plus_orange/src/core/core.cpp:361
#else
      semi_qsk_timeout = millis() + 8 * 8;
#endif
#endif
      if (semi_qsk)
        func_ptr = dummy;
    308e:	8f ef       	ldi	r24, 0xFF	; 255
    3090:	92 e1       	ldi	r25, 0x12	; 18
    3092:	a8 cf       	rjmp	.-176    	; 0x2fe4 <switch_rxtx(unsigned char)+0xdc>
/home/jgalera/develop/arduino/usdx/usdx_plus_orange/src/core/core.cpp:379

  interrupts();
  if (tx_enable)
    ADMUX = admux[2];
  else
    _init = 1;
    3094:	81 e0       	ldi	r24, 0x01	; 1
    3096:	80 93 ea 05 	sts	0x05EA, r24	; 0x8005ea <_init>
    309a:	6d cf       	rjmp	.-294    	; 0x2f76 <switch_rxtx(unsigned char)+0x6e>
/home/jgalera/develop/arduino/usdx/usdx_plus_orange/src/core/core.cpp:395
      digitalWrite(RX, LOW);
      lcd.setCursor(15, 1);
      lcd.print('P');
      si5351.SendRegister(SI_CLK_OE, TX0RX0);
    } else {
      digitalWrite(RX, LOW);
    309c:	88 e0       	ldi	r24, 0x08	; 8
    309e:	0e 94 7e 06 	call	0xcfc	; 0xcfc <digitalWrite>
setCursor():
/home/jgalera/develop/arduino/usdx/usdx_plus_orange/src/driver/display.cpp:430
    30a2:	8f ec       	ldi	r24, 0xCF	; 207
    30a4:	0e 94 b5 08 	call	0x116a	; 0x116a <LCD::cmd(unsigned char) [clone .constprop.54]>
_Z11switch_rxtxh():
/home/jgalera/develop/arduino/usdx/usdx_plus_orange/src/core/core.cpp:403
#endif
#ifdef PTX
      digitalWrite(PTX, HIGH);
#endif
      lcd.setCursor(15, 1);
      lcd.print('T');
    30a8:	64 e5       	ldi	r22, 0x54	; 84
    30aa:	80 ed       	ldi	r24, 0xD0	; 208
    30ac:	96 e0       	ldi	r25, 0x06	; 6
    30ae:	0e 94 6c 07 	call	0xed8	; 0xed8 <Print::print(char)>
/home/jgalera/develop/arduino/usdx/usdx_plus_orange/src/core/core.cpp:404
      if (mode == CW) {
    30b2:	80 91 cc 01 	lds	r24, 0x01CC	; 0x8001cc <mode>
    30b6:	82 30       	cpi	r24, 0x02	; 2
    30b8:	79 f5       	brne	.+94     	; 0x3118 <switch_rxtx(unsigned char)+0x210>
/home/jgalera/develop/arduino/usdx/usdx_plus_orange/src/core/core.cpp:405
        si5351.freq_calc_fast(-cw_offset);
    30ba:	80 91 e1 05 	lds	r24, 0x05E1	; 0x8005e1 <cw_offset>
    30be:	90 91 e2 05 	lds	r25, 0x05E2	; 0x8005e2 <cw_offset+0x1>
    30c2:	a0 91 e3 05 	lds	r26, 0x05E3	; 0x8005e3 <cw_offset+0x2>
    30c6:	b0 91 e4 05 	lds	r27, 0x05E4	; 0x8005e4 <cw_offset+0x3>
    30ca:	91 95       	neg	r25
    30cc:	81 95       	neg	r24
    30ce:	91 09       	sbc	r25, r1
/home/jgalera/develop/arduino/usdx/usdx_plus_orange/src/core/core.cpp:410
        si5351.SendPLLRegisterBulk();
      }
#ifdef RIT_ENABLE
      else if (rit) {
        si5351.freq_calc_fast(0);
    30d0:	0e 94 8b 02 	call	0x516	; 0x516 <SI5351::freq_calc_fast(int) [clone .constprop.32]>
/home/jgalera/develop/arduino/usdx/usdx_plus_orange/src/core/core.cpp:411
        si5351.SendPLLRegisterBulk();
    30d4:	0e 94 6f 02 	call	0x4de	; 0x4de <SI5351::SendPLLRegisterBulk() [clone .constprop.33]>
/home/jgalera/develop/arduino/usdx/usdx_plus_orange/src/core/core.cpp:414
      }
#endif
      si5351.SendRegister(SI_CLK_OE, TX1RX0);
    30d8:	6b ef       	ldi	r22, 0xFB	; 251
    30da:	83 e0       	ldi	r24, 0x03	; 3
    30dc:	0e 94 24 03 	call	0x648	; 0x648 <SI5351::SendRegister(unsigned char, unsigned char) [clone .constprop.30]>
/home/jgalera/develop/arduino/usdx/usdx_plus_orange/src/core/core.cpp:415
      OCR1AL = 0x80;
    30e0:	80 e8       	ldi	r24, 0x80	; 128
    30e2:	80 93 88 00 	sts	0x0088, r24	; 0x800088 <__DATA_REGION_ORIGIN__+0x28>
/home/jgalera/develop/arduino/usdx/usdx_plus_orange/src/core/core.cpp:416
      if ((!mox) && (mode != CW))
    30e6:	80 91 de 03 	lds	r24, 0x03DE	; 0x8003de <mox>
    30ea:	81 11       	cpse	r24, r1
    30ec:	09 c0       	rjmp	.+18     	; 0x3100 <switch_rxtx(unsigned char)+0x1f8>
    30ee:	80 91 cc 01 	lds	r24, 0x01CC	; 0x8001cc <mode>
    30f2:	82 30       	cpi	r24, 0x02	; 2
    30f4:	29 f0       	breq	.+10     	; 0x3100 <switch_rxtx(unsigned char)+0x1f8>
/home/jgalera/develop/arduino/usdx/usdx_plus_orange/src/core/core.cpp:417
        TCCR1A &= ~(1 << COM1A1);
    30f6:	80 91 80 00 	lds	r24, 0x0080	; 0x800080 <__DATA_REGION_ORIGIN__+0x20>
    30fa:	8f 77       	andi	r24, 0x7F	; 127
    30fc:	80 93 80 00 	sts	0x0080, r24	; 0x800080 <__DATA_REGION_ORIGIN__+0x20>
/home/jgalera/develop/arduino/usdx/usdx_plus_orange/src/core/core.cpp:418
      TCCR1A |= (1 << COM1B1);
    3100:	80 91 80 00 	lds	r24, 0x0080	; 0x800080 <__DATA_REGION_ORIGIN__+0x20>
    3104:	80 62       	ori	r24, 0x20	; 32
    3106:	80 93 80 00 	sts	0x0080, r24	; 0x800080 <__DATA_REGION_ORIGIN__+0x20>
/home/jgalera/develop/arduino/usdx/usdx_plus_orange/src/core/core.cpp:420
#ifdef _SERIAL
      if (cat_active) {
    310a:	80 91 18 06 	lds	r24, 0x0618	; 0x800618 <cat_active>
    310e:	88 23       	and	r24, r24
    3110:	09 f4       	brne	.+2      	; 0x3114 <switch_rxtx(unsigned char)+0x20c>
    3112:	5b cf       	rjmp	.-330    	; 0x2fca <switch_rxtx(unsigned char)+0xc2>
/home/jgalera/develop/arduino/usdx/usdx_plus_orange/src/core/core.cpp:421
        DDRC &= ~(1 << 2);
    3114:	3a 98       	cbi	0x07, 2	; 7
    3116:	59 cf       	rjmp	.-334    	; 0x2fca <switch_rxtx(unsigned char)+0xc2>
/home/jgalera/develop/arduino/usdx/usdx_plus_orange/src/core/core.cpp:409
      if (mode == CW) {
        si5351.freq_calc_fast(-cw_offset);
        si5351.SendPLLRegisterBulk();
      }
#ifdef RIT_ENABLE
      else if (rit) {
    3118:	80 91 ed 05 	lds	r24, 0x05ED	; 0x8005ed <rit>
    311c:	90 91 ee 05 	lds	r25, 0x05EE	; 0x8005ee <rit+0x1>
    3120:	89 2b       	or	r24, r25
    3122:	d1 f2       	breq	.-76     	; 0x30d8 <switch_rxtx(unsigned char)+0x1d0>
/home/jgalera/develop/arduino/usdx/usdx_plus_orange/src/core/core.cpp:410
        si5351.freq_calc_fast(0);
    3124:	90 e0       	ldi	r25, 0x00	; 0
    3126:	80 e0       	ldi	r24, 0x00	; 0
    3128:	d3 cf       	rjmp	.-90     	; 0x30d0 <switch_rxtx(unsigned char)+0x1c8>
/home/jgalera/develop/arduino/usdx/usdx_plus_orange/src/core/core.cpp:427
      }
#endif
    }
  } else {
#ifdef KEY_CLICK
    if (OCR1BL != 0) {
    312a:	80 91 8a 00 	lds	r24, 0x008A	; 0x80008a <__DATA_REGION_ORIGIN__+0x2a>
    312e:	88 23       	and	r24, r24
    3130:	a1 f0       	breq	.+40     	; 0x315a <switch_rxtx(unsigned char)+0x252>
    3132:	ce e3       	ldi	r28, 0x3E	; 62
    3134:	d1 e0       	ldi	r29, 0x01	; 1
/home/jgalera/develop/arduino/usdx/usdx_plus_orange/src/core/core.cpp:429
      for (uint16_t i = 0; i != 31; i++) {
        OCR1BL = lut[pgm_read_byte_near(&ramp[i])];
    3136:	fe 01       	movw	r30, r28
    3138:	84 91       	lpm	r24, Z
    313a:	e8 2f       	mov	r30, r24
    313c:	f0 e0       	ldi	r31, 0x00	; 0
    313e:	ef 5e       	subi	r30, 0xEF	; 239
    3140:	fb 4f       	sbci	r31, 0xFB	; 251
    3142:	80 81       	ld	r24, Z
    3144:	80 93 8a 00 	sts	0x008A, r24	; 0x80008a <__DATA_REGION_ORIGIN__+0x2a>
/home/jgalera/develop/arduino/usdx/usdx_plus_orange/src/core/core.cpp:430
        delayMicroseconds(60);
    3148:	8c e3       	ldi	r24, 0x3C	; 60
    314a:	90 e0       	ldi	r25, 0x00	; 0
    314c:	0e 94 00 07 	call	0xe00	; 0xe00 <delayMicroseconds>
    3150:	21 96       	adiw	r28, 0x01	; 1
/home/jgalera/develop/arduino/usdx/usdx_plus_orange/src/core/core.cpp:428
#endif
    }
  } else {
#ifdef KEY_CLICK
    if (OCR1BL != 0) {
      for (uint16_t i = 0; i != 31; i++) {
    3152:	f1 e0       	ldi	r31, 0x01	; 1
    3154:	cd 35       	cpi	r28, 0x5D	; 93
    3156:	df 07       	cpc	r29, r31
    3158:	71 f7       	brne	.-36     	; 0x3136 <switch_rxtx(unsigned char)+0x22e>
/home/jgalera/develop/arduino/usdx/usdx_plus_orange/src/core/core.cpp:434
        OCR1BL = lut[pgm_read_byte_near(&ramp[i])];
        delayMicroseconds(60);
      }
    }
#endif
    TCCR1A |= (1 << COM1A1);
    315a:	80 91 80 00 	lds	r24, 0x0080	; 0x800080 <__DATA_REGION_ORIGIN__+0x20>
    315e:	80 68       	ori	r24, 0x80	; 128
    3160:	80 93 80 00 	sts	0x0080, r24	; 0x800080 <__DATA_REGION_ORIGIN__+0x20>
/home/jgalera/develop/arduino/usdx/usdx_plus_orange/src/core/core.cpp:435
    TCCR1A &= ~(1 << COM1B1);
    3164:	80 91 80 00 	lds	r24, 0x0080	; 0x800080 <__DATA_REGION_ORIGIN__+0x20>
    3168:	8f 7d       	andi	r24, 0xDF	; 223
    316a:	80 93 80 00 	sts	0x0080, r24	; 0x800080 <__DATA_REGION_ORIGIN__+0x20>
/home/jgalera/develop/arduino/usdx/usdx_plus_orange/src/core/core.cpp:436
    digitalWrite(KEY_OUT, LOW);
    316e:	60 e0       	ldi	r22, 0x00	; 0
    3170:	8a e0       	ldi	r24, 0x0A	; 10
    3172:	0e 94 7e 06 	call	0xcfc	; 0xcfc <digitalWrite>
/home/jgalera/develop/arduino/usdx/usdx_plus_orange/src/core/core.cpp:437
    OCR1BL = 0;
    3176:	10 92 8a 00 	sts	0x008A, r1	; 0x80008a <__DATA_REGION_ORIGIN__+0x2a>
/home/jgalera/develop/arduino/usdx/usdx_plus_orange/src/core/core.cpp:446
    si5351.SendRegister(17, 0x0f);
#else
    si5351.SendRegister(18, 0x0f);
#endif
#endif
    si5351.SendRegister(SI_CLK_OE, TX0RX1);
    317a:	6c ef       	ldi	r22, 0xFC	; 252
    317c:	83 e0       	ldi	r24, 0x03	; 3
    317e:	0e 94 24 03 	call	0x648	; 0x648 <SI5351::SendRegister(unsigned char, unsigned char) [clone .constprop.30]>
/home/jgalera/develop/arduino/usdx/usdx_plus_orange/src/core/core.cpp:448
#ifdef SEMI_QSK
    if ((!semi_qsk_timeout) || (!semi_qsk))
    3182:	80 91 02 06 	lds	r24, 0x0602	; 0x800602 <semi_qsk_timeout>
    3186:	90 91 03 06 	lds	r25, 0x0603	; 0x800603 <semi_qsk_timeout+0x1>
    318a:	a0 91 04 06 	lds	r26, 0x0604	; 0x800604 <semi_qsk_timeout+0x2>
    318e:	b0 91 05 06 	lds	r27, 0x0605	; 0x800605 <semi_qsk_timeout+0x3>
    3192:	89 2b       	or	r24, r25
    3194:	8a 2b       	or	r24, r26
    3196:	8b 2b       	or	r24, r27
    3198:	21 f0       	breq	.+8      	; 0x31a2 <switch_rxtx(unsigned char)+0x29a>
    319a:	80 91 e3 03 	lds	r24, 0x03E3	; 0x8003e3 <semi_qsk>
    319e:	81 11       	cpse	r24, r1
    31a0:	09 c0       	rjmp	.+18     	; 0x31b4 <switch_rxtx(unsigned char)+0x2ac>
/home/jgalera/develop/arduino/usdx/usdx_plus_orange/src/core/core.cpp:451
#endif
    {
      digitalWrite(RX, !(att == 2));
    31a2:	80 91 e8 05 	lds	r24, 0x05E8	; 0x8005e8 <att>
    31a6:	61 e0       	ldi	r22, 0x01	; 1
    31a8:	82 30       	cpi	r24, 0x02	; 2
    31aa:	09 f4       	brne	.+2      	; 0x31ae <switch_rxtx(unsigned char)+0x2a6>
    31ac:	60 e0       	ldi	r22, 0x00	; 0
    31ae:	88 e0       	ldi	r24, 0x08	; 8
    31b0:	0e 94 7e 06 	call	0xcfc	; 0xcfc <digitalWrite>
/home/jgalera/develop/arduino/usdx/usdx_plus_orange/src/core/core.cpp:460
#ifdef PTX
      digitalWrite(PTX, LOW);
#endif
    }
#ifdef RIT_ENABLE
    si5351.freq_calc_fast(rit);
    31b4:	80 91 ed 05 	lds	r24, 0x05ED	; 0x8005ed <rit>
    31b8:	90 91 ee 05 	lds	r25, 0x05EE	; 0x8005ee <rit+0x1>
    31bc:	0e 94 8b 02 	call	0x516	; 0x516 <SI5351::freq_calc_fast(int) [clone .constprop.32]>
/home/jgalera/develop/arduino/usdx/usdx_plus_orange/src/core/core.cpp:461
    si5351.SendPLLRegisterBulk();
    31c0:	0e 94 6f 02 	call	0x4de	; 0x4de <SI5351::SendPLLRegisterBulk() [clone .constprop.33]>
setCursor():
/home/jgalera/develop/arduino/usdx/usdx_plus_orange/src/driver/display.cpp:430
    31c4:	8f ec       	ldi	r24, 0xCF	; 207
    31c6:	0e 94 b5 08 	call	0x116a	; 0x116a <LCD::cmd(unsigned char) [clone .constprop.54]>
_Z11switch_rxtxh():
/home/jgalera/develop/arduino/usdx/usdx_plus_orange/src/core/core.cpp:473
      show_banner();
      lcd.print("                ");
    }
#endif
    lcd.setCursor(15, 1);
    lcd.print((vox) ? 'V' : 'R');
    31ca:	80 91 19 06 	lds	r24, 0x0619	; 0x800619 <vox>
    31ce:	62 e5       	ldi	r22, 0x52	; 82
    31d0:	81 11       	cpse	r24, r1
    31d2:	66 e5       	ldi	r22, 0x56	; 86
    31d4:	80 ed       	ldi	r24, 0xD0	; 208
    31d6:	96 e0       	ldi	r25, 0x06	; 6
    31d8:	0e 94 6c 07 	call	0xed8	; 0xed8 <Print::print(char)>
/home/jgalera/develop/arduino/usdx/usdx_plus_orange/src/core/core.cpp:475
#ifdef _SERIAL
    if (!vox)
    31dc:	80 91 19 06 	lds	r24, 0x0619	; 0x800619 <vox>
    31e0:	81 11       	cpse	r24, r1
    31e2:	04 c0       	rjmp	.+8      	; 0x31ec <switch_rxtx(unsigned char)+0x2e4>
/home/jgalera/develop/arduino/usdx/usdx_plus_orange/src/core/core.cpp:476
      if (cat_active) {
    31e4:	80 91 18 06 	lds	r24, 0x0618	; 0x800618 <cat_active>
    31e8:	81 11       	cpse	r24, r1
/home/jgalera/develop/arduino/usdx/usdx_plus_orange/src/core/core.cpp:477
        DDRC |= (1 << 2);
    31ea:	3a 9a       	sbi	0x07, 2	; 7
/home/jgalera/develop/arduino/usdx/usdx_plus_orange/src/core/core.cpp:481
      }
#endif
  }
  OCR2A = ((F_CPU / 64) / ((tx_enable) ? F_SAMP_TX : F_SAMP_RX)) - 1;
    31ec:	83 e0       	ldi	r24, 0x03	; 3
    31ee:	ee ce       	rjmp	.-548    	; 0x2fcc <switch_rxtx(unsigned char)+0xc4>

000031f0 <update_PaddleLatch()>:
_Z18update_PaddleLatchv():
/home/jgalera/develop/arduino/usdx/usdx_plus_orange/src/core/core.cpp:36
                            : 0;
  }
  return digitalRead(pin);
}
#else
uint8_t _digitalRead(uint8_t pin) { return digitalRead(pin); }
    31f0:	8d e0       	ldi	r24, 0x0D	; 13
    31f2:	0e 94 55 06 	call	0xcaa	; 0xcaa <digitalRead>
/home/jgalera/develop/arduino/usdx/usdx_plus_orange/src/core/core.cpp:55
                     // in line 43.

int debounce;

void update_PaddleLatch() {
  if (_digitalRead(DIT) == LOW) {
    31f6:	81 11       	cpse	r24, r1
    31f8:	0a c0       	rjmp	.+20     	; 0x320e <update_PaddleLatch()+0x1e>
/home/jgalera/develop/arduino/usdx/usdx_plus_orange/src/core/core.cpp:56
    keyerControl |= keyer_swap ? DAH_L : DIT_L;
    31fa:	80 91 f2 05 	lds	r24, 0x05F2	; 0x8005f2 <keyer_swap>
    31fe:	91 e0       	ldi	r25, 0x01	; 1
    3200:	81 11       	cpse	r24, r1
    3202:	92 e0       	ldi	r25, 0x02	; 2
    3204:	80 91 ff 05 	lds	r24, 0x05FF	; 0x8005ff <keyerControl>
    3208:	89 2b       	or	r24, r25
    320a:	80 93 ff 05 	sts	0x05FF, r24	; 0x8005ff <keyerControl>
_digitalRead():
/home/jgalera/develop/arduino/usdx/usdx_plus_orange/src/core/core.cpp:36
                            : 0;
  }
  return digitalRead(pin);
}
#else
uint8_t _digitalRead(uint8_t pin) { return digitalRead(pin); }
    320e:	8c e0       	ldi	r24, 0x0C	; 12
    3210:	0e 94 55 06 	call	0xcaa	; 0xcaa <digitalRead>
_Z18update_PaddleLatchv():
/home/jgalera/develop/arduino/usdx/usdx_plus_orange/src/core/core.cpp:58

void update_PaddleLatch() {
  if (_digitalRead(DIT) == LOW) {
    keyerControl |= keyer_swap ? DAH_L : DIT_L;
  }
  if (_digitalRead(DAH) == LOW) {
    3214:	81 11       	cpse	r24, r1
    3216:	0a c0       	rjmp	.+20     	; 0x322c <update_PaddleLatch()+0x3c>
/home/jgalera/develop/arduino/usdx/usdx_plus_orange/src/core/core.cpp:59
    keyerControl |= keyer_swap ? DIT_L : DAH_L;
    3218:	80 91 f2 05 	lds	r24, 0x05F2	; 0x8005f2 <keyer_swap>
    321c:	92 e0       	ldi	r25, 0x02	; 2
    321e:	81 11       	cpse	r24, r1
    3220:	91 e0       	ldi	r25, 0x01	; 1
    3222:	80 91 ff 05 	lds	r24, 0x05FF	; 0x8005ff <keyerControl>
    3226:	89 2b       	or	r24, r25
    3228:	80 93 ff 05 	sts	0x05FF, r24	; 0x8005ff <keyerControl>
/home/jgalera/develop/arduino/usdx/usdx_plus_orange/src/core/core.cpp:61
  }
}
    322c:	08 95       	ret

0000322e <set_latch(unsigned char, unsigned char, bool) [clone .part.3] [clone .constprop.16]>:
_ZL9set_latchhhb.part.3.constprop.16():
/home/jgalera/develop/arduino/usdx/usdx_plus_orange/src/hardware/io_expander.cpp:109
  IO1_5,
  IO1_6,
  IO1_7
};

static void set_latch(uint8_t io, uint8_t common_io, bool latch = true) {
    322e:	0f 93       	push	r16
    3230:	1f 93       	push	r17
    3232:	cf 93       	push	r28
    3234:	df 93       	push	r29
_ZN12IOExpander164initEv.isra.2():
/home/jgalera/develop/arduino/usdx/usdx_plus_orange/src/hardware/io_expander.cpp:77
    i2c.beginTransmission(IOEXP16_ADDR);
    i2c.write(reg);
    i2c.write(val);
    i2c.endTransmission();
  }
  void init() { write(0U); }
    3236:	90 e0       	ldi	r25, 0x00	; 0
    3238:	80 e0       	ldi	r24, 0x00	; 0
    323a:	0e 94 d6 08 	call	0x11ac	; 0x11ac <IOExpander16::write(unsigned int) [clone .isra.1]>
_ZL9set_latchhhb.part.3.constprop.16():
/home/jgalera/develop/arduino/usdx/usdx_plus_orange/src/hardware/io_expander.cpp:118
    delay(LATCH_TIME);
    ioext.write(0x0000);
  } else {
    if (io == 0xff) {
      ioext.init();
      for (int io = 0; io != 16; io++)
    323e:	d0 e0       	ldi	r29, 0x00	; 0
    3240:	c0 e0       	ldi	r28, 0x00	; 0
set_latch():
/home/jgalera/develop/arduino/usdx/usdx_plus_orange/src/hardware/io_expander.cpp:121
        set_latch(io, common_io, latch);
    } else {
      ioext.write((~(1U << io)) | (1U << common_io));
    3242:	01 e0       	ldi	r16, 0x01	; 1
    3244:	10 e0       	ldi	r17, 0x00	; 0
    3246:	c8 01       	movw	r24, r16
    3248:	0c 2e       	mov	r0, r28
    324a:	02 c0       	rjmp	.+4      	; 0x3250 <set_latch(unsigned char, unsigned char, bool) [clone .part.3] [clone .constprop.16]+0x22>
    324c:	88 0f       	add	r24, r24
    324e:	99 1f       	adc	r25, r25
    3250:	0a 94       	dec	r0
    3252:	e2 f7       	brpl	.-8      	; 0x324c <set_latch(unsigned char, unsigned char, bool) [clone .part.3] [clone .constprop.16]+0x1e>
    3254:	80 95       	com	r24
    3256:	90 95       	com	r25
    3258:	81 60       	ori	r24, 0x01	; 1
    325a:	0e 94 d6 08 	call	0x11ac	; 0x11ac <IOExpander16::write(unsigned int) [clone .isra.1]>
/home/jgalera/develop/arduino/usdx/usdx_plus_orange/src/hardware/io_expander.cpp:122
      delay(LATCH_TIME);
    325e:	6e e1       	ldi	r22, 0x1E	; 30
    3260:	70 e0       	ldi	r23, 0x00	; 0
    3262:	80 e0       	ldi	r24, 0x00	; 0
    3264:	90 e0       	ldi	r25, 0x00	; 0
    3266:	0e 94 2d 07 	call	0xe5a	; 0xe5a <delay>
/home/jgalera/develop/arduino/usdx/usdx_plus_orange/src/hardware/io_expander.cpp:123
      ioext.write(0x0000);
    326a:	90 e0       	ldi	r25, 0x00	; 0
    326c:	80 e0       	ldi	r24, 0x00	; 0
    326e:	0e 94 d6 08 	call	0x11ac	; 0x11ac <IOExpander16::write(unsigned int) [clone .isra.1]>
_ZL9set_latchhhb.part.3.constprop.16():
/home/jgalera/develop/arduino/usdx/usdx_plus_orange/src/hardware/io_expander.cpp:118
    delay(LATCH_TIME);
    ioext.write(0x0000);
  } else {
    if (io == 0xff) {
      ioext.init();
      for (int io = 0; io != 16; io++)
    3272:	21 96       	adiw	r28, 0x01	; 1
    3274:	c0 31       	cpi	r28, 0x10	; 16
    3276:	d1 05       	cpc	r29, r1
    3278:	31 f7       	brne	.-52     	; 0x3246 <set_latch(unsigned char, unsigned char, bool) [clone .part.3] [clone .constprop.16]+0x18>
/home/jgalera/develop/arduino/usdx/usdx_plus_orange/src/hardware/io_expander.cpp:126
      ioext.write((~(1U << io)) | (1U << common_io));
      delay(LATCH_TIME);
      ioext.write(0x0000);
    }
  }
}
    327a:	df 91       	pop	r29
    327c:	cf 91       	pop	r28
    327e:	1f 91       	pop	r17
    3280:	0f 91       	pop	r16
    3282:	08 95       	ret

00003284 <Print::write(char const*) [clone .part.2]>:
_ZN5Print5writeEPKc.part.2():
/home/jgalera/.arduino15/packages/MiniCore/hardware/avr/3.1.1/cores/MCUdude_corefiles/Print.h:54
    void clearWriteError() { setWriteError(0); }

    virtual size_t write(uint8_t) = 0;
    size_t write(const char *str) {
      if (str == NULL) return 0;
      return write((const uint8_t *)str, strlen(str));
    3284:	fb 01       	movw	r30, r22
    3286:	01 90       	ld	r0, Z+
    3288:	00 20       	and	r0, r0
    328a:	e9 f7       	brne	.-6      	; 0x3286 <Print::write(char const*) [clone .part.2]+0x2>
    328c:	31 97       	sbiw	r30, 0x01	; 1
    328e:	af 01       	movw	r20, r30
    3290:	46 1b       	sub	r20, r22
    3292:	57 0b       	sbc	r21, r23
    3294:	dc 01       	movw	r26, r24
    3296:	ed 91       	ld	r30, X+
    3298:	fc 91       	ld	r31, X
    329a:	02 80       	ldd	r0, Z+2	; 0x02
    329c:	f3 81       	ldd	r31, Z+3	; 0x03
    329e:	e0 2d       	mov	r30, r0
    32a0:	09 94       	ijmp

000032a2 <Print::printNumber(unsigned long, unsigned char)>:
_ZN5Print11printNumberEmh():
/home/jgalera/.arduino15/packages/MiniCore/hardware/avr/3.1.1/cores/MCUdude_corefiles/Print.cpp:233
}

// Private Methods /////////////////////////////////////////////////////////////

size_t Print::printNumber(unsigned long n, uint8_t base)
{
    32a2:	8f 92       	push	r8
    32a4:	9f 92       	push	r9
    32a6:	af 92       	push	r10
    32a8:	bf 92       	push	r11
    32aa:	ef 92       	push	r14
    32ac:	ff 92       	push	r15
    32ae:	0f 93       	push	r16
    32b0:	1f 93       	push	r17
    32b2:	cf 93       	push	r28
    32b4:	df 93       	push	r29
    32b6:	cd b7       	in	r28, 0x3d	; 61
    32b8:	de b7       	in	r29, 0x3e	; 62
    32ba:	a1 97       	sbiw	r28, 0x21	; 33
    32bc:	0f b6       	in	r0, 0x3f	; 63
    32be:	f8 94       	cli
    32c0:	de bf       	out	0x3e, r29	; 62
    32c2:	0f be       	out	0x3f, r0	; 63
    32c4:	cd bf       	out	0x3d, r28	; 61
    32c6:	7c 01       	movw	r14, r24
    32c8:	fa 01       	movw	r30, r20
    32ca:	cb 01       	movw	r24, r22
/home/jgalera/.arduino15/packages/MiniCore/hardware/avr/3.1.1/cores/MCUdude_corefiles/Print.cpp:237
  char buf[8 * sizeof(long) + 1]; // Assumes 8-bit chars plus zero byte.
  char *str = &buf[sizeof(buf) - 1];

  *str = '\0';
    32cc:	19 a2       	std	Y+33, r1	; 0x21
/home/jgalera/.arduino15/packages/MiniCore/hardware/avr/3.1.1/cores/MCUdude_corefiles/Print.cpp:240

  // prevent crash if called with base == 1
  if (base < 2) base = 10;
    32ce:	22 30       	cpi	r18, 0x02	; 2
    32d0:	08 f4       	brcc	.+2      	; 0x32d4 <Print::printNumber(unsigned long, unsigned char)+0x32>
    32d2:	2a e0       	ldi	r18, 0x0A	; 10
    32d4:	8e 01       	movw	r16, r28
    32d6:	0f 5d       	subi	r16, 0xDF	; 223
    32d8:	1f 4f       	sbci	r17, 0xFF	; 255
/home/jgalera/.arduino15/packages/MiniCore/hardware/avr/3.1.1/cores/MCUdude_corefiles/Print.cpp:243

  do {
    char c = n % base;
    32da:	82 2e       	mov	r8, r18
    32dc:	91 2c       	mov	r9, r1
    32de:	b1 2c       	mov	r11, r1
    32e0:	a1 2c       	mov	r10, r1
    32e2:	bf 01       	movw	r22, r30
    32e4:	a5 01       	movw	r20, r10
    32e6:	94 01       	movw	r18, r8
    32e8:	0e 94 95 39 	call	0x732a	; 0x732a <__udivmodsi4>
/home/jgalera/.arduino15/packages/MiniCore/hardware/avr/3.1.1/cores/MCUdude_corefiles/Print.cpp:244
    n /= base;
    32ec:	f9 01       	movw	r30, r18
    32ee:	ca 01       	movw	r24, r20
/home/jgalera/.arduino15/packages/MiniCore/hardware/avr/3.1.1/cores/MCUdude_corefiles/Print.cpp:246

    *--str = c < 10 ? c + '0' : c + 'A' - 10;
    32f0:	6a 30       	cpi	r22, 0x0A	; 10
    32f2:	0c f5       	brge	.+66     	; 0x3336 <Print::printNumber(unsigned long, unsigned char)+0x94>
    32f4:	60 5d       	subi	r22, 0xD0	; 208
    32f6:	d8 01       	movw	r26, r16
    32f8:	6e 93       	st	-X, r22
    32fa:	8d 01       	movw	r16, r26
/home/jgalera/.arduino15/packages/MiniCore/hardware/avr/3.1.1/cores/MCUdude_corefiles/Print.cpp:247
  } while(n);
    32fc:	23 2b       	or	r18, r19
    32fe:	24 2b       	or	r18, r20
    3300:	25 2b       	or	r18, r21
    3302:	79 f7       	brne	.-34     	; 0x32e2 <Print::printNumber(unsigned long, unsigned char)+0x40>
/home/jgalera/.arduino15/packages/MiniCore/hardware/avr/3.1.1/cores/MCUdude_corefiles/Print.h:53
    int getWriteError() { return write_error; }
    void clearWriteError() { setWriteError(0); }

    virtual size_t write(uint8_t) = 0;
    size_t write(const char *str) {
      if (str == NULL) return 0;
    3304:	90 e0       	ldi	r25, 0x00	; 0
    3306:	80 e0       	ldi	r24, 0x00	; 0
write():
    3308:	10 97       	sbiw	r26, 0x00	; 0
    330a:	21 f0       	breq	.+8      	; 0x3314 <Print::printNumber(unsigned long, unsigned char)+0x72>
    330c:	bd 01       	movw	r22, r26
    330e:	c7 01       	movw	r24, r14
    3310:	0e 94 42 19 	call	0x3284	; 0x3284 <Print::write(char const*) [clone .part.2]>
_ZN5Print11printNumberEmh():
/home/jgalera/.arduino15/packages/MiniCore/hardware/avr/3.1.1/cores/MCUdude_corefiles/Print.cpp:250

  return write(str);
}
    3314:	a1 96       	adiw	r28, 0x21	; 33
    3316:	0f b6       	in	r0, 0x3f	; 63
    3318:	f8 94       	cli
    331a:	de bf       	out	0x3e, r29	; 62
    331c:	0f be       	out	0x3f, r0	; 63
    331e:	cd bf       	out	0x3d, r28	; 61
    3320:	df 91       	pop	r29
    3322:	cf 91       	pop	r28
    3324:	1f 91       	pop	r17
    3326:	0f 91       	pop	r16
    3328:	ff 90       	pop	r15
    332a:	ef 90       	pop	r14
    332c:	bf 90       	pop	r11
    332e:	af 90       	pop	r10
    3330:	9f 90       	pop	r9
    3332:	8f 90       	pop	r8
    3334:	08 95       	ret
/home/jgalera/.arduino15/packages/MiniCore/hardware/avr/3.1.1/cores/MCUdude_corefiles/Print.cpp:246

  do {
    char c = n % base;
    n /= base;

    *--str = c < 10 ? c + '0' : c + 'A' - 10;
    3336:	69 5c       	subi	r22, 0xC9	; 201
    3338:	de cf       	rjmp	.-68     	; 0x32f6 <Print::printNumber(unsigned long, unsigned char)+0x54>

0000333a <Print::print(long, int) [clone .constprop.59]>:
_ZN5Print5printEli.constprop.59():
/home/jgalera/.arduino15/packages/MiniCore/hardware/avr/3.1.1/cores/MCUdude_corefiles/Print.cpp:87
size_t Print::print(unsigned int n, int base)
{
  return print((unsigned long) n, base);
}

size_t Print::print(long n, int base)
    333a:	cf 92       	push	r12
    333c:	df 92       	push	r13
    333e:	ef 92       	push	r14
    3340:	ff 92       	push	r15
    3342:	0f 93       	push	r16
    3344:	1f 93       	push	r17
    3346:	cf 93       	push	r28
    3348:	df 93       	push	r29
/home/jgalera/.arduino15/packages/MiniCore/hardware/avr/3.1.1/cores/MCUdude_corefiles/Print.cpp:92
{
  if (base == 0) {
    return write(n);
  } else if (base == 10) {
    if (n < 0) {
    334a:	77 ff       	sbrs	r23, 7
    334c:	1d c0       	rjmp	.+58     	; 0x3388 <Print::print(long, int) [clone .constprop.59]+0x4e>
    334e:	6a 01       	movw	r12, r20
    3350:	7b 01       	movw	r14, r22
    3352:	ec 01       	movw	r28, r24
/home/jgalera/.arduino15/packages/MiniCore/hardware/avr/3.1.1/cores/MCUdude_corefiles/Print.cpp:93
      int t = print('-');
    3354:	6d e2       	ldi	r22, 0x2D	; 45
    3356:	0e 94 6c 07 	call	0xed8	; 0xed8 <Print::print(char)>
    335a:	8c 01       	movw	r16, r24
/home/jgalera/.arduino15/packages/MiniCore/hardware/avr/3.1.1/cores/MCUdude_corefiles/Print.cpp:94
      n = -n;
    335c:	44 27       	eor	r20, r20
    335e:	55 27       	eor	r21, r21
    3360:	ba 01       	movw	r22, r20
    3362:	4c 19       	sub	r20, r12
    3364:	5d 09       	sbc	r21, r13
    3366:	6e 09       	sbc	r22, r14
    3368:	7f 09       	sbc	r23, r15
/home/jgalera/.arduino15/packages/MiniCore/hardware/avr/3.1.1/cores/MCUdude_corefiles/Print.cpp:95
      return printNumber(n, 10) + t;
    336a:	2a e0       	ldi	r18, 0x0A	; 10
    336c:	ce 01       	movw	r24, r28
    336e:	0e 94 51 19 	call	0x32a2	; 0x32a2 <Print::printNumber(unsigned long, unsigned char)>
    3372:	80 0f       	add	r24, r16
    3374:	91 1f       	adc	r25, r17
/home/jgalera/.arduino15/packages/MiniCore/hardware/avr/3.1.1/cores/MCUdude_corefiles/Print.cpp:101
    }
    return printNumber(n, 10);
  } else {
    return printNumber(n, base);
  }
}
    3376:	df 91       	pop	r29
    3378:	cf 91       	pop	r28
    337a:	1f 91       	pop	r17
    337c:	0f 91       	pop	r16
    337e:	ff 90       	pop	r15
    3380:	ef 90       	pop	r14
    3382:	df 90       	pop	r13
    3384:	cf 90       	pop	r12
    3386:	08 95       	ret
/home/jgalera/.arduino15/packages/MiniCore/hardware/avr/3.1.1/cores/MCUdude_corefiles/Print.cpp:97
    if (n < 0) {
      int t = print('-');
      n = -n;
      return printNumber(n, 10) + t;
    }
    return printNumber(n, 10);
    3388:	2a e0       	ldi	r18, 0x0A	; 10
/home/jgalera/.arduino15/packages/MiniCore/hardware/avr/3.1.1/cores/MCUdude_corefiles/Print.cpp:101
  } else {
    return printNumber(n, base);
  }
}
    338a:	df 91       	pop	r29
    338c:	cf 91       	pop	r28
    338e:	1f 91       	pop	r17
    3390:	0f 91       	pop	r16
    3392:	ff 90       	pop	r15
    3394:	ef 90       	pop	r14
    3396:	df 90       	pop	r13
    3398:	cf 90       	pop	r12
/home/jgalera/.arduino15/packages/MiniCore/hardware/avr/3.1.1/cores/MCUdude_corefiles/Print.cpp:97
    if (n < 0) {
      int t = print('-');
      n = -n;
      return printNumber(n, 10) + t;
    }
    return printNumber(n, 10);
    339a:	0c 94 51 19 	jmp	0x32a2	; 0x32a2 <Print::printNumber(unsigned long, unsigned char)>

0000339e <Print::print(int, int) [clone .constprop.58]>:
_ZN5Print5printEii.constprop.58():
/home/jgalera/.arduino15/packages/MiniCore/hardware/avr/3.1.1/cores/MCUdude_corefiles/Print.cpp:79
  return print((unsigned long) b, base);
}

size_t Print::print(int n, int base)
{
  return print((long) n, base);
    339e:	ab 01       	movw	r20, r22
    33a0:	77 0f       	add	r23, r23
    33a2:	66 0b       	sbc	r22, r22
    33a4:	77 0b       	sbc	r23, r23
    33a6:	0c 94 9d 19 	jmp	0x333a	; 0x333a <Print::print(long, int) [clone .constprop.59]>

000033aa <fatal(__FlashStringHelper const*, int, char)>:
_Z5fatalPK19__FlashStringHelperic():
/home/jgalera/develop/arduino/usdx/usdx_plus_orange/src/core/core.cpp:889
  pinMode(PD4, OUTPUT);
  pinMode(PD5, OUTPUT);
#endif
}

void fatal(const __FlashStringHelper *msg, int value, char unit) {
    33aa:	ef 92       	push	r14
    33ac:	ff 92       	push	r15
    33ae:	0f 93       	push	r16
    33b0:	1f 93       	push	r17
    33b2:	cf 93       	push	r28
    33b4:	7c 01       	movw	r14, r24
    33b6:	8b 01       	movw	r16, r22
    33b8:	c4 2f       	mov	r28, r20
setCursor():
/home/jgalera/develop/arduino/usdx/usdx_plus_orange/src/driver/display.cpp:430
    33ba:	80 ec       	ldi	r24, 0xC0	; 192
    33bc:	0e 94 b5 08 	call	0x116a	; 0x116a <LCD::cmd(unsigned char) [clone .constprop.54]>
_Z5fatalPK19__FlashStringHelperic():
/home/jgalera/develop/arduino/usdx/usdx_plus_orange/src/core/core.cpp:891
  lcd.setCursor(0, 1);
  lcd.print('!');
    33c0:	61 e2       	ldi	r22, 0x21	; 33
    33c2:	80 ed       	ldi	r24, 0xD0	; 208
    33c4:	96 e0       	ldi	r25, 0x06	; 6
    33c6:	0e 94 6c 07 	call	0xed8	; 0xed8 <Print::print(char)>
/home/jgalera/develop/arduino/usdx/usdx_plus_orange/src/core/core.cpp:892
  lcd.print('!');
    33ca:	61 e2       	ldi	r22, 0x21	; 33
    33cc:	80 ed       	ldi	r24, 0xD0	; 208
    33ce:	96 e0       	ldi	r25, 0x06	; 6
    33d0:	0e 94 6c 07 	call	0xed8	; 0xed8 <Print::print(char)>
/home/jgalera/develop/arduino/usdx/usdx_plus_orange/src/core/core.cpp:893
  lcd.print(msg);
    33d4:	c7 01       	movw	r24, r14
    33d6:	0e 94 5f 15 	call	0x2abe	; 0x2abe <Print::print(__FlashStringHelper const*) [clone .constprop.60]>
/home/jgalera/develop/arduino/usdx/usdx_plus_orange/src/core/core.cpp:894
  if (unit != '\0') {
    33da:	cc 23       	and	r28, r28
    33dc:	79 f0       	breq	.+30     	; 0x33fc <fatal(__FlashStringHelper const*, int, char)+0x52>
/home/jgalera/develop/arduino/usdx/usdx_plus_orange/src/core/core.cpp:895
    lcd.print('=');
    33de:	6d e3       	ldi	r22, 0x3D	; 61
    33e0:	80 ed       	ldi	r24, 0xD0	; 208
    33e2:	96 e0       	ldi	r25, 0x06	; 6
    33e4:	0e 94 6c 07 	call	0xed8	; 0xed8 <Print::print(char)>
/home/jgalera/develop/arduino/usdx/usdx_plus_orange/src/core/core.cpp:896
    lcd.print(value);
    33e8:	b8 01       	movw	r22, r16
    33ea:	80 ed       	ldi	r24, 0xD0	; 208
    33ec:	96 e0       	ldi	r25, 0x06	; 6
    33ee:	0e 94 cf 19 	call	0x339e	; 0x339e <Print::print(int, int) [clone .constprop.58]>
/home/jgalera/develop/arduino/usdx/usdx_plus_orange/src/core/core.cpp:897
    lcd.print(unit);
    33f2:	6c 2f       	mov	r22, r28
    33f4:	80 ed       	ldi	r24, 0xD0	; 208
    33f6:	96 e0       	ldi	r25, 0x06	; 6
    33f8:	0e 94 6c 07 	call	0xed8	; 0xed8 <Print::print(char)>
/home/jgalera/develop/arduino/usdx/usdx_plus_orange/src/core/core.cpp:899
  }
  lcd_blanks();
    33fc:	0e 94 7a 15 	call	0x2af4	; 0x2af4 <lcd_blanks()>
/home/jgalera/develop/arduino/usdx/usdx_plus_orange/src/core/core.cpp:900
  delay(1500);
    3400:	6c ed       	ldi	r22, 0xDC	; 220
    3402:	75 e0       	ldi	r23, 0x05	; 5
    3404:	80 e0       	ldi	r24, 0x00	; 0
    3406:	90 e0       	ldi	r25, 0x00	; 0
    3408:	0e 94 2d 07 	call	0xe5a	; 0xe5a <delay>
/home/jgalera/develop/arduino/usdx/usdx_plus_orange/src/core/core.cpp:901
  wdt_reset();
    340c:	a8 95       	wdr
/home/jgalera/develop/arduino/usdx/usdx_plus_orange/src/core/core.cpp:902
}
    340e:	cf 91       	pop	r28
    3410:	1f 91       	pop	r17
    3412:	0f 91       	pop	r16
    3414:	ff 90       	pop	r15
    3416:	ef 90       	pop	r14
    3418:	08 95       	ret

0000341a <Print::print(char const*)>:
_ZN5Print5printEPKc():
/home/jgalera/.arduino15/packages/MiniCore/hardware/avr/3.1.1/cores/MCUdude_corefiles/Print.h:53
    341a:	61 15       	cp	r22, r1
    341c:	71 05       	cpc	r23, r1
    341e:	11 f0       	breq	.+4      	; 0x3424 <Print::print(char const*)+0xa>
    3420:	0c 94 42 19 	jmp	0x3284	; 0x3284 <Print::write(char const*) [clone .part.2]>
/home/jgalera/.arduino15/packages/MiniCore/hardware/avr/3.1.1/cores/MCUdude_corefiles/Print.cpp:65
}

size_t Print::print(const char str[])
{
  return write(str);
}
    3424:	90 e0       	ldi	r25, 0x00	; 0
    3426:	80 e0       	ldi	r24, 0x00	; 0
    3428:	08 95       	ret

0000342a <Command_IF() [clone .part.1]>:
_Z10Command_IFv.part.1():
/home/jgalera/develop/arduino/usdx/usdx_plus_orange/src/interface/cat.cpp:209

  freq = (uint32_t)atol(Catbuffer);
  change = true;
}

void Command_IF() {
    342a:	ef 92       	push	r14
    342c:	ff 92       	push	r15
    342e:	0f 93       	push	r16
    3430:	1f 93       	push	r17
    3432:	cf 93       	push	r28
    3434:	df 93       	push	r29
    3436:	cd b7       	in	r28, 0x3d	; 61
    3438:	de b7       	in	r29, 0x3e	; 62
    343a:	a0 97       	sbiw	r28, 0x20	; 32
    343c:	0f b6       	in	r0, 0x3f	; 63
    343e:	f8 94       	cli
    3440:	de bf       	out	0x3e, r29	; 62
    3442:	0f be       	out	0x3f, r0	; 63
    3444:	cd bf       	out	0x3d, r28	; 61
/home/jgalera/develop/arduino/usdx/usdx_plus_orange/src/interface/cat.cpp:218
#endif
  char Catbuffer[32];
  unsigned int g, m, k, h;
  uint32_t tf;

  tf = freq;
    3446:	60 91 b4 01 	lds	r22, 0x01B4	; 0x8001b4 <freq>
    344a:	70 91 b5 01 	lds	r23, 0x01B5	; 0x8001b5 <freq+0x1>
    344e:	80 91 b6 01 	lds	r24, 0x01B6	; 0x8001b6 <freq+0x2>
    3452:	90 91 b7 01 	lds	r25, 0x01B7	; 0x8001b7 <freq+0x3>
    3456:	20 e0       	ldi	r18, 0x00	; 0
    3458:	3a ec       	ldi	r19, 0xCA	; 202
    345a:	4a e9       	ldi	r20, 0x9A	; 154
    345c:	5b e3       	ldi	r21, 0x3B	; 59
    345e:	0e 94 95 39 	call	0x732a	; 0x732a <__udivmodsi4>
    3462:	12 2f       	mov	r17, r18
    3464:	03 2f       	mov	r16, r19
    3466:	20 e4       	ldi	r18, 0x40	; 64
    3468:	32 e4       	ldi	r19, 0x42	; 66
    346a:	4f e0       	ldi	r20, 0x0F	; 15
    346c:	50 e0       	ldi	r21, 0x00	; 0
    346e:	0e 94 95 39 	call	0x732a	; 0x732a <__udivmodsi4>
    3472:	f2 2e       	mov	r15, r18
    3474:	e3 2e       	mov	r14, r19
/home/jgalera/develop/arduino/usdx/usdx_plus_orange/src/interface/cat.cpp:225
  tf -= g * 1000000000lu;
  m = (unsigned int)(tf / 1000000lu);
  tf -= m * 1000000lu;
  k = (unsigned int)(tf / 1000lu);
  tf -= k * 1000lu;
  h = (unsigned int)tf;
    3476:	28 ee       	ldi	r18, 0xE8	; 232
    3478:	33 e0       	ldi	r19, 0x03	; 3
    347a:	40 e0       	ldi	r20, 0x00	; 0
    347c:	50 e0       	ldi	r21, 0x00	; 0
    347e:	0e 94 95 39 	call	0x732a	; 0x732a <__udivmodsi4>
/home/jgalera/develop/arduino/usdx/usdx_plus_orange/src/interface/cat.cpp:227

  sprintf(Catbuffer, "IF%02u%03u%03u%03u", g, m, k, h);
    3482:	7f 93       	push	r23
    3484:	6f 93       	push	r22
    3486:	3f 93       	push	r19
    3488:	2f 93       	push	r18
    348a:	ef 92       	push	r14
    348c:	ff 92       	push	r15
    348e:	0f 93       	push	r16
    3490:	1f 93       	push	r17
    3492:	86 e7       	ldi	r24, 0x76	; 118
    3494:	92 e0       	ldi	r25, 0x02	; 2
    3496:	9f 93       	push	r25
    3498:	8f 93       	push	r24
    349a:	8e 01       	movw	r16, r28
    349c:	0f 5f       	subi	r16, 0xFF	; 255
    349e:	1f 4f       	sbci	r17, 0xFF	; 255
    34a0:	1f 93       	push	r17
    34a2:	0f 93       	push	r16
    34a4:	0e 94 dc 3a 	call	0x75b8	; 0x75b8 <sprintf>
/home/jgalera/develop/arduino/usdx/usdx_plus_orange/src/interface/cat.cpp:228
  Serial.print(Catbuffer);
    34a8:	b8 01       	movw	r22, r16
    34aa:	8a e1       	ldi	r24, 0x1A	; 26
    34ac:	96 e0       	ldi	r25, 0x06	; 6
    34ae:	0e 94 0d 1a 	call	0x341a	; 0x341a <Print::print(char const*)>
/home/jgalera/develop/arduino/usdx/usdx_plus_orange/src/interface/cat.cpp:229
  sprintf(Catbuffer, "00000+000000");
    34b2:	69 e8       	ldi	r22, 0x89	; 137
    34b4:	72 e0       	ldi	r23, 0x02	; 2
    34b6:	c8 01       	movw	r24, r16
    34b8:	0e 94 c6 3a 	call	0x758c	; 0x758c <strcpy>
/home/jgalera/develop/arduino/usdx/usdx_plus_orange/src/interface/cat.cpp:230
  Serial.print(Catbuffer);
    34bc:	b8 01       	movw	r22, r16
    34be:	8a e1       	ldi	r24, 0x1A	; 26
    34c0:	96 e0       	ldi	r25, 0x06	; 6
    34c2:	0e 94 0d 1a 	call	0x341a	; 0x341a <Print::print(char const*)>
/home/jgalera/develop/arduino/usdx/usdx_plus_orange/src/interface/cat.cpp:231
  sprintf(Catbuffer, "0000");
    34c6:	61 e9       	ldi	r22, 0x91	; 145
    34c8:	72 e0       	ldi	r23, 0x02	; 2
    34ca:	c8 01       	movw	r24, r16
    34cc:	0e 94 c6 3a 	call	0x758c	; 0x758c <strcpy>
/home/jgalera/develop/arduino/usdx/usdx_plus_orange/src/interface/cat.cpp:232
  Serial.print(Catbuffer);
    34d0:	b8 01       	movw	r22, r16
    34d2:	8a e1       	ldi	r24, 0x1A	; 26
    34d4:	96 e0       	ldi	r25, 0x06	; 6
    34d6:	0e 94 0d 1a 	call	0x341a	; 0x341a <Print::print(char const*)>
/home/jgalera/develop/arduino/usdx/usdx_plus_orange/src/interface/cat.cpp:233
  Serial.print(mode + 1);
    34da:	60 91 cc 01 	lds	r22, 0x01CC	; 0x8001cc <mode>
    34de:	70 e0       	ldi	r23, 0x00	; 0
    34e0:	6f 5f       	subi	r22, 0xFF	; 255
    34e2:	7f 4f       	sbci	r23, 0xFF	; 255
    34e4:	8a e1       	ldi	r24, 0x1A	; 26
    34e6:	96 e0       	ldi	r25, 0x06	; 6
    34e8:	0e 94 cf 19 	call	0x339e	; 0x339e <Print::print(int, int) [clone .constprop.58]>
/home/jgalera/develop/arduino/usdx/usdx_plus_orange/src/interface/cat.cpp:234
  sprintf(Catbuffer, "0000000;");
    34ec:	66 e9       	ldi	r22, 0x96	; 150
    34ee:	72 e0       	ldi	r23, 0x02	; 2
    34f0:	c8 01       	movw	r24, r16
    34f2:	0e 94 c6 3a 	call	0x758c	; 0x758c <strcpy>
/home/jgalera/develop/arduino/usdx/usdx_plus_orange/src/interface/cat.cpp:235
  Serial.print(Catbuffer);
    34f6:	b8 01       	movw	r22, r16
    34f8:	8a e1       	ldi	r24, 0x1A	; 26
    34fa:	96 e0       	ldi	r25, 0x06	; 6
    34fc:	0e 94 0d 1a 	call	0x341a	; 0x341a <Print::print(char const*)>
    3500:	0f b6       	in	r0, 0x3f	; 63
    3502:	f8 94       	cli
    3504:	de bf       	out	0x3e, r29	; 62
    3506:	0f be       	out	0x3f, r0	; 63
    3508:	cd bf       	out	0x3d, r28	; 61
/home/jgalera/develop/arduino/usdx/usdx_plus_orange/src/interface/cat.cpp:236
}
    350a:	a0 96       	adiw	r28, 0x20	; 32
    350c:	0f b6       	in	r0, 0x3f	; 63
    350e:	f8 94       	cli
    3510:	de bf       	out	0x3e, r29	; 62
    3512:	0f be       	out	0x3f, r0	; 63
    3514:	cd bf       	out	0x3d, r28	; 61
    3516:	df 91       	pop	r29
    3518:	cf 91       	pop	r28
    351a:	1f 91       	pop	r17
    351c:	0f 91       	pop	r16
    351e:	ff 90       	pop	r15
    3520:	ef 90       	pop	r14
    3522:	08 95       	ret

00003524 <serialEvent()>:
_Z11serialEventv():
/home/jgalera/develop/arduino/usdx/usdx_plus_orange/src/interface/cat.cpp:105
    }
#endif
  }
}

void serialEvent() {
    3524:	cf 92       	push	r12
    3526:	df 92       	push	r13
    3528:	ef 92       	push	r14
    352a:	ff 92       	push	r15
    352c:	0f 93       	push	r16
    352e:	1f 93       	push	r17
    3530:	cf 93       	push	r28
    3532:	df 93       	push	r29
    3534:	cd b7       	in	r28, 0x3d	; 61
    3536:	de b7       	in	r29, 0x3e	; 62
    3538:	a0 97       	sbiw	r28, 0x20	; 32
    353a:	0f b6       	in	r0, 0x3f	; 63
    353c:	f8 94       	cli
    353e:	de bf       	out	0x3e, r29	; 62
    3540:	0f be       	out	0x3f, r0	; 63
    3542:	cd bf       	out	0x3d, r28	; 61
/home/jgalera/develop/arduino/usdx/usdx_plus_orange/src/interface/cat.cpp:106
  if (Serial.available()) {
    3544:	8a e1       	ldi	r24, 0x1A	; 26
    3546:	96 e0       	ldi	r25, 0x06	; 6
    3548:	0e 94 d1 07 	call	0xfa2	; 0xfa2 <HardwareSerial::available()>
    354c:	89 2b       	or	r24, r25
    354e:	09 f4       	brne	.+2      	; 0x3552 <serialEvent()+0x2e>
    3550:	94 c0       	rjmp	.+296    	; 0x367a <serialEvent()+0x156>
/home/jgalera/develop/arduino/usdx/usdx_plus_orange/src/interface/cat.cpp:107
    rxend_event = millis() + 10;
    3552:	0e 94 60 07 	call	0xec0	; 0xec0 <millis>
    3556:	66 5f       	subi	r22, 0xF6	; 246
    3558:	7f 4f       	sbci	r23, 0xFF	; 255
    355a:	8f 4f       	sbci	r24, 0xFF	; 255
    355c:	9f 4f       	sbci	r25, 0xFF	; 255
    355e:	60 93 14 06 	sts	0x0614, r22	; 0x800614 <rxend_event>
    3562:	70 93 15 06 	sts	0x0615, r23	; 0x800615 <rxend_event+0x1>
    3566:	80 93 16 06 	sts	0x0616, r24	; 0x800616 <rxend_event+0x2>
    356a:	90 93 17 06 	sts	0x0617, r25	; 0x800617 <rxend_event+0x3>
/home/jgalera/develop/arduino/usdx/usdx_plus_orange/src/interface/cat.cpp:108
    char data = Serial.read();
    356e:	8a e1       	ldi	r24, 0x1A	; 26
    3570:	96 e0       	ldi	r25, 0x06	; 6
    3572:	0e 94 af 07 	call	0xf5e	; 0xf5e <HardwareSerial::read()>
/home/jgalera/develop/arduino/usdx/usdx_plus_orange/src/interface/cat.cpp:109
    CATcmd[cat_ptr++] = data;
    3576:	e0 91 b8 05 	lds	r30, 0x05B8	; 0x8005b8 <cat_ptr>
    357a:	91 e0       	ldi	r25, 0x01	; 1
    357c:	9e 0f       	add	r25, r30
    357e:	90 93 b8 05 	sts	0x05B8, r25	; 0x8005b8 <cat_ptr>
    3582:	f0 e0       	ldi	r31, 0x00	; 0
    3584:	e8 56       	subi	r30, 0x68	; 104
    3586:	fa 4f       	sbci	r31, 0xFA	; 250
    3588:	80 83       	st	Z, r24
/home/jgalera/develop/arduino/usdx/usdx_plus_orange/src/interface/cat.cpp:110
    if (data == ';') {
    358a:	8b 33       	cpi	r24, 0x3B	; 59
    358c:	09 f0       	breq	.+2      	; 0x3590 <serialEvent()+0x6c>
    358e:	bf c1       	rjmp	.+894    	; 0x390e <serialEvent()+0x3ea>
/home/jgalera/develop/arduino/usdx/usdx_plus_orange/src/interface/cat.cpp:111
      CATcmd[cat_ptr] = '\0';
    3590:	e0 91 b8 05 	lds	r30, 0x05B8	; 0x8005b8 <cat_ptr>
    3594:	f0 e0       	ldi	r31, 0x00	; 0
    3596:	e8 56       	subi	r30, 0x68	; 104
    3598:	fa 4f       	sbci	r31, 0xFA	; 250
    359a:	10 82       	st	Z, r1
/home/jgalera/develop/arduino/usdx/usdx_plus_orange/src/interface/cat.cpp:112
      cat_ptr = 0;
    359c:	10 92 b8 05 	sts	0x05B8, r1	; 0x8005b8 <cat_ptr>
/home/jgalera/develop/arduino/usdx/usdx_plus_orange/src/interface/cat.cpp:114
#ifdef _SERIAL
      if (!cat_active) {
    35a0:	80 91 18 06 	lds	r24, 0x0618	; 0x800618 <cat_active>
    35a4:	81 11       	cpse	r24, r1
    35a6:	05 c0       	rjmp	.+10     	; 0x35b2 <serialEvent()+0x8e>
/home/jgalera/develop/arduino/usdx/usdx_plus_orange/src/interface/cat.cpp:115
        cat_active = 1;
    35a8:	81 e0       	ldi	r24, 0x01	; 1
    35aa:	80 93 18 06 	sts	0x0618, r24	; 0x800618 <cat_active>
/home/jgalera/develop/arduino/usdx/usdx_plus_orange/src/interface/cat.cpp:116
        smode = 0;
    35ae:	10 92 ca 01 	sts	0x01CA, r1	; 0x8001ca <smode>
analyseCATcmd():
/home/jgalera/develop/arduino/usdx/usdx_plus_orange/src/interface/cat.cpp:14

char CATcmd[CATCMD_SIZE];
volatile uint8_t cat_ptr = 0;

void analyseCATcmd() {
  if ((CATcmd[0] == 'F') && (CATcmd[1] == 'A') && (CATcmd[2] == ';'))
    35b2:	80 91 98 05 	lds	r24, 0x0598	; 0x800598 <CATcmd>
    35b6:	86 34       	cpi	r24, 0x46	; 70
    35b8:	09 f0       	breq	.+2      	; 0x35bc <serialEvent()+0x98>
    35ba:	8b c0       	rjmp	.+278    	; 0x36d2 <serialEvent()+0x1ae>
    35bc:	80 91 99 05 	lds	r24, 0x0599	; 0x800599 <CATcmd+0x1>
    35c0:	81 34       	cpi	r24, 0x41	; 65
    35c2:	09 f0       	breq	.+2      	; 0x35c6 <serialEvent()+0xa2>
    35c4:	64 c1       	rjmp	.+712    	; 0x388e <serialEvent()+0x36a>
    35c6:	80 91 9a 05 	lds	r24, 0x059A	; 0x80059a <CATcmd+0x2>
    35ca:	8b 33       	cpi	r24, 0x3B	; 59
    35cc:	09 f0       	breq	.+2      	; 0x35d0 <serialEvent()+0xac>
    35ce:	64 c0       	rjmp	.+200    	; 0x3698 <serialEvent()+0x174>
Command_GETFreqA():
/home/jgalera/develop/arduino/usdx/usdx_plus_orange/src/interface/cat.cpp:178
}
#endif

void Command_GETFreqA() {
#ifdef _SERIAL
  if (!cat_active)
    35d0:	80 91 18 06 	lds	r24, 0x0618	; 0x800618 <cat_active>
    35d4:	88 23       	and	r24, r24
    35d6:	09 f4       	brne	.+2      	; 0x35da <serialEvent()+0xb6>
    35d8:	4a c0       	rjmp	.+148    	; 0x366e <serialEvent()+0x14a>
/home/jgalera/develop/arduino/usdx/usdx_plus_orange/src/interface/cat.cpp:185
#endif
  char Catbuffer[32];
  unsigned int g, m, k, h;
  uint32_t tf;

  tf = freq;
    35da:	60 91 b4 01 	lds	r22, 0x01B4	; 0x8001b4 <freq>
    35de:	70 91 b5 01 	lds	r23, 0x01B5	; 0x8001b5 <freq+0x1>
    35e2:	80 91 b6 01 	lds	r24, 0x01B6	; 0x8001b6 <freq+0x2>
    35e6:	90 91 b7 01 	lds	r25, 0x01B7	; 0x8001b7 <freq+0x3>
    35ea:	20 e0       	ldi	r18, 0x00	; 0
    35ec:	3a ec       	ldi	r19, 0xCA	; 202
    35ee:	4a e9       	ldi	r20, 0x9A	; 154
    35f0:	5b e3       	ldi	r21, 0x3B	; 59
    35f2:	0e 94 95 39 	call	0x732a	; 0x732a <__udivmodsi4>
    35f6:	12 2f       	mov	r17, r18
    35f8:	03 2f       	mov	r16, r19
    35fa:	20 e4       	ldi	r18, 0x40	; 64
    35fc:	32 e4       	ldi	r19, 0x42	; 66
    35fe:	4f e0       	ldi	r20, 0x0F	; 15
    3600:	50 e0       	ldi	r21, 0x00	; 0
    3602:	0e 94 95 39 	call	0x732a	; 0x732a <__udivmodsi4>
    3606:	6b 01       	movw	r12, r22
    3608:	7c 01       	movw	r14, r24
/home/jgalera/develop/arduino/usdx/usdx_plus_orange/src/interface/cat.cpp:194
  tf -= m * 1000000lu;
  k = (unsigned int)(tf / 1000lu);
  tf -= k * 1000lu;
  h = (unsigned int)tf;

  sprintf(Catbuffer, "FA%02u%03u", g, m);
    360a:	3f 93       	push	r19
    360c:	2f 93       	push	r18
    360e:	0f 93       	push	r16
    3610:	1f 93       	push	r17
    3612:	8f e9       	ldi	r24, 0x9F	; 159
    3614:	92 e0       	ldi	r25, 0x02	; 2
    3616:	9f 93       	push	r25
    3618:	8f 93       	push	r24
    361a:	8e 01       	movw	r16, r28
    361c:	0f 5f       	subi	r16, 0xFF	; 255
    361e:	1f 4f       	sbci	r17, 0xFF	; 255
    3620:	1f 93       	push	r17
    3622:	0f 93       	push	r16
    3624:	0e 94 dc 3a 	call	0x75b8	; 0x75b8 <sprintf>
/home/jgalera/develop/arduino/usdx/usdx_plus_orange/src/interface/cat.cpp:195
  Serial.print(Catbuffer);
    3628:	b8 01       	movw	r22, r16
    362a:	8a e1       	ldi	r24, 0x1A	; 26
    362c:	96 e0       	ldi	r25, 0x06	; 6
    362e:	0e 94 0d 1a 	call	0x341a	; 0x341a <Print::print(char const*)>
/home/jgalera/develop/arduino/usdx/usdx_plus_orange/src/interface/cat.cpp:192
  tf -= g * 1000000000lu;
  m = (unsigned int)(tf / 1000000lu);
  tf -= m * 1000000lu;
  k = (unsigned int)(tf / 1000lu);
  tf -= k * 1000lu;
  h = (unsigned int)tf;
    3632:	c7 01       	movw	r24, r14
    3634:	b6 01       	movw	r22, r12
    3636:	28 ee       	ldi	r18, 0xE8	; 232
    3638:	33 e0       	ldi	r19, 0x03	; 3
    363a:	40 e0       	ldi	r20, 0x00	; 0
    363c:	50 e0       	ldi	r21, 0x00	; 0
    363e:	0e 94 95 39 	call	0x732a	; 0x732a <__udivmodsi4>
/home/jgalera/develop/arduino/usdx/usdx_plus_orange/src/interface/cat.cpp:196

  sprintf(Catbuffer, "FA%02u%03u", g, m);
  Serial.print(Catbuffer);
  sprintf(Catbuffer, "%03u%03u;", k, h);
    3642:	7f 93       	push	r23
    3644:	6f 93       	push	r22
    3646:	3f 93       	push	r19
    3648:	2f 93       	push	r18
    364a:	8a ea       	ldi	r24, 0xAA	; 170
    364c:	92 e0       	ldi	r25, 0x02	; 2
    364e:	9f 93       	push	r25
    3650:	8f 93       	push	r24
    3652:	1f 93       	push	r17
    3654:	0f 93       	push	r16
    3656:	0e 94 dc 3a 	call	0x75b8	; 0x75b8 <sprintf>
/home/jgalera/develop/arduino/usdx/usdx_plus_orange/src/interface/cat.cpp:197
  Serial.print(Catbuffer);
    365a:	b8 01       	movw	r22, r16
    365c:	8a e1       	ldi	r24, 0x1A	; 26
    365e:	96 e0       	ldi	r25, 0x06	; 6
    3660:	0e 94 0d 1a 	call	0x341a	; 0x341a <Print::print(char const*)>
    3664:	0f b6       	in	r0, 0x3f	; 63
    3666:	f8 94       	cli
    3668:	de bf       	out	0x3e, r29	; 62
    366a:	0f be       	out	0x3f, r0	; 63
    366c:	cd bf       	out	0x3d, r28	; 61
_Z11serialEventv():
/home/jgalera/develop/arduino/usdx/usdx_plus_orange/src/interface/cat.cpp:134
      }
      interrupts();
#else
      analyseCATcmd();
#endif
      delay(10);
    366e:	6a e0       	ldi	r22, 0x0A	; 10
    3670:	70 e0       	ldi	r23, 0x00	; 0
    3672:	80 e0       	ldi	r24, 0x00	; 0
    3674:	90 e0       	ldi	r25, 0x00	; 0
    3676:	0e 94 2d 07 	call	0xe5a	; 0xe5a <delay>
/home/jgalera/develop/arduino/usdx/usdx_plus_orange/src/interface/cat.cpp:140
    } else if (cat_ptr > (CATCMD_SIZE - 1)) {
      Serial.print("E;");
      cat_ptr = 0;
    }
  }
}
    367a:	a0 96       	adiw	r28, 0x20	; 32
    367c:	0f b6       	in	r0, 0x3f	; 63
    367e:	f8 94       	cli
    3680:	de bf       	out	0x3e, r29	; 62
    3682:	0f be       	out	0x3f, r0	; 63
    3684:	cd bf       	out	0x3d, r28	; 61
    3686:	df 91       	pop	r29
    3688:	cf 91       	pop	r28
    368a:	1f 91       	pop	r17
    368c:	0f 91       	pop	r16
    368e:	ff 90       	pop	r15
    3690:	ef 90       	pop	r14
    3692:	df 90       	pop	r13
    3694:	cf 90       	pop	r12
    3696:	08 95       	ret
analyseCATcmd():
/home/jgalera/develop/arduino/usdx/usdx_plus_orange/src/interface/cat.cpp:17

void analyseCATcmd() {
  if ((CATcmd[0] == 'F') && (CATcmd[1] == 'A') && (CATcmd[2] == ';'))
    Command_GETFreqA();

  else if ((CATcmd[0] == 'F') && (CATcmd[1] == 'A') && (CATcmd[13] == ';'))
    3698:	80 91 a5 05 	lds	r24, 0x05A5	; 0x8005a5 <CATcmd+0xd>
    369c:	8b 33       	cpi	r24, 0x3B	; 59
    369e:	99 f5       	brne	.+102    	; 0x3706 <serialEvent()+0x1e2>
Command_SETFreqA():
/home/jgalera/develop/arduino/usdx/usdx_plus_orange/src/interface/cat.cpp:202
  Serial.print(Catbuffer);
}

void Command_SETFreqA() {
  char Catbuffer[16];
  strncpy(Catbuffer, CATcmd + 2, 11);
    36a0:	4b e0       	ldi	r20, 0x0B	; 11
    36a2:	50 e0       	ldi	r21, 0x00	; 0
    36a4:	6a e9       	ldi	r22, 0x9A	; 154
    36a6:	75 e0       	ldi	r23, 0x05	; 5
    36a8:	ce 01       	movw	r24, r28
    36aa:	01 96       	adiw	r24, 0x01	; 1
    36ac:	0e 94 cd 3a 	call	0x759a	; 0x759a <strncpy>
/home/jgalera/develop/arduino/usdx/usdx_plus_orange/src/interface/cat.cpp:203
  Catbuffer[11] = '\0';
    36b0:	1c 86       	std	Y+12, r1	; 0x0c
/home/jgalera/develop/arduino/usdx/usdx_plus_orange/src/interface/cat.cpp:205

  freq = (uint32_t)atol(Catbuffer);
    36b2:	ce 01       	movw	r24, r28
    36b4:	01 96       	adiw	r24, 0x01	; 1
    36b6:	0e 94 e9 33 	call	0x67d2	; 0x67d2 <atol>
    36ba:	60 93 b4 01 	sts	0x01B4, r22	; 0x8001b4 <freq>
    36be:	70 93 b5 01 	sts	0x01B5, r23	; 0x8001b5 <freq+0x1>
    36c2:	80 93 b6 01 	sts	0x01B6, r24	; 0x8001b6 <freq+0x2>
    36c6:	90 93 b7 01 	sts	0x01B7, r25	; 0x8001b7 <freq+0x3>
/home/jgalera/develop/arduino/usdx/usdx_plus_orange/src/interface/cat.cpp:206
  change = true;
    36ca:	81 e0       	ldi	r24, 0x01	; 1
    36cc:	80 93 c5 01 	sts	0x01C5, r24	; 0x8001c5 <change>
    36d0:	ce cf       	rjmp	.-100    	; 0x366e <serialEvent()+0x14a>
analyseCATcmd():
/home/jgalera/develop/arduino/usdx/usdx_plus_orange/src/interface/cat.cpp:20
    Command_GETFreqA();

  else if ((CATcmd[0] == 'F') && (CATcmd[1] == 'A') && (CATcmd[13] == ';'))
    Command_SETFreqA();

  else if ((CATcmd[0] == 'I') && (CATcmd[1] == 'F') && (CATcmd[2] == ';'))
    36d2:	89 34       	cpi	r24, 0x49	; 73
    36d4:	d9 f4       	brne	.+54     	; 0x370c <serialEvent()+0x1e8>
    36d6:	80 91 99 05 	lds	r24, 0x0599	; 0x800599 <CATcmd+0x1>
    36da:	86 34       	cpi	r24, 0x46	; 70
    36dc:	61 f4       	brne	.+24     	; 0x36f6 <serialEvent()+0x1d2>
    36de:	80 91 9a 05 	lds	r24, 0x059A	; 0x80059a <CATcmd+0x2>
    36e2:	8b 33       	cpi	r24, 0x3B	; 59
    36e4:	81 f4       	brne	.+32     	; 0x3706 <serialEvent()+0x1e2>
Command_IF():
/home/jgalera/develop/arduino/usdx/usdx_plus_orange/src/interface/cat.cpp:211
  change = true;
}

void Command_IF() {
#ifdef _SERIAL
  if (!cat_active)
    36e6:	80 91 18 06 	lds	r24, 0x0618	; 0x800618 <cat_active>
    36ea:	88 23       	and	r24, r24
    36ec:	09 f4       	brne	.+2      	; 0x36f0 <serialEvent()+0x1cc>
    36ee:	bf cf       	rjmp	.-130    	; 0x366e <serialEvent()+0x14a>
    36f0:	0e 94 15 1a 	call	0x342a	; 0x342a <Command_IF() [clone .part.1]>
    36f4:	bc cf       	rjmp	.-136    	; 0x366e <serialEvent()+0x14a>
analyseCATcmd():
/home/jgalera/develop/arduino/usdx/usdx_plus_orange/src/interface/cat.cpp:23
    Command_SETFreqA();

  else if ((CATcmd[0] == 'I') && (CATcmd[1] == 'F') && (CATcmd[2] == ';'))
    Command_IF();

  else if ((CATcmd[0] == 'I') && (CATcmd[1] == 'D') && (CATcmd[2] == ';'))
    36f6:	84 34       	cpi	r24, 0x44	; 68
    36f8:	31 f4       	brne	.+12     	; 0x3706 <serialEvent()+0x1e2>
    36fa:	80 91 9a 05 	lds	r24, 0x059A	; 0x80059a <CATcmd+0x2>
Command_ID():
/home/jgalera/develop/arduino/usdx/usdx_plus_orange/src/interface/cat.cpp:299
  char Catbuffer[16];
  sprintf(Catbuffer, "VX%c;", mode);
  Serial.print(Catbuffer);
}

void Command_ID() { Serial.print("ID020;"); }
    36fe:	64 eb       	ldi	r22, 0xB4	; 180
    3700:	72 e0       	ldi	r23, 0x02	; 2
analyseCATcmd():
/home/jgalera/develop/arduino/usdx/usdx_plus_orange/src/interface/cat.cpp:23
    Command_SETFreqA();

  else if ((CATcmd[0] == 'I') && (CATcmd[1] == 'F') && (CATcmd[2] == ';'))
    Command_IF();

  else if ((CATcmd[0] == 'I') && (CATcmd[1] == 'D') && (CATcmd[2] == ';'))
    3702:	8b 33       	cpi	r24, 0x3B	; 59
    3704:	f9 f0       	breq	.+62     	; 0x3744 <serialEvent()+0x220>
/home/jgalera/develop/arduino/usdx/usdx_plus_orange/src/interface/cat.cpp:94
  else if ((CATcmd[0] == 'U') && (CATcmd[1] == 'A') && (CATcmd[3] == ';'))
    Command_UA(CATcmd[2]);
#endif

  else {
    Serial.print("?;");
    3706:	60 ef       	ldi	r22, 0xF0	; 240
    3708:	72 e0       	ldi	r23, 0x02	; 2
    370a:	1c c0       	rjmp	.+56     	; 0x3744 <serialEvent()+0x220>
/home/jgalera/develop/arduino/usdx/usdx_plus_orange/src/interface/cat.cpp:26
    Command_IF();

  else if ((CATcmd[0] == 'I') && (CATcmd[1] == 'D') && (CATcmd[2] == ';'))
    Command_ID();

  else if ((CATcmd[0] == 'P') && (CATcmd[1] == 'S') && (CATcmd[2] == ';'))
    370c:	80 35       	cpi	r24, 0x50	; 80
    370e:	69 f4       	brne	.+26     	; 0x372a <serialEvent()+0x206>
    3710:	80 91 99 05 	lds	r24, 0x0599	; 0x800599 <CATcmd+0x1>
    3714:	83 35       	cpi	r24, 0x53	; 83
    3716:	b9 f7       	brne	.-18     	; 0x3706 <serialEvent()+0x1e2>
    3718:	80 91 9a 05 	lds	r24, 0x059A	; 0x80059a <CATcmd+0x2>
Command_PS():
/home/jgalera/develop/arduino/usdx/usdx_plus_orange/src/interface/cat.cpp:300
  sprintf(Catbuffer, "VX%c;", mode);
  Serial.print(Catbuffer);
}

void Command_ID() { Serial.print("ID020;"); }
void Command_PS() { Serial.print("PS1;"); }
    371c:	6b eb       	ldi	r22, 0xBB	; 187
    371e:	72 e0       	ldi	r23, 0x02	; 2
analyseCATcmd():
/home/jgalera/develop/arduino/usdx/usdx_plus_orange/src/interface/cat.cpp:26
    Command_IF();

  else if ((CATcmd[0] == 'I') && (CATcmd[1] == 'D') && (CATcmd[2] == ';'))
    Command_ID();

  else if ((CATcmd[0] == 'P') && (CATcmd[1] == 'S') && (CATcmd[2] == ';'))
    3720:	8b 33       	cpi	r24, 0x3B	; 59
    3722:	81 f0       	breq	.+32     	; 0x3744 <serialEvent()+0x220>
/home/jgalera/develop/arduino/usdx/usdx_plus_orange/src/interface/cat.cpp:29
    Command_PS();

  else if ((CATcmd[0] == 'P') && (CATcmd[1] == 'S') && (CATcmd[2] == '1'))
    3724:	81 33       	cpi	r24, 0x31	; 49
    3726:	79 f7       	brne	.-34     	; 0x3706 <serialEvent()+0x1e2>
    3728:	a2 cf       	rjmp	.-188    	; 0x366e <serialEvent()+0x14a>
/home/jgalera/develop/arduino/usdx/usdx_plus_orange/src/interface/cat.cpp:32
    Command_PS1();

  else if ((CATcmd[0] == 'A') && (CATcmd[1] == 'I') && (CATcmd[2] == ';'))
    372a:	81 34       	cpi	r24, 0x41	; 65
    372c:	99 f4       	brne	.+38     	; 0x3754 <serialEvent()+0x230>
    372e:	80 91 99 05 	lds	r24, 0x0599	; 0x800599 <CATcmd+0x1>
    3732:	89 34       	cpi	r24, 0x49	; 73
    3734:	09 f0       	breq	.+2      	; 0x3738 <serialEvent()+0x214>
    3736:	79 c0       	rjmp	.+242    	; 0x382a <serialEvent()+0x306>
    3738:	80 91 9a 05 	lds	r24, 0x059A	; 0x80059a <CATcmd+0x2>
    373c:	8b 33       	cpi	r24, 0x3B	; 59
    373e:	39 f4       	brne	.+14     	; 0x374e <serialEvent()+0x22a>
Command_AI():
/home/jgalera/develop/arduino/usdx/usdx_plus_orange/src/interface/cat.cpp:238
  Serial.print(mode + 1);
  sprintf(Catbuffer, "0000000;");
  Serial.print(Catbuffer);
}

void Command_AI() { Serial.print("AI0;"); }
    3740:	60 ec       	ldi	r22, 0xC0	; 192
    3742:	72 e0       	ldi	r23, 0x02	; 2
analyseCATcmd():
/home/jgalera/develop/arduino/usdx/usdx_plus_orange/src/interface/cat.cpp:94
  else if ((CATcmd[0] == 'U') && (CATcmd[1] == 'A') && (CATcmd[3] == ';'))
    Command_UA(CATcmd[2]);
#endif

  else {
    Serial.print("?;");
    3744:	8a e1       	ldi	r24, 0x1A	; 26
    3746:	96 e0       	ldi	r25, 0x06	; 6
    3748:	0e 94 0d 1a 	call	0x341a	; 0x341a <Print::print(char const*)>
    374c:	90 cf       	rjmp	.-224    	; 0x366e <serialEvent()+0x14a>
/home/jgalera/develop/arduino/usdx/usdx_plus_orange/src/interface/cat.cpp:35
    Command_PS1();

  else if ((CATcmd[0] == 'A') && (CATcmd[1] == 'I') && (CATcmd[2] == ';'))
    Command_AI();

  else if ((CATcmd[0] == 'A') && (CATcmd[1] == 'I') && (CATcmd[2] == '0'))
    374e:	80 33       	cpi	r24, 0x30	; 48
    3750:	d1 f6       	brne	.-76     	; 0x3706 <serialEvent()+0x1e2>
    3752:	f6 cf       	rjmp	.-20     	; 0x3740 <serialEvent()+0x21c>
/home/jgalera/develop/arduino/usdx/usdx_plus_orange/src/interface/cat.cpp:38
    Command_AI0();

  else if ((CATcmd[0] == 'M') && (CATcmd[1] == 'D') && (CATcmd[2] == ';'))
    3754:	8d 34       	cpi	r24, 0x4D	; 77
    3756:	c1 f5       	brne	.+112    	; 0x37c8 <serialEvent()+0x2a4>
    3758:	80 91 99 05 	lds	r24, 0x0599	; 0x800599 <CATcmd+0x1>
    375c:	84 34       	cpi	r24, 0x44	; 68
    375e:	99 f6       	brne	.-90     	; 0x3706 <serialEvent()+0x1e2>
    3760:	80 91 9a 05 	lds	r24, 0x059A	; 0x80059a <CATcmd+0x2>
    3764:	8b 33       	cpi	r24, 0x3B	; 59
    3766:	a9 f4       	brne	.+42     	; 0x3792 <serialEvent()+0x26e>
Command_GetMD():
/home/jgalera/develop/arduino/usdx/usdx_plus_orange/src/interface/cat.cpp:251
}

void Command_FL0() { Serial.print("FL0;"); }

void Command_GetMD() {
  Serial.print("MD");
    3768:	65 ec       	ldi	r22, 0xC5	; 197
    376a:	72 e0       	ldi	r23, 0x02	; 2
    376c:	8a e1       	ldi	r24, 0x1A	; 26
    376e:	96 e0       	ldi	r25, 0x06	; 6
    3770:	0e 94 0d 1a 	call	0x341a	; 0x341a <Print::print(char const*)>
/home/jgalera/develop/arduino/usdx/usdx_plus_orange/src/interface/cat.cpp:252
  Serial.print(mode + 1);
    3774:	60 91 cc 01 	lds	r22, 0x01CC	; 0x8001cc <mode>
    3778:	70 e0       	ldi	r23, 0x00	; 0
    377a:	6f 5f       	subi	r22, 0xFF	; 255
    377c:	7f 4f       	sbci	r23, 0xFF	; 255
    377e:	8a e1       	ldi	r24, 0x1A	; 26
    3780:	96 e0       	ldi	r25, 0x06	; 6
    3782:	0e 94 cf 19 	call	0x339e	; 0x339e <Print::print(int, int) [clone .constprop.58]>
/home/jgalera/develop/arduino/usdx/usdx_plus_orange/src/interface/cat.cpp:253
  Serial.print(';');
    3786:	6b e3       	ldi	r22, 0x3B	; 59
    3788:	8a e1       	ldi	r24, 0x1A	; 26
    378a:	96 e0       	ldi	r25, 0x06	; 6
    378c:	0e 94 6c 07 	call	0xed8	; 0xed8 <Print::print(char)>
    3790:	6e cf       	rjmp	.-292    	; 0x366e <serialEvent()+0x14a>
analyseCATcmd():
/home/jgalera/develop/arduino/usdx/usdx_plus_orange/src/interface/cat.cpp:41
    Command_AI0();

  else if ((CATcmd[0] == 'M') && (CATcmd[1] == 'D') && (CATcmd[2] == ';'))
    Command_GetMD();

  else if ((CATcmd[0] == 'M') && (CATcmd[1] == 'D') && (CATcmd[3] == ';'))
    3792:	90 91 9b 05 	lds	r25, 0x059B	; 0x80059b <CATcmd+0x3>
    3796:	9b 33       	cpi	r25, 0x3B	; 59
    3798:	09 f0       	breq	.+2      	; 0x379c <serialEvent()+0x278>
    379a:	b5 cf       	rjmp	.-150    	; 0x3706 <serialEvent()+0x1e2>
Command_SetMD():
/home/jgalera/develop/arduino/usdx/usdx_plus_orange/src/interface/cat.cpp:257
  Serial.print(mode + 1);
  Serial.print(';');
}

void Command_SetMD() {
  mode = CATcmd[2] - '1';
    379c:	81 53       	subi	r24, 0x31	; 49
    379e:	80 93 cc 01 	sts	0x01CC, r24	; 0x8001cc <mode>
/home/jgalera/develop/arduino/usdx/usdx_plus_orange/src/interface/cat.cpp:258
  vfomode[vfosel % 2] = mode;
    37a2:	80 91 cc 01 	lds	r24, 0x01CC	; 0x8001cc <mode>
    37a6:	90 91 eb 05 	lds	r25, 0x05EB	; 0x8005eb <vfosel>
    37aa:	09 2f       	mov	r16, r25
    37ac:	01 70       	andi	r16, 0x01	; 1
    37ae:	10 e0       	ldi	r17, 0x00	; 0
    37b0:	f8 01       	movw	r30, r16
    37b2:	e0 54       	subi	r30, 0x40	; 64
    37b4:	fe 4f       	sbci	r31, 0xFE	; 254
    37b6:	80 83       	st	Z, r24
/home/jgalera/develop/arduino/usdx/usdx_plus_orange/src/interface/cat.cpp:259
  change = true;
    37b8:	81 e0       	ldi	r24, 0x01	; 1
    37ba:	80 93 c5 01 	sts	0x01C5, r24	; 0x8001c5 <change>
/home/jgalera/develop/arduino/usdx/usdx_plus_orange/src/interface/cat.cpp:260
  si5351.iqmsa = 0;
    37be:	10 92 cf 06 	sts	0x06CF, r1	; 0x8006cf <si5351+0x18>
    37c2:	10 92 ce 06 	sts	0x06CE, r1	; 0x8006ce <si5351+0x17>
    37c6:	53 cf       	rjmp	.-346    	; 0x366e <serialEvent()+0x14a>
analyseCATcmd():
/home/jgalera/develop/arduino/usdx/usdx_plus_orange/src/interface/cat.cpp:44
    Command_GetMD();

  else if ((CATcmd[0] == 'M') && (CATcmd[1] == 'D') && (CATcmd[3] == ';'))
    Command_SetMD();

  else if ((CATcmd[0] == 'R') && (CATcmd[1] == 'X') && (CATcmd[2] == ';'))
    37c8:	82 35       	cpi	r24, 0x52	; 82
    37ca:	c1 f4       	brne	.+48     	; 0x37fc <serialEvent()+0x2d8>
    37cc:	80 91 99 05 	lds	r24, 0x0599	; 0x800599 <CATcmd+0x1>
    37d0:	88 35       	cpi	r24, 0x58	; 88
    37d2:	09 f0       	breq	.+2      	; 0x37d6 <serialEvent()+0x2b2>
    37d4:	44 c0       	rjmp	.+136    	; 0x385e <serialEvent()+0x33a>
    37d6:	80 91 9a 05 	lds	r24, 0x059A	; 0x80059a <CATcmd+0x2>
    37da:	8b 33       	cpi	r24, 0x3B	; 59
    37dc:	09 f0       	breq	.+2      	; 0x37e0 <serialEvent()+0x2bc>
    37de:	93 cf       	rjmp	.-218    	; 0x3706 <serialEvent()+0x1e2>
Command_RX():
/home/jgalera/develop/arduino/usdx/usdx_plus_orange/src/interface/cat.cpp:267

void Command_AI0() { Serial.print("AI0;"); }

void Command_RX() {
#ifdef TX_ENABLE
  switch_rxtx(0);
    37e0:	80 e0       	ldi	r24, 0x00	; 0
    37e2:	0e 94 84 17 	call	0x2f08	; 0x2f08 <switch_rxtx(unsigned char)>
/home/jgalera/develop/arduino/usdx/usdx_plus_orange/src/interface/cat.cpp:268
  semi_qsk_timeout = 0;
    37e6:	10 92 02 06 	sts	0x0602, r1	; 0x800602 <semi_qsk_timeout>
    37ea:	10 92 03 06 	sts	0x0603, r1	; 0x800603 <semi_qsk_timeout+0x1>
    37ee:	10 92 04 06 	sts	0x0604, r1	; 0x800604 <semi_qsk_timeout+0x2>
    37f2:	10 92 05 06 	sts	0x0605, r1	; 0x800605 <semi_qsk_timeout+0x3>
/home/jgalera/develop/arduino/usdx/usdx_plus_orange/src/interface/cat.cpp:270
#endif
  Serial.print("RX0;");
    37f6:	68 ec       	ldi	r22, 0xC8	; 200
    37f8:	72 e0       	ldi	r23, 0x02	; 2
    37fa:	a4 cf       	rjmp	.-184    	; 0x3744 <serialEvent()+0x220>
analyseCATcmd():
/home/jgalera/develop/arduino/usdx/usdx_plus_orange/src/interface/cat.cpp:47
    Command_SetMD();

  else if ((CATcmd[0] == 'R') && (CATcmd[1] == 'X') && (CATcmd[2] == ';'))
    Command_RX();

  else if ((CATcmd[0] == 'T') && (CATcmd[1] == 'X') && (CATcmd[2] == ';'))
    37fc:	84 35       	cpi	r24, 0x54	; 84
    37fe:	01 f5       	brne	.+64     	; 0x3840 <serialEvent()+0x31c>
    3800:	80 91 99 05 	lds	r24, 0x0599	; 0x800599 <CATcmd+0x1>
    3804:	88 35       	cpi	r24, 0x58	; 88
    3806:	09 f0       	breq	.+2      	; 0x380a <serialEvent()+0x2e6>
    3808:	7e cf       	rjmp	.-260    	; 0x3706 <serialEvent()+0x1e2>
    380a:	80 91 9a 05 	lds	r24, 0x059A	; 0x80059a <CATcmd+0x2>
    380e:	8b 33       	cpi	r24, 0x3B	; 59
    3810:	21 f4       	brne	.+8      	; 0x381a <serialEvent()+0x2f6>
Command_TX0():
/home/jgalera/develop/arduino/usdx/usdx_plus_orange/src/interface/cat.cpp:275
  Serial.print("RX0;");
}

void Command_TX0() {
#ifdef TX_ENABLE
  switch_rxtx(1);
    3812:	81 e0       	ldi	r24, 0x01	; 1
    3814:	0e 94 84 17 	call	0x2f08	; 0x2f08 <switch_rxtx(unsigned char)>
    3818:	2a cf       	rjmp	.-428    	; 0x366e <serialEvent()+0x14a>
analyseCATcmd():
/home/jgalera/develop/arduino/usdx/usdx_plus_orange/src/interface/cat.cpp:50
    Command_RX();

  else if ((CATcmd[0] == 'T') && (CATcmd[1] == 'X') && (CATcmd[2] == ';'))
    Command_TX0();

  else if ((CATcmd[0] == 'T') && (CATcmd[1] == 'X') && (CATcmd[2] == '0'))
    381a:	80 33       	cpi	r24, 0x30	; 48
    381c:	d1 f3       	breq	.-12     	; 0x3812 <serialEvent()+0x2ee>
/home/jgalera/develop/arduino/usdx/usdx_plus_orange/src/interface/cat.cpp:53
    Command_TX0();

  else if ((CATcmd[0] == 'T') && (CATcmd[1] == 'X') && (CATcmd[2] == '1'))
    381e:	81 33       	cpi	r24, 0x31	; 49
    3820:	c1 f3       	breq	.-16     	; 0x3812 <serialEvent()+0x2ee>
/home/jgalera/develop/arduino/usdx/usdx_plus_orange/src/interface/cat.cpp:56
    Command_TX1();

  else if ((CATcmd[0] == 'T') && (CATcmd[1] == 'X') && (CATcmd[2] == '2'))
    3822:	82 33       	cpi	r24, 0x32	; 50
    3824:	09 f0       	breq	.+2      	; 0x3828 <serialEvent()+0x304>
    3826:	6f cf       	rjmp	.-290    	; 0x3706 <serialEvent()+0x1e2>
    3828:	f4 cf       	rjmp	.-24     	; 0x3812 <serialEvent()+0x2ee>
/home/jgalera/develop/arduino/usdx/usdx_plus_orange/src/interface/cat.cpp:59
    Command_TX2();

  else if ((CATcmd[0] == 'A') && (CATcmd[1] == 'G') && (CATcmd[2] == '0'))
    382a:	87 34       	cpi	r24, 0x47	; 71
    382c:	09 f0       	breq	.+2      	; 0x3830 <serialEvent()+0x30c>
    382e:	6b cf       	rjmp	.-298    	; 0x3706 <serialEvent()+0x1e2>
    3830:	80 91 9a 05 	lds	r24, 0x059A	; 0x80059a <CATcmd+0x2>
Command_AG0():
/home/jgalera/develop/arduino/usdx/usdx_plus_orange/src/interface/cat.cpp:239
  sprintf(Catbuffer, "0000000;");
  Serial.print(Catbuffer);
}

void Command_AI() { Serial.print("AI0;"); }
void Command_AG0() { Serial.print("AG0;"); }
    3834:	6d ec       	ldi	r22, 0xCD	; 205
    3836:	72 e0       	ldi	r23, 0x02	; 2
analyseCATcmd():
/home/jgalera/develop/arduino/usdx/usdx_plus_orange/src/interface/cat.cpp:59
    Command_TX1();

  else if ((CATcmd[0] == 'T') && (CATcmd[1] == 'X') && (CATcmd[2] == '2'))
    Command_TX2();

  else if ((CATcmd[0] == 'A') && (CATcmd[1] == 'G') && (CATcmd[2] == '0'))
    3838:	80 33       	cpi	r24, 0x30	; 48
    383a:	09 f0       	breq	.+2      	; 0x383e <serialEvent()+0x31a>
    383c:	64 cf       	rjmp	.-312    	; 0x3706 <serialEvent()+0x1e2>
    383e:	82 cf       	rjmp	.-252    	; 0x3744 <serialEvent()+0x220>
/home/jgalera/develop/arduino/usdx/usdx_plus_orange/src/interface/cat.cpp:62
    Command_AG0();

  else if ((CATcmd[0] == 'X') && (CATcmd[1] == 'T') && (CATcmd[2] == '1'))
    3840:	88 35       	cpi	r24, 0x58	; 88
    3842:	d9 f5       	brne	.+118    	; 0x38ba <serialEvent()+0x396>
    3844:	80 91 99 05 	lds	r24, 0x0599	; 0x800599 <CATcmd+0x1>
    3848:	84 35       	cpi	r24, 0x54	; 84
    384a:	09 f0       	breq	.+2      	; 0x384e <serialEvent()+0x32a>
    384c:	5c cf       	rjmp	.-328    	; 0x3706 <serialEvent()+0x1e2>
    384e:	80 91 9a 05 	lds	r24, 0x059A	; 0x80059a <CATcmd+0x2>
Command_XT1():
/home/jgalera/develop/arduino/usdx/usdx_plus_orange/src/interface/cat.cpp:240
  Serial.print(Catbuffer);
}

void Command_AI() { Serial.print("AI0;"); }
void Command_AG0() { Serial.print("AG0;"); }
void Command_XT1() { Serial.print("XT1;"); }
    3852:	62 ed       	ldi	r22, 0xD2	; 210
    3854:	72 e0       	ldi	r23, 0x02	; 2
analyseCATcmd():
/home/jgalera/develop/arduino/usdx/usdx_plus_orange/src/interface/cat.cpp:62
    Command_TX2();

  else if ((CATcmd[0] == 'A') && (CATcmd[1] == 'G') && (CATcmd[2] == '0'))
    Command_AG0();

  else if ((CATcmd[0] == 'X') && (CATcmd[1] == 'T') && (CATcmd[2] == '1'))
    3856:	81 33       	cpi	r24, 0x31	; 49
    3858:	09 f0       	breq	.+2      	; 0x385c <serialEvent()+0x338>
    385a:	55 cf       	rjmp	.-342    	; 0x3706 <serialEvent()+0x1e2>
    385c:	73 cf       	rjmp	.-282    	; 0x3744 <serialEvent()+0x220>
/home/jgalera/develop/arduino/usdx/usdx_plus_orange/src/interface/cat.cpp:65
    Command_XT1();

  else if ((CATcmd[0] == 'R') && (CATcmd[1] == 'T') && (CATcmd[2] == '1'))
    385e:	84 35       	cpi	r24, 0x54	; 84
    3860:	41 f4       	brne	.+16     	; 0x3872 <serialEvent()+0x34e>
    3862:	80 91 9a 05 	lds	r24, 0x059A	; 0x80059a <CATcmd+0x2>
Command_RT1():
/home/jgalera/develop/arduino/usdx/usdx_plus_orange/src/interface/cat.cpp:241
}

void Command_AI() { Serial.print("AI0;"); }
void Command_AG0() { Serial.print("AG0;"); }
void Command_XT1() { Serial.print("XT1;"); }
void Command_RT1() { Serial.print("RT1;"); }
    3866:	67 ed       	ldi	r22, 0xD7	; 215
    3868:	72 e0       	ldi	r23, 0x02	; 2
analyseCATcmd():
/home/jgalera/develop/arduino/usdx/usdx_plus_orange/src/interface/cat.cpp:65
    Command_AG0();

  else if ((CATcmd[0] == 'X') && (CATcmd[1] == 'T') && (CATcmd[2] == '1'))
    Command_XT1();

  else if ((CATcmd[0] == 'R') && (CATcmd[1] == 'T') && (CATcmd[2] == '1'))
    386a:	81 33       	cpi	r24, 0x31	; 49
    386c:	09 f0       	breq	.+2      	; 0x3870 <serialEvent()+0x34c>
    386e:	4b cf       	rjmp	.-362    	; 0x3706 <serialEvent()+0x1e2>
    3870:	69 cf       	rjmp	.-302    	; 0x3744 <serialEvent()+0x220>
/home/jgalera/develop/arduino/usdx/usdx_plus_orange/src/interface/cat.cpp:68
    Command_RT1();

  else if ((CATcmd[0] == 'R') && (CATcmd[1] == 'C') && (CATcmd[2] == ';'))
    3872:	83 34       	cpi	r24, 0x43	; 67
    3874:	b9 f4       	brne	.+46     	; 0x38a4 <serialEvent()+0x380>
    3876:	80 91 9a 05 	lds	r24, 0x059A	; 0x80059a <CATcmd+0x2>
    387a:	8b 33       	cpi	r24, 0x3B	; 59
    387c:	09 f0       	breq	.+2      	; 0x3880 <serialEvent()+0x35c>
    387e:	43 cf       	rjmp	.-378    	; 0x3706 <serialEvent()+0x1e2>
Command_RC():
/home/jgalera/develop/arduino/usdx/usdx_plus_orange/src/interface/cat.cpp:244
void Command_AG0() { Serial.print("AG0;"); }
void Command_XT1() { Serial.print("XT1;"); }
void Command_RT1() { Serial.print("RT1;"); }

void Command_RC() {
  rit = 0;
    3880:	10 92 ee 05 	sts	0x05EE, r1	; 0x8005ee <rit+0x1>
    3884:	10 92 ed 05 	sts	0x05ED, r1	; 0x8005ed <rit>
/home/jgalera/develop/arduino/usdx/usdx_plus_orange/src/interface/cat.cpp:245
  Serial.print("RC;");
    3888:	6c ed       	ldi	r22, 0xDC	; 220
    388a:	72 e0       	ldi	r23, 0x02	; 2
    388c:	5b cf       	rjmp	.-330    	; 0x3744 <serialEvent()+0x220>
analyseCATcmd():
/home/jgalera/develop/arduino/usdx/usdx_plus_orange/src/interface/cat.cpp:71
    Command_RT1();

  else if ((CATcmd[0] == 'R') && (CATcmd[1] == 'C') && (CATcmd[2] == ';'))
    Command_RC();

  else if ((CATcmd[0] == 'F') && (CATcmd[1] == 'L') && (CATcmd[2] == '0'))
    388e:	8c 34       	cpi	r24, 0x4C	; 76
    3890:	09 f0       	breq	.+2      	; 0x3894 <serialEvent()+0x370>
    3892:	39 cf       	rjmp	.-398    	; 0x3706 <serialEvent()+0x1e2>
    3894:	80 91 9a 05 	lds	r24, 0x059A	; 0x80059a <CATcmd+0x2>
Command_FL0():
/home/jgalera/develop/arduino/usdx/usdx_plus_orange/src/interface/cat.cpp:248
void Command_RC() {
  rit = 0;
  Serial.print("RC;");
}

void Command_FL0() { Serial.print("FL0;"); }
    3898:	60 ee       	ldi	r22, 0xE0	; 224
    389a:	72 e0       	ldi	r23, 0x02	; 2
analyseCATcmd():
/home/jgalera/develop/arduino/usdx/usdx_plus_orange/src/interface/cat.cpp:71
    Command_RT1();

  else if ((CATcmd[0] == 'R') && (CATcmd[1] == 'C') && (CATcmd[2] == ';'))
    Command_RC();

  else if ((CATcmd[0] == 'F') && (CATcmd[1] == 'L') && (CATcmd[2] == '0'))
    389c:	80 33       	cpi	r24, 0x30	; 48
    389e:	09 f0       	breq	.+2      	; 0x38a2 <serialEvent()+0x37e>
    38a0:	32 cf       	rjmp	.-412    	; 0x3706 <serialEvent()+0x1e2>
    38a2:	50 cf       	rjmp	.-352    	; 0x3744 <serialEvent()+0x220>
/home/jgalera/develop/arduino/usdx/usdx_plus_orange/src/interface/cat.cpp:74
    Command_FL0();

  else if ((CATcmd[0] == 'R') && (CATcmd[1] == 'S') && (CATcmd[2] == ';'))
    38a4:	83 35       	cpi	r24, 0x53	; 83
    38a6:	09 f0       	breq	.+2      	; 0x38aa <serialEvent()+0x386>
    38a8:	2e cf       	rjmp	.-420    	; 0x3706 <serialEvent()+0x1e2>
    38aa:	80 91 9a 05 	lds	r24, 0x059A	; 0x80059a <CATcmd+0x2>
Command_RS():
/home/jgalera/develop/arduino/usdx/usdx_plus_orange/src/interface/cat.cpp:291
#ifdef TX_ENABLE
  switch_rxtx(1);
#endif
}

void Command_RS() { Serial.print("RS0;"); }
    38ae:	65 ee       	ldi	r22, 0xE5	; 229
    38b0:	72 e0       	ldi	r23, 0x02	; 2
analyseCATcmd():
/home/jgalera/develop/arduino/usdx/usdx_plus_orange/src/interface/cat.cpp:74
    Command_RC();

  else if ((CATcmd[0] == 'F') && (CATcmd[1] == 'L') && (CATcmd[2] == '0'))
    Command_FL0();

  else if ((CATcmd[0] == 'R') && (CATcmd[1] == 'S') && (CATcmd[2] == ';'))
    38b2:	8b 33       	cpi	r24, 0x3B	; 59
    38b4:	09 f0       	breq	.+2      	; 0x38b8 <serialEvent()+0x394>
    38b6:	27 cf       	rjmp	.-434    	; 0x3706 <serialEvent()+0x1e2>
    38b8:	45 cf       	rjmp	.-374    	; 0x3744 <serialEvent()+0x220>
/home/jgalera/develop/arduino/usdx/usdx_plus_orange/src/interface/cat.cpp:77
    Command_RS();

  else if ((CATcmd[0] == 'V') && (CATcmd[1] == 'X') && (CATcmd[2] != ';'))
    38ba:	86 35       	cpi	r24, 0x56	; 86
    38bc:	09 f0       	breq	.+2      	; 0x38c0 <serialEvent()+0x39c>
    38be:	23 cf       	rjmp	.-442    	; 0x3706 <serialEvent()+0x1e2>
    38c0:	80 91 99 05 	lds	r24, 0x0599	; 0x800599 <CATcmd+0x1>
    38c4:	88 35       	cpi	r24, 0x58	; 88
    38c6:	09 f0       	breq	.+2      	; 0x38ca <serialEvent()+0x3a6>
    38c8:	1e cf       	rjmp	.-452    	; 0x3706 <serialEvent()+0x1e2>
    38ca:	80 91 9a 05 	lds	r24, 0x059A	; 0x80059a <CATcmd+0x2>
    38ce:	8b 33       	cpi	r24, 0x3B	; 59
    38d0:	09 f4       	brne	.+2      	; 0x38d4 <serialEvent()+0x3b0>
    38d2:	19 cf       	rjmp	.-462    	; 0x3706 <serialEvent()+0x1e2>
Command_VX():
/home/jgalera/develop/arduino/usdx/usdx_plus_orange/src/interface/cat.cpp:295

void Command_RS() { Serial.print("RS0;"); }

void Command_VX(char mode) {
  char Catbuffer[16];
  sprintf(Catbuffer, "VX%c;", mode);
    38d4:	28 2f       	mov	r18, r24
    38d6:	08 2e       	mov	r0, r24
    38d8:	00 0c       	add	r0, r0
    38da:	33 0b       	sbc	r19, r19
    38dc:	3f 93       	push	r19
    38de:	8f 93       	push	r24
    38e0:	8a ee       	ldi	r24, 0xEA	; 234
    38e2:	92 e0       	ldi	r25, 0x02	; 2
    38e4:	9f 93       	push	r25
    38e6:	8f 93       	push	r24
    38e8:	8e 01       	movw	r16, r28
    38ea:	0f 5f       	subi	r16, 0xFF	; 255
    38ec:	1f 4f       	sbci	r17, 0xFF	; 255
    38ee:	1f 93       	push	r17
    38f0:	0f 93       	push	r16
    38f2:	0e 94 dc 3a 	call	0x75b8	; 0x75b8 <sprintf>
/home/jgalera/develop/arduino/usdx/usdx_plus_orange/src/interface/cat.cpp:296
  Serial.print(Catbuffer);
    38f6:	b8 01       	movw	r22, r16
    38f8:	8a e1       	ldi	r24, 0x1A	; 26
    38fa:	96 e0       	ldi	r25, 0x06	; 6
    38fc:	0e 94 0d 1a 	call	0x341a	; 0x341a <Print::print(char const*)>
    3900:	0f 90       	pop	r0
    3902:	0f 90       	pop	r0
    3904:	0f 90       	pop	r0
    3906:	0f 90       	pop	r0
    3908:	0f 90       	pop	r0
    390a:	0f 90       	pop	r0
    390c:	b0 ce       	rjmp	.-672    	; 0x366e <serialEvent()+0x14a>
_Z11serialEventv():
/home/jgalera/develop/arduino/usdx/usdx_plus_orange/src/interface/cat.cpp:135
      interrupts();
#else
      analyseCATcmd();
#endif
      delay(10);
    } else if (cat_ptr > (CATCMD_SIZE - 1)) {
    390e:	80 91 b8 05 	lds	r24, 0x05B8	; 0x8005b8 <cat_ptr>
    3912:	80 32       	cpi	r24, 0x20	; 32
    3914:	08 f4       	brcc	.+2      	; 0x3918 <serialEvent()+0x3f4>
    3916:	b1 ce       	rjmp	.-670    	; 0x367a <serialEvent()+0x156>
/home/jgalera/develop/arduino/usdx/usdx_plus_orange/src/interface/cat.cpp:136
      Serial.print("E;");
    3918:	63 ef       	ldi	r22, 0xF3	; 243
    391a:	72 e0       	ldi	r23, 0x02	; 2
    391c:	8a e1       	ldi	r24, 0x1A	; 26
    391e:	96 e0       	ldi	r25, 0x06	; 6
    3920:	0e 94 0d 1a 	call	0x341a	; 0x341a <Print::print(char const*)>
/home/jgalera/develop/arduino/usdx/usdx_plus_orange/src/interface/cat.cpp:137
      cat_ptr = 0;
    3924:	10 92 b8 05 	sts	0x05B8, r1	; 0x8005b8 <cat_ptr>
    3928:	a8 ce       	rjmp	.-688    	; 0x367a <serialEvent()+0x156>

0000392a <serialEventRun()>:
_Z14serialEventRunv():
/home/jgalera/.arduino15/packages/MiniCore/hardware/avr/3.1.1/cores/MCUdude_corefiles/HardwareSerial.cpp:67
#endif

void serialEventRun(void)
{
#if defined(HAVE_HWSERIAL0)
  if (Serial0_available && serialEvent && Serial0_available()) serialEvent();
    392a:	0e 94 dd 07 	call	0xfba	; 0xfba <Serial0_available()>
    392e:	81 11       	cpse	r24, r1
    3930:	0c 94 92 1a 	jmp	0x3524	; 0x3524 <serialEvent()>
/home/jgalera/.arduino15/packages/MiniCore/hardware/avr/3.1.1/cores/MCUdude_corefiles/HardwareSerial.cpp:78
  if (Serial2_available && serialEvent2 && Serial2_available()) serialEvent2();
#endif
#if defined(HAVE_HWSERIAL3)
  if (Serial3_available && serialEvent3 && Serial3_available()) serialEvent3();
#endif
}
    3934:	08 95       	ret

00003936 <actionCommon(unsigned char, unsigned char*, unsigned char)>:
_Z12actionCommonhPhh():
/home/jgalera/develop/arduino/usdx/usdx_plus_orange/src/core/core.cpp:737
    lcd.print(label);
    lcd.print(F(": "));
  }
}

void actionCommon(uint8_t action, uint8_t *ptr, uint8_t size) {
    3936:	cf 93       	push	r28
    3938:	df 93       	push	r29
    393a:	28 2f       	mov	r18, r24
    393c:	cb 01       	movw	r24, r22
    393e:	60 91 e4 03 	lds	r22, 0x03E4	; 0x8003e4 <eeprom_addr>
    3942:	70 91 e5 03 	lds	r23, 0x03E5	; 0x8003e5 <eeprom_addr+0x1>
    3946:	c4 2f       	mov	r28, r20
    3948:	d0 e0       	ldi	r29, 0x00	; 0
/home/jgalera/develop/arduino/usdx/usdx_plus_orange/src/core/core.cpp:738
  switch (action) {
    394a:	23 30       	cpi	r18, 0x03	; 3
    394c:	79 f0       	breq	.+30     	; 0x396c <actionCommon(unsigned char, unsigned char*, unsigned char)+0x36>
    394e:	24 30       	cpi	r18, 0x04	; 4
    3950:	89 f0       	breq	.+34     	; 0x3974 <actionCommon(unsigned char, unsigned char*, unsigned char)+0x3e>
/home/jgalera/develop/arduino/usdx/usdx_plus_orange/src/core/core.cpp:748
    eeprom_write_block((const void *)ptr, (void *)eeprom_addr, size);
    break;
  case SKIP:
    break;
  }
  eeprom_addr += size;
    3952:	40 91 e4 03 	lds	r20, 0x03E4	; 0x8003e4 <eeprom_addr>
    3956:	50 91 e5 03 	lds	r21, 0x03E5	; 0x8003e5 <eeprom_addr+0x1>
    395a:	c4 0f       	add	r28, r20
    395c:	d5 1f       	adc	r29, r21
    395e:	d0 93 e5 03 	sts	0x03E5, r29	; 0x8003e5 <eeprom_addr+0x1>
    3962:	c0 93 e4 03 	sts	0x03E4, r28	; 0x8003e4 <eeprom_addr>
/home/jgalera/develop/arduino/usdx/usdx_plus_orange/src/core/core.cpp:749
}
    3966:	df 91       	pop	r29
    3968:	cf 91       	pop	r28
    396a:	08 95       	ret
/home/jgalera/develop/arduino/usdx/usdx_plus_orange/src/core/core.cpp:740
}

void actionCommon(uint8_t action, uint8_t *ptr, uint8_t size) {
  switch (action) {
  case LOAD:
    eeprom_read_block((void *)ptr, (const void *)eeprom_addr, size);
    396c:	ae 01       	movw	r20, r28
    396e:	0e 94 ac 36 	call	0x6d58	; 0x6d58 <eeprom_read_block>
    3972:	ef cf       	rjmp	.-34     	; 0x3952 <actionCommon(unsigned char, unsigned char*, unsigned char)+0x1c>
/home/jgalera/develop/arduino/usdx/usdx_plus_orange/src/core/core.cpp:743
    break;
  case SAVE:
    eeprom_write_block((const void *)ptr, (void *)eeprom_addr, size);
    3974:	ae 01       	movw	r20, r28
    3976:	0e 94 c4 36 	call	0x6d88	; 0x6d88 <eeprom_write_block>
    397a:	eb cf       	rjmp	.-42     	; 0x3952 <actionCommon(unsigned char, unsigned char*, unsigned char)+0x1c>

0000397c <void paramAction<unsigned char>(unsigned char, unsigned char volatile&, unsigned char, __FlashStringHelper const*, char const**, long, long, bool) [clone .constprop.46]>:
_Z11paramActionIhEvhRVT_hPK19__FlashStringHelperPPKcllb.constprop.46():
/home/jgalera/develop/arduino/usdx/usdx_plus_orange/src/core/core.h:218
void actionCommon(uint8_t action, uint8_t *ptr, uint8_t size);
int8_t paramAction(uint8_t action, uint8_t id = ALL);

// Template for paramAction (Must remain in header)
template <typename T>
void paramAction(uint8_t action, volatile T &value, uint8_t menuid,
    397c:	4f 92       	push	r4
    397e:	5f 92       	push	r5
    3980:	6f 92       	push	r6
    3982:	7f 92       	push	r7
    3984:	8f 92       	push	r8
    3986:	9f 92       	push	r9
    3988:	af 92       	push	r10
    398a:	bf 92       	push	r11
    398c:	cf 92       	push	r12
    398e:	df 92       	push	r13
    3990:	ef 92       	push	r14
    3992:	ff 92       	push	r15
    3994:	0f 93       	push	r16
    3996:	1f 93       	push	r17
    3998:	cf 93       	push	r28
    399a:	df 93       	push	r29
    399c:	cd b7       	in	r28, 0x3d	; 61
    399e:	de b7       	in	r29, 0x3e	; 62
    39a0:	fb 01       	movw	r30, r22
/home/jgalera/develop/arduino/usdx/usdx_plus_orange/src/core/core.h:221
                 const __FlashStringHelper *label, const char *enumArray[],
                 int32_t _min, int32_t _max, bool continuous) {
  switch (action) {
    39a2:	82 30       	cpi	r24, 0x02	; 2
    39a4:	08 f0       	brcs	.+2      	; 0x39a8 <void paramAction<unsigned char>(unsigned char, unsigned char volatile&, unsigned char, __FlashStringHelper const*, char const**, long, long, bool) [clone .constprop.46]+0x2c>
    39a6:	67 c0       	rjmp	.+206    	; 0x3a76 <void paramAction<unsigned char>(unsigned char, unsigned char volatile&, unsigned char, __FlashStringHelper const*, char const**, long, long, bool) [clone .constprop.46]+0xfa>
/home/jgalera/develop/arduino/usdx/usdx_plus_orange/src/core/core.h:224
  case UPDATE:
  case UPDATE_MENU:
    if (((int32_t)value + encoder_val) < _min)
    39a8:	90 81       	ld	r25, Z
    39aa:	40 90 13 06 	lds	r4, 0x0613	; 0x800613 <encoder_val>
    39ae:	04 2c       	mov	r0, r4
    39b0:	00 0c       	add	r0, r0
    39b2:	55 08       	sbc	r5, r5
    39b4:	66 08       	sbc	r6, r6
    39b6:	77 08       	sbc	r7, r7
    39b8:	49 0e       	add	r4, r25
    39ba:	51 1c       	adc	r5, r1
    39bc:	61 1c       	adc	r6, r1
    39be:	71 1c       	adc	r7, r1
    39c0:	4c 14       	cp	r4, r12
    39c2:	5d 04       	cpc	r5, r13
    39c4:	6e 04       	cpc	r6, r14
    39c6:	7f 04       	cpc	r7, r15
    39c8:	7c f5       	brge	.+94     	; 0x3a28 <void paramAction<unsigned char>(unsigned char, unsigned char volatile&, unsigned char, __FlashStringHelper const*, char const**, long, long, bool) [clone .constprop.46]+0xac>
/home/jgalera/develop/arduino/usdx/usdx_plus_orange/src/core/core.h:225
      value = (continuous) ? _max : _min;
    39ca:	c0 82       	st	Z, r12
    39cc:	69 01       	movw	r12, r18
    39ce:	f4 2e       	mov	r15, r20
    39d0:	5f 01       	movw	r10, r30
    39d2:	e8 2e       	mov	r14, r24
/home/jgalera/develop/arduino/usdx/usdx_plus_orange/src/core/core.h:230
    else if (((int32_t)value + encoder_val) > _max)
      value = (continuous) ? _min : _max;
    else
      value = (int32_t)value + encoder_val;
    encoder_val = 0;
    39d4:	10 92 13 06 	sts	0x0613, r1	; 0x800613 <encoder_val>
/home/jgalera/develop/arduino/usdx/usdx_plus_orange/src/core/core.h:232

    lcd.noCursor();
    39d8:	0e 94 c0 08 	call	0x1180	; 0x1180 <LCD::noCursor() [clone .constprop.50]>
/home/jgalera/develop/arduino/usdx/usdx_plus_orange/src/core/core.h:233
    printlabel(action, menuid, label);
    39dc:	a6 01       	movw	r20, r12
    39de:	6f 2d       	mov	r22, r15
    39e0:	8e 2d       	mov	r24, r14
    39e2:	0e 94 a3 15 	call	0x2b46	; 0x2b46 <printlabel(unsigned char, unsigned char, __FlashStringHelper const*)>
/home/jgalera/develop/arduino/usdx/usdx_plus_orange/src/core/core.h:237
    if (enumArray == NULL) {
      if ((_min < 0) && (value >= 0))
        lcd.print('+');
      lcd.print(value);
    39e6:	f5 01       	movw	r30, r10
/home/jgalera/develop/arduino/usdx/usdx_plus_orange/src/core/core.h:234
      value = (int32_t)value + encoder_val;
    encoder_val = 0;

    lcd.noCursor();
    printlabel(action, menuid, label);
    if (enumArray == NULL) {
    39e8:	01 15       	cp	r16, r1
    39ea:	11 05       	cpc	r17, r1
    39ec:	b1 f5       	brne	.+108    	; 0x3a5a <void paramAction<unsigned char>(unsigned char, unsigned char volatile&, unsigned char, __FlashStringHelper const*, char const**, long, long, bool) [clone .constprop.46]+0xde>
/home/jgalera/develop/arduino/usdx/usdx_plus_orange/src/core/core.h:237
      if ((_min < 0) && (value >= 0))
        lcd.print('+');
      lcd.print(value);
    39ee:	40 81       	ld	r20, Z
print():
/home/jgalera/.arduino15/packages/MiniCore/hardware/avr/3.1.1/cores/MCUdude_corefiles/Print.cpp:74
  return write(c);
}

size_t Print::print(unsigned char b, int base)
{
  return print((unsigned long) b, base);
    39f0:	50 e0       	ldi	r21, 0x00	; 0
    39f2:	70 e0       	ldi	r23, 0x00	; 0
    39f4:	60 e0       	ldi	r22, 0x00	; 0
/home/jgalera/.arduino15/packages/MiniCore/hardware/avr/3.1.1/cores/MCUdude_corefiles/Print.cpp:106
}

size_t Print::print(unsigned long n, int base)
{
  if (base == 0) return write(n);
  else return printNumber(n, base);
    39f6:	2a e0       	ldi	r18, 0x0A	; 10
    39f8:	80 ed       	ldi	r24, 0xD0	; 208
    39fa:	96 e0       	ldi	r25, 0x06	; 6
    39fc:	0e 94 51 19 	call	0x32a2	; 0x32a2 <Print::printNumber(unsigned long, unsigned char)>
_Z11paramActionIhEvhRVT_hPK19__FlashStringHelperPPKcllb.constprop.46():
/home/jgalera/develop/arduino/usdx/usdx_plus_orange/src/core/core.h:241
    } else {
      lcd.print(enumArray[value]);
    }
    lcd_blanks();
    3a00:	0e 94 7a 15 	call	0x2af4	; 0x2af4 <lcd_blanks()>
/home/jgalera/develop/arduino/usdx/usdx_plus_orange/src/core/core.h:248
    break;
  default:
    actionCommon(action, (uint8_t *)&value, sizeof(value));
    break;
  }
}
    3a04:	df 91       	pop	r29
    3a06:	cf 91       	pop	r28
    3a08:	1f 91       	pop	r17
    3a0a:	0f 91       	pop	r16
    3a0c:	ff 90       	pop	r15
    3a0e:	ef 90       	pop	r14
    3a10:	df 90       	pop	r13
    3a12:	cf 90       	pop	r12
    3a14:	bf 90       	pop	r11
    3a16:	af 90       	pop	r10
    3a18:	9f 90       	pop	r9
    3a1a:	8f 90       	pop	r8
    3a1c:	7f 90       	pop	r7
    3a1e:	6f 90       	pop	r6
    3a20:	5f 90       	pop	r5
    3a22:	4f 90       	pop	r4
/home/jgalera/develop/arduino/usdx/usdx_plus_orange/src/core/core.h:242
      lcd.print(value);
    } else {
      lcd.print(enumArray[value]);
    }
    lcd_blanks();
    lcd_blanks();
    3a24:	0c 94 7a 15 	jmp	0x2af4	; 0x2af4 <lcd_blanks()>
/home/jgalera/develop/arduino/usdx/usdx_plus_orange/src/core/core.h:226
  switch (action) {
  case UPDATE:
  case UPDATE_MENU:
    if (((int32_t)value + encoder_val) < _min)
      value = (continuous) ? _max : _min;
    else if (((int32_t)value + encoder_val) > _max)
    3a28:	90 81       	ld	r25, Z
    3a2a:	c0 90 13 06 	lds	r12, 0x0613	; 0x800613 <encoder_val>
    3a2e:	0c 2c       	mov	r0, r12
    3a30:	00 0c       	add	r0, r0
    3a32:	dd 08       	sbc	r13, r13
    3a34:	ee 08       	sbc	r14, r14
    3a36:	ff 08       	sbc	r15, r15
    3a38:	c9 0e       	add	r12, r25
    3a3a:	d1 1c       	adc	r13, r1
    3a3c:	e1 1c       	adc	r14, r1
    3a3e:	f1 1c       	adc	r15, r1
    3a40:	8c 14       	cp	r8, r12
    3a42:	9d 04       	cpc	r9, r13
    3a44:	ae 04       	cpc	r10, r14
    3a46:	bf 04       	cpc	r11, r15
    3a48:	14 f4       	brge	.+4      	; 0x3a4e <void paramAction<unsigned char>(unsigned char, unsigned char volatile&, unsigned char, __FlashStringHelper const*, char const**, long, long, bool) [clone .constprop.46]+0xd2>
/home/jgalera/develop/arduino/usdx/usdx_plus_orange/src/core/core.h:227
      value = (continuous) ? _min : _max;
    3a4a:	80 82       	st	Z, r8
    3a4c:	bf cf       	rjmp	.-130    	; 0x39cc <void paramAction<unsigned char>(unsigned char, unsigned char volatile&, unsigned char, __FlashStringHelper const*, char const**, long, long, bool) [clone .constprop.46]+0x50>
/home/jgalera/develop/arduino/usdx/usdx_plus_orange/src/core/core.h:229
    else
      value = (int32_t)value + encoder_val;
    3a4e:	50 81       	ld	r21, Z
    3a50:	90 91 13 06 	lds	r25, 0x0613	; 0x800613 <encoder_val>
    3a54:	95 0f       	add	r25, r21
    3a56:	90 83       	st	Z, r25
    3a58:	b9 cf       	rjmp	.-142    	; 0x39cc <void paramAction<unsigned char>(unsigned char, unsigned char volatile&, unsigned char, __FlashStringHelper const*, char const**, long, long, bool) [clone .constprop.46]+0x50>
/home/jgalera/develop/arduino/usdx/usdx_plus_orange/src/core/core.h:239
    if (enumArray == NULL) {
      if ((_min < 0) && (value >= 0))
        lcd.print('+');
      lcd.print(value);
    } else {
      lcd.print(enumArray[value]);
    3a5a:	80 81       	ld	r24, Z
    3a5c:	90 e0       	ldi	r25, 0x00	; 0
    3a5e:	88 0f       	add	r24, r24
    3a60:	99 1f       	adc	r25, r25
    3a62:	08 0f       	add	r16, r24
    3a64:	19 1f       	adc	r17, r25
    3a66:	f8 01       	movw	r30, r16
    3a68:	60 81       	ld	r22, Z
    3a6a:	71 81       	ldd	r23, Z+1	; 0x01
    3a6c:	80 ed       	ldi	r24, 0xD0	; 208
    3a6e:	96 e0       	ldi	r25, 0x06	; 6
    3a70:	0e 94 0d 1a 	call	0x341a	; 0x341a <Print::print(char const*)>
    3a74:	c5 cf       	rjmp	.-118    	; 0x3a00 <void paramAction<unsigned char>(unsigned char, unsigned char volatile&, unsigned char, __FlashStringHelper const*, char const**, long, long, bool) [clone .constprop.46]+0x84>
/home/jgalera/develop/arduino/usdx/usdx_plus_orange/src/core/core.h:245
    }
    lcd_blanks();
    lcd_blanks();
    break;
  default:
    actionCommon(action, (uint8_t *)&value, sizeof(value));
    3a76:	41 e0       	ldi	r20, 0x01	; 1
/home/jgalera/develop/arduino/usdx/usdx_plus_orange/src/core/core.h:248
    break;
  }
}
    3a78:	df 91       	pop	r29
    3a7a:	cf 91       	pop	r28
    3a7c:	1f 91       	pop	r17
    3a7e:	0f 91       	pop	r16
    3a80:	ff 90       	pop	r15
    3a82:	ef 90       	pop	r14
    3a84:	df 90       	pop	r13
    3a86:	cf 90       	pop	r12
    3a88:	bf 90       	pop	r11
    3a8a:	af 90       	pop	r10
    3a8c:	9f 90       	pop	r9
    3a8e:	8f 90       	pop	r8
    3a90:	7f 90       	pop	r7
    3a92:	6f 90       	pop	r6
    3a94:	5f 90       	pop	r5
    3a96:	4f 90       	pop	r4
/home/jgalera/develop/arduino/usdx/usdx_plus_orange/src/core/core.h:245
    }
    lcd_blanks();
    lcd_blanks();
    break;
  default:
    actionCommon(action, (uint8_t *)&value, sizeof(value));
    3a98:	0c 94 9b 1c 	jmp	0x3936	; 0x3936 <actionCommon(unsigned char, unsigned char*, unsigned char)>

00003a9c <void paramAction<long>(unsigned char, long volatile&, unsigned char, __FlashStringHelper const*, char const**, long, long, bool) [clone .constprop.45]>:
_Z11paramActionIlEvhRVT_hPK19__FlashStringHelperPPKcllb.constprop.45():
/home/jgalera/develop/arduino/usdx/usdx_plus_orange/src/core/core.h:218
void actionCommon(uint8_t action, uint8_t *ptr, uint8_t size);
int8_t paramAction(uint8_t action, uint8_t id = ALL);

// Template for paramAction (Must remain in header)
template <typename T>
void paramAction(uint8_t action, volatile T &value, uint8_t menuid,
    3a9c:	0f 93       	push	r16
    3a9e:	1f 93       	push	r17
    3aa0:	cf 93       	push	r28
    3aa2:	df 93       	push	r29
    3aa4:	eb 01       	movw	r28, r22
/home/jgalera/develop/arduino/usdx/usdx_plus_orange/src/core/core.h:221
                 const __FlashStringHelper *label, const char *enumArray[],
                 int32_t _min, int32_t _max, bool continuous) {
  switch (action) {
    3aa6:	82 30       	cpi	r24, 0x02	; 2
    3aa8:	08 f0       	brcs	.+2      	; 0x3aac <void paramAction<long>(unsigned char, long volatile&, unsigned char, __FlashStringHelper const*, char const**, long, long, bool) [clone .constprop.45]+0x10>
    3aaa:	58 c0       	rjmp	.+176    	; 0x3b5c <void paramAction<long>(unsigned char, long volatile&, unsigned char, __FlashStringHelper const*, char const**, long, long, bool) [clone .constprop.45]+0xc0>
/home/jgalera/develop/arduino/usdx/usdx_plus_orange/src/core/core.h:224
  case UPDATE:
  case UPDATE_MENU:
    if (((int32_t)value + encoder_val) < _min)
    3aac:	08 81       	ld	r16, Y
    3aae:	19 81       	ldd	r17, Y+1	; 0x01
    3ab0:	2a 81       	ldd	r18, Y+2	; 0x02
    3ab2:	3b 81       	ldd	r19, Y+3	; 0x03
    3ab4:	90 91 13 06 	lds	r25, 0x0613	; 0x800613 <encoder_val>
    3ab8:	49 2f       	mov	r20, r25
    3aba:	99 0f       	add	r25, r25
    3abc:	55 0b       	sbc	r21, r21
    3abe:	66 0b       	sbc	r22, r22
    3ac0:	77 0b       	sbc	r23, r23
    3ac2:	40 0f       	add	r20, r16
    3ac4:	51 1f       	adc	r21, r17
    3ac6:	62 1f       	adc	r22, r18
    3ac8:	73 1f       	adc	r23, r19
    3aca:	77 ff       	sbrs	r23, 7
    3acc:	1f c0       	rjmp	.+62     	; 0x3b0c <void paramAction<long>(unsigned char, long volatile&, unsigned char, __FlashStringHelper const*, char const**, long, long, bool) [clone .constprop.45]+0x70>
/home/jgalera/develop/arduino/usdx/usdx_plus_orange/src/core/core.h:227
      value = (continuous) ? _max : _min;
    else if (((int32_t)value + encoder_val) > _max)
      value = (continuous) ? _min : _max;
    3ace:	18 82       	st	Y, r1
    3ad0:	19 82       	std	Y+1, r1	; 0x01
    3ad2:	1a 82       	std	Y+2, r1	; 0x02
    3ad4:	1b 82       	std	Y+3, r1	; 0x03
    3ad6:	18 2f       	mov	r17, r24
/home/jgalera/develop/arduino/usdx/usdx_plus_orange/src/core/core.h:230
    else
      value = (int32_t)value + encoder_val;
    encoder_val = 0;
    3ad8:	10 92 13 06 	sts	0x0613, r1	; 0x800613 <encoder_val>
/home/jgalera/develop/arduino/usdx/usdx_plus_orange/src/core/core.h:232

    lcd.noCursor();
    3adc:	0e 94 c0 08 	call	0x1180	; 0x1180 <LCD::noCursor() [clone .constprop.50]>
/home/jgalera/develop/arduino/usdx/usdx_plus_orange/src/core/core.h:233
    printlabel(action, menuid, label);
    3ae0:	50 e0       	ldi	r21, 0x00	; 0
    3ae2:	40 e0       	ldi	r20, 0x00	; 0
    3ae4:	60 e0       	ldi	r22, 0x00	; 0
    3ae6:	81 2f       	mov	r24, r17
    3ae8:	0e 94 a3 15 	call	0x2b46	; 0x2b46 <printlabel(unsigned char, unsigned char, __FlashStringHelper const*)>
/home/jgalera/develop/arduino/usdx/usdx_plus_orange/src/core/core.h:237
    if (enumArray == NULL) {
      if ((_min < 0) && (value >= 0))
        lcd.print('+');
      lcd.print(value);
    3aec:	48 81       	ld	r20, Y
    3aee:	59 81       	ldd	r21, Y+1	; 0x01
    3af0:	6a 81       	ldd	r22, Y+2	; 0x02
    3af2:	7b 81       	ldd	r23, Y+3	; 0x03
    3af4:	80 ed       	ldi	r24, 0xD0	; 208
    3af6:	96 e0       	ldi	r25, 0x06	; 6
    3af8:	0e 94 9d 19 	call	0x333a	; 0x333a <Print::print(long, int) [clone .constprop.59]>
/home/jgalera/develop/arduino/usdx/usdx_plus_orange/src/core/core.h:241
    } else {
      lcd.print(enumArray[value]);
    }
    lcd_blanks();
    3afc:	0e 94 7a 15 	call	0x2af4	; 0x2af4 <lcd_blanks()>
/home/jgalera/develop/arduino/usdx/usdx_plus_orange/src/core/core.h:248
    break;
  default:
    actionCommon(action, (uint8_t *)&value, sizeof(value));
    break;
  }
}
    3b00:	df 91       	pop	r29
    3b02:	cf 91       	pop	r28
    3b04:	1f 91       	pop	r17
    3b06:	0f 91       	pop	r16
/home/jgalera/develop/arduino/usdx/usdx_plus_orange/src/core/core.h:242
      lcd.print(value);
    } else {
      lcd.print(enumArray[value]);
    }
    lcd_blanks();
    lcd_blanks();
    3b08:	0c 94 7a 15 	jmp	0x2af4	; 0x2af4 <lcd_blanks()>
/home/jgalera/develop/arduino/usdx/usdx_plus_orange/src/core/core.h:226
  switch (action) {
  case UPDATE:
  case UPDATE_MENU:
    if (((int32_t)value + encoder_val) < _min)
      value = (continuous) ? _max : _min;
    else if (((int32_t)value + encoder_val) > _max)
    3b0c:	08 81       	ld	r16, Y
    3b0e:	19 81       	ldd	r17, Y+1	; 0x01
    3b10:	2a 81       	ldd	r18, Y+2	; 0x02
    3b12:	3b 81       	ldd	r19, Y+3	; 0x03
    3b14:	90 91 13 06 	lds	r25, 0x0613	; 0x800613 <encoder_val>
    3b18:	49 2f       	mov	r20, r25
    3b1a:	99 0f       	add	r25, r25
    3b1c:	55 0b       	sbc	r21, r21
    3b1e:	66 0b       	sbc	r22, r22
    3b20:	77 0b       	sbc	r23, r23
    3b22:	40 0f       	add	r20, r16
    3b24:	51 1f       	adc	r21, r17
    3b26:	62 1f       	adc	r22, r18
    3b28:	73 1f       	adc	r23, r19
    3b2a:	14 16       	cp	r1, r20
    3b2c:	15 06       	cpc	r1, r21
    3b2e:	16 06       	cpc	r1, r22
    3b30:	17 06       	cpc	r1, r23
    3b32:	6c f2       	brlt	.-102    	; 0x3ace <void paramAction<long>(unsigned char, long volatile&, unsigned char, __FlashStringHelper const*, char const**, long, long, bool) [clone .constprop.45]+0x32>
/home/jgalera/develop/arduino/usdx/usdx_plus_orange/src/core/core.h:229
      value = (continuous) ? _min : _max;
    else
      value = (int32_t)value + encoder_val;
    3b34:	08 81       	ld	r16, Y
    3b36:	19 81       	ldd	r17, Y+1	; 0x01
    3b38:	2a 81       	ldd	r18, Y+2	; 0x02
    3b3a:	3b 81       	ldd	r19, Y+3	; 0x03
    3b3c:	90 91 13 06 	lds	r25, 0x0613	; 0x800613 <encoder_val>
    3b40:	49 2f       	mov	r20, r25
    3b42:	99 0f       	add	r25, r25
    3b44:	55 0b       	sbc	r21, r21
    3b46:	66 0b       	sbc	r22, r22
    3b48:	77 0b       	sbc	r23, r23
    3b4a:	40 0f       	add	r20, r16
    3b4c:	51 1f       	adc	r21, r17
    3b4e:	62 1f       	adc	r22, r18
    3b50:	73 1f       	adc	r23, r19
    3b52:	48 83       	st	Y, r20
    3b54:	59 83       	std	Y+1, r21	; 0x01
    3b56:	6a 83       	std	Y+2, r22	; 0x02
    3b58:	7b 83       	std	Y+3, r23	; 0x03
    3b5a:	bd cf       	rjmp	.-134    	; 0x3ad6 <void paramAction<long>(unsigned char, long volatile&, unsigned char, __FlashStringHelper const*, char const**, long, long, bool) [clone .constprop.45]+0x3a>
/home/jgalera/develop/arduino/usdx/usdx_plus_orange/src/core/core.h:245
    }
    lcd_blanks();
    lcd_blanks();
    break;
  default:
    actionCommon(action, (uint8_t *)&value, sizeof(value));
    3b5c:	44 e0       	ldi	r20, 0x04	; 4
/home/jgalera/develop/arduino/usdx/usdx_plus_orange/src/core/core.h:248
    break;
  }
}
    3b5e:	df 91       	pop	r29
    3b60:	cf 91       	pop	r28
    3b62:	1f 91       	pop	r17
    3b64:	0f 91       	pop	r16
/home/jgalera/develop/arduino/usdx/usdx_plus_orange/src/core/core.h:245
    }
    lcd_blanks();
    lcd_blanks();
    break;
  default:
    actionCommon(action, (uint8_t *)&value, sizeof(value));
    3b66:	0c 94 9b 1c 	jmp	0x3936	; 0x3936 <actionCommon(unsigned char, unsigned char*, unsigned char)>

00003b6a <paramAction(unsigned char, unsigned char)>:
_Z11paramActionhh():
/home/jgalera/develop/arduino/usdx/usdx_plus_orange/src/core/core.cpp:976
#ifndef NULL
#define NULL 0
#endif

// Re-implemented paramAction dispatcher
int8_t paramAction(uint8_t action, uint8_t id) {
    3b6a:	6f 92       	push	r6
    3b6c:	7f 92       	push	r7
    3b6e:	8f 92       	push	r8
    3b70:	9f 92       	push	r9
    3b72:	af 92       	push	r10
    3b74:	bf 92       	push	r11
    3b76:	cf 92       	push	r12
    3b78:	df 92       	push	r13
    3b7a:	ef 92       	push	r14
    3b7c:	ff 92       	push	r15
    3b7e:	0f 93       	push	r16
    3b80:	1f 93       	push	r17
    3b82:	cf 93       	push	r28
    3b84:	df 93       	push	r29
    3b86:	00 d0       	rcall	.+0      	; 0x3b88 <paramAction(unsigned char, unsigned char)+0x1e>
    3b88:	00 d0       	rcall	.+0      	; 0x3b8a <paramAction(unsigned char, unsigned char)+0x20>
    3b8a:	00 d0       	rcall	.+0      	; 0x3b8c <paramAction(unsigned char, unsigned char)+0x22>
    3b8c:	cd b7       	in	r28, 0x3d	; 61
    3b8e:	de b7       	in	r29, 0x3e	; 62
    3b90:	78 2e       	mov	r7, r24
    3b92:	66 2e       	mov	r6, r22
/home/jgalera/develop/arduino/usdx/usdx_plus_orange/src/core/core.cpp:977
  if ((action == SAVE) || (action == LOAD)) {
    3b94:	ed ef       	ldi	r30, 0xFD	; 253
    3b96:	be 2e       	mov	r11, r30
    3b98:	b8 0e       	add	r11, r24
/home/jgalera/develop/arduino/usdx/usdx_plus_orange/src/core/core.cpp:978
    eeprom_addr = EEPROM_OFFSET;
    3b9a:	00 e5       	ldi	r16, 0x50	; 80
    3b9c:	11 e0       	ldi	r17, 0x01	; 1
/home/jgalera/develop/arduino/usdx/usdx_plus_orange/src/core/core.cpp:1185
    break;
  default:
    if ((action == NEXT_MENU) && (id != N_PARAMS))
      id = paramAction(
          action,
          max(1 /*0*/, min(N_PARAMS, id + ((encoder_val > 0) ? 1 : -1))));
    3b9e:	ee 24       	eor	r14, r14
    3ba0:	e3 94       	inc	r14
    3ba2:	f1 2c       	mov	r15, r1
    3ba4:	ac e2       	ldi	r26, 0x2C	; 44
    3ba6:	ca 2e       	mov	r12, r26
    3ba8:	d1 2c       	mov	r13, r1
/home/jgalera/develop/arduino/usdx/usdx_plus_orange/src/core/core.cpp:977
#define NULL 0
#endif

// Re-implemented paramAction dispatcher
int8_t paramAction(uint8_t action, uint8_t id) {
  if ((action == SAVE) || (action == LOAD)) {
    3baa:	21 e0       	ldi	r18, 0x01	; 1
    3bac:	2b 15       	cp	r18, r11
    3bae:	70 f0       	brcs	.+28     	; 0x3bcc <paramAction(unsigned char, unsigned char)+0x62>
/home/jgalera/develop/arduino/usdx/usdx_plus_orange/src/core/core.cpp:978
    eeprom_addr = EEPROM_OFFSET;
    3bb0:	10 93 e5 03 	sts	0x03E5, r17	; 0x8003e5 <eeprom_addr+0x1>
    3bb4:	00 93 e4 03 	sts	0x03E4, r16	; 0x8003e4 <eeprom_addr>
/home/jgalera/develop/arduino/usdx/usdx_plus_orange/src/core/core.cpp:979
    for (uint8_t _id = 1; _id < id; _id++)
    3bb8:	aa 24       	eor	r10, r10
    3bba:	a3 94       	inc	r10
    3bbc:	a6 14       	cp	r10, r6
    3bbe:	30 f4       	brcc	.+12     	; 0x3bcc <paramAction(unsigned char, unsigned char)+0x62>
/home/jgalera/develop/arduino/usdx/usdx_plus_orange/src/core/core.cpp:980
      paramAction(SKIP, _id);
    3bc0:	6a 2d       	mov	r22, r10
    3bc2:	85 e0       	ldi	r24, 0x05	; 5
    3bc4:	0e 94 b5 1d 	call	0x3b6a	; 0x3b6a <paramAction(unsigned char, unsigned char)>
/home/jgalera/develop/arduino/usdx/usdx_plus_orange/src/core/core.cpp:979

// Re-implemented paramAction dispatcher
int8_t paramAction(uint8_t action, uint8_t id) {
  if ((action == SAVE) || (action == LOAD)) {
    eeprom_addr = EEPROM_OFFSET;
    for (uint8_t _id = 1; _id < id; _id++)
    3bc8:	a3 94       	inc	r10
    3bca:	f8 cf       	rjmp	.-16     	; 0x3bbc <paramAction(unsigned char, unsigned char)+0x52>
/home/jgalera/develop/arduino/usdx/usdx_plus_orange/src/core/core.cpp:982
      paramAction(SKIP, _id);
  }
  if (id == ALL)
    3bcc:	8f ef       	ldi	r24, 0xFF	; 255
    3bce:	68 12       	cpse	r6, r24
    3bd0:	1b c0       	rjmp	.+54     	; 0x3c08 <paramAction(unsigned char, unsigned char)+0x9e>
/home/jgalera/develop/arduino/usdx/usdx_plus_orange/src/core/core.cpp:983
    for (id = 1; id != N_ALL_PARAMS + 1; id++)
    3bd2:	11 e0       	ldi	r17, 0x01	; 1
/home/jgalera/develop/arduino/usdx/usdx_plus_orange/src/core/core.cpp:984
      paramAction(action, id); // for all parameters
    3bd4:	61 2f       	mov	r22, r17
    3bd6:	87 2d       	mov	r24, r7
    3bd8:	0e 94 b5 1d 	call	0x3b6a	; 0x3b6a <paramAction(unsigned char, unsigned char)>
/home/jgalera/develop/arduino/usdx/usdx_plus_orange/src/core/core.cpp:983
    eeprom_addr = EEPROM_OFFSET;
    for (uint8_t _id = 1; _id < id; _id++)
      paramAction(SKIP, _id);
  }
  if (id == ALL)
    for (id = 1; id != N_ALL_PARAMS + 1; id++)
    3bdc:	1f 5f       	subi	r17, 0xFF	; 255
    3bde:	12 33       	cpi	r17, 0x32	; 50
    3be0:	c9 f7       	brne	.-14     	; 0x3bd4 <paramAction(unsigned char, unsigned char)+0x6a>
/home/jgalera/develop/arduino/usdx/usdx_plus_orange/src/core/core.cpp:1172
    break;
  case MODEB:
    paramAction(action, vfomode[VFOB], 0, NULL, NULL, 0, 0, false);
    break;
  case VERS:
    paramAction(action, eeprom_version, 0, NULL, NULL, 0, 0, false);
    3be2:	81 2c       	mov	r8, r1
    3be4:	91 2c       	mov	r9, r1
    3be6:	54 01       	movw	r10, r8
    3be8:	c1 2c       	mov	r12, r1
    3bea:	d1 2c       	mov	r13, r1
    3bec:	76 01       	movw	r14, r12
    3bee:	10 e0       	ldi	r17, 0x00	; 0
    3bf0:	00 e0       	ldi	r16, 0x00	; 0
    3bf2:	30 e0       	ldi	r19, 0x00	; 0
    3bf4:	20 e0       	ldi	r18, 0x00	; 0
    3bf6:	40 e0       	ldi	r20, 0x00	; 0
    3bf8:	63 ec       	ldi	r22, 0xC3	; 195
    3bfa:	75 e0       	ldi	r23, 0x05	; 5
    3bfc:	87 2d       	mov	r24, r7
    3bfe:	0e 94 be 1c 	call	0x397c	; 0x397c <void paramAction<unsigned char>(unsigned char, unsigned char volatile&, unsigned char, __FlashStringHelper const*, char const**, long, long, bool) [clone .constprop.46]>
    3c02:	82 e3       	ldi	r24, 0x32	; 50
    3c04:	68 2e       	mov	r6, r24
    3c06:	af c0       	rjmp	.+350    	; 0x3d66 <paramAction(unsigned char, unsigned char)+0x1fc>
/home/jgalera/develop/arduino/usdx/usdx_plus_orange/src/core/core.cpp:986
  }
  if (id == ALL)
    for (id = 1; id != N_ALL_PARAMS + 1; id++)
      paramAction(action, id); // for all parameters

  switch (id) { // Visible parameters
    3c08:	92 e3       	ldi	r25, 0x32	; 50
    3c0a:	96 15       	cp	r25, r6
    3c0c:	08 f4       	brcc	.+2      	; 0x3c10 <paramAction(unsigned char, unsigned char)+0xa6>
    3c0e:	61 c3       	rjmp	.+1730   	; 0x42d2 <paramAction(unsigned char, unsigned char)+0x768>
    3c10:	e6 2d       	mov	r30, r6
    3c12:	f0 e0       	ldi	r31, 0x00	; 0
    3c14:	e2 5f       	subi	r30, 0xF2	; 242
    3c16:	f1 4e       	sbci	r31, 0xE1	; 225
    3c18:	0c 94 d6 39 	jmp	0x73ac	; 0x73ac <__tablejump2__>
    3c1c:	61 21       	and	r22, r1
    3c1e:	41 1e       	adc	r4, r17
    3c20:	a1 1e       	adc	r10, r17
    3c22:	c9 1e       	adc	r12, r25
    3c24:	d9 1e       	adc	r13, r25
    3c26:	e9 1e       	adc	r14, r25
    3c28:	f9 1e       	adc	r15, r25
    3c2a:	08 1f       	adc	r16, r24
    3c2c:	6f 1f       	adc	r22, r31
    3c2e:	7e 1f       	adc	r23, r30
    3c30:	8e 1f       	adc	r24, r30
    3c32:	9e 1f       	adc	r25, r30
    3c34:	ae 1f       	adc	r26, r30
    3c36:	69 21       	and	r22, r9
    3c38:	be 1f       	adc	r27, r30
    3c3a:	69 21       	and	r22, r9
    3c3c:	69 21       	and	r22, r9
    3c3e:	cd 1f       	adc	r28, r29
    3c40:	dc 1f       	adc	r29, r28
    3c42:	36 20       	and	r3, r6
    3c44:	46 20       	and	r4, r6
    3c46:	55 20       	and	r5, r5
    3c48:	64 20       	and	r6, r4
    3c4a:	73 20       	and	r7, r3
    3c4c:	69 21       	and	r22, r9
    3c4e:	69 21       	and	r22, r9
    3c50:	69 21       	and	r22, r9
    3c52:	69 21       	and	r22, r9
    3c54:	69 21       	and	r22, r9
    3c56:	69 21       	and	r22, r9
    3c58:	69 21       	and	r22, r9
    3c5a:	69 21       	and	r22, r9
    3c5c:	69 21       	and	r22, r9
    3c5e:	69 21       	and	r22, r9
    3c60:	69 21       	and	r22, r9
    3c62:	82 20       	and	r8, r2
    3c64:	97 20       	and	r9, r7
    3c66:	a8 20       	and	r10, r8
    3c68:	1d 21       	and	r17, r13
    3c6a:	69 21       	and	r22, r9
    3c6c:	69 21       	and	r22, r9
    3c6e:	69 21       	and	r22, r9
    3c70:	69 21       	and	r22, r9
    3c72:	69 21       	and	r22, r9
    3c74:	69 21       	and	r22, r9
    3c76:	2d 21       	and	r18, r13
    3c78:	3c 21       	and	r19, r12
    3c7a:	42 21       	and	r20, r2
    3c7c:	45 21       	and	r20, r5
    3c7e:	53 21       	and	r21, r3
    3c80:	f1 1d       	adc	r31, r1
paramAction():
/home/jgalera/develop/arduino/usdx/usdx_plus_orange/src/core/core.h:221
// Template for paramAction (Must remain in header)
template <typename T>
void paramAction(uint8_t action, volatile T &value, uint8_t menuid,
                 const __FlashStringHelper *label, const char *enumArray[],
                 int32_t _min, int32_t _max, bool continuous) {
  switch (action) {
    3c82:	21 e0       	ldi	r18, 0x01	; 1
    3c84:	27 15       	cp	r18, r7
    3c86:	08 f4       	brcc	.+2      	; 0x3c8a <paramAction(unsigned char, unsigned char)+0x120>
    3c88:	55 c0       	rjmp	.+170    	; 0x3d34 <paramAction(unsigned char, unsigned char)+0x1ca>
/home/jgalera/develop/arduino/usdx/usdx_plus_orange/src/core/core.h:224
  case UPDATE:
  case UPDATE_MENU:
    if (((int32_t)value + encoder_val) < _min)
    3c8a:	80 91 b2 01 	lds	r24, 0x01B2	; 0x8001b2 <volume>
    3c8e:	40 91 13 06 	lds	r20, 0x0613	; 0x800613 <encoder_val>
    3c92:	08 2e       	mov	r0, r24
    3c94:	00 0c       	add	r0, r0
    3c96:	99 0b       	sbc	r25, r25
    3c98:	aa 0b       	sbc	r26, r26
    3c9a:	bb 0b       	sbc	r27, r27
    3c9c:	04 2e       	mov	r0, r20
    3c9e:	00 0c       	add	r0, r0
    3ca0:	55 0b       	sbc	r21, r21
    3ca2:	66 0b       	sbc	r22, r22
    3ca4:	77 0b       	sbc	r23, r23
    3ca6:	84 0f       	add	r24, r20
    3ca8:	95 1f       	adc	r25, r21
    3caa:	a6 1f       	adc	r26, r22
    3cac:	b7 1f       	adc	r27, r23
    3cae:	8f 3f       	cpi	r24, 0xFF	; 255
    3cb0:	9f 4f       	sbci	r25, 0xFF	; 255
    3cb2:	af 4f       	sbci	r26, 0xFF	; 255
    3cb4:	bf 4f       	sbci	r27, 0xFF	; 255
    3cb6:	04 f5       	brge	.+64     	; 0x3cf8 <paramAction(unsigned char, unsigned char)+0x18e>
/home/jgalera/develop/arduino/usdx/usdx_plus_orange/src/core/core.h:225
      value = (continuous) ? _max : _min;
    3cb8:	8f ef       	ldi	r24, 0xFF	; 255
/home/jgalera/develop/arduino/usdx/usdx_plus_orange/src/core/core.h:229
    else if (((int32_t)value + encoder_val) > _max)
      value = (continuous) ? _min : _max;
    else
      value = (int32_t)value + encoder_val;
    3cba:	80 93 b2 01 	sts	0x01B2, r24	; 0x8001b2 <volume>
/home/jgalera/develop/arduino/usdx/usdx_plus_orange/src/core/core.h:230
    encoder_val = 0;
    3cbe:	10 92 13 06 	sts	0x0613, r1	; 0x800613 <encoder_val>
/home/jgalera/develop/arduino/usdx/usdx_plus_orange/src/core/core.h:232

    lcd.noCursor();
    3cc2:	0e 94 c0 08 	call	0x1180	; 0x1180 <LCD::noCursor() [clone .constprop.50]>
/home/jgalera/develop/arduino/usdx/usdx_plus_orange/src/core/core.h:233
    printlabel(action, menuid, label);
    3cc6:	47 e3       	ldi	r20, 0x37	; 55
    3cc8:	51 e0       	ldi	r21, 0x01	; 1
    3cca:	61 e1       	ldi	r22, 0x11	; 17
    3ccc:	87 2d       	mov	r24, r7
    3cce:	0e 94 a3 15 	call	0x2b46	; 0x2b46 <printlabel(unsigned char, unsigned char, __FlashStringHelper const*)>
/home/jgalera/develop/arduino/usdx/usdx_plus_orange/src/core/core.h:235
    if (enumArray == NULL) {
      if ((_min < 0) && (value >= 0))
    3cd2:	80 91 b2 01 	lds	r24, 0x01B2	; 0x8001b2 <volume>
    3cd6:	87 fd       	sbrc	r24, 7
    3cd8:	05 c0       	rjmp	.+10     	; 0x3ce4 <paramAction(unsigned char, unsigned char)+0x17a>
/home/jgalera/develop/arduino/usdx/usdx_plus_orange/src/core/core.h:236
        lcd.print('+');
    3cda:	6b e2       	ldi	r22, 0x2B	; 43
    3cdc:	80 ed       	ldi	r24, 0xD0	; 208
    3cde:	96 e0       	ldi	r25, 0x06	; 6
    3ce0:	0e 94 6c 07 	call	0xed8	; 0xed8 <Print::print(char)>
/home/jgalera/develop/arduino/usdx/usdx_plus_orange/src/core/core.h:237
      lcd.print(value);
    3ce4:	60 91 b2 01 	lds	r22, 0x01B2	; 0x8001b2 <volume>
    3ce8:	06 2e       	mov	r0, r22
    3cea:	00 0c       	add	r0, r0
    3cec:	77 0b       	sbc	r23, r23
    3cee:	80 ed       	ldi	r24, 0xD0	; 208
    3cf0:	96 e0       	ldi	r25, 0x06	; 6
    3cf2:	0e 94 cf 19 	call	0x339e	; 0x339e <Print::print(int, int) [clone .constprop.58]>
    3cf6:	c1 c0       	rjmp	.+386    	; 0x3e7a <paramAction(unsigned char, unsigned char)+0x310>
/home/jgalera/develop/arduino/usdx/usdx_plus_orange/src/core/core.h:226
  switch (action) {
  case UPDATE:
  case UPDATE_MENU:
    if (((int32_t)value + encoder_val) < _min)
      value = (continuous) ? _max : _min;
    else if (((int32_t)value + encoder_val) > _max)
    3cf8:	80 91 b2 01 	lds	r24, 0x01B2	; 0x8001b2 <volume>
    3cfc:	40 91 13 06 	lds	r20, 0x0613	; 0x800613 <encoder_val>
    3d00:	08 2e       	mov	r0, r24
    3d02:	00 0c       	add	r0, r0
    3d04:	99 0b       	sbc	r25, r25
    3d06:	aa 0b       	sbc	r26, r26
    3d08:	bb 0b       	sbc	r27, r27
    3d0a:	04 2e       	mov	r0, r20
    3d0c:	00 0c       	add	r0, r0
    3d0e:	55 0b       	sbc	r21, r21
    3d10:	66 0b       	sbc	r22, r22
    3d12:	77 0b       	sbc	r23, r23
    3d14:	84 0f       	add	r24, r20
    3d16:	95 1f       	adc	r25, r21
    3d18:	a6 1f       	adc	r26, r22
    3d1a:	b7 1f       	adc	r27, r23
    3d1c:	41 97       	sbiw	r24, 0x11	; 17
    3d1e:	a1 05       	cpc	r26, r1
    3d20:	b1 05       	cpc	r27, r1
    3d22:	14 f0       	brlt	.+4      	; 0x3d28 <paramAction(unsigned char, unsigned char)+0x1be>
/home/jgalera/develop/arduino/usdx/usdx_plus_orange/src/core/core.h:227
      value = (continuous) ? _min : _max;
    3d24:	80 e1       	ldi	r24, 0x10	; 16
    3d26:	c9 cf       	rjmp	.-110    	; 0x3cba <paramAction(unsigned char, unsigned char)+0x150>
/home/jgalera/develop/arduino/usdx/usdx_plus_orange/src/core/core.h:229
    else
      value = (int32_t)value + encoder_val;
    3d28:	80 91 b2 01 	lds	r24, 0x01B2	; 0x8001b2 <volume>
    3d2c:	90 91 13 06 	lds	r25, 0x0613	; 0x800613 <encoder_val>
    3d30:	89 0f       	add	r24, r25
    3d32:	c3 cf       	rjmp	.-122    	; 0x3cba <paramAction(unsigned char, unsigned char)+0x150>
/home/jgalera/develop/arduino/usdx/usdx_plus_orange/src/core/core.h:245
    }
    lcd_blanks();
    lcd_blanks();
    break;
  default:
    actionCommon(action, (uint8_t *)&value, sizeof(value));
    3d34:	41 e0       	ldi	r20, 0x01	; 1
    3d36:	62 eb       	ldi	r22, 0xB2	; 178
    3d38:	71 e0       	ldi	r23, 0x01	; 1
    3d3a:	87 2d       	mov	r24, r7
    3d3c:	0e 94 9b 1c 	call	0x3936	; 0x3936 <actionCommon(unsigned char, unsigned char*, unsigned char)>
    3d40:	12 c0       	rjmp	.+36     	; 0x3d66 <paramAction(unsigned char, unsigned char)+0x1fc>
_Z11paramActionhh():
/home/jgalera/develop/arduino/usdx/usdx_plus_orange/src/core/core.cpp:991
  case VOLUME:
    paramAction(action, volume, 0x11, F("Volume"), NULL, -1, 16, false);
    break;
  case MODE:
    paramAction(action, mode, 0x12, F("Mode"), mode_label, 0,
    3d42:	74 e0       	ldi	r23, 0x04	; 4
    3d44:	87 2e       	mov	r8, r23
    3d46:	91 2c       	mov	r9, r1
    3d48:	a1 2c       	mov	r10, r1
    3d4a:	b1 2c       	mov	r11, r1
    3d4c:	c1 2c       	mov	r12, r1
    3d4e:	d1 2c       	mov	r13, r1
    3d50:	76 01       	movw	r14, r12
    3d52:	02 e7       	ldi	r16, 0x72	; 114
    3d54:	11 e0       	ldi	r17, 0x01	; 1
    3d56:	22 e3       	ldi	r18, 0x32	; 50
    3d58:	31 e0       	ldi	r19, 0x01	; 1
    3d5a:	42 e1       	ldi	r20, 0x12	; 18
    3d5c:	6c ec       	ldi	r22, 0xCC	; 204
    3d5e:	71 e0       	ldi	r23, 0x01	; 1
/home/jgalera/develop/arduino/usdx/usdx_plus_orange/src/core/core.cpp:995
                _N(mode_label) - 1, false);
    break;
  case FILTER:
    paramAction(action, filt, 0x13, F("Filter BW"), filt_label, 0,
    3d60:	87 2d       	mov	r24, r7
    3d62:	0e 94 be 1c 	call	0x397c	; 0x397c <void paramAction<unsigned char>(unsigned char, unsigned char volatile&, unsigned char, __FlashStringHelper const*, char const**, long, long, bool) [clone .constprop.46]>
/home/jgalera/develop/arduino/usdx/usdx_plus_orange/src/core/core.cpp:1189
          action,
          max(1 /*0*/, min(N_PARAMS, id + ((encoder_val > 0) ? 1 : -1))));
    break;
  }
  return id;
}
    3d66:	86 2d       	mov	r24, r6
    3d68:	26 96       	adiw	r28, 0x06	; 6
    3d6a:	0f b6       	in	r0, 0x3f	; 63
    3d6c:	f8 94       	cli
    3d6e:	de bf       	out	0x3e, r29	; 62
    3d70:	0f be       	out	0x3f, r0	; 63
    3d72:	cd bf       	out	0x3d, r28	; 61
    3d74:	df 91       	pop	r29
    3d76:	cf 91       	pop	r28
    3d78:	1f 91       	pop	r17
    3d7a:	0f 91       	pop	r16
    3d7c:	ff 90       	pop	r15
    3d7e:	ef 90       	pop	r14
    3d80:	df 90       	pop	r13
    3d82:	cf 90       	pop	r12
    3d84:	bf 90       	pop	r11
    3d86:	af 90       	pop	r10
    3d88:	9f 90       	pop	r9
    3d8a:	8f 90       	pop	r8
    3d8c:	7f 90       	pop	r7
    3d8e:	6f 90       	pop	r6
    3d90:	08 95       	ret
/home/jgalera/develop/arduino/usdx/usdx_plus_orange/src/core/core.cpp:995
  case MODE:
    paramAction(action, mode, 0x12, F("Mode"), mode_label, 0,
                _N(mode_label) - 1, false);
    break;
  case FILTER:
    paramAction(action, filt, 0x13, F("Filter BW"), filt_label, 0,
    3d92:	67 e0       	ldi	r22, 0x07	; 7
    3d94:	86 2e       	mov	r8, r22
    3d96:	91 2c       	mov	r9, r1
    3d98:	a1 2c       	mov	r10, r1
    3d9a:	b1 2c       	mov	r11, r1
    3d9c:	c1 2c       	mov	r12, r1
    3d9e:	d1 2c       	mov	r13, r1
    3da0:	76 01       	movw	r14, r12
    3da2:	05 e5       	ldi	r16, 0x55	; 85
    3da4:	11 e0       	ldi	r17, 0x01	; 1
    3da6:	28 e2       	ldi	r18, 0x28	; 40
    3da8:	31 e0       	ldi	r19, 0x01	; 1
    3daa:	43 e1       	ldi	r20, 0x13	; 19
    3dac:	6c ee       	ldi	r22, 0xEC	; 236
    3dae:	75 e0       	ldi	r23, 0x05	; 5
    3db0:	d7 cf       	rjmp	.-82     	; 0x3d60 <paramAction(unsigned char, unsigned char)+0x1f6>
/home/jgalera/develop/arduino/usdx/usdx_plus_orange/src/core/core.cpp:999
                _N(filt_label) - 1, false);
    break;
  case BAND:
    paramAction(action, bandval, 0x14, F("Band"), band_label, 0,
    3db2:	5a e0       	ldi	r21, 0x0A	; 10
    3db4:	85 2e       	mov	r8, r21
    3db6:	91 2c       	mov	r9, r1
    3db8:	a1 2c       	mov	r10, r1
    3dba:	b1 2c       	mov	r11, r1
    3dbc:	c1 2c       	mov	r12, r1
    3dbe:	d1 2c       	mov	r13, r1
    3dc0:	76 01       	movw	r14, r12
    3dc2:	0f e3       	ldi	r16, 0x3F	; 63
    3dc4:	11 e0       	ldi	r17, 0x01	; 1
    3dc6:	23 e2       	ldi	r18, 0x23	; 35
    3dc8:	31 e0       	ldi	r19, 0x01	; 1
    3dca:	44 e1       	ldi	r20, 0x14	; 20
    3dcc:	63 eb       	ldi	r22, 0xB3	; 179
    3dce:	71 e0       	ldi	r23, 0x01	; 1
    3dd0:	c7 cf       	rjmp	.-114    	; 0x3d60 <paramAction(unsigned char, unsigned char)+0x1f6>
/home/jgalera/develop/arduino/usdx/usdx_plus_orange/src/core/core.cpp:1003
                _N(band_label) - 1, false);
    break;
  case STEP:
    paramAction(action, stepsize, 0x15, F("Tune Rate"), stepsize_label, 0,
    3dd2:	49 e0       	ldi	r20, 0x09	; 9
    3dd4:	84 2e       	mov	r8, r20
    3dd6:	91 2c       	mov	r9, r1
    3dd8:	a1 2c       	mov	r10, r1
    3dda:	b1 2c       	mov	r11, r1
    3ddc:	c1 2c       	mov	r12, r1
    3dde:	d1 2c       	mov	r13, r1
    3de0:	76 01       	movw	r14, r12
    3de2:	0b e2       	ldi	r16, 0x2B	; 43
    3de4:	11 e0       	ldi	r17, 0x01	; 1
    3de6:	29 e1       	ldi	r18, 0x19	; 25
    3de8:	31 e0       	ldi	r19, 0x01	; 1
    3dea:	45 e1       	ldi	r20, 0x15	; 21
    3dec:	66 ec       	ldi	r22, 0xC6	; 198
    3dee:	71 e0       	ldi	r23, 0x01	; 1
    3df0:	b7 cf       	rjmp	.-146    	; 0x3d60 <paramAction(unsigned char, unsigned char)+0x1f6>
/home/jgalera/develop/arduino/usdx/usdx_plus_orange/src/core/core.cpp:1007
                _N(stepsize_label) - 1, false);
    break;
  case VFOSEL:
    paramAction(action, vfosel, 0x16, F("VFO Mode"), vfosel_label, 0,
    3df2:	81 2c       	mov	r8, r1
    3df4:	91 2c       	mov	r9, r1
    3df6:	54 01       	movw	r10, r8
    3df8:	83 94       	inc	r8
    3dfa:	c1 2c       	mov	r12, r1
    3dfc:	d1 2c       	mov	r13, r1
    3dfe:	76 01       	movw	r14, r12
    3e00:	07 e2       	ldi	r16, 0x27	; 39
    3e02:	11 e0       	ldi	r17, 0x01	; 1
    3e04:	20 e1       	ldi	r18, 0x10	; 16
    3e06:	31 e0       	ldi	r19, 0x01	; 1
    3e08:	46 e1       	ldi	r20, 0x16	; 22
    3e0a:	6b ee       	ldi	r22, 0xEB	; 235
    3e0c:	75 e0       	ldi	r23, 0x05	; 5
    3e0e:	a8 cf       	rjmp	.-176    	; 0x3d60 <paramAction(unsigned char, unsigned char)+0x1f6>
paramAction():
/home/jgalera/develop/arduino/usdx/usdx_plus_orange/src/core/core.h:221
// Template for paramAction (Must remain in header)
template <typename T>
void paramAction(uint8_t action, volatile T &value, uint8_t menuid,
                 const __FlashStringHelper *label, const char *enumArray[],
                 int32_t _min, int32_t _max, bool continuous) {
  switch (action) {
    3e10:	81 e0       	ldi	r24, 0x01	; 1
    3e12:	87 15       	cp	r24, r7
    3e14:	08 f4       	brcc	.+2      	; 0x3e18 <paramAction(unsigned char, unsigned char)+0x2ae>
    3e16:	5f c0       	rjmp	.+190    	; 0x3ed6 <paramAction(unsigned char, unsigned char)+0x36c>
/home/jgalera/develop/arduino/usdx/usdx_plus_orange/src/core/core.h:224
  case UPDATE:
  case UPDATE_MENU:
    if (((int32_t)value + encoder_val) < _min)
    3e18:	80 91 ed 05 	lds	r24, 0x05ED	; 0x8005ed <rit>
    3e1c:	90 91 ee 05 	lds	r25, 0x05EE	; 0x8005ee <rit+0x1>
    3e20:	40 91 13 06 	lds	r20, 0x0613	; 0x800613 <encoder_val>
    3e24:	09 2e       	mov	r0, r25
    3e26:	00 0c       	add	r0, r0
    3e28:	aa 0b       	sbc	r26, r26
    3e2a:	bb 0b       	sbc	r27, r27
    3e2c:	04 2e       	mov	r0, r20
    3e2e:	00 0c       	add	r0, r0
    3e30:	55 0b       	sbc	r21, r21
    3e32:	66 0b       	sbc	r22, r22
    3e34:	77 0b       	sbc	r23, r23
    3e36:	84 0f       	add	r24, r20
    3e38:	95 1f       	adc	r25, r21
    3e3a:	a6 1f       	adc	r26, r22
    3e3c:	b7 1f       	adc	r27, r23
    3e3e:	b7 ff       	sbrs	r27, 7
    3e40:	21 c0       	rjmp	.+66     	; 0x3e84 <paramAction(unsigned char, unsigned char)+0x31a>
/home/jgalera/develop/arduino/usdx/usdx_plus_orange/src/core/core.h:225
      value = (continuous) ? _max : _min;
    3e42:	10 92 ee 05 	sts	0x05EE, r1	; 0x8005ee <rit+0x1>
    3e46:	10 92 ed 05 	sts	0x05ED, r1	; 0x8005ed <rit>
/home/jgalera/develop/arduino/usdx/usdx_plus_orange/src/core/core.h:230
    else if (((int32_t)value + encoder_val) > _max)
      value = (continuous) ? _min : _max;
    else
      value = (int32_t)value + encoder_val;
    encoder_val = 0;
    3e4a:	10 92 13 06 	sts	0x0613, r1	; 0x800613 <encoder_val>
/home/jgalera/develop/arduino/usdx/usdx_plus_orange/src/core/core.h:232

    lcd.noCursor();
    3e4e:	0e 94 c0 08 	call	0x1180	; 0x1180 <LCD::noCursor() [clone .constprop.50]>
/home/jgalera/develop/arduino/usdx/usdx_plus_orange/src/core/core.h:233
    printlabel(action, menuid, label);
    3e52:	4c e0       	ldi	r20, 0x0C	; 12
    3e54:	51 e0       	ldi	r21, 0x01	; 1
    3e56:	67 e1       	ldi	r22, 0x17	; 23
    3e58:	87 2d       	mov	r24, r7
    3e5a:	0e 94 a3 15 	call	0x2b46	; 0x2b46 <printlabel(unsigned char, unsigned char, __FlashStringHelper const*)>
/home/jgalera/develop/arduino/usdx/usdx_plus_orange/src/core/core.h:239
    if (enumArray == NULL) {
      if ((_min < 0) && (value >= 0))
        lcd.print('+');
      lcd.print(value);
    } else {
      lcd.print(enumArray[value]);
    3e5e:	e0 91 ed 05 	lds	r30, 0x05ED	; 0x8005ed <rit>
    3e62:	f0 91 ee 05 	lds	r31, 0x05EE	; 0x8005ee <rit+0x1>
    3e66:	ee 0f       	add	r30, r30
    3e68:	ff 1f       	adc	r31, r31
    3e6a:	ed 5d       	subi	r30, 0xDD	; 221
    3e6c:	fe 4f       	sbci	r31, 0xFE	; 254
    3e6e:	60 81       	ld	r22, Z
    3e70:	71 81       	ldd	r23, Z+1	; 0x01
    3e72:	80 ed       	ldi	r24, 0xD0	; 208
    3e74:	96 e0       	ldi	r25, 0x06	; 6
    3e76:	0e 94 0d 1a 	call	0x341a	; 0x341a <Print::print(char const*)>
/home/jgalera/develop/arduino/usdx/usdx_plus_orange/src/core/core.h:241
    }
    lcd_blanks();
    3e7a:	0e 94 7a 15 	call	0x2af4	; 0x2af4 <lcd_blanks()>
/home/jgalera/develop/arduino/usdx/usdx_plus_orange/src/core/core.h:242
    lcd_blanks();
    3e7e:	0e 94 7a 15 	call	0x2af4	; 0x2af4 <lcd_blanks()>
    3e82:	71 cf       	rjmp	.-286    	; 0x3d66 <paramAction(unsigned char, unsigned char)+0x1fc>
/home/jgalera/develop/arduino/usdx/usdx_plus_orange/src/core/core.h:226
  switch (action) {
  case UPDATE:
  case UPDATE_MENU:
    if (((int32_t)value + encoder_val) < _min)
      value = (continuous) ? _max : _min;
    else if (((int32_t)value + encoder_val) > _max)
    3e84:	80 91 ed 05 	lds	r24, 0x05ED	; 0x8005ed <rit>
    3e88:	90 91 ee 05 	lds	r25, 0x05EE	; 0x8005ee <rit+0x1>
    3e8c:	40 91 13 06 	lds	r20, 0x0613	; 0x800613 <encoder_val>
    3e90:	09 2e       	mov	r0, r25
    3e92:	00 0c       	add	r0, r0
    3e94:	aa 0b       	sbc	r26, r26
    3e96:	bb 0b       	sbc	r27, r27
    3e98:	04 2e       	mov	r0, r20
    3e9a:	00 0c       	add	r0, r0
    3e9c:	55 0b       	sbc	r21, r21
    3e9e:	66 0b       	sbc	r22, r22
    3ea0:	77 0b       	sbc	r23, r23
    3ea2:	84 0f       	add	r24, r20
    3ea4:	95 1f       	adc	r25, r21
    3ea6:	a6 1f       	adc	r26, r22
    3ea8:	b7 1f       	adc	r27, r23
    3eaa:	02 97       	sbiw	r24, 0x02	; 2
    3eac:	a1 05       	cpc	r26, r1
    3eae:	b1 05       	cpc	r27, r1
    3eb0:	3c f0       	brlt	.+14     	; 0x3ec0 <paramAction(unsigned char, unsigned char)+0x356>
/home/jgalera/develop/arduino/usdx/usdx_plus_orange/src/core/core.h:227
      value = (continuous) ? _min : _max;
    3eb2:	81 e0       	ldi	r24, 0x01	; 1
    3eb4:	90 e0       	ldi	r25, 0x00	; 0
/home/jgalera/develop/arduino/usdx/usdx_plus_orange/src/core/core.h:229
    else
      value = (int32_t)value + encoder_val;
    3eb6:	90 93 ee 05 	sts	0x05EE, r25	; 0x8005ee <rit+0x1>
    3eba:	80 93 ed 05 	sts	0x05ED, r24	; 0x8005ed <rit>
    3ebe:	c5 cf       	rjmp	.-118    	; 0x3e4a <paramAction(unsigned char, unsigned char)+0x2e0>
    3ec0:	80 91 ed 05 	lds	r24, 0x05ED	; 0x8005ed <rit>
    3ec4:	90 91 ee 05 	lds	r25, 0x05EE	; 0x8005ee <rit+0x1>
    3ec8:	20 91 13 06 	lds	r18, 0x0613	; 0x800613 <encoder_val>
    3ecc:	82 0f       	add	r24, r18
    3ece:	91 1d       	adc	r25, r1
    3ed0:	27 fd       	sbrc	r18, 7
    3ed2:	9a 95       	dec	r25
    3ed4:	f0 cf       	rjmp	.-32     	; 0x3eb6 <paramAction(unsigned char, unsigned char)+0x34c>
/home/jgalera/develop/arduino/usdx/usdx_plus_orange/src/core/core.h:245
    }
    lcd_blanks();
    lcd_blanks();
    break;
  default:
    actionCommon(action, (uint8_t *)&value, sizeof(value));
    3ed6:	42 e0       	ldi	r20, 0x02	; 2
    3ed8:	6d ee       	ldi	r22, 0xED	; 237
    3eda:	75 e0       	ldi	r23, 0x05	; 5
    3edc:	2e cf       	rjmp	.-420    	; 0x3d3a <paramAction(unsigned char, unsigned char)+0x1d0>
_Z11paramActionhh():
/home/jgalera/develop/arduino/usdx/usdx_plus_orange/src/core/core.cpp:1022
    paramAction(action, agc, 0x18, F("AGC"), agc_label, 0, _N(agc_label) - 1,
                false);
    break;
#else
  case AGC:
    paramAction(action, agc, 0x18, F("AGC"), offon_label, 0, 1, false);
    3ede:	81 2c       	mov	r8, r1
    3ee0:	91 2c       	mov	r9, r1
    3ee2:	54 01       	movw	r10, r8
    3ee4:	83 94       	inc	r8
    3ee6:	c1 2c       	mov	r12, r1
    3ee8:	d1 2c       	mov	r13, r1
    3eea:	76 01       	movw	r14, r12
    3eec:	03 e2       	ldi	r16, 0x23	; 35
    3eee:	11 e0       	ldi	r17, 0x01	; 1
    3ef0:	28 e0       	ldi	r18, 0x08	; 8
    3ef2:	31 e0       	ldi	r19, 0x01	; 1
    3ef4:	48 e1       	ldi	r20, 0x18	; 24
    3ef6:	69 e6       	ldi	r22, 0x69	; 105
    3ef8:	71 e0       	ldi	r23, 0x01	; 1
    3efa:	32 cf       	rjmp	.-412    	; 0x3d60 <paramAction(unsigned char, unsigned char)+0x1f6>
/home/jgalera/develop/arduino/usdx/usdx_plus_orange/src/core/core.cpp:1026
    break;
#endif
  case NR:
    paramAction(action, nr, 0x19, F("NR"), NULL, 0, 8, false);
    3efc:	88 e0       	ldi	r24, 0x08	; 8
    3efe:	88 2e       	mov	r8, r24
    3f00:	91 2c       	mov	r9, r1
    3f02:	a1 2c       	mov	r10, r1
    3f04:	b1 2c       	mov	r11, r1
    3f06:	c1 2c       	mov	r12, r1
    3f08:	d1 2c       	mov	r13, r1
    3f0a:	76 01       	movw	r14, r12
    3f0c:	10 e0       	ldi	r17, 0x00	; 0
    3f0e:	00 e0       	ldi	r16, 0x00	; 0
    3f10:	25 e0       	ldi	r18, 0x05	; 5
    3f12:	31 e0       	ldi	r19, 0x01	; 1
    3f14:	49 e1       	ldi	r20, 0x19	; 25
    3f16:	64 ec       	ldi	r22, 0xC4	; 196
    3f18:	71 e0       	ldi	r23, 0x01	; 1
    3f1a:	22 cf       	rjmp	.-444    	; 0x3d60 <paramAction(unsigned char, unsigned char)+0x1f6>
/home/jgalera/develop/arduino/usdx/usdx_plus_orange/src/core/core.cpp:1029
    break;
  case ATT:
    paramAction(action, att, 0x1A, F("ATT"), att_label, 0, 7, false);
    3f1c:	07 e0       	ldi	r16, 0x07	; 7
    3f1e:	80 2e       	mov	r8, r16
    3f20:	91 2c       	mov	r9, r1
    3f22:	a1 2c       	mov	r10, r1
    3f24:	b1 2c       	mov	r11, r1
    3f26:	c1 2c       	mov	r12, r1
    3f28:	d1 2c       	mov	r13, r1
    3f2a:	76 01       	movw	r14, r12
    3f2c:	03 e1       	ldi	r16, 0x13	; 19
    3f2e:	11 e0       	ldi	r17, 0x01	; 1
    3f30:	21 e0       	ldi	r18, 0x01	; 1
    3f32:	31 e0       	ldi	r19, 0x01	; 1
    3f34:	4a e1       	ldi	r20, 0x1A	; 26
    3f36:	68 ee       	ldi	r22, 0xE8	; 232
    3f38:	75 e0       	ldi	r23, 0x05	; 5
    3f3a:	12 cf       	rjmp	.-476    	; 0x3d60 <paramAction(unsigned char, unsigned char)+0x1f6>
/home/jgalera/develop/arduino/usdx/usdx_plus_orange/src/core/core.cpp:1032
    break;
  case ATT2:
    paramAction(action, att2, 0x1B, F("ATT2"), NULL, 0, 16, false);
    3f3c:	10 e1       	ldi	r17, 0x10	; 16
    3f3e:	81 2e       	mov	r8, r17
    3f40:	91 2c       	mov	r9, r1
    3f42:	a1 2c       	mov	r10, r1
    3f44:	b1 2c       	mov	r11, r1
    3f46:	c1 2c       	mov	r12, r1
    3f48:	d1 2c       	mov	r13, r1
    3f4a:	76 01       	movw	r14, r12
    3f4c:	10 e0       	ldi	r17, 0x00	; 0
    3f4e:	00 e0       	ldi	r16, 0x00	; 0
    3f50:	2c ef       	ldi	r18, 0xFC	; 252
    3f52:	30 e0       	ldi	r19, 0x00	; 0
    3f54:	4b e1       	ldi	r20, 0x1B	; 27
    3f56:	61 e7       	ldi	r22, 0x71	; 113
    3f58:	71 e0       	ldi	r23, 0x01	; 1
    3f5a:	02 cf       	rjmp	.-508    	; 0x3d60 <paramAction(unsigned char, unsigned char)+0x1f6>
/home/jgalera/develop/arduino/usdx/usdx_plus_orange/src/core/core.cpp:1035
    break;
  case SMETER:
    paramAction(action, smode, 0x1C, F("S-meter"), smode_label, 0,
    3f5c:	b4 e0       	ldi	r27, 0x04	; 4
    3f5e:	8b 2e       	mov	r8, r27
    3f60:	91 2c       	mov	r9, r1
    3f62:	a1 2c       	mov	r10, r1
    3f64:	b1 2c       	mov	r11, r1
    3f66:	c1 2c       	mov	r12, r1
    3f68:	d1 2c       	mov	r13, r1
    3f6a:	76 01       	movw	r14, r12
    3f6c:	09 e0       	ldi	r16, 0x09	; 9
    3f6e:	11 e0       	ldi	r17, 0x01	; 1
    3f70:	24 ef       	ldi	r18, 0xF4	; 244
    3f72:	30 e0       	ldi	r19, 0x00	; 0
    3f74:	4c e1       	ldi	r20, 0x1C	; 28
    3f76:	6a ec       	ldi	r22, 0xCA	; 202
    3f78:	71 e0       	ldi	r23, 0x01	; 1
    3f7a:	f2 ce       	rjmp	.-540    	; 0x3d60 <paramAction(unsigned char, unsigned char)+0x1f6>
/home/jgalera/develop/arduino/usdx/usdx_plus_orange/src/core/core.cpp:1046
                _N(swr_label) - 1, false);
    break;
#endif
#ifdef CW_DECODER
  case CWDEC:
    paramAction(action, cwdec, 0x21, F("CW Decoder"), offon_label, 0, 1, false);
    3f7c:	81 2c       	mov	r8, r1
    3f7e:	91 2c       	mov	r9, r1
    3f80:	54 01       	movw	r10, r8
    3f82:	83 94       	inc	r8
    3f84:	c1 2c       	mov	r12, r1
    3f86:	d1 2c       	mov	r13, r1
    3f88:	76 01       	movw	r14, r12
    3f8a:	03 e2       	ldi	r16, 0x23	; 35
    3f8c:	11 e0       	ldi	r17, 0x01	; 1
    3f8e:	29 ee       	ldi	r18, 0xE9	; 233
    3f90:	30 e0       	ldi	r19, 0x00	; 0
    3f92:	41 e2       	ldi	r20, 0x21	; 33
    3f94:	6b ec       	ldi	r22, 0xCB	; 203
    3f96:	71 e0       	ldi	r23, 0x01	; 1
    3f98:	e3 ce       	rjmp	.-570    	; 0x3d60 <paramAction(unsigned char, unsigned char)+0x1f6>
/home/jgalera/develop/arduino/usdx/usdx_plus_orange/src/core/core.cpp:1064
                false);
    break;
#endif
#ifdef SEMI_QSK
  case SEMIQSK:
    paramAction(action, semi_qsk, 0x24, F("Semi QSK"), offon_label, 0, 1,
    3f9a:	81 2c       	mov	r8, r1
    3f9c:	91 2c       	mov	r9, r1
    3f9e:	54 01       	movw	r10, r8
    3fa0:	83 94       	inc	r8
    3fa2:	c1 2c       	mov	r12, r1
    3fa4:	d1 2c       	mov	r13, r1
    3fa6:	76 01       	movw	r14, r12
    3fa8:	03 e2       	ldi	r16, 0x23	; 35
    3faa:	11 e0       	ldi	r17, 0x01	; 1
    3fac:	20 ee       	ldi	r18, 0xE0	; 224
    3fae:	30 e0       	ldi	r19, 0x00	; 0
    3fb0:	44 e2       	ldi	r20, 0x24	; 36
    3fb2:	63 ee       	ldi	r22, 0xE3	; 227
    3fb4:	73 e0       	ldi	r23, 0x03	; 3
    3fb6:	d4 ce       	rjmp	.-600    	; 0x3d60 <paramAction(unsigned char, unsigned char)+0x1f6>
paramAction():
/home/jgalera/develop/arduino/usdx/usdx_plus_orange/src/core/core.h:221
// Template for paramAction (Must remain in header)
template <typename T>
void paramAction(uint8_t action, volatile T &value, uint8_t menuid,
                 const __FlashStringHelper *label, const char *enumArray[],
                 int32_t _min, int32_t _max, bool continuous) {
  switch (action) {
    3fb8:	91 e0       	ldi	r25, 0x01	; 1
    3fba:	97 15       	cp	r25, r7
    3fbc:	08 f4       	brcc	.+2      	; 0x3fc0 <paramAction(unsigned char, unsigned char)+0x456>
    3fbe:	52 c0       	rjmp	.+164    	; 0x4064 <paramAction(unsigned char, unsigned char)+0x4fa>
/home/jgalera/develop/arduino/usdx/usdx_plus_orange/src/core/core.h:224
  case UPDATE:
  case UPDATE_MENU:
    if (((int32_t)value + encoder_val) < _min)
    3fc0:	80 91 af 01 	lds	r24, 0x01AF	; 0x8001af <keyer_speed>
    3fc4:	90 91 b0 01 	lds	r25, 0x01B0	; 0x8001b0 <keyer_speed+0x1>
    3fc8:	40 91 13 06 	lds	r20, 0x0613	; 0x800613 <encoder_val>
    3fcc:	09 2e       	mov	r0, r25
    3fce:	00 0c       	add	r0, r0
    3fd0:	aa 0b       	sbc	r26, r26
    3fd2:	bb 0b       	sbc	r27, r27
    3fd4:	04 2e       	mov	r0, r20
    3fd6:	00 0c       	add	r0, r0
    3fd8:	55 0b       	sbc	r21, r21
    3fda:	66 0b       	sbc	r22, r22
    3fdc:	77 0b       	sbc	r23, r23
    3fde:	84 0f       	add	r24, r20
    3fe0:	95 1f       	adc	r25, r21
    3fe2:	a6 1f       	adc	r26, r22
    3fe4:	b7 1f       	adc	r27, r23
    3fe6:	18 16       	cp	r1, r24
    3fe8:	19 06       	cpc	r1, r25
    3fea:	1a 06       	cpc	r1, r26
    3fec:	1b 06       	cpc	r1, r27
    3fee:	ac f0       	brlt	.+42     	; 0x401a <paramAction(unsigned char, unsigned char)+0x4b0>
/home/jgalera/develop/arduino/usdx/usdx_plus_orange/src/core/core.h:225
      value = (continuous) ? _max : _min;
    3ff0:	81 e0       	ldi	r24, 0x01	; 1
    3ff2:	90 e0       	ldi	r25, 0x00	; 0
/home/jgalera/develop/arduino/usdx/usdx_plus_orange/src/core/core.h:229
    else if (((int32_t)value + encoder_val) > _max)
      value = (continuous) ? _min : _max;
    else
      value = (int32_t)value + encoder_val;
    3ff4:	90 93 b0 01 	sts	0x01B0, r25	; 0x8001b0 <keyer_speed+0x1>
    3ff8:	80 93 af 01 	sts	0x01AF, r24	; 0x8001af <keyer_speed>
/home/jgalera/develop/arduino/usdx/usdx_plus_orange/src/core/core.h:230
    encoder_val = 0;
    3ffc:	10 92 13 06 	sts	0x0613, r1	; 0x800613 <encoder_val>
/home/jgalera/develop/arduino/usdx/usdx_plus_orange/src/core/core.h:232

    lcd.noCursor();
    4000:	0e 94 c0 08 	call	0x1180	; 0x1180 <LCD::noCursor() [clone .constprop.50]>
/home/jgalera/develop/arduino/usdx/usdx_plus_orange/src/core/core.h:233
    printlabel(action, menuid, label);
    4004:	44 ed       	ldi	r20, 0xD4	; 212
    4006:	50 e0       	ldi	r21, 0x00	; 0
    4008:	65 e2       	ldi	r22, 0x25	; 37
    400a:	87 2d       	mov	r24, r7
    400c:	0e 94 a3 15 	call	0x2b46	; 0x2b46 <printlabel(unsigned char, unsigned char, __FlashStringHelper const*)>
/home/jgalera/develop/arduino/usdx/usdx_plus_orange/src/core/core.h:237
    if (enumArray == NULL) {
      if ((_min < 0) && (value >= 0))
        lcd.print('+');
      lcd.print(value);
    4010:	60 91 af 01 	lds	r22, 0x01AF	; 0x8001af <keyer_speed>
    4014:	70 91 b0 01 	lds	r23, 0x01B0	; 0x8001b0 <keyer_speed+0x1>
    4018:	6a ce       	rjmp	.-812    	; 0x3cee <paramAction(unsigned char, unsigned char)+0x184>
/home/jgalera/develop/arduino/usdx/usdx_plus_orange/src/core/core.h:226
  switch (action) {
  case UPDATE:
  case UPDATE_MENU:
    if (((int32_t)value + encoder_val) < _min)
      value = (continuous) ? _max : _min;
    else if (((int32_t)value + encoder_val) > _max)
    401a:	80 91 af 01 	lds	r24, 0x01AF	; 0x8001af <keyer_speed>
    401e:	90 91 b0 01 	lds	r25, 0x01B0	; 0x8001b0 <keyer_speed+0x1>
    4022:	40 91 13 06 	lds	r20, 0x0613	; 0x800613 <encoder_val>
    4026:	09 2e       	mov	r0, r25
    4028:	00 0c       	add	r0, r0
    402a:	aa 0b       	sbc	r26, r26
    402c:	bb 0b       	sbc	r27, r27
    402e:	04 2e       	mov	r0, r20
    4030:	00 0c       	add	r0, r0
    4032:	55 0b       	sbc	r21, r21
    4034:	66 0b       	sbc	r22, r22
    4036:	77 0b       	sbc	r23, r23
    4038:	84 0f       	add	r24, r20
    403a:	95 1f       	adc	r25, r21
    403c:	a6 1f       	adc	r26, r22
    403e:	b7 1f       	adc	r27, r23
    4040:	cd 97       	sbiw	r24, 0x3d	; 61
    4042:	a1 05       	cpc	r26, r1
    4044:	b1 05       	cpc	r27, r1
    4046:	1c f0       	brlt	.+6      	; 0x404e <paramAction(unsigned char, unsigned char)+0x4e4>
/home/jgalera/develop/arduino/usdx/usdx_plus_orange/src/core/core.h:227
      value = (continuous) ? _min : _max;
    4048:	8c e3       	ldi	r24, 0x3C	; 60
    404a:	90 e0       	ldi	r25, 0x00	; 0
    404c:	d3 cf       	rjmp	.-90     	; 0x3ff4 <paramAction(unsigned char, unsigned char)+0x48a>
/home/jgalera/develop/arduino/usdx/usdx_plus_orange/src/core/core.h:229
    else
      value = (int32_t)value + encoder_val;
    404e:	80 91 af 01 	lds	r24, 0x01AF	; 0x8001af <keyer_speed>
    4052:	90 91 b0 01 	lds	r25, 0x01B0	; 0x8001b0 <keyer_speed+0x1>
    4056:	20 91 13 06 	lds	r18, 0x0613	; 0x800613 <encoder_val>
    405a:	82 0f       	add	r24, r18
    405c:	91 1d       	adc	r25, r1
    405e:	27 fd       	sbrc	r18, 7
    4060:	9a 95       	dec	r25
    4062:	c8 cf       	rjmp	.-112    	; 0x3ff4 <paramAction(unsigned char, unsigned char)+0x48a>
/home/jgalera/develop/arduino/usdx/usdx_plus_orange/src/core/core.h:245
    }
    lcd_blanks();
    lcd_blanks();
    break;
  default:
    actionCommon(action, (uint8_t *)&value, sizeof(value));
    4064:	42 e0       	ldi	r20, 0x02	; 2
    4066:	6f ea       	ldi	r22, 0xAF	; 175
    4068:	71 e0       	ldi	r23, 0x01	; 1
    406a:	67 ce       	rjmp	.-818    	; 0x3d3a <paramAction(unsigned char, unsigned char)+0x1d0>
_Z11paramActionhh():
/home/jgalera/develop/arduino/usdx/usdx_plus_orange/src/core/core.cpp:1076
                false);
    break;
#endif
#ifdef KEYER
  case KEY_MODE:
    paramAction(action, keyer_mode, 0x26, F("Keyer Mode"), keyer_mode_label, 0,
    406c:	e2 e0       	ldi	r30, 0x02	; 2
    406e:	8e 2e       	mov	r8, r30
    4070:	91 2c       	mov	r9, r1
    4072:	a1 2c       	mov	r10, r1
    4074:	b1 2c       	mov	r11, r1
    4076:	c1 2c       	mov	r12, r1
    4078:	d1 2c       	mov	r13, r1
    407a:	76 01       	movw	r14, r12
    407c:	03 e0       	ldi	r16, 0x03	; 3
    407e:	11 e0       	ldi	r17, 0x01	; 1
    4080:	29 ec       	ldi	r18, 0xC9	; 201
    4082:	30 e0       	ldi	r19, 0x00	; 0
    4084:	46 e2       	ldi	r20, 0x26	; 38
    4086:	69 ec       	ldi	r22, 0xC9	; 201
    4088:	71 e0       	ldi	r23, 0x01	; 1
    408a:	6a ce       	rjmp	.-812    	; 0x3d60 <paramAction(unsigned char, unsigned char)+0x1f6>
/home/jgalera/develop/arduino/usdx/usdx_plus_orange/src/core/core.cpp:1080
                2, false);
    break;
  case KEY_PIN:
    paramAction(action, keyer_swap, 0x27, F("Keyer Swap"), offon_label, 0, 1,
    408c:	81 2c       	mov	r8, r1
    408e:	91 2c       	mov	r9, r1
    4090:	54 01       	movw	r10, r8
    4092:	83 94       	inc	r8
    4094:	c1 2c       	mov	r12, r1
    4096:	d1 2c       	mov	r13, r1
    4098:	76 01       	movw	r14, r12
    409a:	03 e2       	ldi	r16, 0x23	; 35
    409c:	11 e0       	ldi	r17, 0x01	; 1
    409e:	2e eb       	ldi	r18, 0xBE	; 190
    40a0:	30 e0       	ldi	r19, 0x00	; 0
    40a2:	47 e2       	ldi	r20, 0x27	; 39
    40a4:	62 ef       	ldi	r22, 0xF2	; 242
    40a6:	75 e0       	ldi	r23, 0x05	; 5
    40a8:	5b ce       	rjmp	.-842    	; 0x3d60 <paramAction(unsigned char, unsigned char)+0x1f6>
/home/jgalera/develop/arduino/usdx/usdx_plus_orange/src/core/core.cpp:1085
                false);
    break;
#endif
  case KEY_TX:
    paramAction(action, practice, 0x28, F("Practice"), offon_label, 0, 1,
    40aa:	81 2c       	mov	r8, r1
    40ac:	91 2c       	mov	r9, r1
    40ae:	54 01       	movw	r10, r8
    40b0:	83 94       	inc	r8
    40b2:	c1 2c       	mov	r12, r1
    40b4:	d1 2c       	mov	r13, r1
    40b6:	76 01       	movw	r14, r12
    40b8:	03 e2       	ldi	r16, 0x23	; 35
    40ba:	11 e0       	ldi	r17, 0x01	; 1
    40bc:	25 eb       	ldi	r18, 0xB5	; 181
    40be:	30 e0       	ldi	r19, 0x00	; 0
    40c0:	48 e2       	ldi	r20, 0x28	; 40
    40c2:	62 ee       	ldi	r22, 0xE2	; 226
    40c4:	73 e0       	ldi	r23, 0x03	; 3
    40c6:	4c ce       	rjmp	.-872    	; 0x3d60 <paramAction(unsigned char, unsigned char)+0x1f6>
/home/jgalera/develop/arduino/usdx/usdx_plus_orange/src/core/core.cpp:1090
                false);
    break;
#ifdef VOX_ENABLE
  case VOX:
    paramAction(action, vox, 0x31, F("VOX"), offon_label, 0, 1, false);
    40c8:	81 2c       	mov	r8, r1
    40ca:	91 2c       	mov	r9, r1
    40cc:	54 01       	movw	r10, r8
    40ce:	83 94       	inc	r8
    40d0:	c1 2c       	mov	r12, r1
    40d2:	d1 2c       	mov	r13, r1
    40d4:	76 01       	movw	r14, r12
    40d6:	03 e2       	ldi	r16, 0x23	; 35
    40d8:	11 e0       	ldi	r17, 0x01	; 1
    40da:	21 eb       	ldi	r18, 0xB1	; 177
    40dc:	30 e0       	ldi	r19, 0x00	; 0
    40de:	41 e3       	ldi	r20, 0x31	; 49
    40e0:	69 e1       	ldi	r22, 0x19	; 25
    40e2:	76 e0       	ldi	r23, 0x06	; 6
    40e4:	3d ce       	rjmp	.-902    	; 0x3d60 <paramAction(unsigned char, unsigned char)+0x1f6>
/home/jgalera/develop/arduino/usdx/usdx_plus_orange/src/core/core.cpp:1093
    break;
  case VOXGAIN:
    paramAction(action, vox_thresh, 0x32, F("Noise Gate"), NULL, 0, 255, false);
    40e6:	81 2c       	mov	r8, r1
    40e8:	91 2c       	mov	r9, r1
    40ea:	54 01       	movw	r10, r8
    40ec:	8a 94       	dec	r8
    40ee:	c1 2c       	mov	r12, r1
    40f0:	d1 2c       	mov	r13, r1
    40f2:	76 01       	movw	r14, r12
    40f4:	10 e0       	ldi	r17, 0x00	; 0
    40f6:	00 e0       	ldi	r16, 0x00	; 0
    40f8:	26 ea       	ldi	r18, 0xA6	; 166
    40fa:	30 e0       	ldi	r19, 0x00	; 0
    40fc:	42 e3       	ldi	r20, 0x32	; 50
    40fe:	6b e6       	ldi	r22, 0x6B	; 107
    4100:	71 e0       	ldi	r23, 0x01	; 1
    4102:	2e ce       	rjmp	.-932    	; 0x3d60 <paramAction(unsigned char, unsigned char)+0x1f6>
/home/jgalera/develop/arduino/usdx/usdx_plus_orange/src/core/core.cpp:1111
    break;
#endif
    /* FT8 block removed to avoid complexity if vars missing - re-enable if
     * needed */
  case PWM_MIN:
    paramAction(action, pwm_min, 0x81, F("PA Bias min"), NULL, 0, pwm_max - 1,
    4104:	80 90 02 01 	lds	r8, 0x0102	; 0x800102 <pwm_max>
    4108:	88 2d       	mov	r24, r8
    410a:	81 50       	subi	r24, 0x01	; 1
    410c:	99 0b       	sbc	r25, r25
    410e:	4c 01       	movw	r8, r24
    4110:	09 2c       	mov	r0, r9
    4112:	00 0c       	add	r0, r0
    4114:	aa 08       	sbc	r10, r10
    4116:	bb 08       	sbc	r11, r11
    4118:	c1 2c       	mov	r12, r1
    411a:	d1 2c       	mov	r13, r1
    411c:	76 01       	movw	r14, r12
    411e:	10 e0       	ldi	r17, 0x00	; 0
    4120:	00 e0       	ldi	r16, 0x00	; 0
    4122:	2a e9       	ldi	r18, 0x9A	; 154
    4124:	30 e0       	ldi	r19, 0x00	; 0
    4126:	41 e8       	ldi	r20, 0x81	; 129
    4128:	61 ee       	ldi	r22, 0xE1	; 225
    412a:	73 e0       	ldi	r23, 0x03	; 3
    412c:	19 ce       	rjmp	.-974    	; 0x3d60 <paramAction(unsigned char, unsigned char)+0x1f6>
/home/jgalera/develop/arduino/usdx/usdx_plus_orange/src/core/core.cpp:1115
                false);
    break;
  case PWM_MAX:
    paramAction(action, pwm_max, 0x82, F("PA Bias max"), NULL, pwm_min, 255,
    412e:	c0 90 e1 03 	lds	r12, 0x03E1	; 0x8003e1 <pwm_min>
    4132:	d1 2c       	mov	r13, r1
    4134:	f1 2c       	mov	r15, r1
    4136:	e1 2c       	mov	r14, r1
    4138:	81 2c       	mov	r8, r1
    413a:	91 2c       	mov	r9, r1
    413c:	54 01       	movw	r10, r8
    413e:	8a 94       	dec	r8
    4140:	10 e0       	ldi	r17, 0x00	; 0
    4142:	00 e0       	ldi	r16, 0x00	; 0
    4144:	2e e8       	ldi	r18, 0x8E	; 142
    4146:	30 e0       	ldi	r19, 0x00	; 0
    4148:	42 e8       	ldi	r20, 0x82	; 130
    414a:	62 e0       	ldi	r22, 0x02	; 2
    414c:	71 e0       	ldi	r23, 0x01	; 1
    414e:	08 ce       	rjmp	.-1008   	; 0x3d60 <paramAction(unsigned char, unsigned char)+0x1f6>
paramAction():
/home/jgalera/develop/arduino/usdx/usdx_plus_orange/src/core/core.h:221
// Template for paramAction (Must remain in header)
template <typename T>
void paramAction(uint8_t action, volatile T &value, uint8_t menuid,
                 const __FlashStringHelper *label, const char *enumArray[],
                 int32_t _min, int32_t _max, bool continuous) {
  switch (action) {
    4150:	91 e0       	ldi	r25, 0x01	; 1
    4152:	97 15       	cp	r25, r7
    4154:	08 f4       	brcc	.+2      	; 0x4158 <paramAction(unsigned char, unsigned char)+0x5ee>
    4156:	6d c0       	rjmp	.+218    	; 0x4232 <paramAction(unsigned char, unsigned char)+0x6c8>
/home/jgalera/develop/arduino/usdx/usdx_plus_orange/src/core/core.h:224
  case UPDATE:
  case UPDATE_MENU:
    if (((int32_t)value + encoder_val) < _min)
    4158:	80 91 ca 06 	lds	r24, 0x06CA	; 0x8006ca <si5351+0x13>
    415c:	90 91 cb 06 	lds	r25, 0x06CB	; 0x8006cb <si5351+0x14>
    4160:	a0 91 cc 06 	lds	r26, 0x06CC	; 0x8006cc <si5351+0x15>
    4164:	b0 91 cd 06 	lds	r27, 0x06CD	; 0x8006cd <si5351+0x16>
    4168:	40 91 13 06 	lds	r20, 0x0613	; 0x800613 <encoder_val>
    416c:	04 2e       	mov	r0, r20
    416e:	00 0c       	add	r0, r0
    4170:	55 0b       	sbc	r21, r21
    4172:	66 0b       	sbc	r22, r22
    4174:	77 0b       	sbc	r23, r23
    4176:	84 0f       	add	r24, r20
    4178:	95 1f       	adc	r25, r21
    417a:	a6 1f       	adc	r26, r22
    417c:	b7 1f       	adc	r27, r23
    417e:	80 38       	cpi	r24, 0x80	; 128
    4180:	9f 49       	sbci	r25, 0x9F	; 159
    4182:	a5 4d       	sbci	r26, 0xD5	; 213
    4184:	b1 05       	cpc	r27, r1
    4186:	24 f5       	brge	.+72     	; 0x41d0 <paramAction(unsigned char, unsigned char)+0x666>
/home/jgalera/develop/arduino/usdx/usdx_plus_orange/src/core/core.h:225
      value = (continuous) ? _max : _min;
    4188:	80 e8       	ldi	r24, 0x80	; 128
    418a:	9f e9       	ldi	r25, 0x9F	; 159
    418c:	a5 ed       	ldi	r26, 0xD5	; 213
    418e:	b0 e0       	ldi	r27, 0x00	; 0
/home/jgalera/develop/arduino/usdx/usdx_plus_orange/src/core/core.h:229
    else if (((int32_t)value + encoder_val) > _max)
      value = (continuous) ? _min : _max;
    else
      value = (int32_t)value + encoder_val;
    4190:	80 93 ca 06 	sts	0x06CA, r24	; 0x8006ca <si5351+0x13>
    4194:	90 93 cb 06 	sts	0x06CB, r25	; 0x8006cb <si5351+0x14>
    4198:	a0 93 cc 06 	sts	0x06CC, r26	; 0x8006cc <si5351+0x15>
    419c:	b0 93 cd 06 	sts	0x06CD, r27	; 0x8006cd <si5351+0x16>
/home/jgalera/develop/arduino/usdx/usdx_plus_orange/src/core/core.h:230
    encoder_val = 0;
    41a0:	10 92 13 06 	sts	0x0613, r1	; 0x800613 <encoder_val>
/home/jgalera/develop/arduino/usdx/usdx_plus_orange/src/core/core.h:232

    lcd.noCursor();
    41a4:	0e 94 c0 08 	call	0x1180	; 0x1180 <LCD::noCursor() [clone .constprop.50]>
/home/jgalera/develop/arduino/usdx/usdx_plus_orange/src/core/core.h:233
    printlabel(action, menuid, label);
    41a8:	45 e8       	ldi	r20, 0x85	; 133
    41aa:	50 e0       	ldi	r21, 0x00	; 0
    41ac:	63 e8       	ldi	r22, 0x83	; 131
    41ae:	87 2d       	mov	r24, r7
    41b0:	0e 94 a3 15 	call	0x2b46	; 0x2b46 <printlabel(unsigned char, unsigned char, __FlashStringHelper const*)>
/home/jgalera/develop/arduino/usdx/usdx_plus_orange/src/core/core.h:237
    if (enumArray == NULL) {
      if ((_min < 0) && (value >= 0))
        lcd.print('+');
      lcd.print(value);
    41b4:	40 91 ca 06 	lds	r20, 0x06CA	; 0x8006ca <si5351+0x13>
    41b8:	50 91 cb 06 	lds	r21, 0x06CB	; 0x8006cb <si5351+0x14>
    41bc:	60 91 cc 06 	lds	r22, 0x06CC	; 0x8006cc <si5351+0x15>
    41c0:	70 91 cd 06 	lds	r23, 0x06CD	; 0x8006cd <si5351+0x16>
print():
/home/jgalera/.arduino15/packages/MiniCore/hardware/avr/3.1.1/cores/MCUdude_corefiles/Print.cpp:106
    41c4:	2a e0       	ldi	r18, 0x0A	; 10
    41c6:	80 ed       	ldi	r24, 0xD0	; 208
    41c8:	96 e0       	ldi	r25, 0x06	; 6
    41ca:	0e 94 51 19 	call	0x32a2	; 0x32a2 <Print::printNumber(unsigned long, unsigned char)>
    41ce:	55 ce       	rjmp	.-854    	; 0x3e7a <paramAction(unsigned char, unsigned char)+0x310>
paramAction():
/home/jgalera/develop/arduino/usdx/usdx_plus_orange/src/core/core.h:226
  switch (action) {
  case UPDATE:
  case UPDATE_MENU:
    if (((int32_t)value + encoder_val) < _min)
      value = (continuous) ? _max : _min;
    else if (((int32_t)value + encoder_val) > _max)
    41d0:	80 91 ca 06 	lds	r24, 0x06CA	; 0x8006ca <si5351+0x13>
    41d4:	90 91 cb 06 	lds	r25, 0x06CB	; 0x8006cb <si5351+0x14>
    41d8:	a0 91 cc 06 	lds	r26, 0x06CC	; 0x8006cc <si5351+0x15>
    41dc:	b0 91 cd 06 	lds	r27, 0x06CD	; 0x8006cd <si5351+0x16>
    41e0:	40 91 13 06 	lds	r20, 0x0613	; 0x800613 <encoder_val>
    41e4:	04 2e       	mov	r0, r20
    41e6:	00 0c       	add	r0, r0
    41e8:	55 0b       	sbc	r21, r21
    41ea:	66 0b       	sbc	r22, r22
    41ec:	77 0b       	sbc	r23, r23
    41ee:	84 0f       	add	r24, r20
    41f0:	95 1f       	adc	r25, r21
    41f2:	a6 1f       	adc	r26, r22
    41f4:	b7 1f       	adc	r27, r23
    41f6:	81 30       	cpi	r24, 0x01	; 1
    41f8:	9f 43       	sbci	r25, 0x3F	; 63
    41fa:	ab 4a       	sbci	r26, 0xAB	; 171
    41fc:	b1 40       	sbci	r27, 0x01	; 1
    41fe:	2c f0       	brlt	.+10     	; 0x420a <paramAction(unsigned char, unsigned char)+0x6a0>
/home/jgalera/develop/arduino/usdx/usdx_plus_orange/src/core/core.h:227
      value = (continuous) ? _min : _max;
    4200:	80 e0       	ldi	r24, 0x00	; 0
    4202:	9f e3       	ldi	r25, 0x3F	; 63
    4204:	ab ea       	ldi	r26, 0xAB	; 171
    4206:	b1 e0       	ldi	r27, 0x01	; 1
    4208:	c3 cf       	rjmp	.-122    	; 0x4190 <paramAction(unsigned char, unsigned char)+0x626>
/home/jgalera/develop/arduino/usdx/usdx_plus_orange/src/core/core.h:229
    else
      value = (int32_t)value + encoder_val;
    420a:	80 91 ca 06 	lds	r24, 0x06CA	; 0x8006ca <si5351+0x13>
    420e:	90 91 cb 06 	lds	r25, 0x06CB	; 0x8006cb <si5351+0x14>
    4212:	a0 91 cc 06 	lds	r26, 0x06CC	; 0x8006cc <si5351+0x15>
    4216:	b0 91 cd 06 	lds	r27, 0x06CD	; 0x8006cd <si5351+0x16>
    421a:	40 91 13 06 	lds	r20, 0x0613	; 0x800613 <encoder_val>
    421e:	04 2e       	mov	r0, r20
    4220:	00 0c       	add	r0, r0
    4222:	55 0b       	sbc	r21, r21
    4224:	66 0b       	sbc	r22, r22
    4226:	77 0b       	sbc	r23, r23
    4228:	84 0f       	add	r24, r20
    422a:	95 1f       	adc	r25, r21
    422c:	a6 1f       	adc	r26, r22
    422e:	b7 1f       	adc	r27, r23
    4230:	af cf       	rjmp	.-162    	; 0x4190 <paramAction(unsigned char, unsigned char)+0x626>
/home/jgalera/develop/arduino/usdx/usdx_plus_orange/src/core/core.h:245
    }
    lcd_blanks();
    lcd_blanks();
    break;
  default:
    actionCommon(action, (uint8_t *)&value, sizeof(value));
    4232:	44 e0       	ldi	r20, 0x04	; 4
    4234:	6a ec       	ldi	r22, 0xCA	; 202
    4236:	76 e0       	ldi	r23, 0x06	; 6
    4238:	80 cd       	rjmp	.-1280   	; 0x3d3a <paramAction(unsigned char, unsigned char)+0x1d0>
_Z11paramActionhh():
/home/jgalera/develop/arduino/usdx/usdx_plus_orange/src/core/core.cpp:1123
  case SIFXTAL:
    paramAction(action, si5351.fxtal, 0x83, F("Ref freq"), NULL, 14000000,
                28000000, false);
    break;
  case IQ_ADJ:
    paramAction(action, rx_ph_q, 0x84, F("IQ Phase"), NULL, 0, 180, false);
    423a:	24 eb       	ldi	r18, 0xB4	; 180
    423c:	82 2e       	mov	r8, r18
    423e:	91 2c       	mov	r9, r1
    4240:	a1 2c       	mov	r10, r1
    4242:	b1 2c       	mov	r11, r1
    4244:	c1 2c       	mov	r12, r1
    4246:	d1 2c       	mov	r13, r1
    4248:	76 01       	movw	r14, r12
    424a:	10 e0       	ldi	r17, 0x00	; 0
    424c:	00 e0       	ldi	r16, 0x00	; 0
    424e:	2c e7       	ldi	r18, 0x7C	; 124
    4250:	30 e0       	ldi	r19, 0x00	; 0
    4252:	44 e8       	ldi	r20, 0x84	; 132
    4254:	6d ea       	ldi	r22, 0xAD	; 173
    4256:	71 e0       	ldi	r23, 0x01	; 1
    4258:	83 cd       	rjmp	.-1274   	; 0x3d60 <paramAction(unsigned char, unsigned char)+0x1f6>
/home/jgalera/develop/arduino/usdx/usdx_plus_orange/src/core/core.cpp:1155
    paramAction(action, param_c, 0x95, F("Param C"), NULL, INT16_MIN, INT16_MAX,
                false);
    break;
#endif
  case BACKL:
    paramAction(action, backlight, 0xA1, F("Backlight"), offon_label, 0, 1,
    425a:	81 2c       	mov	r8, r1
    425c:	91 2c       	mov	r9, r1
    425e:	54 01       	movw	r10, r8
    4260:	83 94       	inc	r8
    4262:	c1 2c       	mov	r12, r1
    4264:	d1 2c       	mov	r13, r1
    4266:	76 01       	movw	r14, r12
    4268:	03 e2       	ldi	r16, 0x23	; 35
    426a:	11 e0       	ldi	r17, 0x01	; 1
    426c:	22 e7       	ldi	r18, 0x72	; 114
    426e:	30 e0       	ldi	r19, 0x00	; 0
    4270:	41 ea       	ldi	r20, 0xA1	; 161
    4272:	6e ed       	ldi	r22, 0xDE	; 222
    4274:	71 e0       	ldi	r23, 0x01	; 1
    4276:	74 cd       	rjmp	.-1304   	; 0x3d60 <paramAction(unsigned char, unsigned char)+0x1f6>
/home/jgalera/develop/arduino/usdx/usdx_plus_orange/src/core/core.cpp:1160
                false);
    break;
  // Invisible parameters
  case FREQA:
    paramAction(action, vfo[VFOA], 0, NULL, NULL, 0, 0, false);
    4278:	68 eb       	ldi	r22, 0xB8	; 184
    427a:	71 e0       	ldi	r23, 0x01	; 1
/home/jgalera/develop/arduino/usdx/usdx_plus_orange/src/core/core.cpp:1163
    break;
  case FREQB:
    paramAction(action, vfo[VFOB], 0, NULL, NULL, 0, 0, false);
    427c:	87 2d       	mov	r24, r7
    427e:	0e 94 4e 1d 	call	0x3a9c	; 0x3a9c <void paramAction<long>(unsigned char, long volatile&, unsigned char, __FlashStringHelper const*, char const**, long, long, bool) [clone .constprop.45]>
    4282:	71 cd       	rjmp	.-1310   	; 0x3d66 <paramAction(unsigned char, unsigned char)+0x1fc>
    4284:	6c eb       	ldi	r22, 0xBC	; 188
    4286:	71 e0       	ldi	r23, 0x01	; 1
    4288:	f9 cf       	rjmp	.-14     	; 0x427c <paramAction(unsigned char, unsigned char)+0x712>
/home/jgalera/develop/arduino/usdx/usdx_plus_orange/src/core/core.cpp:1166
    break;
  case MODEA:
    paramAction(action, vfomode[VFOA], 0, NULL, NULL, 0, 0, false);
    428a:	81 2c       	mov	r8, r1
    428c:	91 2c       	mov	r9, r1
    428e:	54 01       	movw	r10, r8
    4290:	c1 2c       	mov	r12, r1
    4292:	d1 2c       	mov	r13, r1
    4294:	76 01       	movw	r14, r12
    4296:	10 e0       	ldi	r17, 0x00	; 0
    4298:	00 e0       	ldi	r16, 0x00	; 0
    429a:	30 e0       	ldi	r19, 0x00	; 0
    429c:	20 e0       	ldi	r18, 0x00	; 0
    429e:	40 e0       	ldi	r20, 0x00	; 0
    42a0:	60 ec       	ldi	r22, 0xC0	; 192
    42a2:	71 e0       	ldi	r23, 0x01	; 1
    42a4:	5d cd       	rjmp	.-1350   	; 0x3d60 <paramAction(unsigned char, unsigned char)+0x1f6>
/home/jgalera/develop/arduino/usdx/usdx_plus_orange/src/core/core.cpp:1169
    break;
  case MODEB:
    paramAction(action, vfomode[VFOB], 0, NULL, NULL, 0, 0, false);
    42a6:	81 2c       	mov	r8, r1
    42a8:	91 2c       	mov	r9, r1
    42aa:	54 01       	movw	r10, r8
    42ac:	c1 2c       	mov	r12, r1
    42ae:	d1 2c       	mov	r13, r1
    42b0:	76 01       	movw	r14, r12
    42b2:	10 e0       	ldi	r17, 0x00	; 0
    42b4:	00 e0       	ldi	r16, 0x00	; 0
    42b6:	30 e0       	ldi	r19, 0x00	; 0
    42b8:	20 e0       	ldi	r18, 0x00	; 0
    42ba:	40 e0       	ldi	r20, 0x00	; 0
    42bc:	61 ec       	ldi	r22, 0xC1	; 193
    42be:	71 e0       	ldi	r23, 0x01	; 1
    42c0:	4f cd       	rjmp	.-1378   	; 0x3d60 <paramAction(unsigned char, unsigned char)+0x1f6>
/home/jgalera/develop/arduino/usdx/usdx_plus_orange/src/core/core.cpp:1177
    paramAction(action, eeprom_version, 0, NULL, NULL, 0, 0, false);
    break;

  // Non-parameters
  case _NULL:
    menumode = 0;
    42c2:	10 92 01 06 	sts	0x0601, r1	; 0x800601 <menumode>
/home/jgalera/develop/arduino/usdx/usdx_plus_orange/src/core/core.cpp:1178
    show_banner();
    42c6:	0e 94 fe 15 	call	0x2bfc	; 0x2bfc <show_banner()>
/home/jgalera/develop/arduino/usdx/usdx_plus_orange/src/core/core.cpp:1179
    change = true;
    42ca:	81 e0       	ldi	r24, 0x01	; 1
    42cc:	80 93 c5 01 	sts	0x01C5, r24	; 0x8001c5 <change>
    42d0:	4a cd       	rjmp	.-1388   	; 0x3d66 <paramAction(unsigned char, unsigned char)+0x1fc>
/home/jgalera/develop/arduino/usdx/usdx_plus_orange/src/core/core.cpp:1182
    break;
  default:
    if ((action == NEXT_MENU) && (id != N_PARAMS))
    42d2:	82 e0       	ldi	r24, 0x02	; 2
    42d4:	78 12       	cpse	r7, r24
    42d6:	47 cd       	rjmp	.-1394   	; 0x3d66 <paramAction(unsigned char, unsigned char)+0x1fc>
    42d8:	9c e2       	ldi	r25, 0x2C	; 44
    42da:	69 16       	cp	r6, r25
    42dc:	09 f4       	brne	.+2      	; 0x42e0 <paramAction(unsigned char, unsigned char)+0x776>
    42de:	43 cd       	rjmp	.-1402   	; 0x3d66 <paramAction(unsigned char, unsigned char)+0x1fc>
/home/jgalera/develop/arduino/usdx/usdx_plus_orange/src/core/core.cpp:1185
      id = paramAction(
          action,
          max(1 /*0*/, min(N_PARAMS, id + ((encoder_val > 0) ? 1 : -1))));
    42e0:	80 91 13 06 	lds	r24, 0x0613	; 0x800613 <encoder_val>
    42e4:	18 16       	cp	r1, r24
    42e6:	b4 f0       	brlt	.+44     	; 0x4314 <paramAction(unsigned char, unsigned char)+0x7aa>
    42e8:	8f ef       	ldi	r24, 0xFF	; 255
    42ea:	9f ef       	ldi	r25, 0xFF	; 255
    42ec:	86 0d       	add	r24, r6
    42ee:	91 1d       	adc	r25, r1
    42f0:	9e 83       	std	Y+6, r25	; 0x06
    42f2:	8d 83       	std	Y+5, r24	; 0x05
    42f4:	dc 82       	std	Y+4, r13	; 0x04
    42f6:	cb 82       	std	Y+3, r12	; 0x03
/home/jgalera/.arduino15/packages/MiniCore/hardware/avr/3.1.1/cores/MCUdude_corefiles/Arduino.h:315
    42f8:	fe 01       	movw	r30, r28
_Z3minIiiEDTqultfp0_fp_fp0_fp_ERKT_RKT0_():
    42fa:	8c 97       	sbiw	r24, 0x2c	; 44
    42fc:	74 f0       	brlt	.+28     	; 0x431a <paramAction(unsigned char, unsigned char)+0x7b0>
_Z11paramActionhh():
    42fe:	33 96       	adiw	r30, 0x03	; 3
/home/jgalera/develop/arduino/usdx/usdx_plus_orange/src/core/core.cpp:1185
    4300:	fa 82       	std	Y+2, r15	; 0x02
    4302:	e9 82       	std	Y+1, r14	; 0x01
_Z3maxIiiEDTqultfp0_fp_fp0_fp_ERKT_RKT0_():
/home/jgalera/.arduino15/packages/MiniCore/hardware/avr/3.1.1/cores/MCUdude_corefiles/Arduino.h:320
	}

	template<class T, class L>
	auto max(const T& a, const L& b) -> decltype((b < a) ? b : a) {
		return (a < b) ? b : a;
    4304:	80 81       	ld	r24, Z
    4306:	91 81       	ldd	r25, Z+1	; 0x01
    4308:	02 97       	sbiw	r24, 0x02	; 2
    430a:	14 f4       	brge	.+4      	; 0x4310 <paramAction(unsigned char, unsigned char)+0x7a6>
_Z11paramActionhh():
    430c:	fe 01       	movw	r30, r28
    430e:	31 96       	adiw	r30, 0x01	; 1
/home/jgalera/develop/arduino/usdx/usdx_plus_orange/src/core/core.cpp:1183
    show_banner();
    change = true;
    break;
  default:
    if ((action == NEXT_MENU) && (id != N_PARAMS))
      id = paramAction(
    4310:	60 80       	ld	r6, Z
    4312:	4b cc       	rjmp	.-1898   	; 0x3baa <paramAction(unsigned char, unsigned char)+0x40>
/home/jgalera/develop/arduino/usdx/usdx_plus_orange/src/core/core.cpp:1185
          action,
          max(1 /*0*/, min(N_PARAMS, id + ((encoder_val > 0) ? 1 : -1))));
    4314:	81 e0       	ldi	r24, 0x01	; 1
    4316:	90 e0       	ldi	r25, 0x00	; 0
    4318:	e9 cf       	rjmp	.-46     	; 0x42ec <paramAction(unsigned char, unsigned char)+0x782>
/home/jgalera/.arduino15/packages/MiniCore/hardware/avr/3.1.1/cores/MCUdude_corefiles/Arduino.h:315
		return x > 0 ? x : -x;
	}

	template<class T, class L>
	auto min(const T& a, const L& b) -> decltype((b < a) ? b : a) {
		return (b < a) ? b : a;
    431a:	35 96       	adiw	r30, 0x05	; 5
    431c:	f1 cf       	rjmp	.-30     	; 0x4300 <paramAction(unsigned char, unsigned char)+0x796>

0000431e <EEPROMClass::read(int) [clone .isra.0]>:
_ZN11EEPROMClass4readEi.isra.0():
/home/jgalera/.arduino15/packages/MiniCore/hardware/avr/3.1.1/libraries/EEPROM/src/EEPROM.h:42

    EERef( const int index )
        : index( index )                 {}
    
    //Access/read members.
    uint8_t operator*() const            { return eeprom_read_byte( (uint8_t*) index ); }
    431e:	0c 94 bc 36 	jmp	0x6d78	; 0x6d78 <eeprom_read_byte>

00004322 <__vector_16>:
__vector_16():
/home/jgalera/.arduino15/packages/MiniCore/hardware/avr/3.1.1/cores/MCUdude_corefiles/wiring.c:159
#if defined(__AVR_ATtiny24__) || defined(__AVR_ATtiny44__) || defined(__AVR_ATtiny84__)
ISR(TIM0_OVF_vect)
#else
ISR(TIMER0_OVF_vect)
#endif
{
    4322:	1f 92       	push	r1
    4324:	0f 92       	push	r0
    4326:	0f b6       	in	r0, 0x3f	; 63
    4328:	0f 92       	push	r0
    432a:	11 24       	eor	r1, r1
    432c:	2f 93       	push	r18
    432e:	3f 93       	push	r19
    4330:	8f 93       	push	r24
    4332:	9f 93       	push	r25
    4334:	af 93       	push	r26
    4336:	bf 93       	push	r27
/home/jgalera/.arduino15/packages/MiniCore/hardware/avr/3.1.1/cores/MCUdude_corefiles/wiring.c:167
  static unsigned char timer0_exact = 0;
#endif

  // copy these to local variables so they can be stored in registers
  // (volatile variables must be read from memory on every access, so this saves time)
  unsigned long m = timer0_millis;
    4338:	80 91 09 06 	lds	r24, 0x0609	; 0x800609 <timer0_millis>
    433c:	90 91 0a 06 	lds	r25, 0x060A	; 0x80060a <timer0_millis+0x1>
    4340:	a0 91 0b 06 	lds	r26, 0x060B	; 0x80060b <timer0_millis+0x2>
    4344:	b0 91 0c 06 	lds	r27, 0x060C	; 0x80060c <timer0_millis+0x3>
/home/jgalera/.arduino15/packages/MiniCore/hardware/avr/3.1.1/cores/MCUdude_corefiles/wiring.c:168
  unsigned char f = timer0_fract;
    4348:	30 91 08 06 	lds	r19, 0x0608	; 0x800608 <timer0_fract>
/home/jgalera/.arduino15/packages/MiniCore/hardware/avr/3.1.1/cores/MCUdude_corefiles/wiring.c:170

  f += FRACT_INC FRACT_INC_PLUS;
    434c:	23 e0       	ldi	r18, 0x03	; 3
    434e:	23 0f       	add	r18, r19
/home/jgalera/.arduino15/packages/MiniCore/hardware/avr/3.1.1/cores/MCUdude_corefiles/wiring.c:200
    ++f;
  }
#endif
#endif // CORRECT_EXACT_MILLIS

  if (f >= FRACT_MAX) {
    4350:	2d 37       	cpi	r18, 0x7D	; 125
    4352:	68 f1       	brcs	.+90     	; 0x43ae <__vector_16+0x8c>
/home/jgalera/.arduino15/packages/MiniCore/hardware/avr/3.1.1/cores/MCUdude_corefiles/wiring.c:201
    f -= FRACT_MAX;
    4354:	26 e8       	ldi	r18, 0x86	; 134
    4356:	23 0f       	add	r18, r19
/home/jgalera/.arduino15/packages/MiniCore/hardware/avr/3.1.1/cores/MCUdude_corefiles/wiring.c:202
    m += MILLIS_INC + 1;
    4358:	02 96       	adiw	r24, 0x02	; 2
    435a:	a1 1d       	adc	r26, r1
    435c:	b1 1d       	adc	r27, r1
/home/jgalera/.arduino15/packages/MiniCore/hardware/avr/3.1.1/cores/MCUdude_corefiles/wiring.c:208
  }
  else {
    m += MILLIS_INC;
  }

  timer0_fract = f;
    435e:	20 93 08 06 	sts	0x0608, r18	; 0x800608 <timer0_fract>
/home/jgalera/.arduino15/packages/MiniCore/hardware/avr/3.1.1/cores/MCUdude_corefiles/wiring.c:209
  timer0_millis = m;
    4362:	80 93 09 06 	sts	0x0609, r24	; 0x800609 <timer0_millis>
    4366:	90 93 0a 06 	sts	0x060A, r25	; 0x80060a <timer0_millis+0x1>
    436a:	a0 93 0b 06 	sts	0x060B, r26	; 0x80060b <timer0_millis+0x2>
    436e:	b0 93 0c 06 	sts	0x060C, r27	; 0x80060c <timer0_millis+0x3>
/home/jgalera/.arduino15/packages/MiniCore/hardware/avr/3.1.1/cores/MCUdude_corefiles/wiring.c:211
#ifndef CORRECT_EXACT_MICROS
  timer0_overflow_count++;
    4372:	80 91 0d 06 	lds	r24, 0x060D	; 0x80060d <timer0_overflow_count>
    4376:	90 91 0e 06 	lds	r25, 0x060E	; 0x80060e <timer0_overflow_count+0x1>
    437a:	a0 91 0f 06 	lds	r26, 0x060F	; 0x80060f <timer0_overflow_count+0x2>
    437e:	b0 91 10 06 	lds	r27, 0x0610	; 0x800610 <timer0_overflow_count+0x3>
    4382:	01 96       	adiw	r24, 0x01	; 1
    4384:	a1 1d       	adc	r26, r1
    4386:	b1 1d       	adc	r27, r1
    4388:	80 93 0d 06 	sts	0x060D, r24	; 0x80060d <timer0_overflow_count>
    438c:	90 93 0e 06 	sts	0x060E, r25	; 0x80060e <timer0_overflow_count+0x1>
    4390:	a0 93 0f 06 	sts	0x060F, r26	; 0x80060f <timer0_overflow_count+0x2>
    4394:	b0 93 10 06 	sts	0x0610, r27	; 0x800610 <timer0_overflow_count+0x3>
/home/jgalera/.arduino15/packages/MiniCore/hardware/avr/3.1.1/cores/MCUdude_corefiles/wiring.c:213
#endif
}
    4398:	bf 91       	pop	r27
    439a:	af 91       	pop	r26
    439c:	9f 91       	pop	r25
    439e:	8f 91       	pop	r24
    43a0:	3f 91       	pop	r19
    43a2:	2f 91       	pop	r18
    43a4:	0f 90       	pop	r0
    43a6:	0f be       	out	0x3f, r0	; 63
    43a8:	0f 90       	pop	r0
    43aa:	1f 90       	pop	r1
    43ac:	18 95       	reti
/home/jgalera/.arduino15/packages/MiniCore/hardware/avr/3.1.1/cores/MCUdude_corefiles/wiring.c:205
  if (f >= FRACT_MAX) {
    f -= FRACT_MAX;
    m += MILLIS_INC + 1;
  }
  else {
    m += MILLIS_INC;
    43ae:	01 96       	adiw	r24, 0x01	; 1
    43b0:	a1 1d       	adc	r26, r1
    43b2:	b1 1d       	adc	r27, r1
    43b4:	d4 cf       	rjmp	.-88     	; 0x435e <__vector_16+0x3c>

000043b6 <__vector_19>:
__vector_19():
/home/jgalera/.arduino15/packages/MiniCore/hardware/avr/3.1.1/cores/MCUdude_corefiles/HardwareSerial0.cpp:63
#elif defined(USART0_UDRE_vect)
ISR(USART0_UDRE_vect)
#else
  #error "Don't know what the Data Register Empty vector is called for Serial"
#endif
{
    43b6:	1f 92       	push	r1
    43b8:	0f 92       	push	r0
    43ba:	0f b6       	in	r0, 0x3f	; 63
    43bc:	0f 92       	push	r0
    43be:	11 24       	eor	r1, r1
    43c0:	2f 93       	push	r18
    43c2:	3f 93       	push	r19
    43c4:	4f 93       	push	r20
    43c6:	5f 93       	push	r21
    43c8:	6f 93       	push	r22
    43ca:	7f 93       	push	r23
    43cc:	8f 93       	push	r24
    43ce:	9f 93       	push	r25
    43d0:	af 93       	push	r26
    43d2:	bf 93       	push	r27
    43d4:	ef 93       	push	r30
    43d6:	ff 93       	push	r31
/home/jgalera/.arduino15/packages/MiniCore/hardware/avr/3.1.1/cores/MCUdude_corefiles/HardwareSerial0.cpp:64
  Serial._tx_udr_empty_irq();
    43d8:	8a e1       	ldi	r24, 0x1A	; 26
    43da:	96 e0       	ldi	r25, 0x06	; 6
    43dc:	0e 94 e7 07 	call	0xfce	; 0xfce <HardwareSerial::_tx_udr_empty_irq()>
/home/jgalera/.arduino15/packages/MiniCore/hardware/avr/3.1.1/cores/MCUdude_corefiles/HardwareSerial0.cpp:65
}
    43e0:	ff 91       	pop	r31
    43e2:	ef 91       	pop	r30
    43e4:	bf 91       	pop	r27
    43e6:	af 91       	pop	r26
    43e8:	9f 91       	pop	r25
    43ea:	8f 91       	pop	r24
    43ec:	7f 91       	pop	r23
    43ee:	6f 91       	pop	r22
    43f0:	5f 91       	pop	r21
    43f2:	4f 91       	pop	r20
    43f4:	3f 91       	pop	r19
    43f6:	2f 91       	pop	r18
    43f8:	0f 90       	pop	r0
    43fa:	0f be       	out	0x3f, r0	; 63
    43fc:	0f 90       	pop	r0
    43fe:	1f 90       	pop	r1
    4400:	18 95       	reti

00004402 <__vector_18>:
__vector_18():
/home/jgalera/.arduino15/packages/MiniCore/hardware/avr/3.1.1/cores/MCUdude_corefiles/HardwareSerial0.cpp:50
#elif defined(USART_RX_vect)
  ISR(USART_RX_vect)
#else
  #error "Don't know what the Data Received vector is called for Serial"
#endif
  {
    4402:	1f 92       	push	r1
    4404:	0f 92       	push	r0
    4406:	0f b6       	in	r0, 0x3f	; 63
    4408:	0f 92       	push	r0
    440a:	11 24       	eor	r1, r1
    440c:	2f 93       	push	r18
    440e:	8f 93       	push	r24
    4410:	9f 93       	push	r25
    4412:	ef 93       	push	r30
    4414:	ff 93       	push	r31
_rx_complete_irq():
/home/jgalera/.arduino15/packages/MiniCore/hardware/avr/3.1.1/cores/MCUdude_corefiles/HardwareSerial_private.h:100

// Actual interrupt handlers //////////////////////////////////////////////////////////////

void HardwareSerial::_rx_complete_irq(void)
{
  if (bit_is_clear(*_ucsra, UPE0)) {
    4416:	e0 91 2a 06 	lds	r30, 0x062A	; 0x80062a <Serial+0x10>
    441a:	f0 91 2b 06 	lds	r31, 0x062B	; 0x80062b <Serial+0x11>
    441e:	80 81       	ld	r24, Z
    4420:	e0 91 30 06 	lds	r30, 0x0630	; 0x800630 <Serial+0x16>
    4424:	f0 91 31 06 	lds	r31, 0x0631	; 0x800631 <Serial+0x17>
    4428:	82 fd       	sbrc	r24, 2
    442a:	1b c0       	rjmp	.+54     	; 0x4462 <__vector_18+0x60>
/home/jgalera/.arduino15/packages/MiniCore/hardware/avr/3.1.1/cores/MCUdude_corefiles/HardwareSerial_private.h:103
    // No Parity error, read byte and store it in the buffer if there is
    // room
    unsigned char c = *_udr;
    442c:	90 81       	ld	r25, Z
/home/jgalera/.arduino15/packages/MiniCore/hardware/avr/3.1.1/cores/MCUdude_corefiles/HardwareSerial_private.h:104
    rx_buffer_index_t i = (unsigned int)(_rx_buffer_head + 1) % SERIAL_RX_BUFFER_SIZE;
    442e:	80 91 33 06 	lds	r24, 0x0633	; 0x800633 <Serial+0x19>
    4432:	8f 5f       	subi	r24, 0xFF	; 255
    4434:	8f 73       	andi	r24, 0x3F	; 63
/home/jgalera/.arduino15/packages/MiniCore/hardware/avr/3.1.1/cores/MCUdude_corefiles/HardwareSerial_private.h:110

    // if we should be storing the received character into the location
    // just before the tail (meaning that the head would advance to the
    // current location of the tail), we're about to overflow the buffer
    // and so we don't write the character or advance the head.
    if (i != _rx_buffer_tail) {
    4436:	20 91 34 06 	lds	r18, 0x0634	; 0x800634 <Serial+0x1a>
    443a:	82 17       	cp	r24, r18
    443c:	41 f0       	breq	.+16     	; 0x444e <__vector_18+0x4c>
/home/jgalera/.arduino15/packages/MiniCore/hardware/avr/3.1.1/cores/MCUdude_corefiles/HardwareSerial_private.h:111
      _rx_buffer[_rx_buffer_head] = c;
    443e:	e0 91 33 06 	lds	r30, 0x0633	; 0x800633 <Serial+0x19>
    4442:	f0 e0       	ldi	r31, 0x00	; 0
    4444:	e6 5e       	subi	r30, 0xE6	; 230
    4446:	f9 4f       	sbci	r31, 0xF9	; 249
    4448:	95 8f       	std	Z+29, r25	; 0x1d
/home/jgalera/.arduino15/packages/MiniCore/hardware/avr/3.1.1/cores/MCUdude_corefiles/HardwareSerial_private.h:112
      _rx_buffer_head = i;
    444a:	80 93 33 06 	sts	0x0633, r24	; 0x800633 <Serial+0x19>
__vector_18():
/home/jgalera/.arduino15/packages/MiniCore/hardware/avr/3.1.1/cores/MCUdude_corefiles/HardwareSerial0.cpp:52
    Serial._rx_complete_irq();
  }
    444e:	ff 91       	pop	r31
    4450:	ef 91       	pop	r30
    4452:	9f 91       	pop	r25
    4454:	8f 91       	pop	r24
    4456:	2f 91       	pop	r18
    4458:	0f 90       	pop	r0
    445a:	0f be       	out	0x3f, r0	; 63
    445c:	0f 90       	pop	r0
    445e:	1f 90       	pop	r1
    4460:	18 95       	reti
_rx_complete_irq():
/home/jgalera/.arduino15/packages/MiniCore/hardware/avr/3.1.1/cores/MCUdude_corefiles/HardwareSerial_private.h:116
    }
  } else {
    // Parity error, read byte but discard it
    *_udr;
    4462:	80 81       	ld	r24, Z
    4464:	f4 cf       	rjmp	.-24     	; 0x444e <__vector_18+0x4c>

00004466 <__vector_7>:
__vector_7():
/home/jgalera/develop/arduino/usdx/usdx_plus_orange/src/core/core.cpp:126
  for (; x >>= 1;)
    y++;
  return y;
}

ISR(TIMER2_COMPA_vect) {
    4466:	1f 92       	push	r1
    4468:	0f 92       	push	r0
    446a:	0f b6       	in	r0, 0x3f	; 63
    446c:	0f 92       	push	r0
    446e:	11 24       	eor	r1, r1
    4470:	2f 93       	push	r18
    4472:	3f 93       	push	r19
    4474:	4f 93       	push	r20
    4476:	5f 93       	push	r21
    4478:	6f 93       	push	r22
    447a:	7f 93       	push	r23
    447c:	8f 93       	push	r24
    447e:	9f 93       	push	r25
    4480:	af 93       	push	r26
    4482:	bf 93       	push	r27
    4484:	ef 93       	push	r30
    4486:	ff 93       	push	r31
/home/jgalera/develop/arduino/usdx/usdx_plus_orange/src/core/core.cpp:127
  func_ptr();
    4488:	e0 91 ba 05 	lds	r30, 0x05BA	; 0x8005ba <func_ptr>
    448c:	f0 91 bb 05 	lds	r31, 0x05BB	; 0x8005bb <func_ptr+0x1>
    4490:	09 95       	icall
/home/jgalera/develop/arduino/usdx/usdx_plus_orange/src/core/core.cpp:131
#ifdef DEBUG
  numSamples++;
#endif
}
    4492:	ff 91       	pop	r31
    4494:	ef 91       	pop	r30
    4496:	bf 91       	pop	r27
    4498:	af 91       	pop	r26
    449a:	9f 91       	pop	r25
    449c:	8f 91       	pop	r24
    449e:	7f 91       	pop	r23
    44a0:	6f 91       	pop	r22
    44a2:	5f 91       	pop	r21
    44a4:	4f 91       	pop	r20
    44a6:	3f 91       	pop	r19
    44a8:	2f 91       	pop	r18
    44aa:	0f 90       	pop	r0
    44ac:	0f be       	out	0x3f, r0	; 63
    44ae:	0f 90       	pop	r0
    44b0:	1f 90       	pop	r1
    44b2:	18 95       	reti

000044b4 <__vector_5>:
__vector_5():
/home/jgalera/develop/arduino/usdx/usdx_plus_orange/src/core/core.cpp:83

volatile int8_t encoder_val = 0;
volatile int8_t encoder_step = 0;
static uint8_t last_state;

ISR(PCINT2_vect) {
    44b4:	1f 92       	push	r1
    44b6:	0f 92       	push	r0
    44b8:	0f b6       	in	r0, 0x3f	; 63
    44ba:	0f 92       	push	r0
    44bc:	11 24       	eor	r1, r1
    44be:	0f 93       	push	r16
    44c0:	1f 93       	push	r17
    44c2:	2f 93       	push	r18
    44c4:	3f 93       	push	r19
    44c6:	4f 93       	push	r20
    44c8:	5f 93       	push	r21
    44ca:	6f 93       	push	r22
    44cc:	7f 93       	push	r23
    44ce:	8f 93       	push	r24
    44d0:	9f 93       	push	r25
    44d2:	af 93       	push	r26
    44d4:	bf 93       	push	r27
    44d6:	cf 93       	push	r28
    44d8:	ef 93       	push	r30
    44da:	ff 93       	push	r31
/home/jgalera/develop/arduino/usdx/usdx_plus_orange/src/core/core.cpp:84
  switch (last_state = (last_state << 4) | (_digitalRead(ROT_B) << 1) |
    44dc:	00 91 b9 05 	lds	r16, 0x05B9	; 0x8005b9 <last_state>
    44e0:	80 e1       	ldi	r24, 0x10	; 16
    44e2:	08 9f       	mul	r16, r24
    44e4:	80 01       	movw	r16, r0
    44e6:	11 24       	eor	r1, r1
_digitalRead():
/home/jgalera/develop/arduino/usdx/usdx_plus_orange/src/core/core.cpp:36
                            : 0;
  }
  return digitalRead(pin);
}
#else
uint8_t _digitalRead(uint8_t pin) { return digitalRead(pin); }
    44e8:	87 e0       	ldi	r24, 0x07	; 7
    44ea:	0e 94 55 06 	call	0xcaa	; 0xcaa <digitalRead>
    44ee:	c8 2f       	mov	r28, r24
    44f0:	86 e0       	ldi	r24, 0x06	; 6
    44f2:	0e 94 55 06 	call	0xcaa	; 0xcaa <digitalRead>
__vector_5():
/home/jgalera/develop/arduino/usdx/usdx_plus_orange/src/core/core.cpp:84
volatile int8_t encoder_val = 0;
volatile int8_t encoder_step = 0;
static uint8_t last_state;

ISR(PCINT2_vect) {
  switch (last_state = (last_state << 4) | (_digitalRead(ROT_B) << 1) |
    44f6:	cc 0f       	add	r28, r28
    44f8:	80 2b       	or	r24, r16
    44fa:	8c 2b       	or	r24, r28
    44fc:	80 93 b9 05 	sts	0x05B9, r24	; 0x8005b9 <last_state>
    4500:	83 32       	cpi	r24, 0x23	; 35
    4502:	b1 f0       	breq	.+44     	; 0x4530 <__vector_5+0x7c>
    4504:	82 33       	cpi	r24, 0x32	; 50
    4506:	d1 f0       	breq	.+52     	; 0x453c <__vector_5+0x88>
/home/jgalera/develop/arduino/usdx/usdx_plus_orange/src/core/core.cpp:108
  case 0x32:
    encoder_val--;
    break;
#endif
  }
}
    4508:	ff 91       	pop	r31
    450a:	ef 91       	pop	r30
    450c:	cf 91       	pop	r28
    450e:	bf 91       	pop	r27
    4510:	af 91       	pop	r26
    4512:	9f 91       	pop	r25
    4514:	8f 91       	pop	r24
    4516:	7f 91       	pop	r23
    4518:	6f 91       	pop	r22
    451a:	5f 91       	pop	r21
    451c:	4f 91       	pop	r20
    451e:	3f 91       	pop	r19
    4520:	2f 91       	pop	r18
    4522:	1f 91       	pop	r17
    4524:	0f 91       	pop	r16
    4526:	0f 90       	pop	r0
    4528:	0f be       	out	0x3f, r0	; 63
    452a:	0f 90       	pop	r0
    452c:	1f 90       	pop	r1
    452e:	18 95       	reti
/home/jgalera/develop/arduino/usdx/usdx_plus_orange/src/core/core.cpp:101
  case 0x13:
    encoder_val--;
    break;
#else
  case 0x23:
    encoder_val++;
    4530:	80 91 13 06 	lds	r24, 0x0613	; 0x800613 <encoder_val>
    4534:	8f 5f       	subi	r24, 0xFF	; 255
/home/jgalera/develop/arduino/usdx/usdx_plus_orange/src/core/core.cpp:104
    break;
  case 0x32:
    encoder_val--;
    4536:	80 93 13 06 	sts	0x0613, r24	; 0x800613 <encoder_val>
    453a:	e6 cf       	rjmp	.-52     	; 0x4508 <__vector_5+0x54>
    453c:	80 91 13 06 	lds	r24, 0x0613	; 0x800613 <encoder_val>
    4540:	81 50       	subi	r24, 0x01	; 1
    4542:	f9 cf       	rjmp	.-14     	; 0x4536 <__vector_5+0x82>

00004544 <global constructors keyed to 65535_0_usdx_plus_orange.ino.cpp.o.2897>:
_GLOBAL__I_65535_0_usdx_plus_orange.ino.cpp.o.2897():
    4544:	ea e1       	ldi	r30, 0x1A	; 26
    4546:	f6 e0       	ldi	r31, 0x06	; 6
    4548:	13 82       	std	Z+3, r1	; 0x03
    454a:	12 82       	std	Z+2, r1	; 0x02
    454c:	88 ee       	ldi	r24, 0xE8	; 232
    454e:	93 e0       	ldi	r25, 0x03	; 3
    4550:	a0 e0       	ldi	r26, 0x00	; 0
    4552:	b0 e0       	ldi	r27, 0x00	; 0
    4554:	84 83       	std	Z+4, r24	; 0x04
    4556:	95 83       	std	Z+5, r25	; 0x05
    4558:	a6 83       	std	Z+6, r26	; 0x06
    455a:	b7 83       	std	Z+7, r27	; 0x07
    455c:	8c e5       	ldi	r24, 0x5C	; 92
    455e:	92 e0       	ldi	r25, 0x02	; 2
    4560:	91 83       	std	Z+1, r25	; 0x01
    4562:	80 83       	st	Z, r24
    4564:	85 ec       	ldi	r24, 0xC5	; 197
    4566:	90 e0       	ldi	r25, 0x00	; 0
    4568:	95 87       	std	Z+13, r25	; 0x0d
    456a:	84 87       	std	Z+12, r24	; 0x0c
    456c:	84 ec       	ldi	r24, 0xC4	; 196
    456e:	90 e0       	ldi	r25, 0x00	; 0
    4570:	97 87       	std	Z+15, r25	; 0x0f
    4572:	86 87       	std	Z+14, r24	; 0x0e
    4574:	80 ec       	ldi	r24, 0xC0	; 192
    4576:	90 e0       	ldi	r25, 0x00	; 0
    4578:	91 8b       	std	Z+17, r25	; 0x11
    457a:	80 8b       	std	Z+16, r24	; 0x10
    457c:	81 ec       	ldi	r24, 0xC1	; 193
    457e:	90 e0       	ldi	r25, 0x00	; 0
    4580:	93 8b       	std	Z+19, r25	; 0x13
    4582:	82 8b       	std	Z+18, r24	; 0x12
    4584:	82 ec       	ldi	r24, 0xC2	; 194
    4586:	90 e0       	ldi	r25, 0x00	; 0
    4588:	95 8b       	std	Z+21, r25	; 0x15
    458a:	84 8b       	std	Z+20, r24	; 0x14
    458c:	86 ec       	ldi	r24, 0xC6	; 198
    458e:	90 e0       	ldi	r25, 0x00	; 0
    4590:	97 8b       	std	Z+23, r25	; 0x17
    4592:	86 8b       	std	Z+22, r24	; 0x16
    4594:	11 8e       	std	Z+25, r1	; 0x19
    4596:	12 8e       	std	Z+26, r1	; 0x1a
    4598:	13 8e       	std	Z+27, r1	; 0x1b
    459a:	14 8e       	std	Z+28, r1	; 0x1c
    459c:	88 b1       	in	r24, 0x08	; 8
    459e:	8f 7c       	andi	r24, 0xCF	; 207
    45a0:	88 b9       	out	0x08, r24	; 8
    45a2:	3d 98       	cbi	0x07, 5	; 7
	...
    45ac:	3c 98       	cbi	0x07, 4	; 7
    45ae:	3c 9a       	sbi	0x07, 4	; 7
    45b0:	80 ec       	ldi	r24, 0xC0	; 192
    45b2:	9c ef       	ldi	r25, 0xFC	; 252
    45b4:	ab e9       	ldi	r26, 0x9B	; 155
    45b6:	b1 e0       	ldi	r27, 0x01	; 1
    45b8:	80 93 ca 06 	sts	0x06CA, r24	; 0x8006ca <si5351+0x13>
    45bc:	90 93 cb 06 	sts	0x06CB, r25	; 0x8006cb <si5351+0x14>
    45c0:	a0 93 cc 06 	sts	0x06CC, r26	; 0x8006cc <si5351+0x15>
    45c4:	b0 93 cd 06 	sts	0x06CD, r27	; 0x8006cd <si5351+0x16>
    45c8:	e0 ed       	ldi	r30, 0xD0	; 208
    45ca:	f6 e0       	ldi	r31, 0x06	; 6
    45cc:	13 82       	std	Z+3, r1	; 0x03
    45ce:	12 82       	std	Z+2, r1	; 0x02
    45d0:	8e e6       	ldi	r24, 0x6E	; 110
    45d2:	92 e0       	ldi	r25, 0x02	; 2
    45d4:	91 83       	std	Z+1, r25	; 0x01
    45d6:	80 83       	st	Z, r24
    45d8:	08 95       	ret

000045da <main>:
main():
/home/jgalera/.arduino15/packages/MiniCore/hardware/avr/3.1.1/cores/MCUdude_corefiles/main.cpp:34

//void setupUSB() __attribute__((weak));
//void setupUSB() { }

int main(void)
{
    45da:	cf 93       	push	r28
    45dc:	df 93       	push	r29
    45de:	cd b7       	in	r28, 0x3d	; 61
    45e0:	de b7       	in	r29, 0x3e	; 62
    45e2:	6e 97       	sbiw	r28, 0x1e	; 30
    45e4:	0f b6       	in	r0, 0x3f	; 63
    45e6:	f8 94       	cli
    45e8:	de bf       	out	0x3e, r29	; 62
    45ea:	0f be       	out	0x3f, r0	; 63
    45ec:	cd bf       	out	0x3d, r28	; 61
init():
/home/jgalera/.arduino15/packages/MiniCore/hardware/avr/3.1.1/cores/MCUdude_corefiles/wiring.c:945

void init()
{
  // this needs to be called before setup() or some functions won't
  // work there
  sei();
    45ee:	78 94       	sei
/home/jgalera/.arduino15/packages/MiniCore/hardware/avr/3.1.1/cores/MCUdude_corefiles/wiring.c:957

  // On the ATmega168, timer 0 is also used for fast hardware pwm
  // (using phase-correct PWM would mean that timer 0 overflowed half as often
  // resulting in different millis() behavior on the ATmega8 and ATmega168)
#if defined(TCCR0A) && defined(WGM01)
  TCCR0A |= _BV(WGM01) | _BV(WGM00);
    45f0:	84 b5       	in	r24, 0x24	; 36
    45f2:	83 60       	ori	r24, 0x03	; 3
    45f4:	84 bd       	out	0x24, r24	; 36
/home/jgalera/.arduino15/packages/MiniCore/hardware/avr/3.1.1/cores/MCUdude_corefiles/wiring.c:972
  #if defined(WGM00) && defined(WGM01) // The ATmega8 doesn't have WGM00 and WGM01
    TCCR0 |= _BV(WGM01) | _BV(WGM00);
  #endif
#elif defined(TCCR0B) && defined(CS01) && defined(CS00)
  // This combination is for the standard 168/328/640/1280/1281/2560/2561
  TCCR0B |= _BV(CS01) | _BV(CS00);
    45f6:	85 b5       	in	r24, 0x25	; 37
    45f8:	83 60       	ori	r24, 0x03	; 3
    45fa:	85 bd       	out	0x25, r24	; 37
/home/jgalera/.arduino15/packages/MiniCore/hardware/avr/3.1.1/cores/MCUdude_corefiles/wiring.c:984

// Enable timer 0 overflow interrupt
#if defined(TIMSK) && defined(TOIE0)
  TIMSK |= _BV(TOIE0);
#elif defined(TIMSK0) && defined(TOIE0)
  TIMSK0 |= _BV(TOIE0);
    45fc:	80 91 6e 00 	lds	r24, 0x006E	; 0x80006e <__DATA_REGION_ORIGIN__+0xe>
    4600:	81 60       	ori	r24, 0x01	; 1
    4602:	80 93 6e 00 	sts	0x006E, r24	; 0x80006e <__DATA_REGION_ORIGIN__+0xe>
/home/jgalera/.arduino15/packages/MiniCore/hardware/avr/3.1.1/cores/MCUdude_corefiles/wiring.c:995
// this is better for motors as it ensures an even waveform
// note, however, that fast pwm mode can achieve a frequency of up
// 8 MHz (with a 16 MHz clock) at 50% duty cycle

#if defined(TCCR1B) && defined(CS11) && defined(CS10)
  TCCR1B = _BV(CS11); // Set timer 1 prescale factor to 64
    4606:	82 e0       	ldi	r24, 0x02	; 2
    4608:	80 93 81 00 	sts	0x0081, r24	; 0x800081 <__DATA_REGION_ORIGIN__+0x21>
/home/jgalera/.arduino15/packages/MiniCore/hardware/avr/3.1.1/cores/MCUdude_corefiles/wiring.c:997
#if F_CPU >= 8000000L
  TCCR1B |= _BV(CS10);
    460c:	80 91 81 00 	lds	r24, 0x0081	; 0x800081 <__DATA_REGION_ORIGIN__+0x21>
    4610:	81 60       	ori	r24, 0x01	; 1
    4612:	80 93 81 00 	sts	0x0081, r24	; 0x800081 <__DATA_REGION_ORIGIN__+0x21>
/home/jgalera/.arduino15/packages/MiniCore/hardware/avr/3.1.1/cores/MCUdude_corefiles/wiring.c:1006
#if F_CPU >= 8000000L
  TCCR1 |= _BV(CS10);
#endif
#endif
#if defined(TCCR1A) && defined(WGM10)
  TCCR1A |= _BV(WGM10); // Put timer 1 in 8-bit phase correct pwm mode
    4616:	80 91 80 00 	lds	r24, 0x0080	; 0x800080 <__DATA_REGION_ORIGIN__+0x20>
    461a:	81 60       	ori	r24, 0x01	; 1
    461c:	80 93 80 00 	sts	0x0080, r24	; 0x800080 <__DATA_REGION_ORIGIN__+0x20>
/home/jgalera/.arduino15/packages/MiniCore/hardware/avr/3.1.1/cores/MCUdude_corefiles/wiring.c:1013

// Set timer 2 prescale factor to 64
#if defined(TCCR2) && defined(CS22)
  TCCR2 |= _BV(CS22);
#elif defined(TCCR2B) && defined(CS22)
  TCCR2B |= _BV(CS22);
    4620:	80 91 b1 00 	lds	r24, 0x00B1	; 0x8000b1 <__DATA_REGION_ORIGIN__+0x51>
    4624:	84 60       	ori	r24, 0x04	; 4
    4626:	80 93 b1 00 	sts	0x00B1, r24	; 0x8000b1 <__DATA_REGION_ORIGIN__+0x51>
/home/jgalera/.arduino15/packages/MiniCore/hardware/avr/3.1.1/cores/MCUdude_corefiles/wiring.c:1022

// Configure timer 2 for phase correct pwm (8-bit)
#if defined(TCCR2) && defined(WGM20)
  TCCR2 |= _BV(WGM20);
#elif defined(TCCR2A) && defined(WGM20)
  TCCR2A |= _BV(WGM20);
    462a:	80 91 b0 00 	lds	r24, 0x00B0	; 0x8000b0 <__DATA_REGION_ORIGIN__+0x50>
    462e:	81 60       	ori	r24, 0x01	; 1
    4630:	80 93 b0 00 	sts	0x00B0, r24	; 0x8000b0 <__DATA_REGION_ORIGIN__+0x50>
/home/jgalera/.arduino15/packages/MiniCore/hardware/avr/3.1.1/cores/MCUdude_corefiles/wiring.c:1050
#endif

#if defined(ADCSRA)
  // set a2d prescaler so we are inside the desired 50-200 KHz range.
  #if F_CPU >= 16000000 // 16 MHz / 128 = 125 KHz
    ADCSRA = _BV(ADPS2) | _BV(ADPS1) | _BV(ADPS0) | _BV(ADEN);
    4634:	87 e8       	ldi	r24, 0x87	; 135
    4636:	80 93 7a 00 	sts	0x007A, r24	; 0x80007a <__DATA_REGION_ORIGIN__+0x1a>
/home/jgalera/.arduino15/packages/MiniCore/hardware/avr/3.1.1/cores/MCUdude_corefiles/wiring.c:1070
  // here so they can be used as normal digital i/o; they will be
  // reconnected in Serial.begin()
#if defined(UCSRB)
  UCSRB = 0;
#elif defined(UCSR0B)
  UCSR0B = 0;
    463a:	10 92 c1 00 	sts	0x00C1, r1	; 0x8000c1 <__DATA_REGION_ORIGIN__+0x61>
setup():
/home/jgalera/develop/arduino/usdx/usdx_plus_orange/usdx_plus_orange.ino:110
#endif

#include "src/core/core.h"
void setup() {

  digitalWrite(KEY_OUT, LOW); // for safety: to prevent exploding PA MOSFETs, in
    463e:	60 e0       	ldi	r22, 0x00	; 0
    4640:	8a e0       	ldi	r24, 0x0A	; 10
    4642:	0e 94 7e 06 	call	0xcfc	; 0xcfc <digitalWrite>
/home/jgalera/develop/arduino/usdx/usdx_plus_orange/usdx_plus_orange.ino:112
                              // case there was something still biasing them.
  si5351.powerDown(); // disable all CLK outputs (especially needed for si5351
    4646:	0e 94 ec 05 	call	0xbd8	; 0xbd8 <SI5351::powerDown() [clone .constprop.23]>
/home/jgalera/develop/arduino/usdx/usdx_plus_orange/usdx_plus_orange.ino:117
                      // variants that has CLK2 enabled by default, such as
                      // Si5351A-B04486-GT)

  // uint8_t mcusr = MCUSR;
  MCUSR = 0;
    464a:	14 be       	out	0x34, r1	; 52
wdt_enable():
/home/jgalera/.arduino15/packages/arduino/tools/avr-gcc/7.3.0-atmel3.6.1-arduino7/avr/include/avr/wdt.h:486
				: "n" (_SFR_MEM_ADDR(_WD_CONTROL_REG)),
				"r" ((uint8_t)(_BV(_WD_CHANGE_BIT) | _BV(WDE))),
				"r" ((uint8_t) ((value & 0x08 ? _WD_PS3_MASK : 0x00) |
						_BV(WDE) | (value & 0x07)) )
				: "r0"
		);
    464c:	88 e1       	ldi	r24, 0x18	; 24
    464e:	98 e2       	ldi	r25, 0x28	; 40
    4650:	0f b6       	in	r0, 0x3f	; 63
    4652:	f8 94       	cli
    4654:	a8 95       	wdr
    4656:	80 93 60 00 	sts	0x0060, r24	; 0x800060 <__DATA_REGION_ORIGIN__>
    465a:	0f be       	out	0x3f, r0	; 63
    465c:	90 93 60 00 	sts	0x0060, r25	; 0x800060 <__DATA_REGION_ORIGIN__>
setup():
/home/jgalera/develop/arduino/usdx/usdx_plus_orange/usdx_plus_orange.ino:153
  load_rx_avg /= 8;

  // adc_stop();  // recover general ADC settings so that analogRead is working
  // again
#endif                  // DEBUG
  ADMUX = (1 << REFS0); // restore reference voltage AREF (5V)
    4660:	80 e4       	ldi	r24, 0x40	; 64
    4662:	80 93 7c 00 	sts	0x007C, r24	; 0x80007c <__DATA_REGION_ORIGIN__+0x1c>
/home/jgalera/develop/arduino/usdx/usdx_plus_orange/usdx_plus_orange.ino:156

  // disable external interrupts
  PCICR = 0;
    4666:	10 92 68 00 	sts	0x0068, r1	; 0x800068 <__DATA_REGION_ORIGIN__+0x8>
/home/jgalera/develop/arduino/usdx/usdx_plus_orange/usdx_plus_orange.ino:157
  PCMSK0 = 0;
    466a:	10 92 6b 00 	sts	0x006B, r1	; 0x80006b <__DATA_REGION_ORIGIN__+0xb>
/home/jgalera/develop/arduino/usdx/usdx_plus_orange/usdx_plus_orange.ino:158
  PCMSK1 = 0;
    466e:	10 92 6c 00 	sts	0x006C, r1	; 0x80006c <__DATA_REGION_ORIGIN__+0xc>
/home/jgalera/develop/arduino/usdx/usdx_plus_orange/usdx_plus_orange.ino:159
  PCMSK2 = 0;
    4672:	10 92 6d 00 	sts	0x006D, r1	; 0x80006d <__DATA_REGION_ORIGIN__+0xd>
encoder_setup():
/home/jgalera/develop/arduino/usdx/usdx_plus_orange/src/core/core.cpp:111
#endif
  }
}

void encoder_setup() {
  pinMode(ROT_A, INPUT_PULLUP);
    4676:	62 e0       	ldi	r22, 0x02	; 2
    4678:	86 e0       	ldi	r24, 0x06	; 6
    467a:	0e 94 ac 06 	call	0xd58	; 0xd58 <pinMode>
/home/jgalera/develop/arduino/usdx/usdx_plus_orange/src/core/core.cpp:112
  pinMode(ROT_B, INPUT_PULLUP);
    467e:	62 e0       	ldi	r22, 0x02	; 2
    4680:	87 e0       	ldi	r24, 0x07	; 7
    4682:	0e 94 ac 06 	call	0xd58	; 0xd58 <pinMode>
/home/jgalera/develop/arduino/usdx/usdx_plus_orange/src/core/core.cpp:113
  PCMSK2 |= (1 << PCINT22) | (1 << PCINT23);
    4686:	80 91 6d 00 	lds	r24, 0x006D	; 0x80006d <__DATA_REGION_ORIGIN__+0xd>
    468a:	80 6c       	ori	r24, 0xC0	; 192
    468c:	80 93 6d 00 	sts	0x006D, r24	; 0x80006d <__DATA_REGION_ORIGIN__+0xd>
/home/jgalera/develop/arduino/usdx/usdx_plus_orange/src/core/core.cpp:114
  PCICR |= (1 << PCIE2);
    4690:	80 91 68 00 	lds	r24, 0x0068	; 0x800068 <__DATA_REGION_ORIGIN__+0x8>
    4694:	84 60       	ori	r24, 0x04	; 4
    4696:	80 93 68 00 	sts	0x0068, r24	; 0x800068 <__DATA_REGION_ORIGIN__+0x8>
_digitalRead():
/home/jgalera/develop/arduino/usdx/usdx_plus_orange/src/core/core.cpp:36
                            : 0;
  }
  return digitalRead(pin);
}
#else
uint8_t _digitalRead(uint8_t pin) { return digitalRead(pin); }
    469a:	87 e0       	ldi	r24, 0x07	; 7
    469c:	0e 94 55 06 	call	0xcaa	; 0xcaa <digitalRead>
    46a0:	f8 2e       	mov	r15, r24
    46a2:	86 e0       	ldi	r24, 0x06	; 6
    46a4:	0e 94 55 06 	call	0xcaa	; 0xcaa <digitalRead>
encoder_setup():
/home/jgalera/develop/arduino/usdx/usdx_plus_orange/src/core/core.cpp:115
void encoder_setup() {
  pinMode(ROT_A, INPUT_PULLUP);
  pinMode(ROT_B, INPUT_PULLUP);
  PCMSK2 |= (1 << PCINT22) | (1 << PCINT23);
  PCICR |= (1 << PCIE2);
  last_state = (_digitalRead(ROT_B) << 1) | _digitalRead(ROT_A);
    46a8:	ff 0c       	add	r15, r15
    46aa:	f8 2a       	or	r15, r24
    46ac:	f0 92 b9 05 	sts	0x05B9, r15	; 0x8005b9 <last_state>
/home/jgalera/develop/arduino/usdx/usdx_plus_orange/src/core/core.cpp:116
  interrupts();
    46b0:	78 94       	sei
initPins():
/home/jgalera/develop/arduino/usdx/usdx_plus_orange/src/core/core.cpp:849
const char *keyer_mode_label[] = {"Iambic A", "Iambic B", "Straight"};
#endif
const char *agc_label[] = {"OFF", "Fast", "Slow"};

void initPins() {
  digitalWrite(SIG_OUT, LOW);
    46b2:	60 e0       	ldi	r22, 0x00	; 0
    46b4:	8b e0       	ldi	r24, 0x0B	; 11
    46b6:	0e 94 7e 06 	call	0xcfc	; 0xcfc <digitalWrite>
/home/jgalera/develop/arduino/usdx/usdx_plus_orange/src/core/core.cpp:850
  digitalWrite(RX, HIGH);
    46ba:	61 e0       	ldi	r22, 0x01	; 1
    46bc:	88 e0       	ldi	r24, 0x08	; 8
    46be:	0e 94 7e 06 	call	0xcfc	; 0xcfc <digitalWrite>
/home/jgalera/develop/arduino/usdx/usdx_plus_orange/src/core/core.cpp:851
  digitalWrite(KEY_OUT, LOW);
    46c2:	60 e0       	ldi	r22, 0x00	; 0
    46c4:	8a e0       	ldi	r24, 0x0A	; 10
    46c6:	0e 94 7e 06 	call	0xcfc	; 0xcfc <digitalWrite>
/home/jgalera/develop/arduino/usdx/usdx_plus_orange/src/core/core.cpp:852
  digitalWrite(SIDETONE, LOW);
    46ca:	60 e0       	ldi	r22, 0x00	; 0
    46cc:	89 e0       	ldi	r24, 0x09	; 9
    46ce:	0e 94 7e 06 	call	0xcfc	; 0xcfc <digitalWrite>
/home/jgalera/develop/arduino/usdx/usdx_plus_orange/src/core/core.cpp:854

  pinMode(SIDETONE, OUTPUT);
    46d2:	61 e0       	ldi	r22, 0x01	; 1
    46d4:	89 e0       	ldi	r24, 0x09	; 9
    46d6:	0e 94 ac 06 	call	0xd58	; 0xd58 <pinMode>
/home/jgalera/develop/arduino/usdx/usdx_plus_orange/src/core/core.cpp:855
  pinMode(SIG_OUT, OUTPUT);
    46da:	61 e0       	ldi	r22, 0x01	; 1
    46dc:	8b e0       	ldi	r24, 0x0B	; 11
    46de:	0e 94 ac 06 	call	0xd58	; 0xd58 <pinMode>
/home/jgalera/develop/arduino/usdx/usdx_plus_orange/src/core/core.cpp:856
  pinMode(RX, OUTPUT);
    46e2:	61 e0       	ldi	r22, 0x01	; 1
    46e4:	88 e0       	ldi	r24, 0x08	; 8
    46e6:	0e 94 ac 06 	call	0xd58	; 0xd58 <pinMode>
/home/jgalera/develop/arduino/usdx/usdx_plus_orange/src/core/core.cpp:857
  pinMode(KEY_OUT, OUTPUT);
    46ea:	61 e0       	ldi	r22, 0x01	; 1
    46ec:	8a e0       	ldi	r24, 0x0A	; 10
    46ee:	0e 94 ac 06 	call	0xd58	; 0xd58 <pinMode>
/home/jgalera/develop/arduino/usdx/usdx_plus_orange/src/core/core.cpp:861
#ifdef ONEBUTTON
  pinMode(BUTTONS, INPUT_PULLUP);
#else
  pinMode(BUTTONS, INPUT);
    46f2:	60 e0       	ldi	r22, 0x00	; 0
    46f4:	81 e1       	ldi	r24, 0x11	; 17
    46f6:	0e 94 ac 06 	call	0xd58	; 0xd58 <pinMode>
/home/jgalera/develop/arduino/usdx/usdx_plus_orange/src/core/core.cpp:863
#endif
  pinMode(DIT, INPUT_PULLUP);
    46fa:	62 e0       	ldi	r22, 0x02	; 2
    46fc:	8d e0       	ldi	r24, 0x0D	; 13
    46fe:	0e 94 ac 06 	call	0xd58	; 0xd58 <pinMode>
/home/jgalera/develop/arduino/usdx/usdx_plus_orange/src/core/core.cpp:864
  pinMode(DAH, INPUT);
    4702:	60 e0       	ldi	r22, 0x00	; 0
    4704:	8c e0       	ldi	r24, 0x0C	; 12
    4706:	0e 94 ac 06 	call	0xd58	; 0xd58 <pinMode>
/home/jgalera/develop/arduino/usdx/usdx_plus_orange/src/core/core.cpp:866

  digitalWrite(AUDIO1, LOW);
    470a:	60 e0       	ldi	r22, 0x00	; 0
    470c:	8e e0       	ldi	r24, 0x0E	; 14
    470e:	0e 94 7e 06 	call	0xcfc	; 0xcfc <digitalWrite>
/home/jgalera/develop/arduino/usdx/usdx_plus_orange/src/core/core.cpp:867
  digitalWrite(AUDIO2, LOW);
    4712:	60 e0       	ldi	r22, 0x00	; 0
    4714:	8f e0       	ldi	r24, 0x0F	; 15
    4716:	0e 94 7e 06 	call	0xcfc	; 0xcfc <digitalWrite>
/home/jgalera/develop/arduino/usdx/usdx_plus_orange/src/core/core.cpp:868
  pinMode(AUDIO1, INPUT);
    471a:	60 e0       	ldi	r22, 0x00	; 0
    471c:	8e e0       	ldi	r24, 0x0E	; 14
    471e:	0e 94 ac 06 	call	0xd58	; 0xd58 <pinMode>
/home/jgalera/develop/arduino/usdx/usdx_plus_orange/src/core/core.cpp:869
  pinMode(AUDIO2, INPUT);
    4722:	60 e0       	ldi	r22, 0x00	; 0
    4724:	8f e0       	ldi	r24, 0x0F	; 15
    4726:	0e 94 ac 06 	call	0xd58	; 0xd58 <pinMode>
setup():
/home/jgalera/develop/arduino/usdx/usdx_plus_orange/usdx_plus_orange.ino:165

  encoder_setup();

  initPins();

  delay(100);       // at least 40ms after power rises above 2.7V before sending
    472a:	64 e6       	ldi	r22, 0x64	; 100
    472c:	70 e0       	ldi	r23, 0x00	; 0
    472e:	80 e0       	ldi	r24, 0x00	; 0
    4730:	90 e0       	ldi	r25, 0x00	; 0
    4732:	0e 94 2d 07 	call	0xe5a	; 0xe5a <delay>
begin():
/home/jgalera/develop/arduino/usdx/usdx_plus_orange/src/driver/display.cpp:292
  Wire.beginTransmission(PCF_ADDR);
  Wire.write(0);
  Wire.endTransmission();
  delayMicroseconds(50000);
#else
  DDRD |= 0xf << _dn | 1 << _en;
    4736:	8a b1       	in	r24, 0x0a	; 10
    4738:	8f 61       	ori	r24, 0x1F	; 31
    473a:	8a b9       	out	0x0a, r24	; 10
/home/jgalera/develop/arduino/usdx/usdx_plus_orange/src/driver/display.cpp:293
  DDRC |= 1 << _rs;
    473c:	3c 9a       	sbi	0x07, 4	; 7
/home/jgalera/develop/arduino/usdx/usdx_plus_orange/src/driver/display.cpp:294
  delayMicroseconds(50000);
    473e:	80 e5       	ldi	r24, 0x50	; 80
    4740:	93 ec       	ldi	r25, 0xC3	; 195
    4742:	0e 94 00 07 	call	0xe00	; 0xe00 <delayMicroseconds>
/home/jgalera/develop/arduino/usdx/usdx_plus_orange/src/driver/display.cpp:295
  LCD_RS_LO();
    4746:	3c 9a       	sbi	0x07, 4	; 7
/home/jgalera/develop/arduino/usdx/usdx_plus_orange/src/driver/display.cpp:296
  LCD_EN_LO();
    4748:	5c 98       	cbi	0x0b, 4	; 11
/home/jgalera/develop/arduino/usdx/usdx_plus_orange/src/driver/display.cpp:298
#endif
  cmd(0x33);
    474a:	83 e3       	ldi	r24, 0x33	; 51
    474c:	0e 94 b5 08 	call	0x116a	; 0x116a <LCD::cmd(unsigned char) [clone .constprop.54]>
/home/jgalera/develop/arduino/usdx/usdx_plus_orange/src/driver/display.cpp:299
  delayMicroseconds(4500);
    4750:	84 e9       	ldi	r24, 0x94	; 148
    4752:	91 e1       	ldi	r25, 0x11	; 17
    4754:	0e 94 00 07 	call	0xe00	; 0xe00 <delayMicroseconds>
/home/jgalera/develop/arduino/usdx/usdx_plus_orange/src/driver/display.cpp:300
  cmd(0x33);
    4758:	83 e3       	ldi	r24, 0x33	; 51
    475a:	0e 94 b5 08 	call	0x116a	; 0x116a <LCD::cmd(unsigned char) [clone .constprop.54]>
/home/jgalera/develop/arduino/usdx/usdx_plus_orange/src/driver/display.cpp:301
  delayMicroseconds(4500);
    475e:	84 e9       	ldi	r24, 0x94	; 148
    4760:	91 e1       	ldi	r25, 0x11	; 17
    4762:	0e 94 00 07 	call	0xe00	; 0xe00 <delayMicroseconds>
/home/jgalera/develop/arduino/usdx/usdx_plus_orange/src/driver/display.cpp:302
  cmd(0x33);
    4766:	83 e3       	ldi	r24, 0x33	; 51
    4768:	0e 94 b5 08 	call	0x116a	; 0x116a <LCD::cmd(unsigned char) [clone .constprop.54]>
/home/jgalera/develop/arduino/usdx/usdx_plus_orange/src/driver/display.cpp:303
  delayMicroseconds(150);
    476c:	86 e9       	ldi	r24, 0x96	; 150
    476e:	90 e0       	ldi	r25, 0x00	; 0
    4770:	0e 94 00 07 	call	0xe00	; 0xe00 <delayMicroseconds>
/home/jgalera/develop/arduino/usdx/usdx_plus_orange/src/driver/display.cpp:304
  cmd(0x32);
    4774:	82 e3       	ldi	r24, 0x32	; 50
    4776:	0e 94 b5 08 	call	0x116a	; 0x116a <LCD::cmd(unsigned char) [clone .constprop.54]>
/home/jgalera/develop/arduino/usdx/usdx_plus_orange/src/driver/display.cpp:305
  cmd(0x28);
    477a:	88 e2       	ldi	r24, 0x28	; 40
    477c:	0e 94 b5 08 	call	0x116a	; 0x116a <LCD::cmd(unsigned char) [clone .constprop.54]>
/home/jgalera/develop/arduino/usdx/usdx_plus_orange/src/driver/display.cpp:306
  cmd(0x0c);
    4780:	8c e0       	ldi	r24, 0x0C	; 12
    4782:	0e 94 b5 08 	call	0x116a	; 0x116a <LCD::cmd(unsigned char) [clone .constprop.54]>
/home/jgalera/develop/arduino/usdx/usdx_plus_orange/src/driver/display.cpp:307
  cmd(0x01);
    4786:	81 e0       	ldi	r24, 0x01	; 1
    4788:	0e 94 b5 08 	call	0x116a	; 0x116a <LCD::cmd(unsigned char) [clone .constprop.54]>
/home/jgalera/develop/arduino/usdx/usdx_plus_orange/src/driver/display.cpp:308
  delay(3);
    478c:	63 e0       	ldi	r22, 0x03	; 3
    478e:	70 e0       	ldi	r23, 0x00	; 0
    4790:	80 e0       	ldi	r24, 0x00	; 0
    4792:	90 e0       	ldi	r25, 0x00	; 0
    4794:	0e 94 2d 07 	call	0xe5a	; 0xe5a <delay>
/home/jgalera/develop/arduino/usdx/usdx_plus_orange/src/driver/display.cpp:309
  cmd(0x06);
    4798:	86 e0       	ldi	r24, 0x06	; 6
    479a:	0e 94 b5 08 	call	0x116a	; 0x116a <LCD::cmd(unsigned char) [clone .constprop.54]>
setup():
/home/jgalera/develop/arduino/usdx/usdx_plus_orange/usdx_plus_orange.ino:169
                    // commands
  lcd.begin(16, 4); // Init LCD
#ifndef OLED
  for (i = 0; i != N_FONTS; i++) { // Init fonts
    479e:	10 92 c5 05 	sts	0x05C5, r1	; 0x8005c5 <i+0x1>
    47a2:	10 92 c4 05 	sts	0x05C4, r1	; 0x8005c4 <i>
    47a6:	5e 01       	movw	r10, r28
    47a8:	29 e0       	ldi	r18, 0x09	; 9
    47aa:	a2 0e       	add	r10, r18
    47ac:	b1 1c       	adc	r11, r1
    47ae:	80 91 c4 05 	lds	r24, 0x05C4	; 0x8005c4 <i>
    47b2:	90 91 c5 05 	lds	r25, 0x05C5	; 0x8005c5 <i+0x1>
    47b6:	08 97       	sbiw	r24, 0x08	; 8
    47b8:	a9 f1       	breq	.+106    	; 0x4824 <main+0x24a>
/home/jgalera/develop/arduino/usdx/usdx_plus_orange/usdx_plus_orange.ino:170
    pgm_cache_item(fonts[i], 8);
    47ba:	60 91 c4 05 	lds	r22, 0x05C4	; 0x8005c4 <i>
    47be:	70 91 c5 05 	lds	r23, 0x05C5	; 0x8005c5 <i+0x1>
    47c2:	e3 e0       	ldi	r30, 0x03	; 3
    47c4:	66 0f       	add	r22, r22
    47c6:	77 1f       	adc	r23, r23
    47c8:	ea 95       	dec	r30
    47ca:	e1 f7       	brne	.-8      	; 0x47c4 <main+0x1ea>
    47cc:	67 54       	subi	r22, 0x47	; 71
    47ce:	7e 4f       	sbci	r23, 0xFE	; 254
    47d0:	48 e0       	ldi	r20, 0x08	; 8
    47d2:	50 e0       	ldi	r21, 0x00	; 0
    47d4:	ce 01       	movw	r24, r28
    47d6:	01 96       	adiw	r24, 0x01	; 1
    47d8:	0e 94 10 34 	call	0x6820	; 0x6820 <memcpy_P>
/home/jgalera/develop/arduino/usdx/usdx_plus_orange/usdx_plus_orange.ino:171
    lcd.createChar(0x01 + i, /*fonts[i]*/ _item);
    47dc:	80 91 c4 05 	lds	r24, 0x05C4	; 0x8005c4 <i>
    47e0:	90 91 c5 05 	lds	r25, 0x05C5	; 0x8005c5 <i+0x1>
    47e4:	8f 5f       	subi	r24, 0xFF	; 255
createChar():
/home/jgalera/develop/arduino/usdx/usdx_plus_orange/src/driver/display.cpp:436
#endif
void LCD::cursor() { cmd(0x0e); }
void LCD::noCursor() { cmd(0x0c); }
void LCD::noDisplay() { cmd(0x08); }
void LCD::createChar(uint8_t l, uint8_t glyph[]) {
  cmd(0x40 | ((l & 0x7) << 3));
    47e6:	38 e0       	ldi	r19, 0x08	; 8
    47e8:	83 9f       	mul	r24, r19
    47ea:	c0 01       	movw	r24, r0
    47ec:	11 24       	eor	r1, r1
    47ee:	88 73       	andi	r24, 0x38	; 56
    47f0:	80 64       	ori	r24, 0x40	; 64
    47f2:	0e 94 b5 08 	call	0x116a	; 0x116a <LCD::cmd(unsigned char) [clone .constprop.54]>
    47f6:	ce 01       	movw	r24, r28
    47f8:	01 96       	adiw	r24, 0x01	; 1
    47fa:	7c 01       	movw	r14, r24
/home/jgalera/develop/arduino/usdx/usdx_plus_orange/src/driver/display.cpp:438
  for (int i = 0; i != 8; i++)
    write(glyph[i]);
    47fc:	d7 01       	movw	r26, r14
    47fe:	6d 91       	ld	r22, X+
    4800:	7d 01       	movw	r14, r26
    4802:	80 ed       	ldi	r24, 0xD0	; 208
    4804:	96 e0       	ldi	r25, 0x06	; 6
    4806:	0e 94 3b 15 	call	0x2a76	; 0x2a76 <LCD::write(unsigned char)>
/home/jgalera/develop/arduino/usdx/usdx_plus_orange/src/driver/display.cpp:437
void LCD::cursor() { cmd(0x0e); }
void LCD::noCursor() { cmd(0x0c); }
void LCD::noDisplay() { cmd(0x08); }
void LCD::createChar(uint8_t l, uint8_t glyph[]) {
  cmd(0x40 | ((l & 0x7) << 3));
  for (int i = 0; i != 8; i++)
    480a:	ea 14       	cp	r14, r10
    480c:	fb 04       	cpc	r15, r11
    480e:	b1 f7       	brne	.-20     	; 0x47fc <main+0x222>
setup():
/home/jgalera/develop/arduino/usdx/usdx_plus_orange/usdx_plus_orange.ino:169

  delay(100);       // at least 40ms after power rises above 2.7V before sending
                    // commands
  lcd.begin(16, 4); // Init LCD
#ifndef OLED
  for (i = 0; i != N_FONTS; i++) { // Init fonts
    4810:	80 91 c4 05 	lds	r24, 0x05C4	; 0x8005c4 <i>
    4814:	90 91 c5 05 	lds	r25, 0x05C5	; 0x8005c5 <i+0x1>
    4818:	01 96       	adiw	r24, 0x01	; 1
    481a:	90 93 c5 05 	sts	0x05C5, r25	; 0x8005c5 <i+0x1>
    481e:	80 93 c4 05 	sts	0x05C4, r24	; 0x8005c4 <i>
    4822:	c5 cf       	rjmp	.-118    	; 0x47ae <main+0x1d4>
/home/jgalera/develop/arduino/usdx/usdx_plus_orange/usdx_plus_orange.ino:175
    pgm_cache_item(fonts[i], 8);
    lcd.createChar(0x01 + i, /*fonts[i]*/ _item);
  }
#endif

  show_banner();
    4824:	0e 94 fe 15 	call	0x2bfc	; 0x2bfc <show_banner()>
setCursor():
/home/jgalera/develop/arduino/usdx/usdx_plus_orange/src/driver/display.cpp:430
#ifdef CONDENSED
void LCD::setCursor(uint8_t x, uint8_t y) {
  cmd(0x80 | (x + (uint8_t[]){0x00, 0x40, 0x00 + 20, 0x40 + 20}[y]));
}
#else
void LCD::setCursor(uint8_t x, uint8_t y) { cmd(0x80 | (x + y * 0x40)); }
    4828:	87 e8       	ldi	r24, 0x87	; 135
    482a:	0e 94 b5 08 	call	0x116a	; 0x116a <LCD::cmd(unsigned char) [clone .constprop.54]>
setup():
/home/jgalera/develop/arduino/usdx/usdx_plus_orange/usdx_plus_orange.ino:177
  lcd.setCursor(7, 0);
  lcd.print(F(" R"));
    482e:	86 eb       	ldi	r24, 0xB6	; 182
    4830:	91 e0       	ldi	r25, 0x01	; 1
    4832:	0e 94 5f 15 	call	0x2abe	; 0x2abe <Print::print(__FlashStringHelper const*) [clone .constprop.60]>
/home/jgalera/develop/arduino/usdx/usdx_plus_orange/usdx_plus_orange.ino:178
  lcd.print(F(VERSION));
    4836:	80 eb       	ldi	r24, 0xB0	; 176
    4838:	91 e0       	ldi	r25, 0x01	; 1
    483a:	0e 94 5f 15 	call	0x2abe	; 0x2abe <Print::print(__FlashStringHelper const*) [clone .constprop.60]>
/home/jgalera/develop/arduino/usdx/usdx_plus_orange/usdx_plus_orange.ino:179
  lcd_blanks();
    483e:	0e 94 7a 15 	call	0x2af4	; 0x2af4 <lcd_blanks()>
/home/jgalera/develop/arduino/usdx/usdx_plus_orange/usdx_plus_orange.ino:272
  }*/
#endif

#ifdef DIAG
  // Measure VDD (+5V); should be ~5V
  si5351.SendRegister(SI_CLK_OE, TX0RX0); // Mute QSD
    4842:	6f ef       	ldi	r22, 0xFF	; 255
    4844:	83 e0       	ldi	r24, 0x03	; 3
    4846:	0e 94 24 03 	call	0x648	; 0x648 <SI5351::SendRegister(unsigned char, unsigned char) [clone .constprop.30]>
/home/jgalera/develop/arduino/usdx/usdx_plus_orange/usdx_plus_orange.ino:273
  digitalWrite(KEY_OUT, LOW);
    484a:	60 e0       	ldi	r22, 0x00	; 0
    484c:	8a e0       	ldi	r24, 0x0A	; 10
    484e:	0e 94 7e 06 	call	0xcfc	; 0xcfc <digitalWrite>
/home/jgalera/develop/arduino/usdx/usdx_plus_orange/usdx_plus_orange.ino:274
  digitalWrite(RX, LOW); // mute RX
    4852:	60 e0       	ldi	r22, 0x00	; 0
    4854:	88 e0       	ldi	r24, 0x08	; 8
    4856:	0e 94 7e 06 	call	0xcfc	; 0xcfc <digitalWrite>
/home/jgalera/develop/arduino/usdx/usdx_plus_orange/usdx_plus_orange.ino:275
  delay(100);            // settle
    485a:	64 e6       	ldi	r22, 0x64	; 100
    485c:	70 e0       	ldi	r23, 0x00	; 0
    485e:	80 e0       	ldi	r24, 0x00	; 0
    4860:	90 e0       	ldi	r25, 0x00	; 0
    4862:	0e 94 2d 07 	call	0xe5a	; 0xe5a <delay>
/home/jgalera/develop/arduino/usdx/usdx_plus_orange/usdx_plus_orange.ino:276
  float vdd = 2.0 * (float)analogRead(AUDIO2) * 5.0 / 1024.0;
    4866:	8f e0       	ldi	r24, 0x0F	; 15
    4868:	0e 94 e8 06 	call	0xdd0	; 0xdd0 <analogRead>
    486c:	bc 01       	movw	r22, r24
    486e:	99 0f       	add	r25, r25
    4870:	88 0b       	sbc	r24, r24
    4872:	99 0b       	sbc	r25, r25
    4874:	0e 94 2f 38 	call	0x705e	; 0x705e <__floatsisf>
    4878:	9b 01       	movw	r18, r22
    487a:	ac 01       	movw	r20, r24
    487c:	0e 94 14 37 	call	0x6e28	; 0x6e28 <__addsf3>
    4880:	20 e0       	ldi	r18, 0x00	; 0
    4882:	30 e0       	ldi	r19, 0x00	; 0
    4884:	40 ea       	ldi	r20, 0xA0	; 160
    4886:	50 e4       	ldi	r21, 0x40	; 64
    4888:	0e 94 e4 38 	call	0x71c8	; 0x71c8 <__mulsf3>
    488c:	20 e0       	ldi	r18, 0x00	; 0
    488e:	30 e0       	ldi	r19, 0x00	; 0
    4890:	40 e8       	ldi	r20, 0x80	; 128
    4892:	5a e3       	ldi	r21, 0x3A	; 58
    4894:	0e 94 e4 38 	call	0x71c8	; 0x71c8 <__mulsf3>
    4898:	4b 01       	movw	r8, r22
    489a:	5c 01       	movw	r10, r24
/home/jgalera/develop/arduino/usdx/usdx_plus_orange/usdx_plus_orange.ino:277
  digitalWrite(RX, HIGH);
    489c:	61 e0       	ldi	r22, 0x01	; 1
    489e:	88 e0       	ldi	r24, 0x08	; 8
    48a0:	0e 94 7e 06 	call	0xcfc	; 0xcfc <digitalWrite>
/home/jgalera/develop/arduino/usdx/usdx_plus_orange/usdx_plus_orange.ino:278
  if (!(vdd > 4.8 && vdd < 5.2)) {
    48a4:	2a e9       	ldi	r18, 0x9A	; 154
    48a6:	39 e9       	ldi	r19, 0x99	; 153
    48a8:	49 e9       	ldi	r20, 0x99	; 153
    48aa:	50 e4       	ldi	r21, 0x40	; 64
    48ac:	c5 01       	movw	r24, r10
    48ae:	b4 01       	movw	r22, r8
    48b0:	0e 94 df 38 	call	0x71be	; 0x71be <__gesf2>
    48b4:	18 16       	cp	r1, r24
    48b6:	54 f4       	brge	.+20     	; 0x48cc <main+0x2f2>
    48b8:	26 e6       	ldi	r18, 0x66	; 102
    48ba:	36 e6       	ldi	r19, 0x66	; 102
    48bc:	46 ea       	ldi	r20, 0xA6	; 166
    48be:	50 e4       	ldi	r21, 0x40	; 64
    48c0:	c5 01       	movw	r24, r10
    48c2:	b4 01       	movw	r22, r8
    48c4:	0e 94 80 37 	call	0x6f00	; 0x6f00 <__cmpsf2>
    48c8:	87 fd       	sbrc	r24, 7
    48ca:	09 c0       	rjmp	.+18     	; 0x48de <main+0x304>
/home/jgalera/develop/arduino/usdx/usdx_plus_orange/usdx_plus_orange.ino:279
    fatal(F("V5.0"), vdd, 'V');
    48cc:	c5 01       	movw	r24, r10
    48ce:	b4 01       	movw	r22, r8
    48d0:	0e 94 f7 37 	call	0x6fee	; 0x6fee <__fixsfsi>
    48d4:	46 e5       	ldi	r20, 0x56	; 86
    48d6:	8b ea       	ldi	r24, 0xAB	; 171
    48d8:	91 e0       	ldi	r25, 0x01	; 1
    48da:	0e 94 d5 19 	call	0x33aa	; 0x33aa <fatal(__FlashStringHelper const*, int, char)>
/home/jgalera/develop/arduino/usdx/usdx_plus_orange/usdx_plus_orange.ino:283
  }

  // Measure VEE (+3.3V); should be ~3.3V
  float vee = (float)analogRead(SCL) * 5.0 / 1024.0;
    48de:	83 e1       	ldi	r24, 0x13	; 19
    48e0:	0e 94 e8 06 	call	0xdd0	; 0xdd0 <analogRead>
    48e4:	bc 01       	movw	r22, r24
    48e6:	99 0f       	add	r25, r25
    48e8:	88 0b       	sbc	r24, r24
    48ea:	99 0b       	sbc	r25, r25
    48ec:	0e 94 2f 38 	call	0x705e	; 0x705e <__floatsisf>
    48f0:	20 e0       	ldi	r18, 0x00	; 0
    48f2:	30 e0       	ldi	r19, 0x00	; 0
    48f4:	40 ea       	ldi	r20, 0xA0	; 160
    48f6:	50 e4       	ldi	r21, 0x40	; 64
    48f8:	0e 94 e4 38 	call	0x71c8	; 0x71c8 <__mulsf3>
    48fc:	20 e0       	ldi	r18, 0x00	; 0
    48fe:	30 e0       	ldi	r19, 0x00	; 0
    4900:	40 e8       	ldi	r20, 0x80	; 128
    4902:	5a e3       	ldi	r21, 0x3A	; 58
    4904:	0e 94 e4 38 	call	0x71c8	; 0x71c8 <__mulsf3>
    4908:	4b 01       	movw	r8, r22
    490a:	5c 01       	movw	r10, r24
/home/jgalera/develop/arduino/usdx/usdx_plus_orange/usdx_plus_orange.ino:284
  if (!(vee > 3.2 && vee < 3.8)) {
    490c:	2d ec       	ldi	r18, 0xCD	; 205
    490e:	3c ec       	ldi	r19, 0xCC	; 204
    4910:	4c e4       	ldi	r20, 0x4C	; 76
    4912:	50 e4       	ldi	r21, 0x40	; 64
    4914:	0e 94 df 38 	call	0x71be	; 0x71be <__gesf2>
    4918:	18 16       	cp	r1, r24
    491a:	54 f4       	brge	.+20     	; 0x4930 <main+0x356>
    491c:	23 e3       	ldi	r18, 0x33	; 51
    491e:	33 e3       	ldi	r19, 0x33	; 51
    4920:	43 e7       	ldi	r20, 0x73	; 115
    4922:	50 e4       	ldi	r21, 0x40	; 64
    4924:	c5 01       	movw	r24, r10
    4926:	b4 01       	movw	r22, r8
    4928:	0e 94 80 37 	call	0x6f00	; 0x6f00 <__cmpsf2>
    492c:	87 fd       	sbrc	r24, 7
    492e:	09 c0       	rjmp	.+18     	; 0x4942 <main+0x368>
/home/jgalera/develop/arduino/usdx/usdx_plus_orange/usdx_plus_orange.ino:285
    fatal(F("V3.3"), vee, 'V');
    4930:	c5 01       	movw	r24, r10
    4932:	b4 01       	movw	r22, r8
    4934:	0e 94 f7 37 	call	0x6fee	; 0x6fee <__fixsfsi>
    4938:	46 e5       	ldi	r20, 0x56	; 86
    493a:	86 ea       	ldi	r24, 0xA6	; 166
    493c:	91 e0       	ldi	r25, 0x01	; 1
    493e:	0e 94 d5 19 	call	0x33aa	; 0x33aa <fatal(__FlashStringHelper const*, int, char)>
/home/jgalera/develop/arduino/usdx/usdx_plus_orange/usdx_plus_orange.ino:290
  }

  // Measure AVCC via AREF and using internal 1.1V reference fed to ADC; should
  // be ~5V
  analogRead(6);    // setup almost proper ADC readout
    4942:	86 e0       	ldi	r24, 0x06	; 6
    4944:	0e 94 e8 06 	call	0xdd0	; 0xdd0 <analogRead>
/home/jgalera/develop/arduino/usdx/usdx_plus_orange/usdx_plus_orange.ino:291
  bitSet(ADMUX, 3); // Switch to channel 14 (Vbg=1.1V)
    4948:	80 91 7c 00 	lds	r24, 0x007C	; 0x80007c <__DATA_REGION_ORIGIN__+0x1c>
    494c:	88 60       	ori	r24, 0x08	; 8
    494e:	80 93 7c 00 	sts	0x007C, r24	; 0x80007c <__DATA_REGION_ORIGIN__+0x1c>
/home/jgalera/develop/arduino/usdx/usdx_plus_orange/usdx_plus_orange.ino:292
  delay(1);         // delay improves accuracy
    4952:	61 e0       	ldi	r22, 0x01	; 1
    4954:	70 e0       	ldi	r23, 0x00	; 0
    4956:	80 e0       	ldi	r24, 0x00	; 0
    4958:	90 e0       	ldi	r25, 0x00	; 0
    495a:	0e 94 2d 07 	call	0xe5a	; 0xe5a <delay>
/home/jgalera/develop/arduino/usdx/usdx_plus_orange/usdx_plus_orange.ino:293
  bitSet(ADCSRA, ADSC);
    495e:	80 91 7a 00 	lds	r24, 0x007A	; 0x80007a <__DATA_REGION_ORIGIN__+0x1a>
    4962:	80 64       	ori	r24, 0x40	; 64
    4964:	80 93 7a 00 	sts	0x007A, r24	; 0x80007a <__DATA_REGION_ORIGIN__+0x1a>
/home/jgalera/develop/arduino/usdx/usdx_plus_orange/usdx_plus_orange.ino:294
  for (; bit_is_set(ADCSRA, ADSC);)
    4968:	80 91 7a 00 	lds	r24, 0x007A	; 0x80007a <__DATA_REGION_ORIGIN__+0x1a>
    496c:	86 fd       	sbrc	r24, 6
    496e:	fc cf       	rjmp	.-8      	; 0x4968 <main+0x38e>
/home/jgalera/develop/arduino/usdx/usdx_plus_orange/usdx_plus_orange.ino:296
    ;
  float avcc = 1.1 * 1023.0 / ADC;
    4970:	60 91 78 00 	lds	r22, 0x0078	; 0x800078 <__DATA_REGION_ORIGIN__+0x18>
    4974:	70 91 79 00 	lds	r23, 0x0079	; 0x800079 <__DATA_REGION_ORIGIN__+0x19>
    4978:	90 e0       	ldi	r25, 0x00	; 0
    497a:	80 e0       	ldi	r24, 0x00	; 0
    497c:	0e 94 2d 38 	call	0x705a	; 0x705a <__floatunsisf>
    4980:	9b 01       	movw	r18, r22
    4982:	ac 01       	movw	r20, r24
    4984:	6a e9       	ldi	r22, 0x9A	; 154
    4986:	79 ea       	ldi	r23, 0xA9	; 169
    4988:	8c e8       	ldi	r24, 0x8C	; 140
    498a:	94 e4       	ldi	r25, 0x44	; 68
    498c:	0e 94 85 37 	call	0x6f0a	; 0x6f0a <__divsf3>
    4990:	4b 01       	movw	r8, r22
    4992:	5c 01       	movw	r10, r24
/home/jgalera/develop/arduino/usdx/usdx_plus_orange/usdx_plus_orange.ino:297
  if (!(avcc > 4.6 && avcc < 5.2)) {
    4994:	23 e3       	ldi	r18, 0x33	; 51
    4996:	33 e3       	ldi	r19, 0x33	; 51
    4998:	43 e9       	ldi	r20, 0x93	; 147
    499a:	50 e4       	ldi	r21, 0x40	; 64
    499c:	0e 94 df 38 	call	0x71be	; 0x71be <__gesf2>
    49a0:	18 16       	cp	r1, r24
    49a2:	54 f4       	brge	.+20     	; 0x49b8 <main+0x3de>
    49a4:	26 e6       	ldi	r18, 0x66	; 102
    49a6:	36 e6       	ldi	r19, 0x66	; 102
    49a8:	46 ea       	ldi	r20, 0xA6	; 166
    49aa:	50 e4       	ldi	r21, 0x40	; 64
    49ac:	c5 01       	movw	r24, r10
    49ae:	b4 01       	movw	r22, r8
    49b0:	0e 94 80 37 	call	0x6f00	; 0x6f00 <__cmpsf2>
    49b4:	87 fd       	sbrc	r24, 7
    49b6:	09 c0       	rjmp	.+18     	; 0x49ca <main+0x3f0>
/home/jgalera/develop/arduino/usdx/usdx_plus_orange/usdx_plus_orange.ino:298
    fatal(F("Vavcc"), avcc, 'V');
    49b8:	c5 01       	movw	r24, r10
    49ba:	b4 01       	movw	r22, r8
    49bc:	0e 94 f7 37 	call	0x6fee	; 0x6fee <__fixsfsi>
    49c0:	46 e5       	ldi	r20, 0x56	; 86
    49c2:	80 ea       	ldi	r24, 0xA0	; 160
    49c4:	91 e0       	ldi	r25, 0x01	; 1
    49c6:	0e 94 d5 19 	call	0x33aa	; 0x33aa <fatal(__FlashStringHelper const*, int, char)>
/home/jgalera/develop/arduino/usdx/usdx_plus_orange/usdx_plus_orange.ino:313
    fatal(F("MIC in rev.pol"));
  }*/

  // Measure DVM bias; should be ~VAREF/2
#ifdef _SERIAL
  DDRC &= ~(1 << 2); // disable PC2, so that ADC2 can be used as mic input
    49ca:	3a 98       	cbi	0x07, 2	; 7
/home/jgalera/develop/arduino/usdx/usdx_plus_orange/usdx_plus_orange.ino:319
#else
  PORTD |= 1 << 1;
  DDRD |= 1 << 1; // keep PD1 HIGH so that in case diode is installed to PC2 it
                  // is kept blocked (otherwise ADC2 input is pulled down!)
#endif
  delay(10);
    49cc:	6a e0       	ldi	r22, 0x0A	; 10
    49ce:	70 e0       	ldi	r23, 0x00	; 0
    49d0:	80 e0       	ldi	r24, 0x00	; 0
    49d2:	90 e0       	ldi	r25, 0x00	; 0
    49d4:	0e 94 2d 07 	call	0xe5a	; 0xe5a <delay>
/home/jgalera/develop/arduino/usdx/usdx_plus_orange/usdx_plus_orange.ino:321
#ifdef TX_ENABLE
  float dvm = (float)analogRead(DVM) * 5.0 / 1024.0;
    49d8:	80 e1       	ldi	r24, 0x10	; 16
    49da:	0e 94 e8 06 	call	0xdd0	; 0xdd0 <analogRead>
    49de:	bc 01       	movw	r22, r24
    49e0:	99 0f       	add	r25, r25
    49e2:	88 0b       	sbc	r24, r24
    49e4:	99 0b       	sbc	r25, r25
    49e6:	0e 94 2f 38 	call	0x705e	; 0x705e <__floatsisf>
    49ea:	20 e0       	ldi	r18, 0x00	; 0
    49ec:	30 e0       	ldi	r19, 0x00	; 0
    49ee:	40 ea       	ldi	r20, 0xA0	; 160
    49f0:	50 e4       	ldi	r21, 0x40	; 64
    49f2:	0e 94 e4 38 	call	0x71c8	; 0x71c8 <__mulsf3>
    49f6:	20 e0       	ldi	r18, 0x00	; 0
    49f8:	30 e0       	ldi	r19, 0x00	; 0
    49fa:	40 e8       	ldi	r20, 0x80	; 128
    49fc:	5a e3       	ldi	r21, 0x3A	; 58
    49fe:	0e 94 e4 38 	call	0x71c8	; 0x71c8 <__mulsf3>
    4a02:	4b 01       	movw	r8, r22
    4a04:	5c 01       	movw	r10, r24
/home/jgalera/develop/arduino/usdx/usdx_plus_orange/usdx_plus_orange.ino:322
  if ((ssb_cap) && !(dvm > 1.8 && dvm < 3.2)) {
    4a06:	26 e6       	ldi	r18, 0x66	; 102
    4a08:	36 e6       	ldi	r19, 0x66	; 102
    4a0a:	46 ee       	ldi	r20, 0xE6	; 230
    4a0c:	5f e3       	ldi	r21, 0x3F	; 63
    4a0e:	0e 94 df 38 	call	0x71be	; 0x71be <__gesf2>
    4a12:	18 16       	cp	r1, r24
    4a14:	54 f4       	brge	.+20     	; 0x4a2a <main+0x450>
    4a16:	2d ec       	ldi	r18, 0xCD	; 205
    4a18:	3c ec       	ldi	r19, 0xCC	; 204
    4a1a:	4c e4       	ldi	r20, 0x4C	; 76
    4a1c:	50 e4       	ldi	r21, 0x40	; 64
    4a1e:	c5 01       	movw	r24, r10
    4a20:	b4 01       	movw	r22, r8
    4a22:	0e 94 80 37 	call	0x6f00	; 0x6f00 <__cmpsf2>
    4a26:	87 fd       	sbrc	r24, 7
    4a28:	09 c0       	rjmp	.+18     	; 0x4a3c <main+0x462>
/home/jgalera/develop/arduino/usdx/usdx_plus_orange/usdx_plus_orange.ino:323
    fatal(F("Vadc2"), dvm, 'V');
    4a2a:	c5 01       	movw	r24, r10
    4a2c:	b4 01       	movw	r22, r8
    4a2e:	0e 94 f7 37 	call	0x6fee	; 0x6fee <__fixsfsi>
    4a32:	46 e5       	ldi	r20, 0x56	; 86
    4a34:	8a e9       	ldi	r24, 0x9A	; 154
    4a36:	91 e0       	ldi	r25, 0x01	; 1
    4a38:	0e 94 d5 19 	call	0x33aa	; 0x33aa <fatal(__FlashStringHelper const*, int, char)>
/home/jgalera/develop/arduino/usdx/usdx_plus_orange/usdx_plus_orange.ino:329
  }
#endif

  // Measure AUDIO1, AUDIO2 bias; should be ~VAREF/2
  if (dsp_cap == SDR) {
    float audio1 = (float)analogRead(AUDIO1) * 5.0 / 1024.0;
    4a3c:	8e e0       	ldi	r24, 0x0E	; 14
    4a3e:	0e 94 e8 06 	call	0xdd0	; 0xdd0 <analogRead>
    4a42:	bc 01       	movw	r22, r24
    4a44:	99 0f       	add	r25, r25
    4a46:	88 0b       	sbc	r24, r24
    4a48:	99 0b       	sbc	r25, r25
    4a4a:	0e 94 2f 38 	call	0x705e	; 0x705e <__floatsisf>
    4a4e:	20 e0       	ldi	r18, 0x00	; 0
    4a50:	30 e0       	ldi	r19, 0x00	; 0
    4a52:	40 ea       	ldi	r20, 0xA0	; 160
    4a54:	50 e4       	ldi	r21, 0x40	; 64
    4a56:	0e 94 e4 38 	call	0x71c8	; 0x71c8 <__mulsf3>
    4a5a:	20 e0       	ldi	r18, 0x00	; 0
    4a5c:	30 e0       	ldi	r19, 0x00	; 0
    4a5e:	40 e8       	ldi	r20, 0x80	; 128
    4a60:	5a e3       	ldi	r21, 0x3A	; 58
    4a62:	0e 94 e4 38 	call	0x71c8	; 0x71c8 <__mulsf3>
    4a66:	4b 01       	movw	r8, r22
    4a68:	5c 01       	movw	r10, r24
/home/jgalera/develop/arduino/usdx/usdx_plus_orange/usdx_plus_orange.ino:330
    if (!(audio1 > 1.8 && audio1 < 3.2)) {
    4a6a:	26 e6       	ldi	r18, 0x66	; 102
    4a6c:	36 e6       	ldi	r19, 0x66	; 102
    4a6e:	46 ee       	ldi	r20, 0xE6	; 230
    4a70:	5f e3       	ldi	r21, 0x3F	; 63
    4a72:	0e 94 df 38 	call	0x71be	; 0x71be <__gesf2>
    4a76:	18 16       	cp	r1, r24
    4a78:	54 f4       	brge	.+20     	; 0x4a8e <main+0x4b4>
    4a7a:	2d ec       	ldi	r18, 0xCD	; 205
    4a7c:	3c ec       	ldi	r19, 0xCC	; 204
    4a7e:	4c e4       	ldi	r20, 0x4C	; 76
    4a80:	50 e4       	ldi	r21, 0x40	; 64
    4a82:	c5 01       	movw	r24, r10
    4a84:	b4 01       	movw	r22, r8
    4a86:	0e 94 80 37 	call	0x6f00	; 0x6f00 <__cmpsf2>
    4a8a:	87 fd       	sbrc	r24, 7
    4a8c:	09 c0       	rjmp	.+18     	; 0x4aa0 <main+0x4c6>
/home/jgalera/develop/arduino/usdx/usdx_plus_orange/usdx_plus_orange.ino:331
      fatal(F("Vadc0"), audio1, 'V');
    4a8e:	c5 01       	movw	r24, r10
    4a90:	b4 01       	movw	r22, r8
    4a92:	0e 94 f7 37 	call	0x6fee	; 0x6fee <__fixsfsi>
    4a96:	46 e5       	ldi	r20, 0x56	; 86
    4a98:	84 e9       	ldi	r24, 0x94	; 148
    4a9a:	91 e0       	ldi	r25, 0x01	; 1
    4a9c:	0e 94 d5 19 	call	0x33aa	; 0x33aa <fatal(__FlashStringHelper const*, int, char)>
/home/jgalera/develop/arduino/usdx/usdx_plus_orange/usdx_plus_orange.ino:333
    }
    float audio2 = (float)analogRead(AUDIO2) * 5.0 / 1024.0;
    4aa0:	8f e0       	ldi	r24, 0x0F	; 15
    4aa2:	0e 94 e8 06 	call	0xdd0	; 0xdd0 <analogRead>
    4aa6:	bc 01       	movw	r22, r24
    4aa8:	99 0f       	add	r25, r25
    4aaa:	88 0b       	sbc	r24, r24
    4aac:	99 0b       	sbc	r25, r25
    4aae:	0e 94 2f 38 	call	0x705e	; 0x705e <__floatsisf>
    4ab2:	20 e0       	ldi	r18, 0x00	; 0
    4ab4:	30 e0       	ldi	r19, 0x00	; 0
    4ab6:	40 ea       	ldi	r20, 0xA0	; 160
    4ab8:	50 e4       	ldi	r21, 0x40	; 64
    4aba:	0e 94 e4 38 	call	0x71c8	; 0x71c8 <__mulsf3>
    4abe:	20 e0       	ldi	r18, 0x00	; 0
    4ac0:	30 e0       	ldi	r19, 0x00	; 0
    4ac2:	40 e8       	ldi	r20, 0x80	; 128
    4ac4:	5a e3       	ldi	r21, 0x3A	; 58
    4ac6:	0e 94 e4 38 	call	0x71c8	; 0x71c8 <__mulsf3>
    4aca:	4b 01       	movw	r8, r22
    4acc:	5c 01       	movw	r10, r24
/home/jgalera/develop/arduino/usdx/usdx_plus_orange/usdx_plus_orange.ino:334
    if (!(audio2 > 1.8 && audio2 < 3.2)) {
    4ace:	26 e6       	ldi	r18, 0x66	; 102
    4ad0:	36 e6       	ldi	r19, 0x66	; 102
    4ad2:	46 ee       	ldi	r20, 0xE6	; 230
    4ad4:	5f e3       	ldi	r21, 0x3F	; 63
    4ad6:	0e 94 df 38 	call	0x71be	; 0x71be <__gesf2>
    4ada:	18 16       	cp	r1, r24
    4adc:	54 f4       	brge	.+20     	; 0x4af2 <main+0x518>
    4ade:	2d ec       	ldi	r18, 0xCD	; 205
    4ae0:	3c ec       	ldi	r19, 0xCC	; 204
    4ae2:	4c e4       	ldi	r20, 0x4C	; 76
    4ae4:	50 e4       	ldi	r21, 0x40	; 64
    4ae6:	c5 01       	movw	r24, r10
    4ae8:	b4 01       	movw	r22, r8
    4aea:	0e 94 80 37 	call	0x6f00	; 0x6f00 <__cmpsf2>
    4aee:	87 fd       	sbrc	r24, 7
    4af0:	09 c0       	rjmp	.+18     	; 0x4b04 <main+0x52a>
/home/jgalera/develop/arduino/usdx/usdx_plus_orange/usdx_plus_orange.ino:335
      fatal(F("Vadc1"), audio2, 'V');
    4af2:	c5 01       	movw	r24, r10
    4af4:	b4 01       	movw	r22, r8
    4af6:	0e 94 f7 37 	call	0x6fee	; 0x6fee <__fixsfsi>
    4afa:	46 e5       	ldi	r20, 0x56	; 86
    4afc:	8e e8       	ldi	r24, 0x8E	; 142
    4afe:	91 e0       	ldi	r25, 0x01	; 1
    4b00:	0e 94 d5 19 	call	0x33aa	; 0x33aa <fatal(__FlashStringHelper const*, int, char)>
/home/jgalera/develop/arduino/usdx/usdx_plus_orange/usdx_plus_orange.ino:342
  }

#ifdef TX_ENABLE
  // Measure I2C Bus speed for Bulk Transfers
  // si5351.freq(freq, 0, 90);
  wdt_reset();
    4b04:	a8 95       	wdr
/home/jgalera/develop/arduino/usdx/usdx_plus_orange/usdx_plus_orange.ino:343
  t0 = micros();
    4b06:	0e 94 08 07 	call	0xe10	; 0xe10 <micros>
/home/jgalera/develop/arduino/usdx/usdx_plus_orange/usdx_plus_orange.ino:344
  for (i = 0; i != 1000; i++)
    4b0a:	10 92 c5 05 	sts	0x05C5, r1	; 0x8005c5 <i+0x1>
    4b0e:	10 92 c4 05 	sts	0x05C4, r1	; 0x8005c4 <i>
    4b12:	80 91 c4 05 	lds	r24, 0x05C4	; 0x8005c4 <i>
    4b16:	90 91 c5 05 	lds	r25, 0x05C5	; 0x8005c5 <i+0x1>
    4b1a:	88 3e       	cpi	r24, 0xE8	; 232
    4b1c:	93 40       	sbci	r25, 0x03	; 3
    4b1e:	61 f0       	breq	.+24     	; 0x4b38 <main+0x55e>
/home/jgalera/develop/arduino/usdx/usdx_plus_orange/usdx_plus_orange.ino:345
    si5351.SendPLLRegisterBulk();
    4b20:	0e 94 6f 02 	call	0x4de	; 0x4de <SI5351::SendPLLRegisterBulk() [clone .constprop.33]>
/home/jgalera/develop/arduino/usdx/usdx_plus_orange/usdx_plus_orange.ino:344
#ifdef TX_ENABLE
  // Measure I2C Bus speed for Bulk Transfers
  // si5351.freq(freq, 0, 90);
  wdt_reset();
  t0 = micros();
  for (i = 0; i != 1000; i++)
    4b24:	80 91 c4 05 	lds	r24, 0x05C4	; 0x8005c4 <i>
    4b28:	90 91 c5 05 	lds	r25, 0x05C5	; 0x8005c5 <i+0x1>
    4b2c:	01 96       	adiw	r24, 0x01	; 1
    4b2e:	90 93 c5 05 	sts	0x05C5, r25	; 0x8005c5 <i+0x1>
    4b32:	80 93 c4 05 	sts	0x05C4, r24	; 0x8005c4 <i>
    4b36:	ed cf       	rjmp	.-38     	; 0x4b12 <main+0x538>
/home/jgalera/develop/arduino/usdx/usdx_plus_orange/usdx_plus_orange.ino:346
    si5351.SendPLLRegisterBulk();
  t1 = micros();
    4b38:	0e 94 08 07 	call	0xe10	; 0xe10 <micros>
/home/jgalera/develop/arduino/usdx/usdx_plus_orange/usdx_plus_orange.ino:354
    fatal(F("i2cspeed"), speed, 'k');
  }

  // Measure I2C Bit-Error Rate (BER); should be error free for a thousand
  // random bulk PLLB writes
  si5351.freq(freq, 0,
    4b3c:	60 91 b4 01 	lds	r22, 0x01B4	; 0x8001b4 <freq>
    4b40:	70 91 b5 01 	lds	r23, 0x01B5	; 0x8001b5 <freq+0x1>
    4b44:	80 91 b6 01 	lds	r24, 0x01B6	; 0x8001b6 <freq+0x2>
    4b48:	90 91 b7 01 	lds	r25, 0x01B7	; 0x8001b7 <freq+0x3>
    4b4c:	2a e5       	ldi	r18, 0x5A	; 90
    4b4e:	30 e0       	ldi	r19, 0x00	; 0
    4b50:	50 e0       	ldi	r21, 0x00	; 0
    4b52:	40 e0       	ldi	r20, 0x00	; 0
    4b54:	0e 94 22 04 	call	0x844	; 0x844 <SI5351::freq(long, unsigned int, unsigned int) [clone .constprop.26]>
/home/jgalera/develop/arduino/usdx/usdx_plus_orange/usdx_plus_orange.ino:356
              90); // freq needs to be set in order to use freq_calc_fast()
  wdt_reset();
    4b58:	a8 95       	wdr
/home/jgalera/develop/arduino/usdx/usdx_plus_orange/usdx_plus_orange.ino:358
  uint16_t i2c_error = 0; // number of I2C byte transfer errors
  for (i = 0; i != 1000; i++) {
    4b5a:	10 92 c5 05 	sts	0x05C5, r1	; 0x8005c5 <i+0x1>
    4b5e:	10 92 c4 05 	sts	0x05C4, r1	; 0x8005c4 <i>
main():
/home/jgalera/develop/arduino/usdx/usdx_plus_orange/usdx_plus_orange.ino:357
  // Measure I2C Bit-Error Rate (BER); should be error free for a thousand
  // random bulk PLLB writes
  si5351.freq(freq, 0,
              90); // freq needs to be set in order to use freq_calc_fast()
  wdt_reset();
  uint16_t i2c_error = 0; // number of I2C byte transfer errors
    4b62:	b1 2c       	mov	r11, r1
    4b64:	a1 2c       	mov	r10, r1
setup():
/home/jgalera/develop/arduino/usdx/usdx_plus_orange/usdx_plus_orange.ino:358
  for (i = 0; i != 1000; i++) {
    4b66:	80 91 c4 05 	lds	r24, 0x05C4	; 0x8005c4 <i>
    4b6a:	90 91 c5 05 	lds	r25, 0x05C5	; 0x8005c5 <i+0x1>
    4b6e:	88 3e       	cpi	r24, 0xE8	; 232
    4b70:	93 40       	sbci	r25, 0x03	; 3
    4b72:	09 f4       	brne	.+2      	; 0x4b76 <main+0x59c>
    4b74:	68 c0       	rjmp	.+208    	; 0x4c46 <main+0x66c>
/home/jgalera/develop/arduino/usdx/usdx_plus_orange/usdx_plus_orange.ino:359
    si5351.freq_calc_fast(i);
    4b76:	80 91 c4 05 	lds	r24, 0x05C4	; 0x8005c4 <i>
    4b7a:	90 91 c5 05 	lds	r25, 0x05C5	; 0x8005c5 <i+0x1>
    4b7e:	0e 94 8b 02 	call	0x516	; 0x516 <SI5351::freq_calc_fast(int) [clone .constprop.32]>
/home/jgalera/develop/arduino/usdx/usdx_plus_orange/usdx_plus_orange.ino:361
    // for(int j = 0; j != 8; j++) si5351.pll_regs[j] = rand();
    si5351.SendPLLRegisterBulk();
    4b82:	0e 94 6f 02 	call	0x4de	; 0x4de <SI5351::SendPLLRegisterBulk() [clone .constprop.33]>
main():
/home/jgalera/develop/arduino/usdx/usdx_plus_orange/usdx_plus_orange.ino:364
#define SI_SYNTH_PLL_A 26
#ifdef NEW_TX
    for (int j = 4; j != 8; j++)
    4b86:	74 e0       	ldi	r23, 0x04	; 4
    4b88:	e7 2e       	mov	r14, r23
    4b8a:	f1 2c       	mov	r15, r1
RecvRegister():
/home/jgalera/develop/arduino/usdx/usdx_plus_orange/src/driver/si5351.cpp:161
  ms(MSNB, fvcoa, fxtal);
  ms(MS2, fvcoa, fout, PLLB, 0, 0, 0);
}

uint8_t SI5351::RecvRegister(uint8_t reg) {
  i2c.start();
    4b8c:	0e 94 68 02 	call	0x4d0	; 0x4d0 <I2C::start() [clone .constprop.35]>
/home/jgalera/develop/arduino/usdx/usdx_plus_orange/src/driver/si5351.cpp:162
  i2c.SendByte(SI5351_ADDR << 1);
    4b90:	80 ec       	ldi	r24, 0xC0	; 192
    4b92:	0e 94 e0 01 	call	0x3c0	; 0x3c0 <I2C::SendByte(unsigned char) [clone .constprop.36]>
/home/jgalera/develop/arduino/usdx/usdx_plus_orange/src/driver/si5351.cpp:163
  i2c.SendByte(reg);
    4b96:	8a e1       	ldi	r24, 0x1A	; 26
    4b98:	8e 0d       	add	r24, r14
    4b9a:	0e 94 e0 01 	call	0x3c0	; 0x3c0 <I2C::SendByte(unsigned char) [clone .constprop.36]>
/home/jgalera/develop/arduino/usdx/usdx_plus_orange/src/driver/si5351.cpp:164
  i2c.stop();
    4b9e:	0e 94 bd 01 	call	0x37a	; 0x37a <I2C::stop() [clone .constprop.39]>
/home/jgalera/develop/arduino/usdx/usdx_plus_orange/src/driver/si5351.cpp:165
  i2c.start();
    4ba2:	0e 94 68 02 	call	0x4d0	; 0x4d0 <I2C::start() [clone .constprop.35]>
/home/jgalera/develop/arduino/usdx/usdx_plus_orange/src/driver/si5351.cpp:166
  i2c.SendByte((SI5351_ADDR << 1) | 1);
    4ba6:	81 ec       	ldi	r24, 0xC1	; 193
    4ba8:	0e 94 e0 01 	call	0x3c0	; 0x3c0 <I2C::SendByte(unsigned char) [clone .constprop.36]>
RecvByte():
/home/jgalera/develop/arduino/usdx/usdx_plus_orange/src/hardware/soft_i2c.cpp:124
  return (data) ? mask : 0;
}

uint8_t I2C::RecvByte(uint8_t last) {
  uint8_t data = 0;
  data |= RecvBit(1 << 7);
    4bac:	80 e8       	ldi	r24, 0x80	; 128
    4bae:	0e 94 c9 01 	call	0x392	; 0x392 <I2C::RecvBit(unsigned char) [clone .constprop.38]>
    4bb2:	98 2e       	mov	r9, r24
/home/jgalera/develop/arduino/usdx/usdx_plus_orange/src/hardware/soft_i2c.cpp:125
  data |= RecvBit(1 << 6);
    4bb4:	80 e4       	ldi	r24, 0x40	; 64
    4bb6:	0e 94 c9 01 	call	0x392	; 0x392 <I2C::RecvBit(unsigned char) [clone .constprop.38]>
    4bba:	98 2a       	or	r9, r24
/home/jgalera/develop/arduino/usdx/usdx_plus_orange/src/hardware/soft_i2c.cpp:126
  data |= RecvBit(1 << 5);
    4bbc:	80 e2       	ldi	r24, 0x20	; 32
    4bbe:	0e 94 c9 01 	call	0x392	; 0x392 <I2C::RecvBit(unsigned char) [clone .constprop.38]>
    4bc2:	98 2a       	or	r9, r24
/home/jgalera/develop/arduino/usdx/usdx_plus_orange/src/hardware/soft_i2c.cpp:127
  data |= RecvBit(1 << 4);
    4bc4:	80 e1       	ldi	r24, 0x10	; 16
    4bc6:	0e 94 c9 01 	call	0x392	; 0x392 <I2C::RecvBit(unsigned char) [clone .constprop.38]>
    4bca:	98 2a       	or	r9, r24
/home/jgalera/develop/arduino/usdx/usdx_plus_orange/src/hardware/soft_i2c.cpp:128
  data |= RecvBit(1 << 3);
    4bcc:	88 e0       	ldi	r24, 0x08	; 8
    4bce:	0e 94 c9 01 	call	0x392	; 0x392 <I2C::RecvBit(unsigned char) [clone .constprop.38]>
    4bd2:	98 2a       	or	r9, r24
/home/jgalera/develop/arduino/usdx/usdx_plus_orange/src/hardware/soft_i2c.cpp:129
  data |= RecvBit(1 << 2);
    4bd4:	84 e0       	ldi	r24, 0x04	; 4
    4bd6:	0e 94 c9 01 	call	0x392	; 0x392 <I2C::RecvBit(unsigned char) [clone .constprop.38]>
    4bda:	98 2a       	or	r9, r24
/home/jgalera/develop/arduino/usdx/usdx_plus_orange/src/hardware/soft_i2c.cpp:130
  data |= RecvBit(1 << 1);
    4bdc:	82 e0       	ldi	r24, 0x02	; 2
    4bde:	0e 94 c9 01 	call	0x392	; 0x392 <I2C::RecvBit(unsigned char) [clone .constprop.38]>
    4be2:	98 2a       	or	r9, r24
/home/jgalera/develop/arduino/usdx/usdx_plus_orange/src/hardware/soft_i2c.cpp:131
  data |= RecvBit(1 << 0);
    4be4:	81 e0       	ldi	r24, 0x01	; 1
    4be6:	0e 94 c9 01 	call	0x392	; 0x392 <I2C::RecvBit(unsigned char) [clone .constprop.38]>
    4bea:	98 2a       	or	r9, r24
/home/jgalera/develop/arduino/usdx/usdx_plus_orange/src/hardware/soft_i2c.cpp:133
  if (last) {
    I2C_SDA_HI(); // NACK
    4bec:	3c 98       	cbi	0x07, 4	; 7
	...
/home/jgalera/develop/arduino/usdx/usdx_plus_orange/src/hardware/soft_i2c.cpp:138
  } else {
    I2C_SDA_LO(); // ACK
  }
  DELAY(I2C_DELAY);
  I2C_SCL_HI();
    4bf6:	3d 98       	cbi	0x07, 5	; 7
	...
/home/jgalera/develop/arduino/usdx/usdx_plus_orange/src/hardware/soft_i2c.cpp:139
  I2C_SDA_HI(); // restore SDA for read
    4c00:	3c 98       	cbi	0x07, 4	; 7
/home/jgalera/develop/arduino/usdx/usdx_plus_orange/src/hardware/soft_i2c.cpp:140
  I2C_SCL_LO();
    4c02:	3d 9a       	sbi	0x07, 5	; 7
	...
RecvRegister():
/home/jgalera/develop/arduino/usdx/usdx_plus_orange/src/driver/si5351.cpp:168
  uint8_t data = i2c.RecvByte(true);
  i2c.stop();
    4c0c:	0e 94 bd 01 	call	0x37a	; 0x37a <I2C::stop() [clone .constprop.39]>
setup():
/home/jgalera/develop/arduino/usdx/usdx_plus_orange/usdx_plus_orange.ino:365
      if (si5351.RecvRegister(SI_SYNTH_PLL_A + j) != si5351.pll_regs[j])
    4c10:	f7 01       	movw	r30, r14
    4c12:	e9 54       	subi	r30, 0x49	; 73
    4c14:	f9 4f       	sbci	r31, 0xF9	; 249
    4c16:	83 85       	ldd	r24, Z+11	; 0x0b
    4c18:	89 15       	cp	r24, r9
    4c1a:	19 f0       	breq	.+6      	; 0x4c22 <main+0x648>
/home/jgalera/develop/arduino/usdx/usdx_plus_orange/usdx_plus_orange.ino:366
        i2c_error++;
    4c1c:	ff ef       	ldi	r31, 0xFF	; 255
    4c1e:	af 1a       	sub	r10, r31
    4c20:	bf 0a       	sbc	r11, r31
/home/jgalera/develop/arduino/usdx/usdx_plus_orange/usdx_plus_orange.ino:364
    si5351.freq_calc_fast(i);
    // for(int j = 0; j != 8; j++) si5351.pll_regs[j] = rand();
    si5351.SendPLLRegisterBulk();
#define SI_SYNTH_PLL_A 26
#ifdef NEW_TX
    for (int j = 4; j != 8; j++)
    4c22:	2f ef       	ldi	r18, 0xFF	; 255
    4c24:	e2 1a       	sub	r14, r18
    4c26:	f2 0a       	sbc	r15, r18
    4c28:	38 e0       	ldi	r19, 0x08	; 8
    4c2a:	e3 16       	cp	r14, r19
    4c2c:	f1 04       	cpc	r15, r1
    4c2e:	09 f0       	breq	.+2      	; 0x4c32 <main+0x658>
    4c30:	ad cf       	rjmp	.-166    	; 0x4b8c <main+0x5b2>
/home/jgalera/develop/arduino/usdx/usdx_plus_orange/usdx_plus_orange.ino:358
  // random bulk PLLB writes
  si5351.freq(freq, 0,
              90); // freq needs to be set in order to use freq_calc_fast()
  wdt_reset();
  uint16_t i2c_error = 0; // number of I2C byte transfer errors
  for (i = 0; i != 1000; i++) {
    4c32:	80 91 c4 05 	lds	r24, 0x05C4	; 0x8005c4 <i>
    4c36:	90 91 c5 05 	lds	r25, 0x05C5	; 0x8005c5 <i+0x1>
    4c3a:	01 96       	adiw	r24, 0x01	; 1
    4c3c:	90 93 c5 05 	sts	0x05C5, r25	; 0x8005c5 <i+0x1>
    4c40:	80 93 c4 05 	sts	0x05C4, r24	; 0x8005c4 <i>
    4c44:	90 cf       	rjmp	.-224    	; 0x4b66 <main+0x58c>
/home/jgalera/develop/arduino/usdx/usdx_plus_orange/usdx_plus_orange.ino:373
    for (int j = 3; j != 8; j++)
      if (si5351.RecvRegister(SI_SYNTH_PLL_A + j) != si5351.pll_regs[j])
        i2c_error++;
#endif // NEW_TX
  }
  wdt_reset();
    4c46:	a8 95       	wdr
/home/jgalera/develop/arduino/usdx/usdx_plus_orange/usdx_plus_orange.ino:374
  if (i2c_error) {
    4c48:	a1 14       	cp	r10, r1
    4c4a:	b1 04       	cpc	r11, r1
    4c4c:	31 f0       	breq	.+12     	; 0x4c5a <main+0x680>
/home/jgalera/develop/arduino/usdx/usdx_plus_orange/usdx_plus_orange.ino:375
    fatal(F("BER_i2c"), i2c_error, ' ');
    4c4e:	40 e2       	ldi	r20, 0x20	; 32
    4c50:	b5 01       	movw	r22, r10
    4c52:	86 e8       	ldi	r24, 0x86	; 134
    4c54:	91 e0       	ldi	r25, 0x01	; 1
    4c56:	0e 94 d5 19 	call	0x33aa	; 0x33aa <fatal(__FlashStringHelper const*, int, char)>
/home/jgalera/develop/arduino/usdx/usdx_plus_orange/usdx_plus_orange.ino:380
  }
#endif // TX_ENABLE
#endif // DIAG

  drive = 4; // Init settings
    4c5a:	84 e0       	ldi	r24, 0x04	; 4
    4c5c:	80 93 6a 01 	sts	0x016A, r24	; 0x80016a <drive>
/home/jgalera/develop/arduino/usdx/usdx_plus_orange/usdx_plus_orange.ino:397
    volume = 10;
  if (!dsp_cap)
    cw_tone =
        2; // use internal 700Hz QCX filter, so use same offset and keyer tone
#endif     // QCX
  cw_offset = tones[cw_tone];
    4c60:	e0 91 b1 01 	lds	r30, 0x01B1	; 0x8001b1 <cw_tone>
    4c64:	64 e0       	ldi	r22, 0x04	; 4
    4c66:	e6 9f       	mul	r30, r22
    4c68:	f0 01       	movw	r30, r0
    4c6a:	11 24       	eor	r1, r1
    4c6c:	e4 5b       	subi	r30, 0xB4	; 180
    4c6e:	fd 4f       	sbci	r31, 0xFD	; 253
    4c70:	80 81       	ld	r24, Z
    4c72:	91 81       	ldd	r25, Z+1	; 0x01
    4c74:	a2 81       	ldd	r26, Z+2	; 0x02
    4c76:	b3 81       	ldd	r27, Z+3	; 0x03
    4c78:	80 93 e1 05 	sts	0x05E1, r24	; 0x8005e1 <cw_offset>
    4c7c:	90 93 e2 05 	sts	0x05E2, r25	; 0x8005e2 <cw_offset+0x1>
    4c80:	a0 93 e3 05 	sts	0x05E3, r26	; 0x8005e3 <cw_offset+0x2>
    4c84:	b0 93 e4 05 	sts	0x05E4, r27	; 0x8005e4 <cw_offset+0x3>
/home/jgalera/develop/arduino/usdx/usdx_plus_orange/usdx_plus_orange.ino:402
  // freq = bands[band];

  // Load parameters from EEPROM, reset to factory defaults when stored values
  // are from a different version
  paramAction(LOAD, VERS);
    4c88:	62 e3       	ldi	r22, 0x32	; 50
    4c8a:	83 e0       	ldi	r24, 0x03	; 3
    4c8c:	0e 94 b5 1d 	call	0x3b6a	; 0x3b6a <paramAction(unsigned char, unsigned char)>
/home/jgalera/develop/arduino/usdx/usdx_plus_orange/usdx_plus_orange.ino:403
  if ((eeprom_version != get_version_id()) ||
    4c90:	80 91 c3 05 	lds	r24, 0x05C3	; 0x8005c3 <eeprom_version>
    4c94:	88 37       	cpi	r24, 0x78	; 120
    4c96:	09 f4       	brne	.+2      	; 0x4c9a <main+0x6c0>
    4c98:	29 c1       	rjmp	.+594    	; 0x4eec <main+0x912>
/home/jgalera/develop/arduino/usdx/usdx_plus_orange/usdx_plus_orange.ino:407
      _digitalRead(BUTTONS)) { // EEPROM clean: if rotary-key pressed or version
                               // signature in EEPROM does NOT corresponds with
                               // this firmware
    eeprom_version = get_version_id();
    4c9a:	88 e7       	ldi	r24, 0x78	; 120
    4c9c:	80 93 c3 05 	sts	0x05C3, r24	; 0x8005c3 <eeprom_version>
/home/jgalera/develop/arduino/usdx/usdx_plus_orange/usdx_plus_orange.ino:411
    // for(int n = 0; n != 1024; n++){ eeprom_write_byte((uint8_t *) n, 0);
    // wdt_reset(); } //clean EEPROM eeprom_write_dword((uint32_t
    // *)EEPROM_OFFSET/3, 0x000000);
    paramAction(SAVE); // save default parameter values
    4ca0:	6f ef       	ldi	r22, 0xFF	; 255
    4ca2:	84 e0       	ldi	r24, 0x04	; 4
    4ca4:	0e 94 b5 1d 	call	0x3b6a	; 0x3b6a <paramAction(unsigned char, unsigned char)>
setCursor():
/home/jgalera/develop/arduino/usdx/usdx_plus_orange/src/driver/display.cpp:430
    4ca8:	80 ec       	ldi	r24, 0xC0	; 192
    4caa:	0e 94 b5 08 	call	0x116a	; 0x116a <LCD::cmd(unsigned char) [clone .constprop.54]>
setup():
/home/jgalera/develop/arduino/usdx/usdx_plus_orange/usdx_plus_orange.ino:413
    lcd.setCursor(0, 1);
    lcd.print(F("Reset settings.."));
    4cae:	85 e7       	ldi	r24, 0x75	; 117
    4cb0:	91 e0       	ldi	r25, 0x01	; 1
    4cb2:	0e 94 5f 15 	call	0x2abe	; 0x2abe <Print::print(__FlashStringHelper const*) [clone .constprop.60]>
/home/jgalera/develop/arduino/usdx/usdx_plus_orange/usdx_plus_orange.ino:414
    delay(500);
    4cb6:	64 ef       	ldi	r22, 0xF4	; 244
    4cb8:	71 e0       	ldi	r23, 0x01	; 1
    4cba:	80 e0       	ldi	r24, 0x00	; 0
    4cbc:	90 e0       	ldi	r25, 0x00	; 0
    4cbe:	0e 94 2d 07 	call	0xe5a	; 0xe5a <delay>
/home/jgalera/develop/arduino/usdx/usdx_plus_orange/usdx_plus_orange.ino:415
    wdt_reset();
    4cc2:	a8 95       	wdr
/home/jgalera/develop/arduino/usdx/usdx_plus_orange/usdx_plus_orange.ino:436
    }
  }
  // if(abs((int32_t)F_XTAL - (int32_t)si5351.fxtal) > 50000){ si5351.fxtal =
  // F_XTAL; }  // if F_XTAL frequency deviates too much with actual setting ->
  // use default
  si5351.iqmsa = 0; // enforce PLL reset
    4cc4:	10 92 cf 06 	sts	0x06CF, r1	; 0x8006cf <si5351+0x18>
    4cc8:	10 92 ce 06 	sts	0x06CE, r1	; 0x8006ce <si5351+0x17>
/home/jgalera/develop/arduino/usdx/usdx_plus_orange/usdx_plus_orange.ino:437
  change = true;
    4ccc:	ff 24       	eor	r15, r15
    4cce:	f3 94       	inc	r15
    4cd0:	f0 92 c5 01 	sts	0x01C5, r15	; 0x8001c5 <change>
/home/jgalera/develop/arduino/usdx/usdx_plus_orange/usdx_plus_orange.ino:438
  prev_bandval = bandval;
    4cd4:	80 91 b3 01 	lds	r24, 0x01B3	; 0x8001b3 <bandval>
    4cd8:	80 93 ae 01 	sts	0x01AE, r24	; 0x8001ae <prev_bandval>
/home/jgalera/develop/arduino/usdx/usdx_plus_orange/usdx_plus_orange.ino:439
  vox = false; // disable VOX
    4cdc:	10 92 19 06 	sts	0x0619, r1	; 0x800619 <vox>
/home/jgalera/develop/arduino/usdx/usdx_plus_orange/usdx_plus_orange.ino:440
  nr = 2;      // disable NR
    4ce0:	82 e0       	ldi	r24, 0x02	; 2
    4ce2:	80 93 c4 01 	sts	0x01C4, r24	; 0x8001c4 <nr>
/home/jgalera/develop/arduino/usdx/usdx_plus_orange/usdx_plus_orange.ino:441
  smode = 2;   // SMeter
    4ce6:	80 93 ca 01 	sts	0x01CA, r24	; 0x8001ca <smode>
/home/jgalera/develop/arduino/usdx/usdx_plus_orange/usdx_plus_orange.ino:442
  rit = false; // disable RIT
    4cea:	10 92 ee 05 	sts	0x05EE, r1	; 0x8005ee <rit+0x1>
    4cee:	10 92 ed 05 	sts	0x05ED, r1	; 0x8005ed <rit>
/home/jgalera/develop/arduino/usdx/usdx_plus_orange/usdx_plus_orange.ino:443
  freq = vfo[vfosel % 2];
    4cf2:	80 91 eb 05 	lds	r24, 0x05EB	; 0x8005eb <vfosel>
    4cf6:	08 2f       	mov	r16, r24
    4cf8:	01 70       	andi	r16, 0x01	; 1
    4cfa:	10 e0       	ldi	r17, 0x00	; 0
    4cfc:	00 0f       	add	r16, r16
    4cfe:	11 1f       	adc	r17, r17
    4d00:	00 0f       	add	r16, r16
    4d02:	11 1f       	adc	r17, r17
    4d04:	f8 01       	movw	r30, r16
    4d06:	e8 54       	subi	r30, 0x48	; 72
    4d08:	fe 4f       	sbci	r31, 0xFE	; 254
    4d0a:	80 81       	ld	r24, Z
    4d0c:	91 81       	ldd	r25, Z+1	; 0x01
    4d0e:	a2 81       	ldd	r26, Z+2	; 0x02
    4d10:	b3 81       	ldd	r27, Z+3	; 0x03
    4d12:	80 93 b4 01 	sts	0x01B4, r24	; 0x8001b4 <freq>
    4d16:	90 93 b5 01 	sts	0x01B5, r25	; 0x8001b5 <freq+0x1>
    4d1a:	a0 93 b6 01 	sts	0x01B6, r26	; 0x8001b6 <freq+0x2>
    4d1e:	b0 93 b7 01 	sts	0x01B7, r27	; 0x8001b7 <freq+0x3>
/home/jgalera/develop/arduino/usdx/usdx_plus_orange/usdx_plus_orange.ino:444
  mode = vfomode[vfosel % 2];
    4d22:	80 91 eb 05 	lds	r24, 0x05EB	; 0x8005eb <vfosel>
    4d26:	80 fb       	bst	r24, 0
    4d28:	cc 24       	eor	r12, r12
    4d2a:	c0 f8       	bld	r12, 0
    4d2c:	d1 2c       	mov	r13, r1
    4d2e:	f6 01       	movw	r30, r12
    4d30:	e0 54       	subi	r30, 0x40	; 64
    4d32:	fe 4f       	sbci	r31, 0xFE	; 254
    4d34:	80 81       	ld	r24, Z
    4d36:	80 93 cc 01 	sts	0x01CC, r24	; 0x8001cc <mode>
/home/jgalera/develop/arduino/usdx/usdx_plus_orange/usdx_plus_orange.ino:447

#ifdef TX_ENABLE
  build_lut();
    4d3a:	0e 94 82 15 	call	0x2b04	; 0x2b04 <build_lut()>
/home/jgalera/develop/arduino/usdx/usdx_plus_orange/usdx_plus_orange.ino:450
#endif

  show_banner(); // remove release number
    4d3e:	0e 94 fe 15 	call	0x2bfc	; 0x2bfc <show_banner()>
start_rx():
/home/jgalera/develop/arduino/usdx/usdx_plus_orange/src/core/core.cpp:274
  }
  return dbm;
}

void start_rx() {
  _init = 1;
    4d42:	f0 92 ea 05 	sts	0x05EA, r15	; 0x8005ea <_init>
/home/jgalera/develop/arduino/usdx/usdx_plus_orange/src/core/core.cpp:275
  rx_state = 0;
    4d46:	10 92 bc 05 	sts	0x05BC, r1	; 0x8005bc <rx_state>
/home/jgalera/develop/arduino/usdx/usdx_plus_orange/src/core/core.cpp:276
  func_ptr = sdr_rx_00;
    4d4a:	84 e7       	ldi	r24, 0x74	; 116
    4d4c:	9b e0       	ldi	r25, 0x0B	; 11
    4d4e:	90 93 bb 05 	sts	0x05BB, r25	; 0x8005bb <func_ptr+0x1>
    4d52:	80 93 ba 05 	sts	0x05BA, r24	; 0x8005ba <func_ptr>
/home/jgalera/develop/arduino/usdx/usdx_plus_orange/src/core/core.cpp:277
  adc_start(2, true, F_ADC_CONV * 4);
    4d56:	24 e6       	ldi	r18, 0x64	; 100
    4d58:	3e ed       	ldi	r19, 0xDE	; 222
    4d5a:	45 e0       	ldi	r20, 0x05	; 5
    4d5c:	50 e0       	ldi	r21, 0x00	; 0
    4d5e:	61 e0       	ldi	r22, 0x01	; 1
    4d60:	82 e0       	ldi	r24, 0x02	; 2
    4d62:	0e 94 f4 08 	call	0x11e8	; 0x11e8 <adc_start(unsigned char, bool, unsigned long)>
/home/jgalera/develop/arduino/usdx/usdx_plus_orange/src/core/core.cpp:278
  admux[2] = ADMUX;
    4d66:	80 91 7c 00 	lds	r24, 0x007C	; 0x80007c <__DATA_REGION_ORIGIN__+0x1c>
    4d6a:	80 93 e7 05 	sts	0x05E7, r24	; 0x8005e7 <admux+0x2>
/home/jgalera/develop/arduino/usdx/usdx_plus_orange/src/core/core.cpp:286
    adc_start(1, !(att == 1), F_ADC_CONV);
    admux[0] = ADMUX;
    adc_start(0, !(att == 1), F_ADC_CONV);
    admux[1] = ADMUX;
#else
    adc_start(0, !(att == 1), F_ADC_CONV);
    4d6e:	80 91 e8 05 	lds	r24, 0x05E8	; 0x8005e8 <att>
    4d72:	61 e0       	ldi	r22, 0x01	; 1
    4d74:	81 30       	cpi	r24, 0x01	; 1
    4d76:	09 f4       	brne	.+2      	; 0x4d7a <main+0x7a0>
    4d78:	60 e0       	ldi	r22, 0x00	; 0
    4d7a:	29 e9       	ldi	r18, 0x99	; 153
    4d7c:	37 e7       	ldi	r19, 0x77	; 119
    4d7e:	41 e0       	ldi	r20, 0x01	; 1
    4d80:	50 e0       	ldi	r21, 0x00	; 0
    4d82:	80 e0       	ldi	r24, 0x00	; 0
    4d84:	0e 94 f4 08 	call	0x11e8	; 0x11e8 <adc_start(unsigned char, bool, unsigned long)>
/home/jgalera/develop/arduino/usdx/usdx_plus_orange/src/core/core.cpp:287
    admux[0] = ADMUX;
    4d88:	80 91 7c 00 	lds	r24, 0x007C	; 0x80007c <__DATA_REGION_ORIGIN__+0x1c>
    4d8c:	80 93 e5 05 	sts	0x05E5, r24	; 0x8005e5 <admux>
/home/jgalera/develop/arduino/usdx/usdx_plus_orange/src/core/core.cpp:288
    adc_start(1, !(att == 1), F_ADC_CONV);
    4d90:	80 91 e8 05 	lds	r24, 0x05E8	; 0x8005e8 <att>
    4d94:	61 e0       	ldi	r22, 0x01	; 1
    4d96:	81 30       	cpi	r24, 0x01	; 1
    4d98:	09 f4       	brne	.+2      	; 0x4d9c <main+0x7c2>
    4d9a:	60 e0       	ldi	r22, 0x00	; 0
    4d9c:	29 e9       	ldi	r18, 0x99	; 153
    4d9e:	37 e7       	ldi	r19, 0x77	; 119
    4da0:	41 e0       	ldi	r20, 0x01	; 1
    4da2:	50 e0       	ldi	r21, 0x00	; 0
    4da4:	81 e0       	ldi	r24, 0x01	; 1
    4da6:	0e 94 f4 08 	call	0x11e8	; 0x11e8 <adc_start(unsigned char, bool, unsigned long)>
/home/jgalera/develop/arduino/usdx/usdx_plus_orange/src/core/core.cpp:289
    admux[1] = ADMUX;
    4daa:	80 91 7c 00 	lds	r24, 0x007C	; 0x80007c <__DATA_REGION_ORIGIN__+0x1c>
    4dae:	80 93 e6 05 	sts	0x05E6, r24	; 0x8005e6 <admux+0x1>
timer1_start():
/home/jgalera/develop/arduino/usdx/usdx_plus_orange/src/hal/hal.cpp:53
#endif
  ADMUX = (1 << REFS0); // restore reference voltage AREF (5V)
}

void timer1_start(uint32_t fs) { // Timer 1: OC1A and OC1B in PWM mode
  TCCR1A = 0;
    4db2:	10 92 80 00 	sts	0x0080, r1	; 0x800080 <__DATA_REGION_ORIGIN__+0x20>
/home/jgalera/develop/arduino/usdx/usdx_plus_orange/src/hal/hal.cpp:54
  TCCR1B = 0;
    4db6:	10 92 81 00 	sts	0x0081, r1	; 0x800081 <__DATA_REGION_ORIGIN__+0x21>
/home/jgalera/develop/arduino/usdx/usdx_plus_orange/src/hal/hal.cpp:55
  TCCR1A |= (1 << COM1A1) | (1 << COM1B1) |
    4dba:	80 91 80 00 	lds	r24, 0x0080	; 0x800080 <__DATA_REGION_ORIGIN__+0x20>
    4dbe:	82 6a       	ori	r24, 0xA2	; 162
    4dc0:	80 93 80 00 	sts	0x0080, r24	; 0x800080 <__DATA_REGION_ORIGIN__+0x20>
/home/jgalera/develop/arduino/usdx/usdx_plus_orange/src/hal/hal.cpp:58
            (1 << WGM11); // Clear OC1A/OC1B on compare match, set OC1A/OC1B at
                          // BOTTOM (non-inverting mode)
  TCCR1B |= (1 << CS10) | (1 << WGM13) |
    4dc4:	80 91 81 00 	lds	r24, 0x0081	; 0x800081 <__DATA_REGION_ORIGIN__+0x21>
    4dc8:	89 61       	ori	r24, 0x19	; 25
    4dca:	80 93 81 00 	sts	0x0081, r24	; 0x800081 <__DATA_REGION_ORIGIN__+0x21>
/home/jgalera/develop/arduino/usdx/usdx_plus_orange/src/hal/hal.cpp:60
            (1 << WGM12); // Mode 14 - Fast PWM;  CS10: clkI/O/1 (No prescaling)
  ICR1H = 0x00;
    4dce:	10 92 87 00 	sts	0x0087, r1	; 0x800087 <__DATA_REGION_ORIGIN__+0x27>
/home/jgalera/develop/arduino/usdx/usdx_plus_orange/src/hal/hal.cpp:61
  ICR1L = min(255, F_CPU / fs); // PWM value range (fs>78431):  Fpwm = F_CPU /
    4dd2:	8c ec       	ldi	r24, 0xCC	; 204
    4dd4:	80 93 86 00 	sts	0x0086, r24	; 0x800086 <__DATA_REGION_ORIGIN__+0x26>
/home/jgalera/develop/arduino/usdx/usdx_plus_orange/src/hal/hal.cpp:67
                                // [Prescaler * (1 + TOP)]
  // TCCR1A |= (1 << COM1A1) | (1 << COM1B1) | (1 << WGM10); // Clear OC1A/OC1B
  // on compare match, set OC1A/OC1B at BOTTOM (non-inverting mode) TCCR1B |= (1
  // << CS10) | (1 << WGM12); // Mode 5 - Fast PWM, 8-bit;  CS10: clkI/O/1 (No
  // prescaling)
  OCR1AH = 0x00;
    4dd8:	10 92 89 00 	sts	0x0089, r1	; 0x800089 <__DATA_REGION_ORIGIN__+0x29>
/home/jgalera/develop/arduino/usdx/usdx_plus_orange/src/hal/hal.cpp:68
  OCR1AL = 0x00; // OC1A (SIDETONE) PWM duty-cycle (span defined by ICR).
    4ddc:	10 92 88 00 	sts	0x0088, r1	; 0x800088 <__DATA_REGION_ORIGIN__+0x28>
/home/jgalera/develop/arduino/usdx/usdx_plus_orange/src/hal/hal.cpp:69
  OCR1BH = 0x00;
    4de0:	10 92 8b 00 	sts	0x008B, r1	; 0x80008b <__DATA_REGION_ORIGIN__+0x2b>
/home/jgalera/develop/arduino/usdx/usdx_plus_orange/src/hal/hal.cpp:70
  OCR1BL = 0x00; // OC1B (KEY_OUT) PWM duty-cycle (span defined by ICR).
    4de4:	10 92 8a 00 	sts	0x008A, r1	; 0x80008a <__DATA_REGION_ORIGIN__+0x2a>
timer2_start():
/home/jgalera/develop/arduino/usdx/usdx_plus_orange/src/hal/hal.cpp:79
  OCR1AL = 0x00;
  OCR1BL = 0x00;
}

void timer2_start(uint32_t fs) { // Timer 2: interrupt mode
  ASSR &= ~(1 << AS2); // Timer 2 clocked from CLK I/O (like Timer 0 and 1)
    4de8:	80 91 b6 00 	lds	r24, 0x00B6	; 0x8000b6 <__DATA_REGION_ORIGIN__+0x56>
    4dec:	8f 7d       	andi	r24, 0xDF	; 223
    4dee:	80 93 b6 00 	sts	0x00B6, r24	; 0x8000b6 <__DATA_REGION_ORIGIN__+0x56>
/home/jgalera/develop/arduino/usdx/usdx_plus_orange/src/hal/hal.cpp:80
  TCCR2A = 0;
    4df2:	10 92 b0 00 	sts	0x00B0, r1	; 0x8000b0 <__DATA_REGION_ORIGIN__+0x50>
/home/jgalera/develop/arduino/usdx/usdx_plus_orange/src/hal/hal.cpp:81
  TCCR2B = 0;
    4df6:	10 92 b1 00 	sts	0x00B1, r1	; 0x8000b1 <__DATA_REGION_ORIGIN__+0x51>
/home/jgalera/develop/arduino/usdx/usdx_plus_orange/src/hal/hal.cpp:82
  TCNT2 = 0;
    4dfa:	10 92 b2 00 	sts	0x00B2, r1	; 0x8000b2 <__DATA_REGION_ORIGIN__+0x52>
/home/jgalera/develop/arduino/usdx/usdx_plus_orange/src/hal/hal.cpp:83
  TCCR2A |= (1 << WGM21);  // WGM21: Mode 2 - CTC (Clear Timer on Compare Match)
    4dfe:	80 91 b0 00 	lds	r24, 0x00B0	; 0x8000b0 <__DATA_REGION_ORIGIN__+0x50>
    4e02:	82 60       	ori	r24, 0x02	; 2
    4e04:	80 93 b0 00 	sts	0x00B0, r24	; 0x8000b0 <__DATA_REGION_ORIGIN__+0x50>
/home/jgalera/develop/arduino/usdx/usdx_plus_orange/src/hal/hal.cpp:84
  TCCR2B |= (1 << CS22);   // Set C22 bits for 64 prescaler
    4e08:	80 91 b1 00 	lds	r24, 0x00B1	; 0x8000b1 <__DATA_REGION_ORIGIN__+0x51>
    4e0c:	84 60       	ori	r24, 0x04	; 4
    4e0e:	80 93 b1 00 	sts	0x00B1, r24	; 0x8000b1 <__DATA_REGION_ORIGIN__+0x51>
/home/jgalera/develop/arduino/usdx/usdx_plus_orange/src/hal/hal.cpp:85
  TIMSK2 |= (1 << OCIE2A); // enable timer compare interrupt TIMER2_COMPA_vect
    4e12:	80 91 70 00 	lds	r24, 0x0070	; 0x800070 <__DATA_REGION_ORIGIN__+0x10>
    4e16:	82 60       	ori	r24, 0x02	; 2
    4e18:	80 93 70 00 	sts	0x0070, r24	; 0x800070 <__DATA_REGION_ORIGIN__+0x10>
/home/jgalera/develop/arduino/usdx/usdx_plus_orange/src/hal/hal.cpp:88
  uint8_t ocr =
      ((F_CPU / 64) / fs) - 1; // OCRn = (F_CPU / pre-scaler / fs) - 1;
  OCR2A = ocr;
    4e1c:	83 e0       	ldi	r24, 0x03	; 3
    4e1e:	80 93 b3 00 	sts	0x00B3, r24	; 0x8000b3 <__DATA_REGION_ORIGIN__+0x53>
start_rx():
/home/jgalera/develop/arduino/usdx/usdx_plus_orange/src/core/core.cpp:298
    admux[0] = ADMUX;
    admux[1] = ADMUX;
  }
  timer1_start(F_SAMP_PWM);
  timer2_start(F_SAMP_RX);
  TCCR1A &= ~(1 << COM1B1);
    4e22:	80 91 80 00 	lds	r24, 0x0080	; 0x800080 <__DATA_REGION_ORIGIN__+0x20>
    4e26:	8f 7d       	andi	r24, 0xDF	; 223
    4e28:	80 93 80 00 	sts	0x0080, r24	; 0x800080 <__DATA_REGION_ORIGIN__+0x20>
/home/jgalera/develop/arduino/usdx/usdx_plus_orange/src/core/core.cpp:299
  digitalWrite(KEY_OUT, LOW);
    4e2c:	60 e0       	ldi	r22, 0x00	; 0
    4e2e:	8a e0       	ldi	r24, 0x0A	; 10
    4e30:	0e 94 7e 06 	call	0xcfc	; 0xcfc <digitalWrite>
begin():
/home/jgalera/.arduino15/packages/MiniCore/hardware/avr/3.1.1/cores/MCUdude_corefiles/HardwareSerial.cpp:121

void HardwareSerial::begin(unsigned long baud, byte config)
{
  // Try u2x mode first
  uint16_t baud_setting = (F_CPU / 4 / baud - 1) / 2;
  *_ucsra = 1 << U2X0;
    4e34:	e0 91 2a 06 	lds	r30, 0x062A	; 0x80062a <Serial+0x10>
    4e38:	f0 91 2b 06 	lds	r31, 0x062B	; 0x80062b <Serial+0x11>
    4e3c:	82 e0       	ldi	r24, 0x02	; 2
    4e3e:	80 83       	st	Z, r24
/home/jgalera/.arduino15/packages/MiniCore/hardware/avr/3.1.1/cores/MCUdude_corefiles/HardwareSerial.cpp:135
    *_ucsra = 0;
    baud_setting = (F_CPU / 8 / baud - 1) / 2;
  }

  // assign the baud_setting, a.k.a. ubrr (USART Baud Rate Register)
  *_ubrrh = baud_setting >> 8;
    4e40:	e0 91 26 06 	lds	r30, 0x0626	; 0x800626 <Serial+0xc>
    4e44:	f0 91 27 06 	lds	r31, 0x0627	; 0x800627 <Serial+0xd>
    4e48:	10 82       	st	Z, r1
/home/jgalera/.arduino15/packages/MiniCore/hardware/avr/3.1.1/cores/MCUdude_corefiles/HardwareSerial.cpp:136
  *_ubrrl = baud_setting;
    4e4a:	e0 91 28 06 	lds	r30, 0x0628	; 0x800628 <Serial+0xe>
    4e4e:	f0 91 29 06 	lds	r31, 0x0629	; 0x800629 <Serial+0xf>
    4e52:	80 e4       	ldi	r24, 0x40	; 64
    4e54:	80 83       	st	Z, r24
/home/jgalera/.arduino15/packages/MiniCore/hardware/avr/3.1.1/cores/MCUdude_corefiles/HardwareSerial.cpp:138

  _written = false;
    4e56:	10 92 32 06 	sts	0x0632, r1	; 0x800632 <Serial+0x18>
/home/jgalera/.arduino15/packages/MiniCore/hardware/avr/3.1.1/cores/MCUdude_corefiles/HardwareSerial.cpp:146
#if defined(__AVR_ATmega8__) || defined(__AVR_ATmega8515__) || defined(__AVR_ATmega162__) \
|| defined(__AVR_ATmega8535__) || defined(__AVR_ATmega16__)|| defined(__AVR_ATmega32__)   \
|| defined(__AVR_ATmega162__)
  config |= 0x80; // select UCSRC register (shared with UBRRH)
#endif
  *_ucsrc = config;
    4e5a:	e0 91 2e 06 	lds	r30, 0x062E	; 0x80062e <Serial+0x14>
    4e5e:	f0 91 2f 06 	lds	r31, 0x062F	; 0x80062f <Serial+0x15>
    4e62:	86 e0       	ldi	r24, 0x06	; 6
    4e64:	80 83       	st	Z, r24
/home/jgalera/.arduino15/packages/MiniCore/hardware/avr/3.1.1/cores/MCUdude_corefiles/HardwareSerial.cpp:148
  
  *_ucsrb |= _BV(RXEN0) | _BV(TXEN0) | _BV(RXCIE0);
    4e66:	e0 91 2c 06 	lds	r30, 0x062C	; 0x80062c <Serial+0x12>
    4e6a:	f0 91 2d 06 	lds	r31, 0x062D	; 0x80062d <Serial+0x13>
    4e6e:	80 81       	ld	r24, Z
    4e70:	88 69       	ori	r24, 0x98	; 152
    4e72:	80 83       	st	Z, r24
/home/jgalera/.arduino15/packages/MiniCore/hardware/avr/3.1.1/cores/MCUdude_corefiles/HardwareSerial.cpp:149
  *_ucsrb &= ~_BV(UDRIE0);
    4e74:	e0 91 2c 06 	lds	r30, 0x062C	; 0x80062c <Serial+0x12>
    4e78:	f0 91 2d 06 	lds	r31, 0x062D	; 0x80062d <Serial+0x13>
    4e7c:	80 81       	ld	r24, Z
    4e7e:	8f 7d       	andi	r24, 0xDF	; 223
    4e80:	80 83       	st	Z, r24
Command_IF():
/home/jgalera/develop/arduino/usdx/usdx_plus_orange/src/interface/cat.cpp:211
  change = true;
}

void Command_IF() {
#ifdef _SERIAL
  if (!cat_active)
    4e82:	80 91 18 06 	lds	r24, 0x0618	; 0x800618 <cat_active>
    4e86:	81 11       	cpse	r24, r1
    4e88:	0e 94 15 1a 	call	0x342a	; 0x342a <Command_IF() [clone .part.1]>
setup():
/home/jgalera/develop/arduino/usdx/usdx_plus_orange/usdx_plus_orange.ino:470
  smode = 0; // In case of LCD, turn of smeter
#endif
#endif // CAT TESTBENCH

#ifdef KEYER
  keyerState = IDLE;
    4e8c:	10 92 00 06 	sts	0x0600, r1	; 0x800600 <keyerState>
/home/jgalera/develop/arduino/usdx/usdx_plus_orange/usdx_plus_orange.ino:471
  keyerControl = IAMBICB; // Or 0 for IAMBICA
    4e90:	80 e1       	ldi	r24, 0x10	; 16
    4e92:	80 93 ff 05 	sts	0x05FF, r24	; 0x8005ff <keyerControl>
loadWPM():
/home/jgalera/develop/arduino/usdx/usdx_plus_orange/src/core/core.cpp:65
  }
}

void loadWPM(int wpm) {
#if (F_MCU != 20000000)
  ditTime = (1200ULL * F_MCU / 16000000) / wpm;
    4e96:	b0 90 b0 01 	lds	r11, 0x01B0	; 0x8001b0 <keyer_speed+0x1>
    4e9a:	a0 90 af 01 	lds	r10, 0x01AF	; 0x8001af <keyer_speed>
    4e9e:	1b 2d       	mov	r17, r11
    4ea0:	11 0f       	add	r17, r17
    4ea2:	11 0b       	sbc	r17, r17
    4ea4:	c1 2e       	mov	r12, r17
    4ea6:	d1 2e       	mov	r13, r17
    4ea8:	e1 2e       	mov	r14, r17
    4eaa:	f1 2e       	mov	r15, r17
    4eac:	01 2f       	mov	r16, r17
    4eae:	20 eb       	ldi	r18, 0xB0	; 176
    4eb0:	34 e0       	ldi	r19, 0x04	; 4
    4eb2:	40 e0       	ldi	r20, 0x00	; 0
    4eb4:	50 e0       	ldi	r21, 0x00	; 0
    4eb6:	60 e0       	ldi	r22, 0x00	; 0
    4eb8:	70 e0       	ldi	r23, 0x00	; 0
    4eba:	80 e0       	ldi	r24, 0x00	; 0
    4ebc:	90 e0       	ldi	r25, 0x00	; 0
    4ebe:	0e 94 40 3a 	call	0x7480	; 0x7480 <__udivdi3>
    4ec2:	20 93 f7 05 	sts	0x05F7, r18	; 0x8005f7 <ditTime>
    4ec6:	30 93 f8 05 	sts	0x05F8, r19	; 0x8005f8 <ditTime+0x1>
    4eca:	40 93 f9 05 	sts	0x05F9, r20	; 0x8005f9 <ditTime+0x2>
    4ece:	50 93 fa 05 	sts	0x05FA, r21	; 0x8005fa <ditTime+0x3>
_digitalRead():
/home/jgalera/develop/arduino/usdx/usdx_plus_orange/src/core/core.cpp:36
                            : 0;
  }
  return digitalRead(pin);
}
#else
uint8_t _digitalRead(uint8_t pin) { return digitalRead(pin); }
    4ed2:	8d e0       	ldi	r24, 0x0D	; 13
    4ed4:	0e 94 55 06 	call	0xcaa	; 0xcaa <digitalRead>
setup():
/home/jgalera/develop/arduino/usdx/usdx_plus_orange/usdx_plus_orange.ino:475
  loadWPM(keyer_speed);   // Fix speed at 15 WPM
#endif                    // KEYER

  for (; !_digitalRead(DIT) ||
    4ed8:	81 11       	cpse	r24, r1
    4eda:	46 c0       	rjmp	.+140    	; 0x4f68 <main+0x98e>
/home/jgalera/develop/arduino/usdx/usdx_plus_orange/usdx_plus_orange.ino:477
         ((mode == CW && keyer_mode != SINGLE) && (!_digitalRead(DAH)));) {
    fatal(F("Check PTT/key"));
    4edc:	40 e0       	ldi	r20, 0x00	; 0
    4ede:	70 e0       	ldi	r23, 0x00	; 0
    4ee0:	60 e0       	ldi	r22, 0x00	; 0
    4ee2:	87 e6       	ldi	r24, 0x67	; 103
    4ee4:	91 e0       	ldi	r25, 0x01	; 1
    4ee6:	0e 94 d5 19 	call	0x33aa	; 0x33aa <fatal(__FlashStringHelper const*, int, char)>
    4eea:	f3 cf       	rjmp	.-26     	; 0x4ed2 <main+0x8f8>
_digitalRead():
/home/jgalera/develop/arduino/usdx/usdx_plus_orange/src/core/core.cpp:36
    4eec:	81 e1       	ldi	r24, 0x11	; 17
    4eee:	0e 94 55 06 	call	0xcaa	; 0xcaa <digitalRead>
setup():
/home/jgalera/develop/arduino/usdx/usdx_plus_orange/usdx_plus_orange.ino:403
  // freq = bands[band];

  // Load parameters from EEPROM, reset to factory defaults when stored values
  // are from a different version
  paramAction(LOAD, VERS);
  if ((eeprom_version != get_version_id()) ||
    4ef2:	81 11       	cpse	r24, r1
    4ef4:	d2 ce       	rjmp	.-604    	; 0x4c9a <main+0x6c0>
/home/jgalera/develop/arduino/usdx/usdx_plus_orange/usdx_plus_orange.ino:417
    lcd.setCursor(0, 1);
    lcd.print(F("Reset settings.."));
    delay(500);
    wdt_reset();
  } else {
    paramAction(LOAD); // load all parameters
    4ef6:	6f ef       	ldi	r22, 0xFF	; 255
    4ef8:	83 e0       	ldi	r24, 0x03	; 3
    4efa:	0e 94 b5 1d 	call	0x3b6a	; 0x3b6a <paramAction(unsigned char, unsigned char)>
/home/jgalera/develop/arduino/usdx/usdx_plus_orange/usdx_plus_orange.ino:418
    ft8mode = EEPROM.read(FT8_EEPROM_ADDR);
    4efe:	83 e8       	ldi	r24, 0x83	; 131
    4f00:	91 e0       	ldi	r25, 0x01	; 1
    4f02:	0e 94 8f 21 	call	0x431e	; 0x431e <EEPROMClass::read(int) [clone .isra.0]>
    4f06:	80 93 c2 05 	sts	0x05C2, r24	; 0x8005c2 <ft8mode>
/home/jgalera/develop/arduino/usdx/usdx_plus_orange/usdx_plus_orange.ino:419
    if (ft8mode > 1)
    4f0a:	80 91 c2 05 	lds	r24, 0x05C2	; 0x8005c2 <ft8mode>
    4f0e:	82 30       	cpi	r24, 0x02	; 2
    4f10:	10 f0       	brcs	.+4      	; 0x4f16 <main+0x93c>
/home/jgalera/develop/arduino/usdx/usdx_plus_orange/usdx_plus_orange.ino:420
      ft8mode = 0;
    4f12:	10 92 c2 05 	sts	0x05C2, r1	; 0x8005c2 <ft8mode>
/home/jgalera/develop/arduino/usdx/usdx_plus_orange/usdx_plus_orange.ino:421
    prev_mode_ft8 = EEPROM.read(PREV_MODE_FT8_EEPROM_ADDR);
    4f16:	84 e8       	ldi	r24, 0x84	; 132
    4f18:	91 e0       	ldi	r25, 0x01	; 1
    4f1a:	0e 94 8f 21 	call	0x431e	; 0x431e <EEPROMClass::read(int) [clone .isra.0]>
    4f1e:	80 93 c1 05 	sts	0x05C1, r24	; 0x8005c1 <prev_mode_ft8>
/home/jgalera/develop/arduino/usdx/usdx_plus_orange/usdx_plus_orange.ino:422
    prev_filt_ft8 = EEPROM.read(PREV_FILT_FT8_EEPROM_ADDR);
    4f22:	85 e8       	ldi	r24, 0x85	; 133
    4f24:	91 e0       	ldi	r25, 0x01	; 1
    4f26:	0e 94 8f 21 	call	0x431e	; 0x431e <EEPROMClass::read(int) [clone .isra.0]>
    4f2a:	80 93 c0 05 	sts	0x05C0, r24	; 0x8005c0 <prev_filt_ft8>
/home/jgalera/develop/arduino/usdx/usdx_plus_orange/usdx_plus_orange.ino:423
    prev_agc_ft8 = EEPROM.read(PREV_AGC_FT8_EEPROM_ADDR);
    4f2e:	86 e8       	ldi	r24, 0x86	; 134
    4f30:	91 e0       	ldi	r25, 0x01	; 1
    4f32:	0e 94 8f 21 	call	0x431e	; 0x431e <EEPROMClass::read(int) [clone .isra.0]>
    4f36:	80 93 bf 05 	sts	0x05BF, r24	; 0x8005bf <prev_agc_ft8>
/home/jgalera/develop/arduino/usdx/usdx_plus_orange/usdx_plus_orange.ino:424
    prev_nr_ft8 = EEPROM.read(PREV_NR_FT8_EEPROM_ADDR);
    4f3a:	87 e8       	ldi	r24, 0x87	; 135
    4f3c:	91 e0       	ldi	r25, 0x01	; 1
    4f3e:	0e 94 8f 21 	call	0x431e	; 0x431e <EEPROMClass::read(int) [clone .isra.0]>
    4f42:	80 93 be 05 	sts	0x05BE, r24	; 0x8005be <prev_nr_ft8>
/home/jgalera/develop/arduino/usdx/usdx_plus_orange/usdx_plus_orange.ino:425
    if (ft8mode) {
    4f46:	80 91 c2 05 	lds	r24, 0x05C2	; 0x8005c2 <ft8mode>
    4f4a:	88 23       	and	r24, r24
    4f4c:	09 f4       	brne	.+2      	; 0x4f50 <main+0x976>
    4f4e:	ba ce       	rjmp	.-652    	; 0x4cc4 <main+0x6ea>
/home/jgalera/develop/arduino/usdx/usdx_plus_orange/usdx_plus_orange.ino:426
      mode = USB;
    4f50:	81 e0       	ldi	r24, 0x01	; 1
    4f52:	80 93 cc 01 	sts	0x01CC, r24	; 0x8001cc <mode>
/home/jgalera/develop/arduino/usdx/usdx_plus_orange/usdx_plus_orange.ino:427
      filt = 1;
    4f56:	80 93 ec 05 	sts	0x05EC, r24	; 0x8005ec <filt>
/home/jgalera/develop/arduino/usdx/usdx_plus_orange/usdx_plus_orange.ino:428
      agc = 0;
    4f5a:	10 92 69 01 	sts	0x0169, r1	; 0x800169 <agc>
/home/jgalera/develop/arduino/usdx/usdx_plus_orange/usdx_plus_orange.ino:429
      nr = 0;
    4f5e:	10 92 c4 01 	sts	0x01C4, r1	; 0x8001c4 <nr>
/home/jgalera/develop/arduino/usdx/usdx_plus_orange/usdx_plus_orange.ino:430
      dig_mode = true;
    4f62:	80 93 bd 05 	sts	0x05BD, r24	; 0x8005bd <dig_mode>
    4f66:	ae ce       	rjmp	.-676    	; 0x4cc4 <main+0x6ea>
/home/jgalera/develop/arduino/usdx/usdx_plus_orange/usdx_plus_orange.ino:476
  keyerControl = IAMBICB; // Or 0 for IAMBICA
  loadWPM(keyer_speed);   // Fix speed at 15 WPM
#endif                    // KEYER

  for (; !_digitalRead(DIT) ||
         ((mode == CW && keyer_mode != SINGLE) && (!_digitalRead(DAH)));) {
    4f68:	80 91 cc 01 	lds	r24, 0x01CC	; 0x8001cc <mode>
/home/jgalera/develop/arduino/usdx/usdx_plus_orange/usdx_plus_orange.ino:475
  keyerState = IDLE;
  keyerControl = IAMBICB; // Or 0 for IAMBICA
  loadWPM(keyer_speed);   // Fix speed at 15 WPM
#endif                    // KEYER

  for (; !_digitalRead(DIT) ||
    4f6c:	82 30       	cpi	r24, 0x02	; 2
    4f6e:	51 f4       	brne	.+20     	; 0x4f84 <main+0x9aa>
/home/jgalera/develop/arduino/usdx/usdx_plus_orange/usdx_plus_orange.ino:476
         ((mode == CW && keyer_mode != SINGLE) && (!_digitalRead(DAH)));) {
    4f70:	80 91 c9 01 	lds	r24, 0x01C9	; 0x8001c9 <keyer_mode>
    4f74:	82 30       	cpi	r24, 0x02	; 2
    4f76:	31 f0       	breq	.+12     	; 0x4f84 <main+0x9aa>
_digitalRead():
/home/jgalera/develop/arduino/usdx/usdx_plus_orange/src/core/core.cpp:36
    4f78:	8c e0       	ldi	r24, 0x0C	; 12
    4f7a:	0e 94 55 06 	call	0xcaa	; 0xcaa <digitalRead>
setup():
/home/jgalera/develop/arduino/usdx/usdx_plus_orange/usdx_plus_orange.ino:476
    4f7e:	88 23       	and	r24, r24
    4f80:	09 f4       	brne	.+2      	; 0x4f84 <main+0x9aa>
    4f82:	ac cf       	rjmp	.-168    	; 0x4edc <main+0x902>
log10_fix():
/home/jgalera/develop/arduino/usdx/usdx_plus_orange/src/core/core.cpp:178
  if (n == 0)
    return -32768;
  int32_t l = 0;
  uint32_t n_copy = n;
  while (n_copy >= 10) {
    n_copy /= 10;
    4f84:	5a e0       	ldi	r21, 0x0A	; 10
    4f86:	45 2e       	mov	r4, r21
    4f88:	51 2c       	mov	r5, r1
    4f8a:	61 2c       	mov	r6, r1
    4f8c:	71 2c       	mov	r7, r1
loop():
/home/jgalera/develop/arduino/usdx/usdx_plus_orange/usdx_plus_orange.ino:488
void loop() {
#ifdef VOX_ENABLE
  if ((vox) &&
      ((mode == LSB) ||
       (mode ==
        USB))) { // If VOX enabled (and in LSB/USB mode), then take mic samples
    4f8e:	80 91 19 06 	lds	r24, 0x0619	; 0x800619 <vox>
/home/jgalera/develop/arduino/usdx/usdx_plus_orange/usdx_plus_orange.ino:485

static int32_t _step = 0;

void loop() {
#ifdef VOX_ENABLE
  if ((vox) &&
    4f92:	88 23       	and	r24, r24
    4f94:	09 f4       	brne	.+2      	; 0x4f98 <main+0x9be>
    4f96:	48 c0       	rjmp	.+144    	; 0x5028 <main+0xa4e>
/home/jgalera/develop/arduino/usdx/usdx_plus_orange/usdx_plus_orange.ino:486
      ((mode == LSB) ||
    4f98:	80 91 cc 01 	lds	r24, 0x01CC	; 0x8001cc <mode>
/home/jgalera/develop/arduino/usdx/usdx_plus_orange/usdx_plus_orange.ino:485

static int32_t _step = 0;

void loop() {
#ifdef VOX_ENABLE
  if ((vox) &&
    4f9c:	88 23       	and	r24, r24
    4f9e:	29 f0       	breq	.+10     	; 0x4faa <main+0x9d0>
/home/jgalera/develop/arduino/usdx/usdx_plus_orange/usdx_plus_orange.ino:487
      ((mode == LSB) ||
       (mode ==
    4fa0:	80 91 cc 01 	lds	r24, 0x01CC	; 0x8001cc <mode>
/home/jgalera/develop/arduino/usdx/usdx_plus_orange/usdx_plus_orange.ino:486
static int32_t _step = 0;

void loop() {
#ifdef VOX_ENABLE
  if ((vox) &&
      ((mode == LSB) ||
    4fa4:	81 30       	cpi	r24, 0x01	; 1
    4fa6:	09 f0       	breq	.+2      	; 0x4faa <main+0x9d0>
    4fa8:	3f c0       	rjmp	.+126    	; 0x5028 <main+0xa4e>
/home/jgalera/develop/arduino/usdx/usdx_plus_orange/usdx_plus_orange.ino:492
       (mode ==
        USB))) { // If VOX enabled (and in LSB/USB mode), then take mic samples
                 // and feed ssb processing function, to derive amplitude, and
                 // potentially detect cross vox_threshold to detect a TX or RX
                 // event: this is expressed in tx variable
    if (!vox_tx) { // VOX not active
    4faa:	80 91 07 06 	lds	r24, 0x0607	; 0x800607 <vox_tx>
    4fae:	81 11       	cpse	r24, r1
    4fb0:	f9 c0       	rjmp	.+498    	; 0x51a4 <main+0xbca>
analogSampleMic():
/home/jgalera/develop/arduino/usdx/usdx_plus_orange/src/core/core.cpp:135
#endif
}

uint16_t analogSampleMic() {
  uint16_t adc;
  noInterrupts();
    4fb2:	f8 94       	cli
/home/jgalera/develop/arduino/usdx/usdx_plus_orange/src/core/core.cpp:136
  ADCSRA = (1 << ADEN) |
    4fb4:	82 e8       	ldi	r24, 0x82	; 130
    4fb6:	80 93 7a 00 	sts	0x007A, r24	; 0x80007a <__DATA_REGION_ORIGIN__+0x1a>
/home/jgalera/develop/arduino/usdx/usdx_plus_orange/src/core/core.cpp:139
           (((uint8_t)log2((uint8_t)(F_CPU / 13 / (192307 / 1)))) & 0x07);

  if ((dsp_cap == SDR) && (vox_thresh >= 32))
    4fba:	80 91 6b 01 	lds	r24, 0x016B	; 0x80016b <vox_thresh>
    4fbe:	80 32       	cpi	r24, 0x20	; 32
    4fc0:	20 f0       	brcs	.+8      	; 0x4fca <main+0x9f0>
/home/jgalera/develop/arduino/usdx/usdx_plus_orange/src/core/core.cpp:140
    digitalWrite(RX, LOW);
    4fc2:	60 e0       	ldi	r22, 0x00	; 0
    4fc4:	88 e0       	ldi	r24, 0x08	; 8
    4fc6:	0e 94 7e 06 	call	0xcfc	; 0xcfc <digitalWrite>
/home/jgalera/develop/arduino/usdx/usdx_plus_orange/src/core/core.cpp:142

  uint8_t oldmux = ADMUX;
    4fca:	90 91 7c 00 	lds	r25, 0x007C	; 0x80007c <__DATA_REGION_ORIGIN__+0x1c>
/home/jgalera/develop/arduino/usdx/usdx_plus_orange/src/core/core.cpp:143
  for (; !(ADCSRA & (1 << ADIF));)
    4fce:	80 91 7a 00 	lds	r24, 0x007A	; 0x80007a <__DATA_REGION_ORIGIN__+0x1a>
    4fd2:	84 ff       	sbrs	r24, 4
    4fd4:	fc cf       	rjmp	.-8      	; 0x4fce <main+0x9f4>
/home/jgalera/develop/arduino/usdx/usdx_plus_orange/src/core/core.cpp:145
    ;
  ADMUX = admux[2];
    4fd6:	80 91 e7 05 	lds	r24, 0x05E7	; 0x8005e7 <admux+0x2>
    4fda:	80 93 7c 00 	sts	0x007C, r24	; 0x80007c <__DATA_REGION_ORIGIN__+0x1c>
/home/jgalera/develop/arduino/usdx/usdx_plus_orange/src/core/core.cpp:146
  ADCSRA |= (1 << ADSC);
    4fde:	80 91 7a 00 	lds	r24, 0x007A	; 0x80007a <__DATA_REGION_ORIGIN__+0x1a>
    4fe2:	80 64       	ori	r24, 0x40	; 64
    4fe4:	80 93 7a 00 	sts	0x007A, r24	; 0x80007a <__DATA_REGION_ORIGIN__+0x1a>
/home/jgalera/develop/arduino/usdx/usdx_plus_orange/src/core/core.cpp:147
  for (; !(ADCSRA & (1 << ADIF));)
    4fe8:	80 91 7a 00 	lds	r24, 0x007A	; 0x80007a <__DATA_REGION_ORIGIN__+0x1a>
    4fec:	84 ff       	sbrs	r24, 4
    4fee:	fc cf       	rjmp	.-8      	; 0x4fe8 <main+0xa0e>
/home/jgalera/develop/arduino/usdx/usdx_plus_orange/src/core/core.cpp:149
    ;
  ADMUX = oldmux;
    4ff0:	90 93 7c 00 	sts	0x007C, r25	; 0x80007c <__DATA_REGION_ORIGIN__+0x1c>
/home/jgalera/develop/arduino/usdx/usdx_plus_orange/src/core/core.cpp:151

  if ((dsp_cap == SDR) && (vox_thresh >= 32))
    4ff4:	80 91 6b 01 	lds	r24, 0x016B	; 0x80016b <vox_thresh>
    4ff8:	80 32       	cpi	r24, 0x20	; 32
    4ffa:	20 f0       	brcs	.+8      	; 0x5004 <main+0xa2a>
/home/jgalera/develop/arduino/usdx/usdx_plus_orange/src/core/core.cpp:152
    digitalWrite(RX, HIGH);
    4ffc:	61 e0       	ldi	r22, 0x01	; 1
    4ffe:	88 e0       	ldi	r24, 0x08	; 8
    5000:	0e 94 7e 06 	call	0xcfc	; 0xcfc <digitalWrite>
/home/jgalera/develop/arduino/usdx/usdx_plus_orange/src/core/core.cpp:154

  adc = ADC;
    5004:	80 91 78 00 	lds	r24, 0x0078	; 0x800078 <__DATA_REGION_ORIGIN__+0x18>
    5008:	90 91 79 00 	lds	r25, 0x0079	; 0x800079 <__DATA_REGION_ORIGIN__+0x19>
/home/jgalera/develop/arduino/usdx/usdx_plus_orange/src/core/core.cpp:155
  interrupts();
    500c:	78 94       	sei
loop():
/home/jgalera/develop/arduino/usdx/usdx_plus_orange/usdx_plus_orange.ino:503
        vox_adc = 0;
      } else {
        vox_adc += analogSampleMic();
      }
#else
      ssb(((int16_t)(analogSampleMic()) - 512) >> MIC_ATTEN); // sampling mic
    500e:	92 50       	subi	r25, 0x02	; 2
    5010:	0e 94 00 13 	call	0x2600	; 0x2600 <ssb(int)>
/home/jgalera/develop/arduino/usdx/usdx_plus_orange/usdx_plus_orange.ino:505
#endif
      if (tx) { // TX triggered by audio -> TX
    5014:	80 91 06 06 	lds	r24, 0x0606	; 0x800606 <tx>
    5018:	88 23       	and	r24, r24
    501a:	31 f0       	breq	.+12     	; 0x5028 <main+0xa4e>
/home/jgalera/develop/arduino/usdx/usdx_plus_orange/usdx_plus_orange.ino:506
        vox_tx = 1;
    501c:	81 e0       	ldi	r24, 0x01	; 1
    501e:	80 93 07 06 	sts	0x0607, r24	; 0x800607 <vox_tx>
/home/jgalera/develop/arduino/usdx/usdx_plus_orange/usdx_plus_orange.ino:507
        switch_rxtx(255);
    5022:	8f ef       	ldi	r24, 0xFF	; 255
    5024:	0e 94 84 17 	call	0x2f08	; 0x2f08 <switch_rxtx(unsigned char)>
/home/jgalera/develop/arduino/usdx/usdx_plus_orange/usdx_plus_orange.ino:526
#endif // VOX_ENABLE

#ifdef CW_DECODER
  // if((mode == CW) && cwdec) cw_decode();  // if(!(semi_qsk_timeout))
  // cw_decode(); else dec2();
  if ((mode == CW) && cwdec && ((!tx) && (!semi_qsk_timeout)))
    5028:	80 91 cc 01 	lds	r24, 0x01CC	; 0x8001cc <mode>
    502c:	82 30       	cpi	r24, 0x02	; 2
    502e:	09 f0       	breq	.+2      	; 0x5032 <main+0xa58>
    5030:	7c c0       	rjmp	.+248    	; 0x512a <main+0xb50>
    5032:	80 91 cb 01 	lds	r24, 0x01CB	; 0x8001cb <cwdec>
    5036:	88 23       	and	r24, r24
    5038:	09 f4       	brne	.+2      	; 0x503c <main+0xa62>
    503a:	77 c0       	rjmp	.+238    	; 0x512a <main+0xb50>
    503c:	80 91 06 06 	lds	r24, 0x0606	; 0x800606 <tx>
    5040:	81 11       	cpse	r24, r1
    5042:	73 c0       	rjmp	.+230    	; 0x512a <main+0xb50>
    5044:	80 91 02 06 	lds	r24, 0x0602	; 0x800602 <semi_qsk_timeout>
    5048:	90 91 03 06 	lds	r25, 0x0603	; 0x800603 <semi_qsk_timeout+0x1>
    504c:	a0 91 04 06 	lds	r26, 0x0604	; 0x800604 <semi_qsk_timeout+0x2>
    5050:	b0 91 05 06 	lds	r27, 0x0605	; 0x800605 <semi_qsk_timeout+0x3>
    5054:	89 2b       	or	r24, r25
    5056:	8a 2b       	or	r24, r26
    5058:	8b 2b       	or	r24, r27
    505a:	09 f0       	breq	.+2      	; 0x505e <main+0xa84>
    505c:	66 c0       	rjmp	.+204    	; 0x512a <main+0xb50>
cw_decode():
/home/jgalera/develop/arduino/usdx/usdx_plus_orange/src/dsp/dsp.cpp:559
uint32_t lowduration;
uint32_t laststarttime = 0;
uint8_t wpm = 25;

void cw_decode() {
  int32_t in = _amp32;
    505e:	80 90 cd 05 	lds	r8, 0x05CD	; 0x8005cd <_amp32>
    5062:	90 90 ce 05 	lds	r9, 0x05CE	; 0x8005ce <_amp32+0x1>
    5066:	a0 90 cf 05 	lds	r10, 0x05CF	; 0x8005cf <_amp32+0x2>
    506a:	b0 90 d0 05 	lds	r11, 0x05D0	; 0x8005d0 <_amp32+0x3>
/home/jgalera/develop/arduino/usdx/usdx_plus_orange/src/dsp/dsp.cpp:560
  EA(avg, in, (1 << 8));
    506e:	c0 90 6c 01 	lds	r12, 0x016C	; 0x80016c <avg>
    5072:	d0 90 6d 01 	lds	r13, 0x016D	; 0x80016d <avg+0x1>
    5076:	e0 90 6e 01 	lds	r14, 0x016E	; 0x80016e <avg+0x2>
    507a:	f0 90 6f 01 	lds	r15, 0x016F	; 0x80016f <avg+0x3>
    507e:	c5 01       	movw	r24, r10
    5080:	b4 01       	movw	r22, r8
    5082:	6c 19       	sub	r22, r12
    5084:	7d 09       	sbc	r23, r13
    5086:	8e 09       	sbc	r24, r14
    5088:	9f 09       	sbc	r25, r15
    508a:	20 e0       	ldi	r18, 0x00	; 0
    508c:	31 e0       	ldi	r19, 0x01	; 1
    508e:	40 e0       	ldi	r20, 0x00	; 0
    5090:	50 e0       	ldi	r21, 0x00	; 0
    5092:	0e 94 b7 39 	call	0x736e	; 0x736e <__divmodsi4>
    5096:	c2 0e       	add	r12, r18
    5098:	d3 1e       	adc	r13, r19
    509a:	e4 1e       	adc	r14, r20
    509c:	f5 1e       	adc	r15, r21
    509e:	c0 92 6c 01 	sts	0x016C, r12	; 0x80016c <avg>
    50a2:	d0 92 6d 01 	sts	0x016D, r13	; 0x80016d <avg+0x1>
    50a6:	e0 92 6e 01 	sts	0x016E, r14	; 0x80016e <avg+0x2>
    50aa:	f0 92 6f 01 	sts	0x016F, r15	; 0x80016f <avg+0x3>
/home/jgalera/develop/arduino/usdx/usdx_plus_orange/src/dsp/dsp.cpp:561
  realstate = (in > (avg * 1 / 2)); // threshold
    50ae:	c7 01       	movw	r24, r14
    50b0:	b6 01       	movw	r22, r12
    50b2:	22 e0       	ldi	r18, 0x02	; 2
    50b4:	30 e0       	ldi	r19, 0x00	; 0
    50b6:	40 e0       	ldi	r20, 0x00	; 0
    50b8:	50 e0       	ldi	r21, 0x00	; 0
    50ba:	0e 94 b7 39 	call	0x736e	; 0x736e <__divmodsi4>
    50be:	11 e0       	ldi	r17, 0x01	; 1
    50c0:	28 15       	cp	r18, r8
    50c2:	39 05       	cpc	r19, r9
    50c4:	4a 05       	cpc	r20, r10
    50c6:	5b 05       	cpc	r21, r11
    50c8:	0c f0       	brlt	.+2      	; 0x50cc <main+0xaf2>
    50ca:	10 e0       	ldi	r17, 0x00	; 0
    50cc:	10 93 cc 05 	sts	0x05CC, r17	; 0x8005cc <realstate>
/home/jgalera/develop/arduino/usdx/usdx_plus_orange/src/dsp/dsp.cpp:564

  // here we clean up the state with a noise blanker
  if (realstate != realstatebefore) {
    50d0:	80 91 cb 05 	lds	r24, 0x05CB	; 0x8005cb <realstatebefore>
    50d4:	18 17       	cp	r17, r24
    50d6:	51 f0       	breq	.+20     	; 0x50ec <main+0xb12>
/home/jgalera/develop/arduino/usdx/usdx_plus_orange/src/dsp/dsp.cpp:565
    laststarttime = millis();
    50d8:	0e 94 60 07 	call	0xec0	; 0xec0 <millis>
    50dc:	60 93 c7 05 	sts	0x05C7, r22	; 0x8005c7 <laststarttime>
    50e0:	70 93 c8 05 	sts	0x05C8, r23	; 0x8005c8 <laststarttime+0x1>
    50e4:	80 93 c9 05 	sts	0x05C9, r24	; 0x8005c9 <laststarttime+0x2>
    50e8:	90 93 ca 05 	sts	0x05CA, r25	; 0x8005ca <laststarttime+0x3>
/home/jgalera/develop/arduino/usdx/usdx_plus_orange/src/dsp/dsp.cpp:574
// side-effect with fast speed changes that fast CW will be filtered out
#ifdef NB_SCALED_TO_WPM
  if ((millis() - laststarttime) >
      min(1200 / (20 * 2), max(1200 / (40 * 2), hightimesavg / 6))) {
#else
  if ((millis() - laststarttime) > nbtime) {
    50ec:	0e 94 60 07 	call	0xec0	; 0xec0 <millis>
    50f0:	80 90 c7 05 	lds	r8, 0x05C7	; 0x8005c7 <laststarttime>
    50f4:	90 90 c8 05 	lds	r9, 0x05C8	; 0x8005c8 <laststarttime+0x1>
    50f8:	a0 90 c9 05 	lds	r10, 0x05C9	; 0x8005c9 <laststarttime+0x2>
    50fc:	b0 90 ca 05 	lds	r11, 0x05CA	; 0x8005ca <laststarttime+0x3>
    5100:	68 19       	sub	r22, r8
    5102:	79 09       	sbc	r23, r9
    5104:	8a 09       	sbc	r24, r10
    5106:	9b 09       	sbc	r25, r11
    5108:	61 31       	cpi	r22, 0x11	; 17
    510a:	71 05       	cpc	r23, r1
    510c:	81 05       	cpc	r24, r1
    510e:	91 05       	cpc	r25, r1
    5110:	08 f4       	brcc	.+2      	; 0x5114 <main+0xb3a>
    5112:	57 c0       	rjmp	.+174    	; 0x51c2 <main+0xbe8>
/home/jgalera/develop/arduino/usdx/usdx_plus_orange/src/dsp/dsp.cpp:576
#endif
    if (realstate != filteredstate) {
    5114:	80 91 c6 05 	lds	r24, 0x05C6	; 0x8005c6 <filteredstate>
    5118:	18 13       	cpse	r17, r24
/home/jgalera/develop/arduino/usdx/usdx_plus_orange/src/dsp/dsp.cpp:577
      filteredstate = realstate;
    511a:	10 93 c6 05 	sts	0x05C6, r17	; 0x8005c6 <filteredstate>
/home/jgalera/develop/arduino/usdx/usdx_plus_orange/src/dsp/dsp.cpp:585
  } else
    avg +=
        avg /
        100; // keep threshold above noise spikes (increase threshold with 1%)

  dec2();
    511e:	0e 94 17 16 	call	0x2c2e	; 0x2c2e <dec2()>
/home/jgalera/develop/arduino/usdx/usdx_plus_orange/src/dsp/dsp.cpp:586
  realstatebefore = realstate;
    5122:	80 91 cc 05 	lds	r24, 0x05CC	; 0x8005cc <realstate>
    5126:	80 93 cb 05 	sts	0x05CB, r24	; 0x8005cb <realstatebefore>
loop():
/home/jgalera/develop/arduino/usdx/usdx_plus_orange/usdx_plus_orange.ino:530
    cw_decode(); // CW decoder only active during RX
#endif           // CW_DECODER

  if (menumode == 0) { // in main
    512a:	80 91 01 06 	lds	r24, 0x0601	; 0x800601 <menumode>
    512e:	81 11       	cpse	r24, r1
    5130:	29 c0       	rjmp	.+82     	; 0x5184 <main+0xbaa>
/home/jgalera/develop/arduino/usdx/usdx_plus_orange/usdx_plus_orange.ino:532
#ifdef CW_DECODER
    if (cw_event) {
    5132:	80 91 11 06 	lds	r24, 0x0611	; 0x800611 <cw_event>
    5136:	88 23       	and	r24, r24
    5138:	09 f4       	brne	.+2      	; 0x513c <main+0xb62>
    513a:	58 c0       	rjmp	.+176    	; 0x51ec <main+0xc12>
/home/jgalera/develop/arduino/usdx/usdx_plus_orange/usdx_plus_orange.ino:533
      uint8_t offset = (uint8_t[]){
    513c:	87 e0       	ldi	r24, 0x07	; 7
    513e:	ef ed       	ldi	r30, 0xDF	; 223
    5140:	f1 e0       	ldi	r31, 0x01	; 1
    5142:	de 01       	movw	r26, r28
    5144:	11 96       	adiw	r26, 0x01	; 1
    5146:	01 90       	ld	r0, Z+
    5148:	0d 92       	st	X+, r0
    514a:	8a 95       	dec	r24
    514c:	e1 f7       	brne	.-8      	; 0x5146 <main+0xb6c>
/home/jgalera/develop/arduino/usdx/usdx_plus_orange/usdx_plus_orange.ino:534
          0, 7, 3, 5, 3, 7, 8}[smode]; // depending on smeter more/less cw-text
    514e:	e0 91 ca 01 	lds	r30, 0x01CA	; 0x8001ca <smode>
    5152:	81 e0       	ldi	r24, 0x01	; 1
    5154:	90 e0       	ldi	r25, 0x00	; 0
    5156:	8c 0f       	add	r24, r28
    5158:	9d 1f       	adc	r25, r29
    515a:	8e 0f       	add	r24, r30
    515c:	91 1d       	adc	r25, r1
    515e:	fc 01       	movw	r30, r24
    5160:	10 81       	ld	r17, Z
/home/jgalera/develop/arduino/usdx/usdx_plus_orange/usdx_plus_orange.ino:535
      lcd.noCursor();
    5162:	0e 94 c0 08 	call	0x1180	; 0x1180 <LCD::noCursor() [clone .constprop.50]>
/home/jgalera/develop/arduino/usdx/usdx_plus_orange/usdx_plus_orange.ino:555
      } else
        cw_event = false; // since an oled string write would hold-up reliable
                          // decoding/keying, write only a single char each time
                          // and continue
#else
      cw_event = false;
    5166:	10 92 11 06 	sts	0x0611, r1	; 0x800611 <cw_event>
setCursor():
/home/jgalera/develop/arduino/usdx/usdx_plus_orange/src/driver/display.cpp:430
    516a:	80 e8       	ldi	r24, 0x80	; 128
    516c:	0e 94 b5 08 	call	0x116a	; 0x116a <LCD::cmd(unsigned char) [clone .constprop.54]>
loop():
/home/jgalera/develop/arduino/usdx/usdx_plus_orange/usdx_plus_orange.ino:557
      lcd.setCursor(0, 0);
      lcd.print(out + offset);
    5170:	61 2f       	mov	r22, r17
    5172:	70 e0       	ldi	r23, 0x00	; 0
    5174:	63 53       	subi	r22, 0x33	; 51
    5176:	7e 4f       	sbci	r23, 0xFE	; 254
    5178:	80 ed       	ldi	r24, 0xD0	; 208
    517a:	96 e0       	ldi	r25, 0x06	; 6
    517c:	0e 94 0d 1a 	call	0x341a	; 0x341a <Print::print(char const*)>
/home/jgalera/develop/arduino/usdx/usdx_plus_orange/usdx_plus_orange.ino:559
#endif
      stepsize_showcursor();
    5180:	0e 94 0e 16 	call	0x2c1c	; 0x2c1c <stepsize_showcursor()>
/home/jgalera/develop/arduino/usdx/usdx_plus_orange/usdx_plus_orange.ino:567
      if ((!semi_qsk_timeout) && (!vox_tx))
        smeter();
  }

#ifdef KEYER                                // Keyer
  if (mode == CW && keyer_mode != SINGLE) { // check DIT/DAH keys for CW
    5184:	10 91 cc 01 	lds	r17, 0x01CC	; 0x8001cc <mode>
    5188:	12 30       	cpi	r17, 0x02	; 2
    518a:	29 f4       	brne	.+10     	; 0x5196 <main+0xbbc>
    518c:	80 91 c9 01 	lds	r24, 0x01C9	; 0x8001c9 <keyer_mode>
    5190:	82 30       	cpi	r24, 0x02	; 2
    5192:	09 f0       	breq	.+2      	; 0x5196 <main+0xbbc>
    5194:	8a c1       	rjmp	.+788    	; 0x54aa <main+0xed0>
/home/jgalera/develop/arduino/usdx/usdx_plus_orange/usdx_plus_orange.ino:637

  } else {
#endif // KEYER

#ifdef TX_ENABLE
    uint8_t pin = ((mode == CW) && (keyer_swap)) ? DAH : DIT;
    5196:	80 91 cc 01 	lds	r24, 0x01CC	; 0x8001cc <mode>
    519a:	82 30       	cpi	r24, 0x02	; 2
    519c:	09 f4       	brne	.+2      	; 0x51a0 <main+0xbc6>
    519e:	e2 c2       	rjmp	.+1476   	; 0x5764 <main+0x118a>
main():
    51a0:	1d e0       	ldi	r17, 0x0D	; 13
    51a2:	e6 c2       	rjmp	.+1484   	; 0x5770 <main+0x1196>
loop():
/home/jgalera/develop/arduino/usdx/usdx_plus_orange/usdx_plus_orange.ino:511
        vox_tx = 1;
        switch_rxtx(255);
        // for(;(tx);) wdt_reset();  // while in tx (workaround for RFI feedback
        // related issue) delay(100); tx = 255;
      }
    } else if (!tx) { // VOX activated, no audio detected -> RX
    51a4:	80 91 06 06 	lds	r24, 0x0606	; 0x800606 <tx>
    51a8:	81 11       	cpse	r24, r1
    51aa:	3e cf       	rjmp	.-388    	; 0x5028 <main+0xa4e>
/home/jgalera/develop/arduino/usdx/usdx_plus_orange/usdx_plus_orange.ino:512
      switch_rxtx(0);
    51ac:	0e 94 84 17 	call	0x2f08	; 0x2f08 <switch_rxtx(unsigned char)>
/home/jgalera/develop/arduino/usdx/usdx_plus_orange/usdx_plus_orange.ino:513
      vox_tx = 0;
    51b0:	10 92 07 06 	sts	0x0607, r1	; 0x800607 <vox_tx>
/home/jgalera/develop/arduino/usdx/usdx_plus_orange/usdx_plus_orange.ino:514
      delay(32); // delay(10);
    51b4:	60 e2       	ldi	r22, 0x20	; 32
    51b6:	70 e0       	ldi	r23, 0x00	; 0
    51b8:	80 e0       	ldi	r24, 0x00	; 0
    51ba:	90 e0       	ldi	r25, 0x00	; 0
    51bc:	0e 94 2d 07 	call	0xe5a	; 0xe5a <delay>
    51c0:	33 cf       	rjmp	.-410    	; 0x5028 <main+0xa4e>
cw_decode():
/home/jgalera/develop/arduino/usdx/usdx_plus_orange/src/dsp/dsp.cpp:582
      filteredstate = realstate;
      // dec2();
    }
  } else
    avg +=
        avg /
    51c2:	c7 01       	movw	r24, r14
    51c4:	b6 01       	movw	r22, r12
    51c6:	24 e6       	ldi	r18, 0x64	; 100
    51c8:	30 e0       	ldi	r19, 0x00	; 0
    51ca:	40 e0       	ldi	r20, 0x00	; 0
    51cc:	50 e0       	ldi	r21, 0x00	; 0
    51ce:	0e 94 b7 39 	call	0x736e	; 0x736e <__divmodsi4>
/home/jgalera/develop/arduino/usdx/usdx_plus_orange/src/dsp/dsp.cpp:581
    if (realstate != filteredstate) {
      filteredstate = realstate;
      // dec2();
    }
  } else
    avg +=
    51d2:	c2 0e       	add	r12, r18
    51d4:	d3 1e       	adc	r13, r19
    51d6:	e4 1e       	adc	r14, r20
    51d8:	f5 1e       	adc	r15, r21
    51da:	c0 92 6c 01 	sts	0x016C, r12	; 0x80016c <avg>
    51de:	d0 92 6d 01 	sts	0x016D, r13	; 0x80016d <avg+0x1>
    51e2:	e0 92 6e 01 	sts	0x016E, r14	; 0x80016e <avg+0x2>
    51e6:	f0 92 6f 01 	sts	0x016F, r15	; 0x80016f <avg+0x3>
    51ea:	99 cf       	rjmp	.-206    	; 0x511e <main+0xb44>
loop():
/home/jgalera/develop/arduino/usdx/usdx_plus_orange/usdx_plus_orange.ino:562
      lcd.print(out + offset);
#endif
      stepsize_showcursor();
    } else
#endif // CW_DECODER
      if ((!semi_qsk_timeout) && (!vox_tx))
    51ec:	80 91 02 06 	lds	r24, 0x0602	; 0x800602 <semi_qsk_timeout>
    51f0:	90 91 03 06 	lds	r25, 0x0603	; 0x800603 <semi_qsk_timeout+0x1>
    51f4:	a0 91 04 06 	lds	r26, 0x0604	; 0x800604 <semi_qsk_timeout+0x2>
    51f8:	b0 91 05 06 	lds	r27, 0x0605	; 0x800605 <semi_qsk_timeout+0x3>
    51fc:	89 2b       	or	r24, r25
    51fe:	8a 2b       	or	r24, r26
    5200:	8b 2b       	or	r24, r27
    5202:	09 f0       	breq	.+2      	; 0x5206 <main+0xc2c>
    5204:	bf cf       	rjmp	.-130    	; 0x5184 <main+0xbaa>
    5206:	80 91 07 06 	lds	r24, 0x0607	; 0x800607 <vox_tx>
    520a:	81 11       	cpse	r24, r1
    520c:	bb cf       	rjmp	.-138    	; 0x5184 <main+0xbaa>
_Z3maxIVmmEDTqultfp0_fp_fp0_fp_ERKT_RKT0_():
/home/jgalera/.arduino15/packages/MiniCore/hardware/avr/3.1.1/cores/MCUdude_corefiles/Arduino.h:320
	}

	template<class T, class L>
	auto max(const T& a, const L& b) -> decltype((b < a) ? b : a) {
		return (a < b) ? b : a;
    520e:	80 91 d9 05 	lds	r24, 0x05D9	; 0x8005d9 <_absavg256>
    5212:	90 91 da 05 	lds	r25, 0x05DA	; 0x8005da <_absavg256+0x1>
    5216:	a0 91 db 05 	lds	r26, 0x05DB	; 0x8005db <_absavg256+0x2>
    521a:	b0 91 dc 05 	lds	r27, 0x05DC	; 0x8005dc <_absavg256+0x3>
    521e:	20 91 d5 05 	lds	r18, 0x05D5	; 0x8005d5 <max_absavg256>
    5222:	30 91 d6 05 	lds	r19, 0x05D6	; 0x8005d6 <max_absavg256+0x1>
    5226:	40 91 d7 05 	lds	r20, 0x05D7	; 0x8005d7 <max_absavg256+0x2>
    522a:	50 91 d8 05 	lds	r21, 0x05D8	; 0x8005d8 <max_absavg256+0x3>
    522e:	82 17       	cp	r24, r18
    5230:	93 07       	cpc	r25, r19
    5232:	a4 07       	cpc	r26, r20
    5234:	b5 07       	cpc	r27, r21
    5236:	40 f0       	brcs	.+16     	; 0x5248 <main+0xc6e>
main():
    5238:	20 91 d9 05 	lds	r18, 0x05D9	; 0x8005d9 <_absavg256>
    523c:	30 91 da 05 	lds	r19, 0x05DA	; 0x8005da <_absavg256+0x1>
    5240:	40 91 db 05 	lds	r20, 0x05DB	; 0x8005db <_absavg256+0x2>
    5244:	50 91 dc 05 	lds	r21, 0x05DC	; 0x8005dc <_absavg256+0x3>
smeter():
/home/jgalera/develop/arduino/usdx/usdx_plus_orange/src/core/core.cpp:187
}

static int16_t smeter_cnt = 0;

int16_t smeter(int16_t ref) {
  max_absavg256 = max(_absavg256, max_absavg256);
    5248:	20 93 d5 05 	sts	0x05D5, r18	; 0x8005d5 <max_absavg256>
    524c:	30 93 d6 05 	sts	0x05D6, r19	; 0x8005d6 <max_absavg256+0x1>
    5250:	40 93 d7 05 	sts	0x05D7, r20	; 0x8005d7 <max_absavg256+0x2>
    5254:	50 93 d8 05 	sts	0x05D8, r21	; 0x8005d8 <max_absavg256+0x3>
/home/jgalera/develop/arduino/usdx/usdx_plus_orange/src/core/core.cpp:189

  if ((smode) && ((++smeter_cnt % 2048) == 0)) {
    5258:	80 91 ca 01 	lds	r24, 0x01CA	; 0x8001ca <smode>
    525c:	88 23       	and	r24, r24
    525e:	09 f4       	brne	.+2      	; 0x5262 <main+0xc88>
    5260:	91 cf       	rjmp	.-222    	; 0x5184 <main+0xbaa>
    5262:	80 91 d3 05 	lds	r24, 0x05D3	; 0x8005d3 <smeter_cnt>
    5266:	90 91 d4 05 	lds	r25, 0x05D4	; 0x8005d4 <smeter_cnt+0x1>
    526a:	01 96       	adiw	r24, 0x01	; 1
    526c:	90 93 d4 05 	sts	0x05D4, r25	; 0x8005d4 <smeter_cnt+0x1>
    5270:	80 93 d3 05 	sts	0x05D3, r24	; 0x8005d3 <smeter_cnt>
    5274:	97 70       	andi	r25, 0x07	; 7
    5276:	89 2b       	or	r24, r25
    5278:	09 f0       	breq	.+2      	; 0x527c <main+0xca2>
    527a:	84 cf       	rjmp	.-248    	; 0x5184 <main+0xbaa>
log10_fix():
/home/jgalera/develop/arduino/usdx/usdx_plus_orange/src/core/core.cpp:173
int16_t dbm;

const uint16_t log10_lut[] = {0, 301, 477, 602, 699, 778, 845, 903, 954};

int32_t log10_fix(uint32_t n) {
  if (n == 0)
    527c:	21 15       	cp	r18, r1
    527e:	31 05       	cpc	r19, r1
    5280:	41 05       	cpc	r20, r1
    5282:	51 05       	cpc	r21, r1
    5284:	09 f4       	brne	.+2      	; 0x5288 <main+0xcae>
    5286:	f6 c0       	rjmp	.+492    	; 0x5474 <main+0xe9a>
main():
/home/jgalera/develop/arduino/usdx/usdx_plus_orange/src/core/core.cpp:175
    return -32768;
  int32_t l = 0;
    5288:	c1 2c       	mov	r12, r1
    528a:	d1 2c       	mov	r13, r1
    528c:	76 01       	movw	r14, r12
log10_fix():
/home/jgalera/develop/arduino/usdx/usdx_plus_orange/src/core/core.cpp:177
  uint32_t n_copy = n;
  while (n_copy >= 10) {
    528e:	2a 30       	cpi	r18, 0x0A	; 10
    5290:	31 05       	cpc	r19, r1
    5292:	41 05       	cpc	r20, r1
    5294:	51 05       	cpc	r21, r1
    5296:	60 f0       	brcs	.+24     	; 0x52b0 <main+0xcd6>
/home/jgalera/develop/arduino/usdx/usdx_plus_orange/src/core/core.cpp:178
    n_copy /= 10;
    5298:	ca 01       	movw	r24, r20
    529a:	b9 01       	movw	r22, r18
    529c:	a3 01       	movw	r20, r6
    529e:	92 01       	movw	r18, r4
    52a0:	0e 94 95 39 	call	0x732a	; 0x732a <__udivmodsi4>
/home/jgalera/develop/arduino/usdx/usdx_plus_orange/src/core/core.cpp:179
    l++;
    52a4:	9f ef       	ldi	r25, 0xFF	; 255
    52a6:	c9 1a       	sub	r12, r25
    52a8:	d9 0a       	sbc	r13, r25
    52aa:	e9 0a       	sbc	r14, r25
    52ac:	f9 0a       	sbc	r15, r25
    52ae:	ef cf       	rjmp	.-34     	; 0x528e <main+0xcb4>
smeter():
/home/jgalera/develop/arduino/usdx/usdx_plus_orange/src/core/core.cpp:194
  if ((smode) && ((++smeter_cnt % 2048) == 0)) {
    int32_t log_val = log10_fix(max_absavg256);
    if (log_val > -32768) {
      int32_t dbm_scaled;
      if (dsp_cap == SDR) {
        dbm_scaled = (20 * log_val) / 1000 + 6 * att2 - 185;
    52b0:	10 91 71 01 	lds	r17, 0x0171	; 0x800171 <att2>
log10_fix():
/home/jgalera/develop/arduino/usdx/usdx_plus_orange/src/core/core.cpp:181
  uint32_t n_copy = n;
  while (n_copy >= 10) {
    n_copy /= 10;
    l++;
  }
  return l * 1000 + log10_lut[n_copy - 1];
    52b4:	21 50       	subi	r18, 0x01	; 1
    52b6:	31 09       	sbc	r19, r1
    52b8:	41 09       	sbc	r20, r1
    52ba:	51 09       	sbc	r21, r1
    52bc:	22 0f       	add	r18, r18
    52be:	33 1f       	adc	r19, r19
    52c0:	2a 51       	subi	r18, 0x1A	; 26
    52c2:	3e 4f       	sbci	r19, 0xFE	; 254
    52c4:	d9 01       	movw	r26, r18
    52c6:	ed 91       	ld	r30, X+
    52c8:	fc 91       	ld	r31, X
    52ca:	a8 ee       	ldi	r26, 0xE8	; 232
    52cc:	b3 e0       	ldi	r27, 0x03	; 3
    52ce:	a7 01       	movw	r20, r14
    52d0:	96 01       	movw	r18, r12
    52d2:	0e 94 fa 39 	call	0x73f4	; 0x73f4 <__muluhisi3>
    52d6:	6e 0f       	add	r22, r30
    52d8:	7f 1f       	adc	r23, r31
    52da:	81 1d       	adc	r24, r1
    52dc:	91 1d       	adc	r25, r1
smeter():
/home/jgalera/develop/arduino/usdx/usdx_plus_orange/src/core/core.cpp:194
  if ((smode) && ((++smeter_cnt % 2048) == 0)) {
    int32_t log_val = log10_fix(max_absavg256);
    if (log_val > -32768) {
      int32_t dbm_scaled;
      if (dsp_cap == SDR) {
        dbm_scaled = (20 * log_val) / 1000 + 6 * att2 - 185;
    52de:	22 e3       	ldi	r18, 0x32	; 50
    52e0:	30 e0       	ldi	r19, 0x00	; 0
    52e2:	40 e0       	ldi	r20, 0x00	; 0
    52e4:	50 e0       	ldi	r21, 0x00	; 0
    52e6:	0e 94 b7 39 	call	0x736e	; 0x736e <__divmodsi4>
    52ea:	b6 e0       	ldi	r27, 0x06	; 6
    52ec:	1b 9f       	mul	r17, r27
    52ee:	c0 01       	movw	r24, r0
    52f0:	11 24       	eor	r1, r1
    52f2:	09 2e       	mov	r0, r25
    52f4:	00 0c       	add	r0, r0
    52f6:	aa 0b       	sbc	r26, r26
    52f8:	bb 0b       	sbc	r27, r27
    52fa:	82 0f       	add	r24, r18
    52fc:	93 1f       	adc	r25, r19
    52fe:	a4 1f       	adc	r26, r20
    5300:	b5 1f       	adc	r27, r21
    5302:	9c 01       	movw	r18, r24
    5304:	ad 01       	movw	r20, r26
    5306:	29 5b       	subi	r18, 0xB9	; 185
    5308:	31 09       	sbc	r19, r1
    530a:	41 09       	sbc	r20, r1
    530c:	51 09       	sbc	r21, r1
/home/jgalera/develop/arduino/usdx/usdx_plus_orange/src/core/core.cpp:198
      } else {
        dbm_scaled = (20 * log_val) / 1000 + 6 * att2 - 176;
      }
      dbm = dbm_scaled - ref;
    530e:	30 93 d2 05 	sts	0x05D2, r19	; 0x8005d2 <dbm+0x1>
    5312:	20 93 d1 05 	sts	0x05D1, r18	; 0x8005d1 <dbm>
/home/jgalera/develop/arduino/usdx/usdx_plus_orange/src/core/core.cpp:203
    } else {
      dbm = -127 - ref;
    }

    lcd.noCursor();
    5316:	0e 94 c0 08 	call	0x1180	; 0x1180 <LCD::noCursor() [clone .constprop.50]>
/home/jgalera/develop/arduino/usdx/usdx_plus_orange/src/core/core.cpp:204
    if (smode == 1) {
    531a:	80 91 ca 01 	lds	r24, 0x01CA	; 0x8001ca <smode>
    531e:	81 30       	cpi	r24, 0x01	; 1
    5320:	79 f4       	brne	.+30     	; 0x5340 <main+0xd66>
setCursor():
/home/jgalera/develop/arduino/usdx/usdx_plus_orange/src/driver/display.cpp:430
    5322:	89 e8       	ldi	r24, 0x89	; 137
    5324:	0e 94 b5 08 	call	0x116a	; 0x116a <LCD::cmd(unsigned char) [clone .constprop.54]>
smeter():
/home/jgalera/develop/arduino/usdx/usdx_plus_orange/src/core/core.cpp:206
      lcd.setCursor(9, 0);
      lcd.print((int16_t)dbm);
    5328:	60 91 d1 05 	lds	r22, 0x05D1	; 0x8005d1 <dbm>
    532c:	70 91 d2 05 	lds	r23, 0x05D2	; 0x8005d2 <dbm+0x1>
    5330:	80 ed       	ldi	r24, 0xD0	; 208
    5332:	96 e0       	ldi	r25, 0x06	; 6
    5334:	0e 94 cf 19 	call	0x339e	; 0x339e <Print::print(int, int) [clone .constprop.58]>
/home/jgalera/develop/arduino/usdx/usdx_plus_orange/src/core/core.cpp:207
      lcd.print(F("dBm "));
    5338:	89 ef       	ldi	r24, 0xF9	; 249
    533a:	91 e0       	ldi	r25, 0x01	; 1
    533c:	0e 94 5f 15 	call	0x2abe	; 0x2abe <Print::print(__FlashStringHelper const*) [clone .constprop.60]>
/home/jgalera/develop/arduino/usdx/usdx_plus_orange/src/core/core.cpp:209
    }
    if (smode == 2) {
    5340:	80 91 ca 01 	lds	r24, 0x01CA	; 0x8001ca <smode>
    5344:	82 30       	cpi	r24, 0x02	; 2
    5346:	19 f5       	brne	.+70     	; 0x538e <main+0xdb4>
/home/jgalera/develop/arduino/usdx/usdx_plus_orange/src/core/core.cpp:211
      uint8_t s =
          (dbm < -63) ? ((dbm - -127) / 6) : (((uint8_t)(dbm - -73)) / 10) * 10;
    5348:	80 91 d1 05 	lds	r24, 0x05D1	; 0x8005d1 <dbm>
    534c:	90 91 d2 05 	lds	r25, 0x05D2	; 0x8005d2 <dbm+0x1>
/home/jgalera/develop/arduino/usdx/usdx_plus_orange/src/core/core.cpp:210
      lcd.setCursor(9, 0);
      lcd.print((int16_t)dbm);
      lcd.print(F("dBm "));
    }
    if (smode == 2) {
      uint8_t s =
    5350:	81 3c       	cpi	r24, 0xC1	; 193
    5352:	ef ef       	ldi	r30, 0xFF	; 255
    5354:	9e 07       	cpc	r25, r30
    5356:	0c f0       	brlt	.+2      	; 0x535a <main+0xd80>
    5358:	94 c0       	rjmp	.+296    	; 0x5482 <main+0xea8>
/home/jgalera/develop/arduino/usdx/usdx_plus_orange/src/core/core.cpp:211
          (dbm < -63) ? ((dbm - -127) / 6) : (((uint8_t)(dbm - -73)) / 10) * 10;
    535a:	81 58       	subi	r24, 0x81	; 129
    535c:	9f 4f       	sbci	r25, 0xFF	; 255
    535e:	66 e0       	ldi	r22, 0x06	; 6
    5360:	70 e0       	ldi	r23, 0x00	; 0
    5362:	0e 94 81 39 	call	0x7302	; 0x7302 <__divmodhi4>
/home/jgalera/develop/arduino/usdx/usdx_plus_orange/src/core/core.cpp:210
      lcd.setCursor(9, 0);
      lcd.print((int16_t)dbm);
      lcd.print(F("dBm "));
    }
    if (smode == 2) {
      uint8_t s =
    5366:	16 2f       	mov	r17, r22
setCursor():
/home/jgalera/develop/arduino/usdx/usdx_plus_orange/src/driver/display.cpp:430
    5368:	8e e8       	ldi	r24, 0x8E	; 142
    536a:	0e 94 b5 08 	call	0x116a	; 0x116a <LCD::cmd(unsigned char) [clone .constprop.54]>
smeter():
/home/jgalera/develop/arduino/usdx/usdx_plus_orange/src/core/core.cpp:213
          (dbm < -63) ? ((dbm - -127) / 6) : (((uint8_t)(dbm - -73)) / 10) * 10;
      lcd.setCursor(14, 0);
      if (s < 10)
    536e:	1a 30       	cpi	r17, 0x0A	; 10
    5370:	28 f4       	brcc	.+10     	; 0x537c <main+0xda2>
/home/jgalera/develop/arduino/usdx/usdx_plus_orange/src/core/core.cpp:214
        lcd.print('S');
    5372:	63 e5       	ldi	r22, 0x53	; 83
    5374:	80 ed       	ldi	r24, 0xD0	; 208
    5376:	96 e0       	ldi	r25, 0x06	; 6
    5378:	0e 94 6c 07 	call	0xed8	; 0xed8 <Print::print(char)>
print():
/home/jgalera/.arduino15/packages/MiniCore/hardware/avr/3.1.1/cores/MCUdude_corefiles/Print.cpp:74
  return write(c);
}

size_t Print::print(unsigned char b, int base)
{
  return print((unsigned long) b, base);
    537c:	41 2f       	mov	r20, r17
    537e:	50 e0       	ldi	r21, 0x00	; 0
    5380:	70 e0       	ldi	r23, 0x00	; 0
    5382:	60 e0       	ldi	r22, 0x00	; 0
/home/jgalera/.arduino15/packages/MiniCore/hardware/avr/3.1.1/cores/MCUdude_corefiles/Print.cpp:106
}

size_t Print::print(unsigned long n, int base)
{
  if (base == 0) return write(n);
  else return printNumber(n, base);
    5384:	2a e0       	ldi	r18, 0x0A	; 10
    5386:	80 ed       	ldi	r24, 0xD0	; 208
    5388:	96 e0       	ldi	r25, 0x06	; 6
    538a:	0e 94 51 19 	call	0x32a2	; 0x32a2 <Print::printNumber(unsigned long, unsigned char)>
smeter():
/home/jgalera/develop/arduino/usdx/usdx_plus_orange/src/core/core.cpp:217
      lcd.print(s);
    }
    if (smode == 3) {
    538e:	80 91 ca 01 	lds	r24, 0x01CA	; 0x8001ca <smode>
    5392:	83 30       	cpi	r24, 0x03	; 3
    5394:	e9 f5       	brne	.+122    	; 0x5410 <main+0xe36>
/home/jgalera/develop/arduino/usdx/usdx_plus_orange/src/core/core.cpp:219
      int8_t s =
          (dbm < -63) ? ((dbm - -127) / 6) : (((uint8_t)(dbm - -73)) / 10) * 10;
    5396:	80 91 d1 05 	lds	r24, 0x05D1	; 0x8005d1 <dbm>
    539a:	90 91 d2 05 	lds	r25, 0x05D2	; 0x8005d2 <dbm+0x1>
/home/jgalera/develop/arduino/usdx/usdx_plus_orange/src/core/core.cpp:218
      if (s < 10)
        lcd.print('S');
      lcd.print(s);
    }
    if (smode == 3) {
      int8_t s =
    539e:	81 3c       	cpi	r24, 0xC1	; 193
    53a0:	ff ef       	ldi	r31, 0xFF	; 255
    53a2:	9f 07       	cpc	r25, r31
    53a4:	0c f0       	brlt	.+2      	; 0x53a8 <main+0xdce>
    53a6:	76 c0       	rjmp	.+236    	; 0x5494 <main+0xeba>
/home/jgalera/develop/arduino/usdx/usdx_plus_orange/src/core/core.cpp:219
          (dbm < -63) ? ((dbm - -127) / 6) : (((uint8_t)(dbm - -73)) / 10) * 10;
    53a8:	81 58       	subi	r24, 0x81	; 129
    53aa:	9f 4f       	sbci	r25, 0xFF	; 255
    53ac:	66 e0       	ldi	r22, 0x06	; 6
    53ae:	70 e0       	ldi	r23, 0x00	; 0
    53b0:	0e 94 81 39 	call	0x7302	; 0x7302 <__divmodhi4>
    53b4:	fe 01       	movw	r30, r28
    53b6:	31 96       	adiw	r30, 0x01	; 1
    53b8:	74 ef       	ldi	r23, 0xF4	; 244
    53ba:	76 0f       	add	r23, r22
    53bc:	8f 01       	movw	r16, r30
/home/jgalera/develop/arduino/usdx/usdx_plus_orange/src/core/core.cpp:222
      char tmp[5];
      for (uint8_t i = 0; i != 4; i++) {
        tmp[i] = max(2, min(5, s + 1));
    53be:	25 e0       	ldi	r18, 0x05	; 5
    53c0:	30 e0       	ldi	r19, 0x00	; 0
    53c2:	42 e0       	ldi	r20, 0x02	; 2
    53c4:	50 e0       	ldi	r21, 0x00	; 0
    53c6:	86 2f       	mov	r24, r22
    53c8:	06 2e       	mov	r0, r22
    53ca:	00 0c       	add	r0, r0
    53cc:	99 0b       	sbc	r25, r25
    53ce:	01 96       	adiw	r24, 0x01	; 1
    53d0:	9e 87       	std	Y+14, r25	; 0x0e
    53d2:	8d 87       	std	Y+13, r24	; 0x0d
    53d4:	3c 87       	std	Y+12, r19	; 0x0c
    53d6:	2b 87       	std	Y+11, r18	; 0x0b
main():
/home/jgalera/.arduino15/packages/MiniCore/hardware/avr/3.1.1/cores/MCUdude_corefiles/Arduino.h:315
		return x > 0 ? x : -x;
	}

	template<class T, class L>
	auto min(const T& a, const L& b) -> decltype((b < a) ? b : a) {
		return (b < a) ? b : a;
    53d8:	de 01       	movw	r26, r28
_Z3minIiiEDTqultfp0_fp_fp0_fp_ERKT_RKT0_():
    53da:	05 97       	sbiw	r24, 0x05	; 5
    53dc:	0c f0       	brlt	.+2      	; 0x53e0 <main+0xe06>
    53de:	63 c0       	rjmp	.+198    	; 0x54a6 <main+0xecc>
main():
    53e0:	1d 96       	adiw	r26, 0x0d	; 13
smeter():
/home/jgalera/develop/arduino/usdx/usdx_plus_orange/src/core/core.cpp:222
    53e2:	5a 87       	std	Y+10, r21	; 0x0a
    53e4:	49 87       	std	Y+9, r20	; 0x09
_Z3maxIiiEDTqultfp0_fp_fp0_fp_ERKT_RKT0_():
/home/jgalera/.arduino15/packages/MiniCore/hardware/avr/3.1.1/cores/MCUdude_corefiles/Arduino.h:320
	}

	template<class T, class L>
	auto max(const T& a, const L& b) -> decltype((b < a) ? b : a) {
		return (a < b) ? b : a;
    53e6:	8d 91       	ld	r24, X+
    53e8:	9c 91       	ld	r25, X
    53ea:	11 97       	sbiw	r26, 0x01	; 1
    53ec:	03 97       	sbiw	r24, 0x03	; 3
    53ee:	14 f4       	brge	.+4      	; 0x53f4 <main+0xe1a>
main():
    53f0:	de 01       	movw	r26, r28
    53f2:	19 96       	adiw	r26, 0x09	; 9
smeter():
/home/jgalera/develop/arduino/usdx/usdx_plus_orange/src/core/core.cpp:222
    53f4:	8c 91       	ld	r24, X
    53f6:	81 93       	st	Z+, r24
    53f8:	63 50       	subi	r22, 0x03	; 3
/home/jgalera/develop/arduino/usdx/usdx_plus_orange/src/core/core.cpp:221
    }
    if (smode == 3) {
      int8_t s =
          (dbm < -63) ? ((dbm - -127) / 6) : (((uint8_t)(dbm - -73)) / 10) * 10;
      char tmp[5];
      for (uint8_t i = 0; i != 4; i++) {
    53fa:	76 13       	cpse	r23, r22
    53fc:	e4 cf       	rjmp	.-56     	; 0x53c6 <main+0xdec>
/home/jgalera/develop/arduino/usdx/usdx_plus_orange/src/core/core.cpp:225
        tmp[i] = max(2, min(5, s + 1));
        s = s - 3;
      }
      tmp[4] = 0;
    53fe:	1d 82       	std	Y+5, r1	; 0x05
setCursor():
/home/jgalera/develop/arduino/usdx/usdx_plus_orange/src/driver/display.cpp:430
    5400:	8c e8       	ldi	r24, 0x8C	; 140
    5402:	0e 94 b5 08 	call	0x116a	; 0x116a <LCD::cmd(unsigned char) [clone .constprop.54]>
smeter():
/home/jgalera/develop/arduino/usdx/usdx_plus_orange/src/core/core.cpp:227
      lcd.setCursor(12, 0);
      lcd.print(tmp);
    5406:	b8 01       	movw	r22, r16
    5408:	80 ed       	ldi	r24, 0xD0	; 208
    540a:	96 e0       	ldi	r25, 0x06	; 6
    540c:	0e 94 0d 1a 	call	0x341a	; 0x341a <Print::print(char const*)>
/home/jgalera/develop/arduino/usdx/usdx_plus_orange/src/core/core.cpp:230
    }
#ifdef CW_DECODER
    if (smode == 4) {
    5410:	80 91 ca 01 	lds	r24, 0x01CA	; 0x8001ca <smode>
    5414:	84 30       	cpi	r24, 0x04	; 4
    5416:	b9 f4       	brne	.+46     	; 0x5446 <main+0xe6c>
setCursor():
/home/jgalera/develop/arduino/usdx/usdx_plus_orange/src/driver/display.cpp:430
    5418:	8e e8       	ldi	r24, 0x8E	; 142
    541a:	0e 94 b5 08 	call	0x116a	; 0x116a <LCD::cmd(unsigned char) [clone .constprop.54]>
smeter():
/home/jgalera/develop/arduino/usdx/usdx_plus_orange/src/core/core.cpp:232
      lcd.setCursor(14, 0);
      if (mode == CW)
    541e:	80 91 cc 01 	lds	r24, 0x01CC	; 0x8001cc <mode>
    5422:	82 30       	cpi	r24, 0x02	; 2
    5424:	51 f4       	brne	.+20     	; 0x543a <main+0xe60>
print():
/home/jgalera/.arduino15/packages/MiniCore/hardware/avr/3.1.1/cores/MCUdude_corefiles/Print.cpp:74
  return write(c);
}

size_t Print::print(unsigned char b, int base)
{
  return print((unsigned long) b, base);
    5426:	40 91 70 01 	lds	r20, 0x0170	; 0x800170 <wpm>
    542a:	50 e0       	ldi	r21, 0x00	; 0
    542c:	70 e0       	ldi	r23, 0x00	; 0
    542e:	60 e0       	ldi	r22, 0x00	; 0
/home/jgalera/.arduino15/packages/MiniCore/hardware/avr/3.1.1/cores/MCUdude_corefiles/Print.cpp:106
}

size_t Print::print(unsigned long n, int base)
{
  if (base == 0) return write(n);
  else return printNumber(n, base);
    5430:	2a e0       	ldi	r18, 0x0A	; 10
    5432:	80 ed       	ldi	r24, 0xD0	; 208
    5434:	96 e0       	ldi	r25, 0x06	; 6
    5436:	0e 94 51 19 	call	0x32a2	; 0x32a2 <Print::printNumber(unsigned long, unsigned char)>
smeter():
/home/jgalera/develop/arduino/usdx/usdx_plus_orange/src/core/core.cpp:234
        lcd.print(wpm);
      lcd.print("  ");
    543a:	68 ef       	ldi	r22, 0xF8	; 248
    543c:	72 e0       	ldi	r23, 0x02	; 2
    543e:	80 ed       	ldi	r24, 0xD0	; 208
    5440:	96 e0       	ldi	r25, 0x06	; 6
    5442:	0e 94 0d 1a 	call	0x341a	; 0x341a <Print::print(char const*)>
/home/jgalera/develop/arduino/usdx/usdx_plus_orange/src/core/core.cpp:267
      lcd.print(s / 10);
      lcd.print(s % 10);
      lcd.print("  ");
    }
#endif
    stepsize_showcursor();
    5446:	0e 94 0e 16 	call	0x2c1c	; 0x2c1c <stepsize_showcursor()>
/home/jgalera/develop/arduino/usdx/usdx_plus_orange/src/core/core.cpp:268
    max_absavg256 /= 2;
    544a:	80 91 d5 05 	lds	r24, 0x05D5	; 0x8005d5 <max_absavg256>
    544e:	90 91 d6 05 	lds	r25, 0x05D6	; 0x8005d6 <max_absavg256+0x1>
    5452:	a0 91 d7 05 	lds	r26, 0x05D7	; 0x8005d7 <max_absavg256+0x2>
    5456:	b0 91 d8 05 	lds	r27, 0x05D8	; 0x8005d8 <max_absavg256+0x3>
    545a:	b6 95       	lsr	r27
    545c:	a7 95       	ror	r26
    545e:	97 95       	ror	r25
    5460:	87 95       	ror	r24
    5462:	80 93 d5 05 	sts	0x05D5, r24	; 0x8005d5 <max_absavg256>
    5466:	90 93 d6 05 	sts	0x05D6, r25	; 0x8005d6 <max_absavg256+0x1>
    546a:	a0 93 d7 05 	sts	0x05D7, r26	; 0x8005d7 <max_absavg256+0x2>
    546e:	b0 93 d8 05 	sts	0x05D8, r27	; 0x8005d8 <max_absavg256+0x3>
    5472:	88 ce       	rjmp	.-752    	; 0x5184 <main+0xbaa>
/home/jgalera/develop/arduino/usdx/usdx_plus_orange/src/core/core.cpp:200
      } else {
        dbm_scaled = (20 * log_val) / 1000 + 6 * att2 - 176;
      }
      dbm = dbm_scaled - ref;
    } else {
      dbm = -127 - ref;
    5474:	81 e8       	ldi	r24, 0x81	; 129
    5476:	9f ef       	ldi	r25, 0xFF	; 255
    5478:	90 93 d2 05 	sts	0x05D2, r25	; 0x8005d2 <dbm+0x1>
    547c:	80 93 d1 05 	sts	0x05D1, r24	; 0x8005d1 <dbm>
    5480:	4a cf       	rjmp	.-364    	; 0x5316 <main+0xd3c>
/home/jgalera/develop/arduino/usdx/usdx_plus_orange/src/core/core.cpp:211
      lcd.print((int16_t)dbm);
      lcd.print(F("dBm "));
    }
    if (smode == 2) {
      uint8_t s =
          (dbm < -63) ? ((dbm - -127) / 6) : (((uint8_t)(dbm - -73)) / 10) * 10;
    5482:	87 5b       	subi	r24, 0xB7	; 183
    5484:	1a e0       	ldi	r17, 0x0A	; 10
    5486:	61 2f       	mov	r22, r17
    5488:	0e 94 61 39 	call	0x72c2	; 0x72c2 <__udivmodqi4>
/home/jgalera/develop/arduino/usdx/usdx_plus_orange/src/core/core.cpp:210
      lcd.setCursor(9, 0);
      lcd.print((int16_t)dbm);
      lcd.print(F("dBm "));
    }
    if (smode == 2) {
      uint8_t s =
    548c:	81 9f       	mul	r24, r17
    548e:	10 2d       	mov	r17, r0
    5490:	11 24       	eor	r1, r1
    5492:	6a cf       	rjmp	.-300    	; 0x5368 <main+0xd8e>
/home/jgalera/develop/arduino/usdx/usdx_plus_orange/src/core/core.cpp:219
        lcd.print('S');
      lcd.print(s);
    }
    if (smode == 3) {
      int8_t s =
          (dbm < -63) ? ((dbm - -127) / 6) : (((uint8_t)(dbm - -73)) / 10) * 10;
    5494:	87 5b       	subi	r24, 0xB7	; 183
    5496:	2a e0       	ldi	r18, 0x0A	; 10
    5498:	62 2f       	mov	r22, r18
    549a:	0e 94 61 39 	call	0x72c2	; 0x72c2 <__udivmodqi4>
/home/jgalera/develop/arduino/usdx/usdx_plus_orange/src/core/core.cpp:218
      if (s < 10)
        lcd.print('S');
      lcd.print(s);
    }
    if (smode == 3) {
      int8_t s =
    549e:	82 9f       	mul	r24, r18
    54a0:	60 2d       	mov	r22, r0
    54a2:	11 24       	eor	r1, r1
    54a4:	87 cf       	rjmp	.-242    	; 0x53b4 <main+0xdda>
main():
/home/jgalera/.arduino15/packages/MiniCore/hardware/avr/3.1.1/cores/MCUdude_corefiles/Arduino.h:315
		return x > 0 ? x : -x;
	}

	template<class T, class L>
	auto min(const T& a, const L& b) -> decltype((b < a) ? b : a) {
		return (b < a) ? b : a;
    54a6:	1b 96       	adiw	r26, 0x0b	; 11
    54a8:	9c cf       	rjmp	.-200    	; 0x53e2 <main+0xe08>
loop():
/home/jgalera/develop/arduino/usdx/usdx_plus_orange/usdx_plus_orange.ino:569
  }

#ifdef KEYER                                // Keyer
  if (mode == CW && keyer_mode != SINGLE) { // check DIT/DAH keys for CW

    switch (
    54aa:	80 91 00 06 	lds	r24, 0x0600	; 0x800600 <keyerState>
    54ae:	82 30       	cpi	r24, 0x02	; 2
    54b0:	09 f4       	brne	.+2      	; 0x54b4 <main+0xeda>
    54b2:	e4 c0       	rjmp	.+456    	; 0x567c <main+0x10a2>
    54b4:	08 f0       	brcs	.+2      	; 0x54b8 <main+0xede>
    54b6:	88 c0       	rjmp	.+272    	; 0x55c8 <main+0xfee>
    54b8:	88 23       	and	r24, r24
    54ba:	09 f4       	brne	.+2      	; 0x54be <main+0xee4>
    54bc:	a9 c0       	rjmp	.+338    	; 0x5610 <main+0x1036>
    54be:	81 30       	cpi	r24, 0x01	; 1
    54c0:	09 f4       	brne	.+2      	; 0x54c4 <main+0xeea>
    54c2:	c3 c0       	rjmp	.+390    	; 0x564a <main+0x1070>
/home/jgalera/develop/arduino/usdx/usdx_plus_orange/usdx_plus_orange.ino:668
#ifdef KEYER
  }
#endif // KEYER

#ifdef SEMI_QSK
  if ((semi_qsk_timeout) && (millis() > semi_qsk_timeout)) {
    54c4:	c0 90 02 06 	lds	r12, 0x0602	; 0x800602 <semi_qsk_timeout>
    54c8:	d0 90 03 06 	lds	r13, 0x0603	; 0x800603 <semi_qsk_timeout+0x1>
    54cc:	e0 90 04 06 	lds	r14, 0x0604	; 0x800604 <semi_qsk_timeout+0x2>
    54d0:	f0 90 05 06 	lds	r15, 0x0605	; 0x800605 <semi_qsk_timeout+0x3>
    54d4:	c1 14       	cp	r12, r1
    54d6:	d1 04       	cpc	r13, r1
    54d8:	e1 04       	cpc	r14, r1
    54da:	f1 04       	cpc	r15, r1
    54dc:	51 f0       	breq	.+20     	; 0x54f2 <main+0xf18>
    54de:	0e 94 60 07 	call	0xec0	; 0xec0 <millis>
    54e2:	c6 16       	cp	r12, r22
    54e4:	d7 06       	cpc	r13, r23
    54e6:	e8 06       	cpc	r14, r24
    54e8:	f9 06       	cpc	r15, r25
    54ea:	18 f4       	brcc	.+6      	; 0x54f2 <main+0xf18>
/home/jgalera/develop/arduino/usdx/usdx_plus_orange/usdx_plus_orange.ino:669
    switch_rxtx(0);
    54ec:	80 e0       	ldi	r24, 0x00	; 0
    54ee:	0e 94 84 17 	call	0x2f08	; 0x2f08 <switch_rxtx(unsigned char)>
_digitalRead():
/home/jgalera/develop/arduino/usdx/usdx_plus_orange/src/core/core.cpp:36
                            : 0;
  }
  return digitalRead(pin);
}
#else
uint8_t _digitalRead(uint8_t pin) { return digitalRead(pin); }
    54f2:	81 e1       	ldi	r24, 0x11	; 17
    54f4:	0e 94 55 06 	call	0xcaa	; 0xcaa <digitalRead>
loop():
/home/jgalera/develop/arduino/usdx/usdx_plus_orange/usdx_plus_orange.ino:683
    PL = 0x04,
    PLC = 0x05,
    PT = 0x0C
  }; // button-left, button-right and button-encoder; single-click,
     // double-click, push-long, push-and-turn
  if (inv ^
    54f8:	81 30       	cpi	r24, 0x01	; 1
    54fa:	09 f4       	brne	.+2      	; 0x54fe <main+0xf24>
    54fc:	77 c4       	rjmp	.+2286   	; 0x5dec <main+0x1812>
/home/jgalera/develop/arduino/usdx/usdx_plus_orange/usdx_plus_orange.ino:686
      _digitalRead(
          BUTTONS)) { // Left-/Right-/Rotary-button (while not already pressed)
    if (!((event & PL) ||
    54fe:	80 91 f1 05 	lds	r24, 0x05F1	; 0x8005f1 <event>
    5502:	82 fd       	sbrc	r24, 2
    5504:	05 c0       	rjmp	.+10     	; 0x5510 <main+0xf36>
/home/jgalera/develop/arduino/usdx/usdx_plus_orange/usdx_plus_orange.ino:687
          (event &
    5506:	80 91 f1 05 	lds	r24, 0x05F1	; 0x8005f1 <event>
/home/jgalera/develop/arduino/usdx/usdx_plus_orange/usdx_plus_orange.ino:686
  }; // button-left, button-right and button-encoder; single-click,
     // double-click, push-long, push-and-turn
  if (inv ^
      _digitalRead(
          BUTTONS)) { // Left-/Right-/Rotary-button (while not already pressed)
    if (!((event & PL) ||
    550a:	85 70       	andi	r24, 0x05	; 5
    550c:	09 f4       	brne	.+2      	; 0x5510 <main+0xf36>
    550e:	62 c1       	rjmp	.+708    	; 0x57d4 <main+0x11fa>
/home/jgalera/develop/arduino/usdx/usdx_plus_orange/usdx_plus_orange.ino:737
          : (v < (uint16_t)(4.8 * 1024.0 / 5.0))
              ? BR
              : BE; // determine which button pressed based on threshold levels
    } else {        // hack: fast forward handling
      event =
          (event & 0xf0) |
    5510:	80 91 f1 05 	lds	r24, 0x05F1	; 0x8005f1 <event>
    5514:	80 7f       	andi	r24, 0xF0	; 240
/home/jgalera/develop/arduino/usdx/usdx_plus_orange/usdx_plus_orange.ino:738
          ((encoder_val) ? PT : PLC /*PL*/); // only alternate between
    5516:	90 91 13 06 	lds	r25, 0x0613	; 0x800613 <encoder_val>
/home/jgalera/develop/arduino/usdx/usdx_plus_orange/usdx_plus_orange.ino:737
          : (v < (uint16_t)(4.8 * 1024.0 / 5.0))
              ? BR
              : BE; // determine which button pressed based on threshold levels
    } else {        // hack: fast forward handling
      event =
          (event & 0xf0) |
    551a:	99 23       	and	r25, r25
    551c:	09 f4       	brne	.+2      	; 0x5520 <main+0xf46>
    551e:	d9 c1       	rjmp	.+946    	; 0x58d2 <main+0x12f8>
main():
    5520:	9c e0       	ldi	r25, 0x0C	; 12
loop():
    5522:	89 2b       	or	r24, r25
/home/jgalera/develop/arduino/usdx/usdx_plus_orange/usdx_plus_orange.ino:736
          (v < (uint16_t)(4.2 * 1024.0 / 5.0)) ? BL
          : (v < (uint16_t)(4.8 * 1024.0 / 5.0))
              ? BR
              : BE; // determine which button pressed based on threshold levels
    } else {        // hack: fast forward handling
      event =
    5524:	80 93 f1 05 	sts	0x05F1, r24	; 0x8005f1 <event>
/home/jgalera/develop/arduino/usdx/usdx_plus_orange/usdx_plus_orange.ino:741
          (event & 0xf0) |
          ((encoder_val) ? PT : PLC /*PL*/); // only alternate between
                                             // push-long/turn when applicable
    }
    switch (event) {
    5528:	80 91 f1 05 	lds	r24, 0x05F1	; 0x8005f1 <event>
    552c:	82 32       	cpi	r24, 0x22	; 34
    552e:	09 f4       	brne	.+2      	; 0x5532 <main+0xf58>
    5530:	63 c3       	rjmp	.+1734   	; 0x5bf8 <main+0x161e>
    5532:	08 f0       	brcs	.+2      	; 0x5536 <main+0xf5c>
    5534:	f6 c1       	rjmp	.+1004   	; 0x5922 <main+0x1348>
    5536:	86 31       	cpi	r24, 0x16	; 22
    5538:	08 f0       	brcs	.+2      	; 0x553c <main+0xf62>
    553a:	cd c1       	rjmp	.+922    	; 0x58d6 <main+0x12fc>
    553c:	84 31       	cpi	r24, 0x14	; 20
    553e:	08 f0       	brcs	.+2      	; 0x5542 <main+0xf68>
    5540:	99 c2       	rjmp	.+1330   	; 0x5a74 <main+0x149a>
    5542:	81 31       	cpi	r24, 0x11	; 17
    5544:	09 f4       	brne	.+2      	; 0x5548 <main+0xf6e>
    5546:	9c c2       	rjmp	.+1336   	; 0x5a80 <main+0x14a6>
/home/jgalera/develop/arduino/usdx/usdx_plus_orange/usdx_plus_orange.ino:1109
#endif // ONEBUTTON
    }
  } else
    event = 0; // no button pressed: reset event

  if ((menumode) || (prev_menumode != menumode)) { // Show parameter and value
    5548:	80 91 01 06 	lds	r24, 0x0601	; 0x800601 <menumode>
    554c:	81 11       	cpse	r24, r1
    554e:	07 c0       	rjmp	.+14     	; 0x555e <main+0xf84>
    5550:	90 91 e9 05 	lds	r25, 0x05E9	; 0x8005e9 <prev_menumode>
    5554:	80 91 01 06 	lds	r24, 0x0601	; 0x800601 <menumode>
    5558:	98 17       	cp	r25, r24
    555a:	09 f4       	brne	.+2      	; 0x555e <main+0xf84>
    555c:	86 c5       	rjmp	.+2828   	; 0x606a <main+0x1a90>
/home/jgalera/develop/arduino/usdx/usdx_plus_orange/usdx_plus_orange.ino:1110
    int8_t encoder_change = encoder_val;
    555e:	10 91 13 06 	lds	r17, 0x0613	; 0x800613 <encoder_val>
/home/jgalera/develop/arduino/usdx/usdx_plus_orange/usdx_plus_orange.ino:1111
    if ((menumode == 1) && encoder_change) {
    5562:	80 91 01 06 	lds	r24, 0x0601	; 0x800601 <menumode>
    5566:	81 30       	cpi	r24, 0x01	; 1
    5568:	09 f0       	breq	.+2      	; 0x556c <main+0xf92>
    556a:	46 c4       	rjmp	.+2188   	; 0x5df8 <main+0x181e>
    556c:	11 23       	and	r17, r17
    556e:	09 f4       	brne	.+2      	; 0x5572 <main+0xf98>
    5570:	45 c4       	rjmp	.+2186   	; 0x5dfc <main+0x1822>
/home/jgalera/develop/arduino/usdx/usdx_plus_orange/usdx_plus_orange.ino:1112
      menu += encoder_val; // Navigate through menu
    5572:	90 91 13 06 	lds	r25, 0x0613	; 0x800613 <encoder_val>
    5576:	80 91 f0 05 	lds	r24, 0x05F0	; 0x8005f0 <menu>
    557a:	89 0f       	add	r24, r25
    557c:	80 93 f0 05 	sts	0x05F0, r24	; 0x8005f0 <menu>
_Z3minIVaiEDTqultfp0_fp_fp0_fp_ERKT_RKT0_():
/home/jgalera/.arduino15/packages/MiniCore/hardware/avr/3.1.1/cores/MCUdude_corefiles/Arduino.h:315
    5580:	80 91 f0 05 	lds	r24, 0x05F0	; 0x8005f0 <menu>
    5584:	8d 32       	cpi	r24, 0x2D	; 45
    5586:	0c f0       	brlt	.+2      	; 0x558a <main+0xfb0>
    5588:	34 c4       	rjmp	.+2152   	; 0x5df2 <main+0x1818>
    558a:	80 91 f0 05 	lds	r24, 0x05F0	; 0x8005f0 <menu>
    558e:	08 2e       	mov	r0, r24
    5590:	00 0c       	add	r0, r0
    5592:	99 0b       	sbc	r25, r25
loop():
/home/jgalera/develop/arduino/usdx/usdx_plus_orange/usdx_plus_orange.ino:1116
#ifdef ONEBUTTON
      menu = max(0, min(menu, N_PARAMS));
#else
      menu = max(1 /* 0 */, min(menu, N_PARAMS));
    5594:	18 16       	cp	r1, r24
    5596:	19 06       	cpc	r1, r25
    5598:	14 f0       	brlt	.+4      	; 0x559e <main+0xfc4>
    559a:	81 e0       	ldi	r24, 0x01	; 1
    559c:	90 e0       	ldi	r25, 0x00	; 0
    559e:	80 93 f0 05 	sts	0x05F0, r24	; 0x8005f0 <menu>
/home/jgalera/develop/arduino/usdx/usdx_plus_orange/usdx_plus_orange.ino:1118
#endif
      menu = paramAction(NEXT_MENU,
    55a2:	60 91 f0 05 	lds	r22, 0x05F0	; 0x8005f0 <menu>
    55a6:	82 e0       	ldi	r24, 0x02	; 2
    55a8:	0e 94 b5 1d 	call	0x3b6a	; 0x3b6a <paramAction(unsigned char, unsigned char)>
    55ac:	80 93 f0 05 	sts	0x05F0, r24	; 0x8005f0 <menu>
/home/jgalera/develop/arduino/usdx/usdx_plus_orange/usdx_plus_orange.ino:1120
                         menu); // auto probe next menu item (gaps may exist)
      encoder_val = 0;
    55b0:	10 92 13 06 	sts	0x0613, r1	; 0x800613 <encoder_val>
/home/jgalera/develop/arduino/usdx/usdx_plus_orange/usdx_plus_orange.ino:1126
    }
    if (encoder_change || (prev_menumode != menumode))
      paramAction(UPDATE_MENU,
                  (menumode)
                      ? menu
                      : 0); // update param with encoder change and display
    55b4:	80 91 01 06 	lds	r24, 0x0601	; 0x800601 <menumode>
main():
/home/jgalera/develop/arduino/usdx/usdx_plus_orange/usdx_plus_orange.ino:1123
      menu = paramAction(NEXT_MENU,
                         menu); // auto probe next menu item (gaps may exist)
      encoder_val = 0;
    }
    if (encoder_change || (prev_menumode != menumode))
      paramAction(UPDATE_MENU,
    55b8:	60 e0       	ldi	r22, 0x00	; 0
loop():
    55ba:	81 11       	cpse	r24, r1
    55bc:	60 91 f0 05 	lds	r22, 0x05F0	; 0x8005f0 <menu>
    55c0:	81 e0       	ldi	r24, 0x01	; 1
    55c2:	0e 94 b5 1d 	call	0x3b6a	; 0x3b6a <paramAction(unsigned char, unsigned char)>
    55c6:	20 c4       	rjmp	.+2112   	; 0x5e08 <main+0x182e>
/home/jgalera/develop/arduino/usdx/usdx_plus_orange/usdx_plus_orange.ino:569
  }

#ifdef KEYER                                // Keyer
  if (mode == CW && keyer_mode != SINGLE) { // check DIT/DAH keys for CW

    switch (
    55c8:	84 30       	cpi	r24, 0x04	; 4
    55ca:	09 f4       	brne	.+2      	; 0x55ce <main+0xff4>
    55cc:	92 c0       	rjmp	.+292    	; 0x56f2 <main+0x1118>
    55ce:	08 f4       	brcc	.+2      	; 0x55d2 <main+0xff8>
    55d0:	6e c0       	rjmp	.+220    	; 0x56ae <main+0x10d4>
    55d2:	85 30       	cpi	r24, 0x05	; 5
    55d4:	09 f0       	breq	.+2      	; 0x55d8 <main+0xffe>
    55d6:	76 cf       	rjmp	.-276    	; 0x54c4 <main+0xeea>
/home/jgalera/develop/arduino/usdx/usdx_plus_orange/usdx_plus_orange.ino:620
        update_PaddleLatch(); // early paddle latch in Iambic B mode
      }
      break;
    case INTER_ELEMENT:
      // Insert time between dits/dahs
      update_PaddleLatch();                    // latch paddle state
    55d8:	0e 94 f8 18 	call	0x31f0	; 0x31f0 <update_PaddleLatch()>
/home/jgalera/develop/arduino/usdx/usdx_plus_orange/usdx_plus_orange.ino:621
      if (millis() > ktimer) {                 // are we at end of inter-space ?
    55dc:	0e 94 60 07 	call	0xec0	; 0xec0 <millis>
    55e0:	c0 90 f3 05 	lds	r12, 0x05F3	; 0x8005f3 <ktimer>
    55e4:	d0 90 f4 05 	lds	r13, 0x05F4	; 0x8005f4 <ktimer+0x1>
    55e8:	e0 90 f5 05 	lds	r14, 0x05F5	; 0x8005f5 <ktimer+0x2>
    55ec:	f0 90 f6 05 	lds	r15, 0x05F6	; 0x8005f6 <ktimer+0x3>
    55f0:	c6 16       	cp	r12, r22
    55f2:	d7 06       	cpc	r13, r23
    55f4:	e8 06       	cpc	r14, r24
    55f6:	f9 06       	cpc	r15, r25
    55f8:	08 f0       	brcs	.+2      	; 0x55fc <main+0x1022>
    55fa:	64 cf       	rjmp	.-312    	; 0x54c4 <main+0xeea>
/home/jgalera/develop/arduino/usdx/usdx_plus_orange/usdx_plus_orange.ino:622
        if (keyerControl & DIT_PROC) {         // was it a dit or dah ?
    55fc:	80 91 ff 05 	lds	r24, 0x05FF	; 0x8005ff <keyerControl>
    5600:	82 ff       	sbrs	r24, 2
    5602:	aa c0       	rjmp	.+340    	; 0x5758 <main+0x117e>
/home/jgalera/develop/arduino/usdx/usdx_plus_orange/usdx_plus_orange.ino:623
          keyerControl &= ~(DIT_L + DIT_PROC); // clear two bits
    5604:	8a 7f       	andi	r24, 0xFA	; 250
    5606:	80 93 ff 05 	sts	0x05FF, r24	; 0x8005ff <keyerControl>
/home/jgalera/develop/arduino/usdx/usdx_plus_orange/usdx_plus_orange.ino:624
          keyerState = CHK_DAH;                // dit done, check for dah
    560a:	10 93 00 06 	sts	0x0600, r17	; 0x800600 <keyerState>
    560e:	5a cf       	rjmp	.-332    	; 0x54c4 <main+0xeea>
_digitalRead():
/home/jgalera/develop/arduino/usdx/usdx_plus_orange/src/core/core.cpp:36
    5610:	8c e0       	ldi	r24, 0x0C	; 12
    5612:	0e 94 55 06 	call	0xcaa	; 0xcaa <digitalRead>
loop():
/home/jgalera/develop/arduino/usdx/usdx_plus_orange/usdx_plus_orange.ino:574
    switch (
        keyerState) { // Basic Iambic Keyer, keyerControl contains processing
                      // flags and keyer mode bits, Supports Iambic A and B,
                      // State machine based, uses calls to millis() for timing.
    case IDLE:        // Wait for direct or latched paddle press
      if ((_digitalRead(DAH) == LOW) || (_digitalRead(DIT) == LOW) ||
    5616:	81 11       	cpse	r24, r1
    5618:	0e c0       	rjmp	.+28     	; 0x5636 <main+0x105c>
/home/jgalera/develop/arduino/usdx/usdx_plus_orange/usdx_plus_orange.ino:577
          (keyerControl & 0x03)) {
#ifdef CW_MESSAGE
        cw_msg_event = 0; // clear cw message event
    561a:	10 92 fb 05 	sts	0x05FB, r1	; 0x8005fb <cw_msg_event>
    561e:	10 92 fc 05 	sts	0x05FC, r1	; 0x8005fc <cw_msg_event+0x1>
    5622:	10 92 fd 05 	sts	0x05FD, r1	; 0x8005fd <cw_msg_event+0x2>
    5626:	10 92 fe 05 	sts	0x05FE, r1	; 0x8005fe <cw_msg_event+0x3>
/home/jgalera/develop/arduino/usdx/usdx_plus_orange/usdx_plus_orange.ino:579
#endif                    // CW_MESSAGE
        update_PaddleLatch();
    562a:	0e 94 f8 18 	call	0x31f0	; 0x31f0 <update_PaddleLatch()>
/home/jgalera/develop/arduino/usdx/usdx_plus_orange/usdx_plus_orange.ino:580
        keyerState = CHK_DIT;
    562e:	81 e0       	ldi	r24, 0x01	; 1
/home/jgalera/develop/arduino/usdx/usdx_plus_orange/usdx_plus_orange.ino:587
      break;
    case CHK_DIT: // See if the dit paddle was pressed
      if (keyerControl & DIT_L) {
        keyerControl |= DIT_PROC;
        ktimer = ditTime;
        keyerState = KEYED_PREP;
    5630:	80 93 00 06 	sts	0x0600, r24	; 0x800600 <keyerState>
    5634:	47 cf       	rjmp	.-370    	; 0x54c4 <main+0xeea>
_digitalRead():
/home/jgalera/develop/arduino/usdx/usdx_plus_orange/src/core/core.cpp:36
    5636:	8d e0       	ldi	r24, 0x0D	; 13
    5638:	0e 94 55 06 	call	0xcaa	; 0xcaa <digitalRead>
loop():
/home/jgalera/develop/arduino/usdx/usdx_plus_orange/usdx_plus_orange.ino:574
    switch (
        keyerState) { // Basic Iambic Keyer, keyerControl contains processing
                      // flags and keyer mode bits, Supports Iambic A and B,
                      // State machine based, uses calls to millis() for timing.
    case IDLE:        // Wait for direct or latched paddle press
      if ((_digitalRead(DAH) == LOW) || (_digitalRead(DIT) == LOW) ||
    563c:	88 23       	and	r24, r24
    563e:	69 f3       	breq	.-38     	; 0x561a <main+0x1040>
    5640:	80 91 ff 05 	lds	r24, 0x05FF	; 0x8005ff <keyerControl>
    5644:	83 70       	andi	r24, 0x03	; 3
    5646:	49 f7       	brne	.-46     	; 0x561a <main+0x1040>
    5648:	3d cf       	rjmp	.-390    	; 0x54c4 <main+0xeea>
/home/jgalera/develop/arduino/usdx/usdx_plus_orange/usdx_plus_orange.ino:584
        update_PaddleLatch();
        keyerState = CHK_DIT;
      }
      break;
    case CHK_DIT: // See if the dit paddle was pressed
      if (keyerControl & DIT_L) {
    564a:	80 91 ff 05 	lds	r24, 0x05FF	; 0x8005ff <keyerControl>
    564e:	80 ff       	sbrs	r24, 0
    5650:	dc cf       	rjmp	.-72     	; 0x560a <main+0x1030>
/home/jgalera/develop/arduino/usdx/usdx_plus_orange/usdx_plus_orange.ino:585
        keyerControl |= DIT_PROC;
    5652:	84 60       	ori	r24, 0x04	; 4
    5654:	80 93 ff 05 	sts	0x05FF, r24	; 0x8005ff <keyerControl>
/home/jgalera/develop/arduino/usdx/usdx_plus_orange/usdx_plus_orange.ino:586
        ktimer = ditTime;
    5658:	80 91 f7 05 	lds	r24, 0x05F7	; 0x8005f7 <ditTime>
    565c:	90 91 f8 05 	lds	r25, 0x05F8	; 0x8005f8 <ditTime+0x1>
    5660:	a0 91 f9 05 	lds	r26, 0x05F9	; 0x8005f9 <ditTime+0x2>
    5664:	b0 91 fa 05 	lds	r27, 0x05FA	; 0x8005fa <ditTime+0x3>
    5668:	80 93 f3 05 	sts	0x05F3, r24	; 0x8005f3 <ktimer>
    566c:	90 93 f4 05 	sts	0x05F4, r25	; 0x8005f4 <ktimer+0x1>
    5670:	a0 93 f5 05 	sts	0x05F5, r26	; 0x8005f5 <ktimer+0x2>
    5674:	b0 93 f6 05 	sts	0x05F6, r27	; 0x8005f6 <ktimer+0x3>
/home/jgalera/develop/arduino/usdx/usdx_plus_orange/usdx_plus_orange.ino:587
        keyerState = KEYED_PREP;
    5678:	83 e0       	ldi	r24, 0x03	; 3
    567a:	da cf       	rjmp	.-76     	; 0x5630 <main+0x1056>
/home/jgalera/develop/arduino/usdx/usdx_plus_orange/usdx_plus_orange.ino:593
      } else {
        keyerState = CHK_DAH;
      }
      break;
    case CHK_DAH: // See if dah paddle was pressed
      if (keyerControl & DAH_L) {
    567c:	80 91 ff 05 	lds	r24, 0x05FF	; 0x8005ff <keyerControl>
    5680:	81 ff       	sbrs	r24, 1
    5682:	6d c0       	rjmp	.+218    	; 0x575e <main+0x1184>
/home/jgalera/develop/arduino/usdx/usdx_plus_orange/usdx_plus_orange.ino:594
        ktimer = ditTime * 3;
    5684:	20 91 f7 05 	lds	r18, 0x05F7	; 0x8005f7 <ditTime>
    5688:	30 91 f8 05 	lds	r19, 0x05F8	; 0x8005f8 <ditTime+0x1>
    568c:	40 91 f9 05 	lds	r20, 0x05F9	; 0x8005f9 <ditTime+0x2>
    5690:	50 91 fa 05 	lds	r21, 0x05FA	; 0x8005fa <ditTime+0x3>
    5694:	a3 e0       	ldi	r26, 0x03	; 3
    5696:	b0 e0       	ldi	r27, 0x00	; 0
    5698:	0e 94 fa 39 	call	0x73f4	; 0x73f4 <__muluhisi3>
    569c:	60 93 f3 05 	sts	0x05F3, r22	; 0x8005f3 <ktimer>
    56a0:	70 93 f4 05 	sts	0x05F4, r23	; 0x8005f4 <ktimer+0x1>
    56a4:	80 93 f5 05 	sts	0x05F5, r24	; 0x8005f5 <ktimer+0x2>
    56a8:	90 93 f6 05 	sts	0x05F6, r25	; 0x8005f6 <ktimer+0x3>
    56ac:	e5 cf       	rjmp	.-54     	; 0x5678 <main+0x109e>
/home/jgalera/develop/arduino/usdx/usdx_plus_orange/usdx_plus_orange.ino:603
      }
      break;
    case KEYED_PREP: // Assert key down, start timing, state shared for dit or
                     // dah
      Key_state = HIGH;
      switch_rxtx(Key_state);
    56ae:	81 e0       	ldi	r24, 0x01	; 1
    56b0:	0e 94 84 17 	call	0x2f08	; 0x2f08 <switch_rxtx(unsigned char)>
/home/jgalera/develop/arduino/usdx/usdx_plus_orange/usdx_plus_orange.ino:604
      ktimer += millis();               // set ktimer to interval end time
    56b4:	0e 94 60 07 	call	0xec0	; 0xec0 <millis>
    56b8:	00 91 f3 05 	lds	r16, 0x05F3	; 0x8005f3 <ktimer>
    56bc:	10 91 f4 05 	lds	r17, 0x05F4	; 0x8005f4 <ktimer+0x1>
    56c0:	20 91 f5 05 	lds	r18, 0x05F5	; 0x8005f5 <ktimer+0x2>
    56c4:	30 91 f6 05 	lds	r19, 0x05F6	; 0x8005f6 <ktimer+0x3>
    56c8:	dc 01       	movw	r26, r24
    56ca:	cb 01       	movw	r24, r22
    56cc:	80 0f       	add	r24, r16
    56ce:	91 1f       	adc	r25, r17
    56d0:	a2 1f       	adc	r26, r18
    56d2:	b3 1f       	adc	r27, r19
    56d4:	80 93 f3 05 	sts	0x05F3, r24	; 0x8005f3 <ktimer>
    56d8:	90 93 f4 05 	sts	0x05F4, r25	; 0x8005f4 <ktimer+0x1>
    56dc:	a0 93 f5 05 	sts	0x05F5, r26	; 0x8005f5 <ktimer+0x2>
    56e0:	b0 93 f6 05 	sts	0x05F6, r27	; 0x8005f6 <ktimer+0x3>
/home/jgalera/develop/arduino/usdx/usdx_plus_orange/usdx_plus_orange.ino:605
      keyerControl &= ~(DIT_L + DAH_L); // clear both paddle latch bits
    56e4:	80 91 ff 05 	lds	r24, 0x05FF	; 0x8005ff <keyerControl>
    56e8:	8c 7f       	andi	r24, 0xFC	; 252
    56ea:	80 93 ff 05 	sts	0x05FF, r24	; 0x8005ff <keyerControl>
/home/jgalera/develop/arduino/usdx/usdx_plus_orange/usdx_plus_orange.ino:606
      keyerState = KEYED;               // next state
    56ee:	84 e0       	ldi	r24, 0x04	; 4
    56f0:	9f cf       	rjmp	.-194    	; 0x5630 <main+0x1056>
/home/jgalera/develop/arduino/usdx/usdx_plus_orange/usdx_plus_orange.ino:609
      break;
    case KEYED:                // Wait for timer to expire
      if (millis() > ktimer) { // are we at end of key down ?
    56f2:	0e 94 60 07 	call	0xec0	; 0xec0 <millis>
    56f6:	00 91 f3 05 	lds	r16, 0x05F3	; 0x8005f3 <ktimer>
    56fa:	10 91 f4 05 	lds	r17, 0x05F4	; 0x8005f4 <ktimer+0x1>
    56fe:	20 91 f5 05 	lds	r18, 0x05F5	; 0x8005f5 <ktimer+0x2>
    5702:	30 91 f6 05 	lds	r19, 0x05F6	; 0x8005f6 <ktimer+0x3>
    5706:	06 17       	cp	r16, r22
    5708:	17 07       	cpc	r17, r23
    570a:	28 07       	cpc	r18, r24
    570c:	39 07       	cpc	r19, r25
    570e:	e8 f4       	brcc	.+58     	; 0x574a <main+0x1170>
/home/jgalera/develop/arduino/usdx/usdx_plus_orange/usdx_plus_orange.ino:611
        Key_state = LOW;
        switch_rxtx(Key_state);
    5710:	80 e0       	ldi	r24, 0x00	; 0
    5712:	0e 94 84 17 	call	0x2f08	; 0x2f08 <switch_rxtx(unsigned char)>
/home/jgalera/develop/arduino/usdx/usdx_plus_orange/usdx_plus_orange.ino:612
        ktimer = millis() + ditTime; // inter-element time
    5716:	0e 94 60 07 	call	0xec0	; 0xec0 <millis>
    571a:	00 91 f7 05 	lds	r16, 0x05F7	; 0x8005f7 <ditTime>
    571e:	10 91 f8 05 	lds	r17, 0x05F8	; 0x8005f8 <ditTime+0x1>
    5722:	20 91 f9 05 	lds	r18, 0x05F9	; 0x8005f9 <ditTime+0x2>
    5726:	30 91 fa 05 	lds	r19, 0x05FA	; 0x8005fa <ditTime+0x3>
    572a:	dc 01       	movw	r26, r24
    572c:	cb 01       	movw	r24, r22
    572e:	80 0f       	add	r24, r16
    5730:	91 1f       	adc	r25, r17
    5732:	a2 1f       	adc	r26, r18
    5734:	b3 1f       	adc	r27, r19
    5736:	80 93 f3 05 	sts	0x05F3, r24	; 0x8005f3 <ktimer>
    573a:	90 93 f4 05 	sts	0x05F4, r25	; 0x8005f4 <ktimer+0x1>
    573e:	a0 93 f5 05 	sts	0x05F5, r26	; 0x8005f5 <ktimer+0x2>
    5742:	b0 93 f6 05 	sts	0x05F6, r27	; 0x8005f6 <ktimer+0x3>
/home/jgalera/develop/arduino/usdx/usdx_plus_orange/usdx_plus_orange.ino:613
        keyerState = INTER_ELEMENT;  // next state
    5746:	85 e0       	ldi	r24, 0x05	; 5
    5748:	73 cf       	rjmp	.-282    	; 0x5630 <main+0x1056>
/home/jgalera/develop/arduino/usdx/usdx_plus_orange/usdx_plus_orange.ino:614
      } else if (keyerControl & IAMBICB) {
    574a:	80 91 ff 05 	lds	r24, 0x05FF	; 0x8005ff <keyerControl>
    574e:	84 ff       	sbrs	r24, 4
    5750:	b9 ce       	rjmp	.-654    	; 0x54c4 <main+0xeea>
/home/jgalera/develop/arduino/usdx/usdx_plus_orange/usdx_plus_orange.ino:615
        update_PaddleLatch(); // early paddle latch in Iambic B mode
    5752:	0e 94 f8 18 	call	0x31f0	; 0x31f0 <update_PaddleLatch()>
    5756:	b6 ce       	rjmp	.-660    	; 0x54c4 <main+0xeea>
/home/jgalera/develop/arduino/usdx/usdx_plus_orange/usdx_plus_orange.ino:626
      if (millis() > ktimer) {                 // are we at end of inter-space ?
        if (keyerControl & DIT_PROC) {         // was it a dit or dah ?
          keyerControl &= ~(DIT_L + DIT_PROC); // clear two bits
          keyerState = CHK_DAH;                // dit done, check for dah
        } else {
          keyerControl &= ~(DAH_L); // clear dah latch
    5758:	8d 7f       	andi	r24, 0xFD	; 253
    575a:	80 93 ff 05 	sts	0x05FF, r24	; 0x8005ff <keyerControl>
/home/jgalera/develop/arduino/usdx/usdx_plus_orange/usdx_plus_orange.ino:627
          keyerState = IDLE;        // go idle
    575e:	10 92 00 06 	sts	0x0600, r1	; 0x800600 <keyerState>
    5762:	b0 ce       	rjmp	.-672    	; 0x54c4 <main+0xeea>
/home/jgalera/develop/arduino/usdx/usdx_plus_orange/usdx_plus_orange.ino:637

  } else {
#endif // KEYER

#ifdef TX_ENABLE
    uint8_t pin = ((mode == CW) && (keyer_swap)) ? DAH : DIT;
    5764:	80 91 f2 05 	lds	r24, 0x05F2	; 0x8005f2 <keyer_swap>
main():
    5768:	1c e0       	ldi	r17, 0x0C	; 12
loop():
    576a:	88 23       	and	r24, r24
    576c:	09 f4       	brne	.+2      	; 0x5770 <main+0x1196>
    576e:	18 cd       	rjmp	.-1488   	; 0x51a0 <main+0xbc6>
/home/jgalera/develop/arduino/usdx/usdx_plus_orange/usdx_plus_orange.ino:638
    if (!vox_tx) //  ONLY if VOX not active, then check DIT/DAH (fix for VOX to
    5770:	80 91 07 06 	lds	r24, 0x0607	; 0x800607 <vox_tx>
    5774:	81 11       	cpse	r24, r1
    5776:	a6 ce       	rjmp	.-692    	; 0x54c4 <main+0xeea>
_digitalRead():
/home/jgalera/develop/arduino/usdx/usdx_plus_orange/src/core/core.cpp:36
    5778:	81 2f       	mov	r24, r17
    577a:	0e 94 55 06 	call	0xcaa	; 0xcaa <digitalRead>
loop():
/home/jgalera/develop/arduino/usdx/usdx_plus_orange/usdx_plus_orange.ino:640
                 //  prevent RFI feedback through EMI on DIT or DAH line)
      if (!_digitalRead(pin)) { // PTT/DIT keys transmitter
    577e:	81 11       	cpse	r24, r1
    5780:	a1 ce       	rjmp	.-702    	; 0x54c4 <main+0xeea>
/home/jgalera/develop/arduino/usdx/usdx_plus_orange/usdx_plus_orange.ino:642
#ifdef CW_MESSAGE
        cw_msg_event = 0; // clear cw message event
    5782:	10 92 fb 05 	sts	0x05FB, r1	; 0x8005fb <cw_msg_event>
    5786:	10 92 fc 05 	sts	0x05FC, r1	; 0x8005fc <cw_msg_event+0x1>
    578a:	10 92 fd 05 	sts	0x05FD, r1	; 0x8005fd <cw_msg_event+0x2>
    578e:	10 92 fe 05 	sts	0x05FE, r1	; 0x8005fe <cw_msg_event+0x3>
/home/jgalera/develop/arduino/usdx/usdx_plus_orange/usdx_plus_orange.ino:644
#endif                    // CW_MESSAGE
        switch_rxtx(1);
    5792:	81 e0       	ldi	r24, 0x01	; 1
    5794:	0e 94 84 17 	call	0x2f08	; 0x2f08 <switch_rxtx(unsigned char)>
/home/jgalera/develop/arduino/usdx/usdx_plus_orange/usdx_plus_orange.ino:646
        do {
          wdt_reset();
    5798:	a8 95       	wdr
/home/jgalera/develop/arduino/usdx/usdx_plus_orange/usdx_plus_orange.ino:647
          delay((mode == CW)
    579a:	80 91 cc 01 	lds	r24, 0x01CC	; 0x8001cc <mode>
    579e:	82 30       	cpi	r24, 0x02	; 2
    57a0:	a1 f4       	brne	.+40     	; 0x57ca <main+0x11f0>
main():
    57a2:	6a e0       	ldi	r22, 0x0A	; 10
    57a4:	70 e0       	ldi	r23, 0x00	; 0
    57a6:	80 e0       	ldi	r24, 0x00	; 0
    57a8:	90 e0       	ldi	r25, 0x00	; 0
loop():
    57aa:	0e 94 2d 07 	call	0xe5a	; 0xe5a <delay>
_digitalRead():
/home/jgalera/develop/arduino/usdx/usdx_plus_orange/src/core/core.cpp:36
    57ae:	81 e1       	ldi	r24, 0x11	; 17
    57b0:	0e 94 55 06 	call	0xcaa	; 0xcaa <digitalRead>
loop():
/home/jgalera/develop/arduino/usdx/usdx_plus_orange/usdx_plus_orange.ino:657
          if (smeter > 0 && mode == CW && millis() >= stimer) {
            readSWR();
            stimer = millis() + 500;
          }
#endif
          if (inv ^ _digitalRead(BUTTONS))
    57b4:	81 30       	cpi	r24, 0x01	; 1
    57b6:	29 f4       	brne	.+10     	; 0x57c2 <main+0x11e8>
_digitalRead():
/home/jgalera/develop/arduino/usdx/usdx_plus_orange/src/core/core.cpp:36
    57b8:	81 2f       	mov	r24, r17
    57ba:	0e 94 55 06 	call	0xcaa	; 0xcaa <digitalRead>
loop():
/home/jgalera/develop/arduino/usdx/usdx_plus_orange/usdx_plus_orange.ino:659
            break; // break if button is pressed (to prevent potential lock-up)
        } while (!_digitalRead(pin)); // until released
    57be:	88 23       	and	r24, r24
    57c0:	59 f3       	breq	.-42     	; 0x5798 <main+0x11be>
/home/jgalera/develop/arduino/usdx/usdx_plus_orange/usdx_plus_orange.ino:660
        switch_rxtx(0);
    57c2:	80 e0       	ldi	r24, 0x00	; 0
    57c4:	0e 94 84 17 	call	0x2f08	; 0x2f08 <switch_rxtx(unsigned char)>
    57c8:	7d ce       	rjmp	.-774    	; 0x54c4 <main+0xeea>
main():
/home/jgalera/develop/arduino/usdx/usdx_plus_orange/usdx_plus_orange.ino:647
        cw_msg_event = 0; // clear cw message event
#endif                    // CW_MESSAGE
        switch_rxtx(1);
        do {
          wdt_reset();
          delay((mode == CW)
    57ca:	64 e6       	ldi	r22, 0x64	; 100
    57cc:	70 e0       	ldi	r23, 0x00	; 0
    57ce:	80 e0       	ldi	r24, 0x00	; 0
    57d0:	90 e0       	ldi	r25, 0x00	; 0
    57d2:	eb cf       	rjmp	.-42     	; 0x57aa <main+0x11d0>
analogSafeRead():
/home/jgalera/develop/arduino/usdx/usdx_plus_orange/src/hal/hal.cpp:119
     0b00000, 0b00000, 0b00000, 0b00000, 0b00000, 0b00000, 0b00000}};

#ifndef VSS_METER
int analogSafeRead(uint8_t pin,
                   bool ref1v1) { // ref1v1 default is false in header
  noInterrupts();
    57d4:	f8 94       	cli
/home/jgalera/develop/arduino/usdx/usdx_plus_orange/src/hal/hal.cpp:120
  for (; !(ADCSRA & (1 << ADIF));)
    57d6:	80 91 7a 00 	lds	r24, 0x007A	; 0x80007a <__DATA_REGION_ORIGIN__+0x1a>
    57da:	84 ff       	sbrs	r24, 4
    57dc:	fc cf       	rjmp	.-8      	; 0x57d6 <main+0x11fc>
/home/jgalera/develop/arduino/usdx/usdx_plus_orange/src/hal/hal.cpp:122
    ; // wait until (a potential previous) ADC conversion is completed
  uint8_t adcsra = ADCSRA;
    57de:	e0 90 7a 00 	lds	r14, 0x007A	; 0x80007a <__DATA_REGION_ORIGIN__+0x1a>
/home/jgalera/develop/arduino/usdx/usdx_plus_orange/src/hal/hal.cpp:123
  uint8_t admux = ADMUX;
    57e2:	f0 90 7c 00 	lds	r15, 0x007C	; 0x80007c <__DATA_REGION_ORIGIN__+0x1c>
/home/jgalera/develop/arduino/usdx/usdx_plus_orange/src/hal/hal.cpp:124
  ADCSRA &= ~(1 << ADIE); // disable interrupts when measurement complete
    57e6:	80 91 7a 00 	lds	r24, 0x007A	; 0x80007a <__DATA_REGION_ORIGIN__+0x1a>
    57ea:	87 7f       	andi	r24, 0xF7	; 247
    57ec:	80 93 7a 00 	sts	0x007A, r24	; 0x80007a <__DATA_REGION_ORIGIN__+0x1a>
/home/jgalera/develop/arduino/usdx/usdx_plus_orange/src/hal/hal.cpp:125
  ADCSRA |=
    57f0:	80 91 7a 00 	lds	r24, 0x007A	; 0x80007a <__DATA_REGION_ORIGIN__+0x1a>
    57f4:	87 60       	ori	r24, 0x07	; 7
    57f6:	80 93 7a 00 	sts	0x007A, r24	; 0x80007a <__DATA_REGION_ORIGIN__+0x1a>
/home/jgalera/develop/arduino/usdx/usdx_plus_orange/src/hal/hal.cpp:130
      (1 << ADPS2) | (1 << ADPS1) | (1 << ADPS0); // 128 prescaler for 9.6kHz
  if (ref1v1)
    ADMUX &= ~(1 << REFS0); // restore reference voltage AREF (1V1)
  else
    ADMUX = (1 << REFS0); // restore reference voltage AREF (5V)
    57fa:	80 e4       	ldi	r24, 0x40	; 64
    57fc:	80 93 7c 00 	sts	0x007C, r24	; 0x80007c <__DATA_REGION_ORIGIN__+0x1c>
/home/jgalera/develop/arduino/usdx/usdx_plus_orange/src/hal/hal.cpp:131
  delay(1);               // settle
    5800:	61 e0       	ldi	r22, 0x01	; 1
    5802:	70 e0       	ldi	r23, 0x00	; 0
    5804:	80 e0       	ldi	r24, 0x00	; 0
    5806:	90 e0       	ldi	r25, 0x00	; 0
    5808:	0e 94 2d 07 	call	0xe5a	; 0xe5a <delay>
/home/jgalera/develop/arduino/usdx/usdx_plus_orange/src/hal/hal.cpp:132
  int val = analogRead(pin);
    580c:	81 e1       	ldi	r24, 0x11	; 17
    580e:	0e 94 e8 06 	call	0xdd0	; 0xdd0 <analogRead>
    5812:	8c 01       	movw	r16, r24
/home/jgalera/develop/arduino/usdx/usdx_plus_orange/src/hal/hal.cpp:133
  ADCSRA = adcsra;
    5814:	e0 92 7a 00 	sts	0x007A, r14	; 0x80007a <__DATA_REGION_ORIGIN__+0x1a>
/home/jgalera/develop/arduino/usdx/usdx_plus_orange/src/hal/hal.cpp:134
  ADMUX = admux;
    5818:	f0 92 7c 00 	sts	0x007C, r15	; 0x80007c <__DATA_REGION_ORIGIN__+0x1c>
/home/jgalera/develop/arduino/usdx/usdx_plus_orange/src/hal/hal.cpp:135
  interrupts();
    581c:	78 94       	sei
loop():
/home/jgalera/develop/arduino/usdx/usdx_plus_orange/usdx_plus_orange.ino:698
            : (cat_key & 0x01) ? 870
            : (cat_key & 0x02) ? 1024
                               : 0;
      } // override analog value exercised by BUTTONS press
#endif // CAT_EXT
      event = SC;
    581e:	81 e0       	ldi	r24, 0x01	; 1
    5820:	80 93 f1 05 	sts	0x05F1, r24	; 0x8005f1 <event>
/home/jgalera/develop/arduino/usdx/usdx_plus_orange/usdx_plus_orange.ino:699
      int32_t t0 = millis();
    5824:	0e 94 60 07 	call	0xec0	; 0xec0 <millis>
    5828:	6b 01       	movw	r12, r22
    582a:	7c 01       	movw	r14, r24
_digitalRead():
/home/jgalera/develop/arduino/usdx/usdx_plus_orange/src/core/core.cpp:36
    582c:	81 e1       	ldi	r24, 0x11	; 17
    582e:	0e 94 55 06 	call	0xcaa	; 0xcaa <digitalRead>
loop():
/home/jgalera/develop/arduino/usdx/usdx_plus_orange/usdx_plus_orange.ino:700
      for (; inv ^ _digitalRead(BUTTONS);) { // until released or long-press
    5832:	81 30       	cpi	r24, 0x01	; 1
    5834:	71 f0       	breq	.+28     	; 0x5852 <main+0x1278>
/home/jgalera/develop/arduino/usdx/usdx_plus_orange/usdx_plus_orange.ino:701
        if ((millis() - t0) > 300) {
    5836:	0e 94 60 07 	call	0xec0	; 0xec0 <millis>
    583a:	6c 19       	sub	r22, r12
    583c:	7d 09       	sbc	r23, r13
    583e:	8e 09       	sbc	r24, r14
    5840:	9f 09       	sbc	r25, r15
    5842:	6d 32       	cpi	r22, 0x2D	; 45
    5844:	71 40       	sbci	r23, 0x01	; 1
    5846:	81 05       	cpc	r24, r1
    5848:	91 05       	cpc	r25, r1
    584a:	78 f1       	brcs	.+94     	; 0x58aa <main+0x12d0>
/home/jgalera/develop/arduino/usdx/usdx_plus_orange/usdx_plus_orange.ino:702
          event = PL;
    584c:	84 e0       	ldi	r24, 0x04	; 4
    584e:	80 93 f1 05 	sts	0x05F1, r24	; 0x8005f1 <event>
/home/jgalera/develop/arduino/usdx/usdx_plus_orange/usdx_plus_orange.ino:707
          break;
        }
        wdt_reset();
      }
      delay(10); // debounce
    5852:	6a e0       	ldi	r22, 0x0A	; 10
    5854:	70 e0       	ldi	r23, 0x00	; 0
    5856:	80 e0       	ldi	r24, 0x00	; 0
    5858:	90 e0       	ldi	r25, 0x00	; 0
    585a:	0e 94 2d 07 	call	0xe5a	; 0xe5a <delay>
/home/jgalera/develop/arduino/usdx/usdx_plus_orange/usdx_plus_orange.ino:708
      for (; (event != PL) &&
    585e:	80 91 f1 05 	lds	r24, 0x05F1	; 0x8005f1 <event>
    5862:	84 30       	cpi	r24, 0x04	; 4
    5864:	99 f0       	breq	.+38     	; 0x588c <main+0x12b2>
/home/jgalera/develop/arduino/usdx/usdx_plus_orange/usdx_plus_orange.ino:709
             ((millis() - t0) < 500);) { // until 2nd press or timeout
    5866:	0e 94 60 07 	call	0xec0	; 0xec0 <millis>
    586a:	6c 19       	sub	r22, r12
    586c:	7d 09       	sbc	r23, r13
    586e:	8e 09       	sbc	r24, r14
    5870:	9f 09       	sbc	r25, r15
/home/jgalera/develop/arduino/usdx/usdx_plus_orange/usdx_plus_orange.ino:708
          break;
        }
        wdt_reset();
      }
      delay(10); // debounce
      for (; (event != PL) &&
    5872:	64 3f       	cpi	r22, 0xF4	; 244
    5874:	71 40       	sbci	r23, 0x01	; 1
    5876:	81 05       	cpc	r24, r1
    5878:	91 05       	cpc	r25, r1
    587a:	40 f4       	brcc	.+16     	; 0x588c <main+0x12b2>
_digitalRead():
/home/jgalera/develop/arduino/usdx/usdx_plus_orange/src/core/core.cpp:36
    587c:	81 e1       	ldi	r24, 0x11	; 17
    587e:	0e 94 55 06 	call	0xcaa	; 0xcaa <digitalRead>
loop():
/home/jgalera/develop/arduino/usdx/usdx_plus_orange/usdx_plus_orange.ino:710
             ((millis() - t0) < 500);) { // until 2nd press or timeout
        if (inv ^ _digitalRead(BUTTONS)) {
    5882:	81 30       	cpi	r24, 0x01	; 1
    5884:	a1 f0       	breq	.+40     	; 0x58ae <main+0x12d4>
/home/jgalera/develop/arduino/usdx/usdx_plus_orange/usdx_plus_orange.ino:711
          event = DC;
    5886:	82 e0       	ldi	r24, 0x02	; 2
    5888:	80 93 f1 05 	sts	0x05F1, r24	; 0x8005f1 <event>
_digitalRead():
/home/jgalera/develop/arduino/usdx/usdx_plus_orange/src/core/core.cpp:36
    588c:	81 e1       	ldi	r24, 0x11	; 17
    588e:	0e 94 55 06 	call	0xcaa	; 0xcaa <digitalRead>
loop():
/home/jgalera/develop/arduino/usdx/usdx_plus_orange/usdx_plus_orange.ino:716
          break;
        }
        wdt_reset();
      }
      for (; inv ^ _digitalRead(BUTTONS);) { // until released, or encoder is
    5892:	81 30       	cpi	r24, 0x01	; 1
    5894:	89 f0       	breq	.+34     	; 0x58b8 <main+0x12de>
/home/jgalera/develop/arduino/usdx/usdx_plus_orange/usdx_plus_orange.ino:718
                                             // turned while longpress
        if (encoder_val && event == PL) {
    5896:	80 91 13 06 	lds	r24, 0x0613	; 0x800613 <encoder_val>
    589a:	88 23       	and	r24, r24
    589c:	21 f0       	breq	.+8      	; 0x58a6 <main+0x12cc>
    589e:	80 91 f1 05 	lds	r24, 0x05F1	; 0x8005f1 <event>
    58a2:	84 30       	cpi	r24, 0x04	; 4
    58a4:	31 f0       	breq	.+12     	; 0x58b2 <main+0x12d8>
/home/jgalera/develop/arduino/usdx/usdx_plus_orange/usdx_plus_orange.ino:727
#ifdef ONEBUTTON
        if (event == PL)
          break; // do not lock on longpress, so that L and R buttons can be
                 // used for tuning
#endif
        wdt_reset();
    58a6:	a8 95       	wdr
    58a8:	f1 cf       	rjmp	.-30     	; 0x588c <main+0x12b2>
/home/jgalera/develop/arduino/usdx/usdx_plus_orange/usdx_plus_orange.ino:705
      for (; inv ^ _digitalRead(BUTTONS);) { // until released or long-press
        if ((millis() - t0) > 300) {
          event = PL;
          break;
        }
        wdt_reset();
    58aa:	a8 95       	wdr
    58ac:	bf cf       	rjmp	.-130    	; 0x582c <main+0x1252>
/home/jgalera/develop/arduino/usdx/usdx_plus_orange/usdx_plus_orange.ino:714
             ((millis() - t0) < 500);) { // until 2nd press or timeout
        if (inv ^ _digitalRead(BUTTONS)) {
          event = DC;
          break;
        }
        wdt_reset();
    58ae:	a8 95       	wdr
    58b0:	d6 cf       	rjmp	.-84     	; 0x585e <main+0x1284>
/home/jgalera/develop/arduino/usdx/usdx_plus_orange/usdx_plus_orange.ino:719
      }
      for (; inv ^ _digitalRead(BUTTONS);) { // until released, or encoder is
                                             // turned while longpress
        if (encoder_val && event == PL) {
          event = PT;
    58b2:	8c e0       	ldi	r24, 0x0C	; 12
    58b4:	80 93 f1 05 	sts	0x05F1, r24	; 0x8005f1 <event>
main():
/home/jgalera/develop/arduino/usdx/usdx_plus_orange/usdx_plus_orange.ino:730
                 // used for tuning
#endif
        wdt_reset();
      } // Max. voltages at ADC3 for buttons L,R,E: 3.76V;4.55V;5V, thresholds
        // are in center
      event |=
    58b8:	90 e1       	ldi	r25, 0x10	; 16
loop():
    58ba:	0c 35       	cpi	r16, 0x5C	; 92
    58bc:	63 e0       	ldi	r22, 0x03	; 3
    58be:	16 07       	cpc	r17, r22
    58c0:	28 f0       	brcs	.+10     	; 0x58cc <main+0x12f2>
main():
    58c2:	90 e2       	ldi	r25, 0x20	; 32
loop():
    58c4:	07 3d       	cpi	r16, 0xD7	; 215
    58c6:	13 40       	sbci	r17, 0x03	; 3
    58c8:	08 f0       	brcs	.+2      	; 0x58cc <main+0x12f2>
main():
    58ca:	90 e3       	ldi	r25, 0x30	; 48
loop():
    58cc:	80 91 f1 05 	lds	r24, 0x05F1	; 0x8005f1 <event>
    58d0:	28 ce       	rjmp	.-944    	; 0x5522 <main+0xf48>
main():
/home/jgalera/develop/arduino/usdx/usdx_plus_orange/usdx_plus_orange.ino:737
          : (v < (uint16_t)(4.8 * 1024.0 / 5.0))
              ? BR
              : BE; // determine which button pressed based on threshold levels
    } else {        // hack: fast forward handling
      event =
          (event & 0xf0) |
    58d2:	95 e0       	ldi	r25, 0x05	; 5
    58d4:	26 ce       	rjmp	.-948    	; 0x5522 <main+0xf48>
loop():
/home/jgalera/develop/arduino/usdx/usdx_plus_orange/usdx_plus_orange.ino:741
          ((encoder_val) ? PT : PLC /*PL*/); // only alternate between
                                             // push-long/turn when applicable
    }
    switch (event) {
    58d6:	8c 31       	cpi	r24, 0x1C	; 28
    58d8:	09 f4       	brne	.+2      	; 0x58dc <main+0x1302>
    58da:	d0 c0       	rjmp	.+416    	; 0x5a7c <main+0x14a2>
    58dc:	81 32       	cpi	r24, 0x21	; 33
    58de:	09 f0       	breq	.+2      	; 0x58e2 <main+0x1308>
    58e0:	33 ce       	rjmp	.-922    	; 0x5548 <main+0xf6e>
/home/jgalera/develop/arduino/usdx/usdx_plus_orange/usdx_plus_orange.ino:779
      menumode = _menumode;
      break;
    case BL | DC:
      break;
    case BR | SC:
      if (!menumode) {
    58e2:	80 91 01 06 	lds	r24, 0x0601	; 0x800601 <menumode>
    58e6:	81 11       	cpse	r24, r1
    58e8:	71 c1       	rjmp	.+738    	; 0x5bcc <main+0x15f2>
/home/jgalera/develop/arduino/usdx/usdx_plus_orange/usdx_plus_orange.ino:780
        int8_t prev_mode = mode;
    58ea:	10 91 cc 01 	lds	r17, 0x01CC	; 0x8001cc <mode>
/home/jgalera/develop/arduino/usdx/usdx_plus_orange/usdx_plus_orange.ino:781
        if (rit) {
    58ee:	80 91 ed 05 	lds	r24, 0x05ED	; 0x8005ed <rit>
    58f2:	90 91 ee 05 	lds	r25, 0x05EE	; 0x8005ee <rit+0x1>
    58f6:	89 2b       	or	r24, r25
    58f8:	09 f4       	brne	.+2      	; 0x58fc <main+0x1322>
    58fa:	fe c0       	rjmp	.+508    	; 0x5af8 <main+0x151e>
/home/jgalera/develop/arduino/usdx/usdx_plus_orange/usdx_plus_orange.ino:782
          rit = 0;
    58fc:	10 92 ee 05 	sts	0x05EE, r1	; 0x8005ee <rit+0x1>
    5900:	10 92 ed 05 	sts	0x05ED, r1	; 0x8005ed <rit>
/home/jgalera/develop/arduino/usdx/usdx_plus_orange/usdx_plus_orange.ino:783
          stepsize = prev_stepsize[mode == CW];
    5904:	20 91 cc 01 	lds	r18, 0x01CC	; 0x8001cc <mode>
    5908:	81 e0       	ldi	r24, 0x01	; 1
    590a:	90 e0       	ldi	r25, 0x00	; 0
    590c:	22 30       	cpi	r18, 0x02	; 2
    590e:	11 f0       	breq	.+4      	; 0x5914 <main+0x133a>
    5910:	90 e0       	ldi	r25, 0x00	; 0
    5912:	80 e0       	ldi	r24, 0x00	; 0
    5914:	89 53       	subi	r24, 0x39	; 57
    5916:	9e 4f       	sbci	r25, 0xFE	; 254
    5918:	dc 01       	movw	r26, r24
    591a:	8c 91       	ld	r24, X
/home/jgalera/develop/arduino/usdx/usdx_plus_orange/usdx_plus_orange.ino:964
      // delay(100);
      bandval++;
      // if(bandval >= N_BANDS) bandval = 0;
      if (bandval >= (N_BANDS - 1))
        bandval = 1; // excludes 6m, 160m
      stepsize = STEP_1k;
    591c:	80 93 c6 01 	sts	0x01C6, r24	; 0x8001c6 <stepsize>
    5920:	51 c1       	rjmp	.+674    	; 0x5bc4 <main+0x15ea>
/home/jgalera/develop/arduino/usdx/usdx_plus_orange/usdx_plus_orange.ino:741
      event =
          (event & 0xf0) |
          ((encoder_val) ? PT : PLC /*PL*/); // only alternate between
                                             // push-long/turn when applicable
    }
    switch (event) {
    5922:	82 33       	cpi	r24, 0x32	; 50
    5924:	09 f4       	brne	.+2      	; 0x5928 <main+0x134e>
    5926:	50 c2       	rjmp	.+1184   	; 0x5dc8 <main+0x17ee>
    5928:	70 f4       	brcc	.+28     	; 0x5946 <main+0x136c>
    592a:	84 32       	cpi	r24, 0x24	; 36
    592c:	09 f4       	brne	.+2      	; 0x5930 <main+0x1356>
    592e:	c1 c1       	rjmp	.+898    	; 0x5cb2 <main+0x16d8>
    5930:	81 33       	cpi	r24, 0x31	; 49
    5932:	09 f0       	breq	.+2      	; 0x5936 <main+0x135c>
    5934:	09 ce       	rjmp	.-1006   	; 0x5548 <main+0xf6e>
/home/jgalera/develop/arduino/usdx/usdx_plus_orange/usdx_plus_orange.ino:935
      lcd.print(_step);
      lcd_blanks();
      break;
#endif // TUNING_DIAL
    case BE | SC:
      if (!menumode) {
    5936:	80 91 01 06 	lds	r24, 0x0601	; 0x800601 <menumode>
    593a:	81 11       	cpse	r24, r1
    593c:	28 c2       	rjmp	.+1104   	; 0x5d8e <main+0x17b4>
/home/jgalera/develop/arduino/usdx/usdx_plus_orange/usdx_plus_orange.ino:936
        stepsize_change(+1);
    593e:	81 e0       	ldi	r24, 0x01	; 1
/home/jgalera/develop/arduino/usdx/usdx_plus_orange/usdx_plus_orange.ino:968
        bandval = 1; // excludes 6m, 160m
      stepsize = STEP_1k;
      change = true;
      break;
    case BE | PL:
      stepsize_change(-1);
    5940:	0e 94 62 17 	call	0x2ec4	; 0x2ec4 <stepsize_change(signed char)>
    5944:	01 ce       	rjmp	.-1022   	; 0x5548 <main+0xf6e>
/home/jgalera/develop/arduino/usdx/usdx_plus_orange/usdx_plus_orange.ino:741
      event =
          (event & 0xf0) |
          ((encoder_val) ? PT : PLC /*PL*/); // only alternate between
                                             // push-long/turn when applicable
    }
    switch (event) {
    5946:	84 33       	cpi	r24, 0x34	; 52
    5948:	09 f4       	brne	.+2      	; 0x594c <main+0x1372>
    594a:	49 c2       	rjmp	.+1170   	; 0x5dde <main+0x1804>
    594c:	8c 33       	cpi	r24, 0x3C	; 60
    594e:	09 f0       	breq	.+2      	; 0x5952 <main+0x1378>
    5950:	fb cd       	rjmp	.-1034   	; 0x5548 <main+0xf6e>
_digitalRead():
/home/jgalera/develop/arduino/usdx/usdx_plus_orange/src/core/core.cpp:36
    5952:	81 e1       	ldi	r24, 0x11	; 17
    5954:	0e 94 55 06 	call	0xcaa	; 0xcaa <digitalRead>
loop():
/home/jgalera/develop/arduino/usdx/usdx_plus_orange/usdx_plus_orange.ino:971
      break;
    case BE | PL:
      stepsize_change(-1);
      break;
    case BE | PT:
      for (; _digitalRead(BUTTONS);) { // process encoder changes until released
    5958:	88 23       	and	r24, r24
    595a:	09 f4       	brne	.+2      	; 0x595e <main+0x1384>
    595c:	33 c1       	rjmp	.+614    	; 0x5bc4 <main+0x15ea>
/home/jgalera/develop/arduino/usdx/usdx_plus_orange/usdx_plus_orange.ino:972
        wdt_reset();
    595e:	a8 95       	wdr
/home/jgalera/develop/arduino/usdx/usdx_plus_orange/usdx_plus_orange.ino:973
        if (encoder_val) {
    5960:	80 91 13 06 	lds	r24, 0x0613	; 0x800613 <encoder_val>
    5964:	88 23       	and	r24, r24
    5966:	a9 f3       	breq	.-22     	; 0x5952 <main+0x1378>
/home/jgalera/develop/arduino/usdx/usdx_plus_orange/usdx_plus_orange.ino:974
          paramAction(UPDATE, VOLUME);
    5968:	61 e0       	ldi	r22, 0x01	; 1
    596a:	80 e0       	ldi	r24, 0x00	; 0
    596c:	0e 94 b5 1d 	call	0x3b6a	; 0x3b6a <paramAction(unsigned char, unsigned char)>
/home/jgalera/develop/arduino/usdx/usdx_plus_orange/usdx_plus_orange.ino:975
          if (volume < 0) {
    5970:	80 91 b2 01 	lds	r24, 0x01B2	; 0x8001b2 <volume>
    5974:	87 ff       	sbrs	r24, 7
    5976:	35 c2       	rjmp	.+1130   	; 0x5de2 <main+0x1808>
/home/jgalera/develop/arduino/usdx/usdx_plus_orange/usdx_plus_orange.ino:976
            volume = 10;
    5978:	8a e0       	ldi	r24, 0x0A	; 10
    597a:	80 93 b2 01 	sts	0x01B2, r24	; 0x8001b2 <volume>
/home/jgalera/develop/arduino/usdx/usdx_plus_orange/usdx_plus_orange.ino:977
            paramAction(SAVE, VOLUME);
    597e:	61 e0       	ldi	r22, 0x01	; 1
    5980:	84 e0       	ldi	r24, 0x04	; 4
    5982:	0e 94 b5 1d 	call	0x3b6a	; 0x3b6a <paramAction(unsigned char, unsigned char)>
setCursor():
/home/jgalera/develop/arduino/usdx/usdx_plus_orange/src/driver/display.cpp:430
    5986:	80 ec       	ldi	r24, 0xC0	; 192
    5988:	0e 94 b5 08 	call	0x116a	; 0x116a <LCD::cmd(unsigned char) [clone .constprop.54]>
powerDown():
/home/jgalera/develop/arduino/usdx/usdx_plus_orange/src/core/core.cpp:605
  stepsize_showcursor();
}

void powerDown() {
  lcd.setCursor(0, 1);
  lcd.print(F("Power-off 73 :-)"));
    598c:	8e ef       	ldi	r24, 0xFE	; 254
    598e:	91 e0       	ldi	r25, 0x01	; 1
    5990:	0e 94 5f 15 	call	0x2abe	; 0x2abe <Print::print(__FlashStringHelper const*) [clone .constprop.60]>
/home/jgalera/develop/arduino/usdx/usdx_plus_orange/src/core/core.cpp:606
  lcd_blanks();
    5994:	0e 94 7a 15 	call	0x2af4	; 0x2af4 <lcd_blanks()>
/home/jgalera/develop/arduino/usdx/usdx_plus_orange/src/core/core.cpp:608

  MCUSR = ~(1 << WDRF);
    5998:	87 ef       	ldi	r24, 0xF7	; 247
    599a:	84 bf       	out	0x34, r24	; 52
wdt_disable():
/home/jgalera/.arduino15/packages/arduino/tools/avr-gcc/7.3.0-atmel3.6.1-arduino7/avr/include/avr/wdt.h:528
				"out __SREG__,__tmp_reg__"   "\n\t"
				: [TEMPREG] "=d" (temp_reg)
				: [WDTREG]  "n"  (_SFR_MEM_ADDR(_WD_CONTROL_REG)),
				[WDCE_WDE]  "n"  ((uint8_t)(_BV(_WD_CHANGE_BIT) | _BV(WDE)))
				: "r0"
		);
    599c:	0f b6       	in	r0, 0x3f	; 63
    599e:	f8 94       	cli
    59a0:	a8 95       	wdr
    59a2:	80 91 60 00 	lds	r24, 0x0060	; 0x800060 <__DATA_REGION_ORIGIN__>
    59a6:	88 61       	ori	r24, 0x18	; 24
    59a8:	80 93 60 00 	sts	0x0060, r24	; 0x800060 <__DATA_REGION_ORIGIN__>
    59ac:	10 92 60 00 	sts	0x0060, r1	; 0x800060 <__DATA_REGION_ORIGIN__>
    59b0:	0f be       	out	0x3f, r0	; 63
timer2_stop():
/home/jgalera/develop/arduino/usdx/usdx_plus_orange/src/hal/hal.cpp:92
      ((F_CPU / 64) / fs) - 1; // OCRn = (F_CPU / pre-scaler / fs) - 1;
  OCR2A = ocr;
}

void timer2_stop() {        // Stop Timer 2 interrupt
  TIMSK2 &= ~(1 << OCIE2A); // disable timer compare interrupt
    59b2:	80 91 70 00 	lds	r24, 0x0070	; 0x800070 <__DATA_REGION_ORIGIN__+0x10>
    59b6:	8d 7f       	andi	r24, 0xFD	; 253
    59b8:	80 93 70 00 	sts	0x0070, r24	; 0x800070 <__DATA_REGION_ORIGIN__+0x10>
/home/jgalera/develop/arduino/usdx/usdx_plus_orange/src/hal/hal.cpp:93
  delay(1); // wait until potential in-flight interrupts are finished
    59bc:	61 e0       	ldi	r22, 0x01	; 1
    59be:	70 e0       	ldi	r23, 0x00	; 0
    59c0:	80 e0       	ldi	r24, 0x00	; 0
    59c2:	90 e0       	ldi	r25, 0x00	; 0
    59c4:	0e 94 2d 07 	call	0xe5a	; 0xe5a <delay>
timer1_stop():
/home/jgalera/develop/arduino/usdx/usdx_plus_orange/src/hal/hal.cpp:74
  OCR1BH = 0x00;
  OCR1BL = 0x00; // OC1B (KEY_OUT) PWM duty-cycle (span defined by ICR).
}

void timer1_stop() {
  OCR1AL = 0x00;
    59c8:	10 92 88 00 	sts	0x0088, r1	; 0x800088 <__DATA_REGION_ORIGIN__+0x28>
/home/jgalera/develop/arduino/usdx/usdx_plus_orange/src/hal/hal.cpp:75
  OCR1BL = 0x00;
    59cc:	10 92 8a 00 	sts	0x008A, r1	; 0x80008a <__DATA_REGION_ORIGIN__+0x2a>
adc_stop():
/home/jgalera/develop/arduino/usdx/usdx_plus_orange/src/hal/hal.cpp:43
#endif
}

void adc_stop() {
  // ADCSRA &= ~(1 << ADATE); // disable auto trigger
  ADCSRA &= ~(1 << ADIE); // disable interrupts when measurement complete
    59d0:	80 91 7a 00 	lds	r24, 0x007A	; 0x80007a <__DATA_REGION_ORIGIN__+0x1a>
    59d4:	87 7f       	andi	r24, 0xF7	; 247
    59d6:	80 93 7a 00 	sts	0x007A, r24	; 0x80007a <__DATA_REGION_ORIGIN__+0x1a>
/home/jgalera/develop/arduino/usdx/usdx_plus_orange/src/hal/hal.cpp:44
  ADCSRA |=
    59da:	80 91 7a 00 	lds	r24, 0x007A	; 0x80007a <__DATA_REGION_ORIGIN__+0x1a>
    59de:	87 60       	ori	r24, 0x07	; 7
    59e0:	80 93 7a 00 	sts	0x007A, r24	; 0x80007a <__DATA_REGION_ORIGIN__+0x1a>
/home/jgalera/develop/arduino/usdx/usdx_plus_orange/src/hal/hal.cpp:49
      (1 << ADPS2) | (1 << ADPS1) | (1 << ADPS0); // 128 prescaler for 9.6kHz
#ifdef ADC_NR
  sleep_disable();
#endif
  ADMUX = (1 << REFS0); // restore reference voltage AREF (5V)
    59e4:	80 e4       	ldi	r24, 0x40	; 64
    59e6:	80 93 7c 00 	sts	0x007C, r24	; 0x80007c <__DATA_REGION_ORIGIN__+0x1c>
powerDown():
/home/jgalera/develop/arduino/usdx/usdx_plus_orange/src/core/core.cpp:615

  timer2_stop();
  timer1_stop();
  adc_stop();

  si5351.powerDown();
    59ea:	0e 94 ec 05 	call	0xbd8	; 0xbd8 <SI5351::powerDown() [clone .constprop.23]>
/home/jgalera/develop/arduino/usdx/usdx_plus_orange/src/core/core.cpp:616
  delay(1500);
    59ee:	6c ed       	ldi	r22, 0xDC	; 220
    59f0:	75 e0       	ldi	r23, 0x05	; 5
    59f2:	80 e0       	ldi	r24, 0x00	; 0
    59f4:	90 e0       	ldi	r25, 0x00	; 0
    59f6:	0e 94 2d 07 	call	0xe5a	; 0xe5a <delay>
/home/jgalera/develop/arduino/usdx/usdx_plus_orange/src/core/core.cpp:618

  PCICR = 0;
    59fa:	10 92 68 00 	sts	0x0068, r1	; 0x800068 <__DATA_REGION_ORIGIN__+0x8>
/home/jgalera/develop/arduino/usdx/usdx_plus_orange/src/core/core.cpp:619
  PCMSK0 = 0;
    59fe:	10 92 6b 00 	sts	0x006B, r1	; 0x80006b <__DATA_REGION_ORIGIN__+0xb>
/home/jgalera/develop/arduino/usdx/usdx_plus_orange/src/core/core.cpp:620
  PCMSK1 = 0;
    5a02:	10 92 6c 00 	sts	0x006C, r1	; 0x80006c <__DATA_REGION_ORIGIN__+0xc>
/home/jgalera/develop/arduino/usdx/usdx_plus_orange/src/core/core.cpp:621
  PCMSK2 = 0;
    5a06:	10 92 6d 00 	sts	0x006D, r1	; 0x80006d <__DATA_REGION_ORIGIN__+0xd>
/home/jgalera/develop/arduino/usdx/usdx_plus_orange/src/core/core.cpp:622
  TIMSK0 = 0;
    5a0a:	10 92 6e 00 	sts	0x006E, r1	; 0x80006e <__DATA_REGION_ORIGIN__+0xe>
/home/jgalera/develop/arduino/usdx/usdx_plus_orange/src/core/core.cpp:623
  TIMSK1 = 0;
    5a0e:	10 92 6f 00 	sts	0x006F, r1	; 0x80006f <__DATA_REGION_ORIGIN__+0xf>
/home/jgalera/develop/arduino/usdx/usdx_plus_orange/src/core/core.cpp:624
  TIMSK2 = 0;
    5a12:	10 92 70 00 	sts	0x0070, r1	; 0x800070 <__DATA_REGION_ORIGIN__+0x10>
/home/jgalera/develop/arduino/usdx/usdx_plus_orange/src/core/core.cpp:625
  WDTCSR = 0;
    5a16:	10 92 60 00 	sts	0x0060, r1	; 0x800060 <__DATA_REGION_ORIGIN__>
/home/jgalera/develop/arduino/usdx/usdx_plus_orange/src/core/core.cpp:626
  *digitalPinToPCMSK(BUTTONS) |= (1 << digitalPinToPCMSKbit(BUTTONS));
    5a1a:	80 91 6c 00 	lds	r24, 0x006C	; 0x80006c <__DATA_REGION_ORIGIN__+0xc>
    5a1e:	88 60       	ori	r24, 0x08	; 8
    5a20:	80 93 6c 00 	sts	0x006C, r24	; 0x80006c <__DATA_REGION_ORIGIN__+0xc>
/home/jgalera/develop/arduino/usdx/usdx_plus_orange/src/core/core.cpp:627
  *digitalPinToPCICR(BUTTONS) |= (1 << digitalPinToPCICRbit(BUTTONS));
    5a24:	80 91 68 00 	lds	r24, 0x0068	; 0x800068 <__DATA_REGION_ORIGIN__+0x8>
    5a28:	82 60       	ori	r24, 0x02	; 2
    5a2a:	80 93 68 00 	sts	0x0068, r24	; 0x800068 <__DATA_REGION_ORIGIN__+0x8>
/home/jgalera/develop/arduino/usdx/usdx_plus_orange/src/core/core.cpp:629

  PRR = 0xff;
    5a2e:	8f ef       	ldi	r24, 0xFF	; 255
    5a30:	80 93 64 00 	sts	0x0064, r24	; 0x800064 <__DATA_REGION_ORIGIN__+0x4>
noDisplay():
/home/jgalera/develop/arduino/usdx/usdx_plus_orange/src/driver/display.cpp:434
#endif
void LCD::cursor() { cmd(0x0e); }
void LCD::noCursor() { cmd(0x0c); }
void LCD::noDisplay() { cmd(0x08); }
    5a34:	88 e0       	ldi	r24, 0x08	; 8
    5a36:	0e 94 b5 08 	call	0x116a	; 0x116a <LCD::cmd(unsigned char) [clone .constprop.54]>
powerDown():
/home/jgalera/develop/arduino/usdx/usdx_plus_orange/src/core/core.cpp:631
  lcd.noDisplay();
  PORTD &= ~0x08;
    5a3a:	5b 98       	cbi	0x0b, 3	; 11
/home/jgalera/develop/arduino/usdx/usdx_plus_orange/src/core/core.cpp:633

  set_sleep_mode(SLEEP_MODE_PWR_DOWN);
    5a3c:	83 b7       	in	r24, 0x33	; 51
    5a3e:	81 7f       	andi	r24, 0xF1	; 241
    5a40:	84 60       	ori	r24, 0x04	; 4
    5a42:	83 bf       	out	0x33, r24	; 51
/home/jgalera/develop/arduino/usdx/usdx_plus_orange/src/core/core.cpp:634
  sleep_enable();
    5a44:	83 b7       	in	r24, 0x33	; 51
    5a46:	81 60       	ori	r24, 0x01	; 1
    5a48:	83 bf       	out	0x33, r24	; 51
/home/jgalera/develop/arduino/usdx/usdx_plus_orange/src/core/core.cpp:635
  interrupts();
    5a4a:	78 94       	sei
/home/jgalera/develop/arduino/usdx/usdx_plus_orange/src/core/core.cpp:636
  sleep_bod_disable();
    5a4c:	85 b7       	in	r24, 0x35	; 53
    5a4e:	80 66       	ori	r24, 0x60	; 96
    5a50:	85 bf       	out	0x35, r24	; 53
    5a52:	8f 7d       	andi	r24, 0xDF	; 223
    5a54:	85 bf       	out	0x35, r24	; 53
/home/jgalera/develop/arduino/usdx/usdx_plus_orange/src/core/core.cpp:637
  sleep_cpu();
    5a56:	88 95       	sleep
/home/jgalera/develop/arduino/usdx/usdx_plus_orange/src/core/core.cpp:638
  sleep_disable();
    5a58:	83 b7       	in	r24, 0x33	; 51
    5a5a:	8e 7f       	andi	r24, 0xFE	; 254
    5a5c:	83 bf       	out	0x33, r24	; 51
wdt_enable():
/home/jgalera/.arduino15/packages/arduino/tools/avr-gcc/7.3.0-atmel3.6.1-arduino7/avr/include/avr/wdt.h:486
				: "n" (_SFR_MEM_ADDR(_WD_CONTROL_REG)),
				"r" ((uint8_t)(_BV(_WD_CHANGE_BIT) | _BV(WDE))),
				"r" ((uint8_t) ((value & 0x08 ? _WD_PS3_MASK : 0x00) |
						_BV(WDE) | (value & 0x07)) )
				: "r0"
		);
    5a5e:	88 e1       	ldi	r24, 0x18	; 24
    5a60:	98 e0       	ldi	r25, 0x08	; 8
    5a62:	0f b6       	in	r0, 0x3f	; 63
    5a64:	f8 94       	cli
    5a66:	a8 95       	wdr
    5a68:	80 93 60 00 	sts	0x0060, r24	; 0x800060 <__DATA_REGION_ORIGIN__>
    5a6c:	0f be       	out	0x3f, r0	; 63
    5a6e:	90 93 60 00 	sts	0x0060, r25	; 0x800060 <__DATA_REGION_ORIGIN__>
    5a72:	ff cf       	rjmp	.-2      	; 0x5a72 <main+0x1498>
loop():
/home/jgalera/develop/arduino/usdx/usdx_plus_orange/usdx_plus_orange.ino:745
    }
    switch (event) {
#ifndef ONEBUTTON
    case BL | PL:  // Called when menu button pressed
    case BL | PLC: // or kept pressed
      menumode = 2;
    5a74:	82 e0       	ldi	r24, 0x02	; 2
/home/jgalera/develop/arduino/usdx/usdx_plus_orange/usdx_plus_orange.ino:748
      break;
    case BL | PT:
      menumode = 1;
    5a76:	80 93 01 06 	sts	0x0601, r24	; 0x800601 <menumode>
    5a7a:	66 cd       	rjmp	.-1332   	; 0x5548 <main+0xf6e>
    5a7c:	81 e0       	ldi	r24, 0x01	; 1
    5a7e:	fb cf       	rjmp	.-10     	; 0x5a76 <main+0x149c>
/home/jgalera/develop/arduino/usdx/usdx_plus_orange/usdx_plus_orange.ino:753
      // if(menu == 0) menu = 1;
      break;
    case BL | SC:
#ifdef CW_MESSAGE
      if ((menumode == 1) && (menu >= CWMSG1) && (menu <= CWMSG6)) {
    5a80:	80 91 01 06 	lds	r24, 0x0601	; 0x800601 <menumode>
    5a84:	81 30       	cpi	r24, 0x01	; 1
    5a86:	41 f4       	brne	.+16     	; 0x5a98 <main+0x14be>
    5a88:	80 91 f0 05 	lds	r24, 0x05F0	; 0x8005f0 <menu>
    5a8c:	8d 31       	cpi	r24, 0x1D	; 29
    5a8e:	24 f0       	brlt	.+8      	; 0x5a98 <main+0x14be>
    5a90:	80 91 f0 05 	lds	r24, 0x05F0	; 0x8005f0 <menu>
    5a94:	83 32       	cpi	r24, 0x23	; 35
    5a96:	a4 f0       	brlt	.+40     	; 0x5ac0 <main+0x14e6>
/home/jgalera/develop/arduino/usdx/usdx_plus_orange/usdx_plus_orange.ino:761
        menumode = 0;
        break;
      }
#endif // CW_MESSAGE
      int8_t _menumode;
      if (menumode == 0) {
    5a98:	80 91 01 06 	lds	r24, 0x0601	; 0x800601 <menumode>
    5a9c:	88 23       	and	r24, r24
    5a9e:	11 f1       	breq	.+68     	; 0x5ae4 <main+0x150a>
/home/jgalera/develop/arduino/usdx/usdx_plus_orange/usdx_plus_orange.ino:766
        _menumode = 1;
        if (menu == 0)
          menu = 1;
      } // short left-click while in default screen: enter menu mode
      if (menumode == 1) {
    5aa0:	80 91 01 06 	lds	r24, 0x0601	; 0x800601 <menumode>
    5aa4:	81 30       	cpi	r24, 0x01	; 1
    5aa6:	31 f1       	breq	.+76     	; 0x5af4 <main+0x151a>
    5aa8:	81 e0       	ldi	r24, 0x01	; 1
/home/jgalera/develop/arduino/usdx/usdx_plus_orange/usdx_plus_orange.ino:769
        _menumode = 2;
      } // short left-click while in menu: enter value selection screen
      if (menumode >= 2) {
    5aaa:	90 91 01 06 	lds	r25, 0x0601	; 0x800601 <menumode>
    5aae:	92 30       	cpi	r25, 0x02	; 2
    5ab0:	10 f3       	brcs	.-60     	; 0x5a76 <main+0x149c>
/home/jgalera/develop/arduino/usdx/usdx_plus_orange/usdx_plus_orange.ino:771
        _menumode = 0;
        paramAction(SAVE, menu);
    5ab2:	60 91 f0 05 	lds	r22, 0x05F0	; 0x8005f0 <menu>
    5ab6:	84 e0       	ldi	r24, 0x04	; 4
    5ab8:	0e 94 b5 1d 	call	0x3b6a	; 0x3b6a <paramAction(unsigned char, unsigned char)>
main():
/home/jgalera/develop/arduino/usdx/usdx_plus_orange/usdx_plus_orange.ino:770
      } // short left-click while in default screen: enter menu mode
      if (menumode == 1) {
        _menumode = 2;
      } // short left-click while in menu: enter value selection screen
      if (menumode >= 2) {
        _menumode = 0;
    5abc:	80 e0       	ldi	r24, 0x00	; 0
    5abe:	db cf       	rjmp	.-74     	; 0x5a76 <main+0x149c>
loop():
/home/jgalera/develop/arduino/usdx/usdx_plus_orange/usdx_plus_orange.ino:754
      // if(menu == 0) menu = 1;
      break;
    case BL | SC:
#ifdef CW_MESSAGE
      if ((menumode == 1) && (menu >= CWMSG1) && (menu <= CWMSG6)) {
        cw_msg_event = millis();
    5ac0:	0e 94 60 07 	call	0xec0	; 0xec0 <millis>
    5ac4:	60 93 fb 05 	sts	0x05FB, r22	; 0x8005fb <cw_msg_event>
    5ac8:	70 93 fc 05 	sts	0x05FC, r23	; 0x8005fc <cw_msg_event+0x1>
    5acc:	80 93 fd 05 	sts	0x05FD, r24	; 0x8005fd <cw_msg_event+0x2>
    5ad0:	90 93 fe 05 	sts	0x05FE, r25	; 0x8005fe <cw_msg_event+0x3>
/home/jgalera/develop/arduino/usdx/usdx_plus_orange/usdx_plus_orange.ino:755
        cw_msg_id = menu - CWMSG1;
    5ad4:	80 91 f0 05 	lds	r24, 0x05F0	; 0x8005f0 <menu>
    5ad8:	8d 51       	subi	r24, 0x1D	; 29
    5ada:	80 93 ef 05 	sts	0x05EF, r24	; 0x8005ef <cw_msg_id>
/home/jgalera/develop/arduino/usdx/usdx_plus_orange/usdx_plus_orange.ino:756
        menumode = 0;
    5ade:	10 92 01 06 	sts	0x0601, r1	; 0x800601 <menumode>
    5ae2:	32 cd       	rjmp	.-1436   	; 0x5548 <main+0xf6e>
/home/jgalera/develop/arduino/usdx/usdx_plus_orange/usdx_plus_orange.ino:763
      }
#endif // CW_MESSAGE
      int8_t _menumode;
      if (menumode == 0) {
        _menumode = 1;
        if (menu == 0)
    5ae4:	80 91 f0 05 	lds	r24, 0x05F0	; 0x8005f0 <menu>
    5ae8:	81 11       	cpse	r24, r1
    5aea:	da cf       	rjmp	.-76     	; 0x5aa0 <main+0x14c6>
/home/jgalera/develop/arduino/usdx/usdx_plus_orange/usdx_plus_orange.ino:764
          menu = 1;
    5aec:	81 e0       	ldi	r24, 0x01	; 1
    5aee:	80 93 f0 05 	sts	0x05F0, r24	; 0x8005f0 <menu>
    5af2:	d6 cf       	rjmp	.-84     	; 0x5aa0 <main+0x14c6>
main():
/home/jgalera/develop/arduino/usdx/usdx_plus_orange/usdx_plus_orange.ino:767
      } // short left-click while in default screen: enter menu mode
      if (menumode == 1) {
        _menumode = 2;
    5af4:	82 e0       	ldi	r24, 0x02	; 2
    5af6:	d9 cf       	rjmp	.-78     	; 0x5aaa <main+0x14d0>
loop():
/home/jgalera/develop/arduino/usdx/usdx_plus_orange/usdx_plus_orange.ino:787
          rit = 0;
          stepsize = prev_stepsize[mode == CW];
          change = true;
          break;
        }
        mode += 1;
    5af8:	80 91 cc 01 	lds	r24, 0x01CC	; 0x8001cc <mode>
    5afc:	8f 5f       	subi	r24, 0xFF	; 255
    5afe:	80 93 cc 01 	sts	0x01CC, r24	; 0x8001cc <mode>
/home/jgalera/develop/arduino/usdx/usdx_plus_orange/usdx_plus_orange.ino:798
        if (mode != CW)
          stepsize = STEP_1k;
        else
          stepsize = STEP_500; // sets suitable stepsize
#endif
        if (mode > CW)
    5b02:	80 91 cc 01 	lds	r24, 0x01CC	; 0x8001cc <mode>
    5b06:	83 30       	cpi	r24, 0x03	; 3
    5b08:	10 f0       	brcs	.+4      	; 0x5b0e <main+0x1534>
/home/jgalera/develop/arduino/usdx/usdx_plus_orange/usdx_plus_orange.ino:799
          mode = LSB; // skip all other modes (only LSB, USB, CW)
    5b0a:	10 92 cc 01 	sts	0x01CC, r1	; 0x8001cc <mode>
/home/jgalera/develop/arduino/usdx/usdx_plus_orange/usdx_plus_orange.ino:807
          filt = 4;
          nr = 0;
        } else
          filt = 0; // resets filter (to most BW) and NR on mode change
#else
        if (mode == CW) {
    5b0e:	80 91 cc 01 	lds	r24, 0x01CC	; 0x8001cc <mode>
    5b12:	82 30       	cpi	r24, 0x02	; 2
    5b14:	11 f4       	brne	.+4      	; 0x5b1a <main+0x1540>
/home/jgalera/develop/arduino/usdx/usdx_plus_orange/usdx_plus_orange.ino:808
          nr = 0;
    5b16:	10 92 c4 01 	sts	0x01C4, r1	; 0x8001c4 <nr>
/home/jgalera/develop/arduino/usdx/usdx_plus_orange/usdx_plus_orange.ino:810
        }
        prev_stepsize[prev_mode == CW] = stepsize;
    5b1a:	81 e0       	ldi	r24, 0x01	; 1
    5b1c:	90 e0       	ldi	r25, 0x00	; 0
    5b1e:	12 30       	cpi	r17, 0x02	; 2
    5b20:	11 f0       	breq	.+4      	; 0x5b26 <main+0x154c>
    5b22:	90 e0       	ldi	r25, 0x00	; 0
    5b24:	80 e0       	ldi	r24, 0x00	; 0
    5b26:	20 91 c6 01 	lds	r18, 0x01C6	; 0x8001c6 <stepsize>
    5b2a:	fc 01       	movw	r30, r24
    5b2c:	e9 53       	subi	r30, 0x39	; 57
    5b2e:	fe 4f       	sbci	r31, 0xFE	; 254
    5b30:	20 83       	st	Z, r18
/home/jgalera/develop/arduino/usdx/usdx_plus_orange/usdx_plus_orange.ino:812
        stepsize =
            prev_stepsize[mode ==
    5b32:	40 91 cc 01 	lds	r20, 0x01CC	; 0x8001cc <mode>
    5b36:	21 e0       	ldi	r18, 0x01	; 1
    5b38:	30 e0       	ldi	r19, 0x00	; 0
    5b3a:	42 30       	cpi	r20, 0x02	; 2
    5b3c:	11 f0       	breq	.+4      	; 0x5b42 <main+0x1568>
    5b3e:	30 e0       	ldi	r19, 0x00	; 0
    5b40:	20 e0       	ldi	r18, 0x00	; 0
/home/jgalera/develop/arduino/usdx/usdx_plus_orange/usdx_plus_orange.ino:813
                          CW]; // backup stepsize setting for previous mode,
    5b42:	29 53       	subi	r18, 0x39	; 57
    5b44:	3e 4f       	sbci	r19, 0xFE	; 254
    5b46:	f9 01       	movw	r30, r18
    5b48:	20 81       	ld	r18, Z
/home/jgalera/develop/arduino/usdx/usdx_plus_orange/usdx_plus_orange.ino:811
#else
        if (mode == CW) {
          nr = 0;
        }
        prev_stepsize[prev_mode == CW] = stepsize;
        stepsize =
    5b4a:	20 93 c6 01 	sts	0x01C6, r18	; 0x8001c6 <stepsize>
/home/jgalera/develop/arduino/usdx/usdx_plus_orange/usdx_plus_orange.ino:817
            prev_stepsize[mode ==
                          CW]; // backup stepsize setting for previous mode,
                               // restore previous stepsize setting for current
                               // selected mode; filter settings captured for
                               // either CQ or other modes.
        prev_filt[prev_mode == CW] = filt;
    5b4e:	20 91 ec 05 	lds	r18, 0x05EC	; 0x8005ec <filt>
    5b52:	8e 53       	subi	r24, 0x3E	; 62
    5b54:	9e 4f       	sbci	r25, 0xFE	; 254
    5b56:	dc 01       	movw	r26, r24
    5b58:	2c 93       	st	X, r18
/home/jgalera/develop/arduino/usdx/usdx_plus_orange/usdx_plus_orange.ino:819
        filt =
            prev_filt[mode == CW]; // backup filter setting for previous mode,
    5b5a:	20 91 cc 01 	lds	r18, 0x01CC	; 0x8001cc <mode>
    5b5e:	81 e0       	ldi	r24, 0x01	; 1
    5b60:	90 e0       	ldi	r25, 0x00	; 0
    5b62:	22 30       	cpi	r18, 0x02	; 2
    5b64:	11 f0       	breq	.+4      	; 0x5b6a <main+0x1590>
    5b66:	90 e0       	ldi	r25, 0x00	; 0
    5b68:	80 e0       	ldi	r24, 0x00	; 0
    5b6a:	8e 53       	subi	r24, 0x3E	; 62
    5b6c:	9e 4f       	sbci	r25, 0xFE	; 254
    5b6e:	fc 01       	movw	r30, r24
    5b70:	80 81       	ld	r24, Z
/home/jgalera/develop/arduino/usdx/usdx_plus_orange/usdx_plus_orange.ino:818
                          CW]; // backup stepsize setting for previous mode,
                               // restore previous stepsize setting for current
                               // selected mode; filter settings captured for
                               // either CQ or other modes.
        prev_filt[prev_mode == CW] = filt;
        filt =
    5b72:	80 93 ec 05 	sts	0x05EC, r24	; 0x8005ec <filt>
/home/jgalera/develop/arduino/usdx/usdx_plus_orange/usdx_plus_orange.ino:825
                                   // restore previous filter setting for
                                   // current selected mode; filter settings
                                   // captured for either CQ or other modes.
#endif
        // paramAction(UPDATE, MODE);
        vfomode[vfosel % 2] = mode;
    5b76:	80 91 cc 01 	lds	r24, 0x01CC	; 0x8001cc <mode>
    5b7a:	90 91 eb 05 	lds	r25, 0x05EB	; 0x8005eb <vfosel>
    5b7e:	91 70       	andi	r25, 0x01	; 1
    5b80:	9f 87       	std	Y+15, r25	; 0x0f
    5b82:	18 8a       	std	Y+16, r1	; 0x10
    5b84:	ef 85       	ldd	r30, Y+15	; 0x0f
    5b86:	f8 89       	ldd	r31, Y+16	; 0x10
    5b88:	e0 54       	subi	r30, 0x40	; 64
    5b8a:	fe 4f       	sbci	r31, 0xFE	; 254
    5b8c:	80 83       	st	Z, r24
/home/jgalera/develop/arduino/usdx/usdx_plus_orange/usdx_plus_orange.ino:826
        paramAction(SAVE, (vfosel % 2) ? MODEB : MODEA); // save vfoa/b changes
    5b8e:	80 91 eb 05 	lds	r24, 0x05EB	; 0x8005eb <vfosel>
main():
    5b92:	61 e3       	ldi	r22, 0x31	; 49
loop():
    5b94:	80 ff       	sbrs	r24, 0
main():
    5b96:	60 e3       	ldi	r22, 0x30	; 48
loop():
    5b98:	84 e0       	ldi	r24, 0x04	; 4
    5b9a:	0e 94 b5 1d 	call	0x3b6a	; 0x3b6a <paramAction(unsigned char, unsigned char)>
/home/jgalera/develop/arduino/usdx/usdx_plus_orange/usdx_plus_orange.ino:827
        paramAction(SAVE, MODE);
    5b9e:	62 e0       	ldi	r22, 0x02	; 2
    5ba0:	84 e0       	ldi	r24, 0x04	; 4
    5ba2:	0e 94 b5 1d 	call	0x3b6a	; 0x3b6a <paramAction(unsigned char, unsigned char)>
/home/jgalera/develop/arduino/usdx/usdx_plus_orange/usdx_plus_orange.ino:828
        paramAction(SAVE, FILTER);
    5ba6:	63 e0       	ldi	r22, 0x03	; 3
    5ba8:	84 e0       	ldi	r24, 0x04	; 4
    5baa:	0e 94 b5 1d 	call	0x3b6a	; 0x3b6a <paramAction(unsigned char, unsigned char)>
/home/jgalera/develop/arduino/usdx/usdx_plus_orange/usdx_plus_orange.ino:829
        si5351.iqmsa = 0; // enforce PLL reset
    5bae:	10 92 cf 06 	sts	0x06CF, r1	; 0x8006cf <si5351+0x18>
    5bb2:	10 92 ce 06 	sts	0x06CE, r1	; 0x8006ce <si5351+0x17>
/home/jgalera/develop/arduino/usdx/usdx_plus_orange/usdx_plus_orange.ino:831
#ifdef CW_DECODER
        if ((prev_mode == CW) && (cwdec))
    5bb6:	12 30       	cpi	r17, 0x02	; 2
    5bb8:	29 f4       	brne	.+10     	; 0x5bc4 <main+0x15ea>
    5bba:	80 91 cb 01 	lds	r24, 0x01CB	; 0x8001cb <cwdec>
    5bbe:	81 11       	cpse	r24, r1
/home/jgalera/develop/arduino/usdx/usdx_plus_orange/usdx_plus_orange.ino:832
          show_banner();
    5bc0:	0e 94 fe 15 	call	0x2bfc	; 0x2bfc <show_banner()>
/home/jgalera/develop/arduino/usdx/usdx_plus_orange/usdx_plus_orange.ino:983
            powerDown();
          } // powerDown when volume < 0
          paramAction(SAVE, VOLUME);
        }
      }
      change = true; // refresh display
    5bc4:	81 e0       	ldi	r24, 0x01	; 1
    5bc6:	80 93 c5 01 	sts	0x01C5, r24	; 0x8001c5 <change>
    5bca:	be cc       	rjmp	.-1668   	; 0x5548 <main+0xf6e>
/home/jgalera/develop/arduino/usdx/usdx_plus_orange/usdx_plus_orange.ino:836
        if ((prev_mode == CW) && (cwdec))
          show_banner();
#endif
        change = true;
      } else {
        if (menumode == 1) {
    5bcc:	80 91 01 06 	lds	r24, 0x0601	; 0x800601 <menumode>
    5bd0:	81 30       	cpi	r24, 0x01	; 1
    5bd2:	11 f4       	brne	.+4      	; 0x5bd8 <main+0x15fe>
/home/jgalera/develop/arduino/usdx/usdx_plus_orange/usdx_plus_orange.ino:837
          menumode = 0;
    5bd4:	10 92 01 06 	sts	0x0601, r1	; 0x800601 <menumode>
/home/jgalera/develop/arduino/usdx/usdx_plus_orange/usdx_plus_orange.ino:839
        } // short right-click while in menu: enter value selection screen
        if (menumode >= 2) {
    5bd8:	80 91 01 06 	lds	r24, 0x0601	; 0x800601 <menumode>
    5bdc:	82 30       	cpi	r24, 0x02	; 2
    5bde:	08 f4       	brcc	.+2      	; 0x5be2 <main+0x1608>
    5be0:	b3 cc       	rjmp	.-1690   	; 0x5548 <main+0xf6e>
/home/jgalera/develop/arduino/usdx/usdx_plus_orange/usdx_plus_orange.ino:840
          menumode = 1;
    5be2:	81 e0       	ldi	r24, 0x01	; 1
    5be4:	80 93 01 06 	sts	0x0601, r24	; 0x800601 <menumode>
/home/jgalera/develop/arduino/usdx/usdx_plus_orange/usdx_plus_orange.ino:841
          change = true;
    5be8:	80 93 c5 01 	sts	0x01C5, r24	; 0x8001c5 <change>
/home/jgalera/develop/arduino/usdx/usdx_plus_orange/usdx_plus_orange.ino:842
          paramAction(SAVE, menu);
    5bec:	60 91 f0 05 	lds	r22, 0x05F0	; 0x8005f0 <menu>
    5bf0:	84 e0       	ldi	r24, 0x04	; 4
    5bf2:	0e 94 b5 1d 	call	0x3b6a	; 0x3b6a <paramAction(unsigned char, unsigned char)>
    5bf6:	a8 cc       	rjmp	.-1712   	; 0x5548 <main+0xf6e>
/home/jgalera/develop/arduino/usdx/usdx_plus_orange/usdx_plus_orange.ino:848
        } // short right-click while in value selection screen: save, and return
          // to menu screen
      }
      break;
    case BR | DC:
      filt++;
    5bf8:	80 91 ec 05 	lds	r24, 0x05EC	; 0x8005ec <filt>
    5bfc:	8f 5f       	subi	r24, 0xFF	; 255
    5bfe:	80 93 ec 05 	sts	0x05EC, r24	; 0x8005ec <filt>
/home/jgalera/develop/arduino/usdx/usdx_plus_orange/usdx_plus_orange.ino:849
      _init = true;
    5c02:	81 e0       	ldi	r24, 0x01	; 1
    5c04:	80 93 ea 05 	sts	0x05EA, r24	; 0x8005ea <_init>
/home/jgalera/develop/arduino/usdx/usdx_plus_orange/usdx_plus_orange.ino:850
      if (mode == CW && filt > N_FILT)
    5c08:	80 91 cc 01 	lds	r24, 0x01CC	; 0x8001cc <mode>
    5c0c:	82 30       	cpi	r24, 0x02	; 2
    5c0e:	39 f4       	brne	.+14     	; 0x5c1e <main+0x1644>
    5c10:	80 91 ec 05 	lds	r24, 0x05EC	; 0x8005ec <filt>
    5c14:	88 30       	cpi	r24, 0x08	; 8
    5c16:	18 f0       	brcs	.+6      	; 0x5c1e <main+0x1644>
/home/jgalera/develop/arduino/usdx/usdx_plus_orange/usdx_plus_orange.ino:851
        filt = 4;
    5c18:	84 e0       	ldi	r24, 0x04	; 4
    5c1a:	80 93 ec 05 	sts	0x05EC, r24	; 0x8005ec <filt>
/home/jgalera/develop/arduino/usdx/usdx_plus_orange/usdx_plus_orange.ino:852
      if (mode == CW && filt == 4)
    5c1e:	80 91 cc 01 	lds	r24, 0x01CC	; 0x8001cc <mode>
    5c22:	82 30       	cpi	r24, 0x02	; 2
    5c24:	39 f4       	brne	.+14     	; 0x5c34 <main+0x165a>
    5c26:	80 91 ec 05 	lds	r24, 0x05EC	; 0x8005ec <filt>
    5c2a:	84 30       	cpi	r24, 0x04	; 4
    5c2c:	19 f4       	brne	.+6      	; 0x5c34 <main+0x165a>
/home/jgalera/develop/arduino/usdx/usdx_plus_orange/usdx_plus_orange.ino:853
        stepsize = STEP_500; // reset stepsize for 500Hz filter
    5c2e:	86 e0       	ldi	r24, 0x06	; 6
    5c30:	80 93 c6 01 	sts	0x01C6, r24	; 0x8001c6 <stepsize>
/home/jgalera/develop/arduino/usdx/usdx_plus_orange/usdx_plus_orange.ino:854
      if (mode == CW && (filt == 5 || filt == 6) && stepsize < STEP_100)
    5c34:	80 91 cc 01 	lds	r24, 0x01CC	; 0x8001cc <mode>
    5c38:	82 30       	cpi	r24, 0x02	; 2
    5c3a:	79 f4       	brne	.+30     	; 0x5c5a <main+0x1680>
    5c3c:	80 91 ec 05 	lds	r24, 0x05EC	; 0x8005ec <filt>
    5c40:	85 30       	cpi	r24, 0x05	; 5
    5c42:	21 f0       	breq	.+8      	; 0x5c4c <main+0x1672>
    5c44:	80 91 ec 05 	lds	r24, 0x05EC	; 0x8005ec <filt>
    5c48:	86 30       	cpi	r24, 0x06	; 6
    5c4a:	39 f4       	brne	.+14     	; 0x5c5a <main+0x1680>
    5c4c:	80 91 c6 01 	lds	r24, 0x01C6	; 0x8001c6 <stepsize>
    5c50:	87 30       	cpi	r24, 0x07	; 7
    5c52:	18 f4       	brcc	.+6      	; 0x5c5a <main+0x1680>
/home/jgalera/develop/arduino/usdx/usdx_plus_orange/usdx_plus_orange.ino:855
        stepsize = STEP_100; // for CW BW 200, 100      -> step = 100 Hz
    5c54:	87 e0       	ldi	r24, 0x07	; 7
    5c56:	80 93 c6 01 	sts	0x01C6, r24	; 0x8001c6 <stepsize>
/home/jgalera/develop/arduino/usdx/usdx_plus_orange/usdx_plus_orange.ino:856
      if (mode == CW && filt == 7 && stepsize < STEP_10)
    5c5a:	80 91 cc 01 	lds	r24, 0x01CC	; 0x8001cc <mode>
    5c5e:	82 30       	cpi	r24, 0x02	; 2
    5c60:	59 f4       	brne	.+22     	; 0x5c78 <main+0x169e>
    5c62:	80 91 ec 05 	lds	r24, 0x05EC	; 0x8005ec <filt>
    5c66:	87 30       	cpi	r24, 0x07	; 7
    5c68:	39 f4       	brne	.+14     	; 0x5c78 <main+0x169e>
    5c6a:	80 91 c6 01 	lds	r24, 0x01C6	; 0x8001c6 <stepsize>
    5c6e:	88 30       	cpi	r24, 0x08	; 8
    5c70:	18 f4       	brcc	.+6      	; 0x5c78 <main+0x169e>
/home/jgalera/develop/arduino/usdx/usdx_plus_orange/usdx_plus_orange.ino:857
        stepsize = STEP_10; // for CW BW 50 -> step = 10 Hz
    5c72:	88 e0       	ldi	r24, 0x08	; 8
    5c74:	80 93 c6 01 	sts	0x01C6, r24	; 0x8001c6 <stepsize>
/home/jgalera/develop/arduino/usdx/usdx_plus_orange/usdx_plus_orange.ino:858
      if (mode != CW && filt > 3)
    5c78:	80 91 cc 01 	lds	r24, 0x01CC	; 0x8001cc <mode>
    5c7c:	82 30       	cpi	r24, 0x02	; 2
    5c7e:	31 f0       	breq	.+12     	; 0x5c8c <main+0x16b2>
    5c80:	80 91 ec 05 	lds	r24, 0x05EC	; 0x8005ec <filt>
    5c84:	84 30       	cpi	r24, 0x04	; 4
    5c86:	10 f0       	brcs	.+4      	; 0x5c8c <main+0x16b2>
/home/jgalera/develop/arduino/usdx/usdx_plus_orange/usdx_plus_orange.ino:859
        filt = 0;
    5c88:	10 92 ec 05 	sts	0x05EC, r1	; 0x8005ec <filt>
/home/jgalera/develop/arduino/usdx/usdx_plus_orange/usdx_plus_orange.ino:860
      encoder_val = 0;
    5c8c:	10 92 13 06 	sts	0x0613, r1	; 0x800613 <encoder_val>
/home/jgalera/develop/arduino/usdx/usdx_plus_orange/usdx_plus_orange.ino:861
      paramAction(UPDATE, FILTER);
    5c90:	63 e0       	ldi	r22, 0x03	; 3
    5c92:	80 e0       	ldi	r24, 0x00	; 0
    5c94:	0e 94 b5 1d 	call	0x3b6a	; 0x3b6a <paramAction(unsigned char, unsigned char)>
/home/jgalera/develop/arduino/usdx/usdx_plus_orange/usdx_plus_orange.ino:862
      paramAction(SAVE, FILTER);
    5c98:	63 e0       	ldi	r22, 0x03	; 3
    5c9a:	84 e0       	ldi	r24, 0x04	; 4
    5c9c:	0e 94 b5 1d 	call	0x3b6a	; 0x3b6a <paramAction(unsigned char, unsigned char)>
/home/jgalera/develop/arduino/usdx/usdx_plus_orange/usdx_plus_orange.ino:863
      wdt_reset();
    5ca0:	a8 95       	wdr
/home/jgalera/develop/arduino/usdx/usdx_plus_orange/usdx_plus_orange.ino:864
      delay(1500);
    5ca2:	6c ed       	ldi	r22, 0xDC	; 220
    5ca4:	75 e0       	ldi	r23, 0x05	; 5
    5ca6:	80 e0       	ldi	r24, 0x00	; 0
    5ca8:	90 e0       	ldi	r25, 0x00	; 0
    5caa:	0e 94 2d 07 	call	0xe5a	; 0xe5a <delay>
/home/jgalera/develop/arduino/usdx/usdx_plus_orange/usdx_plus_orange.ino:865
      wdt_reset();
    5cae:	a8 95       	wdr
    5cb0:	89 cf       	rjmp	.-238    	; 0x5bc4 <main+0x15ea>
/home/jgalera/develop/arduino/usdx/usdx_plus_orange/usdx_plus_orange.ino:897
        // for(;micros() < next;);  next = micros() + 16;   // sync every
        // 1000000/62500=16ms (or later if missed)
      } //
#endif // SIMPLE_RX
#ifdef RIT_ENABLE
      rit = !rit;
    5cb2:	20 91 ed 05 	lds	r18, 0x05ED	; 0x8005ed <rit>
    5cb6:	30 91 ee 05 	lds	r19, 0x05EE	; 0x8005ee <rit+0x1>
    5cba:	81 e0       	ldi	r24, 0x01	; 1
    5cbc:	90 e0       	ldi	r25, 0x00	; 0
    5cbe:	23 2b       	or	r18, r19
    5cc0:	11 f0       	breq	.+4      	; 0x5cc6 <main+0x16ec>
    5cc2:	90 e0       	ldi	r25, 0x00	; 0
    5cc4:	80 e0       	ldi	r24, 0x00	; 0
    5cc6:	90 93 ee 05 	sts	0x05EE, r25	; 0x8005ee <rit+0x1>
    5cca:	80 93 ed 05 	sts	0x05ED, r24	; 0x8005ed <rit>
/home/jgalera/develop/arduino/usdx/usdx_plus_orange/usdx_plus_orange.ino:898
      stepsize = (rit) ? STEP_10 : prev_stepsize[mode == CW];
    5cce:	80 91 ed 05 	lds	r24, 0x05ED	; 0x8005ed <rit>
    5cd2:	90 91 ee 05 	lds	r25, 0x05EE	; 0x8005ee <rit+0x1>
    5cd6:	89 2b       	or	r24, r25
    5cd8:	09 f0       	breq	.+2      	; 0x5cdc <main+0x1702>
    5cda:	52 c0       	rjmp	.+164    	; 0x5d80 <main+0x17a6>
    5cdc:	20 91 cc 01 	lds	r18, 0x01CC	; 0x8001cc <mode>
    5ce0:	81 e0       	ldi	r24, 0x01	; 1
    5ce2:	90 e0       	ldi	r25, 0x00	; 0
    5ce4:	22 30       	cpi	r18, 0x02	; 2
    5ce6:	11 f0       	breq	.+4      	; 0x5cec <main+0x1712>
    5ce8:	90 e0       	ldi	r25, 0x00	; 0
    5cea:	80 e0       	ldi	r24, 0x00	; 0
    5cec:	89 53       	subi	r24, 0x39	; 57
    5cee:	9e 4f       	sbci	r25, 0xFE	; 254
    5cf0:	dc 01       	movw	r26, r24
    5cf2:	8c 91       	ld	r24, X
    5cf4:	80 93 c6 01 	sts	0x01C6, r24	; 0x8001c6 <stepsize>
/home/jgalera/develop/arduino/usdx/usdx_plus_orange/usdx_plus_orange.ino:899
      if (!rit) { // after RIT comes VFO A/B swap
    5cf8:	80 91 ed 05 	lds	r24, 0x05ED	; 0x8005ed <rit>
    5cfc:	90 91 ee 05 	lds	r25, 0x05EE	; 0x8005ee <rit+0x1>
    5d00:	89 2b       	or	r24, r25
    5d02:	09 f0       	breq	.+2      	; 0x5d06 <main+0x172c>
    5d04:	5f cf       	rjmp	.-322    	; 0x5bc4 <main+0x15ea>
/home/jgalera/develop/arduino/usdx/usdx_plus_orange/usdx_plus_orange.ino:903
#else
    {
#endif // RIT_ENABLE
        vfosel = !vfosel;
    5d06:	90 91 eb 05 	lds	r25, 0x05EB	; 0x8005eb <vfosel>
    5d0a:	81 e0       	ldi	r24, 0x01	; 1
    5d0c:	91 11       	cpse	r25, r1
    5d0e:	80 e0       	ldi	r24, 0x00	; 0
    5d10:	80 93 eb 05 	sts	0x05EB, r24	; 0x8005eb <vfosel>
/home/jgalera/develop/arduino/usdx/usdx_plus_orange/usdx_plus_orange.ino:904
        freq = vfo[vfosel % 2]; // todo: share code with menumode
    5d14:	80 91 eb 05 	lds	r24, 0x05EB	; 0x8005eb <vfosel>
    5d18:	81 70       	andi	r24, 0x01	; 1
    5d1a:	89 8b       	std	Y+17, r24	; 0x11
    5d1c:	1a 8a       	std	Y+18, r1	; 0x12
    5d1e:	e9 89       	ldd	r30, Y+17	; 0x11
    5d20:	fa 89       	ldd	r31, Y+18	; 0x12
    5d22:	ee 0f       	add	r30, r30
    5d24:	ff 1f       	adc	r31, r31
    5d26:	ee 0f       	add	r30, r30
    5d28:	ff 1f       	adc	r31, r31
    5d2a:	e8 54       	subi	r30, 0x48	; 72
    5d2c:	fe 4f       	sbci	r31, 0xFE	; 254
    5d2e:	80 81       	ld	r24, Z
    5d30:	91 81       	ldd	r25, Z+1	; 0x01
    5d32:	a2 81       	ldd	r26, Z+2	; 0x02
    5d34:	b3 81       	ldd	r27, Z+3	; 0x03
    5d36:	80 93 b4 01 	sts	0x01B4, r24	; 0x8001b4 <freq>
    5d3a:	90 93 b5 01 	sts	0x01B5, r25	; 0x8001b5 <freq+0x1>
    5d3e:	a0 93 b6 01 	sts	0x01B6, r26	; 0x8001b6 <freq+0x2>
    5d42:	b0 93 b7 01 	sts	0x01B7, r27	; 0x8001b7 <freq+0x3>
/home/jgalera/develop/arduino/usdx/usdx_plus_orange/usdx_plus_orange.ino:905
        mode = vfomode[vfosel % 2];
    5d46:	80 91 eb 05 	lds	r24, 0x05EB	; 0x8005eb <vfosel>
    5d4a:	81 70       	andi	r24, 0x01	; 1
    5d4c:	8b 8b       	std	Y+19, r24	; 0x13
    5d4e:	1c 8a       	std	Y+20, r1	; 0x14
    5d50:	eb 89       	ldd	r30, Y+19	; 0x13
    5d52:	fc 89       	ldd	r31, Y+20	; 0x14
    5d54:	e0 54       	subi	r30, 0x40	; 64
    5d56:	fe 4f       	sbci	r31, 0xFE	; 254
    5d58:	80 81       	ld	r24, Z
    5d5a:	80 93 cc 01 	sts	0x01CC, r24	; 0x8001cc <mode>
/home/jgalera/develop/arduino/usdx/usdx_plus_orange/usdx_plus_orange.ino:907
        // make more generic:
        if (mode != CW)
    5d5e:	80 91 cc 01 	lds	r24, 0x01CC	; 0x8001cc <mode>
    5d62:	82 30       	cpi	r24, 0x02	; 2
    5d64:	79 f0       	breq	.+30     	; 0x5d84 <main+0x17aa>
/home/jgalera/develop/arduino/usdx/usdx_plus_orange/usdx_plus_orange.ino:908
          stepsize = STEP_1k;
    5d66:	85 e0       	ldi	r24, 0x05	; 5
/home/jgalera/develop/arduino/usdx/usdx_plus_orange/usdx_plus_orange.ino:910
        else
          stepsize = STEP_500;
    5d68:	80 93 c6 01 	sts	0x01C6, r24	; 0x8001c6 <stepsize>
/home/jgalera/develop/arduino/usdx/usdx_plus_orange/usdx_plus_orange.ino:911
        if (mode == CW) {
    5d6c:	80 91 cc 01 	lds	r24, 0x01CC	; 0x8001cc <mode>
    5d70:	82 30       	cpi	r24, 0x02	; 2
    5d72:	51 f4       	brne	.+20     	; 0x5d88 <main+0x17ae>
/home/jgalera/develop/arduino/usdx/usdx_plus_orange/usdx_plus_orange.ino:912
          filt = 4;
    5d74:	84 e0       	ldi	r24, 0x04	; 4
    5d76:	80 93 ec 05 	sts	0x05EC, r24	; 0x8005ec <filt>
/home/jgalera/develop/arduino/usdx/usdx_plus_orange/usdx_plus_orange.ino:913
          nr = 0;
    5d7a:	10 92 c4 01 	sts	0x01C4, r1	; 0x8001c4 <nr>
    5d7e:	22 cf       	rjmp	.-444    	; 0x5bc4 <main+0x15ea>
main():
/home/jgalera/develop/arduino/usdx/usdx_plus_orange/usdx_plus_orange.ino:898
        // 1000000/62500=16ms (or later if missed)
      } //
#endif // SIMPLE_RX
#ifdef RIT_ENABLE
      rit = !rit;
      stepsize = (rit) ? STEP_10 : prev_stepsize[mode == CW];
    5d80:	88 e0       	ldi	r24, 0x08	; 8
    5d82:	b8 cf       	rjmp	.-144    	; 0x5cf4 <main+0x171a>
loop():
/home/jgalera/develop/arduino/usdx/usdx_plus_orange/usdx_plus_orange.ino:910
        mode = vfomode[vfosel % 2];
        // make more generic:
        if (mode != CW)
          stepsize = STEP_1k;
        else
          stepsize = STEP_500;
    5d84:	86 e0       	ldi	r24, 0x06	; 6
    5d86:	f0 cf       	rjmp	.-32     	; 0x5d68 <main+0x178e>
/home/jgalera/develop/arduino/usdx/usdx_plus_orange/usdx_plus_orange.ino:915
        if (mode == CW) {
          filt = 4;
          nr = 0;
        } else
          filt = 0;
    5d88:	10 92 ec 05 	sts	0x05EC, r1	; 0x8005ec <filt>
    5d8c:	1b cf       	rjmp	.-458    	; 0x5bc4 <main+0x15ea>
/home/jgalera/develop/arduino/usdx/usdx_plus_orange/usdx_plus_orange.ino:939
    case BE | SC:
      if (!menumode) {
        stepsize_change(+1);
      } else {
        int8_t _menumode;
        if (menumode == 1) {
    5d8e:	80 91 01 06 	lds	r24, 0x0601	; 0x800601 <menumode>
/home/jgalera/develop/arduino/usdx/usdx_plus_orange/usdx_plus_orange.ino:942
          _menumode = 2;
        } // short encoder-click while in menu: enter value selection screen
        if (menumode == 2) {
    5d92:	80 91 01 06 	lds	r24, 0x0601	; 0x800601 <menumode>
    5d96:	82 30       	cpi	r24, 0x02	; 2
    5d98:	a9 f4       	brne	.+42     	; 0x5dc4 <main+0x17ea>
/home/jgalera/develop/arduino/usdx/usdx_plus_orange/usdx_plus_orange.ino:944
          _menumode = 1;
          change = true;
    5d9a:	81 e0       	ldi	r24, 0x01	; 1
    5d9c:	80 93 c5 01 	sts	0x01C5, r24	; 0x8001c5 <change>
/home/jgalera/develop/arduino/usdx/usdx_plus_orange/usdx_plus_orange.ino:945
          paramAction(SAVE, menu);
    5da0:	60 91 f0 05 	lds	r22, 0x05F0	; 0x8005f0 <menu>
    5da4:	84 e0       	ldi	r24, 0x04	; 4
    5da6:	0e 94 b5 1d 	call	0x3b6a	; 0x3b6a <paramAction(unsigned char, unsigned char)>
main():
/home/jgalera/develop/arduino/usdx/usdx_plus_orange/usdx_plus_orange.ino:943
        int8_t _menumode;
        if (menumode == 1) {
          _menumode = 2;
        } // short encoder-click while in menu: enter value selection screen
        if (menumode == 2) {
          _menumode = 1;
    5daa:	81 e0       	ldi	r24, 0x01	; 1
loop():
/home/jgalera/develop/arduino/usdx/usdx_plus_orange/usdx_plus_orange.ino:949
          change = true;
          paramAction(SAVE, menu);
        } // short encoder-click while in value selection screen: save, and
          // return to menu screen
#ifdef MENU_STR
        if (menumode == 3) {
    5dac:	90 91 01 06 	lds	r25, 0x0601	; 0x800601 <menumode>
    5db0:	93 30       	cpi	r25, 0x03	; 3
    5db2:	09 f0       	breq	.+2      	; 0x5db6 <main+0x17dc>
    5db4:	60 ce       	rjmp	.-832    	; 0x5a76 <main+0x149c>
/home/jgalera/develop/arduino/usdx/usdx_plus_orange/usdx_plus_orange.ino:951
          _menumode = 3;
          paramAction(NEXT_CH, menu);
    5db6:	60 91 f0 05 	lds	r22, 0x05F0	; 0x8005f0 <menu>
    5dba:	86 e0       	ldi	r24, 0x06	; 6
    5dbc:	0e 94 b5 1d 	call	0x3b6a	; 0x3b6a <paramAction(unsigned char, unsigned char)>
main():
/home/jgalera/develop/arduino/usdx/usdx_plus_orange/usdx_plus_orange.ino:950
          paramAction(SAVE, menu);
        } // short encoder-click while in value selection screen: save, and
          // return to menu screen
#ifdef MENU_STR
        if (menumode == 3) {
          _menumode = 3;
    5dc0:	83 e0       	ldi	r24, 0x03	; 3
    5dc2:	59 ce       	rjmp	.-846    	; 0x5a76 <main+0x149c>
loop():
/home/jgalera/develop/arduino/usdx/usdx_plus_orange/usdx_plus_orange.ino:942
      } else {
        int8_t _menumode;
        if (menumode == 1) {
          _menumode = 2;
        } // short encoder-click while in menu: enter value selection screen
        if (menumode == 2) {
    5dc4:	82 e0       	ldi	r24, 0x02	; 2
    5dc6:	f2 cf       	rjmp	.-28     	; 0x5dac <main+0x17d2>
/home/jgalera/develop/arduino/usdx/usdx_plus_orange/usdx_plus_orange.ino:960
        menumode = _menumode;
      }
      break;
    case BE | DC:
      // delay(100);
      bandval++;
    5dc8:	80 91 b3 01 	lds	r24, 0x01B3	; 0x8001b3 <bandval>
    5dcc:	8f 5f       	subi	r24, 0xFF	; 255
/home/jgalera/develop/arduino/usdx/usdx_plus_orange/usdx_plus_orange.ino:962
      // if(bandval >= N_BANDS) bandval = 0;
      if (bandval >= (N_BANDS - 1))
    5dce:	8a 30       	cpi	r24, 0x0A	; 10
    5dd0:	20 f4       	brcc	.+8      	; 0x5dda <main+0x1800>
/home/jgalera/develop/arduino/usdx/usdx_plus_orange/usdx_plus_orange.ino:963
        bandval = 1; // excludes 6m, 160m
    5dd2:	80 93 b3 01 	sts	0x01B3, r24	; 0x8001b3 <bandval>
/home/jgalera/develop/arduino/usdx/usdx_plus_orange/usdx_plus_orange.ino:964
      stepsize = STEP_1k;
    5dd6:	85 e0       	ldi	r24, 0x05	; 5
    5dd8:	a1 cd       	rjmp	.-1214   	; 0x591c <main+0x1342>
/home/jgalera/develop/arduino/usdx/usdx_plus_orange/usdx_plus_orange.ino:963
    case BE | DC:
      // delay(100);
      bandval++;
      // if(bandval >= N_BANDS) bandval = 0;
      if (bandval >= (N_BANDS - 1))
        bandval = 1; // excludes 6m, 160m
    5dda:	81 e0       	ldi	r24, 0x01	; 1
    5ddc:	fa cf       	rjmp	.-12     	; 0x5dd2 <main+0x17f8>
/home/jgalera/develop/arduino/usdx/usdx_plus_orange/usdx_plus_orange.ino:968
      stepsize = STEP_1k;
      change = true;
      break;
    case BE | PL:
      stepsize_change(-1);
    5dde:	8f ef       	ldi	r24, 0xFF	; 255
    5de0:	af cd       	rjmp	.-1186   	; 0x5940 <main+0x1366>
/home/jgalera/develop/arduino/usdx/usdx_plus_orange/usdx_plus_orange.ino:980
          if (volume < 0) {
            volume = 10;
            paramAction(SAVE, VOLUME);
            powerDown();
          } // powerDown when volume < 0
          paramAction(SAVE, VOLUME);
    5de2:	61 e0       	ldi	r22, 0x01	; 1
    5de4:	84 e0       	ldi	r24, 0x04	; 4
    5de6:	0e 94 b5 1d 	call	0x3b6a	; 0x3b6a <paramAction(unsigned char, unsigned char)>
    5dea:	b3 cd       	rjmp	.-1178   	; 0x5952 <main+0x1378>
/home/jgalera/develop/arduino/usdx/usdx_plus_orange/usdx_plus_orange.ino:1107
      encoder_val--;
      break;
#endif // ONEBUTTON
    }
  } else
    event = 0; // no button pressed: reset event
    5dec:	10 92 f1 05 	sts	0x05F1, r1	; 0x8005f1 <event>
    5df0:	ab cb       	rjmp	.-2218   	; 0x5548 <main+0xf6e>
main():
/home/jgalera/.arduino15/packages/MiniCore/hardware/avr/3.1.1/cores/MCUdude_corefiles/Arduino.h:315
    5df2:	8c e2       	ldi	r24, 0x2C	; 44
    5df4:	90 e0       	ldi	r25, 0x00	; 0
    5df6:	ce cb       	rjmp	.-2148   	; 0x5594 <main+0xfba>
loop():
/home/jgalera/develop/arduino/usdx/usdx_plus_orange/usdx_plus_orange.ino:1122
#endif
      menu = paramAction(NEXT_MENU,
                         menu); // auto probe next menu item (gaps may exist)
      encoder_val = 0;
    }
    if (encoder_change || (prev_menumode != menumode))
    5df8:	11 11       	cpse	r17, r1
    5dfa:	dc cb       	rjmp	.-2120   	; 0x55b4 <main+0xfda>
    5dfc:	90 91 e9 05 	lds	r25, 0x05E9	; 0x8005e9 <prev_menumode>
    5e00:	80 91 01 06 	lds	r24, 0x0601	; 0x800601 <menumode>
    5e04:	98 13       	cpse	r25, r24
    5e06:	d6 cb       	rjmp	.-2132   	; 0x55b4 <main+0xfda>
/home/jgalera/develop/arduino/usdx/usdx_plus_orange/usdx_plus_orange.ino:1127
      paramAction(UPDATE_MENU,
                  (menumode)
                      ? menu
                      : 0); // update param with encoder change and display
    prev_menumode = menumode;
    5e08:	80 91 01 06 	lds	r24, 0x0601	; 0x800601 <menumode>
    5e0c:	80 93 e9 05 	sts	0x05E9, r24	; 0x8005e9 <prev_menumode>
/home/jgalera/develop/arduino/usdx/usdx_plus_orange/usdx_plus_orange.ino:1128
    if (menumode == 2) {
    5e10:	80 91 01 06 	lds	r24, 0x0601	; 0x800601 <menumode>
    5e14:	82 30       	cpi	r24, 0x02	; 2
    5e16:	09 f0       	breq	.+2      	; 0x5e1a <main+0x1840>
    5e18:	28 c1       	rjmp	.+592    	; 0x606a <main+0x1a90>
/home/jgalera/develop/arduino/usdx/usdx_plus_orange/usdx_plus_orange.ino:1129
      if (encoder_change) {
    5e1a:	11 23       	and	r17, r17
    5e1c:	09 f4       	brne	.+2      	; 0x5e20 <main+0x1846>
    5e1e:	25 c1       	rjmp	.+586    	; 0x606a <main+0x1a90>
setCursor():
/home/jgalera/develop/arduino/usdx/usdx_plus_orange/src/driver/display.cpp:430
#ifdef CONDENSED
void LCD::setCursor(uint8_t x, uint8_t y) {
  cmd(0x80 | (x + (uint8_t[]){0x00, 0x40, 0x00 + 20, 0x40 + 20}[y]));
}
#else
void LCD::setCursor(uint8_t x, uint8_t y) { cmd(0x80 | (x + y * 0x40)); }
    5e20:	80 ec       	ldi	r24, 0xC0	; 192
    5e22:	0e 94 b5 08 	call	0x116a	; 0x116a <LCD::cmd(unsigned char) [clone .constprop.54]>
cursor():
/home/jgalera/develop/arduino/usdx/usdx_plus_orange/src/driver/display.cpp:432
#endif
void LCD::cursor() { cmd(0x0e); }
    5e26:	8e e0       	ldi	r24, 0x0E	; 14
    5e28:	0e 94 b5 08 	call	0x116a	; 0x116a <LCD::cmd(unsigned char) [clone .constprop.54]>
loop():
/home/jgalera/develop/arduino/usdx/usdx_plus_orange/usdx_plus_orange.ino:1132
        lcd.setCursor(0, 1);
        lcd.cursor();       // edits menu item value; make cursor visible
        if (menu == MODE) { // post-handling Mode parameter
    5e2c:	80 91 f0 05 	lds	r24, 0x05F0	; 0x8005f0 <menu>
    5e30:	82 30       	cpi	r24, 0x02	; 2
    5e32:	69 f5       	brne	.+90     	; 0x5e8e <main+0x18b4>
/home/jgalera/develop/arduino/usdx/usdx_plus_orange/usdx_plus_orange.ino:1133
          vfomode[vfosel % 2] = mode;
    5e34:	80 91 cc 01 	lds	r24, 0x01CC	; 0x8001cc <mode>
    5e38:	90 91 eb 05 	lds	r25, 0x05EB	; 0x8005eb <vfosel>
    5e3c:	91 70       	andi	r25, 0x01	; 1
    5e3e:	9d 8b       	std	Y+21, r25	; 0x15
    5e40:	1e 8a       	std	Y+22, r1	; 0x16
    5e42:	ed 89       	ldd	r30, Y+21	; 0x15
    5e44:	fe 89       	ldd	r31, Y+22	; 0x16
    5e46:	e0 54       	subi	r30, 0x40	; 64
    5e48:	fe 4f       	sbci	r31, 0xFE	; 254
    5e4a:	80 83       	st	Z, r24
/home/jgalera/develop/arduino/usdx/usdx_plus_orange/usdx_plus_orange.ino:1135
          paramAction(SAVE,
                      (vfosel % 2) ? MODEB : MODEA); // save vfoa/b changes
    5e4c:	80 91 eb 05 	lds	r24, 0x05EB	; 0x8005eb <vfosel>
main():
/home/jgalera/develop/arduino/usdx/usdx_plus_orange/usdx_plus_orange.ino:1134
      if (encoder_change) {
        lcd.setCursor(0, 1);
        lcd.cursor();       // edits menu item value; make cursor visible
        if (menu == MODE) { // post-handling Mode parameter
          vfomode[vfosel % 2] = mode;
          paramAction(SAVE,
    5e50:	61 e3       	ldi	r22, 0x31	; 49
loop():
    5e52:	80 ff       	sbrs	r24, 0
main():
    5e54:	60 e3       	ldi	r22, 0x30	; 48
loop():
    5e56:	84 e0       	ldi	r24, 0x04	; 4
    5e58:	0e 94 b5 1d 	call	0x3b6a	; 0x3b6a <paramAction(unsigned char, unsigned char)>
/home/jgalera/develop/arduino/usdx/usdx_plus_orange/usdx_plus_orange.ino:1136
                      (vfosel % 2) ? MODEB : MODEA); // save vfoa/b changes
          change = true;
    5e5c:	81 e0       	ldi	r24, 0x01	; 1
    5e5e:	80 93 c5 01 	sts	0x01C5, r24	; 0x8001c5 <change>
/home/jgalera/develop/arduino/usdx/usdx_plus_orange/usdx_plus_orange.ino:1137
          si5351.iqmsa = 0; // enforce PLL reset
    5e62:	10 92 cf 06 	sts	0x06CF, r1	; 0x8006cf <si5351+0x18>
    5e66:	10 92 ce 06 	sts	0x06CE, r1	; 0x8006ce <si5351+0x17>
/home/jgalera/develop/arduino/usdx/usdx_plus_orange/usdx_plus_orange.ino:1139
          // make more generic:
          if (mode != CW)
    5e6a:	80 91 cc 01 	lds	r24, 0x01CC	; 0x8001cc <mode>
    5e6e:	82 30       	cpi	r24, 0x02	; 2
    5e70:	09 f4       	brne	.+2      	; 0x5e74 <main+0x189a>
    5e72:	79 c3       	rjmp	.+1778   	; 0x6566 <main+0x1f8c>
/home/jgalera/develop/arduino/usdx/usdx_plus_orange/usdx_plus_orange.ino:1140
            stepsize = STEP_1k;
    5e74:	85 e0       	ldi	r24, 0x05	; 5
/home/jgalera/develop/arduino/usdx/usdx_plus_orange/usdx_plus_orange.ino:1142
          else
            stepsize = STEP_500;
    5e76:	80 93 c6 01 	sts	0x01C6, r24	; 0x8001c6 <stepsize>
/home/jgalera/develop/arduino/usdx/usdx_plus_orange/usdx_plus_orange.ino:1143
          if (mode == CW) {
    5e7a:	80 91 cc 01 	lds	r24, 0x01CC	; 0x8001cc <mode>
    5e7e:	82 30       	cpi	r24, 0x02	; 2
    5e80:	09 f0       	breq	.+2      	; 0x5e84 <main+0x18aa>
    5e82:	73 c3       	rjmp	.+1766   	; 0x656a <main+0x1f90>
/home/jgalera/develop/arduino/usdx/usdx_plus_orange/usdx_plus_orange.ino:1144
            filt = 4;
    5e84:	84 e0       	ldi	r24, 0x04	; 4
    5e86:	80 93 ec 05 	sts	0x05EC, r24	; 0x8005ec <filt>
/home/jgalera/develop/arduino/usdx/usdx_plus_orange/usdx_plus_orange.ino:1145
            nr = 0;
    5e8a:	10 92 c4 01 	sts	0x01C4, r1	; 0x8001c4 <nr>
/home/jgalera/develop/arduino/usdx/usdx_plus_orange/usdx_plus_orange.ino:1149
          } else
            filt = 0;
        }
        if (menu == BAND) {
    5e8e:	80 91 f0 05 	lds	r24, 0x05F0	; 0x8005f0 <menu>
    5e92:	84 30       	cpi	r24, 0x04	; 4
    5e94:	19 f4       	brne	.+6      	; 0x5e9c <main+0x18c2>
/home/jgalera/develop/arduino/usdx/usdx_plus_orange/usdx_plus_orange.ino:1150
          change = true;
    5e96:	81 e0       	ldi	r24, 0x01	; 1
    5e98:	80 93 c5 01 	sts	0x01C5, r24	; 0x8001c5 <change>
/home/jgalera/develop/arduino/usdx/usdx_plus_orange/usdx_plus_orange.ino:1154
        }

        // if(menu == NR){ if(mode == CW) nr = false; }
        if (menu == VFOSEL) {
    5e9c:	80 91 f0 05 	lds	r24, 0x05F0	; 0x8005f0 <menu>
    5ea0:	86 30       	cpi	r24, 0x06	; 6
    5ea2:	c9 f5       	brne	.+114    	; 0x5f16 <main+0x193c>
/home/jgalera/develop/arduino/usdx/usdx_plus_orange/usdx_plus_orange.ino:1155
          freq = vfo[vfosel % 2];
    5ea4:	90 91 eb 05 	lds	r25, 0x05EB	; 0x8005eb <vfosel>
    5ea8:	91 70       	andi	r25, 0x01	; 1
    5eaa:	9f 8b       	std	Y+23, r25	; 0x17
    5eac:	18 8e       	std	Y+24, r1	; 0x18
    5eae:	ef 89       	ldd	r30, Y+23	; 0x17
    5eb0:	f8 8d       	ldd	r31, Y+24	; 0x18
    5eb2:	ee 0f       	add	r30, r30
    5eb4:	ff 1f       	adc	r31, r31
    5eb6:	ee 0f       	add	r30, r30
    5eb8:	ff 1f       	adc	r31, r31
    5eba:	e8 54       	subi	r30, 0x48	; 72
    5ebc:	fe 4f       	sbci	r31, 0xFE	; 254
    5ebe:	40 81       	ld	r20, Z
    5ec0:	51 81       	ldd	r21, Z+1	; 0x01
    5ec2:	62 81       	ldd	r22, Z+2	; 0x02
    5ec4:	73 81       	ldd	r23, Z+3	; 0x03
    5ec6:	40 93 b4 01 	sts	0x01B4, r20	; 0x8001b4 <freq>
    5eca:	50 93 b5 01 	sts	0x01B5, r21	; 0x8001b5 <freq+0x1>
    5ece:	60 93 b6 01 	sts	0x01B6, r22	; 0x8001b6 <freq+0x2>
    5ed2:	70 93 b7 01 	sts	0x01B7, r23	; 0x8001b7 <freq+0x3>
/home/jgalera/develop/arduino/usdx/usdx_plus_orange/usdx_plus_orange.ino:1156
          mode = vfomode[vfosel % 2];
    5ed6:	90 91 eb 05 	lds	r25, 0x05EB	; 0x8005eb <vfosel>
    5eda:	91 70       	andi	r25, 0x01	; 1
    5edc:	99 8f       	std	Y+25, r25	; 0x19
    5ede:	1a 8e       	std	Y+26, r1	; 0x1a
    5ee0:	e9 8d       	ldd	r30, Y+25	; 0x19
    5ee2:	fa 8d       	ldd	r31, Y+26	; 0x1a
    5ee4:	e0 54       	subi	r30, 0x40	; 64
    5ee6:	fe 4f       	sbci	r31, 0xFE	; 254
    5ee8:	90 81       	ld	r25, Z
    5eea:	90 93 cc 01 	sts	0x01CC, r25	; 0x8001cc <mode>
/home/jgalera/develop/arduino/usdx/usdx_plus_orange/usdx_plus_orange.ino:1158
          // make more generic:
          if (mode != CW)
    5eee:	90 91 cc 01 	lds	r25, 0x01CC	; 0x8001cc <mode>
    5ef2:	92 30       	cpi	r25, 0x02	; 2
    5ef4:	09 f0       	breq	.+2      	; 0x5ef8 <main+0x191e>
/home/jgalera/develop/arduino/usdx/usdx_plus_orange/usdx_plus_orange.ino:1159
            stepsize = STEP_1k;
    5ef6:	85 e0       	ldi	r24, 0x05	; 5
/home/jgalera/develop/arduino/usdx/usdx_plus_orange/usdx_plus_orange.ino:1161
          else
            stepsize = STEP_500;
    5ef8:	80 93 c6 01 	sts	0x01C6, r24	; 0x8001c6 <stepsize>
/home/jgalera/develop/arduino/usdx/usdx_plus_orange/usdx_plus_orange.ino:1162
          if (mode == CW) {
    5efc:	80 91 cc 01 	lds	r24, 0x01CC	; 0x8001cc <mode>
    5f00:	82 30       	cpi	r24, 0x02	; 2
    5f02:	09 f0       	breq	.+2      	; 0x5f06 <main+0x192c>
    5f04:	35 c3       	rjmp	.+1642   	; 0x6570 <main+0x1f96>
/home/jgalera/develop/arduino/usdx/usdx_plus_orange/usdx_plus_orange.ino:1163
            filt = 4;
    5f06:	84 e0       	ldi	r24, 0x04	; 4
    5f08:	80 93 ec 05 	sts	0x05EC, r24	; 0x8005ec <filt>
/home/jgalera/develop/arduino/usdx/usdx_plus_orange/usdx_plus_orange.ino:1164
            nr = 0;
    5f0c:	10 92 c4 01 	sts	0x01C4, r1	; 0x8001c4 <nr>
/home/jgalera/develop/arduino/usdx/usdx_plus_orange/usdx_plus_orange.ino:1167
          } else
            filt = 0;
          change = true;
    5f10:	81 e0       	ldi	r24, 0x01	; 1
    5f12:	80 93 c5 01 	sts	0x01C5, r24	; 0x8001c5 <change>
/home/jgalera/develop/arduino/usdx/usdx_plus_orange/usdx_plus_orange.ino:1170
        }
#ifdef RIT_ENABLE
        if (menu == RIT) {
    5f16:	80 91 f0 05 	lds	r24, 0x05F0	; 0x8005f0 <menu>
    5f1a:	87 30       	cpi	r24, 0x07	; 7
    5f1c:	69 f4       	brne	.+26     	; 0x5f38 <main+0x195e>
/home/jgalera/develop/arduino/usdx/usdx_plus_orange/usdx_plus_orange.ino:1171
          stepsize = (rit) ? STEP_10 : STEP_500;
    5f1e:	80 91 ed 05 	lds	r24, 0x05ED	; 0x8005ed <rit>
    5f22:	90 91 ee 05 	lds	r25, 0x05EE	; 0x8005ee <rit+0x1>
    5f26:	89 2b       	or	r24, r25
    5f28:	09 f4       	brne	.+2      	; 0x5f2c <main+0x1952>
    5f2a:	25 c3       	rjmp	.+1610   	; 0x6576 <main+0x1f9c>
main():
    5f2c:	88 e0       	ldi	r24, 0x08	; 8
loop():
    5f2e:	80 93 c6 01 	sts	0x01C6, r24	; 0x8001c6 <stepsize>
/home/jgalera/develop/arduino/usdx/usdx_plus_orange/usdx_plus_orange.ino:1172
          change = true;
    5f32:	81 e0       	ldi	r24, 0x01	; 1
    5f34:	80 93 c5 01 	sts	0x01C5, r24	; 0x8001c5 <change>
/home/jgalera/develop/arduino/usdx/usdx_plus_orange/usdx_plus_orange.ino:1176
        }
#endif
        // if(menu == VOX){ if(vox){ vox_thresh-=1; } else { vox_thresh+=1; }; }
        if (menu == ATT) { // post-handling ATT parameter
    5f38:	80 91 f0 05 	lds	r24, 0x05F0	; 0x8005f0 <menu>
    5f3c:	8a 30       	cpi	r24, 0x0A	; 10
    5f3e:	c9 f5       	brne	.+114    	; 0x5fb2 <main+0x19d8>
/home/jgalera/develop/arduino/usdx/usdx_plus_orange/usdx_plus_orange.ino:1178
          if (dsp_cap == SDR) {
            noInterrupts();
    5f40:	f8 94       	cli
/home/jgalera/develop/arduino/usdx/usdx_plus_orange/usdx_plus_orange.ino:1185
            adc_start(1, !(att & 0x01) /*true*/, F_ADC_CONV);
            admux[0] = ADMUX;
            adc_start(0, !(att & 0x01) /*true*/, F_ADC_CONV);
            admux[1] = ADMUX;
#else
            adc_start(0, !(att & 0x01) /*true*/, F_ADC_CONV);
    5f42:	60 91 e8 05 	lds	r22, 0x05E8	; 0x8005e8 <att>
    5f46:	60 95       	com	r22
    5f48:	61 70       	andi	r22, 0x01	; 1
    5f4a:	29 e9       	ldi	r18, 0x99	; 153
    5f4c:	37 e7       	ldi	r19, 0x77	; 119
    5f4e:	41 e0       	ldi	r20, 0x01	; 1
    5f50:	50 e0       	ldi	r21, 0x00	; 0
    5f52:	80 e0       	ldi	r24, 0x00	; 0
    5f54:	0e 94 f4 08 	call	0x11e8	; 0x11e8 <adc_start(unsigned char, bool, unsigned long)>
/home/jgalera/develop/arduino/usdx/usdx_plus_orange/usdx_plus_orange.ino:1186
            admux[0] = ADMUX;
    5f58:	80 91 7c 00 	lds	r24, 0x007C	; 0x80007c <__DATA_REGION_ORIGIN__+0x1c>
    5f5c:	80 93 e5 05 	sts	0x05E5, r24	; 0x8005e5 <admux>
/home/jgalera/develop/arduino/usdx/usdx_plus_orange/usdx_plus_orange.ino:1187
            adc_start(1, !(att & 0x01) /*true*/, F_ADC_CONV);
    5f60:	60 91 e8 05 	lds	r22, 0x05E8	; 0x8005e8 <att>
    5f64:	60 95       	com	r22
    5f66:	61 70       	andi	r22, 0x01	; 1
    5f68:	29 e9       	ldi	r18, 0x99	; 153
    5f6a:	37 e7       	ldi	r19, 0x77	; 119
    5f6c:	41 e0       	ldi	r20, 0x01	; 1
    5f6e:	50 e0       	ldi	r21, 0x00	; 0
    5f70:	81 e0       	ldi	r24, 0x01	; 1
    5f72:	0e 94 f4 08 	call	0x11e8	; 0x11e8 <adc_start(unsigned char, bool, unsigned long)>
/home/jgalera/develop/arduino/usdx/usdx_plus_orange/usdx_plus_orange.ino:1188
            admux[1] = ADMUX;
    5f76:	80 91 7c 00 	lds	r24, 0x007C	; 0x80007c <__DATA_REGION_ORIGIN__+0x1c>
    5f7a:	80 93 e6 05 	sts	0x05E6, r24	; 0x8005e6 <admux+0x1>
/home/jgalera/develop/arduino/usdx/usdx_plus_orange/usdx_plus_orange.ino:1190
#endif // SWAP_RX_IQ
            interrupts();
    5f7e:	78 94       	sei
/home/jgalera/develop/arduino/usdx/usdx_plus_orange/usdx_plus_orange.ino:1193
          }
          digitalWrite(
              RX, !(att & 0x02)); // att bit 1 ON: attenuate -20dB by disabling
    5f80:	60 91 e8 05 	lds	r22, 0x05E8	; 0x8005e8 <att>
/home/jgalera/develop/arduino/usdx/usdx_plus_orange/usdx_plus_orange.ino:1192
            adc_start(1, !(att & 0x01) /*true*/, F_ADC_CONV);
            admux[1] = ADMUX;
#endif // SWAP_RX_IQ
            interrupts();
          }
          digitalWrite(
    5f84:	66 95       	lsr	r22
    5f86:	61 70       	andi	r22, 0x01	; 1
    5f88:	81 e0       	ldi	r24, 0x01	; 1
    5f8a:	68 27       	eor	r22, r24
    5f8c:	88 e0       	ldi	r24, 0x08	; 8
    5f8e:	0e 94 7e 06 	call	0xcfc	; 0xcfc <digitalWrite>
/home/jgalera/develop/arduino/usdx/usdx_plus_orange/usdx_plus_orange.ino:1196
              RX, !(att & 0x02)); // att bit 1 ON: attenuate -20dB by disabling
                                  // RX line, switching Q5 (antenna input
                                  // switch) into 100k resistence
          pinMode(AUDIO1, (att & 0x04)
    5f92:	60 91 e8 05 	lds	r22, 0x05E8	; 0x8005e8 <att>
    5f96:	62 fb       	bst	r22, 2
    5f98:	66 27       	eor	r22, r22
    5f9a:	60 f9       	bld	r22, 0
    5f9c:	8e e0       	ldi	r24, 0x0E	; 14
    5f9e:	0e 94 ac 06 	call	0xd58	; 0xd58 <pinMode>
/home/jgalera/develop/arduino/usdx/usdx_plus_orange/usdx_plus_orange.ino:1200
                              ? OUTPUT
                              : INPUT); // att bit 2 ON: attenuate -40dB by
                                        // terminating ADC inputs with 10R
          pinMode(AUDIO2, (att & 0x04) ? OUTPUT : INPUT);
    5fa2:	60 91 e8 05 	lds	r22, 0x05E8	; 0x8005e8 <att>
    5fa6:	62 fb       	bst	r22, 2
    5fa8:	66 27       	eor	r22, r22
    5faa:	60 f9       	bld	r22, 0
    5fac:	8f e0       	ldi	r24, 0x0F	; 15
    5fae:	0e 94 ac 06 	call	0xd58	; 0xd58 <pinMode>
/home/jgalera/develop/arduino/usdx/usdx_plus_orange/usdx_plus_orange.ino:1202
        }
        if (menu == SIFXTAL) {
    5fb2:	80 91 f0 05 	lds	r24, 0x05F0	; 0x8005f0 <menu>
    5fb6:	85 32       	cpi	r24, 0x25	; 37
    5fb8:	19 f4       	brne	.+6      	; 0x5fc0 <main+0x19e6>
/home/jgalera/develop/arduino/usdx/usdx_plus_orange/usdx_plus_orange.ino:1203
          change = true;
    5fba:	81 e0       	ldi	r24, 0x01	; 1
    5fbc:	80 93 c5 01 	sts	0x01C5, r24	; 0x8001c5 <change>
/home/jgalera/develop/arduino/usdx/usdx_plus_orange/usdx_plus_orange.ino:1206
        }
#ifdef TX_ENABLE
        if ((menu == PWM_MIN) || (menu == PWM_MAX)) {
    5fc0:	80 91 f0 05 	lds	r24, 0x05F0	; 0x8005f0 <menu>
    5fc4:	83 32       	cpi	r24, 0x23	; 35
    5fc6:	21 f0       	breq	.+8      	; 0x5fd0 <main+0x19f6>
    5fc8:	80 91 f0 05 	lds	r24, 0x05F0	; 0x8005f0 <menu>
    5fcc:	84 32       	cpi	r24, 0x24	; 36
    5fce:	11 f4       	brne	.+4      	; 0x5fd4 <main+0x19fa>
/home/jgalera/develop/arduino/usdx/usdx_plus_orange/usdx_plus_orange.ino:1207
          build_lut();
    5fd0:	0e 94 82 15 	call	0x2b04	; 0x2b04 <build_lut()>
/home/jgalera/develop/arduino/usdx/usdx_plus_orange/usdx_plus_orange.ino:1210
        }
#endif
        if (menu == CWTONE) {
    5fd4:	80 91 f0 05 	lds	r24, 0x05F0	; 0x8005f0 <menu>
    5fd8:	8f 30       	cpi	r24, 0x0F	; 15
    5fda:	a1 f4       	brne	.+40     	; 0x6004 <main+0x1a2a>
/home/jgalera/develop/arduino/usdx/usdx_plus_orange/usdx_plus_orange.ino:1212
          if (dsp_cap) {
            cw_offset = (cw_tone == 0) ? tones[0] : tones[1];
    5fdc:	80 91 b1 01 	lds	r24, 0x01B1	; 0x8001b1 <cw_tone>
    5fe0:	81 11       	cpse	r24, r1
    5fe2:	cb c2       	rjmp	.+1430   	; 0x657a <main+0x1fa0>
main():
    5fe4:	80 e3       	ldi	r24, 0x30	; 48
    5fe6:	92 e0       	ldi	r25, 0x02	; 2
    5fe8:	a0 e0       	ldi	r26, 0x00	; 0
    5fea:	b0 e0       	ldi	r27, 0x00	; 0
loop():
    5fec:	80 93 e1 05 	sts	0x05E1, r24	; 0x8005e1 <cw_offset>
    5ff0:	90 93 e2 05 	sts	0x05E2, r25	; 0x8005e2 <cw_offset+0x1>
    5ff4:	a0 93 e3 05 	sts	0x05E3, r26	; 0x8005e3 <cw_offset+0x2>
    5ff8:	b0 93 e4 05 	sts	0x05E4, r27	; 0x8005e4 <cw_offset+0x3>
/home/jgalera/develop/arduino/usdx/usdx_plus_orange/usdx_plus_orange.ino:1213
            paramAction(SAVE, CWOFF);
    5ffc:	60 e1       	ldi	r22, 0x10	; 16
    5ffe:	84 e0       	ldi	r24, 0x04	; 4
    6000:	0e 94 b5 1d 	call	0x3b6a	; 0x3b6a <paramAction(unsigned char, unsigned char)>
/home/jgalera/develop/arduino/usdx/usdx_plus_orange/usdx_plus_orange.ino:1216
          }
        }
        if (menu == IQ_ADJ) {
    6004:	80 91 f0 05 	lds	r24, 0x05F0	; 0x8005f0 <menu>
    6008:	86 32       	cpi	r24, 0x26	; 38
    600a:	19 f4       	brne	.+6      	; 0x6012 <main+0x1a38>
/home/jgalera/develop/arduino/usdx/usdx_plus_orange/usdx_plus_orange.ino:1217
          change = true;
    600c:	81 e0       	ldi	r24, 0x01	; 1
    600e:	80 93 c5 01 	sts	0x01C5, r24	; 0x8001c5 <change>
/home/jgalera/develop/arduino/usdx/usdx_plus_orange/usdx_plus_orange.ino:1227
            calibrate_iq();
          menu = 0;
        }
#endif
#ifdef KEYER
        if (menu == KEY_WPM) {
    6012:	80 91 f0 05 	lds	r24, 0x05F0	; 0x8005f0 <menu>
    6016:	82 31       	cpi	r24, 0x12	; 18
    6018:	f1 f4       	brne	.+60     	; 0x6056 <main+0x1a7c>
loadWPM():
/home/jgalera/develop/arduino/usdx/usdx_plus_orange/src/core/core.cpp:65
  }
}

void loadWPM(int wpm) {
#if (F_MCU != 20000000)
  ditTime = (1200ULL * F_MCU / 16000000) / wpm;
    601a:	b0 90 b0 01 	lds	r11, 0x01B0	; 0x8001b0 <keyer_speed+0x1>
    601e:	a0 90 af 01 	lds	r10, 0x01AF	; 0x8001af <keyer_speed>
    6022:	1b 2d       	mov	r17, r11
    6024:	11 0f       	add	r17, r17
    6026:	11 0b       	sbc	r17, r17
    6028:	c1 2e       	mov	r12, r17
    602a:	d1 2e       	mov	r13, r17
    602c:	e1 2e       	mov	r14, r17
    602e:	f1 2e       	mov	r15, r17
    6030:	01 2f       	mov	r16, r17
    6032:	20 eb       	ldi	r18, 0xB0	; 176
    6034:	34 e0       	ldi	r19, 0x04	; 4
    6036:	40 e0       	ldi	r20, 0x00	; 0
    6038:	50 e0       	ldi	r21, 0x00	; 0
    603a:	60 e0       	ldi	r22, 0x00	; 0
    603c:	70 e0       	ldi	r23, 0x00	; 0
    603e:	80 e0       	ldi	r24, 0x00	; 0
    6040:	90 e0       	ldi	r25, 0x00	; 0
    6042:	0e 94 40 3a 	call	0x7480	; 0x7480 <__udivdi3>
    6046:	20 93 f7 05 	sts	0x05F7, r18	; 0x8005f7 <ditTime>
    604a:	30 93 f8 05 	sts	0x05F8, r19	; 0x8005f8 <ditTime+0x1>
    604e:	40 93 f9 05 	sts	0x05F9, r20	; 0x8005f9 <ditTime+0x2>
    6052:	50 93 fa 05 	sts	0x05FA, r21	; 0x8005fa <ditTime+0x3>
loop():
/home/jgalera/develop/arduino/usdx/usdx_plus_orange/usdx_plus_orange.ino:1230
          loadWPM(keyer_speed);
        }
        if (menu == KEY_MODE) {
    6056:	80 91 f0 05 	lds	r24, 0x05F0	; 0x8005f0 <menu>
    605a:	83 31       	cpi	r24, 0x13	; 19
    605c:	31 f4       	brne	.+12     	; 0x606a <main+0x1a90>
/home/jgalera/develop/arduino/usdx/usdx_plus_orange/usdx_plus_orange.ino:1231
          if (keyer_mode == 0) {
    605e:	80 91 c9 01 	lds	r24, 0x01C9	; 0x8001c9 <keyer_mode>
    6062:	81 11       	cpse	r24, r1
    6064:	8f c2       	rjmp	.+1310   	; 0x6584 <main+0x1faa>
/home/jgalera/develop/arduino/usdx/usdx_plus_orange/usdx_plus_orange.ino:1232
            keyerControl = IAMBICA;
    6066:	10 92 ff 05 	sts	0x05FF, r1	; 0x8005ff <keyerControl>
/home/jgalera/develop/arduino/usdx/usdx_plus_orange/usdx_plus_orange.ino:1276
      }
#endif
    }
  }

  if (menumode == 0) {
    606a:	80 91 01 06 	lds	r24, 0x0601	; 0x800601 <menumode>
    606e:	81 11       	cpse	r24, r1
    6070:	52 c0       	rjmp	.+164    	; 0x6116 <main+0x1b3c>
/home/jgalera/develop/arduino/usdx/usdx_plus_orange/usdx_plus_orange.ino:1277
    if (encoder_val) { // process encoder tuning steps
    6072:	80 91 13 06 	lds	r24, 0x0613	; 0x800613 <encoder_val>
    6076:	88 23       	and	r24, r24
    6078:	09 f4       	brne	.+2      	; 0x607c <main+0x1aa2>
    607a:	4d c0       	rjmp	.+154    	; 0x6116 <main+0x1b3c>
/home/jgalera/develop/arduino/usdx/usdx_plus_orange/usdx_plus_orange.ino:1278
      process_encoder_tuning_step(encoder_val);
    607c:	a0 91 13 06 	lds	r26, 0x0613	; 0x800613 <encoder_val>
process_encoder_tuning_step():
/home/jgalera/develop/arduino/usdx/usdx_plus_orange/src/core/core.cpp:576
                          1000,     500,     100,    10,     1};
volatile uint8_t stepsize = STEP_1k;
uint8_t prev_stepsize[] = {STEP_1k, STEP_500};

void process_encoder_tuning_step(int8_t steps) {
  int32_t stepval = stepsizes[stepsize];
    6080:	e0 91 c6 01 	lds	r30, 0x01C6	; 0x8001c6 <stepsize>
    6084:	b4 e0       	ldi	r27, 0x04	; 4
    6086:	eb 9f       	mul	r30, r27
    6088:	f0 01       	movw	r30, r0
    608a:	11 24       	eor	r1, r1
    608c:	e8 50       	subi	r30, 0x08	; 8
    608e:	fe 4f       	sbci	r31, 0xFE	; 254
    6090:	20 81       	ld	r18, Z
    6092:	31 81       	ldd	r19, Z+1	; 0x01
    6094:	42 81       	ldd	r20, Z+2	; 0x02
    6096:	53 81       	ldd	r21, Z+3	; 0x03
/home/jgalera/develop/arduino/usdx/usdx_plus_orange/src/core/core.cpp:577
  if (rit) {
    6098:	80 91 ed 05 	lds	r24, 0x05ED	; 0x8005ed <rit>
    609c:	90 91 ee 05 	lds	r25, 0x05EE	; 0x8005ee <rit+0x1>
    60a0:	89 2b       	or	r24, r25
    60a2:	09 f4       	brne	.+2      	; 0x60a6 <main+0x1acc>
    60a4:	7b c2       	rjmp	.+1270   	; 0x659c <main+0x1fc2>
/home/jgalera/develop/arduino/usdx/usdx_plus_orange/src/core/core.cpp:578
    rit += steps * stepval;
    60a6:	60 91 ed 05 	lds	r22, 0x05ED	; 0x8005ed <rit>
    60aa:	70 91 ee 05 	lds	r23, 0x05EE	; 0x8005ee <rit+0x1>
    60ae:	0a 2e       	mov	r0, r26
    60b0:	00 0c       	add	r0, r0
    60b2:	bb 0b       	sbc	r27, r27
    60b4:	a2 9f       	mul	r26, r18
    60b6:	c0 01       	movw	r24, r0
    60b8:	a3 9f       	mul	r26, r19
    60ba:	90 0d       	add	r25, r0
    60bc:	b2 9f       	mul	r27, r18
    60be:	90 0d       	add	r25, r0
    60c0:	11 24       	eor	r1, r1
    60c2:	86 0f       	add	r24, r22
    60c4:	97 1f       	adc	r25, r23
    60c6:	90 93 ee 05 	sts	0x05EE, r25	; 0x8005ee <rit+0x1>
    60ca:	80 93 ed 05 	sts	0x05ED, r24	; 0x8005ed <rit>
/home/jgalera/develop/arduino/usdx/usdx_plus_orange/src/core/core.cpp:579
    rit = max(-9999, min(9999, rit));
    60ce:	8f e0       	ldi	r24, 0x0F	; 15
    60d0:	97 e2       	ldi	r25, 0x27	; 39
    60d2:	9a 83       	std	Y+2, r25	; 0x02
    60d4:	89 83       	std	Y+1, r24	; 0x01
_Z3minIiViEDTqultfp0_fp_fp0_fp_ERKT_RKT0_():
/home/jgalera/.arduino15/packages/MiniCore/hardware/avr/3.1.1/cores/MCUdude_corefiles/Arduino.h:315
    60d6:	80 91 ed 05 	lds	r24, 0x05ED	; 0x8005ed <rit>
    60da:	90 91 ee 05 	lds	r25, 0x05EE	; 0x8005ee <rit+0x1>
    60de:	8f 30       	cpi	r24, 0x0F	; 15
    60e0:	97 42       	sbci	r25, 0x27	; 39
    60e2:	0c f0       	brlt	.+2      	; 0x60e6 <main+0x1b0c>
    60e4:	58 c2       	rjmp	.+1200   	; 0x6596 <main+0x1fbc>
main():
    60e6:	ed ee       	ldi	r30, 0xED	; 237
    60e8:	f5 e0       	ldi	r31, 0x05	; 5
process_encoder_tuning_step():
/home/jgalera/develop/arduino/usdx/usdx_plus_orange/src/core/core.cpp:579
    60ea:	81 ef       	ldi	r24, 0xF1	; 241
    60ec:	98 ed       	ldi	r25, 0xD8	; 216
    60ee:	9a 87       	std	Y+10, r25	; 0x0a
    60f0:	89 87       	std	Y+9, r24	; 0x09
_Z3maxIiViEDTqultfp0_fp_fp0_fp_ERKT_RKT0_():
/home/jgalera/.arduino15/packages/MiniCore/hardware/avr/3.1.1/cores/MCUdude_corefiles/Arduino.h:320
	}

	template<class T, class L>
	auto max(const T& a, const L& b) -> decltype((b < a) ? b : a) {
		return (a < b) ? b : a;
    60f2:	80 81       	ld	r24, Z
    60f4:	91 81       	ldd	r25, Z+1	; 0x01
    60f6:	82 3f       	cpi	r24, 0xF2	; 242
    60f8:	98 4d       	sbci	r25, 0xD8	; 216
    60fa:	14 f4       	brge	.+4      	; 0x6100 <main+0x1b26>
main():
    60fc:	fe 01       	movw	r30, r28
    60fe:	39 96       	adiw	r30, 0x09	; 9
process_encoder_tuning_step():
/home/jgalera/develop/arduino/usdx/usdx_plus_orange/src/core/core.cpp:579
    6100:	80 81       	ld	r24, Z
    6102:	91 81       	ldd	r25, Z+1	; 0x01
    6104:	90 93 ee 05 	sts	0x05EE, r25	; 0x8005ee <rit+0x1>
    6108:	80 93 ed 05 	sts	0x05ED, r24	; 0x8005ed <rit>
/home/jgalera/develop/arduino/usdx/usdx_plus_orange/src/core/core.cpp:584
  } else {
    freq += steps * stepval;
    freq = max(1, min(999999999, freq));
  }
  change = true;
    610c:	81 e0       	ldi	r24, 0x01	; 1
    610e:	80 93 c5 01 	sts	0x01C5, r24	; 0x8001c5 <change>
loop():
/home/jgalera/develop/arduino/usdx/usdx_plus_orange/usdx_plus_orange.ino:1279
      encoder_val = 0;
    6112:	10 92 13 06 	sts	0x0613, r1	; 0x800613 <encoder_val>
/home/jgalera/develop/arduino/usdx/usdx_plus_orange/usdx_plus_orange.ino:1283
    }
  }

  if ((change) && (!tx) && (!vox_tx)) { // only change if TX is OFF, prevent
    6116:	80 91 c5 01 	lds	r24, 0x01C5	; 0x8001c5 <change>
    611a:	88 23       	and	r24, r24
    611c:	09 f4       	brne	.+2      	; 0x6120 <main+0x1b46>
    611e:	99 c1       	rjmp	.+818    	; 0x6452 <main+0x1e78>
    6120:	80 91 06 06 	lds	r24, 0x0606	; 0x800606 <tx>
    6124:	81 11       	cpse	r24, r1
    6126:	95 c1       	rjmp	.+810    	; 0x6452 <main+0x1e78>
    6128:	80 91 07 06 	lds	r24, 0x0607	; 0x800607 <vox_tx>
    612c:	81 11       	cpse	r24, r1
    612e:	91 c1       	rjmp	.+802    	; 0x6452 <main+0x1e78>
/home/jgalera/develop/arduino/usdx/usdx_plus_orange/usdx_plus_orange.ino:1285
                                        // simultaneous I2C bus access
    change = false;
    6130:	10 92 c5 01 	sts	0x01C5, r1	; 0x8001c5 <change>
/home/jgalera/develop/arduino/usdx/usdx_plus_orange/usdx_plus_orange.ino:1286
    if (prev_bandval != bandval) {
    6134:	80 91 b3 01 	lds	r24, 0x01B3	; 0x8001b3 <bandval>
    6138:	90 91 ae 01 	lds	r25, 0x01AE	; 0x8001ae <prev_bandval>
    613c:	98 17       	cp	r25, r24
    613e:	a1 f0       	breq	.+40     	; 0x6168 <main+0x1b8e>
/home/jgalera/develop/arduino/usdx/usdx_plus_orange/usdx_plus_orange.ino:1287
      freq = band[bandval];
    6140:	64 e0       	ldi	r22, 0x04	; 4
    6142:	86 9f       	mul	r24, r22
    6144:	f0 01       	movw	r30, r0
    6146:	11 24       	eor	r1, r1
    6148:	e0 5e       	subi	r30, 0xE0	; 224
    614a:	fd 4f       	sbci	r31, 0xFD	; 253
    614c:	40 81       	ld	r20, Z
    614e:	51 81       	ldd	r21, Z+1	; 0x01
    6150:	62 81       	ldd	r22, Z+2	; 0x02
    6152:	73 81       	ldd	r23, Z+3	; 0x03
    6154:	40 93 b4 01 	sts	0x01B4, r20	; 0x8001b4 <freq>
    6158:	50 93 b5 01 	sts	0x01B5, r21	; 0x8001b5 <freq+0x1>
    615c:	60 93 b6 01 	sts	0x01B6, r22	; 0x8001b6 <freq+0x2>
    6160:	70 93 b7 01 	sts	0x01B7, r23	; 0x8001b7 <freq+0x3>
/home/jgalera/develop/arduino/usdx/usdx_plus_orange/usdx_plus_orange.ino:1288
      prev_bandval = bandval;
    6164:	80 93 ae 01 	sts	0x01AE, r24	; 0x8001ae <prev_bandval>
/home/jgalera/develop/arduino/usdx/usdx_plus_orange/usdx_plus_orange.ino:1290
    }
    vfo[vfosel % 2] = freq;
    6168:	80 91 b4 01 	lds	r24, 0x01B4	; 0x8001b4 <freq>
    616c:	90 91 b5 01 	lds	r25, 0x01B5	; 0x8001b5 <freq+0x1>
    6170:	a0 91 b6 01 	lds	r26, 0x01B6	; 0x8001b6 <freq+0x2>
    6174:	b0 91 b7 01 	lds	r27, 0x01B7	; 0x8001b7 <freq+0x3>
    6178:	20 91 eb 05 	lds	r18, 0x05EB	; 0x8005eb <vfosel>
    617c:	21 70       	andi	r18, 0x01	; 1
    617e:	2b 8f       	std	Y+27, r18	; 0x1b
    6180:	1c 8e       	std	Y+28, r1	; 0x1c
    6182:	eb 8d       	ldd	r30, Y+27	; 0x1b
    6184:	fc 8d       	ldd	r31, Y+28	; 0x1c
    6186:	ee 0f       	add	r30, r30
    6188:	ff 1f       	adc	r31, r31
    618a:	ee 0f       	add	r30, r30
    618c:	ff 1f       	adc	r31, r31
    618e:	e8 54       	subi	r30, 0x48	; 72
    6190:	fe 4f       	sbci	r31, 0xFE	; 254
    6192:	80 83       	st	Z, r24
    6194:	91 83       	std	Z+1, r25	; 0x01
    6196:	a2 83       	std	Z+2, r26	; 0x02
    6198:	b3 83       	std	Z+3, r27	; 0x03
/home/jgalera/develop/arduino/usdx/usdx_plus_orange/usdx_plus_orange.ino:1292
    save_event_time =
        millis() + 1000; // schedule time to save freq (no save while tuning,
    619a:	0e 94 60 07 	call	0xec0	; 0xec0 <millis>
    619e:	68 51       	subi	r22, 0x18	; 24
    61a0:	7c 4f       	sbci	r23, 0xFC	; 252
    61a2:	8f 4f       	sbci	r24, 0xFF	; 255
    61a4:	9f 4f       	sbci	r25, 0xFF	; 255
/home/jgalera/develop/arduino/usdx/usdx_plus_orange/usdx_plus_orange.ino:1291
    if (prev_bandval != bandval) {
      freq = band[bandval];
      prev_bandval = bandval;
    }
    vfo[vfosel % 2] = freq;
    save_event_time =
    61a6:	60 93 dd 05 	sts	0x05DD, r22	; 0x8005dd <save_event_time>
    61aa:	70 93 de 05 	sts	0x05DE, r23	; 0x8005de <save_event_time+0x1>
    61ae:	80 93 df 05 	sts	0x05DF, r24	; 0x8005df <save_event_time+0x2>
    61b2:	90 93 e0 05 	sts	0x05E0, r25	; 0x8005e0 <save_event_time+0x3>
/home/jgalera/develop/arduino/usdx/usdx_plus_orange/usdx_plus_orange.ino:1295
        millis() + 1000; // schedule time to save freq (no save while tuning,
                         // hence no EEPROM wear out)

    if (menumode == 0) {
    61b6:	80 91 01 06 	lds	r24, 0x0601	; 0x800601 <menumode>
    61ba:	81 11       	cpse	r24, r1
    61bc:	b5 c0       	rjmp	.+362    	; 0x6328 <main+0x1d4e>
/home/jgalera/develop/arduino/usdx/usdx_plus_orange/usdx_plus_orange.ino:1296
      display_vfo(freq);
    61be:	c0 90 b4 01 	lds	r12, 0x01B4	; 0x8001b4 <freq>
    61c2:	d0 90 b5 01 	lds	r13, 0x01B5	; 0x8001b5 <freq+0x1>
    61c6:	e0 90 b6 01 	lds	r14, 0x01B6	; 0x8001b6 <freq+0x2>
    61ca:	f0 90 b7 01 	lds	r15, 0x01B7	; 0x8001b7 <freq+0x3>
setCursor():
/home/jgalera/develop/arduino/usdx/usdx_plus_orange/src/driver/display.cpp:430
#ifdef CONDENSED
void LCD::setCursor(uint8_t x, uint8_t y) {
  cmd(0x80 | (x + (uint8_t[]){0x00, 0x40, 0x00 + 20, 0x40 + 20}[y]));
}
#else
void LCD::setCursor(uint8_t x, uint8_t y) { cmd(0x80 | (x + y * 0x40)); }
    61ce:	80 ec       	ldi	r24, 0xC0	; 192
    61d0:	0e 94 b5 08 	call	0x116a	; 0x116a <LCD::cmd(unsigned char) [clone .constprop.54]>
display_vfo():
/home/jgalera/develop/arduino/usdx/usdx_plus_orange/src/core/core.cpp:671

void display_vfo(int32_t f) {
  lcd.setCursor(0, 1);
  lcd.print((rit)                                       ? ' '
            : ((vfosel % 2) | ((vfosel == SPLIT) & tx)) ? '\x07'
                                                        : '\x06');
    61d4:	80 91 ed 05 	lds	r24, 0x05ED	; 0x8005ed <rit>
    61d8:	90 91 ee 05 	lds	r25, 0x05EE	; 0x8005ee <rit+0x1>
main():
/home/jgalera/develop/arduino/usdx/usdx_plus_orange/src/core/core.cpp:669
const char *vfosel_label[] = {"A", "B"};
const char *mode_label[5] = {"LSB", "USB", "CW ", "FM ", "AM "};

void display_vfo(int32_t f) {
  lcd.setCursor(0, 1);
  lcd.print((rit)                                       ? ' '
    61dc:	60 e2       	ldi	r22, 0x20	; 32
display_vfo():
    61de:	89 2b       	or	r24, r25
    61e0:	d1 f4       	brne	.+52     	; 0x6216 <main+0x1c3c>
/home/jgalera/develop/arduino/usdx/usdx_plus_orange/src/core/core.cpp:670
            : ((vfosel % 2) | ((vfosel == SPLIT) & tx)) ? '\x07'
    61e2:	40 91 eb 05 	lds	r20, 0x05EB	; 0x8005eb <vfosel>
    61e6:	30 91 eb 05 	lds	r19, 0x05EB	; 0x8005eb <vfosel>
    61ea:	20 91 06 06 	lds	r18, 0x0606	; 0x800606 <tx>
    61ee:	81 e0       	ldi	r24, 0x01	; 1
    61f0:	90 e0       	ldi	r25, 0x00	; 0
    61f2:	32 30       	cpi	r19, 0x02	; 2
    61f4:	11 f0       	breq	.+4      	; 0x61fa <main+0x1c20>
    61f6:	90 e0       	ldi	r25, 0x00	; 0
    61f8:	80 e0       	ldi	r24, 0x00	; 0
    61fa:	30 e0       	ldi	r19, 0x00	; 0
    61fc:	82 23       	and	r24, r18
    61fe:	93 23       	and	r25, r19
    6200:	41 70       	andi	r20, 0x01	; 1
    6202:	4d 8f       	std	Y+29, r20	; 0x1d
    6204:	1e 8e       	std	Y+30, r1	; 0x1e
    6206:	ad 8d       	ldd	r26, Y+29	; 0x1d
    6208:	be 8d       	ldd	r27, Y+30	; 0x1e
    620a:	8a 2b       	or	r24, r26
    620c:	9b 2b       	or	r25, r27
main():
    620e:	67 e0       	ldi	r22, 0x07	; 7
display_vfo():
    6210:	89 2b       	or	r24, r25
    6212:	09 f4       	brne	.+2      	; 0x6216 <main+0x1c3c>
main():
    6214:	66 e0       	ldi	r22, 0x06	; 6
display_vfo():
/home/jgalera/develop/arduino/usdx/usdx_plus_orange/src/core/core.cpp:669
const char *vfosel_label[] = {"A", "B"};
const char *mode_label[5] = {"LSB", "USB", "CW ", "FM ", "AM "};

void display_vfo(int32_t f) {
  lcd.setCursor(0, 1);
  lcd.print((rit)                                       ? ' '
    6216:	80 ed       	ldi	r24, 0xD0	; 208
    6218:	96 e0       	ldi	r25, 0x06	; 6
    621a:	0e 94 6c 07 	call	0xed8	; 0xed8 <Print::print(char)>
/home/jgalera/develop/arduino/usdx/usdx_plus_orange/src/core/core.cpp:674
            : ((vfosel % 2) | ((vfosel == SPLIT) & tx)) ? '\x07'
                                                        : '\x06');

  int32_t scale = 10e6;
  if (rit) {
    621e:	80 91 ed 05 	lds	r24, 0x05ED	; 0x8005ed <rit>
    6222:	90 91 ee 05 	lds	r25, 0x05EE	; 0x8005ee <rit+0x1>
    6226:	89 2b       	or	r24, r25
    6228:	09 f4       	brne	.+2      	; 0x622c <main+0x1c52>
    622a:	08 c2       	rjmp	.+1040   	; 0x663c <main+0x2062>
/home/jgalera/develop/arduino/usdx/usdx_plus_orange/src/core/core.cpp:675
    f = rit;
    622c:	c0 90 ed 05 	lds	r12, 0x05ED	; 0x8005ed <rit>
    6230:	d0 90 ee 05 	lds	r13, 0x05EE	; 0x8005ee <rit+0x1>
    6234:	0d 2c       	mov	r0, r13
    6236:	00 0c       	add	r0, r0
    6238:	ee 08       	sbc	r14, r14
    623a:	ff 08       	sbc	r15, r15
/home/jgalera/develop/arduino/usdx/usdx_plus_orange/src/core/core.cpp:677
    scale = 1e3;
    lcd.print(F("RIT "));
    623c:	8f e0       	ldi	r24, 0x0F	; 15
    623e:	92 e0       	ldi	r25, 0x02	; 2
    6240:	0e 94 5f 15 	call	0x2abe	; 0x2abe <Print::print(__FlashStringHelper const*) [clone .constprop.60]>
/home/jgalera/develop/arduino/usdx/usdx_plus_orange/src/core/core.cpp:678
    lcd.print(rit < 0 ? '-' : '+');
    6244:	80 91 ed 05 	lds	r24, 0x05ED	; 0x8005ed <rit>
    6248:	90 91 ee 05 	lds	r25, 0x05EE	; 0x8005ee <rit+0x1>
main():
    624c:	6d e2       	ldi	r22, 0x2D	; 45
display_vfo():
    624e:	97 ff       	sbrs	r25, 7
main():
    6250:	6b e2       	ldi	r22, 0x2B	; 43
display_vfo():
    6252:	80 ed       	ldi	r24, 0xD0	; 208
    6254:	96 e0       	ldi	r25, 0x06	; 6
    6256:	0e 94 6c 07 	call	0xed8	; 0xed8 <Print::print(char)>
main():
/home/jgalera/develop/arduino/usdx/usdx_plus_orange/src/core/core.cpp:676
                                                        : '\x06');

  int32_t scale = 10e6;
  if (rit) {
    f = rit;
    scale = 1e3;
    625a:	78 ee       	ldi	r23, 0xE8	; 232
    625c:	87 2e       	mov	r8, r23
    625e:	73 e0       	ldi	r23, 0x03	; 3
    6260:	97 2e       	mov	r9, r23
    6262:	a1 2c       	mov	r10, r1
    6264:	b1 2c       	mov	r11, r1
_Z3absIlEDTqugtfp_Li0Efp_ngfp_ERKT_():
/home/jgalera/.arduino15/packages/MiniCore/hardware/avr/3.1.1/cores/MCUdude_corefiles/Arduino.h:310
#endif

#ifdef __cplusplus
	template<class T>
	auto abs(const T& x) -> decltype(x > 0 ? x : -x) {
		return x > 0 ? x : -x;
    6266:	c7 01       	movw	r24, r14
    6268:	b6 01       	movw	r22, r12
    626a:	a5 01       	movw	r20, r10
    626c:	94 01       	movw	r18, r8
    626e:	0e 94 b7 39 	call	0x736e	; 0x736e <__divmodsi4>
    6272:	1b 01       	movw	r2, r22
    6274:	8c 01       	movw	r16, r24
    6276:	57 ff       	sbrs	r21, 7
    6278:	07 c0       	rjmp	.+14     	; 0x6288 <main+0x1cae>
    627a:	50 95       	com	r21
    627c:	40 95       	com	r20
    627e:	30 95       	com	r19
    6280:	21 95       	neg	r18
    6282:	3f 4f       	sbci	r19, 0xFF	; 255
    6284:	4f 4f       	sbci	r20, 0xFF	; 255
    6286:	5f 4f       	sbci	r21, 0xFF	; 255
display_vfo():
/home/jgalera/develop/arduino/usdx/usdx_plus_orange/src/core/core.cpp:686
      lcd.print(' ');
      scale /= 10;
    }
  }
  for (; scale != 1; f %= scale, scale /= 10) {
    lcd.print(abs(f / scale));
    6288:	ba 01       	movw	r22, r20
    628a:	a9 01       	movw	r20, r18
    628c:	80 ed       	ldi	r24, 0xD0	; 208
    628e:	96 e0       	ldi	r25, 0x06	; 6
    6290:	0e 94 9d 19 	call	0x333a	; 0x333a <Print::print(long, int) [clone .constprop.59]>
/home/jgalera/develop/arduino/usdx/usdx_plus_orange/src/core/core.cpp:687
    if (scale == (int32_t)1e3 || scale == (int32_t)1e6)
    6294:	b8 ee       	ldi	r27, 0xE8	; 232
    6296:	8b 16       	cp	r8, r27
    6298:	b3 e0       	ldi	r27, 0x03	; 3
    629a:	9b 06       	cpc	r9, r27
    629c:	a1 04       	cpc	r10, r1
    629e:	b1 04       	cpc	r11, r1
    62a0:	41 f0       	breq	.+16     	; 0x62b2 <main+0x1cd8>
    62a2:	e0 e4       	ldi	r30, 0x40	; 64
    62a4:	8e 16       	cp	r8, r30
    62a6:	e2 e4       	ldi	r30, 0x42	; 66
    62a8:	9e 06       	cpc	r9, r30
    62aa:	ef e0       	ldi	r30, 0x0F	; 15
    62ac:	ae 06       	cpc	r10, r30
    62ae:	b1 04       	cpc	r11, r1
    62b0:	29 f4       	brne	.+10     	; 0x62bc <main+0x1ce2>
/home/jgalera/develop/arduino/usdx/usdx_plus_orange/src/core/core.cpp:688
      lcd.print(',');
    62b2:	6c e2       	ldi	r22, 0x2C	; 44
    62b4:	80 ed       	ldi	r24, 0xD0	; 208
    62b6:	96 e0       	ldi	r25, 0x06	; 6
    62b8:	0e 94 6c 07 	call	0xed8	; 0xed8 <Print::print(char)>
/home/jgalera/develop/arduino/usdx/usdx_plus_orange/src/core/core.cpp:685
    if (f / scale == 0) {
      lcd.print(' ');
      scale /= 10;
    }
  }
  for (; scale != 1; f %= scale, scale /= 10) {
    62bc:	61 01       	movw	r12, r2
    62be:	78 01       	movw	r14, r16
    62c0:	c5 01       	movw	r24, r10
    62c2:	b4 01       	movw	r22, r8
    62c4:	a3 01       	movw	r20, r6
    62c6:	92 01       	movw	r18, r4
    62c8:	0e 94 b7 39 	call	0x736e	; 0x736e <__divmodsi4>
    62cc:	49 01       	movw	r8, r18
    62ce:	5a 01       	movw	r10, r20
    62d0:	f1 e0       	ldi	r31, 0x01	; 1
    62d2:	8f 16       	cp	r8, r31
    62d4:	91 04       	cpc	r9, r1
    62d6:	a1 04       	cpc	r10, r1
    62d8:	b1 04       	cpc	r11, r1
    62da:	29 f6       	brne	.-118    	; 0x6266 <main+0x1c8c>
/home/jgalera/develop/arduino/usdx/usdx_plus_orange/src/core/core.cpp:691
    lcd.print(abs(f / scale));
    if (scale == (int32_t)1e3 || scale == (int32_t)1e6)
      lcd.print(',');
  }

  lcd.print(' ');
    62dc:	60 e2       	ldi	r22, 0x20	; 32
    62de:	80 ed       	ldi	r24, 0xD0	; 208
    62e0:	96 e0       	ldi	r25, 0x06	; 6
    62e2:	0e 94 6c 07 	call	0xed8	; 0xed8 <Print::print(char)>
/home/jgalera/develop/arduino/usdx/usdx_plus_orange/src/core/core.cpp:692
  lcd.print(mode_label[mode]);
    62e6:	e0 91 cc 01 	lds	r30, 0x01CC	; 0x8001cc <mode>
    62ea:	f0 e0       	ldi	r31, 0x00	; 0
    62ec:	ee 0f       	add	r30, r30
    62ee:	ff 1f       	adc	r31, r31
    62f0:	ee 58       	subi	r30, 0x8E	; 142
    62f2:	fe 4f       	sbci	r31, 0xFE	; 254
    62f4:	60 81       	ld	r22, Z
    62f6:	71 81       	ldd	r23, Z+1	; 0x01
    62f8:	80 ed       	ldi	r24, 0xD0	; 208
    62fa:	96 e0       	ldi	r25, 0x06	; 6
    62fc:	0e 94 0d 1a 	call	0x341a	; 0x341a <Print::print(char const*)>
/home/jgalera/develop/arduino/usdx/usdx_plus_orange/src/core/core.cpp:693
  lcd.print(' ');
    6300:	60 e2       	ldi	r22, 0x20	; 32
    6302:	80 ed       	ldi	r24, 0xD0	; 208
    6304:	96 e0       	ldi	r25, 0x06	; 6
    6306:	0e 94 6c 07 	call	0xed8	; 0xed8 <Print::print(char)>
setCursor():
/home/jgalera/develop/arduino/usdx/usdx_plus_orange/src/driver/display.cpp:430
    630a:	8f ec       	ldi	r24, 0xCF	; 207
    630c:	0e 94 b5 08 	call	0x116a	; 0x116a <LCD::cmd(unsigned char) [clone .constprop.54]>
display_vfo():
/home/jgalera/develop/arduino/usdx/usdx_plus_orange/src/core/core.cpp:695
  lcd.setCursor(15, 1);
  lcd.print((vox) ? 'V' : 'R');
    6310:	80 91 19 06 	lds	r24, 0x0619	; 0x800619 <vox>
main():
    6314:	66 e5       	ldi	r22, 0x56	; 86
display_vfo():
    6316:	81 11       	cpse	r24, r1
    6318:	01 c0       	rjmp	.+2      	; 0x631c <main+0x1d42>
main():
    631a:	62 e5       	ldi	r22, 0x52	; 82
display_vfo():
    631c:	80 ed       	ldi	r24, 0xD0	; 208
    631e:	96 e0       	ldi	r25, 0x06	; 6
    6320:	0e 94 6c 07 	call	0xed8	; 0xed8 <Print::print(char)>
loop():
/home/jgalera/develop/arduino/usdx/usdx_plus_orange/usdx_plus_orange.ino:1297
      stepsize_showcursor();
    6324:	0e 94 0e 16 	call	0x2c1c	; 0x2c1c <stepsize_showcursor()>
/home/jgalera/develop/arduino/usdx/usdx_plus_orange/usdx_plus_orange.ino:1309
      // si5351.SendRegister(SI_CLK_OE, TX1RX1);
      // digitalWrite(SIG_OUT, HIGH);  // inject CLK2 on antenna input via 120K
    }

    // noInterrupts();
    uint8_t f = freq / 1000000UL;
    6328:	60 91 b4 01 	lds	r22, 0x01B4	; 0x8001b4 <freq>
    632c:	70 91 b5 01 	lds	r23, 0x01B5	; 0x8001b5 <freq+0x1>
    6330:	80 91 b6 01 	lds	r24, 0x01B6	; 0x8001b6 <freq+0x2>
    6334:	90 91 b7 01 	lds	r25, 0x01B7	; 0x8001b7 <freq+0x3>
    6338:	20 e4       	ldi	r18, 0x40	; 64
    633a:	32 e4       	ldi	r19, 0x42	; 66
    633c:	4f e0       	ldi	r20, 0x0F	; 15
    633e:	50 e0       	ldi	r21, 0x00	; 0
    6340:	0e 94 95 39 	call	0x732a	; 0x732a <__udivmodsi4>
    6344:	12 2f       	mov	r17, r18
main():
/home/jgalera/develop/arduino/usdx/usdx_plus_orange/src/hardware/io_expander.cpp:131

static uint8_t prev_lpf_io = 0xff;
void set_lpf(uint8_t f) {
#ifdef LPF_SWITCHING_DL2MAN_USDX_REV3
  uint8_t lpf_io = (f > 26)   ? IO1_3
    6346:	0b e0       	ldi	r16, 0x0B	; 11
set_lpf():
    6348:	2b 31       	cpi	r18, 0x1B	; 27
    634a:	98 f4       	brcc	.+38     	; 0x6372 <main+0x1d98>
main():
    634c:	0c e0       	ldi	r16, 0x0C	; 12
set_lpf():
    634e:	25 31       	cpi	r18, 0x15	; 21
    6350:	80 f4       	brcc	.+32     	; 0x6372 <main+0x1d98>
main():
    6352:	0a e0       	ldi	r16, 0x0A	; 10
set_lpf():
    6354:	22 31       	cpi	r18, 0x12	; 18
    6356:	68 f4       	brcc	.+26     	; 0x6372 <main+0x1d98>
main():
    6358:	0d e0       	ldi	r16, 0x0D	; 13
set_lpf():
    635a:	2d 30       	cpi	r18, 0x0D	; 13
    635c:	50 f4       	brcc	.+20     	; 0x6372 <main+0x1d98>
main():
    635e:	09 e0       	ldi	r16, 0x09	; 9
set_lpf():
    6360:	29 30       	cpi	r18, 0x09	; 9
    6362:	38 f4       	brcc	.+14     	; 0x6372 <main+0x1d98>
main():
    6364:	0e e0       	ldi	r16, 0x0E	; 14
set_lpf():
    6366:	26 30       	cpi	r18, 0x06	; 6
    6368:	20 f4       	brcc	.+8      	; 0x6372 <main+0x1d98>
main():
    636a:	08 e0       	ldi	r16, 0x08	; 8
set_lpf():
    636c:	25 30       	cpi	r18, 0x05	; 5
    636e:	09 f0       	breq	.+2      	; 0x6372 <main+0x1d98>
main():
    6370:	0f e0       	ldi	r16, 0x0F	; 15
set_lpf():
/home/jgalera/develop/arduino/usdx/usdx_plus_orange/src/hardware/io_expander.cpp:140
                   : (f > 8)  ? IO1_1
                   : (f > 5)  ? IO1_6
                   : (f > 4)  ? IO1_0
                              : IO1_7;
#ifndef LPF_SWITCHING_DL2MAN_USDX_REV3_NOLATCH
  if (prev_lpf_io != lpf_io) {
    6372:	20 91 7c 01 	lds	r18, 0x017C	; 0x80017c <prev_lpf_io>
    6376:	20 17       	cp	r18, r16
    6378:	d9 f0       	breq	.+54     	; 0x63b0 <main+0x1dd6>
set_latch():
/home/jgalera/develop/arduino/usdx/usdx_plus_orange/src/hardware/io_expander.cpp:116
  if (latch) {
    ioext.write((1U << io) | 0x0000);
    delay(LATCH_TIME);
    ioext.write(0x0000);
  } else {
    if (io == 0xff) {
    637a:	2f 3f       	cpi	r18, 0xFF	; 255
    637c:	09 f0       	breq	.+2      	; 0x6380 <main+0x1da6>
    637e:	7f c1       	rjmp	.+766    	; 0x667e <main+0x20a4>
    6380:	0e 94 17 19 	call	0x322e	; 0x322e <set_latch(unsigned char, unsigned char, bool) [clone .part.3] [clone .constprop.16]>
/home/jgalera/develop/arduino/usdx/usdx_plus_orange/src/hardware/io_expander.cpp:112
};

static void set_latch(uint8_t io, uint8_t common_io, bool latch = true) {
#define LATCH_TIME 30
  if (latch) {
    ioext.write((1U << io) | 0x0000);
    6384:	81 e0       	ldi	r24, 0x01	; 1
    6386:	90 e0       	ldi	r25, 0x00	; 0
    6388:	00 2e       	mov	r0, r16
    638a:	02 c0       	rjmp	.+4      	; 0x6390 <main+0x1db6>
    638c:	88 0f       	add	r24, r24
    638e:	99 1f       	adc	r25, r25
    6390:	0a 94       	dec	r0
    6392:	e2 f7       	brpl	.-8      	; 0x638c <main+0x1db2>
    6394:	0e 94 d6 08 	call	0x11ac	; 0x11ac <IOExpander16::write(unsigned int) [clone .isra.1]>
/home/jgalera/develop/arduino/usdx/usdx_plus_orange/src/hardware/io_expander.cpp:113
    delay(LATCH_TIME);
    6398:	6e e1       	ldi	r22, 0x1E	; 30
    639a:	70 e0       	ldi	r23, 0x00	; 0
    639c:	80 e0       	ldi	r24, 0x00	; 0
    639e:	90 e0       	ldi	r25, 0x00	; 0
    63a0:	0e 94 2d 07 	call	0xe5a	; 0xe5a <delay>
/home/jgalera/develop/arduino/usdx/usdx_plus_orange/src/hardware/io_expander.cpp:114
    ioext.write(0x0000);
    63a4:	90 e0       	ldi	r25, 0x00	; 0
    63a6:	80 e0       	ldi	r24, 0x00	; 0
    63a8:	0e 94 d6 08 	call	0x11ac	; 0x11ac <IOExpander16::write(unsigned int) [clone .isra.1]>
set_lpf():
/home/jgalera/develop/arduino/usdx/usdx_plus_orange/src/hardware/io_expander.cpp:143
                              : IO1_7;
#ifndef LPF_SWITCHING_DL2MAN_USDX_REV3_NOLATCH
  if (prev_lpf_io != lpf_io) {
    set_latch(prev_lpf_io, IO0_0, false);
    set_latch(lpf_io, IO0_0);
    prev_lpf_io = lpf_io;
    63ac:	00 93 7c 01 	sts	0x017C, r16	; 0x80017c <prev_lpf_io>
main():
/home/jgalera/develop/arduino/usdx/usdx_plus_orange/usdx_plus_orange.ino:1311
    set_lpf(f);
    bandval = (f > 32)   ? 10
    63b0:	8a e0       	ldi	r24, 0x0A	; 10
loop():
    63b2:	11 32       	cpi	r17, 0x21	; 33
    63b4:	e0 f4       	brcc	.+56     	; 0x63ee <main+0x1e14>
main():
    63b6:	89 e0       	ldi	r24, 0x09	; 9
loop():
    63b8:	1b 31       	cpi	r17, 0x1B	; 27
    63ba:	c8 f4       	brcc	.+50     	; 0x63ee <main+0x1e14>
main():
    63bc:	88 e0       	ldi	r24, 0x08	; 8
loop():
    63be:	17 31       	cpi	r17, 0x17	; 23
    63c0:	b0 f4       	brcc	.+44     	; 0x63ee <main+0x1e14>
main():
    63c2:	87 e0       	ldi	r24, 0x07	; 7
loop():
    63c4:	15 31       	cpi	r17, 0x15	; 21
    63c6:	98 f4       	brcc	.+38     	; 0x63ee <main+0x1e14>
main():
    63c8:	86 e0       	ldi	r24, 0x06	; 6
loop():
    63ca:	11 31       	cpi	r17, 0x11	; 17
    63cc:	80 f4       	brcc	.+32     	; 0x63ee <main+0x1e14>
main():
    63ce:	85 e0       	ldi	r24, 0x05	; 5
loop():
    63d0:	1d 30       	cpi	r17, 0x0D	; 13
    63d2:	68 f4       	brcc	.+26     	; 0x63ee <main+0x1e14>
main():
    63d4:	84 e0       	ldi	r24, 0x04	; 4
loop():
    63d6:	19 30       	cpi	r17, 0x09	; 9
    63d8:	50 f4       	brcc	.+20     	; 0x63ee <main+0x1e14>
main():
    63da:	83 e0       	ldi	r24, 0x03	; 3
loop():
    63dc:	17 30       	cpi	r17, 0x07	; 7
    63de:	38 f4       	brcc	.+14     	; 0x63ee <main+0x1e14>
main():
    63e0:	82 e0       	ldi	r24, 0x02	; 2
loop():
    63e2:	15 30       	cpi	r17, 0x05	; 5
    63e4:	20 f4       	brcc	.+8      	; 0x63ee <main+0x1e14>
    63e6:	81 e0       	ldi	r24, 0x01	; 1
    63e8:	13 30       	cpi	r17, 0x03	; 3
    63ea:	08 f4       	brcc	.+2      	; 0x63ee <main+0x1e14>
    63ec:	80 e0       	ldi	r24, 0x00	; 0
    63ee:	80 93 b3 01 	sts	0x01B3, r24	; 0x8001b3 <bandval>
/home/jgalera/develop/arduino/usdx/usdx_plus_orange/usdx_plus_orange.ino:1322
              : (f > 8)  ? 4
              : (f > 6)  ? 3
              : (f > 4)  ? 2
              : (f > 2)  ? 1
                         : 0;
    prev_bandval = bandval; // align bandval with freq
    63f2:	80 93 ae 01 	sts	0x01AE, r24	; 0x8001ae <prev_bandval>
/home/jgalera/develop/arduino/usdx/usdx_plus_orange/usdx_plus_orange.ino:1324

    if (mode == CW) {
    63f6:	80 91 cc 01 	lds	r24, 0x01CC	; 0x8001cc <mode>
    63fa:	40 91 ad 01 	lds	r20, 0x01AD	; 0x8001ad <rx_ph_q>
    63fe:	50 e0       	ldi	r21, 0x00	; 0
    6400:	82 30       	cpi	r24, 0x02	; 2
    6402:	09 f0       	breq	.+2      	; 0x6406 <main+0x1e2c>
    6404:	53 c1       	rjmp	.+678    	; 0x66ac <main+0x20d2>
/home/jgalera/develop/arduino/usdx/usdx_plus_orange/usdx_plus_orange.ino:1325
      si5351.freq(freq + cw_offset, rx_ph_q,
    6406:	60 91 b4 01 	lds	r22, 0x01B4	; 0x8001b4 <freq>
    640a:	70 91 b5 01 	lds	r23, 0x01B5	; 0x8001b5 <freq+0x1>
    640e:	80 91 b6 01 	lds	r24, 0x01B6	; 0x8001b6 <freq+0x2>
    6412:	90 91 b7 01 	lds	r25, 0x01B7	; 0x8001b7 <freq+0x3>
    6416:	00 91 e1 05 	lds	r16, 0x05E1	; 0x8005e1 <cw_offset>
    641a:	10 91 e2 05 	lds	r17, 0x05E2	; 0x8005e2 <cw_offset+0x1>
    641e:	20 91 e3 05 	lds	r18, 0x05E3	; 0x8005e3 <cw_offset+0x2>
    6422:	30 91 e4 05 	lds	r19, 0x05E4	; 0x8005e4 <cw_offset+0x3>
    6426:	60 0f       	add	r22, r16
    6428:	71 1f       	adc	r23, r17
    642a:	82 1f       	adc	r24, r18
    642c:	93 1f       	adc	r25, r19
/home/jgalera/develop/arduino/usdx/usdx_plus_orange/usdx_plus_orange.ino:1328
                  0 /*90, 0*/); // RX in CW-R (=LSB), correct for CW-tone offset
    } else if (mode == LSB)
      si5351.freq(freq, rx_ph_q, 0 /*90, 0*/); // RX in LSB
    642e:	30 e0       	ldi	r19, 0x00	; 0
    6430:	20 e0       	ldi	r18, 0x00	; 0
/home/jgalera/develop/arduino/usdx/usdx_plus_orange/usdx_plus_orange.ino:1330
    else
      si5351.freq(freq, 0, rx_ph_q /*0, 90*/); // RX in USB, ...
    6432:	0e 94 22 04 	call	0x844	; 0x844 <SI5351::freq(long, unsigned int, unsigned int) [clone .constprop.26]>
/home/jgalera/develop/arduino/usdx/usdx_plus_orange/usdx_plus_orange.ino:1332
#ifdef RIT_ENABLE
    if (rit) {
    6436:	80 91 ed 05 	lds	r24, 0x05ED	; 0x8005ed <rit>
    643a:	90 91 ee 05 	lds	r25, 0x05EE	; 0x8005ee <rit+0x1>
    643e:	89 2b       	or	r24, r25
    6440:	41 f0       	breq	.+16     	; 0x6452 <main+0x1e78>
/home/jgalera/develop/arduino/usdx/usdx_plus_orange/usdx_plus_orange.ino:1333
      si5351.freq_calc_fast(rit);
    6442:	80 91 ed 05 	lds	r24, 0x05ED	; 0x8005ed <rit>
    6446:	90 91 ee 05 	lds	r25, 0x05EE	; 0x8005ee <rit+0x1>
    644a:	0e 94 8b 02 	call	0x516	; 0x516 <SI5351::freq_calc_fast(int) [clone .constprop.32]>
/home/jgalera/develop/arduino/usdx/usdx_plus_orange/usdx_plus_orange.ino:1334
      si5351.SendPLLRegisterBulk();
    644e:	0e 94 6f 02 	call	0x4de	; 0x4de <SI5351::SendPLLRegisterBulk() [clone .constprop.33]>
/home/jgalera/develop/arduino/usdx/usdx_plus_orange/usdx_plus_orange.ino:1342
    // interrupts();
  }

  if ((save_event_time) &&
      (millis() >
       save_event_time)) { // save freq when time has reached schedule
    6452:	c0 90 dd 05 	lds	r12, 0x05DD	; 0x8005dd <save_event_time>
    6456:	d0 90 de 05 	lds	r13, 0x05DE	; 0x8005de <save_event_time+0x1>
    645a:	e0 90 df 05 	lds	r14, 0x05DF	; 0x8005df <save_event_time+0x2>
    645e:	f0 90 e0 05 	lds	r15, 0x05E0	; 0x8005e0 <save_event_time+0x3>
/home/jgalera/develop/arduino/usdx/usdx_plus_orange/usdx_plus_orange.ino:1340
    }
#endif // RIT_ENABLE
    // interrupts();
  }

  if ((save_event_time) &&
    6462:	c1 14       	cp	r12, r1
    6464:	d1 04       	cpc	r13, r1
    6466:	e1 04       	cpc	r14, r1
    6468:	f1 04       	cpc	r15, r1
    646a:	b9 f0       	breq	.+46     	; 0x649a <main+0x1ec0>
/home/jgalera/develop/arduino/usdx/usdx_plus_orange/usdx_plus_orange.ino:1341
      (millis() >
    646c:	0e 94 60 07 	call	0xec0	; 0xec0 <millis>
/home/jgalera/develop/arduino/usdx/usdx_plus_orange/usdx_plus_orange.ino:1340
    }
#endif // RIT_ENABLE
    // interrupts();
  }

  if ((save_event_time) &&
    6470:	c6 16       	cp	r12, r22
    6472:	d7 06       	cpc	r13, r23
    6474:	e8 06       	cpc	r14, r24
    6476:	f9 06       	cpc	r15, r25
    6478:	80 f4       	brcc	.+32     	; 0x649a <main+0x1ec0>
/home/jgalera/develop/arduino/usdx/usdx_plus_orange/usdx_plus_orange.ino:1343
      (millis() >
       save_event_time)) { // save freq when time has reached schedule
    paramAction(SAVE, (vfosel % 2) ? FREQB : FREQA); // save vfoa/b changes
    647a:	80 91 eb 05 	lds	r24, 0x05EB	; 0x8005eb <vfosel>
main():
    647e:	6f e2       	ldi	r22, 0x2F	; 47
loop():
    6480:	80 ff       	sbrs	r24, 0
main():
    6482:	6e e2       	ldi	r22, 0x2E	; 46
loop():
    6484:	84 e0       	ldi	r24, 0x04	; 4
    6486:	0e 94 b5 1d 	call	0x3b6a	; 0x3b6a <paramAction(unsigned char, unsigned char)>
/home/jgalera/develop/arduino/usdx/usdx_plus_orange/usdx_plus_orange.ino:1344
    save_event_time = 0;
    648a:	10 92 dd 05 	sts	0x05DD, r1	; 0x8005dd <save_event_time>
    648e:	10 92 de 05 	sts	0x05DE, r1	; 0x8005de <save_event_time+0x1>
    6492:	10 92 df 05 	sts	0x05DF, r1	; 0x8005df <save_event_time+0x2>
    6496:	10 92 e0 05 	sts	0x05E0, r1	; 0x8005e0 <save_event_time+0x3>
/home/jgalera/develop/arduino/usdx/usdx_plus_orange/usdx_plus_orange.ino:1350
    // lcd.setCursor(15, 1); lcd.print('S'); delay(100); lcd.setCursor(15, 1);
    // lcd.print('R');
  }

#ifdef CW_MESSAGE
  if ((mode == CW) && (cw_msg_event) &&
    649a:	80 91 cc 01 	lds	r24, 0x01CC	; 0x8001cc <mode>
    649e:	82 30       	cpi	r24, 0x02	; 2
    64a0:	09 f0       	breq	.+2      	; 0x64a4 <main+0x1eca>
    64a2:	44 c1       	rjmp	.+648    	; 0x672c <main+0x2152>
    64a4:	c0 90 fb 05 	lds	r12, 0x05FB	; 0x8005fb <cw_msg_event>
    64a8:	d0 90 fc 05 	lds	r13, 0x05FC	; 0x8005fc <cw_msg_event+0x1>
    64ac:	e0 90 fd 05 	lds	r14, 0x05FD	; 0x8005fd <cw_msg_event+0x2>
    64b0:	f0 90 fe 05 	lds	r15, 0x05FE	; 0x8005fe <cw_msg_event+0x3>
    64b4:	c1 14       	cp	r12, r1
    64b6:	d1 04       	cpc	r13, r1
    64b8:	e1 04       	cpc	r14, r1
    64ba:	f1 04       	cpc	r15, r1
    64bc:	09 f4       	brne	.+2      	; 0x64c0 <main+0x1ee6>
    64be:	36 c1       	rjmp	.+620    	; 0x672c <main+0x2152>
/home/jgalera/develop/arduino/usdx/usdx_plus_orange/usdx_plus_orange.ino:1351
      (millis() > cw_msg_event)) { // if it is time to send a CW message
    64c0:	0e 94 60 07 	call	0xec0	; 0xec0 <millis>
/home/jgalera/develop/arduino/usdx/usdx_plus_orange/usdx_plus_orange.ino:1350
    // lcd.setCursor(15, 1); lcd.print('S'); delay(100); lcd.setCursor(15, 1);
    // lcd.print('R');
  }

#ifdef CW_MESSAGE
  if ((mode == CW) && (cw_msg_event) &&
    64c4:	c6 16       	cp	r12, r22
    64c6:	d7 06       	cpc	r13, r23
    64c8:	e8 06       	cpc	r14, r24
    64ca:	f9 06       	cpc	r15, r25
    64cc:	08 f0       	brcs	.+2      	; 0x64d0 <main+0x1ef6>
    64ce:	2e c1       	rjmp	.+604    	; 0x672c <main+0x2152>
    64d0:	c0 90 ef 05 	lds	r12, 0x05EF	; 0x8005ef <cw_msg_id>
    64d4:	20 e3       	ldi	r18, 0x30	; 48
    64d6:	c2 9e       	mul	r12, r18
    64d8:	60 01       	movw	r12, r0
    64da:	11 24       	eor	r1, r1
main():
/home/jgalera/develop/arduino/usdx/usdx_plus_orange/src/dsp/dsp.cpp:490
  }
  return 0;
}

int cw_tx(char *msg) {
  for (uint8_t i = 0; msg[i]; i++) { // loop over message
    64dc:	e1 2c       	mov	r14, r1
cw_tx():
    64de:	86 01       	movw	r16, r12
    64e0:	0e 0d       	add	r16, r14
    64e2:	11 1d       	adc	r17, r1
    64e4:	03 58       	subi	r16, 0x83	; 131
    64e6:	1e 4f       	sbci	r17, 0xFE	; 254
    64e8:	d8 01       	movw	r26, r16
    64ea:	8c 91       	ld	r24, X
    64ec:	88 23       	and	r24, r24
    64ee:	09 f4       	brne	.+2      	; 0x64f2 <main+0x1f18>
    64f0:	4a c1       	rjmp	.+660    	; 0x6786 <main+0x21ac>
setCursor():
/home/jgalera/develop/arduino/usdx/usdx_plus_orange/src/driver/display.cpp:430
    64f2:	80 e8       	ldi	r24, 0x80	; 128
    64f4:	0e 94 b5 08 	call	0x116a	; 0x116a <LCD::cmd(unsigned char) [clone .constprop.54]>
print():
/home/jgalera/.arduino15/packages/MiniCore/hardware/avr/3.1.1/cores/MCUdude_corefiles/Print.cpp:74
  return write(c);
}

size_t Print::print(unsigned char b, int base)
{
  return print((unsigned long) b, base);
    64f8:	4e 2d       	mov	r20, r14
    64fa:	50 e0       	ldi	r21, 0x00	; 0
    64fc:	70 e0       	ldi	r23, 0x00	; 0
    64fe:	60 e0       	ldi	r22, 0x00	; 0
/home/jgalera/.arduino15/packages/MiniCore/hardware/avr/3.1.1/cores/MCUdude_corefiles/Print.cpp:106
}

size_t Print::print(unsigned long n, int base)
{
  if (base == 0) return write(n);
  else return printNumber(n, base);
    6500:	2a e0       	ldi	r18, 0x0A	; 10
    6502:	80 ed       	ldi	r24, 0xD0	; 208
    6504:	96 e0       	ldi	r25, 0x06	; 6
    6506:	0e 94 51 19 	call	0x32a2	; 0x32a2 <Print::printNumber(unsigned long, unsigned char)>
cw_tx():
/home/jgalera/develop/arduino/usdx/usdx_plus_orange/src/dsp/dsp.cpp:493
    lcd.setCursor(0, 0);
    lcd.print(i);
    lcd.print("    ");
    650a:	66 ef       	ldi	r22, 0xF6	; 246
    650c:	72 e0       	ldi	r23, 0x02	; 2
    650e:	80 ed       	ldi	r24, 0xD0	; 208
    6510:	96 e0       	ldi	r25, 0x06	; 6
    6512:	0e 94 0d 1a 	call	0x341a	; 0x341a <Print::print(char const*)>
/home/jgalera/develop/arduino/usdx/usdx_plus_orange/src/dsp/dsp.cpp:494
    if (cw_tx(msg[i]))
    6516:	f8 01       	movw	r30, r16
    6518:	80 81       	ld	r24, Z
main():
/home/jgalera/develop/arduino/usdx/usdx_plus_orange/src/dsp/dsp.cpp:459
uint32_t cw_msg_event = 0;
uint8_t cw_msg_id = 0; // selected message

int cw_tx(char ch) { // Transmit message in CW
  char sym;
  for (uint8_t j = 0; (sym = pgm_read_byte_near(m2c + j));
    651a:	f1 2c       	mov	r15, r1
cw_tx():
    651c:	ef 2d       	mov	r30, r15
    651e:	f0 e0       	ldi	r31, 0x00	; 0
    6520:	e9 58       	subi	r30, 0x89	; 137
    6522:	fd 4f       	sbci	r31, 0xFD	; 253
    6524:	e4 91       	lpm	r30, Z
    6526:	ee 23       	and	r30, r30
    6528:	e1 f0       	breq	.+56     	; 0x6562 <main+0x1f88>
/home/jgalera/develop/arduino/usdx/usdx_plus_orange/src/dsp/dsp.cpp:461
       j++) {        // lookup msg[i] in m2c, skip if not found
    if (sym == ch) { // found -> transmit CW character j
    652a:	8e 13       	cpse	r24, r30
    652c:	2a c1       	rjmp	.+596    	; 0x6782 <main+0x21a8>
/home/jgalera/develop/arduino/usdx/usdx_plus_orange/src/dsp/dsp.cpp:462
      wdt_reset();
    652e:	a8 95       	wdr
main():
/home/jgalera/develop/arduino/usdx/usdx_plus_orange/src/dsp/dsp.cpp:463
      uint8_t k = 0x80;
    6530:	10 e8       	ldi	r17, 0x80	; 128
cw_tx():
/home/jgalera/develop/arduino/usdx/usdx_plus_orange/src/dsp/dsp.cpp:464
      for (; !(j & k); k >>= 1)
    6532:	8f 2d       	mov	r24, r15
    6534:	81 23       	and	r24, r17
    6536:	16 95       	lsr	r17
    6538:	88 23       	and	r24, r24
    653a:	d9 f3       	breq	.-10     	; 0x6532 <main+0x1f58>
/home/jgalera/develop/arduino/usdx/usdx_plus_orange/src/dsp/dsp.cpp:467
        ;
      k >>= 1; // shift start of cw code to MSB
      if (k == 0)
    653c:	11 11       	cpse	r17, r1
    653e:	cf c0       	rjmp	.+414    	; 0x66de <main+0x2104>
/home/jgalera/develop/arduino/usdx/usdx_plus_orange/src/dsp/dsp.cpp:468
        delay(ditTime * 4); // space -> add word space
    6540:	60 91 f7 05 	lds	r22, 0x05F7	; 0x8005f7 <ditTime>
    6544:	70 91 f8 05 	lds	r23, 0x05F8	; 0x8005f8 <ditTime+0x1>
    6548:	80 91 f9 05 	lds	r24, 0x05F9	; 0x8005f9 <ditTime+0x2>
    654c:	90 91 fa 05 	lds	r25, 0x05FA	; 0x8005fa <ditTime+0x3>
    6550:	32 e0       	ldi	r19, 0x02	; 2
    6552:	66 0f       	add	r22, r22
    6554:	77 1f       	adc	r23, r23
    6556:	88 1f       	adc	r24, r24
    6558:	99 1f       	adc	r25, r25
    655a:	3a 95       	dec	r19
    655c:	d1 f7       	brne	.-12     	; 0x6552 <main+0x1f78>
    655e:	0e 94 2d 07 	call	0xe5a	; 0xe5a <delay>
/home/jgalera/develop/arduino/usdx/usdx_plus_orange/src/dsp/dsp.cpp:490
  }
  return 0;
}

int cw_tx(char *msg) {
  for (uint8_t i = 0; msg[i]; i++) { // loop over message
    6562:	e3 94       	inc	r14
    6564:	bc cf       	rjmp	.-136    	; 0x64de <main+0x1f04>
loop():
/home/jgalera/develop/arduino/usdx/usdx_plus_orange/usdx_plus_orange.ino:1142
          si5351.iqmsa = 0; // enforce PLL reset
          // make more generic:
          if (mode != CW)
            stepsize = STEP_1k;
          else
            stepsize = STEP_500;
    6566:	86 e0       	ldi	r24, 0x06	; 6
    6568:	86 cc       	rjmp	.-1780   	; 0x5e76 <main+0x189c>
/home/jgalera/develop/arduino/usdx/usdx_plus_orange/usdx_plus_orange.ino:1147
          if (mode == CW) {
            filt = 4;
            nr = 0;
          } else
            filt = 0;
    656a:	10 92 ec 05 	sts	0x05EC, r1	; 0x8005ec <filt>
    656e:	8f cc       	rjmp	.-1762   	; 0x5e8e <main+0x18b4>
/home/jgalera/develop/arduino/usdx/usdx_plus_orange/usdx_plus_orange.ino:1166
            stepsize = STEP_500;
          if (mode == CW) {
            filt = 4;
            nr = 0;
          } else
            filt = 0;
    6570:	10 92 ec 05 	sts	0x05EC, r1	; 0x8005ec <filt>
    6574:	cd cc       	rjmp	.-1638   	; 0x5f10 <main+0x1936>
main():
/home/jgalera/develop/arduino/usdx/usdx_plus_orange/usdx_plus_orange.ino:1171
          change = true;
        }
#ifdef RIT_ENABLE
        if (menu == RIT) {
          stepsize = (rit) ? STEP_10 : STEP_500;
    6576:	86 e0       	ldi	r24, 0x06	; 6
    6578:	da cc       	rjmp	.-1612   	; 0x5f2e <main+0x1954>
/home/jgalera/develop/arduino/usdx/usdx_plus_orange/usdx_plus_orange.ino:1212
          build_lut();
        }
#endif
        if (menu == CWTONE) {
          if (dsp_cap) {
            cw_offset = (cw_tone == 0) ? tones[0] : tones[1];
    657a:	80 ee       	ldi	r24, 0xE0	; 224
    657c:	91 e0       	ldi	r25, 0x01	; 1
    657e:	a0 e0       	ldi	r26, 0x00	; 0
    6580:	b0 e0       	ldi	r27, 0x00	; 0
    6582:	34 cd       	rjmp	.-1432   	; 0x5fec <main+0x1a12>
loop():
/home/jgalera/develop/arduino/usdx/usdx_plus_orange/usdx_plus_orange.ino:1234
        }
        if (menu == KEY_MODE) {
          if (keyer_mode == 0) {
            keyerControl = IAMBICA;
          }
          if (keyer_mode == 1) {
    6584:	81 30       	cpi	r24, 0x01	; 1
    6586:	21 f4       	brne	.+8      	; 0x6590 <main+0x1fb6>
/home/jgalera/develop/arduino/usdx/usdx_plus_orange/usdx_plus_orange.ino:1235
            keyerControl = IAMBICB;
    6588:	80 e1       	ldi	r24, 0x10	; 16
/home/jgalera/develop/arduino/usdx/usdx_plus_orange/usdx_plus_orange.ino:1238
          }
          if (keyer_mode == 2) {
            keyerControl = SINGLE;
    658a:	80 93 ff 05 	sts	0x05FF, r24	; 0x8005ff <keyerControl>
    658e:	6d cd       	rjmp	.-1318   	; 0x606a <main+0x1a90>
/home/jgalera/develop/arduino/usdx/usdx_plus_orange/usdx_plus_orange.ino:1237
            keyerControl = IAMBICA;
          }
          if (keyer_mode == 1) {
            keyerControl = IAMBICB;
          }
          if (keyer_mode == 2) {
    6590:	82 30       	cpi	r24, 0x02	; 2
    6592:	d9 f3       	breq	.-10     	; 0x658a <main+0x1fb0>
    6594:	6a cd       	rjmp	.-1324   	; 0x606a <main+0x1a90>
main():
/home/jgalera/.arduino15/packages/MiniCore/hardware/avr/3.1.1/cores/MCUdude_corefiles/Arduino.h:315
	}

	template<class T, class L>
	auto min(const T& a, const L& b) -> decltype((b < a) ? b : a) {
		return (b < a) ? b : a;
    6596:	fe 01       	movw	r30, r28
    6598:	31 96       	adiw	r30, 0x01	; 1
    659a:	a7 cd       	rjmp	.-1202   	; 0x60ea <main+0x1b10>
process_encoder_tuning_step():
/home/jgalera/develop/arduino/usdx/usdx_plus_orange/src/core/core.cpp:581
  int32_t stepval = stepsizes[stepsize];
  if (rit) {
    rit += steps * stepval;
    rit = max(-9999, min(9999, rit));
  } else {
    freq += steps * stepval;
    659c:	c0 90 b4 01 	lds	r12, 0x01B4	; 0x8001b4 <freq>
    65a0:	d0 90 b5 01 	lds	r13, 0x01B5	; 0x8001b5 <freq+0x1>
    65a4:	e0 90 b6 01 	lds	r14, 0x01B6	; 0x8001b6 <freq+0x2>
    65a8:	f0 90 b7 01 	lds	r15, 0x01B7	; 0x8001b7 <freq+0x3>
    65ac:	0a 2e       	mov	r0, r26
    65ae:	00 0c       	add	r0, r0
    65b0:	bb 0b       	sbc	r27, r27
    65b2:	0e 94 05 3a 	call	0x740a	; 0x740a <__mulshisi3>
    65b6:	c6 0e       	add	r12, r22
    65b8:	d7 1e       	adc	r13, r23
    65ba:	e8 1e       	adc	r14, r24
    65bc:	f9 1e       	adc	r15, r25
    65be:	c0 92 b4 01 	sts	0x01B4, r12	; 0x8001b4 <freq>
    65c2:	d0 92 b5 01 	sts	0x01B5, r13	; 0x8001b5 <freq+0x1>
    65c6:	e0 92 b6 01 	sts	0x01B6, r14	; 0x8001b6 <freq+0x2>
    65ca:	f0 92 b7 01 	sts	0x01B7, r15	; 0x8001b7 <freq+0x3>
/home/jgalera/develop/arduino/usdx/usdx_plus_orange/src/core/core.cpp:582
    freq = max(1, min(999999999, freq));
    65ce:	8f ef       	ldi	r24, 0xFF	; 255
    65d0:	99 ec       	ldi	r25, 0xC9	; 201
    65d2:	aa e9       	ldi	r26, 0x9A	; 154
    65d4:	bb e3       	ldi	r27, 0x3B	; 59
    65d6:	89 83       	std	Y+1, r24	; 0x01
    65d8:	9a 83       	std	Y+2, r25	; 0x02
    65da:	ab 83       	std	Y+3, r26	; 0x03
    65dc:	bc 83       	std	Y+4, r27	; 0x04
_Z3minIlVlEDTqultfp0_fp_fp0_fp_ERKT_RKT0_():
/home/jgalera/.arduino15/packages/MiniCore/hardware/avr/3.1.1/cores/MCUdude_corefiles/Arduino.h:315
    65de:	80 91 b4 01 	lds	r24, 0x01B4	; 0x8001b4 <freq>
    65e2:	90 91 b5 01 	lds	r25, 0x01B5	; 0x8001b5 <freq+0x1>
    65e6:	a0 91 b6 01 	lds	r26, 0x01B6	; 0x8001b6 <freq+0x2>
    65ea:	b0 91 b7 01 	lds	r27, 0x01B7	; 0x8001b7 <freq+0x3>
    65ee:	8f 3f       	cpi	r24, 0xFF	; 255
    65f0:	99 4c       	sbci	r25, 0xC9	; 201
    65f2:	aa 49       	sbci	r26, 0x9A	; 154
    65f4:	bb 43       	sbci	r27, 0x3B	; 59
    65f6:	9c f4       	brge	.+38     	; 0x661e <main+0x2044>
main():
    65f8:	80 91 b4 01 	lds	r24, 0x01B4	; 0x8001b4 <freq>
    65fc:	90 91 b5 01 	lds	r25, 0x01B5	; 0x8001b5 <freq+0x1>
    6600:	a0 91 b6 01 	lds	r26, 0x01B6	; 0x8001b6 <freq+0x2>
    6604:	b0 91 b7 01 	lds	r27, 0x01B7	; 0x8001b7 <freq+0x3>
    6608:	e4 eb       	ldi	r30, 0xB4	; 180
    660a:	f1 e0       	ldi	r31, 0x01	; 1
_Z3maxIiVlEDTqultfp0_fp_fp0_fp_ERKT_RKT0_():
/home/jgalera/.arduino15/packages/MiniCore/hardware/avr/3.1.1/cores/MCUdude_corefiles/Arduino.h:320
	}

	template<class T, class L>
	auto max(const T& a, const L& b) -> decltype((b < a) ? b : a) {
		return (a < b) ? b : a;
    660c:	02 97       	sbiw	r24, 0x02	; 2
    660e:	a1 05       	cpc	r26, r1
    6610:	b1 05       	cpc	r27, r1
    6612:	3c f4       	brge	.+14     	; 0x6622 <main+0x2048>
main():
    6614:	81 e0       	ldi	r24, 0x01	; 1
    6616:	90 e0       	ldi	r25, 0x00	; 0
    6618:	a0 e0       	ldi	r26, 0x00	; 0
    661a:	b0 e0       	ldi	r27, 0x00	; 0
    661c:	06 c0       	rjmp	.+12     	; 0x662a <main+0x2050>
/home/jgalera/.arduino15/packages/MiniCore/hardware/avr/3.1.1/cores/MCUdude_corefiles/Arduino.h:315
		return x > 0 ? x : -x;
	}

	template<class T, class L>
	auto min(const T& a, const L& b) -> decltype((b < a) ? b : a) {
		return (b < a) ? b : a;
    661e:	fe 01       	movw	r30, r28
    6620:	31 96       	adiw	r30, 0x01	; 1
_Z3maxIiVlEDTqultfp0_fp_fp0_fp_ERKT_RKT0_():
/home/jgalera/.arduino15/packages/MiniCore/hardware/avr/3.1.1/cores/MCUdude_corefiles/Arduino.h:320
	}

	template<class T, class L>
	auto max(const T& a, const L& b) -> decltype((b < a) ? b : a) {
		return (a < b) ? b : a;
    6622:	80 81       	ld	r24, Z
    6624:	91 81       	ldd	r25, Z+1	; 0x01
    6626:	a2 81       	ldd	r26, Z+2	; 0x02
    6628:	b3 81       	ldd	r27, Z+3	; 0x03
process_encoder_tuning_step():
/home/jgalera/develop/arduino/usdx/usdx_plus_orange/src/core/core.cpp:582
    662a:	80 93 b4 01 	sts	0x01B4, r24	; 0x8001b4 <freq>
    662e:	90 93 b5 01 	sts	0x01B5, r25	; 0x8001b5 <freq+0x1>
    6632:	a0 93 b6 01 	sts	0x01B6, r26	; 0x8001b6 <freq+0x2>
    6636:	b0 93 b7 01 	sts	0x01B7, r27	; 0x8001b7 <freq+0x3>
    663a:	68 cd       	rjmp	.-1328   	; 0x610c <main+0x1b32>
display_vfo():
/home/jgalera/develop/arduino/usdx/usdx_plus_orange/src/core/core.cpp:680
    f = rit;
    scale = 1e3;
    lcd.print(F("RIT "));
    lcd.print(rit < 0 ? '-' : '+');
  } else {
    if (f / scale == 0) {
    663c:	c7 01       	movw	r24, r14
    663e:	b6 01       	movw	r22, r12
    6640:	20 e8       	ldi	r18, 0x80	; 128
    6642:	36 e9       	ldi	r19, 0x96	; 150
    6644:	48 e9       	ldi	r20, 0x98	; 152
    6646:	50 e0       	ldi	r21, 0x00	; 0
    6648:	0e 94 b7 39 	call	0x736e	; 0x736e <__divmodsi4>
    664c:	23 2b       	or	r18, r19
    664e:	24 2b       	or	r18, r20
    6650:	25 2b       	or	r18, r21
    6652:	69 f4       	brne	.+26     	; 0x666e <main+0x2094>
/home/jgalera/develop/arduino/usdx/usdx_plus_orange/src/core/core.cpp:681
      lcd.print(' ');
    6654:	60 e2       	ldi	r22, 0x20	; 32
    6656:	80 ed       	ldi	r24, 0xD0	; 208
    6658:	96 e0       	ldi	r25, 0x06	; 6
    665a:	0e 94 6c 07 	call	0xed8	; 0xed8 <Print::print(char)>
main():
/home/jgalera/develop/arduino/usdx/usdx_plus_orange/src/core/core.cpp:682
      scale /= 10;
    665e:	60 e4       	ldi	r22, 0x40	; 64
    6660:	86 2e       	mov	r8, r22
    6662:	62 e4       	ldi	r22, 0x42	; 66
    6664:	96 2e       	mov	r9, r22
    6666:	6f e0       	ldi	r22, 0x0F	; 15
    6668:	a6 2e       	mov	r10, r22
    666a:	b1 2c       	mov	r11, r1
    666c:	fc cd       	rjmp	.-1032   	; 0x6266 <main+0x1c8c>
/home/jgalera/develop/arduino/usdx/usdx_plus_orange/src/core/core.cpp:673
  lcd.setCursor(0, 1);
  lcd.print((rit)                                       ? ' '
            : ((vfosel % 2) | ((vfosel == SPLIT) & tx)) ? '\x07'
                                                        : '\x06');

  int32_t scale = 10e6;
    666e:	50 e8       	ldi	r21, 0x80	; 128
    6670:	85 2e       	mov	r8, r21
    6672:	56 e9       	ldi	r21, 0x96	; 150
    6674:	95 2e       	mov	r9, r21
    6676:	58 e9       	ldi	r21, 0x98	; 152
    6678:	a5 2e       	mov	r10, r21
    667a:	b1 2c       	mov	r11, r1
    667c:	f4 cd       	rjmp	.-1048   	; 0x6266 <main+0x1c8c>
set_latch():
/home/jgalera/develop/arduino/usdx/usdx_plus_orange/src/hardware/io_expander.cpp:121
    if (io == 0xff) {
      ioext.init();
      for (int io = 0; io != 16; io++)
        set_latch(io, common_io, latch);
    } else {
      ioext.write((~(1U << io)) | (1U << common_io));
    667e:	81 e0       	ldi	r24, 0x01	; 1
    6680:	90 e0       	ldi	r25, 0x00	; 0
    6682:	02 c0       	rjmp	.+4      	; 0x6688 <main+0x20ae>
    6684:	88 0f       	add	r24, r24
    6686:	99 1f       	adc	r25, r25
    6688:	2a 95       	dec	r18
    668a:	e2 f7       	brpl	.-8      	; 0x6684 <main+0x20aa>
    668c:	80 95       	com	r24
    668e:	90 95       	com	r25
    6690:	81 60       	ori	r24, 0x01	; 1
    6692:	0e 94 d6 08 	call	0x11ac	; 0x11ac <IOExpander16::write(unsigned int) [clone .isra.1]>
/home/jgalera/develop/arduino/usdx/usdx_plus_orange/src/hardware/io_expander.cpp:122
      delay(LATCH_TIME);
    6696:	6e e1       	ldi	r22, 0x1E	; 30
    6698:	70 e0       	ldi	r23, 0x00	; 0
    669a:	80 e0       	ldi	r24, 0x00	; 0
    669c:	90 e0       	ldi	r25, 0x00	; 0
    669e:	0e 94 2d 07 	call	0xe5a	; 0xe5a <delay>
/home/jgalera/develop/arduino/usdx/usdx_plus_orange/src/hardware/io_expander.cpp:123
      ioext.write(0x0000);
    66a2:	90 e0       	ldi	r25, 0x00	; 0
    66a4:	80 e0       	ldi	r24, 0x00	; 0
    66a6:	0e 94 d6 08 	call	0x11ac	; 0x11ac <IOExpander16::write(unsigned int) [clone .isra.1]>
    66aa:	6c ce       	rjmp	.-808    	; 0x6384 <main+0x1daa>
loop():
/home/jgalera/develop/arduino/usdx/usdx_plus_orange/usdx_plus_orange.ino:1327
    prev_bandval = bandval; // align bandval with freq

    if (mode == CW) {
      si5351.freq(freq + cw_offset, rx_ph_q,
                  0 /*90, 0*/); // RX in CW-R (=LSB), correct for CW-tone offset
    } else if (mode == LSB)
    66ac:	80 91 cc 01 	lds	r24, 0x01CC	; 0x8001cc <mode>
    66b0:	81 11       	cpse	r24, r1
    66b2:	09 c0       	rjmp	.+18     	; 0x66c6 <main+0x20ec>
/home/jgalera/develop/arduino/usdx/usdx_plus_orange/usdx_plus_orange.ino:1328
      si5351.freq(freq, rx_ph_q, 0 /*90, 0*/); // RX in LSB
    66b4:	60 91 b4 01 	lds	r22, 0x01B4	; 0x8001b4 <freq>
    66b8:	70 91 b5 01 	lds	r23, 0x01B5	; 0x8001b5 <freq+0x1>
    66bc:	80 91 b6 01 	lds	r24, 0x01B6	; 0x8001b6 <freq+0x2>
    66c0:	90 91 b7 01 	lds	r25, 0x01B7	; 0x8001b7 <freq+0x3>
    66c4:	b4 ce       	rjmp	.-664    	; 0x642e <main+0x1e54>
/home/jgalera/develop/arduino/usdx/usdx_plus_orange/usdx_plus_orange.ino:1330
    else
      si5351.freq(freq, 0, rx_ph_q /*0, 90*/); // RX in USB, ...
    66c6:	60 91 b4 01 	lds	r22, 0x01B4	; 0x8001b4 <freq>
    66ca:	70 91 b5 01 	lds	r23, 0x01B5	; 0x8001b5 <freq+0x1>
    66ce:	80 91 b6 01 	lds	r24, 0x01B6	; 0x8001b6 <freq+0x2>
    66d2:	90 91 b7 01 	lds	r25, 0x01B7	; 0x8001b7 <freq+0x3>
    66d6:	9a 01       	movw	r18, r20
    66d8:	50 e0       	ldi	r21, 0x00	; 0
    66da:	40 e0       	ldi	r20, 0x00	; 0
    66dc:	aa ce       	rjmp	.-684    	; 0x6432 <main+0x1e58>
cw_tx():
/home/jgalera/develop/arduino/usdx/usdx_plus_orange/src/dsp/dsp.cpp:471
      k >>= 1; // shift start of cw code to MSB
      if (k == 0)
        delay(ditTime * 4); // space -> add word space
      else {
        for (; k; k >>= 1) { // send dit/dah one by one, until everythng is sent
          switch_rxtx(1);    // key-on  tx
    66de:	81 e0       	ldi	r24, 0x01	; 1
    66e0:	0e 94 84 17 	call	0x2f08	; 0x2f08 <switch_rxtx(unsigned char)>
/home/jgalera/develop/arduino/usdx/usdx_plus_orange/src/dsp/dsp.cpp:472
          if (delayWithKeySense(ditTime * ((j & k) ? 3 : 1))) {
    66e4:	81 2f       	mov	r24, r17
    66e6:	8f 21       	and	r24, r15
main():
    66e8:	21 e0       	ldi	r18, 0x01	; 1
    66ea:	30 e0       	ldi	r19, 0x00	; 0
    66ec:	40 e0       	ldi	r20, 0x00	; 0
    66ee:	50 e0       	ldi	r21, 0x00	; 0
cw_tx():
    66f0:	21 f0       	breq	.+8      	; 0x66fa <main+0x2120>
main():
    66f2:	23 e0       	ldi	r18, 0x03	; 3
    66f4:	30 e0       	ldi	r19, 0x00	; 0
    66f6:	40 e0       	ldi	r20, 0x00	; 0
    66f8:	50 e0       	ldi	r21, 0x00	; 0
cw_tx():
    66fa:	60 91 f7 05 	lds	r22, 0x05F7	; 0x8005f7 <ditTime>
    66fe:	70 91 f8 05 	lds	r23, 0x05F8	; 0x8005f8 <ditTime+0x1>
    6702:	80 91 f9 05 	lds	r24, 0x05F9	; 0x8005f9 <ditTime+0x2>
    6706:	90 91 fa 05 	lds	r25, 0x05FA	; 0x8005fa <ditTime+0x3>
    670a:	0e 94 51 39 	call	0x72a2	; 0x72a2 <__mulsi3>
    670e:	0e 94 f0 11 	call	0x23e0	; 0x23e0 <delayWithKeySense(unsigned long)>
    6712:	88 23       	and	r24, r24
    6714:	b1 f0       	breq	.+44     	; 0x6742 <main+0x2168>
/home/jgalera/develop/arduino/usdx/usdx_plus_orange/src/dsp/dsp.cpp:473
            switch_rxtx(0);
    6716:	80 e0       	ldi	r24, 0x00	; 0
    6718:	0e 94 84 17 	call	0x2f08	; 0x2f08 <switch_rxtx(unsigned char)>
loop():
/home/jgalera/develop/arduino/usdx/usdx_plus_orange/usdx_plus_orange.ino:1357
    if ((cw_tx(cw_msg[cw_msg_id]) == 0) &&
        ((cw_msg[cw_msg_id][0] == 'C') && (cw_msg[cw_msg_id][1] == 'Q')) &&
        cw_msg_interval)
      cw_msg_event = millis() + 1000 * cw_msg_interval;
    else
      cw_msg_event =
    671c:	10 92 fb 05 	sts	0x05FB, r1	; 0x8005fb <cw_msg_event>
    6720:	10 92 fc 05 	sts	0x05FC, r1	; 0x8005fc <cw_msg_event+0x1>
    6724:	10 92 fd 05 	sts	0x05FD, r1	; 0x8005fd <cw_msg_event+0x2>
    6728:	10 92 fe 05 	sts	0x05FE, r1	; 0x8005fe <cw_msg_event+0x3>
/home/jgalera/develop/arduino/usdx/usdx_plus_orange/usdx_plus_orange.ino:1363
          0; // then send message, if not interrupted and its a CQ msg and there
             // is an interval set, then schedule new event
  }
#endif // CW_MESSAGE

  wdt_reset();
    672c:	a8 95       	wdr
serialEventRun():
/home/jgalera/.arduino15/packages/MiniCore/hardware/avr/3.1.1/cores/MCUdude_corefiles/HardwareSerial.cpp:67
#endif

void serialEventRun(void)
{
#if defined(HAVE_HWSERIAL0)
  if (Serial0_available && serialEvent && Serial0_available()) serialEvent();
    672e:	0e 94 dd 07 	call	0xfba	; 0xfba <Serial0_available()>
    6732:	88 23       	and	r24, r24
    6734:	11 f4       	brne	.+4      	; 0x673a <main+0x2160>
    6736:	0c 94 c7 27 	jmp	0x4f8e	; 0x4f8e <main+0x9b4>
    673a:	0e 94 92 1a 	call	0x3524	; 0x3524 <serialEvent()>
    673e:	0c 94 c7 27 	jmp	0x4f8e	; 0x4f8e <main+0x9b4>
cw_tx():
/home/jgalera/develop/arduino/usdx/usdx_plus_orange/src/dsp/dsp.cpp:476
            return 1;
          } // symbol: dah or dih length
          switch_rxtx(0); // key-off tx
    6742:	80 e0       	ldi	r24, 0x00	; 0
    6744:	0e 94 84 17 	call	0x2f08	; 0x2f08 <switch_rxtx(unsigned char)>
/home/jgalera/develop/arduino/usdx/usdx_plus_orange/src/dsp/dsp.cpp:477
          if (delayWithKeySense(ditTime))
    6748:	80 90 f7 05 	lds	r8, 0x05F7	; 0x8005f7 <ditTime>
    674c:	90 90 f8 05 	lds	r9, 0x05F8	; 0x8005f8 <ditTime+0x1>
    6750:	a0 90 f9 05 	lds	r10, 0x05F9	; 0x8005f9 <ditTime+0x2>
    6754:	b0 90 fa 05 	lds	r11, 0x05FA	; 0x8005fa <ditTime+0x3>
    6758:	c5 01       	movw	r24, r10
    675a:	b4 01       	movw	r22, r8
    675c:	0e 94 f0 11 	call	0x23e0	; 0x23e0 <delayWithKeySense(unsigned long)>
    6760:	81 11       	cpse	r24, r1
    6762:	dc cf       	rjmp	.-72     	; 0x671c <main+0x2142>
/home/jgalera/develop/arduino/usdx/usdx_plus_orange/src/dsp/dsp.cpp:470
        ;
      k >>= 1; // shift start of cw code to MSB
      if (k == 0)
        delay(ditTime * 4); // space -> add word space
      else {
        for (; k; k >>= 1) { // send dit/dah one by one, until everythng is sent
    6764:	16 95       	lsr	r17
    6766:	09 f0       	breq	.+2      	; 0x676a <main+0x2190>
    6768:	ba cf       	rjmp	.-140    	; 0x66de <main+0x2104>
/home/jgalera/develop/arduino/usdx/usdx_plus_orange/src/dsp/dsp.cpp:480
          } // symbol: dah or dih length
          switch_rxtx(0); // key-off tx
          if (delayWithKeySense(ditTime))
            return 1; // add symbol space
        }
        if (delayWithKeySense(ditTime * 2))
    676a:	c5 01       	movw	r24, r10
    676c:	b4 01       	movw	r22, r8
    676e:	66 0f       	add	r22, r22
    6770:	77 1f       	adc	r23, r23
    6772:	88 1f       	adc	r24, r24
    6774:	99 1f       	adc	r25, r25
    6776:	0e 94 f0 11 	call	0x23e0	; 0x23e0 <delayWithKeySense(unsigned long)>
    677a:	88 23       	and	r24, r24
    677c:	09 f4       	brne	.+2      	; 0x6780 <main+0x21a6>
    677e:	f1 ce       	rjmp	.-542    	; 0x6562 <main+0x1f88>
    6780:	cd cf       	rjmp	.-102    	; 0x671c <main+0x2142>
/home/jgalera/develop/arduino/usdx/usdx_plus_orange/src/dsp/dsp.cpp:459
uint32_t cw_msg_event = 0;
uint8_t cw_msg_id = 0; // selected message

int cw_tx(char ch) { // Transmit message in CW
  char sym;
  for (uint8_t j = 0; (sym = pgm_read_byte_near(m2c + j));
    6782:	f3 94       	inc	r15
    6784:	cb ce       	rjmp	.-618    	; 0x651c <main+0x1f42>
loop():
/home/jgalera/develop/arduino/usdx/usdx_plus_orange/usdx_plus_orange.ino:1353

#ifdef CW_MESSAGE
  if ((mode == CW) && (cw_msg_event) &&
      (millis() > cw_msg_event)) { // if it is time to send a CW message
    if ((cw_tx(cw_msg[cw_msg_id]) == 0) &&
        ((cw_msg[cw_msg_id][0] == 'C') && (cw_msg[cw_msg_id][1] == 'Q')) &&
    6786:	e0 91 ef 05 	lds	r30, 0x05EF	; 0x8005ef <cw_msg_id>
    678a:	20 e3       	ldi	r18, 0x30	; 48
    678c:	e2 9f       	mul	r30, r18
    678e:	f0 01       	movw	r30, r0
    6790:	11 24       	eor	r1, r1
    6792:	e3 58       	subi	r30, 0x83	; 131
    6794:	fe 4f       	sbci	r31, 0xFE	; 254
/home/jgalera/develop/arduino/usdx/usdx_plus_orange/usdx_plus_orange.ino:1352
  }

#ifdef CW_MESSAGE
  if ((mode == CW) && (cw_msg_event) &&
      (millis() > cw_msg_event)) { // if it is time to send a CW message
    if ((cw_tx(cw_msg[cw_msg_id]) == 0) &&
    6796:	80 81       	ld	r24, Z
    6798:	83 34       	cpi	r24, 0x43	; 67
    679a:	09 f0       	breq	.+2      	; 0x679e <main+0x21c4>
    679c:	bf cf       	rjmp	.-130    	; 0x671c <main+0x2142>
/home/jgalera/develop/arduino/usdx/usdx_plus_orange/usdx_plus_orange.ino:1353
        ((cw_msg[cw_msg_id][0] == 'C') && (cw_msg[cw_msg_id][1] == 'Q')) &&
    679e:	81 81       	ldd	r24, Z+1	; 0x01
    67a0:	81 35       	cpi	r24, 0x51	; 81
    67a2:	09 f0       	breq	.+2      	; 0x67a6 <main+0x21cc>
    67a4:	bb cf       	rjmp	.-138    	; 0x671c <main+0x2142>
/home/jgalera/develop/arduino/usdx/usdx_plus_orange/usdx_plus_orange.ino:1355
        cw_msg_interval)
      cw_msg_event = millis() + 1000 * cw_msg_interval;
    67a6:	0e 94 60 07 	call	0xec0	; 0xec0 <millis>
    67aa:	68 57       	subi	r22, 0x78	; 120
    67ac:	7c 4e       	sbci	r23, 0xEC	; 236
    67ae:	8f 4f       	sbci	r24, 0xFF	; 255
    67b0:	9f 4f       	sbci	r25, 0xFF	; 255
    67b2:	60 93 fb 05 	sts	0x05FB, r22	; 0x8005fb <cw_msg_event>
    67b6:	70 93 fc 05 	sts	0x05FC, r23	; 0x8005fc <cw_msg_event+0x1>
    67ba:	80 93 fd 05 	sts	0x05FD, r24	; 0x8005fd <cw_msg_event+0x2>
    67be:	90 93 fe 05 	sts	0x05FE, r25	; 0x8005fe <cw_msg_event+0x3>
    67c2:	b4 cf       	rjmp	.-152    	; 0x672c <main+0x2152>

000067c4 <_GLOBAL__sub_D_i2c>:
_GLOBAL__sub_D_i2c():
/home/jgalera/develop/arduino/usdx/usdx_plus_orange/src/hardware/soft_i2c.cpp:60
  suspend();
#endif
}

I2C::~I2C() {
  I2C_PORT &= ~(I2C_SDA | I2C_SCL);
    67c4:	88 b1       	in	r24, 0x08	; 8
    67c6:	8f 7c       	andi	r24, 0xCF	; 207
    67c8:	88 b9       	out	0x08, r24	; 8
/home/jgalera/develop/arduino/usdx/usdx_plus_orange/src/hardware/soft_i2c.cpp:61
  I2C_DDR &= ~(I2C_SDA | I2C_SCL);
    67ca:	87 b1       	in	r24, 0x07	; 7
    67cc:	8f 7c       	andi	r24, 0xCF	; 207
    67ce:	87 b9       	out	0x07, r24	; 7
/home/jgalera/develop/arduino/usdx/usdx_plus_orange/src/hardware/soft_i2c.cpp:170
}

uint8_t I2C::endTransmission() {
  stop();
  return 0;
}
    67d0:	08 95       	ret

000067d2 <atol>:
atol():
    67d2:	1f 93       	push	r17
    67d4:	fc 01       	movw	r30, r24
    67d6:	99 27       	eor	r25, r25
    67d8:	88 27       	eor	r24, r24
    67da:	bc 01       	movw	r22, r24
    67dc:	e8 94       	clt
    67de:	11 91       	ld	r17, Z+
    67e0:	10 32       	cpi	r17, 0x20	; 32
    67e2:	e9 f3       	breq	.-6      	; 0x67de <atol+0xc>
    67e4:	19 30       	cpi	r17, 0x09	; 9
    67e6:	10 f0       	brcs	.+4      	; 0x67ec <atol+0x1a>
    67e8:	1e 30       	cpi	r17, 0x0E	; 14
    67ea:	c8 f3       	brcs	.-14     	; 0x67de <atol+0xc>
    67ec:	1b 32       	cpi	r17, 0x2B	; 43
    67ee:	51 f0       	breq	.+20     	; 0x6804 <atol+0x32>
    67f0:	1d 32       	cpi	r17, 0x2D	; 45
    67f2:	49 f4       	brne	.+18     	; 0x6806 <atol+0x34>
    67f4:	68 94       	set
    67f6:	06 c0       	rjmp	.+12     	; 0x6804 <atol+0x32>
    67f8:	0e 94 19 34 	call	0x6832	; 0x6832 <__mulsi_const_10>
    67fc:	61 0f       	add	r22, r17
    67fe:	71 1d       	adc	r23, r1
    6800:	81 1d       	adc	r24, r1
    6802:	91 1d       	adc	r25, r1
    6804:	11 91       	ld	r17, Z+
    6806:	10 53       	subi	r17, 0x30	; 48
    6808:	1a 30       	cpi	r17, 0x0A	; 10
    680a:	b0 f3       	brcs	.-20     	; 0x67f8 <atol+0x26>
    680c:	3e f4       	brtc	.+14     	; 0x681c <atol+0x4a>
    680e:	90 95       	com	r25
    6810:	80 95       	com	r24
    6812:	70 95       	com	r23
    6814:	61 95       	neg	r22
    6816:	7f 4f       	sbci	r23, 0xFF	; 255
    6818:	8f 4f       	sbci	r24, 0xFF	; 255
    681a:	9f 4f       	sbci	r25, 0xFF	; 255
    681c:	1f 91       	pop	r17
    681e:	08 95       	ret

00006820 <memcpy_P>:
memcpy_P():
    6820:	fb 01       	movw	r30, r22
    6822:	dc 01       	movw	r26, r24
    6824:	02 c0       	rjmp	.+4      	; 0x682a <memcpy_P+0xa>
    6826:	05 90       	lpm	r0, Z+
    6828:	0d 92       	st	X+, r0
    682a:	41 50       	subi	r20, 0x01	; 1
    682c:	50 40       	sbci	r21, 0x00	; 0
    682e:	d8 f7       	brcc	.-10     	; 0x6826 <memcpy_P+0x6>
    6830:	08 95       	ret

00006832 <__mulsi_const_10>:
__mulsi_const_10():
    6832:	59 2f       	mov	r21, r25
    6834:	48 2f       	mov	r20, r24
    6836:	37 2f       	mov	r19, r23
    6838:	26 2f       	mov	r18, r22
    683a:	66 0f       	add	r22, r22
    683c:	77 1f       	adc	r23, r23
    683e:	88 1f       	adc	r24, r24
    6840:	99 1f       	adc	r25, r25
    6842:	66 0f       	add	r22, r22
    6844:	77 1f       	adc	r23, r23
    6846:	88 1f       	adc	r24, r24
    6848:	99 1f       	adc	r25, r25
    684a:	62 0f       	add	r22, r18
    684c:	73 1f       	adc	r23, r19
    684e:	84 1f       	adc	r24, r20
    6850:	95 1f       	adc	r25, r21
    6852:	66 0f       	add	r22, r22
    6854:	77 1f       	adc	r23, r23
    6856:	88 1f       	adc	r24, r24
    6858:	99 1f       	adc	r25, r25
    685a:	08 95       	ret

0000685c <vfprintf>:
vfprintf():
    685c:	ab e0       	ldi	r26, 0x0B	; 11
    685e:	b0 e0       	ldi	r27, 0x00	; 0
    6860:	e4 e3       	ldi	r30, 0x34	; 52
    6862:	f4 e3       	ldi	r31, 0x34	; 52
    6864:	0c 94 dc 36 	jmp	0x6db8	; 0x6db8 <__prologue_saves__>
    6868:	7c 01       	movw	r14, r24
    686a:	3b 01       	movw	r6, r22
    686c:	8a 01       	movw	r16, r20
    686e:	fc 01       	movw	r30, r24
    6870:	17 82       	std	Z+7, r1	; 0x07
    6872:	16 82       	std	Z+6, r1	; 0x06
    6874:	83 81       	ldd	r24, Z+3	; 0x03
    6876:	81 ff       	sbrs	r24, 1
    6878:	c8 c1       	rjmp	.+912    	; 0x6c0a <vfprintf+0x3ae>
    687a:	ce 01       	movw	r24, r28
    687c:	01 96       	adiw	r24, 0x01	; 1
    687e:	5c 01       	movw	r10, r24
    6880:	f7 01       	movw	r30, r14
    6882:	93 81       	ldd	r25, Z+3	; 0x03
    6884:	f3 01       	movw	r30, r6
    6886:	93 fd       	sbrc	r25, 3
    6888:	85 91       	lpm	r24, Z+
    688a:	93 ff       	sbrs	r25, 3
    688c:	81 91       	ld	r24, Z+
    688e:	3f 01       	movw	r6, r30
    6890:	88 23       	and	r24, r24
    6892:	09 f4       	brne	.+2      	; 0x6896 <vfprintf+0x3a>
    6894:	53 c1       	rjmp	.+678    	; 0x6b3c <vfprintf+0x2e0>
    6896:	85 32       	cpi	r24, 0x25	; 37
    6898:	39 f4       	brne	.+14     	; 0x68a8 <vfprintf+0x4c>
    689a:	93 fd       	sbrc	r25, 3
    689c:	85 91       	lpm	r24, Z+
    689e:	93 ff       	sbrs	r25, 3
    68a0:	81 91       	ld	r24, Z+
    68a2:	3f 01       	movw	r6, r30
    68a4:	85 32       	cpi	r24, 0x25	; 37
    68a6:	29 f4       	brne	.+10     	; 0x68b2 <vfprintf+0x56>
    68a8:	b7 01       	movw	r22, r14
    68aa:	90 e0       	ldi	r25, 0x00	; 0
    68ac:	0e 94 1e 36 	call	0x6c3c	; 0x6c3c <fputc>
    68b0:	e7 cf       	rjmp	.-50     	; 0x6880 <vfprintf+0x24>
    68b2:	91 2c       	mov	r9, r1
    68b4:	21 2c       	mov	r2, r1
    68b6:	31 2c       	mov	r3, r1
    68b8:	ff e1       	ldi	r31, 0x1F	; 31
    68ba:	f3 15       	cp	r31, r3
    68bc:	38 f0       	brcs	.+14     	; 0x68cc <vfprintf+0x70>
    68be:	8b 32       	cpi	r24, 0x2B	; 43
    68c0:	11 f1       	breq	.+68     	; 0x6906 <vfprintf+0xaa>
    68c2:	90 f4       	brcc	.+36     	; 0x68e8 <vfprintf+0x8c>
    68c4:	80 32       	cpi	r24, 0x20	; 32
    68c6:	09 f1       	breq	.+66     	; 0x690a <vfprintf+0xae>
    68c8:	83 32       	cpi	r24, 0x23	; 35
    68ca:	29 f1       	breq	.+74     	; 0x6916 <vfprintf+0xba>
    68cc:	37 fc       	sbrc	r3, 7
    68ce:	3c c0       	rjmp	.+120    	; 0x6948 <vfprintf+0xec>
    68d0:	20 ed       	ldi	r18, 0xD0	; 208
    68d2:	28 0f       	add	r18, r24
    68d4:	2a 30       	cpi	r18, 0x0A	; 10
    68d6:	50 f5       	brcc	.+84     	; 0x692c <vfprintf+0xd0>
    68d8:	36 fe       	sbrs	r3, 6
    68da:	20 c0       	rjmp	.+64     	; 0x691c <vfprintf+0xc0>
    68dc:	8a e0       	ldi	r24, 0x0A	; 10
    68de:	98 9e       	mul	r9, r24
    68e0:	20 0d       	add	r18, r0
    68e2:	11 24       	eor	r1, r1
    68e4:	92 2e       	mov	r9, r18
    68e6:	06 c0       	rjmp	.+12     	; 0x68f4 <vfprintf+0x98>
    68e8:	8d 32       	cpi	r24, 0x2D	; 45
    68ea:	91 f0       	breq	.+36     	; 0x6910 <vfprintf+0xb4>
    68ec:	80 33       	cpi	r24, 0x30	; 48
    68ee:	71 f7       	brne	.-36     	; 0x68cc <vfprintf+0x70>
    68f0:	68 94       	set
    68f2:	30 f8       	bld	r3, 0
    68f4:	f3 01       	movw	r30, r6
    68f6:	93 fd       	sbrc	r25, 3
    68f8:	85 91       	lpm	r24, Z+
    68fa:	93 ff       	sbrs	r25, 3
    68fc:	81 91       	ld	r24, Z+
    68fe:	3f 01       	movw	r6, r30
    6900:	81 11       	cpse	r24, r1
    6902:	da cf       	rjmp	.-76     	; 0x68b8 <vfprintf+0x5c>
    6904:	21 c0       	rjmp	.+66     	; 0x6948 <vfprintf+0xec>
    6906:	68 94       	set
    6908:	31 f8       	bld	r3, 1
    690a:	68 94       	set
    690c:	32 f8       	bld	r3, 2
    690e:	f2 cf       	rjmp	.-28     	; 0x68f4 <vfprintf+0x98>
    6910:	68 94       	set
    6912:	33 f8       	bld	r3, 3
    6914:	ef cf       	rjmp	.-34     	; 0x68f4 <vfprintf+0x98>
    6916:	68 94       	set
    6918:	34 f8       	bld	r3, 4
    691a:	ec cf       	rjmp	.-40     	; 0x68f4 <vfprintf+0x98>
    691c:	ea e0       	ldi	r30, 0x0A	; 10
    691e:	2e 9e       	mul	r2, r30
    6920:	20 0d       	add	r18, r0
    6922:	11 24       	eor	r1, r1
    6924:	22 2e       	mov	r2, r18
    6926:	68 94       	set
    6928:	35 f8       	bld	r3, 5
    692a:	e4 cf       	rjmp	.-56     	; 0x68f4 <vfprintf+0x98>
    692c:	8e 32       	cpi	r24, 0x2E	; 46
    692e:	29 f4       	brne	.+10     	; 0x693a <vfprintf+0xde>
    6930:	36 fc       	sbrc	r3, 6
    6932:	04 c1       	rjmp	.+520    	; 0x6b3c <vfprintf+0x2e0>
    6934:	68 94       	set
    6936:	36 f8       	bld	r3, 6
    6938:	dd cf       	rjmp	.-70     	; 0x68f4 <vfprintf+0x98>
    693a:	8c 36       	cpi	r24, 0x6C	; 108
    693c:	19 f4       	brne	.+6      	; 0x6944 <vfprintf+0xe8>
    693e:	68 94       	set
    6940:	37 f8       	bld	r3, 7
    6942:	d8 cf       	rjmp	.-80     	; 0x68f4 <vfprintf+0x98>
    6944:	88 36       	cpi	r24, 0x68	; 104
    6946:	b1 f2       	breq	.-84     	; 0x68f4 <vfprintf+0x98>
    6948:	98 2f       	mov	r25, r24
    694a:	9f 7d       	andi	r25, 0xDF	; 223
    694c:	95 54       	subi	r25, 0x45	; 69
    694e:	93 30       	cpi	r25, 0x03	; 3
    6950:	e0 f0       	brcs	.+56     	; 0x698a <vfprintf+0x12e>
    6952:	83 36       	cpi	r24, 0x63	; 99
    6954:	a1 f1       	breq	.+104    	; 0x69be <vfprintf+0x162>
    6956:	83 37       	cpi	r24, 0x73	; 115
    6958:	c1 f1       	breq	.+112    	; 0x69ca <vfprintf+0x16e>
    695a:	83 35       	cpi	r24, 0x53	; 83
    695c:	09 f0       	breq	.+2      	; 0x6960 <vfprintf+0x104>
    695e:	63 c0       	rjmp	.+198    	; 0x6a26 <vfprintf+0x1ca>
    6960:	28 01       	movw	r4, r16
    6962:	f2 e0       	ldi	r31, 0x02	; 2
    6964:	4f 0e       	add	r4, r31
    6966:	51 1c       	adc	r5, r1
    6968:	f8 01       	movw	r30, r16
    696a:	c0 80       	ld	r12, Z
    696c:	d1 80       	ldd	r13, Z+1	; 0x01
    696e:	69 2d       	mov	r22, r9
    6970:	70 e0       	ldi	r23, 0x00	; 0
    6972:	36 fc       	sbrc	r3, 6
    6974:	02 c0       	rjmp	.+4      	; 0x697a <vfprintf+0x11e>
    6976:	6f ef       	ldi	r22, 0xFF	; 255
    6978:	7f ef       	ldi	r23, 0xFF	; 255
    697a:	c6 01       	movw	r24, r12
    697c:	0e 94 08 36 	call	0x6c10	; 0x6c10 <strnlen_P>
    6980:	4c 01       	movw	r8, r24
    6982:	68 94       	set
    6984:	37 f8       	bld	r3, 7
    6986:	82 01       	movw	r16, r4
    6988:	0a c0       	rjmp	.+20     	; 0x699e <vfprintf+0x142>
    698a:	0c 5f       	subi	r16, 0xFC	; 252
    698c:	1f 4f       	sbci	r17, 0xFF	; 255
    698e:	ff e3       	ldi	r31, 0x3F	; 63
    6990:	f9 83       	std	Y+1, r31	; 0x01
    6992:	88 24       	eor	r8, r8
    6994:	83 94       	inc	r8
    6996:	91 2c       	mov	r9, r1
    6998:	65 01       	movw	r12, r10
    699a:	e8 94       	clt
    699c:	37 f8       	bld	r3, 7
    699e:	33 fe       	sbrs	r3, 3
    69a0:	2d c0       	rjmp	.+90     	; 0x69fc <vfprintf+0x1a0>
    69a2:	52 2c       	mov	r5, r2
    69a4:	81 14       	cp	r8, r1
    69a6:	91 04       	cpc	r9, r1
    69a8:	71 f5       	brne	.+92     	; 0x6a06 <vfprintf+0x1aa>
    69aa:	55 20       	and	r5, r5
    69ac:	09 f4       	brne	.+2      	; 0x69b0 <vfprintf+0x154>
    69ae:	68 cf       	rjmp	.-304    	; 0x6880 <vfprintf+0x24>
    69b0:	b7 01       	movw	r22, r14
    69b2:	80 e2       	ldi	r24, 0x20	; 32
    69b4:	90 e0       	ldi	r25, 0x00	; 0
    69b6:	0e 94 1e 36 	call	0x6c3c	; 0x6c3c <fputc>
    69ba:	5a 94       	dec	r5
    69bc:	f6 cf       	rjmp	.-20     	; 0x69aa <vfprintf+0x14e>
    69be:	f8 01       	movw	r30, r16
    69c0:	80 81       	ld	r24, Z
    69c2:	89 83       	std	Y+1, r24	; 0x01
    69c4:	0e 5f       	subi	r16, 0xFE	; 254
    69c6:	1f 4f       	sbci	r17, 0xFF	; 255
    69c8:	e4 cf       	rjmp	.-56     	; 0x6992 <vfprintf+0x136>
    69ca:	28 01       	movw	r4, r16
    69cc:	f2 e0       	ldi	r31, 0x02	; 2
    69ce:	4f 0e       	add	r4, r31
    69d0:	51 1c       	adc	r5, r1
    69d2:	f8 01       	movw	r30, r16
    69d4:	c0 80       	ld	r12, Z
    69d6:	d1 80       	ldd	r13, Z+1	; 0x01
    69d8:	69 2d       	mov	r22, r9
    69da:	70 e0       	ldi	r23, 0x00	; 0
    69dc:	36 fc       	sbrc	r3, 6
    69de:	02 c0       	rjmp	.+4      	; 0x69e4 <vfprintf+0x188>
    69e0:	6f ef       	ldi	r22, 0xFF	; 255
    69e2:	7f ef       	ldi	r23, 0xFF	; 255
    69e4:	c6 01       	movw	r24, r12
    69e6:	0e 94 13 36 	call	0x6c26	; 0x6c26 <strnlen>
    69ea:	4c 01       	movw	r8, r24
    69ec:	82 01       	movw	r16, r4
    69ee:	d5 cf       	rjmp	.-86     	; 0x699a <vfprintf+0x13e>
    69f0:	b7 01       	movw	r22, r14
    69f2:	80 e2       	ldi	r24, 0x20	; 32
    69f4:	90 e0       	ldi	r25, 0x00	; 0
    69f6:	0e 94 1e 36 	call	0x6c3c	; 0x6c3c <fputc>
    69fa:	2a 94       	dec	r2
    69fc:	28 14       	cp	r2, r8
    69fe:	19 04       	cpc	r1, r9
    6a00:	09 f0       	breq	.+2      	; 0x6a04 <vfprintf+0x1a8>
    6a02:	b0 f7       	brcc	.-20     	; 0x69f0 <vfprintf+0x194>
    6a04:	ce cf       	rjmp	.-100    	; 0x69a2 <vfprintf+0x146>
    6a06:	f6 01       	movw	r30, r12
    6a08:	37 fc       	sbrc	r3, 7
    6a0a:	85 91       	lpm	r24, Z+
    6a0c:	37 fe       	sbrs	r3, 7
    6a0e:	81 91       	ld	r24, Z+
    6a10:	6f 01       	movw	r12, r30
    6a12:	b7 01       	movw	r22, r14
    6a14:	90 e0       	ldi	r25, 0x00	; 0
    6a16:	0e 94 1e 36 	call	0x6c3c	; 0x6c3c <fputc>
    6a1a:	51 10       	cpse	r5, r1
    6a1c:	5a 94       	dec	r5
    6a1e:	f1 e0       	ldi	r31, 0x01	; 1
    6a20:	8f 1a       	sub	r8, r31
    6a22:	91 08       	sbc	r9, r1
    6a24:	bf cf       	rjmp	.-130    	; 0x69a4 <vfprintf+0x148>
    6a26:	84 36       	cpi	r24, 0x64	; 100
    6a28:	19 f0       	breq	.+6      	; 0x6a30 <vfprintf+0x1d4>
    6a2a:	89 36       	cpi	r24, 0x69	; 105
    6a2c:	09 f0       	breq	.+2      	; 0x6a30 <vfprintf+0x1d4>
    6a2e:	77 c0       	rjmp	.+238    	; 0x6b1e <vfprintf+0x2c2>
    6a30:	f8 01       	movw	r30, r16
    6a32:	37 fe       	sbrs	r3, 7
    6a34:	6b c0       	rjmp	.+214    	; 0x6b0c <vfprintf+0x2b0>
    6a36:	60 81       	ld	r22, Z
    6a38:	71 81       	ldd	r23, Z+1	; 0x01
    6a3a:	82 81       	ldd	r24, Z+2	; 0x02
    6a3c:	93 81       	ldd	r25, Z+3	; 0x03
    6a3e:	0c 5f       	subi	r16, 0xFC	; 252
    6a40:	1f 4f       	sbci	r17, 0xFF	; 255
    6a42:	f3 2d       	mov	r31, r3
    6a44:	ff 76       	andi	r31, 0x6F	; 111
    6a46:	3f 2e       	mov	r3, r31
    6a48:	97 ff       	sbrs	r25, 7
    6a4a:	09 c0       	rjmp	.+18     	; 0x6a5e <vfprintf+0x202>
    6a4c:	90 95       	com	r25
    6a4e:	80 95       	com	r24
    6a50:	70 95       	com	r23
    6a52:	61 95       	neg	r22
    6a54:	7f 4f       	sbci	r23, 0xFF	; 255
    6a56:	8f 4f       	sbci	r24, 0xFF	; 255
    6a58:	9f 4f       	sbci	r25, 0xFF	; 255
    6a5a:	68 94       	set
    6a5c:	37 f8       	bld	r3, 7
    6a5e:	2a e0       	ldi	r18, 0x0A	; 10
    6a60:	30 e0       	ldi	r19, 0x00	; 0
    6a62:	a5 01       	movw	r20, r10
    6a64:	0e 94 4e 36 	call	0x6c9c	; 0x6c9c <__ultoa_invert>
    6a68:	c8 2e       	mov	r12, r24
    6a6a:	ca 18       	sub	r12, r10
    6a6c:	8c 2c       	mov	r8, r12
    6a6e:	43 2c       	mov	r4, r3
    6a70:	36 fe       	sbrs	r3, 6
    6a72:	0c c0       	rjmp	.+24     	; 0x6a8c <vfprintf+0x230>
    6a74:	e8 94       	clt
    6a76:	40 f8       	bld	r4, 0
    6a78:	c9 14       	cp	r12, r9
    6a7a:	40 f4       	brcc	.+16     	; 0x6a8c <vfprintf+0x230>
    6a7c:	34 fe       	sbrs	r3, 4
    6a7e:	05 c0       	rjmp	.+10     	; 0x6a8a <vfprintf+0x22e>
    6a80:	32 fc       	sbrc	r3, 2
    6a82:	03 c0       	rjmp	.+6      	; 0x6a8a <vfprintf+0x22e>
    6a84:	f3 2d       	mov	r31, r3
    6a86:	fe 7e       	andi	r31, 0xEE	; 238
    6a88:	4f 2e       	mov	r4, r31
    6a8a:	89 2c       	mov	r8, r9
    6a8c:	44 fe       	sbrs	r4, 4
    6a8e:	95 c0       	rjmp	.+298    	; 0x6bba <vfprintf+0x35e>
    6a90:	fe 01       	movw	r30, r28
    6a92:	ec 0d       	add	r30, r12
    6a94:	f1 1d       	adc	r31, r1
    6a96:	80 81       	ld	r24, Z
    6a98:	80 33       	cpi	r24, 0x30	; 48
    6a9a:	09 f0       	breq	.+2      	; 0x6a9e <vfprintf+0x242>
    6a9c:	87 c0       	rjmp	.+270    	; 0x6bac <vfprintf+0x350>
    6a9e:	24 2d       	mov	r18, r4
    6aa0:	29 7e       	andi	r18, 0xE9	; 233
    6aa2:	42 2e       	mov	r4, r18
    6aa4:	84 2d       	mov	r24, r4
    6aa6:	88 70       	andi	r24, 0x08	; 8
    6aa8:	58 2e       	mov	r5, r24
    6aaa:	43 fc       	sbrc	r4, 3
    6aac:	95 c0       	rjmp	.+298    	; 0x6bd8 <vfprintf+0x37c>
    6aae:	40 fe       	sbrs	r4, 0
    6ab0:	8f c0       	rjmp	.+286    	; 0x6bd0 <vfprintf+0x374>
    6ab2:	9c 2c       	mov	r9, r12
    6ab4:	82 14       	cp	r8, r2
    6ab6:	18 f4       	brcc	.+6      	; 0x6abe <vfprintf+0x262>
    6ab8:	2c 0c       	add	r2, r12
    6aba:	92 2c       	mov	r9, r2
    6abc:	98 18       	sub	r9, r8
    6abe:	44 fe       	sbrs	r4, 4
    6ac0:	91 c0       	rjmp	.+290    	; 0x6be4 <vfprintf+0x388>
    6ac2:	b7 01       	movw	r22, r14
    6ac4:	80 e3       	ldi	r24, 0x30	; 48
    6ac6:	90 e0       	ldi	r25, 0x00	; 0
    6ac8:	0e 94 1e 36 	call	0x6c3c	; 0x6c3c <fputc>
    6acc:	42 fe       	sbrs	r4, 2
    6ace:	09 c0       	rjmp	.+18     	; 0x6ae2 <vfprintf+0x286>
    6ad0:	88 e7       	ldi	r24, 0x78	; 120
    6ad2:	90 e0       	ldi	r25, 0x00	; 0
    6ad4:	41 fe       	sbrs	r4, 1
    6ad6:	02 c0       	rjmp	.+4      	; 0x6adc <vfprintf+0x280>
    6ad8:	88 e5       	ldi	r24, 0x58	; 88
    6ada:	90 e0       	ldi	r25, 0x00	; 0
    6adc:	b7 01       	movw	r22, r14
    6ade:	0e 94 1e 36 	call	0x6c3c	; 0x6c3c <fputc>
    6ae2:	c9 14       	cp	r12, r9
    6ae4:	08 f4       	brcc	.+2      	; 0x6ae8 <vfprintf+0x28c>
    6ae6:	8a c0       	rjmp	.+276    	; 0x6bfc <vfprintf+0x3a0>
    6ae8:	ca 94       	dec	r12
    6aea:	d1 2c       	mov	r13, r1
    6aec:	9f ef       	ldi	r25, 0xFF	; 255
    6aee:	c9 1a       	sub	r12, r25
    6af0:	d9 0a       	sbc	r13, r25
    6af2:	ca 0c       	add	r12, r10
    6af4:	db 1c       	adc	r13, r11
    6af6:	f6 01       	movw	r30, r12
    6af8:	82 91       	ld	r24, -Z
    6afa:	6f 01       	movw	r12, r30
    6afc:	b7 01       	movw	r22, r14
    6afe:	90 e0       	ldi	r25, 0x00	; 0
    6b00:	0e 94 1e 36 	call	0x6c3c	; 0x6c3c <fputc>
    6b04:	ac 14       	cp	r10, r12
    6b06:	bd 04       	cpc	r11, r13
    6b08:	b1 f7       	brne	.-20     	; 0x6af6 <vfprintf+0x29a>
    6b0a:	4f cf       	rjmp	.-354    	; 0x69aa <vfprintf+0x14e>
    6b0c:	60 81       	ld	r22, Z
    6b0e:	71 81       	ldd	r23, Z+1	; 0x01
    6b10:	07 2e       	mov	r0, r23
    6b12:	00 0c       	add	r0, r0
    6b14:	88 0b       	sbc	r24, r24
    6b16:	99 0b       	sbc	r25, r25
    6b18:	0e 5f       	subi	r16, 0xFE	; 254
    6b1a:	1f 4f       	sbci	r17, 0xFF	; 255
    6b1c:	92 cf       	rjmp	.-220    	; 0x6a42 <vfprintf+0x1e6>
    6b1e:	d3 2c       	mov	r13, r3
    6b20:	e8 94       	clt
    6b22:	d4 f8       	bld	r13, 4
    6b24:	2a e0       	ldi	r18, 0x0A	; 10
    6b26:	30 e0       	ldi	r19, 0x00	; 0
    6b28:	85 37       	cpi	r24, 0x75	; 117
    6b2a:	39 f1       	breq	.+78     	; 0x6b7a <vfprintf+0x31e>
    6b2c:	23 2d       	mov	r18, r3
    6b2e:	29 7f       	andi	r18, 0xF9	; 249
    6b30:	d2 2e       	mov	r13, r18
    6b32:	8f 36       	cpi	r24, 0x6F	; 111
    6b34:	01 f1       	breq	.+64     	; 0x6b76 <vfprintf+0x31a>
    6b36:	48 f4       	brcc	.+18     	; 0x6b4a <vfprintf+0x2ee>
    6b38:	88 35       	cpi	r24, 0x58	; 88
    6b3a:	a9 f0       	breq	.+42     	; 0x6b66 <vfprintf+0x30a>
    6b3c:	f7 01       	movw	r30, r14
    6b3e:	86 81       	ldd	r24, Z+6	; 0x06
    6b40:	97 81       	ldd	r25, Z+7	; 0x07
    6b42:	2b 96       	adiw	r28, 0x0b	; 11
    6b44:	e2 e1       	ldi	r30, 0x12	; 18
    6b46:	0c 94 f8 36 	jmp	0x6df0	; 0x6df0 <__epilogue_restores__>
    6b4a:	80 37       	cpi	r24, 0x70	; 112
    6b4c:	49 f0       	breq	.+18     	; 0x6b60 <vfprintf+0x304>
    6b4e:	88 37       	cpi	r24, 0x78	; 120
    6b50:	a9 f7       	brne	.-22     	; 0x6b3c <vfprintf+0x2e0>
    6b52:	d4 fe       	sbrs	r13, 4
    6b54:	02 c0       	rjmp	.+4      	; 0x6b5a <vfprintf+0x2fe>
    6b56:	68 94       	set
    6b58:	d2 f8       	bld	r13, 2
    6b5a:	20 e1       	ldi	r18, 0x10	; 16
    6b5c:	30 e0       	ldi	r19, 0x00	; 0
    6b5e:	0d c0       	rjmp	.+26     	; 0x6b7a <vfprintf+0x31e>
    6b60:	68 94       	set
    6b62:	d4 f8       	bld	r13, 4
    6b64:	f6 cf       	rjmp	.-20     	; 0x6b52 <vfprintf+0x2f6>
    6b66:	34 fe       	sbrs	r3, 4
    6b68:	03 c0       	rjmp	.+6      	; 0x6b70 <vfprintf+0x314>
    6b6a:	82 2f       	mov	r24, r18
    6b6c:	86 60       	ori	r24, 0x06	; 6
    6b6e:	d8 2e       	mov	r13, r24
    6b70:	20 e1       	ldi	r18, 0x10	; 16
    6b72:	32 e0       	ldi	r19, 0x02	; 2
    6b74:	02 c0       	rjmp	.+4      	; 0x6b7a <vfprintf+0x31e>
    6b76:	28 e0       	ldi	r18, 0x08	; 8
    6b78:	30 e0       	ldi	r19, 0x00	; 0
    6b7a:	f8 01       	movw	r30, r16
    6b7c:	d7 fe       	sbrs	r13, 7
    6b7e:	0f c0       	rjmp	.+30     	; 0x6b9e <vfprintf+0x342>
    6b80:	60 81       	ld	r22, Z
    6b82:	71 81       	ldd	r23, Z+1	; 0x01
    6b84:	82 81       	ldd	r24, Z+2	; 0x02
    6b86:	93 81       	ldd	r25, Z+3	; 0x03
    6b88:	0c 5f       	subi	r16, 0xFC	; 252
    6b8a:	1f 4f       	sbci	r17, 0xFF	; 255
    6b8c:	a5 01       	movw	r20, r10
    6b8e:	0e 94 4e 36 	call	0x6c9c	; 0x6c9c <__ultoa_invert>
    6b92:	c8 2e       	mov	r12, r24
    6b94:	ca 18       	sub	r12, r10
    6b96:	3d 2c       	mov	r3, r13
    6b98:	e8 94       	clt
    6b9a:	37 f8       	bld	r3, 7
    6b9c:	67 cf       	rjmp	.-306    	; 0x6a6c <vfprintf+0x210>
    6b9e:	60 81       	ld	r22, Z
    6ba0:	71 81       	ldd	r23, Z+1	; 0x01
    6ba2:	90 e0       	ldi	r25, 0x00	; 0
    6ba4:	80 e0       	ldi	r24, 0x00	; 0
    6ba6:	0e 5f       	subi	r16, 0xFE	; 254
    6ba8:	1f 4f       	sbci	r17, 0xFF	; 255
    6baa:	f0 cf       	rjmp	.-32     	; 0x6b8c <vfprintf+0x330>
    6bac:	42 fc       	sbrc	r4, 2
    6bae:	02 c0       	rjmp	.+4      	; 0x6bb4 <vfprintf+0x358>
    6bb0:	83 94       	inc	r8
    6bb2:	78 cf       	rjmp	.-272    	; 0x6aa4 <vfprintf+0x248>
    6bb4:	83 94       	inc	r8
    6bb6:	83 94       	inc	r8
    6bb8:	75 cf       	rjmp	.-278    	; 0x6aa4 <vfprintf+0x248>
    6bba:	84 2d       	mov	r24, r4
    6bbc:	86 78       	andi	r24, 0x86	; 134
    6bbe:	09 f4       	brne	.+2      	; 0x6bc2 <vfprintf+0x366>
    6bc0:	71 cf       	rjmp	.-286    	; 0x6aa4 <vfprintf+0x248>
    6bc2:	f6 cf       	rjmp	.-20     	; 0x6bb0 <vfprintf+0x354>
    6bc4:	b7 01       	movw	r22, r14
    6bc6:	80 e2       	ldi	r24, 0x20	; 32
    6bc8:	90 e0       	ldi	r25, 0x00	; 0
    6bca:	0e 94 1e 36 	call	0x6c3c	; 0x6c3c <fputc>
    6bce:	83 94       	inc	r8
    6bd0:	82 14       	cp	r8, r2
    6bd2:	c0 f3       	brcs	.-16     	; 0x6bc4 <vfprintf+0x368>
    6bd4:	51 2c       	mov	r5, r1
    6bd6:	73 cf       	rjmp	.-282    	; 0x6abe <vfprintf+0x262>
    6bd8:	52 2c       	mov	r5, r2
    6bda:	58 18       	sub	r5, r8
    6bdc:	82 14       	cp	r8, r2
    6bde:	08 f4       	brcc	.+2      	; 0x6be2 <vfprintf+0x386>
    6be0:	6e cf       	rjmp	.-292    	; 0x6abe <vfprintf+0x262>
    6be2:	f8 cf       	rjmp	.-16     	; 0x6bd4 <vfprintf+0x378>
    6be4:	84 2d       	mov	r24, r4
    6be6:	86 78       	andi	r24, 0x86	; 134
    6be8:	09 f4       	brne	.+2      	; 0x6bec <vfprintf+0x390>
    6bea:	7b cf       	rjmp	.-266    	; 0x6ae2 <vfprintf+0x286>
    6bec:	8b e2       	ldi	r24, 0x2B	; 43
    6bee:	41 fe       	sbrs	r4, 1
    6bf0:	80 e2       	ldi	r24, 0x20	; 32
    6bf2:	47 fc       	sbrc	r4, 7
    6bf4:	8d e2       	ldi	r24, 0x2D	; 45
    6bf6:	b7 01       	movw	r22, r14
    6bf8:	90 e0       	ldi	r25, 0x00	; 0
    6bfa:	71 cf       	rjmp	.-286    	; 0x6ade <vfprintf+0x282>
    6bfc:	b7 01       	movw	r22, r14
    6bfe:	80 e3       	ldi	r24, 0x30	; 48
    6c00:	90 e0       	ldi	r25, 0x00	; 0
    6c02:	0e 94 1e 36 	call	0x6c3c	; 0x6c3c <fputc>
    6c06:	9a 94       	dec	r9
    6c08:	6c cf       	rjmp	.-296    	; 0x6ae2 <vfprintf+0x286>
    6c0a:	8f ef       	ldi	r24, 0xFF	; 255
    6c0c:	9f ef       	ldi	r25, 0xFF	; 255
    6c0e:	99 cf       	rjmp	.-206    	; 0x6b42 <vfprintf+0x2e6>

00006c10 <strnlen_P>:
strnlen_P():
    6c10:	fc 01       	movw	r30, r24
    6c12:	05 90       	lpm	r0, Z+
    6c14:	61 50       	subi	r22, 0x01	; 1
    6c16:	70 40       	sbci	r23, 0x00	; 0
    6c18:	01 10       	cpse	r0, r1
    6c1a:	d8 f7       	brcc	.-10     	; 0x6c12 <strnlen_P+0x2>
    6c1c:	80 95       	com	r24
    6c1e:	90 95       	com	r25
    6c20:	8e 0f       	add	r24, r30
    6c22:	9f 1f       	adc	r25, r31
    6c24:	08 95       	ret

00006c26 <strnlen>:
strnlen():
    6c26:	fc 01       	movw	r30, r24
    6c28:	61 50       	subi	r22, 0x01	; 1
    6c2a:	70 40       	sbci	r23, 0x00	; 0
    6c2c:	01 90       	ld	r0, Z+
    6c2e:	01 10       	cpse	r0, r1
    6c30:	d8 f7       	brcc	.-10     	; 0x6c28 <strnlen+0x2>
    6c32:	80 95       	com	r24
    6c34:	90 95       	com	r25
    6c36:	8e 0f       	add	r24, r30
    6c38:	9f 1f       	adc	r25, r31
    6c3a:	08 95       	ret

00006c3c <fputc>:
fputc():
    6c3c:	0f 93       	push	r16
    6c3e:	1f 93       	push	r17
    6c40:	cf 93       	push	r28
    6c42:	df 93       	push	r29
    6c44:	18 2f       	mov	r17, r24
    6c46:	09 2f       	mov	r16, r25
    6c48:	eb 01       	movw	r28, r22
    6c4a:	8b 81       	ldd	r24, Y+3	; 0x03
    6c4c:	81 fd       	sbrc	r24, 1
    6c4e:	09 c0       	rjmp	.+18     	; 0x6c62 <fputc+0x26>
    6c50:	1f ef       	ldi	r17, 0xFF	; 255
    6c52:	0f ef       	ldi	r16, 0xFF	; 255
    6c54:	81 2f       	mov	r24, r17
    6c56:	90 2f       	mov	r25, r16
    6c58:	df 91       	pop	r29
    6c5a:	cf 91       	pop	r28
    6c5c:	1f 91       	pop	r17
    6c5e:	0f 91       	pop	r16
    6c60:	08 95       	ret
    6c62:	82 ff       	sbrs	r24, 2
    6c64:	14 c0       	rjmp	.+40     	; 0x6c8e <fputc+0x52>
    6c66:	2e 81       	ldd	r18, Y+6	; 0x06
    6c68:	3f 81       	ldd	r19, Y+7	; 0x07
    6c6a:	8c 81       	ldd	r24, Y+4	; 0x04
    6c6c:	9d 81       	ldd	r25, Y+5	; 0x05
    6c6e:	28 17       	cp	r18, r24
    6c70:	39 07       	cpc	r19, r25
    6c72:	3c f4       	brge	.+14     	; 0x6c82 <fputc+0x46>
    6c74:	e8 81       	ld	r30, Y
    6c76:	f9 81       	ldd	r31, Y+1	; 0x01
    6c78:	cf 01       	movw	r24, r30
    6c7a:	01 96       	adiw	r24, 0x01	; 1
    6c7c:	99 83       	std	Y+1, r25	; 0x01
    6c7e:	88 83       	st	Y, r24
    6c80:	10 83       	st	Z, r17
    6c82:	8e 81       	ldd	r24, Y+6	; 0x06
    6c84:	9f 81       	ldd	r25, Y+7	; 0x07
    6c86:	01 96       	adiw	r24, 0x01	; 1
    6c88:	9f 83       	std	Y+7, r25	; 0x07
    6c8a:	8e 83       	std	Y+6, r24	; 0x06
    6c8c:	e3 cf       	rjmp	.-58     	; 0x6c54 <fputc+0x18>
    6c8e:	e8 85       	ldd	r30, Y+8	; 0x08
    6c90:	f9 85       	ldd	r31, Y+9	; 0x09
    6c92:	81 2f       	mov	r24, r17
    6c94:	09 95       	icall
    6c96:	89 2b       	or	r24, r25
    6c98:	a1 f3       	breq	.-24     	; 0x6c82 <fputc+0x46>
    6c9a:	da cf       	rjmp	.-76     	; 0x6c50 <fputc+0x14>

00006c9c <__ultoa_invert>:
__ultoa_invert():
    6c9c:	fa 01       	movw	r30, r20
    6c9e:	aa 27       	eor	r26, r26
    6ca0:	28 30       	cpi	r18, 0x08	; 8
    6ca2:	51 f1       	breq	.+84     	; 0x6cf8 <__ultoa_invert+0x5c>
    6ca4:	20 31       	cpi	r18, 0x10	; 16
    6ca6:	81 f1       	breq	.+96     	; 0x6d08 <__ultoa_invert+0x6c>
    6ca8:	e8 94       	clt
    6caa:	6f 93       	push	r22
    6cac:	6e 7f       	andi	r22, 0xFE	; 254
    6cae:	6e 5f       	subi	r22, 0xFE	; 254
    6cb0:	7f 4f       	sbci	r23, 0xFF	; 255
    6cb2:	8f 4f       	sbci	r24, 0xFF	; 255
    6cb4:	9f 4f       	sbci	r25, 0xFF	; 255
    6cb6:	af 4f       	sbci	r26, 0xFF	; 255
    6cb8:	b1 e0       	ldi	r27, 0x01	; 1
    6cba:	3e d0       	rcall	.+124    	; 0x6d38 <__ultoa_invert+0x9c>
    6cbc:	b4 e0       	ldi	r27, 0x04	; 4
    6cbe:	3c d0       	rcall	.+120    	; 0x6d38 <__ultoa_invert+0x9c>
    6cc0:	67 0f       	add	r22, r23
    6cc2:	78 1f       	adc	r23, r24
    6cc4:	89 1f       	adc	r24, r25
    6cc6:	9a 1f       	adc	r25, r26
    6cc8:	a1 1d       	adc	r26, r1
    6cca:	68 0f       	add	r22, r24
    6ccc:	79 1f       	adc	r23, r25
    6cce:	8a 1f       	adc	r24, r26
    6cd0:	91 1d       	adc	r25, r1
    6cd2:	a1 1d       	adc	r26, r1
    6cd4:	6a 0f       	add	r22, r26
    6cd6:	71 1d       	adc	r23, r1
    6cd8:	81 1d       	adc	r24, r1
    6cda:	91 1d       	adc	r25, r1
    6cdc:	a1 1d       	adc	r26, r1
    6cde:	20 d0       	rcall	.+64     	; 0x6d20 <__ultoa_invert+0x84>
    6ce0:	09 f4       	brne	.+2      	; 0x6ce4 <__ultoa_invert+0x48>
    6ce2:	68 94       	set
    6ce4:	3f 91       	pop	r19
    6ce6:	2a e0       	ldi	r18, 0x0A	; 10
    6ce8:	26 9f       	mul	r18, r22
    6cea:	11 24       	eor	r1, r1
    6cec:	30 19       	sub	r19, r0
    6cee:	30 5d       	subi	r19, 0xD0	; 208
    6cf0:	31 93       	st	Z+, r19
    6cf2:	de f6       	brtc	.-74     	; 0x6caa <__ultoa_invert+0xe>
    6cf4:	cf 01       	movw	r24, r30
    6cf6:	08 95       	ret
    6cf8:	46 2f       	mov	r20, r22
    6cfa:	47 70       	andi	r20, 0x07	; 7
    6cfc:	40 5d       	subi	r20, 0xD0	; 208
    6cfe:	41 93       	st	Z+, r20
    6d00:	b3 e0       	ldi	r27, 0x03	; 3
    6d02:	0f d0       	rcall	.+30     	; 0x6d22 <__ultoa_invert+0x86>
    6d04:	c9 f7       	brne	.-14     	; 0x6cf8 <__ultoa_invert+0x5c>
    6d06:	f6 cf       	rjmp	.-20     	; 0x6cf4 <__ultoa_invert+0x58>
    6d08:	46 2f       	mov	r20, r22
    6d0a:	4f 70       	andi	r20, 0x0F	; 15
    6d0c:	40 5d       	subi	r20, 0xD0	; 208
    6d0e:	4a 33       	cpi	r20, 0x3A	; 58
    6d10:	18 f0       	brcs	.+6      	; 0x6d18 <__ultoa_invert+0x7c>
    6d12:	49 5d       	subi	r20, 0xD9	; 217
    6d14:	31 fd       	sbrc	r19, 1
    6d16:	40 52       	subi	r20, 0x20	; 32
    6d18:	41 93       	st	Z+, r20
    6d1a:	02 d0       	rcall	.+4      	; 0x6d20 <__ultoa_invert+0x84>
    6d1c:	a9 f7       	brne	.-22     	; 0x6d08 <__ultoa_invert+0x6c>
    6d1e:	ea cf       	rjmp	.-44     	; 0x6cf4 <__ultoa_invert+0x58>
    6d20:	b4 e0       	ldi	r27, 0x04	; 4
    6d22:	a6 95       	lsr	r26
    6d24:	97 95       	ror	r25
    6d26:	87 95       	ror	r24
    6d28:	77 95       	ror	r23
    6d2a:	67 95       	ror	r22
    6d2c:	ba 95       	dec	r27
    6d2e:	c9 f7       	brne	.-14     	; 0x6d22 <__ultoa_invert+0x86>
    6d30:	00 97       	sbiw	r24, 0x00	; 0
    6d32:	61 05       	cpc	r22, r1
    6d34:	71 05       	cpc	r23, r1
    6d36:	08 95       	ret
    6d38:	9b 01       	movw	r18, r22
    6d3a:	ac 01       	movw	r20, r24
    6d3c:	0a 2e       	mov	r0, r26
    6d3e:	06 94       	lsr	r0
    6d40:	57 95       	ror	r21
    6d42:	47 95       	ror	r20
    6d44:	37 95       	ror	r19
    6d46:	27 95       	ror	r18
    6d48:	ba 95       	dec	r27
    6d4a:	c9 f7       	brne	.-14     	; 0x6d3e <__ultoa_invert+0xa2>
    6d4c:	62 0f       	add	r22, r18
    6d4e:	73 1f       	adc	r23, r19
    6d50:	84 1f       	adc	r24, r20
    6d52:	95 1f       	adc	r25, r21
    6d54:	a0 1d       	adc	r26, r0
    6d56:	08 95       	ret

00006d58 <eeprom_read_block>:
eeprom_read_block():
    6d58:	dc 01       	movw	r26, r24
    6d5a:	cb 01       	movw	r24, r22

00006d5c <eeprom_read_blraw>:
    6d5c:	fc 01       	movw	r30, r24
    6d5e:	f9 99       	sbic	0x1f, 1	; 31
    6d60:	fe cf       	rjmp	.-4      	; 0x6d5e <eeprom_read_blraw+0x2>
    6d62:	06 c0       	rjmp	.+12     	; 0x6d70 <eeprom_read_blraw+0x14>
    6d64:	f2 bd       	out	0x22, r31	; 34
    6d66:	e1 bd       	out	0x21, r30	; 33
    6d68:	f8 9a       	sbi	0x1f, 0	; 31
    6d6a:	31 96       	adiw	r30, 0x01	; 1
    6d6c:	00 b4       	in	r0, 0x20	; 32
    6d6e:	0d 92       	st	X+, r0
    6d70:	41 50       	subi	r20, 0x01	; 1
    6d72:	50 40       	sbci	r21, 0x00	; 0
    6d74:	b8 f7       	brcc	.-18     	; 0x6d64 <eeprom_read_blraw+0x8>
    6d76:	08 95       	ret

00006d78 <eeprom_read_byte>:
eeprom_read_byte():
    6d78:	f9 99       	sbic	0x1f, 1	; 31
    6d7a:	fe cf       	rjmp	.-4      	; 0x6d78 <eeprom_read_byte>
    6d7c:	92 bd       	out	0x22, r25	; 34
    6d7e:	81 bd       	out	0x21, r24	; 33
    6d80:	f8 9a       	sbi	0x1f, 0	; 31
    6d82:	99 27       	eor	r25, r25
    6d84:	80 b5       	in	r24, 0x20	; 32
    6d86:	08 95       	ret

00006d88 <eeprom_write_block>:
eeprom_write_block():
    6d88:	dc 01       	movw	r26, r24
    6d8a:	cb 01       	movw	r24, r22
    6d8c:	03 c0       	rjmp	.+6      	; 0x6d94 <eeprom_write_block+0xc>
    6d8e:	2d 91       	ld	r18, X+
    6d90:	0e 94 cf 36 	call	0x6d9e	; 0x6d9e <eeprom_write_r18>
    6d94:	41 50       	subi	r20, 0x01	; 1
    6d96:	50 40       	sbci	r21, 0x00	; 0
    6d98:	d0 f7       	brcc	.-12     	; 0x6d8e <eeprom_write_block+0x6>
    6d9a:	08 95       	ret

00006d9c <eeprom_write_byte>:
eeprom_write_byte():
    6d9c:	26 2f       	mov	r18, r22

00006d9e <eeprom_write_r18>:
    6d9e:	f9 99       	sbic	0x1f, 1	; 31
    6da0:	fe cf       	rjmp	.-4      	; 0x6d9e <eeprom_write_r18>
    6da2:	1f ba       	out	0x1f, r1	; 31
    6da4:	92 bd       	out	0x22, r25	; 34
    6da6:	81 bd       	out	0x21, r24	; 33
    6da8:	20 bd       	out	0x20, r18	; 32
    6daa:	0f b6       	in	r0, 0x3f	; 63
    6dac:	f8 94       	cli
    6dae:	fa 9a       	sbi	0x1f, 2	; 31
    6db0:	f9 9a       	sbi	0x1f, 1	; 31
    6db2:	0f be       	out	0x3f, r0	; 63
    6db4:	01 96       	adiw	r24, 0x01	; 1
    6db6:	08 95       	ret

00006db8 <__prologue_saves__>:
__prologue_saves__():
/home/jenkins/workspace/avr-gcc-staging/label/debian7-x86_64/gcc-build/avr/avr5/libgcc/../../../../gcc/libgcc/config/avr/lib1funcs.S:2169
    6db8:	2f 92       	push	r2
/home/jenkins/workspace/avr-gcc-staging/label/debian7-x86_64/gcc-build/avr/avr5/libgcc/../../../../gcc/libgcc/config/avr/lib1funcs.S:2170
    6dba:	3f 92       	push	r3
/home/jenkins/workspace/avr-gcc-staging/label/debian7-x86_64/gcc-build/avr/avr5/libgcc/../../../../gcc/libgcc/config/avr/lib1funcs.S:2171
    6dbc:	4f 92       	push	r4
/home/jenkins/workspace/avr-gcc-staging/label/debian7-x86_64/gcc-build/avr/avr5/libgcc/../../../../gcc/libgcc/config/avr/lib1funcs.S:2172
    6dbe:	5f 92       	push	r5
/home/jenkins/workspace/avr-gcc-staging/label/debian7-x86_64/gcc-build/avr/avr5/libgcc/../../../../gcc/libgcc/config/avr/lib1funcs.S:2173
    6dc0:	6f 92       	push	r6
/home/jenkins/workspace/avr-gcc-staging/label/debian7-x86_64/gcc-build/avr/avr5/libgcc/../../../../gcc/libgcc/config/avr/lib1funcs.S:2174
    6dc2:	7f 92       	push	r7
/home/jenkins/workspace/avr-gcc-staging/label/debian7-x86_64/gcc-build/avr/avr5/libgcc/../../../../gcc/libgcc/config/avr/lib1funcs.S:2175
    6dc4:	8f 92       	push	r8
/home/jenkins/workspace/avr-gcc-staging/label/debian7-x86_64/gcc-build/avr/avr5/libgcc/../../../../gcc/libgcc/config/avr/lib1funcs.S:2176
    6dc6:	9f 92       	push	r9
/home/jenkins/workspace/avr-gcc-staging/label/debian7-x86_64/gcc-build/avr/avr5/libgcc/../../../../gcc/libgcc/config/avr/lib1funcs.S:2177
    6dc8:	af 92       	push	r10
/home/jenkins/workspace/avr-gcc-staging/label/debian7-x86_64/gcc-build/avr/avr5/libgcc/../../../../gcc/libgcc/config/avr/lib1funcs.S:2178
    6dca:	bf 92       	push	r11
/home/jenkins/workspace/avr-gcc-staging/label/debian7-x86_64/gcc-build/avr/avr5/libgcc/../../../../gcc/libgcc/config/avr/lib1funcs.S:2179
    6dcc:	cf 92       	push	r12
/home/jenkins/workspace/avr-gcc-staging/label/debian7-x86_64/gcc-build/avr/avr5/libgcc/../../../../gcc/libgcc/config/avr/lib1funcs.S:2180
    6dce:	df 92       	push	r13
/home/jenkins/workspace/avr-gcc-staging/label/debian7-x86_64/gcc-build/avr/avr5/libgcc/../../../../gcc/libgcc/config/avr/lib1funcs.S:2181
    6dd0:	ef 92       	push	r14
/home/jenkins/workspace/avr-gcc-staging/label/debian7-x86_64/gcc-build/avr/avr5/libgcc/../../../../gcc/libgcc/config/avr/lib1funcs.S:2182
    6dd2:	ff 92       	push	r15
/home/jenkins/workspace/avr-gcc-staging/label/debian7-x86_64/gcc-build/avr/avr5/libgcc/../../../../gcc/libgcc/config/avr/lib1funcs.S:2183
    6dd4:	0f 93       	push	r16
/home/jenkins/workspace/avr-gcc-staging/label/debian7-x86_64/gcc-build/avr/avr5/libgcc/../../../../gcc/libgcc/config/avr/lib1funcs.S:2184
    6dd6:	1f 93       	push	r17
/home/jenkins/workspace/avr-gcc-staging/label/debian7-x86_64/gcc-build/avr/avr5/libgcc/../../../../gcc/libgcc/config/avr/lib1funcs.S:2185
    6dd8:	cf 93       	push	r28
/home/jenkins/workspace/avr-gcc-staging/label/debian7-x86_64/gcc-build/avr/avr5/libgcc/../../../../gcc/libgcc/config/avr/lib1funcs.S:2186
    6dda:	df 93       	push	r29
/home/jenkins/workspace/avr-gcc-staging/label/debian7-x86_64/gcc-build/avr/avr5/libgcc/../../../../gcc/libgcc/config/avr/lib1funcs.S:2200
    6ddc:	cd b7       	in	r28, 0x3d	; 61
/home/jenkins/workspace/avr-gcc-staging/label/debian7-x86_64/gcc-build/avr/avr5/libgcc/../../../../gcc/libgcc/config/avr/lib1funcs.S:2201
    6dde:	de b7       	in	r29, 0x3e	; 62
/home/jenkins/workspace/avr-gcc-staging/label/debian7-x86_64/gcc-build/avr/avr5/libgcc/../../../../gcc/libgcc/config/avr/lib1funcs.S:2202
    6de0:	ca 1b       	sub	r28, r26
/home/jenkins/workspace/avr-gcc-staging/label/debian7-x86_64/gcc-build/avr/avr5/libgcc/../../../../gcc/libgcc/config/avr/lib1funcs.S:2203
    6de2:	db 0b       	sbc	r29, r27
/home/jenkins/workspace/avr-gcc-staging/label/debian7-x86_64/gcc-build/avr/avr5/libgcc/../../../../gcc/libgcc/config/avr/lib1funcs.S:2204
    6de4:	0f b6       	in	r0, 0x3f	; 63
/home/jenkins/workspace/avr-gcc-staging/label/debian7-x86_64/gcc-build/avr/avr5/libgcc/../../../../gcc/libgcc/config/avr/lib1funcs.S:2205
    6de6:	f8 94       	cli
/home/jenkins/workspace/avr-gcc-staging/label/debian7-x86_64/gcc-build/avr/avr5/libgcc/../../../../gcc/libgcc/config/avr/lib1funcs.S:2206
    6de8:	de bf       	out	0x3e, r29	; 62
/home/jenkins/workspace/avr-gcc-staging/label/debian7-x86_64/gcc-build/avr/avr5/libgcc/../../../../gcc/libgcc/config/avr/lib1funcs.S:2207
    6dea:	0f be       	out	0x3f, r0	; 63
/home/jenkins/workspace/avr-gcc-staging/label/debian7-x86_64/gcc-build/avr/avr5/libgcc/../../../../gcc/libgcc/config/avr/lib1funcs.S:2208
    6dec:	cd bf       	out	0x3d, r28	; 61
/home/jenkins/workspace/avr-gcc-staging/label/debian7-x86_64/gcc-build/avr/avr5/libgcc/../../../../gcc/libgcc/config/avr/lib1funcs.S:2211
    6dee:	09 94       	ijmp

00006df0 <__epilogue_restores__>:
__epilogue_restores__():
/home/jenkins/workspace/avr-gcc-staging/label/debian7-x86_64/gcc-build/avr/avr5/libgcc/../../../../gcc/libgcc/config/avr/lib1funcs.S:2222
    6df0:	2a 88       	ldd	r2, Y+18	; 0x12
/home/jenkins/workspace/avr-gcc-staging/label/debian7-x86_64/gcc-build/avr/avr5/libgcc/../../../../gcc/libgcc/config/avr/lib1funcs.S:2223
    6df2:	39 88       	ldd	r3, Y+17	; 0x11
/home/jenkins/workspace/avr-gcc-staging/label/debian7-x86_64/gcc-build/avr/avr5/libgcc/../../../../gcc/libgcc/config/avr/lib1funcs.S:2224
    6df4:	48 88       	ldd	r4, Y+16	; 0x10
/home/jenkins/workspace/avr-gcc-staging/label/debian7-x86_64/gcc-build/avr/avr5/libgcc/../../../../gcc/libgcc/config/avr/lib1funcs.S:2225
    6df6:	5f 84       	ldd	r5, Y+15	; 0x0f
/home/jenkins/workspace/avr-gcc-staging/label/debian7-x86_64/gcc-build/avr/avr5/libgcc/../../../../gcc/libgcc/config/avr/lib1funcs.S:2226
    6df8:	6e 84       	ldd	r6, Y+14	; 0x0e
/home/jenkins/workspace/avr-gcc-staging/label/debian7-x86_64/gcc-build/avr/avr5/libgcc/../../../../gcc/libgcc/config/avr/lib1funcs.S:2227
    6dfa:	7d 84       	ldd	r7, Y+13	; 0x0d
/home/jenkins/workspace/avr-gcc-staging/label/debian7-x86_64/gcc-build/avr/avr5/libgcc/../../../../gcc/libgcc/config/avr/lib1funcs.S:2228
    6dfc:	8c 84       	ldd	r8, Y+12	; 0x0c
/home/jenkins/workspace/avr-gcc-staging/label/debian7-x86_64/gcc-build/avr/avr5/libgcc/../../../../gcc/libgcc/config/avr/lib1funcs.S:2229
    6dfe:	9b 84       	ldd	r9, Y+11	; 0x0b
/home/jenkins/workspace/avr-gcc-staging/label/debian7-x86_64/gcc-build/avr/avr5/libgcc/../../../../gcc/libgcc/config/avr/lib1funcs.S:2230
    6e00:	aa 84       	ldd	r10, Y+10	; 0x0a
/home/jenkins/workspace/avr-gcc-staging/label/debian7-x86_64/gcc-build/avr/avr5/libgcc/../../../../gcc/libgcc/config/avr/lib1funcs.S:2231
    6e02:	b9 84       	ldd	r11, Y+9	; 0x09
/home/jenkins/workspace/avr-gcc-staging/label/debian7-x86_64/gcc-build/avr/avr5/libgcc/../../../../gcc/libgcc/config/avr/lib1funcs.S:2232
    6e04:	c8 84       	ldd	r12, Y+8	; 0x08
/home/jenkins/workspace/avr-gcc-staging/label/debian7-x86_64/gcc-build/avr/avr5/libgcc/../../../../gcc/libgcc/config/avr/lib1funcs.S:2233
    6e06:	df 80       	ldd	r13, Y+7	; 0x07
/home/jenkins/workspace/avr-gcc-staging/label/debian7-x86_64/gcc-build/avr/avr5/libgcc/../../../../gcc/libgcc/config/avr/lib1funcs.S:2234
    6e08:	ee 80       	ldd	r14, Y+6	; 0x06
/home/jenkins/workspace/avr-gcc-staging/label/debian7-x86_64/gcc-build/avr/avr5/libgcc/../../../../gcc/libgcc/config/avr/lib1funcs.S:2235
    6e0a:	fd 80       	ldd	r15, Y+5	; 0x05
/home/jenkins/workspace/avr-gcc-staging/label/debian7-x86_64/gcc-build/avr/avr5/libgcc/../../../../gcc/libgcc/config/avr/lib1funcs.S:2236
    6e0c:	0c 81       	ldd	r16, Y+4	; 0x04
/home/jenkins/workspace/avr-gcc-staging/label/debian7-x86_64/gcc-build/avr/avr5/libgcc/../../../../gcc/libgcc/config/avr/lib1funcs.S:2237
    6e0e:	1b 81       	ldd	r17, Y+3	; 0x03
/home/jenkins/workspace/avr-gcc-staging/label/debian7-x86_64/gcc-build/avr/avr5/libgcc/../../../../gcc/libgcc/config/avr/lib1funcs.S:2238
    6e10:	aa 81       	ldd	r26, Y+2	; 0x02
/home/jenkins/workspace/avr-gcc-staging/label/debian7-x86_64/gcc-build/avr/avr5/libgcc/../../../../gcc/libgcc/config/avr/lib1funcs.S:2252
    6e12:	b9 81       	ldd	r27, Y+1	; 0x01
/home/jenkins/workspace/avr-gcc-staging/label/debian7-x86_64/gcc-build/avr/avr5/libgcc/../../../../gcc/libgcc/config/avr/lib1funcs.S:2253
    6e14:	ce 0f       	add	r28, r30
/home/jenkins/workspace/avr-gcc-staging/label/debian7-x86_64/gcc-build/avr/avr5/libgcc/../../../../gcc/libgcc/config/avr/lib1funcs.S:2254
    6e16:	d1 1d       	adc	r29, r1
/home/jenkins/workspace/avr-gcc-staging/label/debian7-x86_64/gcc-build/avr/avr5/libgcc/../../../../gcc/libgcc/config/avr/lib1funcs.S:2255
    6e18:	0f b6       	in	r0, 0x3f	; 63
/home/jenkins/workspace/avr-gcc-staging/label/debian7-x86_64/gcc-build/avr/avr5/libgcc/../../../../gcc/libgcc/config/avr/lib1funcs.S:2256
    6e1a:	f8 94       	cli
/home/jenkins/workspace/avr-gcc-staging/label/debian7-x86_64/gcc-build/avr/avr5/libgcc/../../../../gcc/libgcc/config/avr/lib1funcs.S:2257
    6e1c:	de bf       	out	0x3e, r29	; 62
/home/jenkins/workspace/avr-gcc-staging/label/debian7-x86_64/gcc-build/avr/avr5/libgcc/../../../../gcc/libgcc/config/avr/lib1funcs.S:2258
    6e1e:	0f be       	out	0x3f, r0	; 63
/home/jenkins/workspace/avr-gcc-staging/label/debian7-x86_64/gcc-build/avr/avr5/libgcc/../../../../gcc/libgcc/config/avr/lib1funcs.S:2259
    6e20:	cd bf       	out	0x3d, r28	; 61
/home/jenkins/workspace/avr-gcc-staging/label/debian7-x86_64/gcc-build/avr/avr5/libgcc/../../../../gcc/libgcc/config/avr/lib1funcs.S:2260
    6e22:	ed 01       	movw	r28, r26
/home/jenkins/workspace/avr-gcc-staging/label/debian7-x86_64/gcc-build/avr/avr5/libgcc/../../../../gcc/libgcc/config/avr/lib1funcs.S:2263
    6e24:	08 95       	ret

00006e26 <__subsf3>:
__subsf3():
    6e26:	50 58       	subi	r21, 0x80	; 128

00006e28 <__addsf3>:
    6e28:	bb 27       	eor	r27, r27
    6e2a:	aa 27       	eor	r26, r26
    6e2c:	0e 94 2b 37 	call	0x6e56	; 0x6e56 <__addsf3x>
    6e30:	0c 94 a5 38 	jmp	0x714a	; 0x714a <__fp_round>
__addsf3():
    6e34:	0e 94 97 38 	call	0x712e	; 0x712e <__fp_pscA>
    6e38:	38 f0       	brcs	.+14     	; 0x6e48 <__addsf3+0x20>
    6e3a:	0e 94 9e 38 	call	0x713c	; 0x713c <__fp_pscB>
    6e3e:	20 f0       	brcs	.+8      	; 0x6e48 <__addsf3+0x20>
    6e40:	39 f4       	brne	.+14     	; 0x6e50 <__addsf3+0x28>
    6e42:	9f 3f       	cpi	r25, 0xFF	; 255
    6e44:	19 f4       	brne	.+6      	; 0x6e4c <__addsf3+0x24>
    6e46:	26 f4       	brtc	.+8      	; 0x6e50 <__addsf3+0x28>
    6e48:	0c 94 94 38 	jmp	0x7128	; 0x7128 <__fp_nan>
    6e4c:	0e f4       	brtc	.+2      	; 0x6e50 <__addsf3+0x28>
    6e4e:	e0 95       	com	r30
    6e50:	e7 fb       	bst	r30, 7
    6e52:	0c 94 8e 38 	jmp	0x711c	; 0x711c <__fp_inf>

00006e56 <__addsf3x>:
__addsf3x():
    6e56:	e9 2f       	mov	r30, r25
    6e58:	0e 94 b6 38 	call	0x716c	; 0x716c <__fp_split3>
    6e5c:	58 f3       	brcs	.-42     	; 0x6e34 <__addsf3+0xc>
    6e5e:	ba 17       	cp	r27, r26
    6e60:	62 07       	cpc	r22, r18
    6e62:	73 07       	cpc	r23, r19
    6e64:	84 07       	cpc	r24, r20
    6e66:	95 07       	cpc	r25, r21
    6e68:	20 f0       	brcs	.+8      	; 0x6e72 <__addsf3x+0x1c>
    6e6a:	79 f4       	brne	.+30     	; 0x6e8a <__addsf3x+0x34>
    6e6c:	a6 f5       	brtc	.+104    	; 0x6ed6 <__addsf3x+0x80>
    6e6e:	0c 94 d8 38 	jmp	0x71b0	; 0x71b0 <__fp_zero>
    6e72:	0e f4       	brtc	.+2      	; 0x6e76 <__addsf3x+0x20>
    6e74:	e0 95       	com	r30
    6e76:	0b 2e       	mov	r0, r27
    6e78:	ba 2f       	mov	r27, r26
    6e7a:	a0 2d       	mov	r26, r0
    6e7c:	0b 01       	movw	r0, r22
    6e7e:	b9 01       	movw	r22, r18
    6e80:	90 01       	movw	r18, r0
    6e82:	0c 01       	movw	r0, r24
    6e84:	ca 01       	movw	r24, r20
    6e86:	a0 01       	movw	r20, r0
    6e88:	11 24       	eor	r1, r1
    6e8a:	ff 27       	eor	r31, r31
    6e8c:	59 1b       	sub	r21, r25
    6e8e:	99 f0       	breq	.+38     	; 0x6eb6 <__addsf3x+0x60>
    6e90:	59 3f       	cpi	r21, 0xF9	; 249
    6e92:	50 f4       	brcc	.+20     	; 0x6ea8 <__addsf3x+0x52>
    6e94:	50 3e       	cpi	r21, 0xE0	; 224
    6e96:	68 f1       	brcs	.+90     	; 0x6ef2 <__addsf3x+0x9c>
    6e98:	1a 16       	cp	r1, r26
    6e9a:	f0 40       	sbci	r31, 0x00	; 0
    6e9c:	a2 2f       	mov	r26, r18
    6e9e:	23 2f       	mov	r18, r19
    6ea0:	34 2f       	mov	r19, r20
    6ea2:	44 27       	eor	r20, r20
    6ea4:	58 5f       	subi	r21, 0xF8	; 248
    6ea6:	f3 cf       	rjmp	.-26     	; 0x6e8e <__addsf3x+0x38>
    6ea8:	46 95       	lsr	r20
    6eaa:	37 95       	ror	r19
    6eac:	27 95       	ror	r18
    6eae:	a7 95       	ror	r26
    6eb0:	f0 40       	sbci	r31, 0x00	; 0
    6eb2:	53 95       	inc	r21
    6eb4:	c9 f7       	brne	.-14     	; 0x6ea8 <__addsf3x+0x52>
    6eb6:	7e f4       	brtc	.+30     	; 0x6ed6 <__addsf3x+0x80>
    6eb8:	1f 16       	cp	r1, r31
    6eba:	ba 0b       	sbc	r27, r26
    6ebc:	62 0b       	sbc	r22, r18
    6ebe:	73 0b       	sbc	r23, r19
    6ec0:	84 0b       	sbc	r24, r20
    6ec2:	ba f0       	brmi	.+46     	; 0x6ef2 <__addsf3x+0x9c>
    6ec4:	91 50       	subi	r25, 0x01	; 1
    6ec6:	a1 f0       	breq	.+40     	; 0x6ef0 <__addsf3x+0x9a>
    6ec8:	ff 0f       	add	r31, r31
    6eca:	bb 1f       	adc	r27, r27
    6ecc:	66 1f       	adc	r22, r22
    6ece:	77 1f       	adc	r23, r23
    6ed0:	88 1f       	adc	r24, r24
    6ed2:	c2 f7       	brpl	.-16     	; 0x6ec4 <__addsf3x+0x6e>
    6ed4:	0e c0       	rjmp	.+28     	; 0x6ef2 <__addsf3x+0x9c>
    6ed6:	ba 0f       	add	r27, r26
    6ed8:	62 1f       	adc	r22, r18
    6eda:	73 1f       	adc	r23, r19
    6edc:	84 1f       	adc	r24, r20
    6ede:	48 f4       	brcc	.+18     	; 0x6ef2 <__addsf3x+0x9c>
    6ee0:	87 95       	ror	r24
    6ee2:	77 95       	ror	r23
    6ee4:	67 95       	ror	r22
    6ee6:	b7 95       	ror	r27
    6ee8:	f7 95       	ror	r31
    6eea:	9e 3f       	cpi	r25, 0xFE	; 254
    6eec:	08 f0       	brcs	.+2      	; 0x6ef0 <__addsf3x+0x9a>
    6eee:	b0 cf       	rjmp	.-160    	; 0x6e50 <__addsf3+0x28>
    6ef0:	93 95       	inc	r25
    6ef2:	88 0f       	add	r24, r24
    6ef4:	08 f0       	brcs	.+2      	; 0x6ef8 <__addsf3x+0xa2>
    6ef6:	99 27       	eor	r25, r25
    6ef8:	ee 0f       	add	r30, r30
    6efa:	97 95       	ror	r25
    6efc:	87 95       	ror	r24
    6efe:	08 95       	ret

00006f00 <__cmpsf2>:
    6f00:	0e 94 6a 38 	call	0x70d4	; 0x70d4 <__fp_cmp>
    6f04:	08 f4       	brcc	.+2      	; 0x6f08 <__cmpsf2+0x8>
    6f06:	81 e0       	ldi	r24, 0x01	; 1
    6f08:	08 95       	ret

00006f0a <__divsf3>:
    6f0a:	0e 94 99 37 	call	0x6f32	; 0x6f32 <__divsf3x>
    6f0e:	0c 94 a5 38 	jmp	0x714a	; 0x714a <__fp_round>
    6f12:	0e 94 9e 38 	call	0x713c	; 0x713c <__fp_pscB>
    6f16:	58 f0       	brcs	.+22     	; 0x6f2e <__divsf3+0x24>
    6f18:	0e 94 97 38 	call	0x712e	; 0x712e <__fp_pscA>
    6f1c:	40 f0       	brcs	.+16     	; 0x6f2e <__divsf3+0x24>
    6f1e:	29 f4       	brne	.+10     	; 0x6f2a <__divsf3+0x20>
    6f20:	5f 3f       	cpi	r21, 0xFF	; 255
__divsf3():
    6f22:	29 f0       	breq	.+10     	; 0x6f2e <__divsf3+0x24>
    6f24:	0c 94 8e 38 	jmp	0x711c	; 0x711c <__fp_inf>
    6f28:	51 11       	cpse	r21, r1
    6f2a:	0c 94 d9 38 	jmp	0x71b2	; 0x71b2 <__fp_szero>
    6f2e:	0c 94 94 38 	jmp	0x7128	; 0x7128 <__fp_nan>

00006f32 <__divsf3x>:
__divsf3x():
    6f32:	0e 94 b6 38 	call	0x716c	; 0x716c <__fp_split3>
    6f36:	68 f3       	brcs	.-38     	; 0x6f12 <__divsf3+0x8>

00006f38 <__divsf3_pse>:
    6f38:	99 23       	and	r25, r25
    6f3a:	b1 f3       	breq	.-20     	; 0x6f28 <__divsf3+0x1e>
    6f3c:	55 23       	and	r21, r21
    6f3e:	91 f3       	breq	.-28     	; 0x6f24 <__divsf3+0x1a>
    6f40:	95 1b       	sub	r25, r21
    6f42:	55 0b       	sbc	r21, r21
    6f44:	bb 27       	eor	r27, r27
    6f46:	aa 27       	eor	r26, r26
    6f48:	62 17       	cp	r22, r18
    6f4a:	73 07       	cpc	r23, r19
    6f4c:	84 07       	cpc	r24, r20
    6f4e:	38 f0       	brcs	.+14     	; 0x6f5e <__divsf3_pse+0x26>
    6f50:	9f 5f       	subi	r25, 0xFF	; 255
    6f52:	5f 4f       	sbci	r21, 0xFF	; 255
    6f54:	22 0f       	add	r18, r18
    6f56:	33 1f       	adc	r19, r19
    6f58:	44 1f       	adc	r20, r20
    6f5a:	aa 1f       	adc	r26, r26
    6f5c:	a9 f3       	breq	.-22     	; 0x6f48 <__divsf3_pse+0x10>
    6f5e:	35 d0       	rcall	.+106    	; 0x6fca <__divsf3_pse+0x92>
    6f60:	0e 2e       	mov	r0, r30
    6f62:	3a f0       	brmi	.+14     	; 0x6f72 <__divsf3_pse+0x3a>
    6f64:	e0 e8       	ldi	r30, 0x80	; 128
    6f66:	32 d0       	rcall	.+100    	; 0x6fcc <__divsf3_pse+0x94>
    6f68:	91 50       	subi	r25, 0x01	; 1
    6f6a:	50 40       	sbci	r21, 0x00	; 0
    6f6c:	e6 95       	lsr	r30
    6f6e:	00 1c       	adc	r0, r0
    6f70:	ca f7       	brpl	.-14     	; 0x6f64 <__divsf3_pse+0x2c>
    6f72:	2b d0       	rcall	.+86     	; 0x6fca <__divsf3_pse+0x92>
    6f74:	fe 2f       	mov	r31, r30
    6f76:	29 d0       	rcall	.+82     	; 0x6fca <__divsf3_pse+0x92>
    6f78:	66 0f       	add	r22, r22
    6f7a:	77 1f       	adc	r23, r23
    6f7c:	88 1f       	adc	r24, r24
    6f7e:	bb 1f       	adc	r27, r27
    6f80:	26 17       	cp	r18, r22
    6f82:	37 07       	cpc	r19, r23
    6f84:	48 07       	cpc	r20, r24
    6f86:	ab 07       	cpc	r26, r27
    6f88:	b0 e8       	ldi	r27, 0x80	; 128
    6f8a:	09 f0       	breq	.+2      	; 0x6f8e <__divsf3_pse+0x56>
    6f8c:	bb 0b       	sbc	r27, r27
    6f8e:	80 2d       	mov	r24, r0
    6f90:	bf 01       	movw	r22, r30
    6f92:	ff 27       	eor	r31, r31
    6f94:	93 58       	subi	r25, 0x83	; 131
    6f96:	5f 4f       	sbci	r21, 0xFF	; 255
    6f98:	3a f0       	brmi	.+14     	; 0x6fa8 <__divsf3_pse+0x70>
    6f9a:	9e 3f       	cpi	r25, 0xFE	; 254
    6f9c:	51 05       	cpc	r21, r1
    6f9e:	78 f0       	brcs	.+30     	; 0x6fbe <__divsf3_pse+0x86>
    6fa0:	0c 94 8e 38 	jmp	0x711c	; 0x711c <__fp_inf>
    6fa4:	0c 94 d9 38 	jmp	0x71b2	; 0x71b2 <__fp_szero>
    6fa8:	5f 3f       	cpi	r21, 0xFF	; 255
    6faa:	e4 f3       	brlt	.-8      	; 0x6fa4 <__divsf3_pse+0x6c>
    6fac:	98 3e       	cpi	r25, 0xE8	; 232
    6fae:	d4 f3       	brlt	.-12     	; 0x6fa4 <__divsf3_pse+0x6c>
    6fb0:	86 95       	lsr	r24
    6fb2:	77 95       	ror	r23
    6fb4:	67 95       	ror	r22
    6fb6:	b7 95       	ror	r27
    6fb8:	f7 95       	ror	r31
    6fba:	9f 5f       	subi	r25, 0xFF	; 255
    6fbc:	c9 f7       	brne	.-14     	; 0x6fb0 <__divsf3_pse+0x78>
    6fbe:	88 0f       	add	r24, r24
    6fc0:	91 1d       	adc	r25, r1
    6fc2:	96 95       	lsr	r25
    6fc4:	87 95       	ror	r24
    6fc6:	97 f9       	bld	r25, 7
    6fc8:	08 95       	ret
    6fca:	e1 e0       	ldi	r30, 0x01	; 1
    6fcc:	66 0f       	add	r22, r22
    6fce:	77 1f       	adc	r23, r23
    6fd0:	88 1f       	adc	r24, r24
    6fd2:	bb 1f       	adc	r27, r27
    6fd4:	62 17       	cp	r22, r18
    6fd6:	73 07       	cpc	r23, r19
    6fd8:	84 07       	cpc	r24, r20
    6fda:	ba 07       	cpc	r27, r26
    6fdc:	20 f0       	brcs	.+8      	; 0x6fe6 <__divsf3_pse+0xae>
    6fde:	62 1b       	sub	r22, r18
    6fe0:	73 0b       	sbc	r23, r19
    6fe2:	84 0b       	sbc	r24, r20
    6fe4:	ba 0b       	sbc	r27, r26
    6fe6:	ee 1f       	adc	r30, r30
    6fe8:	88 f7       	brcc	.-30     	; 0x6fcc <__divsf3_pse+0x94>
    6fea:	e0 95       	com	r30
    6fec:	08 95       	ret

00006fee <__fixsfsi>:
    6fee:	0e 94 fe 37 	call	0x6ffc	; 0x6ffc <__fixunssfsi>
    6ff2:	68 94       	set
    6ff4:	b1 11       	cpse	r27, r1
    6ff6:	0c 94 d9 38 	jmp	0x71b2	; 0x71b2 <__fp_szero>
    6ffa:	08 95       	ret

00006ffc <__fixunssfsi>:
    6ffc:	0e 94 be 38 	call	0x717c	; 0x717c <__fp_splitA>
    7000:	88 f0       	brcs	.+34     	; 0x7024 <__fixunssfsi+0x28>
    7002:	9f 57       	subi	r25, 0x7F	; 127
    7004:	98 f0       	brcs	.+38     	; 0x702c <__fixunssfsi+0x30>
    7006:	b9 2f       	mov	r27, r25
    7008:	99 27       	eor	r25, r25
    700a:	b7 51       	subi	r27, 0x17	; 23
    700c:	b0 f0       	brcs	.+44     	; 0x703a <__fixunssfsi+0x3e>
__fixunssfsi():
    700e:	e1 f0       	breq	.+56     	; 0x7048 <__fixunssfsi+0x4c>
    7010:	66 0f       	add	r22, r22
    7012:	77 1f       	adc	r23, r23
    7014:	88 1f       	adc	r24, r24
    7016:	99 1f       	adc	r25, r25
    7018:	1a f0       	brmi	.+6      	; 0x7020 <__fixunssfsi+0x24>
    701a:	ba 95       	dec	r27
    701c:	c9 f7       	brne	.-14     	; 0x7010 <__fixunssfsi+0x14>
    701e:	14 c0       	rjmp	.+40     	; 0x7048 <__fixunssfsi+0x4c>
    7020:	b1 30       	cpi	r27, 0x01	; 1
    7022:	91 f0       	breq	.+36     	; 0x7048 <__fixunssfsi+0x4c>
    7024:	0e 94 d8 38 	call	0x71b0	; 0x71b0 <__fp_zero>
    7028:	b1 e0       	ldi	r27, 0x01	; 1
    702a:	08 95       	ret
    702c:	0c 94 d8 38 	jmp	0x71b0	; 0x71b0 <__fp_zero>
    7030:	67 2f       	mov	r22, r23
    7032:	78 2f       	mov	r23, r24
    7034:	88 27       	eor	r24, r24
    7036:	b8 5f       	subi	r27, 0xF8	; 248
    7038:	39 f0       	breq	.+14     	; 0x7048 <__fixunssfsi+0x4c>
    703a:	b9 3f       	cpi	r27, 0xF9	; 249
    703c:	cc f3       	brlt	.-14     	; 0x7030 <__fixunssfsi+0x34>
    703e:	86 95       	lsr	r24
    7040:	77 95       	ror	r23
    7042:	67 95       	ror	r22
    7044:	b3 95       	inc	r27
    7046:	d9 f7       	brne	.-10     	; 0x703e <__fixunssfsi+0x42>
    7048:	3e f4       	brtc	.+14     	; 0x7058 <__fixunssfsi+0x5c>
    704a:	90 95       	com	r25
    704c:	80 95       	com	r24
    704e:	70 95       	com	r23
    7050:	61 95       	neg	r22
    7052:	7f 4f       	sbci	r23, 0xFF	; 255
    7054:	8f 4f       	sbci	r24, 0xFF	; 255
    7056:	9f 4f       	sbci	r25, 0xFF	; 255
    7058:	08 95       	ret

0000705a <__floatunsisf>:
__floatunsisf():
    705a:	e8 94       	clt
    705c:	09 c0       	rjmp	.+18     	; 0x7070 <__floatsisf+0x12>

0000705e <__floatsisf>:
    705e:	97 fb       	bst	r25, 7
    7060:	3e f4       	brtc	.+14     	; 0x7070 <__floatsisf+0x12>
    7062:	90 95       	com	r25
    7064:	80 95       	com	r24
    7066:	70 95       	com	r23
    7068:	61 95       	neg	r22
    706a:	7f 4f       	sbci	r23, 0xFF	; 255
    706c:	8f 4f       	sbci	r24, 0xFF	; 255
    706e:	9f 4f       	sbci	r25, 0xFF	; 255
    7070:	99 23       	and	r25, r25
    7072:	a9 f0       	breq	.+42     	; 0x709e <__floatsisf+0x40>
    7074:	f9 2f       	mov	r31, r25
    7076:	96 e9       	ldi	r25, 0x96	; 150
    7078:	bb 27       	eor	r27, r27
    707a:	93 95       	inc	r25
    707c:	f6 95       	lsr	r31
    707e:	87 95       	ror	r24
    7080:	77 95       	ror	r23
    7082:	67 95       	ror	r22
    7084:	b7 95       	ror	r27
    7086:	f1 11       	cpse	r31, r1
    7088:	f8 cf       	rjmp	.-16     	; 0x707a <__floatsisf+0x1c>
    708a:	fa f4       	brpl	.+62     	; 0x70ca <__floatsisf+0x6c>
    708c:	bb 0f       	add	r27, r27
    708e:	11 f4       	brne	.+4      	; 0x7094 <__floatsisf+0x36>
    7090:	60 ff       	sbrs	r22, 0
    7092:	1b c0       	rjmp	.+54     	; 0x70ca <__floatsisf+0x6c>
    7094:	6f 5f       	subi	r22, 0xFF	; 255
    7096:	7f 4f       	sbci	r23, 0xFF	; 255
    7098:	8f 4f       	sbci	r24, 0xFF	; 255
    709a:	9f 4f       	sbci	r25, 0xFF	; 255
    709c:	16 c0       	rjmp	.+44     	; 0x70ca <__floatsisf+0x6c>
    709e:	88 23       	and	r24, r24
    70a0:	11 f0       	breq	.+4      	; 0x70a6 <__floatsisf+0x48>
    70a2:	96 e9       	ldi	r25, 0x96	; 150
    70a4:	11 c0       	rjmp	.+34     	; 0x70c8 <__floatsisf+0x6a>
    70a6:	77 23       	and	r23, r23
    70a8:	21 f0       	breq	.+8      	; 0x70b2 <__floatsisf+0x54>
    70aa:	9e e8       	ldi	r25, 0x8E	; 142
    70ac:	87 2f       	mov	r24, r23
    70ae:	76 2f       	mov	r23, r22
    70b0:	05 c0       	rjmp	.+10     	; 0x70bc <__floatsisf+0x5e>
    70b2:	66 23       	and	r22, r22
    70b4:	71 f0       	breq	.+28     	; 0x70d2 <__floatsisf+0x74>
    70b6:	96 e8       	ldi	r25, 0x86	; 134
    70b8:	86 2f       	mov	r24, r22
    70ba:	70 e0       	ldi	r23, 0x00	; 0
    70bc:	60 e0       	ldi	r22, 0x00	; 0
    70be:	2a f0       	brmi	.+10     	; 0x70ca <__floatsisf+0x6c>
    70c0:	9a 95       	dec	r25
    70c2:	66 0f       	add	r22, r22
    70c4:	77 1f       	adc	r23, r23
    70c6:	88 1f       	adc	r24, r24
    70c8:	da f7       	brpl	.-10     	; 0x70c0 <__floatsisf+0x62>
    70ca:	88 0f       	add	r24, r24
    70cc:	96 95       	lsr	r25
    70ce:	87 95       	ror	r24
    70d0:	97 f9       	bld	r25, 7
    70d2:	08 95       	ret

000070d4 <__fp_cmp>:
__fp_cmp():
    70d4:	99 0f       	add	r25, r25
    70d6:	00 08       	sbc	r0, r0
    70d8:	55 0f       	add	r21, r21
    70da:	aa 0b       	sbc	r26, r26
    70dc:	e0 e8       	ldi	r30, 0x80	; 128
    70de:	fe ef       	ldi	r31, 0xFE	; 254
    70e0:	16 16       	cp	r1, r22
    70e2:	17 06       	cpc	r1, r23
    70e4:	e8 07       	cpc	r30, r24
    70e6:	f9 07       	cpc	r31, r25
    70e8:	c0 f0       	brcs	.+48     	; 0x711a <__fp_cmp+0x46>
    70ea:	12 16       	cp	r1, r18
    70ec:	13 06       	cpc	r1, r19
    70ee:	e4 07       	cpc	r30, r20
    70f0:	f5 07       	cpc	r31, r21
    70f2:	98 f0       	brcs	.+38     	; 0x711a <__fp_cmp+0x46>
    70f4:	62 1b       	sub	r22, r18
    70f6:	73 0b       	sbc	r23, r19
    70f8:	84 0b       	sbc	r24, r20
    70fa:	95 0b       	sbc	r25, r21
    70fc:	39 f4       	brne	.+14     	; 0x710c <__fp_cmp+0x38>
    70fe:	0a 26       	eor	r0, r26
    7100:	61 f0       	breq	.+24     	; 0x711a <__fp_cmp+0x46>
    7102:	23 2b       	or	r18, r19
    7104:	24 2b       	or	r18, r20
    7106:	25 2b       	or	r18, r21
    7108:	21 f4       	brne	.+8      	; 0x7112 <__fp_cmp+0x3e>
    710a:	08 95       	ret
    710c:	0a 26       	eor	r0, r26
    710e:	09 f4       	brne	.+2      	; 0x7112 <__fp_cmp+0x3e>
    7110:	a1 40       	sbci	r26, 0x01	; 1
    7112:	a6 95       	lsr	r26
    7114:	8f ef       	ldi	r24, 0xFF	; 255
    7116:	81 1d       	adc	r24, r1
    7118:	81 1d       	adc	r24, r1
    711a:	08 95       	ret

0000711c <__fp_inf>:
__fp_inf():
    711c:	97 f9       	bld	r25, 7
    711e:	9f 67       	ori	r25, 0x7F	; 127
    7120:	80 e8       	ldi	r24, 0x80	; 128
    7122:	70 e0       	ldi	r23, 0x00	; 0
    7124:	60 e0       	ldi	r22, 0x00	; 0
    7126:	08 95       	ret

00007128 <__fp_nan>:
__fp_nan():
    7128:	9f ef       	ldi	r25, 0xFF	; 255
    712a:	80 ec       	ldi	r24, 0xC0	; 192
    712c:	08 95       	ret

0000712e <__fp_pscA>:
__fp_pscA():
    712e:	00 24       	eor	r0, r0
    7130:	0a 94       	dec	r0
    7132:	16 16       	cp	r1, r22
    7134:	17 06       	cpc	r1, r23
    7136:	18 06       	cpc	r1, r24
    7138:	09 06       	cpc	r0, r25
    713a:	08 95       	ret

0000713c <__fp_pscB>:
__fp_pscB():
    713c:	00 24       	eor	r0, r0
    713e:	0a 94       	dec	r0
    7140:	12 16       	cp	r1, r18
    7142:	13 06       	cpc	r1, r19
    7144:	14 06       	cpc	r1, r20
    7146:	05 06       	cpc	r0, r21
    7148:	08 95       	ret

0000714a <__fp_round>:
__fp_round():
    714a:	09 2e       	mov	r0, r25
    714c:	03 94       	inc	r0
    714e:	00 0c       	add	r0, r0
    7150:	11 f4       	brne	.+4      	; 0x7156 <__fp_round+0xc>
    7152:	88 23       	and	r24, r24
    7154:	52 f0       	brmi	.+20     	; 0x716a <__fp_round+0x20>
    7156:	bb 0f       	add	r27, r27
    7158:	40 f4       	brcc	.+16     	; 0x716a <__fp_round+0x20>
    715a:	bf 2b       	or	r27, r31
    715c:	11 f4       	brne	.+4      	; 0x7162 <__fp_round+0x18>
    715e:	60 ff       	sbrs	r22, 0
    7160:	04 c0       	rjmp	.+8      	; 0x716a <__fp_round+0x20>
    7162:	6f 5f       	subi	r22, 0xFF	; 255
    7164:	7f 4f       	sbci	r23, 0xFF	; 255
    7166:	8f 4f       	sbci	r24, 0xFF	; 255
    7168:	9f 4f       	sbci	r25, 0xFF	; 255
    716a:	08 95       	ret

0000716c <__fp_split3>:
__fp_split3():
    716c:	57 fd       	sbrc	r21, 7
    716e:	90 58       	subi	r25, 0x80	; 128
    7170:	44 0f       	add	r20, r20
    7172:	55 1f       	adc	r21, r21
    7174:	59 f0       	breq	.+22     	; 0x718c <__fp_splitA+0x10>
    7176:	5f 3f       	cpi	r21, 0xFF	; 255
    7178:	71 f0       	breq	.+28     	; 0x7196 <__fp_splitA+0x1a>
    717a:	47 95       	ror	r20

0000717c <__fp_splitA>:
    717c:	88 0f       	add	r24, r24
    717e:	97 fb       	bst	r25, 7
    7180:	99 1f       	adc	r25, r25
    7182:	61 f0       	breq	.+24     	; 0x719c <__fp_splitA+0x20>
    7184:	9f 3f       	cpi	r25, 0xFF	; 255
    7186:	79 f0       	breq	.+30     	; 0x71a6 <__fp_splitA+0x2a>
    7188:	87 95       	ror	r24
    718a:	08 95       	ret
    718c:	12 16       	cp	r1, r18
    718e:	13 06       	cpc	r1, r19
    7190:	14 06       	cpc	r1, r20
    7192:	55 1f       	adc	r21, r21
    7194:	f2 cf       	rjmp	.-28     	; 0x717a <__fp_split3+0xe>
    7196:	46 95       	lsr	r20
    7198:	f1 df       	rcall	.-30     	; 0x717c <__fp_splitA>
    719a:	08 c0       	rjmp	.+16     	; 0x71ac <__fp_splitA+0x30>
    719c:	16 16       	cp	r1, r22
    719e:	17 06       	cpc	r1, r23
    71a0:	18 06       	cpc	r1, r24
    71a2:	99 1f       	adc	r25, r25
    71a4:	f1 cf       	rjmp	.-30     	; 0x7188 <__fp_splitA+0xc>
    71a6:	86 95       	lsr	r24
    71a8:	71 05       	cpc	r23, r1
    71aa:	61 05       	cpc	r22, r1
    71ac:	08 94       	sec
    71ae:	08 95       	ret

000071b0 <__fp_zero>:
__fp_zero():
    71b0:	e8 94       	clt

000071b2 <__fp_szero>:
    71b2:	bb 27       	eor	r27, r27
    71b4:	66 27       	eor	r22, r22
    71b6:	77 27       	eor	r23, r23
    71b8:	cb 01       	movw	r24, r22
    71ba:	97 f9       	bld	r25, 7
    71bc:	08 95       	ret

000071be <__gesf2>:
__gesf2():
    71be:	0e 94 6a 38 	call	0x70d4	; 0x70d4 <__fp_cmp>
    71c2:	08 f4       	brcc	.+2      	; 0x71c6 <__gesf2+0x8>
    71c4:	8f ef       	ldi	r24, 0xFF	; 255
    71c6:	08 95       	ret

000071c8 <__mulsf3>:
__mulsf3():
    71c8:	0e 94 f7 38 	call	0x71ee	; 0x71ee <__mulsf3x>
    71cc:	0c 94 a5 38 	jmp	0x714a	; 0x714a <__fp_round>
    71d0:	0e 94 97 38 	call	0x712e	; 0x712e <__fp_pscA>
    71d4:	38 f0       	brcs	.+14     	; 0x71e4 <__mulsf3+0x1c>
    71d6:	0e 94 9e 38 	call	0x713c	; 0x713c <__fp_pscB>
    71da:	20 f0       	brcs	.+8      	; 0x71e4 <__mulsf3+0x1c>
    71dc:	95 23       	and	r25, r21
    71de:	11 f0       	breq	.+4      	; 0x71e4 <__mulsf3+0x1c>
    71e0:	0c 94 8e 38 	jmp	0x711c	; 0x711c <__fp_inf>
    71e4:	0c 94 94 38 	jmp	0x7128	; 0x7128 <__fp_nan>
    71e8:	11 24       	eor	r1, r1
    71ea:	0c 94 d9 38 	jmp	0x71b2	; 0x71b2 <__fp_szero>

000071ee <__mulsf3x>:
__mulsf3x():
    71ee:	0e 94 b6 38 	call	0x716c	; 0x716c <__fp_split3>
    71f2:	70 f3       	brcs	.-36     	; 0x71d0 <__mulsf3+0x8>

000071f4 <__mulsf3_pse>:
    71f4:	95 9f       	mul	r25, r21
    71f6:	c1 f3       	breq	.-16     	; 0x71e8 <__mulsf3+0x20>
    71f8:	95 0f       	add	r25, r21
    71fa:	50 e0       	ldi	r21, 0x00	; 0
    71fc:	55 1f       	adc	r21, r21
    71fe:	62 9f       	mul	r22, r18
    7200:	f0 01       	movw	r30, r0
    7202:	72 9f       	mul	r23, r18
    7204:	bb 27       	eor	r27, r27
    7206:	f0 0d       	add	r31, r0
    7208:	b1 1d       	adc	r27, r1
    720a:	63 9f       	mul	r22, r19
    720c:	aa 27       	eor	r26, r26
    720e:	f0 0d       	add	r31, r0
    7210:	b1 1d       	adc	r27, r1
    7212:	aa 1f       	adc	r26, r26
    7214:	64 9f       	mul	r22, r20
    7216:	66 27       	eor	r22, r22
    7218:	b0 0d       	add	r27, r0
    721a:	a1 1d       	adc	r26, r1
    721c:	66 1f       	adc	r22, r22
    721e:	82 9f       	mul	r24, r18
    7220:	22 27       	eor	r18, r18
    7222:	b0 0d       	add	r27, r0
    7224:	a1 1d       	adc	r26, r1
    7226:	62 1f       	adc	r22, r18
    7228:	73 9f       	mul	r23, r19
    722a:	b0 0d       	add	r27, r0
    722c:	a1 1d       	adc	r26, r1
    722e:	62 1f       	adc	r22, r18
    7230:	83 9f       	mul	r24, r19
    7232:	a0 0d       	add	r26, r0
    7234:	61 1d       	adc	r22, r1
    7236:	22 1f       	adc	r18, r18
    7238:	74 9f       	mul	r23, r20
    723a:	33 27       	eor	r19, r19
    723c:	a0 0d       	add	r26, r0
    723e:	61 1d       	adc	r22, r1
    7240:	23 1f       	adc	r18, r19
    7242:	84 9f       	mul	r24, r20
    7244:	60 0d       	add	r22, r0
    7246:	21 1d       	adc	r18, r1
    7248:	82 2f       	mov	r24, r18
    724a:	76 2f       	mov	r23, r22
    724c:	6a 2f       	mov	r22, r26
    724e:	11 24       	eor	r1, r1
    7250:	9f 57       	subi	r25, 0x7F	; 127
    7252:	50 40       	sbci	r21, 0x00	; 0
    7254:	9a f0       	brmi	.+38     	; 0x727c <__mulsf3_pse+0x88>
    7256:	f1 f0       	breq	.+60     	; 0x7294 <__mulsf3_pse+0xa0>
    7258:	88 23       	and	r24, r24
    725a:	4a f0       	brmi	.+18     	; 0x726e <__mulsf3_pse+0x7a>
    725c:	ee 0f       	add	r30, r30
    725e:	ff 1f       	adc	r31, r31
    7260:	bb 1f       	adc	r27, r27
    7262:	66 1f       	adc	r22, r22
    7264:	77 1f       	adc	r23, r23
    7266:	88 1f       	adc	r24, r24
    7268:	91 50       	subi	r25, 0x01	; 1
    726a:	50 40       	sbci	r21, 0x00	; 0
    726c:	a9 f7       	brne	.-22     	; 0x7258 <__mulsf3_pse+0x64>
    726e:	9e 3f       	cpi	r25, 0xFE	; 254
    7270:	51 05       	cpc	r21, r1
    7272:	80 f0       	brcs	.+32     	; 0x7294 <__mulsf3_pse+0xa0>
    7274:	0c 94 8e 38 	jmp	0x711c	; 0x711c <__fp_inf>
    7278:	0c 94 d9 38 	jmp	0x71b2	; 0x71b2 <__fp_szero>
    727c:	5f 3f       	cpi	r21, 0xFF	; 255
    727e:	e4 f3       	brlt	.-8      	; 0x7278 <__mulsf3_pse+0x84>
    7280:	98 3e       	cpi	r25, 0xE8	; 232
    7282:	d4 f3       	brlt	.-12     	; 0x7278 <__mulsf3_pse+0x84>
    7284:	86 95       	lsr	r24
    7286:	77 95       	ror	r23
    7288:	67 95       	ror	r22
    728a:	b7 95       	ror	r27
    728c:	f7 95       	ror	r31
    728e:	e7 95       	ror	r30
    7290:	9f 5f       	subi	r25, 0xFF	; 255
    7292:	c1 f7       	brne	.-16     	; 0x7284 <__mulsf3_pse+0x90>
    7294:	fe 2b       	or	r31, r30
    7296:	88 0f       	add	r24, r24
    7298:	91 1d       	adc	r25, r1
    729a:	96 95       	lsr	r25
    729c:	87 95       	ror	r24
    729e:	97 f9       	bld	r25, 7
    72a0:	08 95       	ret

000072a2 <__mulsi3>:
/home/jenkins/workspace/avr-gcc-staging/label/debian7-x86_64/gcc-build/avr/avr5/libgcc/../../../../gcc/libgcc/config/avr/lib1funcs.S:648
    72a2:	db 01       	movw	r26, r22
/home/jenkins/workspace/avr-gcc-staging/label/debian7-x86_64/gcc-build/avr/avr5/libgcc/../../../../gcc/libgcc/config/avr/lib1funcs.S:649
    72a4:	8f 93       	push	r24
/home/jenkins/workspace/avr-gcc-staging/label/debian7-x86_64/gcc-build/avr/avr5/libgcc/../../../../gcc/libgcc/config/avr/lib1funcs.S:650
    72a6:	9f 93       	push	r25
/home/jenkins/workspace/avr-gcc-staging/label/debian7-x86_64/gcc-build/avr/avr5/libgcc/../../../../gcc/libgcc/config/avr/lib1funcs.S:651
    72a8:	0e 94 fa 39 	call	0x73f4	; 0x73f4 <__muluhisi3>
/home/jenkins/workspace/avr-gcc-staging/label/debian7-x86_64/gcc-build/avr/avr5/libgcc/../../../../gcc/libgcc/config/avr/lib1funcs.S:652
    72ac:	bf 91       	pop	r27
/home/jenkins/workspace/avr-gcc-staging/label/debian7-x86_64/gcc-build/avr/avr5/libgcc/../../../../gcc/libgcc/config/avr/lib1funcs.S:653
    72ae:	af 91       	pop	r26
/home/jenkins/workspace/avr-gcc-staging/label/debian7-x86_64/gcc-build/avr/avr5/libgcc/../../../../gcc/libgcc/config/avr/lib1funcs.S:655
    72b0:	a2 9f       	mul	r26, r18
/home/jenkins/workspace/avr-gcc-staging/label/debian7-x86_64/gcc-build/avr/avr5/libgcc/../../../../gcc/libgcc/config/avr/lib1funcs.S:656
    72b2:	80 0d       	add	r24, r0
/home/jenkins/workspace/avr-gcc-staging/label/debian7-x86_64/gcc-build/avr/avr5/libgcc/../../../../gcc/libgcc/config/avr/lib1funcs.S:657
    72b4:	91 1d       	adc	r25, r1
/home/jenkins/workspace/avr-gcc-staging/label/debian7-x86_64/gcc-build/avr/avr5/libgcc/../../../../gcc/libgcc/config/avr/lib1funcs.S:658
    72b6:	a3 9f       	mul	r26, r19
/home/jenkins/workspace/avr-gcc-staging/label/debian7-x86_64/gcc-build/avr/avr5/libgcc/../../../../gcc/libgcc/config/avr/lib1funcs.S:659
    72b8:	90 0d       	add	r25, r0
/home/jenkins/workspace/avr-gcc-staging/label/debian7-x86_64/gcc-build/avr/avr5/libgcc/../../../../gcc/libgcc/config/avr/lib1funcs.S:660
    72ba:	b2 9f       	mul	r27, r18
/home/jenkins/workspace/avr-gcc-staging/label/debian7-x86_64/gcc-build/avr/avr5/libgcc/../../../../gcc/libgcc/config/avr/lib1funcs.S:661
    72bc:	90 0d       	add	r25, r0
/home/jenkins/workspace/avr-gcc-staging/label/debian7-x86_64/gcc-build/avr/avr5/libgcc/../../../../gcc/libgcc/config/avr/lib1funcs.S:662
    72be:	11 24       	eor	r1, r1
__mulsi3():
/home/jenkins/workspace/avr-gcc-staging/label/debian7-x86_64/gcc-build/avr/avr5/libgcc/../../../../gcc/libgcc/config/avr/lib1funcs.S:663
    72c0:	08 95       	ret

000072c2 <__udivmodqi4>:
__udivmodqi4():
/home/jenkins/workspace/avr-gcc-staging/label/debian7-x86_64/gcc-build/avr/avr5/libgcc/../../../../gcc/libgcc/config/avr/lib1funcs.S:1346
    72c2:	99 1b       	sub	r25, r25
/home/jenkins/workspace/avr-gcc-staging/label/debian7-x86_64/gcc-build/avr/avr5/libgcc/../../../../gcc/libgcc/config/avr/lib1funcs.S:1347
    72c4:	79 e0       	ldi	r23, 0x09	; 9
/home/jenkins/workspace/avr-gcc-staging/label/debian7-x86_64/gcc-build/avr/avr5/libgcc/../../../../gcc/libgcc/config/avr/lib1funcs.S:1348
    72c6:	04 c0       	rjmp	.+8      	; 0x72d0 <__udivmodqi4_ep>

000072c8 <__udivmodqi4_loop>:
/home/jenkins/workspace/avr-gcc-staging/label/debian7-x86_64/gcc-build/avr/avr5/libgcc/../../../../gcc/libgcc/config/avr/lib1funcs.S:1350
    72c8:	99 1f       	adc	r25, r25
/home/jenkins/workspace/avr-gcc-staging/label/debian7-x86_64/gcc-build/avr/avr5/libgcc/../../../../gcc/libgcc/config/avr/lib1funcs.S:1351
    72ca:	96 17       	cp	r25, r22
/home/jenkins/workspace/avr-gcc-staging/label/debian7-x86_64/gcc-build/avr/avr5/libgcc/../../../../gcc/libgcc/config/avr/lib1funcs.S:1352
    72cc:	08 f0       	brcs	.+2      	; 0x72d0 <__udivmodqi4_ep>
/home/jenkins/workspace/avr-gcc-staging/label/debian7-x86_64/gcc-build/avr/avr5/libgcc/../../../../gcc/libgcc/config/avr/lib1funcs.S:1353
    72ce:	96 1b       	sub	r25, r22

000072d0 <__udivmodqi4_ep>:
/home/jenkins/workspace/avr-gcc-staging/label/debian7-x86_64/gcc-build/avr/avr5/libgcc/../../../../gcc/libgcc/config/avr/lib1funcs.S:1355
    72d0:	88 1f       	adc	r24, r24
/home/jenkins/workspace/avr-gcc-staging/label/debian7-x86_64/gcc-build/avr/avr5/libgcc/../../../../gcc/libgcc/config/avr/lib1funcs.S:1356
    72d2:	7a 95       	dec	r23
/home/jenkins/workspace/avr-gcc-staging/label/debian7-x86_64/gcc-build/avr/avr5/libgcc/../../../../gcc/libgcc/config/avr/lib1funcs.S:1357
    72d4:	c9 f7       	brne	.-14     	; 0x72c8 <__udivmodqi4_loop>
/home/jenkins/workspace/avr-gcc-staging/label/debian7-x86_64/gcc-build/avr/avr5/libgcc/../../../../gcc/libgcc/config/avr/lib1funcs.S:1358
    72d6:	80 95       	com	r24
/home/jenkins/workspace/avr-gcc-staging/label/debian7-x86_64/gcc-build/avr/avr5/libgcc/../../../../gcc/libgcc/config/avr/lib1funcs.S:1360
    72d8:	08 95       	ret

000072da <__udivmodhi4>:
__udivmodhi4():
/home/jenkins/workspace/avr-gcc-staging/label/debian7-x86_64/gcc-build/avr/avr5/libgcc/../../../../gcc/libgcc/config/avr/lib1funcs.S:1408
    72da:	aa 1b       	sub	r26, r26
/home/jenkins/workspace/avr-gcc-staging/label/debian7-x86_64/gcc-build/avr/avr5/libgcc/../../../../gcc/libgcc/config/avr/lib1funcs.S:1409
    72dc:	bb 1b       	sub	r27, r27
/home/jenkins/workspace/avr-gcc-staging/label/debian7-x86_64/gcc-build/avr/avr5/libgcc/../../../../gcc/libgcc/config/avr/lib1funcs.S:1410
    72de:	51 e1       	ldi	r21, 0x11	; 17
/home/jenkins/workspace/avr-gcc-staging/label/debian7-x86_64/gcc-build/avr/avr5/libgcc/../../../../gcc/libgcc/config/avr/lib1funcs.S:1411
    72e0:	07 c0       	rjmp	.+14     	; 0x72f0 <__udivmodhi4_ep>

000072e2 <__udivmodhi4_loop>:
/home/jenkins/workspace/avr-gcc-staging/label/debian7-x86_64/gcc-build/avr/avr5/libgcc/../../../../gcc/libgcc/config/avr/lib1funcs.S:1413
    72e2:	aa 1f       	adc	r26, r26
/home/jenkins/workspace/avr-gcc-staging/label/debian7-x86_64/gcc-build/avr/avr5/libgcc/../../../../gcc/libgcc/config/avr/lib1funcs.S:1414
    72e4:	bb 1f       	adc	r27, r27
/home/jenkins/workspace/avr-gcc-staging/label/debian7-x86_64/gcc-build/avr/avr5/libgcc/../../../../gcc/libgcc/config/avr/lib1funcs.S:1415
    72e6:	a6 17       	cp	r26, r22
/home/jenkins/workspace/avr-gcc-staging/label/debian7-x86_64/gcc-build/avr/avr5/libgcc/../../../../gcc/libgcc/config/avr/lib1funcs.S:1416
    72e8:	b7 07       	cpc	r27, r23
/home/jenkins/workspace/avr-gcc-staging/label/debian7-x86_64/gcc-build/avr/avr5/libgcc/../../../../gcc/libgcc/config/avr/lib1funcs.S:1417
    72ea:	10 f0       	brcs	.+4      	; 0x72f0 <__udivmodhi4_ep>
/home/jenkins/workspace/avr-gcc-staging/label/debian7-x86_64/gcc-build/avr/avr5/libgcc/../../../../gcc/libgcc/config/avr/lib1funcs.S:1418
    72ec:	a6 1b       	sub	r26, r22
/home/jenkins/workspace/avr-gcc-staging/label/debian7-x86_64/gcc-build/avr/avr5/libgcc/../../../../gcc/libgcc/config/avr/lib1funcs.S:1419
    72ee:	b7 0b       	sbc	r27, r23

000072f0 <__udivmodhi4_ep>:
/home/jenkins/workspace/avr-gcc-staging/label/debian7-x86_64/gcc-build/avr/avr5/libgcc/../../../../gcc/libgcc/config/avr/lib1funcs.S:1421
    72f0:	88 1f       	adc	r24, r24
/home/jenkins/workspace/avr-gcc-staging/label/debian7-x86_64/gcc-build/avr/avr5/libgcc/../../../../gcc/libgcc/config/avr/lib1funcs.S:1422
    72f2:	99 1f       	adc	r25, r25
/home/jenkins/workspace/avr-gcc-staging/label/debian7-x86_64/gcc-build/avr/avr5/libgcc/../../../../gcc/libgcc/config/avr/lib1funcs.S:1423
    72f4:	5a 95       	dec	r21
/home/jenkins/workspace/avr-gcc-staging/label/debian7-x86_64/gcc-build/avr/avr5/libgcc/../../../../gcc/libgcc/config/avr/lib1funcs.S:1424
    72f6:	a9 f7       	brne	.-22     	; 0x72e2 <__udivmodhi4_loop>
/home/jenkins/workspace/avr-gcc-staging/label/debian7-x86_64/gcc-build/avr/avr5/libgcc/../../../../gcc/libgcc/config/avr/lib1funcs.S:1425
    72f8:	80 95       	com	r24
/home/jenkins/workspace/avr-gcc-staging/label/debian7-x86_64/gcc-build/avr/avr5/libgcc/../../../../gcc/libgcc/config/avr/lib1funcs.S:1426
    72fa:	90 95       	com	r25
/home/jenkins/workspace/avr-gcc-staging/label/debian7-x86_64/gcc-build/avr/avr5/libgcc/../../../../gcc/libgcc/config/avr/lib1funcs.S:1428
    72fc:	bc 01       	movw	r22, r24
/home/jenkins/workspace/avr-gcc-staging/label/debian7-x86_64/gcc-build/avr/avr5/libgcc/../../../../gcc/libgcc/config/avr/lib1funcs.S:1430
    72fe:	cd 01       	movw	r24, r26
/home/jenkins/workspace/avr-gcc-staging/label/debian7-x86_64/gcc-build/avr/avr5/libgcc/../../../../gcc/libgcc/config/avr/lib1funcs.S:1432
    7300:	08 95       	ret

00007302 <__divmodhi4>:
__divmodhi4():
/home/jenkins/workspace/avr-gcc-staging/label/debian7-x86_64/gcc-build/avr/avr5/libgcc/../../../../gcc/libgcc/config/avr/lib1funcs.S:1440
    7302:	97 fb       	bst	r25, 7
/home/jenkins/workspace/avr-gcc-staging/label/debian7-x86_64/gcc-build/avr/avr5/libgcc/../../../../gcc/libgcc/config/avr/lib1funcs.S:1441
    7304:	07 2e       	mov	r0, r23
/home/jenkins/workspace/avr-gcc-staging/label/debian7-x86_64/gcc-build/avr/avr5/libgcc/../../../../gcc/libgcc/config/avr/lib1funcs.S:1442
    7306:	16 f4       	brtc	.+4      	; 0x730c <__divmodhi4+0xa>
/home/jenkins/workspace/avr-gcc-staging/label/debian7-x86_64/gcc-build/avr/avr5/libgcc/../../../../gcc/libgcc/config/avr/lib1funcs.S:1443
    7308:	00 94       	com	r0
/home/jenkins/workspace/avr-gcc-staging/label/debian7-x86_64/gcc-build/avr/avr5/libgcc/../../../../gcc/libgcc/config/avr/lib1funcs.S:1444
    730a:	07 d0       	rcall	.+14     	; 0x731a <__divmodhi4_neg1>
/home/jenkins/workspace/avr-gcc-staging/label/debian7-x86_64/gcc-build/avr/avr5/libgcc/../../../../gcc/libgcc/config/avr/lib1funcs.S:1446
    730c:	77 fd       	sbrc	r23, 7
/home/jenkins/workspace/avr-gcc-staging/label/debian7-x86_64/gcc-build/avr/avr5/libgcc/../../../../gcc/libgcc/config/avr/lib1funcs.S:1447
    730e:	09 d0       	rcall	.+18     	; 0x7322 <__divmodhi4_neg2>
/home/jenkins/workspace/avr-gcc-staging/label/debian7-x86_64/gcc-build/avr/avr5/libgcc/../../../../gcc/libgcc/config/avr/lib1funcs.S:1448
    7310:	0e 94 6d 39 	call	0x72da	; 0x72da <__udivmodhi4>
/home/jenkins/workspace/avr-gcc-staging/label/debian7-x86_64/gcc-build/avr/avr5/libgcc/../../../../gcc/libgcc/config/avr/lib1funcs.S:1449
    7314:	07 fc       	sbrc	r0, 7
/home/jenkins/workspace/avr-gcc-staging/label/debian7-x86_64/gcc-build/avr/avr5/libgcc/../../../../gcc/libgcc/config/avr/lib1funcs.S:1450
    7316:	05 d0       	rcall	.+10     	; 0x7322 <__divmodhi4_neg2>
/home/jenkins/workspace/avr-gcc-staging/label/debian7-x86_64/gcc-build/avr/avr5/libgcc/../../../../gcc/libgcc/config/avr/lib1funcs.S:1451
    7318:	3e f4       	brtc	.+14     	; 0x7328 <__divmodhi4_exit>

0000731a <__divmodhi4_neg1>:
/home/jenkins/workspace/avr-gcc-staging/label/debian7-x86_64/gcc-build/avr/avr5/libgcc/../../../../gcc/libgcc/config/avr/lib1funcs.S:1454
    731a:	90 95       	com	r25
/home/jenkins/workspace/avr-gcc-staging/label/debian7-x86_64/gcc-build/avr/avr5/libgcc/../../../../gcc/libgcc/config/avr/lib1funcs.S:1455
    731c:	81 95       	neg	r24
/home/jenkins/workspace/avr-gcc-staging/label/debian7-x86_64/gcc-build/avr/avr5/libgcc/../../../../gcc/libgcc/config/avr/lib1funcs.S:1456
    731e:	9f 4f       	sbci	r25, 0xFF	; 255
/home/jenkins/workspace/avr-gcc-staging/label/debian7-x86_64/gcc-build/avr/avr5/libgcc/../../../../gcc/libgcc/config/avr/lib1funcs.S:1457
    7320:	08 95       	ret

00007322 <__divmodhi4_neg2>:
/home/jenkins/workspace/avr-gcc-staging/label/debian7-x86_64/gcc-build/avr/avr5/libgcc/../../../../gcc/libgcc/config/avr/lib1funcs.S:1460
    7322:	70 95       	com	r23
/home/jenkins/workspace/avr-gcc-staging/label/debian7-x86_64/gcc-build/avr/avr5/libgcc/../../../../gcc/libgcc/config/avr/lib1funcs.S:1461
    7324:	61 95       	neg	r22
/home/jenkins/workspace/avr-gcc-staging/label/debian7-x86_64/gcc-build/avr/avr5/libgcc/../../../../gcc/libgcc/config/avr/lib1funcs.S:1462
    7326:	7f 4f       	sbci	r23, 0xFF	; 255

00007328 <__divmodhi4_exit>:
/home/jenkins/workspace/avr-gcc-staging/label/debian7-x86_64/gcc-build/avr/avr5/libgcc/../../../../gcc/libgcc/config/avr/lib1funcs.S:1464
    7328:	08 95       	ret

0000732a <__udivmodsi4>:
__udivmodsi4():
/home/jenkins/workspace/avr-gcc-staging/label/debian7-x86_64/gcc-build/avr/avr5/libgcc/../../../../gcc/libgcc/config/avr/lib1funcs.S:1638
    732a:	a1 e2       	ldi	r26, 0x21	; 33
/home/jenkins/workspace/avr-gcc-staging/label/debian7-x86_64/gcc-build/avr/avr5/libgcc/../../../../gcc/libgcc/config/avr/lib1funcs.S:1639
    732c:	1a 2e       	mov	r1, r26
/home/jenkins/workspace/avr-gcc-staging/label/debian7-x86_64/gcc-build/avr/avr5/libgcc/../../../../gcc/libgcc/config/avr/lib1funcs.S:1640
    732e:	aa 1b       	sub	r26, r26
/home/jenkins/workspace/avr-gcc-staging/label/debian7-x86_64/gcc-build/avr/avr5/libgcc/../../../../gcc/libgcc/config/avr/lib1funcs.S:1641
    7330:	bb 1b       	sub	r27, r27
/home/jenkins/workspace/avr-gcc-staging/label/debian7-x86_64/gcc-build/avr/avr5/libgcc/../../../../gcc/libgcc/config/avr/lib1funcs.S:1642
    7332:	fd 01       	movw	r30, r26
/home/jenkins/workspace/avr-gcc-staging/label/debian7-x86_64/gcc-build/avr/avr5/libgcc/../../../../gcc/libgcc/config/avr/lib1funcs.S:1644
    7334:	0d c0       	rjmp	.+26     	; 0x7350 <__udivmodsi4_ep>

00007336 <__udivmodsi4_loop>:
/home/jenkins/workspace/avr-gcc-staging/label/debian7-x86_64/gcc-build/avr/avr5/libgcc/../../../../gcc/libgcc/config/avr/lib1funcs.S:1646
    7336:	aa 1f       	adc	r26, r26
/home/jenkins/workspace/avr-gcc-staging/label/debian7-x86_64/gcc-build/avr/avr5/libgcc/../../../../gcc/libgcc/config/avr/lib1funcs.S:1647
    7338:	bb 1f       	adc	r27, r27
/home/jenkins/workspace/avr-gcc-staging/label/debian7-x86_64/gcc-build/avr/avr5/libgcc/../../../../gcc/libgcc/config/avr/lib1funcs.S:1648
    733a:	ee 1f       	adc	r30, r30
/home/jenkins/workspace/avr-gcc-staging/label/debian7-x86_64/gcc-build/avr/avr5/libgcc/../../../../gcc/libgcc/config/avr/lib1funcs.S:1649
    733c:	ff 1f       	adc	r31, r31
/home/jenkins/workspace/avr-gcc-staging/label/debian7-x86_64/gcc-build/avr/avr5/libgcc/../../../../gcc/libgcc/config/avr/lib1funcs.S:1650
    733e:	a2 17       	cp	r26, r18
/home/jenkins/workspace/avr-gcc-staging/label/debian7-x86_64/gcc-build/avr/avr5/libgcc/../../../../gcc/libgcc/config/avr/lib1funcs.S:1651
    7340:	b3 07       	cpc	r27, r19
/home/jenkins/workspace/avr-gcc-staging/label/debian7-x86_64/gcc-build/avr/avr5/libgcc/../../../../gcc/libgcc/config/avr/lib1funcs.S:1652
    7342:	e4 07       	cpc	r30, r20
/home/jenkins/workspace/avr-gcc-staging/label/debian7-x86_64/gcc-build/avr/avr5/libgcc/../../../../gcc/libgcc/config/avr/lib1funcs.S:1653
    7344:	f5 07       	cpc	r31, r21
/home/jenkins/workspace/avr-gcc-staging/label/debian7-x86_64/gcc-build/avr/avr5/libgcc/../../../../gcc/libgcc/config/avr/lib1funcs.S:1654
    7346:	20 f0       	brcs	.+8      	; 0x7350 <__udivmodsi4_ep>
/home/jenkins/workspace/avr-gcc-staging/label/debian7-x86_64/gcc-build/avr/avr5/libgcc/../../../../gcc/libgcc/config/avr/lib1funcs.S:1655
    7348:	a2 1b       	sub	r26, r18
/home/jenkins/workspace/avr-gcc-staging/label/debian7-x86_64/gcc-build/avr/avr5/libgcc/../../../../gcc/libgcc/config/avr/lib1funcs.S:1656
    734a:	b3 0b       	sbc	r27, r19
/home/jenkins/workspace/avr-gcc-staging/label/debian7-x86_64/gcc-build/avr/avr5/libgcc/../../../../gcc/libgcc/config/avr/lib1funcs.S:1657
    734c:	e4 0b       	sbc	r30, r20
/home/jenkins/workspace/avr-gcc-staging/label/debian7-x86_64/gcc-build/avr/avr5/libgcc/../../../../gcc/libgcc/config/avr/lib1funcs.S:1658
    734e:	f5 0b       	sbc	r31, r21

00007350 <__udivmodsi4_ep>:
/home/jenkins/workspace/avr-gcc-staging/label/debian7-x86_64/gcc-build/avr/avr5/libgcc/../../../../gcc/libgcc/config/avr/lib1funcs.S:1660
    7350:	66 1f       	adc	r22, r22
/home/jenkins/workspace/avr-gcc-staging/label/debian7-x86_64/gcc-build/avr/avr5/libgcc/../../../../gcc/libgcc/config/avr/lib1funcs.S:1661
    7352:	77 1f       	adc	r23, r23
/home/jenkins/workspace/avr-gcc-staging/label/debian7-x86_64/gcc-build/avr/avr5/libgcc/../../../../gcc/libgcc/config/avr/lib1funcs.S:1662
    7354:	88 1f       	adc	r24, r24
/home/jenkins/workspace/avr-gcc-staging/label/debian7-x86_64/gcc-build/avr/avr5/libgcc/../../../../gcc/libgcc/config/avr/lib1funcs.S:1663
    7356:	99 1f       	adc	r25, r25
/home/jenkins/workspace/avr-gcc-staging/label/debian7-x86_64/gcc-build/avr/avr5/libgcc/../../../../gcc/libgcc/config/avr/lib1funcs.S:1664
    7358:	1a 94       	dec	r1
/home/jenkins/workspace/avr-gcc-staging/label/debian7-x86_64/gcc-build/avr/avr5/libgcc/../../../../gcc/libgcc/config/avr/lib1funcs.S:1665
    735a:	69 f7       	brne	.-38     	; 0x7336 <__udivmodsi4_loop>
/home/jenkins/workspace/avr-gcc-staging/label/debian7-x86_64/gcc-build/avr/avr5/libgcc/../../../../gcc/libgcc/config/avr/lib1funcs.S:1667
    735c:	60 95       	com	r22
/home/jenkins/workspace/avr-gcc-staging/label/debian7-x86_64/gcc-build/avr/avr5/libgcc/../../../../gcc/libgcc/config/avr/lib1funcs.S:1668
    735e:	70 95       	com	r23
/home/jenkins/workspace/avr-gcc-staging/label/debian7-x86_64/gcc-build/avr/avr5/libgcc/../../../../gcc/libgcc/config/avr/lib1funcs.S:1669
    7360:	80 95       	com	r24
/home/jenkins/workspace/avr-gcc-staging/label/debian7-x86_64/gcc-build/avr/avr5/libgcc/../../../../gcc/libgcc/config/avr/lib1funcs.S:1670
    7362:	90 95       	com	r25
/home/jenkins/workspace/avr-gcc-staging/label/debian7-x86_64/gcc-build/avr/avr5/libgcc/../../../../gcc/libgcc/config/avr/lib1funcs.S:1672
    7364:	9b 01       	movw	r18, r22
/home/jenkins/workspace/avr-gcc-staging/label/debian7-x86_64/gcc-build/avr/avr5/libgcc/../../../../gcc/libgcc/config/avr/lib1funcs.S:1674
    7366:	ac 01       	movw	r20, r24
/home/jenkins/workspace/avr-gcc-staging/label/debian7-x86_64/gcc-build/avr/avr5/libgcc/../../../../gcc/libgcc/config/avr/lib1funcs.S:1676
    7368:	bd 01       	movw	r22, r26
/home/jenkins/workspace/avr-gcc-staging/label/debian7-x86_64/gcc-build/avr/avr5/libgcc/../../../../gcc/libgcc/config/avr/lib1funcs.S:1678
    736a:	cf 01       	movw	r24, r30
/home/jenkins/workspace/avr-gcc-staging/label/debian7-x86_64/gcc-build/avr/avr5/libgcc/../../../../gcc/libgcc/config/avr/lib1funcs.S:1680
    736c:	08 95       	ret

0000736e <__divmodsi4>:
__divmodsi4():
/home/jenkins/workspace/avr-gcc-staging/label/debian7-x86_64/gcc-build/avr/avr5/libgcc/../../../../gcc/libgcc/config/avr/lib1funcs.S:1686
    736e:	05 2e       	mov	r0, r21
/home/jenkins/workspace/avr-gcc-staging/label/debian7-x86_64/gcc-build/avr/avr5/libgcc/../../../../gcc/libgcc/config/avr/lib1funcs.S:1687
    7370:	97 fb       	bst	r25, 7
/home/jenkins/workspace/avr-gcc-staging/label/debian7-x86_64/gcc-build/avr/avr5/libgcc/../../../../gcc/libgcc/config/avr/lib1funcs.S:1688
    7372:	1e f4       	brtc	.+6      	; 0x737a <__divmodsi4+0xc>
/home/jenkins/workspace/avr-gcc-staging/label/debian7-x86_64/gcc-build/avr/avr5/libgcc/../../../../gcc/libgcc/config/avr/lib1funcs.S:1689
    7374:	00 94       	com	r0
/home/jenkins/workspace/avr-gcc-staging/label/debian7-x86_64/gcc-build/avr/avr5/libgcc/../../../../gcc/libgcc/config/avr/lib1funcs.S:1690
    7376:	0e 94 ce 39 	call	0x739c	; 0x739c <__negsi2>
/home/jenkins/workspace/avr-gcc-staging/label/debian7-x86_64/gcc-build/avr/avr5/libgcc/../../../../gcc/libgcc/config/avr/lib1funcs.S:1692
    737a:	57 fd       	sbrc	r21, 7
/home/jenkins/workspace/avr-gcc-staging/label/debian7-x86_64/gcc-build/avr/avr5/libgcc/../../../../gcc/libgcc/config/avr/lib1funcs.S:1693
    737c:	07 d0       	rcall	.+14     	; 0x738c <__divmodsi4_neg2>
/home/jenkins/workspace/avr-gcc-staging/label/debian7-x86_64/gcc-build/avr/avr5/libgcc/../../../../gcc/libgcc/config/avr/lib1funcs.S:1694
    737e:	0e 94 95 39 	call	0x732a	; 0x732a <__udivmodsi4>
/home/jenkins/workspace/avr-gcc-staging/label/debian7-x86_64/gcc-build/avr/avr5/libgcc/../../../../gcc/libgcc/config/avr/lib1funcs.S:1695
    7382:	07 fc       	sbrc	r0, 7
/home/jenkins/workspace/avr-gcc-staging/label/debian7-x86_64/gcc-build/avr/avr5/libgcc/../../../../gcc/libgcc/config/avr/lib1funcs.S:1696
    7384:	03 d0       	rcall	.+6      	; 0x738c <__divmodsi4_neg2>
/home/jenkins/workspace/avr-gcc-staging/label/debian7-x86_64/gcc-build/avr/avr5/libgcc/../../../../gcc/libgcc/config/avr/lib1funcs.S:1697
    7386:	4e f4       	brtc	.+18     	; 0x739a <__divmodsi4_exit>
/home/jenkins/workspace/avr-gcc-staging/label/debian7-x86_64/gcc-build/avr/avr5/libgcc/../../../../gcc/libgcc/config/avr/lib1funcs.S:1698
    7388:	0c 94 ce 39 	jmp	0x739c	; 0x739c <__negsi2>

0000738c <__divmodsi4_neg2>:
/home/jenkins/workspace/avr-gcc-staging/label/debian7-x86_64/gcc-build/avr/avr5/libgcc/../../../../gcc/libgcc/config/avr/lib1funcs.S:1701
    738c:	50 95       	com	r21
/home/jenkins/workspace/avr-gcc-staging/label/debian7-x86_64/gcc-build/avr/avr5/libgcc/../../../../gcc/libgcc/config/avr/lib1funcs.S:1702
    738e:	40 95       	com	r20
/home/jenkins/workspace/avr-gcc-staging/label/debian7-x86_64/gcc-build/avr/avr5/libgcc/../../../../gcc/libgcc/config/avr/lib1funcs.S:1703
    7390:	30 95       	com	r19
/home/jenkins/workspace/avr-gcc-staging/label/debian7-x86_64/gcc-build/avr/avr5/libgcc/../../../../gcc/libgcc/config/avr/lib1funcs.S:1704
    7392:	21 95       	neg	r18
/home/jenkins/workspace/avr-gcc-staging/label/debian7-x86_64/gcc-build/avr/avr5/libgcc/../../../../gcc/libgcc/config/avr/lib1funcs.S:1705
    7394:	3f 4f       	sbci	r19, 0xFF	; 255
/home/jenkins/workspace/avr-gcc-staging/label/debian7-x86_64/gcc-build/avr/avr5/libgcc/../../../../gcc/libgcc/config/avr/lib1funcs.S:1706
    7396:	4f 4f       	sbci	r20, 0xFF	; 255
/home/jenkins/workspace/avr-gcc-staging/label/debian7-x86_64/gcc-build/avr/avr5/libgcc/../../../../gcc/libgcc/config/avr/lib1funcs.S:1707
    7398:	5f 4f       	sbci	r21, 0xFF	; 255

0000739a <__divmodsi4_exit>:
/home/jenkins/workspace/avr-gcc-staging/label/debian7-x86_64/gcc-build/avr/avr5/libgcc/../../../../gcc/libgcc/config/avr/lib1funcs.S:1709
    739a:	08 95       	ret

0000739c <__negsi2>:
__negsi2():
/home/jenkins/workspace/avr-gcc-staging/label/debian7-x86_64/gcc-build/avr/avr5/libgcc/../../../../gcc/libgcc/config/avr/lib1funcs.S:1718
    739c:	90 95       	com	r25
    739e:	80 95       	com	r24
    73a0:	70 95       	com	r23
    73a2:	61 95       	neg	r22
    73a4:	7f 4f       	sbci	r23, 0xFF	; 255
    73a6:	8f 4f       	sbci	r24, 0xFF	; 255
    73a8:	9f 4f       	sbci	r25, 0xFF	; 255
/home/jenkins/workspace/avr-gcc-staging/label/debian7-x86_64/gcc-build/avr/avr5/libgcc/../../../../gcc/libgcc/config/avr/lib1funcs.S:1719
    73aa:	08 95       	ret

000073ac <__tablejump2__>:
__tablejump2__():
/home/jenkins/workspace/avr-gcc-staging/label/debian7-x86_64/gcc-build/avr/avr5/libgcc/../../../../gcc/libgcc/config/avr/lib1funcs.S:2296
    73ac:	ee 0f       	add	r30, r30
/home/jenkins/workspace/avr-gcc-staging/label/debian7-x86_64/gcc-build/avr/avr5/libgcc/../../../../gcc/libgcc/config/avr/lib1funcs.S:2297
    73ae:	ff 1f       	adc	r31, r31
/home/jenkins/workspace/avr-gcc-staging/label/debian7-x86_64/gcc-build/avr/avr5/libgcc/../../../../gcc/libgcc/config/avr/lib1funcs.S:2328
    73b0:	05 90       	lpm	r0, Z+
/home/jenkins/workspace/avr-gcc-staging/label/debian7-x86_64/gcc-build/avr/avr5/libgcc/../../../../gcc/libgcc/config/avr/lib1funcs.S:2329
    73b2:	f4 91       	lpm	r31, Z
/home/jenkins/workspace/avr-gcc-staging/label/debian7-x86_64/gcc-build/avr/avr5/libgcc/../../../../gcc/libgcc/config/avr/lib1funcs.S:2330
    73b4:	e0 2d       	mov	r30, r0
/home/jenkins/workspace/avr-gcc-staging/label/debian7-x86_64/gcc-build/avr/avr5/libgcc/../../../../gcc/libgcc/config/avr/lib1funcs.S:2331
    73b6:	09 94       	ijmp

000073b8 <__mulhisi3>:
__mulhisi3():
/home/jenkins/workspace/avr-gcc-staging/label/debian7-x86_64/gcc-build/avr/avr5/libgcc/../../../../gcc/libgcc/config/avr/lib1funcs.S:529
    73b8:	0e 94 e4 39 	call	0x73c8	; 0x73c8 <__umulhisi3>
/home/jenkins/workspace/avr-gcc-staging/label/debian7-x86_64/gcc-build/avr/avr5/libgcc/../../../../gcc/libgcc/config/avr/lib1funcs.S:531
    73bc:	33 23       	and	r19, r19
/home/jenkins/workspace/avr-gcc-staging/label/debian7-x86_64/gcc-build/avr/avr5/libgcc/../../../../gcc/libgcc/config/avr/lib1funcs.S:532
    73be:	12 f4       	brpl	.+4      	; 0x73c4 <__mulhisi3+0xc>
/home/jenkins/workspace/avr-gcc-staging/label/debian7-x86_64/gcc-build/avr/avr5/libgcc/../../../../gcc/libgcc/config/avr/lib1funcs.S:533
    73c0:	8a 1b       	sub	r24, r26
/home/jenkins/workspace/avr-gcc-staging/label/debian7-x86_64/gcc-build/avr/avr5/libgcc/../../../../gcc/libgcc/config/avr/lib1funcs.S:534
    73c2:	9b 0b       	sbc	r25, r27
/home/jenkins/workspace/avr-gcc-staging/label/debian7-x86_64/gcc-build/avr/avr5/libgcc/../../../../gcc/libgcc/config/avr/lib1funcs.S:536
    73c4:	0c 94 f5 39 	jmp	0x73ea	; 0x73ea <__usmulhisi3_tail>

000073c8 <__umulhisi3>:
__umulhisi3():
/home/jenkins/workspace/avr-gcc-staging/label/debian7-x86_64/gcc-build/avr/avr5/libgcc/../../../../gcc/libgcc/config/avr/lib1funcs.S:564
    73c8:	a2 9f       	mul	r26, r18
/home/jenkins/workspace/avr-gcc-staging/label/debian7-x86_64/gcc-build/avr/avr5/libgcc/../../../../gcc/libgcc/config/avr/lib1funcs.S:565
    73ca:	b0 01       	movw	r22, r0
/home/jenkins/workspace/avr-gcc-staging/label/debian7-x86_64/gcc-build/avr/avr5/libgcc/../../../../gcc/libgcc/config/avr/lib1funcs.S:566
    73cc:	b3 9f       	mul	r27, r19
/home/jenkins/workspace/avr-gcc-staging/label/debian7-x86_64/gcc-build/avr/avr5/libgcc/../../../../gcc/libgcc/config/avr/lib1funcs.S:567
    73ce:	c0 01       	movw	r24, r0
/home/jenkins/workspace/avr-gcc-staging/label/debian7-x86_64/gcc-build/avr/avr5/libgcc/../../../../gcc/libgcc/config/avr/lib1funcs.S:568
    73d0:	a3 9f       	mul	r26, r19
/home/jenkins/workspace/avr-gcc-staging/label/debian7-x86_64/gcc-build/avr/avr5/libgcc/../../../../gcc/libgcc/config/avr/lib1funcs.S:573
    73d2:	70 0d       	add	r23, r0
/home/jenkins/workspace/avr-gcc-staging/label/debian7-x86_64/gcc-build/avr/avr5/libgcc/../../../../gcc/libgcc/config/avr/lib1funcs.S:574
    73d4:	81 1d       	adc	r24, r1
/home/jenkins/workspace/avr-gcc-staging/label/debian7-x86_64/gcc-build/avr/avr5/libgcc/../../../../gcc/libgcc/config/avr/lib1funcs.S:575
    73d6:	11 24       	eor	r1, r1
/home/jenkins/workspace/avr-gcc-staging/label/debian7-x86_64/gcc-build/avr/avr5/libgcc/../../../../gcc/libgcc/config/avr/lib1funcs.S:576
    73d8:	91 1d       	adc	r25, r1
/home/jenkins/workspace/avr-gcc-staging/label/debian7-x86_64/gcc-build/avr/avr5/libgcc/../../../../gcc/libgcc/config/avr/lib1funcs.S:580
    73da:	b2 9f       	mul	r27, r18
/home/jenkins/workspace/avr-gcc-staging/label/debian7-x86_64/gcc-build/avr/avr5/libgcc/../../../../gcc/libgcc/config/avr/lib1funcs.S:581
    73dc:	70 0d       	add	r23, r0
/home/jenkins/workspace/avr-gcc-staging/label/debian7-x86_64/gcc-build/avr/avr5/libgcc/../../../../gcc/libgcc/config/avr/lib1funcs.S:582
    73de:	81 1d       	adc	r24, r1
/home/jenkins/workspace/avr-gcc-staging/label/debian7-x86_64/gcc-build/avr/avr5/libgcc/../../../../gcc/libgcc/config/avr/lib1funcs.S:583
    73e0:	11 24       	eor	r1, r1
/home/jenkins/workspace/avr-gcc-staging/label/debian7-x86_64/gcc-build/avr/avr5/libgcc/../../../../gcc/libgcc/config/avr/lib1funcs.S:584
    73e2:	91 1d       	adc	r25, r1
/home/jenkins/workspace/avr-gcc-staging/label/debian7-x86_64/gcc-build/avr/avr5/libgcc/../../../../gcc/libgcc/config/avr/lib1funcs.S:585
    73e4:	08 95       	ret

000073e6 <__usmulhisi3>:
__usmulhisi3():
/home/jenkins/workspace/avr-gcc-staging/label/debian7-x86_64/gcc-build/avr/avr5/libgcc/../../../../gcc/libgcc/config/avr/lib1funcs.S:545
    73e6:	0e 94 e4 39 	call	0x73c8	; 0x73c8 <__umulhisi3>

000073ea <__usmulhisi3_tail>:
__usmulhisi3_tail():
/home/jenkins/workspace/avr-gcc-staging/label/debian7-x86_64/gcc-build/avr/avr5/libgcc/../../../../gcc/libgcc/config/avr/lib1funcs.S:551
    73ea:	b7 ff       	sbrs	r27, 7
/home/jenkins/workspace/avr-gcc-staging/label/debian7-x86_64/gcc-build/avr/avr5/libgcc/../../../../gcc/libgcc/config/avr/lib1funcs.S:552
    73ec:	08 95       	ret
/home/jenkins/workspace/avr-gcc-staging/label/debian7-x86_64/gcc-build/avr/avr5/libgcc/../../../../gcc/libgcc/config/avr/lib1funcs.S:553
    73ee:	82 1b       	sub	r24, r18
/home/jenkins/workspace/avr-gcc-staging/label/debian7-x86_64/gcc-build/avr/avr5/libgcc/../../../../gcc/libgcc/config/avr/lib1funcs.S:554
    73f0:	93 0b       	sbc	r25, r19
/home/jenkins/workspace/avr-gcc-staging/label/debian7-x86_64/gcc-build/avr/avr5/libgcc/../../../../gcc/libgcc/config/avr/lib1funcs.S:555
    73f2:	08 95       	ret

000073f4 <__muluhisi3>:
__muluhisi3():
/home/jenkins/workspace/avr-gcc-staging/label/debian7-x86_64/gcc-build/avr/avr5/libgcc/../../../../gcc/libgcc/config/avr/lib1funcs.S:626
    73f4:	0e 94 e4 39 	call	0x73c8	; 0x73c8 <__umulhisi3>
/home/jenkins/workspace/avr-gcc-staging/label/debian7-x86_64/gcc-build/avr/avr5/libgcc/../../../../gcc/libgcc/config/avr/lib1funcs.S:627
    73f8:	a5 9f       	mul	r26, r21
/home/jenkins/workspace/avr-gcc-staging/label/debian7-x86_64/gcc-build/avr/avr5/libgcc/../../../../gcc/libgcc/config/avr/lib1funcs.S:628
    73fa:	90 0d       	add	r25, r0
/home/jenkins/workspace/avr-gcc-staging/label/debian7-x86_64/gcc-build/avr/avr5/libgcc/../../../../gcc/libgcc/config/avr/lib1funcs.S:629
    73fc:	b4 9f       	mul	r27, r20
/home/jenkins/workspace/avr-gcc-staging/label/debian7-x86_64/gcc-build/avr/avr5/libgcc/../../../../gcc/libgcc/config/avr/lib1funcs.S:630
    73fe:	90 0d       	add	r25, r0
/home/jenkins/workspace/avr-gcc-staging/label/debian7-x86_64/gcc-build/avr/avr5/libgcc/../../../../gcc/libgcc/config/avr/lib1funcs.S:631
    7400:	a4 9f       	mul	r26, r20
/home/jenkins/workspace/avr-gcc-staging/label/debian7-x86_64/gcc-build/avr/avr5/libgcc/../../../../gcc/libgcc/config/avr/lib1funcs.S:632
    7402:	80 0d       	add	r24, r0
/home/jenkins/workspace/avr-gcc-staging/label/debian7-x86_64/gcc-build/avr/avr5/libgcc/../../../../gcc/libgcc/config/avr/lib1funcs.S:633
    7404:	91 1d       	adc	r25, r1
/home/jenkins/workspace/avr-gcc-staging/label/debian7-x86_64/gcc-build/avr/avr5/libgcc/../../../../gcc/libgcc/config/avr/lib1funcs.S:634
    7406:	11 24       	eor	r1, r1
/home/jenkins/workspace/avr-gcc-staging/label/debian7-x86_64/gcc-build/avr/avr5/libgcc/../../../../gcc/libgcc/config/avr/lib1funcs.S:635
    7408:	08 95       	ret

0000740a <__mulshisi3>:
__mulshisi3():
/home/jenkins/workspace/avr-gcc-staging/label/debian7-x86_64/gcc-build/avr/avr5/libgcc/../../../../gcc/libgcc/config/avr/lib1funcs.S:603
    740a:	b7 ff       	sbrs	r27, 7
/home/jenkins/workspace/avr-gcc-staging/label/debian7-x86_64/gcc-build/avr/avr5/libgcc/../../../../gcc/libgcc/config/avr/lib1funcs.S:605
    740c:	0c 94 fa 39 	jmp	0x73f4	; 0x73f4 <__muluhisi3>

00007410 <__mulohisi3>:
__mulohisi3():
/home/jenkins/workspace/avr-gcc-staging/label/debian7-x86_64/gcc-build/avr/avr5/libgcc/../../../../gcc/libgcc/config/avr/lib1funcs.S:613
    7410:	0e 94 fa 39 	call	0x73f4	; 0x73f4 <__muluhisi3>
/home/jenkins/workspace/avr-gcc-staging/label/debian7-x86_64/gcc-build/avr/avr5/libgcc/../../../../gcc/libgcc/config/avr/lib1funcs.S:615
    7414:	82 1b       	sub	r24, r18
/home/jenkins/workspace/avr-gcc-staging/label/debian7-x86_64/gcc-build/avr/avr5/libgcc/../../../../gcc/libgcc/config/avr/lib1funcs.S:616
    7416:	93 0b       	sbc	r25, r19
/home/jenkins/workspace/avr-gcc-staging/label/debian7-x86_64/gcc-build/avr/avr5/libgcc/../../../../gcc/libgcc/config/avr/lib1funcs.S:617
    7418:	08 95       	ret

0000741a <__moddi3>:
__moddi3():
/home/jenkins/workspace/avr-gcc-staging/label/debian7-x86_64/gcc-build/avr/avr5/libgcc/../../../../gcc/libgcc/config/avr/lib1funcs.S:1964
    741a:	68 94       	set
/home/jenkins/workspace/avr-gcc-staging/label/debian7-x86_64/gcc-build/avr/avr5/libgcc/../../../../gcc/libgcc/config/avr/lib1funcs.S:1965
    741c:	01 c0       	rjmp	.+2      	; 0x7420 <__divdi3_moddi3>

0000741e <__divdi3>:
__divdi3():
/home/jenkins/workspace/avr-gcc-staging/label/debian7-x86_64/gcc-build/avr/avr5/libgcc/../../../../gcc/libgcc/config/avr/lib1funcs.S:1972
    741e:	e8 94       	clt

00007420 <__divdi3_moddi3>:
__divdi3_moddi3():
/home/jenkins/workspace/avr-gcc-staging/label/debian7-x86_64/gcc-build/avr/avr5/libgcc/../../../../gcc/libgcc/config/avr/lib1funcs.S:1977
    7420:	f9 2f       	mov	r31, r25
/home/jenkins/workspace/avr-gcc-staging/label/debian7-x86_64/gcc-build/avr/avr5/libgcc/../../../../gcc/libgcc/config/avr/lib1funcs.S:1978
    7422:	f1 2b       	or	r31, r17
/home/jenkins/workspace/avr-gcc-staging/label/debian7-x86_64/gcc-build/avr/avr5/libgcc/../../../../gcc/libgcc/config/avr/lib1funcs.S:1979
    7424:	12 f0       	brmi	.+4      	; 0x742a <__divdi3_moddi3+0xa>
/home/jenkins/workspace/avr-gcc-staging/label/debian7-x86_64/gcc-build/avr/avr5/libgcc/../../../../gcc/libgcc/config/avr/lib1funcs.S:1981
    7426:	0c 94 41 3a 	jmp	0x7482	; 0x7482 <__udivdi3_umoddi3>
/home/jenkins/workspace/avr-gcc-staging/label/debian7-x86_64/gcc-build/avr/avr5/libgcc/../../../../gcc/libgcc/config/avr/lib1funcs.S:1987
    742a:	a0 e0       	ldi	r26, 0x00	; 0
    742c:	b0 e0       	ldi	r27, 0x00	; 0
    742e:	eb e1       	ldi	r30, 0x1B	; 27
    7430:	fa e3       	ldi	r31, 0x3A	; 58
    7432:	0c 94 e2 36 	jmp	0x6dc4	; 0x6dc4 <__prologue_saves__+0xc>
/home/jenkins/workspace/avr-gcc-staging/label/debian7-x86_64/gcc-build/avr/avr5/libgcc/../../../../gcc/libgcc/config/avr/lib1funcs.S:1991
    7436:	09 2e       	mov	r0, r25
/home/jenkins/workspace/avr-gcc-staging/label/debian7-x86_64/gcc-build/avr/avr5/libgcc/../../../../gcc/libgcc/config/avr/lib1funcs.S:1992
    7438:	05 94       	asr	r0
/home/jenkins/workspace/avr-gcc-staging/label/debian7-x86_64/gcc-build/avr/avr5/libgcc/../../../../gcc/libgcc/config/avr/lib1funcs.S:1997
    743a:	22 f4       	brpl	.+8      	; 0x7444 <__divdi3_moddi3+0x24>
/home/jenkins/workspace/avr-gcc-staging/label/debian7-x86_64/gcc-build/avr/avr5/libgcc/../../../../gcc/libgcc/config/avr/lib1funcs.S:2002
    743c:	0e 94 9d 3a 	call	0x753a	; 0x753a <__negdi2>
/home/jenkins/workspace/avr-gcc-staging/label/debian7-x86_64/gcc-build/avr/avr5/libgcc/../../../../gcc/libgcc/config/avr/lib1funcs.S:2005
    7440:	11 23       	and	r17, r17
/home/jenkins/workspace/avr-gcc-staging/label/debian7-x86_64/gcc-build/avr/avr5/libgcc/../../../../gcc/libgcc/config/avr/lib1funcs.S:2006
    7442:	92 f4       	brpl	.+36     	; 0x7468 <__divdi3_moddi3+0x48>
/home/jenkins/workspace/avr-gcc-staging/label/debian7-x86_64/gcc-build/avr/avr5/libgcc/../../../../gcc/libgcc/config/avr/lib1funcs.S:2007
    7444:	f0 e8       	ldi	r31, 0x80	; 128
/home/jenkins/workspace/avr-gcc-staging/label/debian7-x86_64/gcc-build/avr/avr5/libgcc/../../../../gcc/libgcc/config/avr/lib1funcs.S:2008
    7446:	0f 26       	eor	r0, r31
/home/jenkins/workspace/avr-gcc-staging/label/debian7-x86_64/gcc-build/avr/avr5/libgcc/../../../../gcc/libgcc/config/avr/lib1funcs.S:2010
    7448:	ff ef       	ldi	r31, 0xFF	; 255
/home/jenkins/workspace/avr-gcc-staging/label/debian7-x86_64/gcc-build/avr/avr5/libgcc/../../../../gcc/libgcc/config/avr/lib1funcs.S:2011
    744a:	e0 94       	com	r14
    744c:	f0 94       	com	r15
    744e:	00 95       	com	r16
    7450:	10 95       	com	r17
/home/jenkins/workspace/avr-gcc-staging/label/debian7-x86_64/gcc-build/avr/avr5/libgcc/../../../../gcc/libgcc/config/avr/lib1funcs.S:2012
    7452:	b0 94       	com	r11
    7454:	c0 94       	com	r12
    7456:	d0 94       	com	r13
/home/jenkins/workspace/avr-gcc-staging/label/debian7-x86_64/gcc-build/avr/avr5/libgcc/../../../../gcc/libgcc/config/avr/lib1funcs.S:2013
    7458:	a1 94       	neg	r10
/home/jenkins/workspace/avr-gcc-staging/label/debian7-x86_64/gcc-build/avr/avr5/libgcc/../../../../gcc/libgcc/config/avr/lib1funcs.S:2014
    745a:	bf 0a       	sbc	r11, r31
    745c:	cf 0a       	sbc	r12, r31
    745e:	df 0a       	sbc	r13, r31
/home/jenkins/workspace/avr-gcc-staging/label/debian7-x86_64/gcc-build/avr/avr5/libgcc/../../../../gcc/libgcc/config/avr/lib1funcs.S:2015
    7460:	ef 0a       	sbc	r14, r31
    7462:	ff 0a       	sbc	r15, r31
    7464:	0f 0b       	sbc	r16, r31
    7466:	1f 0b       	sbc	r17, r31
/home/jenkins/workspace/avr-gcc-staging/label/debian7-x86_64/gcc-build/avr/avr5/libgcc/../../../../gcc/libgcc/config/avr/lib1funcs.S:2018
    7468:	0e 94 4c 3a 	call	0x7498	; 0x7498 <__udivmod64>
/home/jenkins/workspace/avr-gcc-staging/label/debian7-x86_64/gcc-build/avr/avr5/libgcc/../../../../gcc/libgcc/config/avr/lib1funcs.S:2025
    746c:	07 fc       	sbrc	r0, 7
/home/jenkins/workspace/avr-gcc-staging/label/debian7-x86_64/gcc-build/avr/avr5/libgcc/../../../../gcc/libgcc/config/avr/lib1funcs.S:2027
    746e:	0e 94 9d 3a 	call	0x753a	; 0x753a <__negdi2>
/home/jenkins/workspace/avr-gcc-staging/label/debian7-x86_64/gcc-build/avr/avr5/libgcc/../../../../gcc/libgcc/config/avr/lib1funcs.S:2030
    7472:	cd b7       	in	r28, 0x3d	; 61
    7474:	de b7       	in	r29, 0x3e	; 62
    7476:	ec e0       	ldi	r30, 0x0C	; 12
    7478:	0c 94 fe 36 	jmp	0x6dfc	; 0x6dfc <__epilogue_restores__+0xc>

0000747c <__umoddi3>:
__umoddi3():
/home/jenkins/workspace/avr-gcc-staging/label/debian7-x86_64/gcc-build/avr/avr5/libgcc/../../../../gcc/libgcc/config/avr/lib1funcs.S:1806
    747c:	68 94       	set
/home/jenkins/workspace/avr-gcc-staging/label/debian7-x86_64/gcc-build/avr/avr5/libgcc/../../../../gcc/libgcc/config/avr/lib1funcs.S:1807
    747e:	01 c0       	rjmp	.+2      	; 0x7482 <__udivdi3_umoddi3>

00007480 <__udivdi3>:
__udivdi3():
/home/jenkins/workspace/avr-gcc-staging/label/debian7-x86_64/gcc-build/avr/avr5/libgcc/../../../../gcc/libgcc/config/avr/lib1funcs.S:1814
    7480:	e8 94       	clt

00007482 <__udivdi3_umoddi3>:
__udivdi3_umoddi3():
/home/jenkins/workspace/avr-gcc-staging/label/debian7-x86_64/gcc-build/avr/avr5/libgcc/../../../../gcc/libgcc/config/avr/lib1funcs.S:1818
    7482:	8f 92       	push	r8
/home/jenkins/workspace/avr-gcc-staging/label/debian7-x86_64/gcc-build/avr/avr5/libgcc/../../../../gcc/libgcc/config/avr/lib1funcs.S:1819
    7484:	9f 92       	push	r9
/home/jenkins/workspace/avr-gcc-staging/label/debian7-x86_64/gcc-build/avr/avr5/libgcc/../../../../gcc/libgcc/config/avr/lib1funcs.S:1820
    7486:	cf 93       	push	r28
/home/jenkins/workspace/avr-gcc-staging/label/debian7-x86_64/gcc-build/avr/avr5/libgcc/../../../../gcc/libgcc/config/avr/lib1funcs.S:1821
    7488:	df 93       	push	r29
/home/jenkins/workspace/avr-gcc-staging/label/debian7-x86_64/gcc-build/avr/avr5/libgcc/../../../../gcc/libgcc/config/avr/lib1funcs.S:1822
    748a:	0e 94 4c 3a 	call	0x7498	; 0x7498 <__udivmod64>
/home/jenkins/workspace/avr-gcc-staging/label/debian7-x86_64/gcc-build/avr/avr5/libgcc/../../../../gcc/libgcc/config/avr/lib1funcs.S:1823
    748e:	df 91       	pop	r29
/home/jenkins/workspace/avr-gcc-staging/label/debian7-x86_64/gcc-build/avr/avr5/libgcc/../../../../gcc/libgcc/config/avr/lib1funcs.S:1824
    7490:	cf 91       	pop	r28
/home/jenkins/workspace/avr-gcc-staging/label/debian7-x86_64/gcc-build/avr/avr5/libgcc/../../../../gcc/libgcc/config/avr/lib1funcs.S:1825
    7492:	9f 90       	pop	r9
/home/jenkins/workspace/avr-gcc-staging/label/debian7-x86_64/gcc-build/avr/avr5/libgcc/../../../../gcc/libgcc/config/avr/lib1funcs.S:1826
    7494:	8f 90       	pop	r8
/home/jenkins/workspace/avr-gcc-staging/label/debian7-x86_64/gcc-build/avr/avr5/libgcc/../../../../gcc/libgcc/config/avr/lib1funcs.S:1827
    7496:	08 95       	ret

00007498 <__udivmod64>:
__udivmod64():
/home/jenkins/workspace/avr-gcc-staging/label/debian7-x86_64/gcc-build/avr/avr5/libgcc/../../../../gcc/libgcc/config/avr/lib1funcs.S:1842
    7498:	88 24       	eor	r8, r8
/home/jenkins/workspace/avr-gcc-staging/label/debian7-x86_64/gcc-build/avr/avr5/libgcc/../../../../gcc/libgcc/config/avr/lib1funcs.S:1843
    749a:	99 24       	eor	r9, r9
/home/jenkins/workspace/avr-gcc-staging/label/debian7-x86_64/gcc-build/avr/avr5/libgcc/../../../../gcc/libgcc/config/avr/lib1funcs.S:1844
    749c:	f4 01       	movw	r30, r8
/home/jenkins/workspace/avr-gcc-staging/label/debian7-x86_64/gcc-build/avr/avr5/libgcc/../../../../gcc/libgcc/config/avr/lib1funcs.S:1845
    749e:	e4 01       	movw	r28, r8
/home/jenkins/workspace/avr-gcc-staging/label/debian7-x86_64/gcc-build/avr/avr5/libgcc/../../../../gcc/libgcc/config/avr/lib1funcs.S:1846
    74a0:	b0 e4       	ldi	r27, 0x40	; 64
/home/jenkins/workspace/avr-gcc-staging/label/debian7-x86_64/gcc-build/avr/avr5/libgcc/../../../../gcc/libgcc/config/avr/lib1funcs.S:1856
    74a2:	9f 93       	push	r25
/home/jenkins/workspace/avr-gcc-staging/label/debian7-x86_64/gcc-build/avr/avr5/libgcc/../../../../gcc/libgcc/config/avr/lib1funcs.S:1857
    74a4:	aa 27       	eor	r26, r26
/home/jenkins/workspace/avr-gcc-staging/label/debian7-x86_64/gcc-build/avr/avr5/libgcc/../../../../gcc/libgcc/config/avr/lib1funcs.S:1861
    74a6:	9a 15       	cp	r25, r10
    74a8:	8b 04       	cpc	r8, r11
    74aa:	9c 04       	cpc	r9, r12
    74ac:	ed 05       	cpc	r30, r13
/home/jenkins/workspace/avr-gcc-staging/label/debian7-x86_64/gcc-build/avr/avr5/libgcc/../../../../gcc/libgcc/config/avr/lib1funcs.S:1862
    74ae:	fe 05       	cpc	r31, r14
    74b0:	cf 05       	cpc	r28, r15
    74b2:	d0 07       	cpc	r29, r16
    74b4:	a1 07       	cpc	r26, r17
/home/jenkins/workspace/avr-gcc-staging/label/debian7-x86_64/gcc-build/avr/avr5/libgcc/../../../../gcc/libgcc/config/avr/lib1funcs.S:1863
    74b6:	98 f4       	brcc	.+38     	; 0x74de <__udivmod64+0x46>
/home/jenkins/workspace/avr-gcc-staging/label/debian7-x86_64/gcc-build/avr/avr5/libgcc/../../../../gcc/libgcc/config/avr/lib1funcs.S:1866
    74b8:	ad 2f       	mov	r26, r29
    74ba:	dc 2f       	mov	r29, r28
    74bc:	cf 2f       	mov	r28, r31
/home/jenkins/workspace/avr-gcc-staging/label/debian7-x86_64/gcc-build/avr/avr5/libgcc/../../../../gcc/libgcc/config/avr/lib1funcs.S:1867
    74be:	fe 2f       	mov	r31, r30
    74c0:	e9 2d       	mov	r30, r9
    74c2:	98 2c       	mov	r9, r8
    74c4:	89 2e       	mov	r8, r25
/home/jenkins/workspace/avr-gcc-staging/label/debian7-x86_64/gcc-build/avr/avr5/libgcc/../../../../gcc/libgcc/config/avr/lib1funcs.S:1868
    74c6:	98 2f       	mov	r25, r24
    74c8:	87 2f       	mov	r24, r23
    74ca:	76 2f       	mov	r23, r22
    74cc:	65 2f       	mov	r22, r21
/home/jenkins/workspace/avr-gcc-staging/label/debian7-x86_64/gcc-build/avr/avr5/libgcc/../../../../gcc/libgcc/config/avr/lib1funcs.S:1869
    74ce:	54 2f       	mov	r21, r20
    74d0:	43 2f       	mov	r20, r19
    74d2:	32 2f       	mov	r19, r18
    74d4:	22 27       	eor	r18, r18
/home/jenkins/workspace/avr-gcc-staging/label/debian7-x86_64/gcc-build/avr/avr5/libgcc/../../../../gcc/libgcc/config/avr/lib1funcs.S:1872
    74d6:	b8 50       	subi	r27, 0x08	; 8
/home/jenkins/workspace/avr-gcc-staging/label/debian7-x86_64/gcc-build/avr/avr5/libgcc/../../../../gcc/libgcc/config/avr/lib1funcs.S:1873
    74d8:	31 f7       	brne	.-52     	; 0x74a6 <__udivmod64+0xe>
/home/jenkins/workspace/avr-gcc-staging/label/debian7-x86_64/gcc-build/avr/avr5/libgcc/../../../../gcc/libgcc/config/avr/lib1funcs.S:1876
    74da:	bf 91       	pop	r27
/home/jenkins/workspace/avr-gcc-staging/label/debian7-x86_64/gcc-build/avr/avr5/libgcc/../../../../gcc/libgcc/config/avr/lib1funcs.S:1881
    74dc:	27 c0       	rjmp	.+78     	; 0x752c <__udivmod64+0x94>
/home/jenkins/workspace/avr-gcc-staging/label/debian7-x86_64/gcc-build/avr/avr5/libgcc/../../../../gcc/libgcc/config/avr/lib1funcs.S:1884
    74de:	1b 2e       	mov	r1, r27
/home/jenkins/workspace/avr-gcc-staging/label/debian7-x86_64/gcc-build/avr/avr5/libgcc/../../../../gcc/libgcc/config/avr/lib1funcs.S:1887
    74e0:	bf 91       	pop	r27
/home/jenkins/workspace/avr-gcc-staging/label/debian7-x86_64/gcc-build/avr/avr5/libgcc/../../../../gcc/libgcc/config/avr/lib1funcs.S:1888
    74e2:	bb 27       	eor	r27, r27
/home/jenkins/workspace/avr-gcc-staging/label/debian7-x86_64/gcc-build/avr/avr5/libgcc/../../../../gcc/libgcc/config/avr/lib1funcs.S:1916
    74e4:	22 0f       	add	r18, r18
    74e6:	33 1f       	adc	r19, r19
    74e8:	44 1f       	adc	r20, r20
    74ea:	55 1f       	adc	r21, r21
/home/jenkins/workspace/avr-gcc-staging/label/debian7-x86_64/gcc-build/avr/avr5/libgcc/../../../../gcc/libgcc/config/avr/lib1funcs.S:1917
    74ec:	66 1f       	adc	r22, r22
    74ee:	77 1f       	adc	r23, r23
    74f0:	88 1f       	adc	r24, r24
    74f2:	99 1f       	adc	r25, r25
/home/jenkins/workspace/avr-gcc-staging/label/debian7-x86_64/gcc-build/avr/avr5/libgcc/../../../../gcc/libgcc/config/avr/lib1funcs.S:1920
    74f4:	88 1c       	adc	r8, r8
    74f6:	99 1c       	adc	r9, r9
    74f8:	ee 1f       	adc	r30, r30
    74fa:	ff 1f       	adc	r31, r31
/home/jenkins/workspace/avr-gcc-staging/label/debian7-x86_64/gcc-build/avr/avr5/libgcc/../../../../gcc/libgcc/config/avr/lib1funcs.S:1921
    74fc:	cc 1f       	adc	r28, r28
    74fe:	dd 1f       	adc	r29, r29
    7500:	aa 1f       	adc	r26, r26
    7502:	bb 1f       	adc	r27, r27
/home/jenkins/workspace/avr-gcc-staging/label/debian7-x86_64/gcc-build/avr/avr5/libgcc/../../../../gcc/libgcc/config/avr/lib1funcs.S:1924
    7504:	8a 14       	cp	r8, r10
    7506:	9b 04       	cpc	r9, r11
    7508:	ec 05       	cpc	r30, r12
    750a:	fd 05       	cpc	r31, r13
/home/jenkins/workspace/avr-gcc-staging/label/debian7-x86_64/gcc-build/avr/avr5/libgcc/../../../../gcc/libgcc/config/avr/lib1funcs.S:1925
    750c:	ce 05       	cpc	r28, r14
    750e:	df 05       	cpc	r29, r15
    7510:	a0 07       	cpc	r26, r16
    7512:	b1 07       	cpc	r27, r17
/home/jenkins/workspace/avr-gcc-staging/label/debian7-x86_64/gcc-build/avr/avr5/libgcc/../../../../gcc/libgcc/config/avr/lib1funcs.S:1927
    7514:	48 f0       	brcs	.+18     	; 0x7528 <__udivmod64+0x90>
/home/jenkins/workspace/avr-gcc-staging/label/debian7-x86_64/gcc-build/avr/avr5/libgcc/../../../../gcc/libgcc/config/avr/lib1funcs.S:1930
    7516:	8a 18       	sub	r8, r10
    7518:	9b 08       	sbc	r9, r11
    751a:	ec 09       	sbc	r30, r12
    751c:	fd 09       	sbc	r31, r13
/home/jenkins/workspace/avr-gcc-staging/label/debian7-x86_64/gcc-build/avr/avr5/libgcc/../../../../gcc/libgcc/config/avr/lib1funcs.S:1931
    751e:	ce 09       	sbc	r28, r14
    7520:	df 09       	sbc	r29, r15
    7522:	a0 0b       	sbc	r26, r16
    7524:	b1 0b       	sbc	r27, r17
/home/jenkins/workspace/avr-gcc-staging/label/debian7-x86_64/gcc-build/avr/avr5/libgcc/../../../../gcc/libgcc/config/avr/lib1funcs.S:1935
    7526:	21 60       	ori	r18, 0x01	; 1
/home/jenkins/workspace/avr-gcc-staging/label/debian7-x86_64/gcc-build/avr/avr5/libgcc/../../../../gcc/libgcc/config/avr/lib1funcs.S:1938
    7528:	1a 94       	dec	r1
/home/jenkins/workspace/avr-gcc-staging/label/debian7-x86_64/gcc-build/avr/avr5/libgcc/../../../../gcc/libgcc/config/avr/lib1funcs.S:1939
    752a:	e1 f6       	brne	.-72     	; 0x74e4 <__udivmod64+0x4c>
/home/jenkins/workspace/avr-gcc-staging/label/debian7-x86_64/gcc-build/avr/avr5/libgcc/../../../../gcc/libgcc/config/avr/lib1funcs.S:1944
    752c:	2e f4       	brtc	.+10     	; 0x7538 <__udivmod64+0xa0>
/home/jenkins/workspace/avr-gcc-staging/label/debian7-x86_64/gcc-build/avr/avr5/libgcc/../../../../gcc/libgcc/config/avr/lib1funcs.S:1945
    752e:	94 01       	movw	r18, r8
/home/jenkins/workspace/avr-gcc-staging/label/debian7-x86_64/gcc-build/avr/avr5/libgcc/../../../../gcc/libgcc/config/avr/lib1funcs.S:1946
    7530:	af 01       	movw	r20, r30
/home/jenkins/workspace/avr-gcc-staging/label/debian7-x86_64/gcc-build/avr/avr5/libgcc/../../../../gcc/libgcc/config/avr/lib1funcs.S:1947
    7532:	be 01       	movw	r22, r28
/home/jenkins/workspace/avr-gcc-staging/label/debian7-x86_64/gcc-build/avr/avr5/libgcc/../../../../gcc/libgcc/config/avr/lib1funcs.S:1948
    7534:	cd 01       	movw	r24, r26
/home/jenkins/workspace/avr-gcc-staging/label/debian7-x86_64/gcc-build/avr/avr5/libgcc/../../../../gcc/libgcc/config/avr/lib1funcs.S:1950
    7536:	00 0c       	add	r0, r0
/home/jenkins/workspace/avr-gcc-staging/label/debian7-x86_64/gcc-build/avr/avr5/libgcc/../../../../gcc/libgcc/config/avr/lib1funcs.S:1952
    7538:	08 95       	ret

0000753a <__negdi2>:
__negdi2():
/home/jenkins/workspace/avr-gcc-staging/label/debian7-x86_64/gcc-build/avr/avr5/libgcc/../../../../gcc/libgcc/config/avr/lib1funcs.S:2117
    753a:	60 95       	com	r22
    753c:	70 95       	com	r23
    753e:	80 95       	com	r24
    7540:	90 95       	com	r25
/home/jenkins/workspace/avr-gcc-staging/label/debian7-x86_64/gcc-build/avr/avr5/libgcc/../../../../gcc/libgcc/config/avr/lib1funcs.S:2118
    7542:	30 95       	com	r19
    7544:	40 95       	com	r20
    7546:	50 95       	com	r21
/home/jenkins/workspace/avr-gcc-staging/label/debian7-x86_64/gcc-build/avr/avr5/libgcc/../../../../gcc/libgcc/config/avr/lib1funcs.S:2119
    7548:	21 95       	neg	r18
/home/jenkins/workspace/avr-gcc-staging/label/debian7-x86_64/gcc-build/avr/avr5/libgcc/../../../../gcc/libgcc/config/avr/lib1funcs.S:2120
    754a:	3f 4f       	sbci	r19, 0xFF	; 255
    754c:	4f 4f       	sbci	r20, 0xFF	; 255
    754e:	5f 4f       	sbci	r21, 0xFF	; 255
/home/jenkins/workspace/avr-gcc-staging/label/debian7-x86_64/gcc-build/avr/avr5/libgcc/../../../../gcc/libgcc/config/avr/lib1funcs.S:2121
    7550:	6f 4f       	sbci	r22, 0xFF	; 255
    7552:	7f 4f       	sbci	r23, 0xFF	; 255
    7554:	8f 4f       	sbci	r24, 0xFF	; 255
    7556:	9f 4f       	sbci	r25, 0xFF	; 255
/home/jenkins/workspace/avr-gcc-staging/label/debian7-x86_64/gcc-build/avr/avr5/libgcc/../../../../gcc/libgcc/config/avr/lib1funcs.S:2122
    7558:	08 95       	ret

0000755a <__ashldi3>:
__ashldi3():
/home/jenkins/workspace/avr-gcc-staging/label/debian7-x86_64/gcc-build/avr/avr5/libgcc/../../../../gcc/libgcc/config/avr/lib1funcs.S:3169
    755a:	00 2e       	mov	r0, r16
/home/jenkins/workspace/avr-gcc-staging/label/debian7-x86_64/gcc-build/avr/avr5/libgcc/../../../../gcc/libgcc/config/avr/lib1funcs.S:3170
    755c:	08 30       	cpi	r16, 0x08	; 8
/home/jenkins/workspace/avr-gcc-staging/label/debian7-x86_64/gcc-build/avr/avr5/libgcc/../../../../gcc/libgcc/config/avr/lib1funcs.S:3171
    755e:	90 f0       	brcs	.+36     	; 0x7584 <__ashldi3+0x2a>
/home/jenkins/workspace/avr-gcc-staging/label/debian7-x86_64/gcc-build/avr/avr5/libgcc/../../../../gcc/libgcc/config/avr/lib1funcs.S:3172
    7560:	98 2f       	mov	r25, r24
/home/jenkins/workspace/avr-gcc-staging/label/debian7-x86_64/gcc-build/avr/avr5/libgcc/../../../../gcc/libgcc/config/avr/lib1funcs.S:3173
    7562:	87 2f       	mov	r24, r23
/home/jenkins/workspace/avr-gcc-staging/label/debian7-x86_64/gcc-build/avr/avr5/libgcc/../../../../gcc/libgcc/config/avr/lib1funcs.S:3174
    7564:	76 2f       	mov	r23, r22
/home/jenkins/workspace/avr-gcc-staging/label/debian7-x86_64/gcc-build/avr/avr5/libgcc/../../../../gcc/libgcc/config/avr/lib1funcs.S:3175
    7566:	65 2f       	mov	r22, r21
/home/jenkins/workspace/avr-gcc-staging/label/debian7-x86_64/gcc-build/avr/avr5/libgcc/../../../../gcc/libgcc/config/avr/lib1funcs.S:3176
    7568:	54 2f       	mov	r21, r20
/home/jenkins/workspace/avr-gcc-staging/label/debian7-x86_64/gcc-build/avr/avr5/libgcc/../../../../gcc/libgcc/config/avr/lib1funcs.S:3177
    756a:	43 2f       	mov	r20, r19
/home/jenkins/workspace/avr-gcc-staging/label/debian7-x86_64/gcc-build/avr/avr5/libgcc/../../../../gcc/libgcc/config/avr/lib1funcs.S:3178
    756c:	32 2f       	mov	r19, r18
/home/jenkins/workspace/avr-gcc-staging/label/debian7-x86_64/gcc-build/avr/avr5/libgcc/../../../../gcc/libgcc/config/avr/lib1funcs.S:3179
    756e:	22 27       	eor	r18, r18
/home/jenkins/workspace/avr-gcc-staging/label/debian7-x86_64/gcc-build/avr/avr5/libgcc/../../../../gcc/libgcc/config/avr/lib1funcs.S:3180
    7570:	08 50       	subi	r16, 0x08	; 8
/home/jenkins/workspace/avr-gcc-staging/label/debian7-x86_64/gcc-build/avr/avr5/libgcc/../../../../gcc/libgcc/config/avr/lib1funcs.S:3181
    7572:	f4 cf       	rjmp	.-24     	; 0x755c <__ashldi3+0x2>
/home/jenkins/workspace/avr-gcc-staging/label/debian7-x86_64/gcc-build/avr/avr5/libgcc/../../../../gcc/libgcc/config/avr/lib1funcs.S:3182
    7574:	22 0f       	add	r18, r18
/home/jenkins/workspace/avr-gcc-staging/label/debian7-x86_64/gcc-build/avr/avr5/libgcc/../../../../gcc/libgcc/config/avr/lib1funcs.S:3183
    7576:	33 1f       	adc	r19, r19
/home/jenkins/workspace/avr-gcc-staging/label/debian7-x86_64/gcc-build/avr/avr5/libgcc/../../../../gcc/libgcc/config/avr/lib1funcs.S:3184
    7578:	44 1f       	adc	r20, r20
/home/jenkins/workspace/avr-gcc-staging/label/debian7-x86_64/gcc-build/avr/avr5/libgcc/../../../../gcc/libgcc/config/avr/lib1funcs.S:3185
    757a:	55 1f       	adc	r21, r21
/home/jenkins/workspace/avr-gcc-staging/label/debian7-x86_64/gcc-build/avr/avr5/libgcc/../../../../gcc/libgcc/config/avr/lib1funcs.S:3186
    757c:	66 1f       	adc	r22, r22
/home/jenkins/workspace/avr-gcc-staging/label/debian7-x86_64/gcc-build/avr/avr5/libgcc/../../../../gcc/libgcc/config/avr/lib1funcs.S:3187
    757e:	77 1f       	adc	r23, r23
/home/jenkins/workspace/avr-gcc-staging/label/debian7-x86_64/gcc-build/avr/avr5/libgcc/../../../../gcc/libgcc/config/avr/lib1funcs.S:3188
    7580:	88 1f       	adc	r24, r24
/home/jenkins/workspace/avr-gcc-staging/label/debian7-x86_64/gcc-build/avr/avr5/libgcc/../../../../gcc/libgcc/config/avr/lib1funcs.S:3189
    7582:	99 1f       	adc	r25, r25
/home/jenkins/workspace/avr-gcc-staging/label/debian7-x86_64/gcc-build/avr/avr5/libgcc/../../../../gcc/libgcc/config/avr/lib1funcs.S:3190
    7584:	0a 95       	dec	r16
/home/jenkins/workspace/avr-gcc-staging/label/debian7-x86_64/gcc-build/avr/avr5/libgcc/../../../../gcc/libgcc/config/avr/lib1funcs.S:3191
    7586:	b2 f7       	brpl	.-20     	; 0x7574 <__ashldi3+0x1a>
/home/jenkins/workspace/avr-gcc-staging/label/debian7-x86_64/gcc-build/avr/avr5/libgcc/../../../../gcc/libgcc/config/avr/lib1funcs.S:3192
    7588:	00 2d       	mov	r16, r0
/home/jenkins/workspace/avr-gcc-staging/label/debian7-x86_64/gcc-build/avr/avr5/libgcc/../../../../gcc/libgcc/config/avr/lib1funcs.S:3193
    758a:	08 95       	ret

0000758c <strcpy>:
strcpy():
    758c:	fb 01       	movw	r30, r22
    758e:	dc 01       	movw	r26, r24
    7590:	01 90       	ld	r0, Z+
    7592:	0d 92       	st	X+, r0
    7594:	00 20       	and	r0, r0
    7596:	e1 f7       	brne	.-8      	; 0x7590 <strcpy+0x4>
    7598:	08 95       	ret

0000759a <strncpy>:
strncpy():
    759a:	fb 01       	movw	r30, r22
    759c:	dc 01       	movw	r26, r24
    759e:	41 50       	subi	r20, 0x01	; 1
    75a0:	50 40       	sbci	r21, 0x00	; 0
    75a2:	48 f0       	brcs	.+18     	; 0x75b6 <strncpy+0x1c>
    75a4:	01 90       	ld	r0, Z+
    75a6:	0d 92       	st	X+, r0
    75a8:	00 20       	and	r0, r0
    75aa:	c9 f7       	brne	.-14     	; 0x759e <strncpy+0x4>
    75ac:	01 c0       	rjmp	.+2      	; 0x75b0 <strncpy+0x16>
    75ae:	1d 92       	st	X+, r1
    75b0:	41 50       	subi	r20, 0x01	; 1
    75b2:	50 40       	sbci	r21, 0x00	; 0
    75b4:	e0 f7       	brcc	.-8      	; 0x75ae <strncpy+0x14>
    75b6:	08 95       	ret

000075b8 <sprintf>:
sprintf():
    75b8:	ae e0       	ldi	r26, 0x0E	; 14
    75ba:	b0 e0       	ldi	r27, 0x00	; 0
    75bc:	e2 ee       	ldi	r30, 0xE2	; 226
    75be:	fa e3       	ldi	r31, 0x3A	; 58
    75c0:	0c 94 ea 36 	jmp	0x6dd4	; 0x6dd4 <__prologue_saves__+0x1c>
    75c4:	0d 89       	ldd	r16, Y+21	; 0x15
    75c6:	1e 89       	ldd	r17, Y+22	; 0x16
    75c8:	86 e0       	ldi	r24, 0x06	; 6
    75ca:	8c 83       	std	Y+4, r24	; 0x04
    75cc:	1a 83       	std	Y+2, r17	; 0x02
    75ce:	09 83       	std	Y+1, r16	; 0x01
    75d0:	8f ef       	ldi	r24, 0xFF	; 255
    75d2:	9f e7       	ldi	r25, 0x7F	; 127
    75d4:	9e 83       	std	Y+6, r25	; 0x06
    75d6:	8d 83       	std	Y+5, r24	; 0x05
    75d8:	ae 01       	movw	r20, r28
    75da:	47 5e       	subi	r20, 0xE7	; 231
    75dc:	5f 4f       	sbci	r21, 0xFF	; 255
    75de:	6f 89       	ldd	r22, Y+23	; 0x17
    75e0:	78 8d       	ldd	r23, Y+24	; 0x18
    75e2:	ce 01       	movw	r24, r28
    75e4:	01 96       	adiw	r24, 0x01	; 1
    75e6:	0e 94 2e 34 	call	0x685c	; 0x685c <vfprintf>
    75ea:	2f 81       	ldd	r18, Y+7	; 0x07
    75ec:	38 85       	ldd	r19, Y+8	; 0x08
    75ee:	02 0f       	add	r16, r18
    75f0:	13 1f       	adc	r17, r19
    75f2:	f8 01       	movw	r30, r16
    75f4:	10 82       	st	Z, r1
    75f6:	2e 96       	adiw	r28, 0x0e	; 14
    75f8:	e4 e0       	ldi	r30, 0x04	; 4
    75fa:	0c 94 06 37 	jmp	0x6e0c	; 0x6e0c <__epilogue_restores__+0x1c>

000075fe <__do_global_dtors>:
__do_global_dtors():
/home/jenkins/workspace/avr-gcc-staging/label/debian7-x86_64/gcc-build/avr/avr5/libgcc/../../../../gcc/libgcc/config/avr/lib1funcs.S:2496
    75fe:	11 e0       	ldi	r17, 0x01	; 1
/home/jenkins/workspace/avr-gcc-staging/label/debian7-x86_64/gcc-build/avr/avr5/libgcc/../../../../gcc/libgcc/config/avr/lib1funcs.S:2497
    7600:	cc e7       	ldi	r28, 0x7C	; 124
/home/jenkins/workspace/avr-gcc-staging/label/debian7-x86_64/gcc-build/avr/avr5/libgcc/../../../../gcc/libgcc/config/avr/lib1funcs.S:2498
    7602:	d1 e0       	ldi	r29, 0x01	; 1
/home/jenkins/workspace/avr-gcc-staging/label/debian7-x86_64/gcc-build/avr/avr5/libgcc/../../../../gcc/libgcc/config/avr/lib1funcs.S:2502
    7604:	04 c0       	rjmp	.+8      	; 0x760e <__do_global_dtors+0x10>
/home/jenkins/workspace/avr-gcc-staging/label/debian7-x86_64/gcc-build/avr/avr5/libgcc/../../../../gcc/libgcc/config/avr/lib1funcs.S:2508
    7606:	fe 01       	movw	r30, r28
/home/jenkins/workspace/avr-gcc-staging/label/debian7-x86_64/gcc-build/avr/avr5/libgcc/../../../../gcc/libgcc/config/avr/lib1funcs.S:2509
    7608:	0e 94 d6 39 	call	0x73ac	; 0x73ac <__tablejump2__>
/home/jenkins/workspace/avr-gcc-staging/label/debian7-x86_64/gcc-build/avr/avr5/libgcc/../../../../gcc/libgcc/config/avr/lib1funcs.S:2510
    760c:	21 96       	adiw	r28, 0x01	; 1
/home/jenkins/workspace/avr-gcc-staging/label/debian7-x86_64/gcc-build/avr/avr5/libgcc/../../../../gcc/libgcc/config/avr/lib1funcs.S:2515
    760e:	cd 37       	cpi	r28, 0x7D	; 125
/home/jenkins/workspace/avr-gcc-staging/label/debian7-x86_64/gcc-build/avr/avr5/libgcc/../../../../gcc/libgcc/config/avr/lib1funcs.S:2516
    7610:	d1 07       	cpc	r29, r17
/home/jenkins/workspace/avr-gcc-staging/label/debian7-x86_64/gcc-build/avr/avr5/libgcc/../../../../gcc/libgcc/config/avr/lib1funcs.S:2521
    7612:	c9 f7       	brne	.-14     	; 0x7606 <__do_global_dtors+0x8>
/home/jenkins/workspace/avr-gcc-staging/label/debian7-x86_64/gcc-build/avr/avr5/libgcc/../../../../gcc/libgcc/config/avr/lib1funcs.S:2278
    7614:	f8 94       	cli

00007616 <__stop_program>:
__stop_program():
/home/jenkins/workspace/avr-gcc-staging/label/debian7-x86_64/gcc-build/avr/avr5/libgcc/../../../../gcc/libgcc/config/avr/lib1funcs.S:2280
    7616:	ff cf       	rjmp	.-2      	; 0x7616 <__stop_program>
